연도,주소,짧은주소,동,민원건수,위도,경도
2018,대구광역시 북구 검단동 1128-2,검단동 1128-2,검단동,2,35.9164659,128.6285908
2018,대구광역시 북구 검단동 1128-3,검단동 1128-3,검단동,9,35.9159543,128.6290472
2018,대구광역시 북구 검단동 1128-8,검단동 1128-8,검단동,1,35.915297,128.6291971
2018,대구광역시 북구 검단동 1164-2,검단동 1164-2,검단동,1,35.9139926,128.6273931
2018,대구광역시 북구 검단동 569-7,검단동 569-7,검단동,1,35.9118141,128.6120853
2018,대구광역시 북구 검단동 570-5,검단동 570-5,검단동,1,35.9119252,128.6123067
2018,대구광역시 북구 검단동 605-3,검단동 605-3,검단동,1,35.9100645,128.6164201
2018,대구광역시 북구 검단동 777-35,검단동 777-35,검단동,1,35.9124933,128.6241352
2018,대구광역시 북구 검단동 777-80,검단동 777-80,검단동,2,35.9107985,128.6248512
2018,대구광역시 북구 검단동 838-125,검단동 838-125,검단동,2,35.9092022,128.6207309
2018,대구광역시 북구 검단동 838-4,검단동 838-4,검단동,2,35.9096527,128.621445
2018,대구광역시 북구 검단동 838-5,검단동 838-5,검단동,1,35.9146111,128.6174574
2018,대구광역시 북구 검단동 838-95,검단동 838-95,검단동,1,35.9140671,128.6174877
2018,대구광역시 북구 검단동 887-34,검단동 887-34,검단동,1,35.9102547,128.6180111
2018,대구광역시 북구 검단동 887-77,검단동 887-77,검단동,1,35.9099768,128.6169955
2018,대구광역시 북구 검단동 887-79,검단동 887-79,검단동,1,35.9130166,128.6149027
2018,대구광역시 북구 검단동 931-2,검단동 931-2,검단동,2,35.9106247,128.6159009
2018,대구광역시 북구 검단동 936-2,검단동 936-2,검단동,2,35.9063853,128.619427
2018,대구광역시 북구 검단동 936-22,검단동 936-22,검단동,3,35.9059616,128.6195791
2018,대구광역시 북구 검단동 936-24,검단동 936-24,검단동,1,35.9062257,128.6197407
2018,대구광역시 북구 검단동 936-25,검단동 936-25,검단동,1,35.9061374,128.6198354
2018,대구광역시 북구 검단동 936-52,검단동 936-52,검단동,1,35.9073169,128.6183124
2018,대구광역시 북구 고성동1가 50-81,고성동1가 50-81,고성동,1,35.8790955,128.5881079
2018,대구광역시 북구 고성동1가 52-3,고성동1가 52-3,고성동,1,35.8791616,128.5875212
2018,대구광역시 북구 고성동1가 97-12,고성동1가 97-12,고성동,1,35.8783179,128.5857938
2018,대구광역시 북구 고성동1가 97-20,고성동1가 97-20,고성동,1,35.8782949,128.5856773
2018,대구광역시 북구 고성동1가 97-7,고성동1가 97-7,고성동,1,35.8783633,128.5859947
2018,대구광역시 북구 고성동2가 112-3,고성동2가 112-3,고성동,3,35.8804433,128.5818399
2018,대구광역시 북구 고성동2가 112-64,고성동2가 112-64,고성동,1,35.8799844,128.5817546
2018,대구광역시 북구 고성동2가 114-15,고성동2가 114-15,고성동,1,35.8808961,128.5811219
2018,대구광역시 북구 고성동2가 116-2,고성동2가 116-2,고성동,1,35.8811427,128.5810067
2018,대구광역시 북구 고성동2가 130,고성동2가 130,고성동,3,35.879977,128.5841457
2018,대구광역시 북구 고성동2가 50-4,고성동2가 50-4,고성동,1,35.8794375,128.5861049
2018,대구광역시 북구 고성동2가 52-2,고성동2가 52-2,고성동,1,35.8796681,128.5860719
2018,대구광역시 북구 고성동2가 79-4,고성동2가 79-4,고성동,1,35.8804865,128.5847048
2018,대구광역시 북구 고성동3가 102-15,고성동3가 102-15,고성동,1,35.8814722,128.582606
2018,대구광역시 북구 고성동3가 139-1,고성동3가 139-1,고성동,1,35.8822529,128.5813374
2018,대구광역시 북구 고성동3가 140-1,고성동3가 140-1,고성동,1,35.8818322,128.5812073
2018,대구광역시 북구 고성동3가 142,고성동3가 142,고성동,3,35.8815862,128.5811321
2018,대구광역시 북구 고성동3가 143,고성동3가 143,고성동,23,35.8824546,128.5826776
2018,대구광역시 북구 고성동3가 2,고성동3가 2,고성동,14,35.8816737,128.5874162
2018,대구광역시 북구 고성동3가 38-10,고성동3가 38-10,고성동,2,35.8844605,128.5839875
2018,대구광역시 북구 고성동3가 41-5,고성동3가 41-5,고성동,1,35.8841858,128.5834646
2018,대구광역시 북구 고성동3가 48-1,고성동3가 48-1,고성동,4,35.8839378,128.5835404
2018,대구광역시 북구 고성동3가 51-5,고성동3가 51-5,고성동,1,35.8840094,128.5833134
2018,대구광역시 북구 고성동3가 57,고성동3가 57,고성동,1,35.8835005,128.5831575
2018,대구광역시 북구 고성동3가 58-1,고성동3가 58-1,고성동,1,35.8836967,128.5829709
2018,대구광역시 북구 고성동3가 6-28,고성동3가 6-28,고성동,1,35.8816098,128.5830085
2018,대구광역시 북구 고성동3가 6-348,고성동3가 6-348,고성동,1,35.8806889,128.5848506
2018,대구광역시 북구 고성동3가 64-3,고성동3가 64-3,고성동,1,35.8832581,128.5831652
2018,대구광역시 북구 고성동3가 65-1,고성동3가 65-1,고성동,1,35.8831296,128.58317
2018,대구광역시 북구 고성동3가 7-2,고성동3가 7-2,고성동,1,35.8834517,128.5878384
2018,대구광역시 북구 고성동3가 74,고성동3가 74,고성동,1,35.8829479,128.5829203
2018,대구광역시 북구 고성동3가 75-5,고성동3가 75-5,고성동,1,35.882824,128.5828315
2018,대구광역시 북구 고성동3가 85,고성동3가 85,고성동,1,35.8826978,128.5825828
2018,대구광역시 북구 관음동 1084-30,관음동 1084-30,관음동,1,35.9379938,128.5413644
2018,대구광역시 북구 관음동 1230-3,관음동 1230-3,관음동,2,35.9430784,128.5422969
2018,대구광역시 북구 관음동 1230-6,관음동 1230-6,관음동,1,35.9423667,128.5418092
2018,대구광역시 북구 관음동 1231,관음동 1231,관음동,21,35.9444607,128.5429544
2018,대구광역시 북구 관음동 1232,관음동 1232,관음동,15,35.9459396,128.5467799
2018,대구광역시 북구 관음동 1233,관음동 1233,관음동,1,35.9462059,128.5453371
2018,대구광역시 북구 관음동 1233-12,관음동 1233-12,관음동,1,35.946396,128.5458326
2018,대구광역시 북구 관음동 1233-29,관음동 1233-29,관음동,3,35.9455754,128.5449093
2018,대구광역시 북구 관음동 1233-31,관음동 1233-31,관음동,3,35.9457241,128.5447652
2018,대구광역시 북구 관음동 1236,관음동 1236,관음동,4,35.9456788,128.5458296
2018,대구광역시 북구 관음동 1237,관음동 1237,관음동,2,35.9460133,128.546517
2018,대구광역시 북구 관음동 1237-1,관음동 1237-1,관음동,1,35.9459364,128.5465955
2018,대구광역시 북구 관음동 1237-21,관음동 1237-21,관음동,1,35.9459031,128.5463478
2018,대구광역시 북구 관음동 1237-7,관음동 1237-7,관음동,1,35.9454657,128.5470541
2018,대구광역시 북구 관음동 1237-8,관음동 1237-8,관음동,1,35.9453868,128.5471309
2018,대구광역시 북구 관음동 1237-9,관음동 1237-9,관음동,1,35.9453078,128.5472077
2018,대구광역시 북구 관음동 1241-14,관음동 1241-14,관음동,1,35.9450792,128.5468142
2018,대구광역시 북구 관음동 1242,관음동 1242,관음동,16,35.9451769,128.5450673
2018,대구광역시 북구 관음동 1243-1,관음동 1243-1,관음동,1,35.9455201,128.5445406
2018,대구광역시 북구 관음동 1271-8,관음동 1271-8,관음동,1,35.9419052,128.5433529
2018,대구광역시 북구 관음동 1271-9,관음동 1271-9,관음동,1,35.9419411,128.5432313
2018,대구광역시 북구 관음동 1272,관음동 1272,관음동,2,35.9418922,128.5437215
2018,대구광역시 북구 관음동 1273-10,관음동 1273-10,관음동,1,35.9417444,128.5439082
2018,대구광역시 북구 관음동 1274,관음동 1274,관음동,23,35.9433157,128.5450643
2018,대구광역시 북구 관음동 1275-11,관음동 1275-11,관음동,1,35.9446944,128.5464504
2018,대구광역시 북구 관음동 1280,관음동 1280,관음동,1,35.9438681,128.5462805
2018,대구광역시 북구 관음동 1284-9,관음동 1284-9,관음동,3,35.9449181,128.5474255
2018,대구광역시 북구 관음동 1285,관음동 1285,관음동,1,35.944136,128.5472723
2018,대구광역시 북구 관음동 1287,관음동 1287,관음동,39,35.944158,128.547499
2018,대구광역시 북구 관음동 1288,관음동 1288,관음동,2,35.9432418,128.5472355
2018,대구광역시 북구 관음동 1289,관음동 1289,관음동,2,35.9422653,128.547383
2018,대구광역시 북구 관음동 1294-11,관음동 1294-11,관음동,2,35.9417424,128.546751
2018,대구광역시 북구 관음동 1294-19,관음동 1294-19,관음동,1,35.942599,128.5468145
2018,대구광역시 북구 관음동 1294-20,관음동 1294-20,관음동,1,35.9427046,128.5468232
2018,대구광역시 북구 관음동 1302,관음동 1302,관음동,3,35.9416563,128.5436637
2018,대구광역시 북구 관음동 1313-19,관음동 1313-19,관음동,1,35.9396036,128.5427274
2018,대구광역시 북구 관음동 1320,관음동 1320,관음동,4,35.9390854,128.5431504
2018,대구광역시 북구 관음동 1321,관음동 1321,관음동,10,35.9377951,128.5423664
2018,대구광역시 북구 관음동 1322,관음동 1322,관음동,2,35.9381848,128.5429619
2018,대구광역시 북구 관음동 1326,관음동 1326,관음동,2,35.9382145,128.5436455
2018,대구광역시 북구 관음동 1328,관음동 1328,관음동,21,35.939064,128.5444115
2018,대구광역시 북구 관음동 1338-5,관음동 1338-5,관음동,2,35.9405899,128.5456493
2018,대구광역시 북구 관음동 1339,관음동 1339,관음동,10,35.9401028,128.5457803
2018,대구광역시 북구 관음동 1340,관음동 1340,관음동,4,35.9408812,128.5465686
2018,대구광역시 북구 관음동 1340-1,관음동 1340-1,관음동,3,35.9400982,128.5465173
2018,대구광역시 북구 관음동 1340-2,관음동 1340-2,관음동,5,35.9396777,128.5464909
2018,대구광역시 북구 관음동 1340-36,관음동 1340-36,관음동,1,35.9390765,128.5466577
2018,대구광역시 북구 관음동 1342,관음동 1342,관음동,1,35.9389702,128.545826
2018,대구광역시 북구 관음동 1343-16,관음동 1343-16,관음동,5,35.9387085,128.5447195
2018,대구광역시 북구 관음동 1343-17,관음동 1343-17,관음동,3,35.9386857,128.5445625
2018,대구광역시 북구 관음동 1344,관음동 1344,관음동,1,35.9387446,128.5456825
2018,대구광역시 북구 관음동 1346,관음동 1346,관음동,18,35.9385487,128.5457842
2018,대구광역시 북구 관음동 1347,관음동 1347,관음동,2,35.938483,128.5445131
2018,대구광역시 북구 관음동 1347-1,관음동 1347-1,관음동,4,35.9384908,128.5446139
2018,대구광역시 북구 관음동 1357,관음동 1357,관음동,3,35.937403,128.5452424
2018,대구광역시 북구 관음동 1360-1,관음동 1360-1,관음동,1,35.9372983,128.5446682
2018,대구광역시 북구 관음동 1366,관음동 1366,관음동,16,35.9366564,128.5442914
2018,대구광역시 북구 관음동 1368,관음동 1368,관음동,33,35.9365976,128.541312
2018,대구광역시 북구 관음동 1369-1,관음동 1369-1,관음동,3,35.9347688,128.5399859
2018,대구광역시 북구 관음동 1369-2,관음동 1369-2,관음동,3,35.9350417,128.5407269
2018,대구광역시 북구 관음동 1370,관음동 1370,관음동,14,35.9354907,128.5431289
2018,대구광역시 북구 관음동 1371,관음동 1371,관음동,1,35.9352654,128.5444023
2018,대구광역시 북구 관음동 1372,관음동 1372,관음동,5,35.9352381,128.5462198
2018,대구광역시 북구 관음동 1372-1,관음동 1372-1,관음동,5,35.933709,128.5468818
2018,대구광역시 북구 관음동 1372-2,관음동 1372-2,관음동,30,35.9334225,128.5473968
2018,대구광역시 북구 관음동 1375,관음동 1375,관음동,9,35.9335095,128.5460764
2018,대구광역시 북구 관음동 1376,관음동 1376,관음동,2,35.9346579,128.5480371
2018,대구광역시 북구 관음동 1378-5,관음동 1378-5,관음동,2,35.9336614,128.5482914
2018,대구광역시 북구 관음동 1378-6,관음동 1378-6,관음동,4,35.9338556,128.5481823
2018,대구광역시 북구 관음동 1378-7,관음동 1378-7,관음동,1,35.9332473,128.5480989
2018,대구광역시 북구 관음동 1379,관음동 1379,관음동,5,35.9337851,128.548513
2018,대구광역시 북구 관음동 1381,관음동 1381,관음동,1,35.9408075,128.5486184
2018,대구광역시 북구 관음동 1383-1,관음동 1383-1,관음동,3,35.9396398,128.5484609
2018,대구광역시 북구 관음동 1383-3,관음동 1383-3,관음동,1,35.9395428,128.5493652
2018,대구광역시 북구 관음동 1383-4,관음동 1383-4,관음동,3,35.9401734,128.5497384
2018,대구광역시 북구 관음동 1383-5,관음동 1383-5,관음동,1,35.9400227,128.5496866
2018,대구광역시 북구 관음동 1383-8,관음동 1383-8,관음동,2,35.9396741,128.5495594
2018,대구광역시 북구 관음동 1384,관음동 1384,관음동,2,35.9401022,128.5473188
2018,대구광역시 북구 관음동 1385,관음동 1385,관음동,1,35.9386272,128.5482326
2018,대구광역시 북구 관음동 1386,관음동 1386,관음동,3,35.9378606,128.5480304
2018,대구광역시 북구 관음동 1386-1,관음동 1386-1,관음동,2,35.9376166,128.5472455
2018,대구광역시 북구 관음동 1386-3,관음동 1386-3,관음동,1,35.9363419,128.5478668
2018,대구광역시 북구 관음동 1386-5,관음동 1386-5,관음동,1,35.9381829,128.5490592
2018,대구광역시 북구 관음동 1387,관음동 1387,관음동,1,35.9376463,128.5471604
2018,대구광역시 북구 관음동 1388,관음동 1388,관음동,4,35.9362665,128.5479215
2018,대구광역시 북구 관음동 1400,관음동 1400,관음동,4,35.9359626,128.5477574
2018,대구광역시 북구 관음동 1400-2,관음동 1400-2,관음동,1,35.9354092,128.5478776
2018,대구광역시 북구 관음동 1401,관음동 1401,관음동,4,35.9355546,128.5481798
2018,대구광역시 북구 관음동 1402,관음동 1402,관음동,2,35.9360137,128.5485464
2018,대구광역시 북구 관음동 1402-6,관음동 1402-6,관음동,3,35.9349686,128.5483789
2018,대구광역시 북구 관음동 1402-7,관음동 1402-7,관음동,1,35.9355726,128.5484555
2018,대구광역시 북구 관음동 206-4,관음동 206-4,관음동,1,35.9431752,128.5451531
2018,대구광역시 북구 관음동 212-9,관음동 212-9,관음동,1,35.9430165,128.5454996
2018,대구광역시 북구 관음동 351-9,관음동 351-9,관음동,2,35.9399916,128.5416154
2018,대구광역시 북구 관음동 418,관음동 418,관음동,4,35.9396071,128.541818
2018,대구광역시 북구 관음동 474-4,관음동 474-4,관음동,1,35.9378243,128.5446393
2018,대구광역시 북구 관음동 599,관음동 599,관음동,1,35.9376034,128.5442411
2018,대구광역시 북구 관음동 603,관음동 603,관음동,1,35.9370969,128.5437031
2018,대구광역시 북구 관음동 605-4,관음동 605-4,관음동,1,35.9381111,128.543059
2018,대구광역시 북구 관음동 809-2,관음동 809-2,관음동,1,35.9361994,128.5408008
2018,대구광역시 북구 관음동 809-3,관음동 809-3,관음동,1,35.9361852,128.5410483
2018,대구광역시 북구 관음동 809-4,관음동 809-4,관음동,4,35.9360321,128.5409507
2018,대구광역시 북구 관음동 828-1,관음동 828-1,관음동,3,35.9381083,128.5415128
2018,대구광역시 북구 관음동 838-2,관음동 838-2,관음동,3,35.938845,128.5415255
2018,대구광역시 북구 관음동 898-1,관음동 898-1,관음동,2,35.9348114,128.5389271
2018,대구광역시 북구 관음동 899-1,관음동 899-1,관음동,1,35.9347106,128.53848
2018,대구광역시 북구 관음동 901-3,관음동 901-3,관음동,1,35.9343702,128.5381985
2018,대구광역시 북구 관음동 산 72-4,관음동 산 72-4,관음동,4,35.9386006,128.5415418
2018,대구광역시 북구 관음동 산 72-5,관음동 산 72-5,관음동,5,35.9383325,128.5414912
2018,대구광역시 북구 관음동 산124,관음동 산124,관음동,1,35.9354592,128.5403598
2018,대구광역시 북구 관음동 산72-4,관음동 산72-4,관음동,1,35.9386006,128.5415418
2018,대구광역시 북구 구암동 458,구암동 458,구암동,1,35.9305242,128.56348
2018,대구광역시 북구 구암동 467,구암동 467,구암동,1,35.9303722,128.5627249
2018,대구광역시 북구 구암동 480-6,구암동 480-6,구암동,1,35.9284884,128.561473
2018,대구광역시 북구 구암동 484-21,구암동 484-21,구암동,2,35.931039,128.5616956
2018,대구광역시 북구 구암동 600-5,구암동 600-5,구암동,1,35.9246355,128.5532005
2018,대구광역시 북구 구암동 616-29,구암동 616-29,구암동,1,35.9241814,128.5528711
2018,대구광역시 북구 구암동 616-31,구암동 616-31,구암동,2,35.9234874,128.5520589
2018,대구광역시 북구 구암동 648,구암동 648,구암동,1,35.9316485,128.5552612
2018,대구광역시 북구 구암동 649-4,구암동 649-4,구암동,1,35.9315273,128.5564509
2018,대구광역시 북구 구암동 651,구암동 651,구암동,2,35.9312882,128.5576566
2018,대구광역시 북구 구암동 654,구암동 654,구암동,1,35.9314163,128.5550503
2018,대구광역시 북구 구암동 655,구암동 655,구암동,1,35.930313,128.5550641
2018,대구광역시 북구 구암동 655-1,구암동 655-1,구암동,7,35.9305674,128.5567604
2018,대구광역시 북구 구암동 655-2,구암동 655-2,구암동,1,35.9307413,128.5576095
2018,대구광역시 북구 구암동 655-4,구암동 655-4,구암동,2,35.9289467,128.5547629
2018,대구광역시 북구 구암동 678-11,구암동 678-11,구암동,1,35.9263198,128.5547932
2018,대구광역시 북구 구암동 686-15,구암동 686-15,구암동,1,35.9271987,128.555892
2018,대구광역시 북구 구암동 687,구암동 687,구암동,1,35.9280203,128.5543199
2018,대구광역시 북구 구암동 687-7,구암동 687-7,구암동,1,35.927898,128.5543033
2018,대구광역시 북구 구암동 688,구암동 688,구암동,1,35.9279486,128.5550606
2018,대구광역시 북구 구암동 695-1,구암동 695-1,구암동,5,35.9303137,128.5601826
2018,대구광역시 북구 구암동 695-3,구암동 695-3,구암동,2,35.9289796,128.5592474
2018,대구광역시 북구 구암동 711,구암동 711,구암동,2,35.9313747,128.5564208
2018,대구광역시 북구 구암동 712,구암동 712,구암동,5,35.9311212,128.5564091
2018,대구광역시 북구 구암동 713,구암동 713,구암동,8,35.9297468,128.55751
2018,대구광역시 북구 구암동 714,구암동 714,구암동,6,35.9274158,128.5560972
2018,대구광역시 북구 구암동 715,구암동 715,구암동,1,35.9291498,128.5531534
2018,대구광역시 북구 구암동 716,구암동 716,구암동,17,35.9285125,128.55277
2018,대구광역시 북구 구암동 717,구암동 717,구암동,1,35.9275544,128.5529715
2018,대구광역시 북구 구암동 720,구암동 720,구암동,1,35.9275125,128.5553425
2018,대구광역시 북구 구암동 726,구암동 726,구암동,1,35.9268055,128.5532995
2018,대구광역시 북구 구암동 734,구암동 734,구암동,1,35.9267479,128.5550451
2018,대구광역시 북구 구암동 737,구암동 737,구암동,1,35.9264738,128.5559922
2018,대구광역시 북구 구암동 747,구암동 747,구암동,6,35.9250577,128.5525728
2018,대구광역시 북구 구암동 760,구암동 760,구암동,1,35.9273668,128.5596147
2018,대구광역시 북구 구암동 761-1,구암동 761-1,구암동,9,35.9279995,128.5594431
2018,대구광역시 북구 구암동 761-2,구암동 761-2,구암동,9,35.9315686,128.5580156
2018,대구광역시 북구 구암동 761-3,구암동 761-3,구암동,1,35.9318245,128.5549722
2018,대구광역시 북구 구암동 763-2,구암동 763-2,구암동,1,35.9303434,128.5534959
2018,대구광역시 북구 구암동 765-1,구암동 765-1,구암동,1,35.9436969,128.5646145
2018,대구광역시 북구 구암동 765-2,구암동 765-2,구암동,6,35.9437406,128.5642596
2018,대구광역시 북구 구암동 765-4,구암동 765-4,구암동,3,35.9432165,128.564101
2018,대구광역시 북구 구암동 765-5,구암동 765-5,구암동,5,35.9429785,128.564046
2018,대구광역시 북구 구암동 766,구암동 766,구암동,2,35.9426619,128.5639853
2018,대구광역시 북구 구암동 767-2,구암동 767-2,구암동,1,35.9429507,128.5644969
2018,대구광역시 북구 구암동 769-3,구암동 769-3,구암동,1,35.9417789,128.5638259
2018,대구광역시 북구 구암동 770-1,구암동 770-1,구암동,1,35.9422361,128.5643617
2018,대구광역시 북구 구암동 770-2,구암동 770-2,구암동,5,35.9420201,128.5643243
2018,대구광역시 북구 구암동 771-2,구암동 771-2,구암동,1,35.9422397,128.5654871
2018,대구광역시 북구 구암동 771-4,구암동 771-4,구암동,1,35.9417706,128.5649387
2018,대구광역시 북구 구암동 772,구암동 772,구암동,4,35.9423393,128.5670948
2018,대구광역시 북구 구암동 773,구암동 773,구암동,3,35.9423214,128.5687266
2018,대구광역시 북구 구암동 773-1,구암동 773-1,구암동,4,35.942877,128.5703437
2018,대구광역시 북구 구암동 781,구암동 781,구암동,1,35.9413729,128.5693663
2018,대구광역시 북구 구암동 785,구암동 785,구암동,1,35.9397066,128.567541
2018,대구광역시 북구 구암동 785-2,구암동 785-2,구암동,2,35.9407339,128.5676775
2018,대구광역시 북구 구암동 785-4,구암동 785-4,구암동,1,35.9388345,128.5669015
2018,대구광역시 북구 구암동 786,구암동 786,구암동,3,35.940316,128.5646303
2018,대구광역시 북구 구암동 787-2,구암동 787-2,구암동,1,35.9381012,128.5648214
2018,대구광역시 북구 구암동 787-3,구암동 787-3,구암동,4,35.9373607,128.5642831
2018,대구광역시 북구 구암동 788,구암동 788,구암동,5,35.937607,128.5663702
2018,대구광역시 북구 구암동 788-2,구암동 788-2,구암동,2,35.9372805,128.5670981
2018,대구광역시 북구 구암동 789,구암동 789,구암동,1,35.9354432,128.5635202
2018,대구광역시 북구 구암동 789-2,구암동 789-2,구암동,1,35.9342238,128.5650869
2018,대구광역시 북구 구암동 789-4,구암동 789-4,구암동,1,35.9354955,128.5655481
2018,대구광역시 북구 구암동 789-5,구암동 789-5,구암동,7,35.9349615,128.5623662
2018,대구광역시 북구 구암동 789-6,구암동 789-6,구암동,2,35.9346436,128.5660138
2018,대구광역시 북구 구암동 792-12,구암동 792-12,구암동,1,35.9317375,128.5629217
2018,대구광역시 북구 구암동 800-19,구암동 800-19,구암동,1,35.9318093,128.5634635
2018,대구광역시 북구 구암동 801,구암동 801,구암동,2,35.9325492,128.5651608
2018,대구광역시 북구 구암동 802,구암동 802,구암동,2,35.9312147,128.5624479
2018,대구광역시 북구 구암동 802-1,구암동 802-1,구암동,1,35.9311463,128.5617578
2018,대구광역시 북구 구암동 802-2,구암동 802-2,구암동,1,35.9311408,128.5616199
2018,대구광역시 북구 구암동 805-3,구암동 805-3,구암동,1,35.9421209,128.5720227
2018,대구광역시 북구 구암동 807,구암동 807,구암동,1,35.9398423,128.5694505
2018,대구광역시 북구 구암동 825-5,구암동 825-5,구암동,4,35.9350243,128.5665349
2018,대구광역시 북구 구암동 830-3,구암동 830-3,구암동,1,35.9334845,128.5663063
2018,대구광역시 북구 구암동 832,구암동 832,구암동,18,35.9435052,128.5681496
2018,대구광역시 북구 구암동 832-2,구암동 832-2,구암동,31,35.9388291,128.5629506
2018,대구광역시 북구 구암동 832-3,구암동 832-3,구암동,8,35.9419996,128.5697372
2018,대구광역시 북구 구암동 833,구암동 833,구암동,3,35.9426926,128.5646377
2018,대구광역시 북구 구암동 833-1,구암동 833-1,구암동,8,35.9426165,128.5642521
2018,대구광역시 북구 구암동 835,구암동 835,구암동,3,35.9406483,128.5700932
2018,대구광역시 북구 구암동 835-1,구암동 835-1,구암동,19,35.9351836,128.5663268
2018,대구광역시 북구 구암동 836,구암동 836,구암동,17,35.9411026,128.5665534
2018,대구광역시 북구 구암동 836-1,구암동 836-1,구암동,14,35.9386926,128.5656357
2018,대구광역시 북구 구암동 836-2,구암동 836-2,구암동,6,35.9362437,128.5644765
2018,대구광역시 북구 구암동 837,구암동 837,구암동,2,35.9333518,128.5641804
2018,대구광역시 북구 구암동 838-5,구암동 838-5,구암동,1,35.9325349,128.5639917
2018,대구광역시 북구 구암동 839,구암동 839,구암동,27,35.9316346,128.5639452
2018,대구광역시 북구 구암동 840-1,구암동 840-1,구암동,1,35.9385192,128.5697284
2018,대구광역시 북구 구암동 841-4,구암동 841-4,구암동,2,35.9348776,128.567252
2018,대구광역시 북구 구암동 844,구암동 844,구암동,1,35.9244928,128.5537059
2018,대구광역시 북구 국우동 1079,국우동 1079,국우동,4,35.9450851,128.565347
2018,대구광역시 북구 국우동 1079-3,국우동 1079-3,국우동,1,35.9447854,128.5642326
2018,대구광역시 북구 국우동 1080,국우동 1080,국우동,9,35.9449397,128.5681468
2018,대구광역시 북구 국우동 1080-1,국우동 1080-1,국우동,2,35.9460603,128.5691759
2018,대구광역시 북구 국우동 1089-5,국우동 1089-5,국우동,1,35.9448428,128.5720928
2018,대구광역시 북구 국우동 1093-7,국우동 1093-7,국우동,1,35.9437038,128.5724825
2018,대구광역시 북구 국우동 1099-4,국우동 1099-4,국우동,2,35.9442242,128.5697991
2018,대구광역시 북구 국우동 1100-12,국우동 1100-12,국우동,1,35.9435369,128.5700059
2018,대구광역시 북구 국우동 1101-21,국우동 1101-21,국우동,1,35.943382,128.5712702
2018,대구광역시 북구 국우동 1108-7,국우동 1108-7,국우동,1,35.9479307,128.5751129
2018,대구광역시 북구 국우동 1108-9,국우동 1108-9,국우동,1,35.9477461,128.5750503
2018,대구광역시 북구 국우동 1110-3,국우동 1110-3,국우동,13,35.9478156,128.5783305
2018,대구광역시 북구 국우동 1110-4,국우동 1110-4,국우동,1,35.949603,128.5777224
2018,대구광역시 북구 국우동 1112,국우동 1112,국우동,1,35.9476255,128.576375
2018,대구광역시 북구 국우동 1122,국우동 1122,국우동,4,35.9477433,128.5767766
2018,대구광역시 북구 국우동 1123,국우동 1123,국우동,5,35.9467282,128.5692641
2018,대구광역시 북구 국우동 1123-1,국우동 1123-1,국우동,2,35.9453052,128.5641833
2018,대구광역시 북구 국우동 1123-2,국우동 1123-2,국우동,9,35.9436426,128.5681493
2018,대구광역시 북구 국우동 1123-3,국우동 1123-3,국우동,2,35.9451421,128.5668779
2018,대구광역시 북구 국우동 1123-4,국우동 1123-4,국우동,10,35.9451809,128.5697031
2018,대구광역시 북구 국우동 1124-3,국우동 1124-3,국우동,1,35.9454322,128.5723739
2018,대구광역시 북구 국우동 1124-4,국우동 1124-4,국우동,1,35.9460242,128.5703659
2018,대구광역시 북구 국우동 1126-2,국우동 1126-2,국우동,7,35.948631,128.5760149
2018,대구광역시 북구 국우동 1126-4,국우동 1126-4,국우동,1,35.9465539,128.5722787
2018,대구광역시 북구 국우동 1127,국우동 1127,국우동,2,35.9468144,128.577108
2018,대구광역시 북구 국우동 1127-8,국우동 1127-8,국우동,3,35.9476749,128.5759641
2018,대구광역시 북구 국우동 737-9,국우동 737-9,국우동,1,35.9485067,128.5745366
2018,대구광역시 북구 금호동 295-10,금호동 295-10,금호동,1,35.8948166,128.517583
2018,대구광역시 북구 금호동 297-3,금호동 297-3,금호동,1,35.8953062,128.517434
2018,대구광역시 북구 금호동 297-5,금호동 297-5,금호동,1,35.8949149,128.5172382
2018,대구광역시 북구 금호동 452-2,금호동 452-2,금호동,1,35.8957146,128.5265692
2018,대구광역시 북구 금호동 555-3,금호동 555-3,금호동,3,35.8864638,128.5305584
2018,대구광역시 북구 금호동 609-26,금호동 609-26,금호동,2,35.8856956,128.5320034
2018,대구광역시 북구 금호동 609-27,금호동 609-27,금호동,1,35.8857948,128.5320818
2018,대구광역시 북구 금호동 609-3,금호동 609-3,금호동,2,35.8857311,128.531381
2018,대구광역시 북구 금호동 803,금호동 803,금호동,1,35.8953955,128.5183182
2018,대구광역시 북구 금호동 812,금호동 812,금호동,1,35.8948923,128.5185665
2018,대구광역시 북구 금호동 817,금호동 817,금호동,1,35.8951083,128.5199035
2018,대구광역시 북구 금호동 933,금호동 933,금호동,4,35.8954895,128.516996
2018,대구광역시 북구 금호동 935,금호동 935,금호동,1,35.8965298,128.5191712
2018,대구광역시 북구 금호동 산65-1,금호동 산65-1,금호동,1,35.8964433,128.5201775
2018,대구광역시 북구 노곡동 1477-2,노곡동 1477-2,노곡동,1,35.9008351,128.5566342
2018,대구광역시 북구 노곡동 1478,노곡동 1478,노곡동,3,35.9108633,128.5626532
2018,대구광역시 북구 노곡동 281-2,노곡동 281-2,노곡동,1,35.9050389,128.5636265
2018,대구광역시 북구 노곡동 281-3,노곡동 281-3,노곡동,1,35.9053604,128.5636855
2018,대구광역시 북구 노곡동 365,노곡동 365,노곡동,3,35.9073495,128.5625841
2018,대구광역시 북구 노곡동 574,노곡동 574,노곡동,1,35.8982899,128.552789
2018,대구광역시 북구 노곡동 산 78-4,노곡동 산 78-4,노곡동,1,35.90449,128.5617216
2018,대구광역시 북구 노원동1가 170-6,노원동1가 170-6,노원동,2,35.8902123,128.5780095
2018,대구광역시 북구 노원동1가 18-5,노원동1가 18-5,노원동,3,35.8896732,128.5766232
2018,대구광역시 북구 노원동1가 180-1,노원동1가 180-1,노원동,4,35.8892687,128.5793359
2018,대구광역시 북구 노원동1가 180-2,노원동1가 180-2,노원동,1,35.8889073,128.5791465
2018,대구광역시 북구 노원동1가 180-7,노원동1가 180-7,노원동,2,35.8890602,128.5794004
2018,대구광역시 북구 노원동1가 19-1,노원동1가 19-1,노원동,2,35.8897902,128.5811405
2018,대구광역시 북구 노원동1가 19-5,노원동1가 19-5,노원동,5,35.8892268,128.579551
2018,대구광역시 북구 노원동1가 19-6,노원동1가 19-6,노원동,1,35.8883115,128.5825457
2018,대구광역시 북구 노원동1가 220,노원동1가 220,노원동,2,35.8883679,128.5765382
2018,대구광역시 북구 노원동1가 221-2,노원동1가 221-2,노원동,1,35.8881023,128.5766886
2018,대구광역시 북구 노원동1가 228,노원동1가 228,노원동,1,35.8881467,128.5792766
2018,대구광역시 북구 노원동1가 235-1,노원동1가 235-1,노원동,1,35.8873495,128.5795174
2018,대구광역시 북구 노원동1가 3-8,노원동1가 3-8,노원동,1,35.8894693,128.5805702
2018,대구광역시 북구 노원동1가 327,노원동1가 327,노원동,6,35.8872697,128.5821824
2018,대구광역시 북구 노원동1가 354,노원동1가 354,노원동,1,35.886381,128.5816577
2018,대구광역시 북구 노원동1가 360,노원동1가 360,노원동,1,35.8857006,128.5817638
2018,대구광역시 북구 노원동1가 364,노원동1가 364,노원동,1,35.8859083,128.5816555
2018,대구광역시 북구 노원동1가 366-1,노원동1가 366-1,노원동,1,35.885641,128.5814976
2018,대구광역시 북구 노원동1가 398,노원동1가 398,노원동,1,35.8866383,128.5813155
2018,대구광역시 북구 노원동1가 529,노원동1가 529,노원동,8,35.8865097,128.5822028
2018,대구광역시 북구 노원동2가 1,노원동2가 1,노원동,6,35.8908564,128.5736958
2018,대구광역시 북구 노원동2가 203,노원동2가 203,노원동,2,35.8918077,128.5714137
2018,대구광역시 북구 노원동2가 205,노원동2가 205,노원동,1,35.8918525,128.5710692
2018,대구광역시 북구 노원동2가 206-1,노원동2가 206-1,노원동,2,35.8919159,128.5709436
2018,대구광역시 북구 노원동2가 210-1,노원동2가 210-1,노원동,1,35.8901657,128.5764434
2018,대구광역시 북구 노원동2가 226,노원동2가 226,노원동,3,35.8895818,128.576189
2018,대구광역시 북구 노원동2가 229,노원동2가 229,노원동,1,35.8888239,128.5759892
2018,대구광역시 북구 노원동2가 285-5,노원동2가 285-5,노원동,1,35.888601,128.5734579
2018,대구광역시 북구 노원동2가 292-2,노원동2가 292-2,노원동,1,35.8883831,128.5731596
2018,대구광역시 북구 노원동2가 298-1,노원동2가 298-1,노원동,1,35.8909278,128.5721661
2018,대구광역시 북구 노원동2가 345-1,노원동2가 345-1,노원동,1,35.8886925,128.5728173
2018,대구광역시 북구 노원동2가 355,노원동2가 355,노원동,1,35.8889563,128.5721165
2018,대구광역시 북구 노원동2가 369-2,노원동2가 369-2,노원동,2,35.8885065,128.571803
2018,대구광역시 북구 노원동2가 370-1,노원동2가 370-1,노원동,1,35.8887497,128.5719379
2018,대구광역시 북구 노원동2가 372-4,노원동2가 372-4,노원동,1,35.8885715,128.5714055
2018,대구광역시 북구 노원동2가 5-3,노원동2가 5-3,노원동,1,35.8925502,128.577057
2018,대구광역시 북구 노원동2가 74-1,노원동2가 74-1,노원동,1,35.8908952,128.5766563
2018,대구광역시 북구 노원동2가 75-3,노원동2가 75-3,노원동,1,35.8905545,128.5765893
2018,대구광역시 북구 노원동2가 75-7,노원동2가 75-7,노원동,1,35.8906303,128.5766128
2018,대구광역시 북구 노원동2가 77,노원동2가 77,노원동,1,35.8906119,128.5762192
2018,대구광역시 북구 노원동2가 85-2,노원동2가 85-2,노원동,1,35.89089,128.5749599
2018,대구광역시 북구 노원동3가 1001-12,노원동3가 1001-12,노원동,1,35.8922012,128.5694229
2018,대구광역시 북구 노원동3가 1001-15,노원동3가 1001-15,노원동,1,35.8920957,128.5692386
2018,대구광역시 북구 노원동3가 1001-2,노원동3가 1001-2,노원동,1,35.8922752,128.5697557
2018,대구광역시 북구 노원동3가 1003-1,노원동3가 1003-1,노원동,1,35.8923971,128.5689391
2018,대구광역시 북구 노원동3가 1003-2,노원동3가 1003-2,노원동,1,35.8922545,128.5689411
2018,대구광역시 북구 노원동3가 1007-5,노원동3가 1007-5,노원동,1,35.8925082,128.5681882
2018,대구광역시 북구 노원동3가 1022,노원동3가 1022,노원동,88,35.8920765,128.5701674
2018,대구광역시 북구 노원동3가 1112,노원동3가 1112,노원동,1,35.8946615,128.5730362
2018,대구광역시 북구 노원동3가 1112-3,노원동3가 1112-3,노원동,1,35.894483,128.5730674
2018,대구광역시 북구 노원동3가 1113-13,노원동3가 1113-13,노원동,1,35.8944392,128.5733254
2018,대구광역시 북구 노원동3가 1115,노원동3가 1115,노원동,3,35.8942901,128.5745073
2018,대구광역시 북구 노원동3가 1143-1,노원동3가 1143-1,노원동,2,35.8940007,128.5754955
2018,대구광역시 북구 노원동3가 1145-3,노원동3가 1145-3,노원동,2,35.8937811,128.576489
2018,대구광역시 북구 노원동3가 1146-1,노원동3가 1146-1,노원동,1,35.8936399,128.5769619
2018,대구광역시 북구 노원동3가 1146-2,노원동3가 1146-2,노원동,1,35.8935947,128.5771669
2018,대구광역시 북구 노원동3가 1199-11,노원동3가 1199-11,노원동,1,35.9026491,128.5786612
2018,대구광역시 북구 노원동3가 1199-15,노원동3가 1199-15,노원동,1,35.9031124,128.578625
2018,대구광역시 북구 노원동3가 1202-2,노원동3가 1202-2,노원동,1,35.9012599,128.5788495
2018,대구광역시 북구 노원동3가 1205-19,노원동3가 1205-19,노원동,1,35.8998692,128.5788776
2018,대구광역시 북구 노원동3가 1207,노원동3가 1207,노원동,1,35.9009744,128.5791215
2018,대구광역시 북구 노원동3가 1227,노원동3가 1227,노원동,13,35.8907649,128.5686641
2018,대구광역시 북구 노원동3가 1228,노원동3가 1228,노원동,1,35.8889994,128.5690628
2018,대구광역시 북구 노원동3가 1230,노원동3가 1230,노원동,2,35.8904608,128.5673697
2018,대구광역시 북구 노원동3가 13-5,노원동3가 13-5,노원동,2,35.9020723,128.5748433
2018,대구광역시 북구 노원동3가 182-17,노원동3가 182-17,노원동,2,35.8951488,128.5712467
2018,대구광역시 북구 노원동3가 186,노원동3가 186,노원동,1,35.899688,128.5670624
2018,대구광역시 북구 노원동3가 234-17,노원동3가 234-17,노원동,1,35.8932934,128.5676079
2018,대구광역시 북구 노원동3가 234-19,노원동3가 234-19,노원동,2,35.8939079,128.5686941
2018,대구광역시 북구 노원동3가 236-3,노원동3가 236-3,노원동,1,35.89532,128.5705569
2018,대구광역시 북구 노원동3가 247,노원동3가 247,노원동,1,35.8959941,128.5610491
2018,대구광역시 북구 노원동3가 248,노원동3가 248,노원동,1,35.8960501,128.5605932
2018,대구광역시 북구 노원동3가 252-1,노원동3가 252-1,노원동,1,35.8937999,128.5572728
2018,대구광역시 북구 노원동3가 252-2,노원동3가 252-2,노원동,2,35.894547,128.5574486
2018,대구광역시 북구 노원동3가 252-3,노원동3가 252-3,노원동,41,35.8951542,128.5718172
2018,대구광역시 북구 노원동3가 252-5,노원동3가 252-5,노원동,1,35.8903783,128.5682564
2018,대구광역시 북구 노원동3가 253,노원동3가 253,노원동,1,35.8968029,128.5668975
2018,대구광역시 북구 노원동3가 3-18,노원동3가 3-18,노원동,1,35.9025958,128.5763082
2018,대구광역시 북구 노원동3가 330,노원동3가 330,노원동,1,35.8929143,128.5673297
2018,대구광역시 북구 노원동3가 338-1,노원동3가 338-1,노원동,1,35.8929691,128.5670133
2018,대구광역시 북구 노원동3가 373-3,노원동3가 373-3,노원동,1,35.8918475,128.5651722
2018,대구광역시 북구 노원동3가 396,노원동3가 396,노원동,1,35.8926303,128.5622745
2018,대구광역시 북구 노원동3가 448-1,노원동3가 448-1,노원동,1,35.8935699,128.5576646
2018,대구광역시 북구 노원동3가 484-2,노원동3가 484-2,노원동,1,35.8936077,128.5553515
2018,대구광역시 북구 노원동3가 503,노원동3가 503,노원동,1,35.8934842,128.5527483
2018,대구광역시 북구 노원동3가 505,노원동3가 505,노원동,2,35.8932582,128.5528063
2018,대구광역시 북구 노원동3가 506,노원동3가 506,노원동,1,35.8931447,128.5530725
2018,대구광역시 북구 노원동3가 507,노원동3가 507,노원동,2,35.8930635,128.5531463
2018,대구광역시 북구 노원동3가 508,노원동3가 508,노원동,2,35.8929875,128.5532159
2018,대구광역시 북구 노원동3가 520-1,노원동3가 520-1,노원동,2,35.8930918,128.5536672
2018,대구광역시 북구 노원동3가 522,노원동3가 522,노원동,4,35.8929097,128.5532851
2018,대구광역시 북구 노원동3가 523-4,노원동3가 523-4,노원동,2,35.8921195,128.5539804
2018,대구광역시 북구 노원동3가 545-1,노원동3가 545-1,노원동,1,35.8920068,128.5540836
2018,대구광역시 북구 노원동3가 545-2,노원동3가 545-2,노원동,1,35.8917643,128.554198
2018,대구광역시 북구 노원동3가 553-4,노원동3가 553-4,노원동,1,35.8914996,128.5560556
2018,대구광역시 북구 노원동3가 558,노원동3가 558,노원동,2,35.8910001,128.5562267
2018,대구광역시 북구 노원동3가 58-43,노원동3가 58-43,노원동,1,35.9003453,128.5712337
2018,대구광역시 북구 노원동3가 600,노원동3가 600,노원동,1,35.8911344,128.5549095
2018,대구광역시 북구 노원동3가 608,노원동3가 608,노원동,2,35.8909797,128.555406
2018,대구광역시 북구 노원동3가 609,노원동3가 609,노원동,6,35.8909827,128.5556898
2018,대구광역시 북구 노원동3가 61-3,노원동3가 61-3,노원동,1,35.9002684,128.5672082
2018,대구광역시 북구 노원동3가 641,노원동3가 641,노원동,1,35.8903077,128.5594407
2018,대구광역시 북구 노원동3가 643-5,노원동3가 643-5,노원동,1,35.8905248,128.5586599
2018,대구광역시 북구 노원동3가 683-3,노원동3가 683-3,노원동,1,35.8901549,128.5605414
2018,대구광역시 북구 노원동3가 685,노원동3가 685,노원동,2,35.8903668,128.5614025
2018,대구광역시 북구 노원동3가 686,노원동3가 686,노원동,1,35.8904386,128.5618024
2018,대구광역시 북구 노원동3가 735,노원동3가 735,노원동,8,35.8899573,128.5638059
2018,대구광역시 북구 노원동3가 738,노원동3가 738,노원동,2,35.8896385,128.5644867
2018,대구광역시 북구 노원동3가 741-2,노원동3가 741-2,노원동,1,35.8894822,128.5650718
2018,대구광역시 북구 노원동3가 761-1,노원동3가 761-1,노원동,1,35.8894211,128.5659459
2018,대구광역시 북구 노원동3가 761-5,노원동3가 761-5,노원동,1,35.8895682,128.5656445
2018,대구광역시 북구 노원동3가 761-6,노원동3가 761-6,노원동,1,35.8895003,128.5656979
2018,대구광역시 북구 노원동3가 761-7,노원동3가 761-7,노원동,1,35.8893908,128.5657454
2018,대구광역시 북구 노원동3가 762,노원동3가 762,노원동,2,35.8893832,128.5661998
2018,대구광역시 북구 노원동3가 764-3,노원동3가 764-3,노원동,1,35.889332,128.5668323
2018,대구광역시 북구 노원동3가 765-8,노원동3가 765-8,노원동,1,35.889159,128.5673356
2018,대구광역시 북구 노원동3가 765-9,노원동3가 765-9,노원동,3,35.8892149,128.5671575
2018,대구광역시 북구 노원동3가 771,노원동3가 771,노원동,1,35.8892667,128.5678087
2018,대구광역시 북구 노원동3가 773,노원동3가 773,노원동,1,35.8891141,128.5680075
2018,대구광역시 북구 노원동3가 776-2,노원동3가 776-2,노원동,1,35.8893496,128.5682998
2018,대구광역시 북구 노원동3가 776-6,노원동3가 776-6,노원동,2,35.8892747,128.5682086
2018,대구광역시 북구 노원동3가 777-2,노원동3가 777-2,노원동,1,35.8891065,128.5683942
2018,대구광역시 북구 노원동3가 778-1,노원동3가 778-1,노원동,1,35.8892641,128.5685302
2018,대구광역시 북구 노원동3가 779-2,노원동3가 779-2,노원동,1,35.8890459,128.5688246
2018,대구광역시 북구 노원동3가 783-3,노원동3가 783-3,노원동,1,35.8892139,128.5688402
2018,대구광역시 북구 노원동3가 783-5,노원동3가 783-5,노원동,3,35.8892378,128.5686888
2018,대구광역시 북구 노원동3가 784-1,노원동3가 784-1,노원동,45,35.8913465,128.5543122
2018,대구광역시 북구 노원동3가 826-1,노원동3가 826-1,노원동,1,35.8896641,128.5688504
2018,대구광역시 북구 노원동3가 855,노원동3가 855,노원동,1,35.8895785,128.5687311
2018,대구광역시 북구 노원동3가 891-5,노원동3가 891-5,노원동,1,35.892376,128.5679516
2018,대구광역시 북구 노원동3가 923-2,노원동3가 923-2,노원동,1,35.8905783,128.5686558
2018,대구광역시 북구 노원동3가 985-5,노원동3가 985-5,노원동,2,35.8902249,128.5696121
2018,대구광역시 북구 대현동 1-2,대현동 1-2,대현동,9,35.8836805,128.6122849
2018,대구광역시 북구 대현동 109-13,대현동 109-13,대현동,6,35.8852111,128.6121576
2018,대구광역시 북구 대현동 112-41,대현동 112-41,대현동,1,35.8844042,128.6103239
2018,대구광역시 북구 대현동 116-5,대현동 116-5,대현동,1,35.8849491,128.6094779
2018,대구광역시 북구 대현동 14-1,대현동 14-1,대현동,1,35.8846548,128.6131374
2018,대구광역시 북구 대현동 153-18,대현동 153-18,대현동,2,35.8822116,128.6111577
2018,대구광역시 북구 대현동 153-3,대현동 153-3,대현동,1,35.8820732,128.6116758
2018,대구광역시 북구 대현동 153-5,대현동 153-5,대현동,1,35.8821113,128.6113537
2018,대구광역시 북구 대현동 155-1,대현동 155-1,대현동,1,35.8823616,128.6108284
2018,대구광역시 북구 대현동 155-6,대현동 155-6,대현동,1,35.8825325,128.6100762
2018,대구광역시 북구 대현동 158-1,대현동 158-1,대현동,2,35.8831663,128.6081899
2018,대구광역시 북구 대현동 162-11,대현동 162-11,대현동,1,35.8836391,128.6077581
2018,대구광역시 북구 대현동 162-16,대현동 162-16,대현동,1,35.8836851,128.607598
2018,대구광역시 북구 대현동 163-5,대현동 163-5,대현동,1,35.8837194,128.60809
2018,대구광역시 북구 대현동 164-18,대현동 164-18,대현동,3,35.8838479,128.6078261
2018,대구광역시 북구 대현동 164-20,대현동 164-20,대현동,3,35.8839011,128.6076987
2018,대구광역시 북구 대현동 168-1,대현동 168-1,대현동,1,35.8856159,128.6080412
2018,대구광역시 북구 대현동 17-57,대현동 17-57,대현동,1,35.8849356,128.6120234
2018,대구광역시 북구 대현동 182-22,대현동 182-22,대현동,1,35.8850309,128.6084238
2018,대구광역시 북구 대현동 199-10,대현동 199-10,대현동,1,35.8827355,128.610146
2018,대구광역시 북구 대현동 199-6,대현동 199-6,대현동,1,35.882598,128.6107345
2018,대구광역시 북구 대현동 2,대현동 2,대현동,1,35.8823645,128.6121163
2018,대구광역시 북구 대현동 200-27,대현동 200-27,대현동,1,35.8830125,128.6089925
2018,대구광역시 북구 대현동 201-8,대현동 201-8,대현동,1,35.8829175,128.6092381
2018,대구광역시 북구 대현동 202-7,대현동 202-7,대현동,1,35.8826648,128.6096348
2018,대구광역시 북구 대현동 207-7,대현동 207-7,대현동,1,35.8827755,128.6107434
2018,대구광역시 북구 대현동 22-15,대현동 22-15,대현동,1,35.8847109,128.6133439
2018,대구광역시 북구 대현동 227-16,대현동 227-16,대현동,1,35.8847838,128.6053448
2018,대구광역시 북구 대현동 227-17,대현동 227-17,대현동,1,35.88501,128.6050469
2018,대구광역시 북구 대현동 227-23,대현동 227-23,대현동,1,35.8850379,128.6048663
2018,대구광역시 북구 대현동 235,대현동 235,대현동,4,35.8870498,128.6051407
2018,대구광역시 북구 대현동 24-11,대현동 24-11,대현동,2,35.8853127,128.6136604
2018,대구광역시 북구 대현동 24-15,대현동 24-15,대현동,9,35.8851847,128.6138017
2018,대구광역시 북구 대현동 24-16,대현동 24-16,대현동,1,35.8845855,128.6131536
2018,대구광역시 북구 대현동 24-17,대현동 24-17,대현동,2,35.8849933,128.6137832
2018,대구광역시 북구 대현동 24-25,대현동 24-25,대현동,9,35.8852037,128.6138604
2018,대구광역시 북구 대현동 24-28,대현동 24-28,대현동,1,35.8848579,128.6134568
2018,대구광역시 북구 대현동 24-30,대현동 24-30,대현동,1,35.8849034,128.6136438
2018,대구광역시 북구 대현동 24-6,대현동 24-6,대현동,2,35.8851745,128.6136877
2018,대구광역시 북구 대현동 24-9,대현동 24-9,대현동,14,35.8852864,128.6137922
2018,대구광역시 북구 대현동 25,대현동 25,대현동,22,35.8877391,128.6111831
2018,대구광역시 북구 대현동 255-1,대현동 255-1,대현동,1,35.8879363,128.6037506
2018,대구광역시 북구 대현동 258-1,대현동 258-1,대현동,30,35.8841439,128.6059475
2018,대구광역시 북구 대현동 259-5,대현동 259-5,대현동,1,35.8868977,128.6025953
2018,대구광역시 북구 대현동 266-1,대현동 266-1,대현동,1,35.8790363,128.6096512
2018,대구광역시 북구 대현동 272-27,대현동 272-27,대현동,9,35.8819862,128.6067263
2018,대구광역시 북구 대현동 274-65,대현동 274-65,대현동,6,35.8807248,128.6112913
2018,대구광역시 북구 대현동 277-11,대현동 277-11,대현동,1,35.8800268,128.6102376
2018,대구광역시 북구 대현동 277-2,대현동 277-2,대현동,8,35.8801544,128.6099521
2018,대구광역시 북구 대현동 277-33,대현동 277-33,대현동,1,35.8801364,128.6108309
2018,대구광역시 북구 대현동 281-15,대현동 281-15,대현동,1,35.8804607,128.609672
2018,대구광역시 북구 대현동 282-1,대현동 282-1,대현동,1,35.8807131,128.6085756
2018,대구광역시 북구 대현동 282-7,대현동 282-7,대현동,3,35.8806243,128.6087725
2018,대구광역시 북구 대현동 283-10,대현동 283-10,대현동,1,35.8798201,128.610165
2018,대구광역시 북구 대현동 283-4,대현동 283-4,대현동,1,35.8799876,128.6099954
2018,대구광역시 북구 대현동 283-9,대현동 283-9,대현동,1,35.8798982,128.610082
2018,대구광역시 북구 대현동 285,대현동 285,대현동,1,35.8797037,128.610118
2018,대구광역시 북구 대현동 3,대현동 3,대현동,1,35.8816606,128.611733
2018,대구광역시 북구 대현동 3-2,대현동 3-2,대현동,1,35.8817474,128.6118444
2018,대구광역시 북구 대현동 304-3,대현동 304-3,대현동,1,35.8792905,128.6096441
2018,대구광역시 북구 대현동 311,대현동 311,대현동,2,35.8799341,128.6099165
2018,대구광역시 북구 대현동 312-18,대현동 312-18,대현동,1,35.8797214,128.6097641
2018,대구광역시 북구 대현동 315-39,대현동 315-39,대현동,1,35.8808802,128.608265
2018,대구광역시 북구 대현동 315-63,대현동 315-63,대현동,1,35.8801563,128.6080449
2018,대구광역시 북구 대현동 315-83,대현동 315-83,대현동,1,35.8806368,128.6085151
2018,대구광역시 북구 대현동 316-19,대현동 316-19,대현동,1,35.878786,128.6054633
2018,대구광역시 북구 대현동 316-2,대현동 316-2,대현동,6,35.8789796,128.6057915
2018,대구광역시 북구 대현동 317-1,대현동 317-1,대현동,3,35.8789829,128.6055275
2018,대구광역시 북구 대현동 318-14,대현동 318-14,대현동,2,35.8788804,128.6055249
2018,대구광역시 북구 대현동 319-18,대현동 319-18,대현동,8,35.878934,128.6054555
2018,대구광역시 북구 대현동 321-39,대현동 321-39,대현동,3,35.8775783,128.6065617
2018,대구광역시 북구 대현동 321-7,대현동 321-7,대현동,1,35.8783351,128.6058744
2018,대구광역시 북구 대현동 322-6,대현동 322-6,대현동,1,35.8778017,128.606735
2018,대구광역시 북구 대현동 323-36,대현동 323-36,대현동,1,35.8784384,128.6061116
2018,대구광역시 북구 대현동 335-118,대현동 335-118,대현동,1,35.878741,128.6086504
2018,대구광역시 북구 대현동 335-76,대현동 335-76,대현동,1,35.8786989,128.6088242
2018,대구광역시 북구 대현동 335-88,대현동 335-88,대현동,5,35.8790749,128.6087604
2018,대구광역시 북구 대현동 336-3,대현동 336-3,대현동,1,35.8799737,128.6087449
2018,대구광역시 북구 대현동 337-15,대현동 337-15,대현동,5,35.8791603,128.6091492
2018,대구광역시 북구 대현동 337-18,대현동 337-18,대현동,1,35.8792714,128.6089657
2018,대구광역시 북구 대현동 337-26,대현동 337-26,대현동,1,35.8790953,128.6089584
2018,대구광역시 북구 대현동 337-28,대현동 337-28,대현동,3,35.8790087,128.6091364
2018,대구광역시 북구 대현동 337-42,대현동 337-42,대현동,7,35.8790724,128.6092902
2018,대구광역시 북구 대현동 337-46,대현동 337-46,대현동,6,35.8790753,128.6094303
2018,대구광역시 북구 대현동 338-18,대현동 338-18,대현동,1,35.8792142,128.607902
2018,대구광역시 북구 대현동 339-11,대현동 339-11,대현동,1,35.8790973,128.6078941
2018,대구광역시 북구 대현동 339-12,대현동 339-12,대현동,2,35.8790267,128.6079728
2018,대구광역시 북구 대현동 340-11,대현동 340-11,대현동,1,35.8785935,128.6085278
2018,대구광역시 북구 대현동 356-10,대현동 356-10,대현동,1,35.8773231,128.6064904
2018,대구광역시 북구 대현동 360,대현동 360,대현동,4,35.8774296,128.6065078
2018,대구광역시 북구 대현동 389,대현동 389,대현동,3,35.8773375,128.6057179
2018,대구광역시 북구 대현동 390,대현동 390,대현동,5,35.8811356,128.6089338
2018,대구광역시 북구 대현동 391-1,대현동 391-1,대현동,1,35.8817416,128.6077463
2018,대구광역시 북구 대현동 392-10,대현동 392-10,대현동,1,35.8818681,128.6080281
2018,대구광역시 북구 대현동 394-3,대현동 394-3,대현동,1,35.8819366,128.6074047
2018,대구광역시 북구 대현동 395-3,대현동 395-3,대현동,1,35.8817221,128.6071441
2018,대구광역시 북구 대현동 395-7,대현동 395-7,대현동,1,35.8819678,128.6071187
2018,대구광역시 북구 대현동 404-3,대현동 404-3,대현동,1,35.8826632,128.6079701
2018,대구광역시 북구 대현동 408-15,대현동 408-15,대현동,1,35.8825742,128.6084741
2018,대구광역시 북구 대현동 414-11,대현동 414-11,대현동,3,35.8850219,128.6034277
2018,대구광역시 북구 대현동 414-16,대현동 414-16,대현동,2,35.8849486,128.603554
2018,대구광역시 북구 대현동 414-7,대현동 414-7,대현동,2,35.8848649,128.6036964
2018,대구광역시 북구 대현동 426-57,대현동 426-57,대현동,2,35.8826477,128.6059853
2018,대구광역시 북구 대현동 428-15,대현동 428-15,대현동,1,35.8825321,128.6059326
2018,대구광역시 북구 대현동 428-2,대현동 428-2,대현동,1,35.8826979,128.6055675
2018,대구광역시 북구 대현동 430-1,대현동 430-1,대현동,2,35.8824474,128.6058667
2018,대구광역시 북구 대현동 435-112,대현동 435-112,대현동,1,35.8830997,128.6034923
2018,대구광역시 북구 대현동 435-149,대현동 435-149,대현동,1,35.8825915,128.6038498
2018,대구광역시 북구 대현동 439-16,대현동 439-16,대현동,1,35.8827675,128.6033769
2018,대구광역시 북구 대현동 439-19,대현동 439-19,대현동,1,35.8826767,128.6033831
2018,대구광역시 북구 대현동 439-21,대현동 439-21,대현동,1,35.8826711,128.6032134
2018,대구광역시 북구 대현동 439-23,대현동 439-23,대현동,1,35.882852,128.6031994
2018,대구광역시 북구 대현동 439-35,대현동 439-35,대현동,2,35.8826905,128.6035556
2018,대구광역시 북구 대현동 439-4,대현동 439-4,대현동,3,35.8825882,128.6034974
2018,대구광역시 북구 대현동 485-2,대현동 485-2,대현동,1,35.881077,128.6071291
2018,대구광역시 북구 대현동 499-2,대현동 499-2,대현동,2,35.8792533,128.605344
2018,대구광역시 북구 대현동 499-3,대현동 499-3,대현동,1,35.8791654,128.6053456
2018,대구광역시 북구 대현동 499-5,대현동 499-5,대현동,1,35.8791576,128.6051492
2018,대구광역시 북구 대현동 502-1,대현동 502-1,대현동,1,35.8789147,128.6044448
2018,대구광역시 북구 대현동 504-1,대현동 504-1,대현동,16,35.8792038,128.6055971
2018,대구광역시 북구 대현동 504-2,대현동 504-2,대현동,35,35.8793671,128.6054117
2018,대구광역시 북구 대현동 504-3,대현동 504-3,대현동,10,35.8791759,128.6054665
2018,대구광역시 북구 대현동 512,대현동 512,대현동,2,35.882974,128.6021963
2018,대구광역시 북구 대현동 521,대현동 521,대현동,7,35.8813928,128.603596
2018,대구광역시 북구 대현동 526,대현동 526,대현동,7,35.8858208,128.6072941
2018,대구광역시 북구 대현동 527,대현동 527,대현동,161,35.8801619,128.6061845
2018,대구광역시 북구 대현동 527-1,대현동 527-1,대현동,11,35.880113,128.6050057
2018,대구광역시 북구 대현동 531,대현동 531,대현동,3,35.8816336,128.6053876
2018,대구광역시 북구 대현동 532,대현동 532,대현동,5,35.8819734,128.6065618
2018,대구광역시 북구 대현동 534,대현동 534,대현동,1,35.8811426,128.6073013
2018,대구광역시 북구 대현동 535,대현동 535,대현동,4,35.8798096,128.6086527
2018,대구광역시 북구 대현동 536,대현동 536,대현동,4,35.8805399,128.6089309
2018,대구광역시 북구 대현동 538,대현동 538,대현동,4,35.879717,128.607379
2018,대구광역시 북구 동변동 310-1,동변동 310-1,동변동,2,35.9213683,128.6015929
2018,대구광역시 북구 동변동 361-3,동변동 361-3,동변동,1,35.9213498,128.6043006
2018,대구광역시 북구 동변동 495,동변동 495,동변동,1,35.9214143,128.6030759
2018,대구광역시 북구 동변동 497,동변동 497,동변동,2,35.9214583,128.6034225
2018,대구광역시 북구 동변동 498-1,동변동 498-1,동변동,1,35.9214477,128.6036242
2018,대구광역시 북구 동변동 498-3,동변동 498-3,동변동,1,35.9214599,128.6038365
2018,대구광역시 북구 동변동 499-1,동변동 499-1,동변동,2,35.9214131,128.6040654
2018,대구광역시 북구 동변동 500,동변동 500,동변동,1,35.9214842,128.6041173
2018,대구광역시 북구 동변동 599-6,동변동 599-6,동변동,2,35.9145646,128.6012362
2018,대구광역시 북구 동변동 617-1,동변동 617-1,동변동,29,35.9210229,128.611941
2018,대구광역시 북구 동변동 617-49,동변동 617-49,동변동,1,35.9156594,128.600961
2018,대구광역시 북구 동변동 659,동변동 659,동변동,1,35.9214853,128.6009086
2018,대구광역시 북구 동변동 661,동변동 661,동변동,1,35.9216586,128.600614
2018,대구광역시 북구 동변동 669-4,동변동 669-4,동변동,3,35.9210259,128.6031144
2018,대구광역시 북구 동변동 678,동변동 678,동변동,3,35.9191981,128.6022542
2018,대구광역시 북구 동변동 679,동변동 679,동변동,3,35.9178303,128.6023568
2018,대구광역시 북구 동변동 681,동변동 681,동변동,57,35.9176577,128.6037152
2018,대구광역시 북구 동변동 682,동변동 682,동변동,128,35.9154563,128.6023684
2018,대구광역시 북구 동변동 683,동변동 683,동변동,41,35.9155081,128.6010977
2018,대구광역시 북구 동변동 686,동변동 686,동변동,1,35.9207095,128.6037875
2018,대구광역시 북구 동변동 686-11,동변동 686-11,동변동,3,35.9197901,128.6039961
2018,대구광역시 북구 동변동 686-8,동변동 686-8,동변동,2,35.9197849,128.6038197
2018,대구광역시 북구 동변동 690,동변동 690,동변동,1,35.9198308,128.6042441
2018,대구광역시 북구 동변동 690-17,동변동 690-17,동변동,1,35.9196953,128.6045246
2018,대구광역시 북구 동변동 690-2,동변동 690-2,동변동,2,35.9198407,128.6045191
2018,대구광역시 북구 동변동 697,동변동 697,동변동,7,35.9174145,128.6048412
2018,대구광역시 북구 동변동 700,동변동 700,동변동,4,35.9155377,128.6043183
2018,대구광역시 북구 동천동 262-1,동천동 262-1,동천동,1,35.9446184,128.5543539
2018,대구광역시 북구 동천동 838-5,동천동 838-5,동천동,1,35.9415633,128.5572024
2018,대구광역시 북구 동천동 838-52,동천동 838-52,동천동,2,35.9372111,128.5552251
2018,대구광역시 북구 동천동 872,동천동 872,동천동,3,35.9331769,128.5570438
2018,대구광역시 북구 동천동 872-1,동천동 872-1,동천동,1,35.9339467,128.55626
2018,대구광역시 북구 동천동 876,동천동 876,동천동,1,35.9321626,128.5578479
2018,대구광역시 북구 동천동 880-1,동천동 880-1,동천동,3,35.9326338,128.5605867
2018,대구광역시 북구 동천동 880-3,동천동 880-3,동천동,1,35.9321803,128.559244
2018,대구광역시 북구 동천동 882,동천동 882,동천동,6,35.9330602,128.5555244
2018,대구광역시 북구 동천동 883,동천동 883,동천동,28,35.9338646,128.5588811
2018,대구광역시 북구 동천동 885,동천동 885,동천동,2,35.9324283,128.5568255
2018,대구광역시 북구 동천동 887,동천동 887,동천동,5,35.9317108,128.558131
2018,대구광역시 북구 동천동 888,동천동 888,동천동,3,35.9324239,128.5616447
2018,대구광역시 북구 동천동 890,동천동 890,동천동,7,35.9454821,128.5600398
2018,대구광역시 북구 동천동 890-1,동천동 890-1,동천동,2,35.9449227,128.5608985
2018,대구광역시 북구 동천동 890-2,동천동 890-2,동천동,6,35.9454855,128.558818
2018,대구광역시 북구 동천동 891,동천동 891,동천동,7,35.9453418,128.5627009
2018,대구광역시 북구 동천동 892-1,동천동 892-1,동천동,8,35.9442628,128.5591567
2018,대구광역시 북구 동천동 892-3,동천동 892-3,동천동,1,35.943645,128.5586829
2018,대구광역시 북구 동천동 892-4,동천동 892-4,동천동,1,35.9434828,128.5586424
2018,대구광역시 북구 동천동 894-1,동천동 894-1,동천동,3,35.9441098,128.5603482
2018,대구광역시 북구 동천동 895-1,동천동 895-1,동천동,2,35.9441121,128.5613649
2018,대구광역시 북구 동천동 895-2,동천동 895-2,동천동,1,35.944067,128.5617397
2018,대구광역시 북구 동천동 895-3,동천동 895-3,동천동,1,35.9440134,128.5620651
2018,대구광역시 북구 동천동 896-2,동천동 896-2,동천동,2,35.943864,128.5633233
2018,대구광역시 북구 동천동 896-6,동천동 896-6,동천동,1,35.9429179,128.5631987
2018,대구광역시 북구 동천동 897-8,동천동 897-8,동천동,1,35.9432573,128.5622812
2018,대구광역시 북구 동천동 898-5,동천동 898-5,동천동,1,35.9428308,128.5626688
2018,대구광역시 북구 동천동 899-2,동천동 899-2,동천동,1,35.9436111,128.5615014
2018,대구광역시 북구 동천동 899-4,동천동 899-4,동천동,1,35.9433512,128.5611622
2018,대구광역시 북구 동천동 900-2,동천동 900-2,동천동,1,35.9429914,128.5613764
2018,대구광역시 북구 동천동 901-1,동천동 901-1,동천동,2,35.9434881,128.5603615
2018,대구광역시 북구 동천동 901-2,동천동 901-2,동천동,1,35.9434517,128.5606327
2018,대구광역시 북구 동천동 901-3,동천동 901-3,동천동,2,35.9432496,128.5604661
2018,대구광역시 북구 동천동 902-1,동천동 902-1,동천동,1,35.9431146,128.5602902
2018,대구광역시 북구 동천동 902-2,동천동 902-2,동천동,1,35.9430802,128.5605589
2018,대구광역시 북구 동천동 904-3,동천동 904-3,동천동,1,35.9431975,128.5596341
2018,대구광역시 북구 동천동 905-1,동천동 905-1,동천동,3,35.9429533,128.5585345
2018,대구광역시 북구 동천동 906-1,동천동 906-1,동천동,2,35.9428907,128.5590361
2018,대구광역시 북구 동천동 906-2,동천동 906-2,동천동,3,35.942859,128.5592984
2018,대구광역시 북구 동천동 906-4,동천동 906-4,동천동,1,35.9427942,128.5598211
2018,대구광역시 북구 동천동 907-8,동천동 907-8,동천동,1,35.9422543,128.5594723
2018,대구광역시 북구 동천동 908-1,동천동 908-1,동천동,3,35.9427399,128.5604779
2018,대구광역시 북구 동천동 908-2,동천동 908-2,동천동,2,35.9425492,128.5604472
2018,대구광역시 북구 동천동 908-3,동천동 908-3,동천동,1,35.9423546,128.5604123
2018,대구광역시 북구 동천동 908-4,동천동 908-4,동천동,1,35.9421483,128.5603706
2018,대구광역시 북구 동천동 909-1,동천동 909-1,동천동,1,35.9426,128.5613002
2018,대구광역시 북구 동천동 909-2,동천동 909-2,동천동,1,35.9423304,128.5612531
2018,대구광역시 북구 동천동 909-3,동천동 909-3,동천동,2,35.9420751,128.5612057
2018,대구광역시 북구 동천동 909-4,동천동 909-4,동천동,4,35.9420874,128.5609274
2018,대구광역시 북구 동천동 909-5,동천동 909-5,동천동,3,35.9422822,128.5609575
2018,대구광역시 북구 동천동 909-6,동천동 909-6,동천동,2,35.9424748,128.5609921
2018,대구광역시 북구 동천동 909-7,동천동 909-7,동천동,2,35.9426667,128.56103
2018,대구광역시 북구 동천동 910-1,동천동 910-1,동천동,2,35.9425576,128.561704
2018,대구광역시 북구 동천동 912-1,동천동 912-1,동천동,1,35.9423754,128.5630954
2018,대구광역시 북구 동천동 912-3,동천동 912-3,동천동,5,35.9418329,128.5629955
2018,대구광역시 북구 동천동 913,동천동 913,동천동,6,35.9409685,128.5593093
2018,대구광역시 북구 동천동 913-3,동천동 913-3,동천동,1,35.9396512,128.5591497
2018,대구광역시 북구 동천동 914,동천동 914,동천동,1,35.9405895,128.5616296
2018,대구광역시 북구 동천동 915,동천동 915,동천동,11,35.9379071,128.5613965
2018,대구광역시 북구 동천동 915-2,동천동 915-2,동천동,1,35.9382316,128.5605812
2018,대구광역시 북구 동천동 929-11,동천동 929-11,동천동,2,35.9374622,128.5570786
2018,대구광역시 북구 동천동 930-1,동천동 930-1,동천동,1,35.9373428,128.5578782
2018,대구광역시 북구 동천동 930-2,동천동 930-2,동천동,1,35.9373009,128.5581929
2018,대구광역시 북구 동천동 931-1,동천동 931-1,동천동,1,35.9372444,128.5586236
2018,대구광역시 북구 동천동 931-4,동천동 931-4,동천동,1,35.9371689,128.5592609
2018,대구광역시 북구 동천동 932-16,동천동 932-16,동천동,1,35.9367962,128.5566962
2018,대구광역시 북구 동천동 932-2,동천동 932-2,동천동,1,35.9370105,128.556931
2018,대구광역시 북구 동천동 932-3,동천동 932-3,동천동,1,35.936995,128.5570573
2018,대구광역시 북구 동천동 933-3,동천동 933-3,동천동,1,35.9367811,128.5582089
2018,대구광역시 북구 동천동 947-11,동천동 947-11,동천동,3,35.9348321,128.5562836
2018,대구광역시 북구 동천동 947-12,동천동 947-12,동천동,2,35.9349566,128.556307
2018,대구광역시 북구 동천동 948-1,동천동 948-1,동천동,1,35.9345238,128.5562189
2018,대구광역시 북구 동천동 949,동천동 949,동천동,1,35.9345828,128.5579583
2018,대구광역시 북구 동천동 950,동천동 950,동천동,14,35.9352556,128.5607025
2018,대구광역시 북구 동천동 950-1,동천동 950-1,동천동,5,35.9344537,128.5592905
2018,대구광역시 북구 동천동 951-2,동천동 951-2,동천동,3,35.9439845,128.5579313
2018,대구광역시 북구 동천동 951-4,동천동 951-4,동천동,3,35.9435912,128.5578658
2018,대구광역시 북구 동천동 952-3,동천동 952-3,동천동,2,35.9429907,128.557755
2018,대구광역시 북구 동천동 953-1,동천동 953-1,동천동,8,35.9440101,128.5570667
2018,대구광역시 북구 동천동 953-2,동천동 953-2,동천동,2,35.9439094,128.5573918
2018,대구광역시 북구 동천동 954-4,동천동 954-4,동천동,1,35.9431087,128.5572655
2018,대구광역시 북구 동천동 954-6,동천동 954-6,동천동,5,35.9432266,128.5567185
2018,대구광역시 북구 동천동 954-7,동천동 954-7,동천동,2,35.9434235,128.556868
2018,대구광역시 북구 동천동 955-1,동천동 955-1,동천동,5,35.9429138,128.5565528
2018,대구광역시 북구 동천동 955-4,동천동 955-4,동천동,3,35.9427729,128.5572251
2018,대구광역시 북구 동천동 955-7,동천동 955-7,동천동,8,35.9426892,128.5565967
2018,대구광역시 북구 동천동 956-3,동천동 956-3,동천동,1,35.9414379,128.5576724
2018,대구광역시 북구 동천동 959,동천동 959,동천동,3,35.9462504,128.5610365
2018,대구광역시 북구 동천동 959-1,동천동 959-1,동천동,2,35.9455198,128.5585713
2018,대구광역시 북구 동천동 959-2,동천동 959-2,동천동,6,35.9453763,128.5612645
2018,대구광역시 북구 동천동 959-3,동천동 959-3,동천동,26,35.9450209,128.5578039
2018,대구광역시 북구 동천동 959-4,동천동 959-4,동천동,20,35.9438733,128.5637104
2018,대구광역시 북구 동천동 959-5,동천동 959-5,동천동,2,35.9460163,128.5554889
2018,대구광역시 북구 동천동 960,동천동 960,동천동,14,35.9433812,128.5582143
2018,대구광역시 북구 동천동 960-1,동천동 960-1,동천동,1,35.942411,128.5569574
2018,대구광역시 북구 동천동 960-2,동천동 960-2,동천동,17,35.9418996,128.5606621
2018,대구광역시 북구 동천동 961,동천동 961,동천동,3,35.9439137,128.5567505
2018,대구광역시 북구 동천동 961-1,동천동 961-1,동천동,16,35.9433808,128.5575458
2018,대구광역시 북구 동천동 962,동천동 962,동천동,23,35.9431685,128.5608464
2018,대구광역시 북구 동천동 962-1,동천동 962-1,동천동,21,35.9435371,128.5589416
2018,대구광역시 북구 동천동 962-2,동천동 962-2,동천동,8,35.9430308,128.5595258
2018,대구광역시 북구 동천동 962-3,동천동 962-3,동천동,20,35.9426652,128.559205
2018,대구광역시 북구 동천동 962-4,동천동 962-4,동천동,6,35.9433113,128.5629676
2018,대구광역시 북구 동천동 962-5,동천동 962-5,동천동,2,35.9433049,128.561627
2018,대구광역시 북구 동천동 962-6,동천동 962-6,동천동,9,35.9427141,128.5621269
2018,대구광역시 북구 동천동 962-7,동천동 962-7,동천동,8,35.9422734,128.562284
2018,대구광역시 북구 동천동 963,동천동 963,동천동,4,35.9396899,128.5581109
2018,대구광역시 북구 동천동 963-1,동천동 963-1,동천동,18,35.9368928,128.5593192
2018,대구광역시 북구 동천동 963-13,동천동 963-13,동천동,2,35.9314506,128.5616796
2018,대구광역시 북구 동천동 963-2,동천동 963-2,동천동,5,35.9393893,128.5601309
2018,대구광역시 북구 동천동 963-3,동천동 963-3,동천동,9,35.9375608,128.5625046
2018,대구광역시 북구 동천동 964-5,동천동 964-5,동천동,1,35.9379227,128.5582856
2018,대구광역시 북구 동천동 965,동천동 965,동천동,6,35.9357478,128.5562467
2018,대구광역시 북구 동천동 965-1,동천동 965-1,동천동,1,35.9355359,128.5576386
2018,대구광역시 북구 동천동 965-2,동천동 965-2,동천동,4,35.9353847,128.559073
2018,대구광역시 북구 동천동 967-1,동천동 967-1,동천동,1,35.9358018,128.5588745
2018,대구광역시 북구 동천동 967-3,동천동 967-3,동천동,1,35.935099,128.5580724
2018,대구광역시 북구 동천동 968,동천동 968,동천동,8,35.9448664,128.5559438
2018,대구광역시 북구 동천동 969-2,동천동 969-2,동천동,1,35.9440434,128.5548584
2018,대구광역시 북구 동천동 969-7,동천동 969-7,동천동,1,35.9431476,128.5556475
2018,대구광역시 북구 동천동 969-8,동천동 969-8,동천동,2,35.9430521,128.5558998
2018,대구광역시 북구 동천동 969-9,동천동 969-9,동천동,2,35.9429668,128.5561335
2018,대구광역시 북구 동천동 970-4,동천동 970-4,동천동,1,35.9436355,128.5554744
2018,대구광역시 북구 동천동 971-4,동천동 971-4,동천동,3,35.943653,128.5559208
2018,대구광역시 북구 동천동 971-5,동천동 971-5,동천동,1,35.943451,128.5558188
2018,대구광역시 북구 동천동 972,동천동 972,동천동,14,35.9442175,128.5556387
2018,대구광역시 북구 동천동 972-1,동천동 972-1,동천동,15,35.9436809,128.5552167
2018,대구광역시 북구 동천동 972-3,동천동 972-3,동천동,1,35.943939,128.5545055
2018,대구광역시 북구 동호동 151-1,동호동 151-1,동호동,1,35.9597193,128.5615301
2018,대구광역시 북구 동호동 187-5,동호동 187-5,동호동,9,35.9565729,128.559709
2018,대구광역시 북구 동호동 187-7,동호동 187-7,동호동,1,35.9582831,128.5602509
2018,대구광역시 북구 동호동 187-9,동호동 187-9,동호동,1,35.9592204,128.5599956
2018,대구광역시 북구 동호동 189,동호동 189,동호동,7,35.957376,128.5611068
2018,대구광역시 북구 동호동 189-3,동호동 189-3,동호동,4,35.9577034,128.5598403
2018,대구광역시 북구 동호동 191-1,동호동 191-1,동호동,7,35.9566241,128.5621676
2018,대구광역시 북구 동호동 204-20,동호동 204-20,동호동,1,35.957311,128.5597874
2018,대구광역시 북구 동호동 204-21,동호동 204-21,동호동,1,35.9572134,128.5596469
2018,대구광역시 북구 동호동 209-1,동호동 209-1,동호동,1,35.9584372,128.5598659
2018,대구광역시 북구 동호동 407-1,동호동 407-1,동호동,1,35.9591526,128.5546785
2018,대구광역시 북구 동호동 463-2,동호동 463-2,동호동,3,35.9582628,128.5583095
2018,대구광역시 북구 동호동 475,동호동 475,동호동,1,35.9570909,128.5594312
2018,대구광역시 북구 매천동 154,매천동 154,매천동,1,35.9116517,128.542412
2018,대구광역시 북구 매천동 200-1,매천동 200-1,매천동,1,35.9087609,128.5418898
2018,대구광역시 북구 매천동 226-3,매천동 226-3,매천동,1,35.9087553,128.541597
2018,대구광역시 북구 매천동 303,매천동 303,매천동,1,35.9042706,128.5432651
2018,대구광역시 북구 매천동 370,매천동 370,매천동,13,35.9039352,128.5445152
2018,대구광역시 북구 매천동 478,매천동 478,매천동,1,35.905139,128.5401162
2018,대구광역시 북구 매천동 496,매천동 496,매천동,1,35.9040147,128.5389323
2018,대구광역시 북구 매천동 526,매천동 526,매천동,1,35.9023606,128.5401863
2018,대구광역시 북구 매천동 527-3,매천동 527-3,매천동,7,35.9025834,128.5431864
2018,대구광역시 북구 매천동 618-1,매천동 618-1,매천동,9,35.913722,128.542512
2018,대구광역시 북구 매천동 618-30,매천동 618-30,매천동,1,35.8997506,128.5472225
2018,대구광역시 북구 매천동 669,매천동 669,매천동,1,35.9094734,128.5458624
2018,대구광역시 북구 매천동 670,매천동 670,매천동,1,35.9110349,128.5434528
2018,대구광역시 북구 매천동 671,매천동 671,매천동,1,35.9091878,128.5447674
2018,대구광역시 북구 매천동 677,매천동 677,매천동,7,35.9087726,128.5439477
2018,대구광역시 북구 매천동 677-1,매천동 677-1,매천동,8,35.9076539,128.5431197
2018,대구광역시 북구 매천동 677-2,매천동 677-2,매천동,1,35.9084065,128.5452719
2018,대구광역시 북구 매천동 693,매천동 693,매천동,3,35.9080937,128.5425583
2018,대구광역시 북구 매천동 718,매천동 718,매천동,1,35.9078217,128.5423897
2018,대구광역시 북구 매천동 741,매천동 741,매천동,2,35.9074481,128.5458724
2018,대구광역시 북구 매천동 743,매천동 743,매천동,1,35.9082938,128.5460126
2018,대구광역시 북구 매천동 745,매천동 745,매천동,1,35.9063635,128.5448955
2018,대구광역시 북구 복현동 134,복현동 134,복현동,1,35.8996634,128.6217322
2018,대구광역시 북구 복현동 146-15,복현동 146-15,복현동,1,35.9003412,128.6230591
2018,대구광역시 북구 복현동 156-2,복현동 156-2,복현동,1,35.900086,128.6232045
2018,대구광역시 북구 복현동 190-1,복현동 190-1,복현동,7,35.8993849,128.6202868
2018,대구광역시 북구 복현동 200-5,복현동 200-5,복현동,1,35.8971494,128.6161111
2018,대구광역시 북구 복현동 201-19,복현동 201-19,복현동,1,35.8962139,128.6175275
2018,대구광역시 북구 복현동 201-20,복현동 201-20,복현동,1,35.8961863,128.6173485
2018,대구광역시 북구 복현동 201-22,복현동 201-22,복현동,1,35.8956577,128.6180303
2018,대구광역시 북구 복현동 201-3,복현동 201-3,복현동,13,35.8963933,128.6181137
2018,대구광역시 북구 복현동 21,복현동 21,복현동,1,35.9054628,128.6207872
2018,대구광역시 북구 복현동 210-1,복현동 210-1,복현동,1,35.8976082,128.6182657
2018,대구광역시 북구 복현동 218,복현동 218,복현동,8,35.896121,128.6221138
2018,대구광역시 북구 복현동 234-11,복현동 234-11,복현동,2,35.8987537,128.6222633
2018,대구광역시 북구 복현동 235-1,복현동 235-1,복현동,14,35.8958308,128.6239868
2018,대구광역시 북구 복현동 235-7,복현동 235-7,복현동,5,35.8951671,128.6239822
2018,대구광역시 북구 복현동 241-1,복현동 241-1,복현동,2,35.8967966,128.6249172
2018,대구광역시 북구 복현동 265-10,복현동 265-10,복현동,2,35.898297,128.6240997
2018,대구광역시 북구 복현동 265-12,복현동 265-12,복현동,2,35.8982828,128.62422
2018,대구광역시 북구 복현동 265-5,복현동 265-5,복현동,1,35.8982617,128.6240101
2018,대구광역시 북구 복현동 301-13,복현동 301-13,복현동,1,35.894413,128.6251844
2018,대구광역시 북구 복현동 301-8,복현동 301-8,복현동,1,35.8945638,128.624956
2018,대구광역시 북구 복현동 310-2,복현동 310-2,복현동,1,35.8936425,128.6309923
2018,대구광역시 북구 복현동 318,복현동 318,복현동,2,35.8919082,128.626352
2018,대구광역시 북구 복현동 320-1,복현동 320-1,복현동,5,35.8952676,128.6196533
2018,대구광역시 북구 복현동 320-12,복현동 320-12,복현동,1,35.8945134,128.6193124
2018,대구광역시 북구 복현동 33,복현동 33,복현동,13,35.905291,128.6200599
2018,대구광역시 북구 복현동 33-3,복현동 33-3,복현동,1,35.904782,128.6202982
2018,대구광역시 북구 복현동 33-4,복현동 33-4,복현동,1,35.9049142,128.6200522
2018,대구광역시 북구 복현동 336-2,복현동 336-2,복현동,2,35.8947151,128.6238982
2018,대구광역시 북구 복현동 336-22,복현동 336-22,복현동,1,35.8948338,128.6240913
2018,대구광역시 북구 복현동 336-5,복현동 336-5,복현동,6,35.8939141,128.6231753
2018,대구광역시 북구 복현동 336-8,복현동 336-8,복현동,1,35.8943339,128.623401
2018,대구광역시 북구 복현동 337-10,복현동 337-10,복현동,1,35.8936987,128.623071
2018,대구광역시 북구 복현동 337-2,복현동 337-2,복현동,1,35.893582,128.6228767
2018,대구광역시 북구 복현동 337-4,복현동 337-4,복현동,1,35.8933146,128.6226414
2018,대구광역시 북구 복현동 337-8,복현동 337-8,복현동,2,35.8928882,128.6223395
2018,대구광역시 북구 복현동 337-9,복현동 337-9,복현동,2,35.8927599,128.622137
2018,대구광역시 북구 복현동 338-29,복현동 338-29,복현동,1,35.8930421,128.6222699
2018,대구광역시 북구 복현동 338-8,복현동 338-8,복현동,1,35.892912,128.6219075
2018,대구광역시 북구 복현동 338-9,복현동 338-9,복현동,7,35.8928177,128.6218158
2018,대구광역시 북구 복현동 339-33,복현동 339-33,복현동,1,35.8938845,128.6202243
2018,대구광역시 북구 복현동 340-30,복현동 340-30,복현동,14,35.8930683,128.6216117
2018,대구광역시 북구 복현동 340-32,복현동 340-32,복현동,1,35.8934056,128.6208759
2018,대구광역시 북구 복현동 340-33,복현동 340-33,복현동,1,35.8935092,128.6207244
2018,대구광역시 북구 복현동 340-37,복현동 340-37,복현동,1,35.8931739,128.6211619
2018,대구광역시 북구 복현동 340-42,복현동 340-42,복현동,1,35.8935578,128.6205348
2018,대구광역시 북구 복현동 340-45,복현동 340-45,복현동,2,35.8933021,128.6210457
2018,대구광역시 북구 복현동 340-6,복현동 340-6,복현동,4,35.8938929,128.6200688
2018,대구광역시 북구 복현동 340-7,복현동 340-7,복현동,1,35.8937223,128.6202675
2018,대구광역시 북구 복현동 341,복현동 341,복현동,2,35.8908095,128.627226
2018,대구광역시 북구 복현동 360-32,복현동 360-32,복현동,2,35.8942347,128.6251258
2018,대구광역시 북구 복현동 360-33,복현동 360-33,복현동,1,35.8941423,128.6251995
2018,대구광역시 북구 복현동 360-46,복현동 360-46,복현동,1,35.8941953,128.6242425
2018,대구광역시 북구 복현동 360-6,복현동 360-6,복현동,1,35.8939703,128.6239679
2018,대구광역시 북구 복현동 360-61,복현동 360-61,복현동,1,35.8939708,128.6250389
2018,대구광역시 북구 복현동 360-70,복현동 360-70,복현동,1,35.8941755,128.6250724
2018,대구광역시 북구 복현동 361-19,복현동 361-19,복현동,1,35.8933173,128.6236818
2018,대구광역시 북구 복현동 361-29,복현동 361-29,복현동,2,35.8932025,128.6237705
2018,대구광역시 북구 복현동 364-3,복현동 364-3,복현동,1,35.8925221,128.6227867
2018,대구광역시 북구 복현동 364-4,복현동 364-4,복현동,1,35.8924647,128.6229188
2018,대구광역시 북구 복현동 364-6,복현동 364-6,복현동,1,35.8923652,128.6231456
2018,대구광역시 북구 복현동 364-7,복현동 364-7,복현동,3,35.892211,128.623238
2018,대구광역시 북구 복현동 364-8,복현동 364-8,복현동,1,35.8922341,128.6234361
2018,대구광역시 북구 복현동 364-9,복현동 364-9,복현동,2,35.8921766,128.6235655
2018,대구광역시 북구 복현동 368-1,복현동 368-1,복현동,8,35.8930165,128.6259793
2018,대구광역시 북구 복현동 37,복현동 37,복현동,1,35.9044823,128.6201503
2018,대구광역시 북구 복현동 37-1,복현동 37-1,복현동,1,35.9039571,128.6205392
2018,대구광역시 북구 복현동 371-7,복현동 371-7,복현동,2,35.8921624,128.6259915
2018,대구광역시 북구 복현동 373-1,복현동 373-1,복현동,1,35.8924294,128.6248997
2018,대구광역시 북구 복현동 375-39,복현동 375-39,복현동,1,35.891724,128.6248696
2018,대구광역시 북구 복현동 376-20,복현동 376-20,복현동,3,35.8913454,128.6252856
2018,대구광역시 북구 복현동 39,복현동 39,복현동,1,35.9046658,128.6203767
2018,대구광역시 북구 복현동 39-7,복현동 39-7,복현동,2,35.9045677,128.620407
2018,대구광역시 북구 복현동 39-8,복현동 39-8,복현동,2,35.9044295,128.6204368
2018,대구광역시 북구 복현동 39-9,복현동 39-9,복현동,1,35.9045703,128.6205322
2018,대구광역시 북구 복현동 400-3,복현동 400-3,복현동,1,35.8968903,128.6154882
2018,대구광역시 북구 복현동 401-2,복현동 401-2,복현동,1,35.8967896,128.6145515
2018,대구광역시 북구 복현동 401-3,복현동 401-3,복현동,3,35.8966996,128.6144551
2018,대구광역시 북구 복현동 402-2,복현동 402-2,복현동,1,35.896452,128.6141707
2018,대구광역시 북구 복현동 402-8,복현동 402-8,복현동,1,35.8959071,128.6135117
2018,대구광역시 북구 복현동 402-9,복현동 402-9,복현동,2,35.896462,128.6143911
2018,대구광역시 북구 복현동 403-6,복현동 403-6,복현동,1,35.8959553,128.614009
2018,대구광역시 북구 복현동 404-1,복현동 404-1,복현동,4,35.8951989,128.6142783
2018,대구광역시 북구 복현동 405-1,복현동 405-1,복현동,1,35.8950967,128.614401
2018,대구광역시 북구 복현동 405-5,복현동 405-5,복현동,3,35.8950294,128.6144846
2018,대구광역시 북구 복현동 413-20,복현동 413-20,복현동,1,35.8958928,128.6156391
2018,대구광역시 북구 복현동 416-2,복현동 416-2,복현동,2,35.8963019,128.6161213
2018,대구광역시 북구 복현동 418-1,복현동 418-1,복현동,3,35.8956217,128.61618
2018,대구광역시 북구 복현동 419-2,복현동 419-2,복현동,1,35.8947076,128.6154093
2018,대구광역시 북구 복현동 419-3,복현동 419-3,복현동,1,35.8946441,128.6154891
2018,대구광역시 북구 복현동 419-33,복현동 419-33,복현동,1,35.8945812,128.6155691
2018,대구광역시 북구 복현동 419-37,복현동 419-37,복현동,1,35.8944246,128.6160993
2018,대구광역시 북구 복현동 419-38,복현동 419-38,복현동,18,35.8943213,128.6162274
2018,대구광역시 북구 복현동 419-39,복현동 419-39,복현동,6,35.8942202,128.6163493
2018,대구광역시 북구 복현동 419-40,복현동 419-40,복현동,1,35.8940712,128.6162012
2018,대구광역시 북구 복현동 419-41,복현동 419-41,복현동,9,35.894178,128.6160623
2018,대구광역시 북구 복현동 419-42,복현동 419-42,복현동,4,35.8943242,128.6158779
2018,대구광역시 북구 복현동 419-43,복현동 419-43,복현동,3,35.8944709,128.6156943
2018,대구광역시 북구 복현동 421-1,복현동 421-1,복현동,21,35.8947581,128.6163166
2018,대구광역시 북구 복현동 423,복현동 423,복현동,8,35.8951145,128.6166326
2018,대구광역시 북구 복현동 424-3,복현동 424-3,복현동,10,35.8949931,128.6169787
2018,대구광역시 북구 복현동 424-4,복현동 424-4,복현동,1,35.8949269,128.617158
2018,대구광역시 북구 복현동 424-5,복현동 424-5,복현동,1,35.8948551,128.6170734
2018,대구광역시 북구 복현동 425-10,복현동 425-10,복현동,2,35.8950645,128.6173268
2018,대구광역시 북구 복현동 425-4,복현동 425-4,복현동,1,35.8951663,128.6171967
2018,대구광역시 북구 복현동 425-5,복현동 425-5,복현동,2,35.8952693,128.6170655
2018,대구광역시 북구 복현동 426-1,복현동 426-1,복현동,1,35.8959441,128.6166667
2018,대구광역시 북구 복현동 426-10,복현동 426-10,복현동,3,35.8953358,128.6173468
2018,대구광역시 북구 복현동 426-7,복현동 426-7,복현동,3,35.8952171,128.6174959
2018,대구광역시 북구 복현동 427-10,복현동 427-10,복현동,1,35.8947527,128.6180824
2018,대구광역시 북구 복현동 427-2,복현동 427-2,복현동,2,35.8949086,128.6178872
2018,대구광역시 북구 복현동 427-3,복현동 427-3,복현동,2,35.8948255,128.6179896
2018,대구광역시 북구 복현동 427-5,복현동 427-5,복현동,1,35.8945739,128.6183091
2018,대구광역시 북구 복현동 427-6,복현동 427-6,복현동,5,35.8944264,128.6184951
2018,대구광역시 북구 복현동 427-7,복현동 427-7,복현동,1,35.8942956,128.6186583
2018,대구광역시 북구 복현동 427-8,복현동 427-8,복현동,1,35.8942296,128.6187451
2018,대구광역시 북구 복현동 431-2,복현동 431-2,복현동,1,35.8941743,128.618015
2018,대구광역시 북구 복현동 431-6,복현동 431-6,복현동,1,35.8939131,128.6183803
2018,대구광역시 북구 복현동 434-8,복현동 434-8,복현동,1,35.8933324,128.6178962
2018,대구광역시 북구 복현동 437-6,복현동 437-6,복현동,1,35.8931858,128.6162074
2018,대구광역시 북구 복현동 441-1,복현동 441-1,복현동,1,35.892998,128.616684
2018,대구광역시 북구 복현동 441-6,복현동 441-6,복현동,2,35.8926158,128.6171652
2018,대구광역시 북구 복현동 443-3,복현동 443-3,복현동,1,35.8923153,128.6167296
2018,대구광역시 북구 복현동 446-5,복현동 446-5,복현동,1,35.8913439,128.6179786
2018,대구광역시 북구 복현동 447,복현동 447,복현동,6,35.8919007,128.6178519
2018,대구광역시 북구 복현동 451-5,복현동 451-5,복현동,1,35.8921839,128.618943
2018,대구광역시 북구 복현동 452-17,복현동 452-17,복현동,6,35.8924296,128.6195211
2018,대구광역시 북구 복현동 455-13,복현동 455-13,복현동,1,35.8930433,128.6181803
2018,대구광역시 북구 복현동 457-8,복현동 457-8,복현동,1,35.8932631,128.6191975
2018,대구광역시 북구 복현동 458-1,복현동 458-1,복현동,1,35.8939508,128.6187293
2018,대구광역시 북구 복현동 459-1,복현동 459-1,복현동,4,35.894097,128.6189095
2018,대구광역시 북구 복현동 459-3,복현동 459-3,복현동,1,35.8939286,128.6191276
2018,대구광역시 북구 복현동 459-5,복현동 459-5,복현동,1,35.8937612,128.6193375
2018,대구광역시 북구 복현동 459-6,복현동 459-6,복현동,3,35.8936751,128.6194471
2018,대구광역시 북구 복현동 459-7,복현동 459-7,복현동,5,35.8934709,128.6195071
2018,대구광역시 북구 복현동 460-1,복현동 460-1,복현동,1,35.8933546,128.6198531
2018,대구광역시 북구 복현동 468-2,복현동 468-2,복현동,1,35.8906215,128.6188868
2018,대구광역시 북구 복현동 470-1,복현동 470-1,복현동,2,35.8910125,128.619604
2018,대구광역시 북구 복현동 472-1,복현동 472-1,복현동,3,35.8916649,128.6204556
2018,대구광역시 북구 복현동 476-7,복현동 476-7,복현동,1,35.8920516,128.6210522
2018,대구광역시 북구 복현동 476-9,복현동 476-9,복현동,1,35.8922239,128.6209081
2018,대구광역시 북구 복현동 477-4,복현동 477-4,복현동,2,35.8922241,128.6210798
2018,대구광역시 북구 복현동 478-5,복현동 478-5,복현동,6,35.8922912,128.6212201
2018,대구광역시 북구 복현동 478-6,복현동 478-6,복현동,2,35.8924246,128.6211517
2018,대구광역시 북구 복현동 479-4,복현동 479-4,복현동,5,35.8923481,128.6215925
2018,대구광역시 북구 복현동 484-55,복현동 484-55,복현동,1,35.8903588,128.6181095
2018,대구광역시 북구 복현동 484-61,복현동 484-61,복현동,1,35.8904089,128.6178766
2018,대구광역시 북구 복현동 484-65,복현동 484-65,복현동,1,35.8902424,128.6179419
2018,대구광역시 북구 복현동 484-75,복현동 484-75,복현동,1,35.8900951,128.6179022
2018,대구광역시 북구 복현동 536-2,복현동 536-2,복현동,1,35.8983154,128.6166104
2018,대구광역시 북구 복현동 539-1,복현동 539-1,복현동,1,35.9048148,128.6182747
2018,대구광역시 북구 복현동 539-110,복현동 539-110,복현동,4,35.9023657,128.6172938
2018,대구광역시 북구 복현동 539-111,복현동 539-111,복현동,1,35.9014464,128.6170627
2018,대구광역시 북구 복현동 539-113,복현동 539-113,복현동,5,35.9006231,128.6169295
2018,대구광역시 북구 복현동 539-114,복현동 539-114,복현동,2,35.8997781,128.6164881
2018,대구광역시 북구 복현동 539-123,복현동 539-123,복현동,1,35.8980965,128.615422
2018,대구광역시 북구 복현동 539-146,복현동 539-146,복현동,3,35.9049016,128.617567
2018,대구광역시 북구 복현동 539-151,복현동 539-151,복현동,1,35.8986627,128.6155362
2018,대구광역시 북구 복현동 539-153,복현동 539-153,복현동,1,35.898653,128.6161069
2018,대구광역시 북구 복현동 539-166,복현동 539-166,복현동,1,35.900116,128.6178378
2018,대구광역시 북구 복현동 539-7,복현동 539-7,복현동,34,35.9007539,128.615781
2018,대구광역시 북구 복현동 539-92,복현동 539-92,복현동,1,35.9053432,128.6180346
2018,대구광역시 북구 복현동 540-1,복현동 540-1,복현동,6,35.9028216,128.6194262
2018,대구광역시 북구 복현동 544-2,복현동 544-2,복현동,2,35.899422,128.6151413
2018,대구광역시 북구 복현동 569,복현동 569,복현동,3,35.8954578,128.6136644
2018,대구광역시 북구 복현동 570,복현동 570,복현동,1,35.8953259,128.6140308
2018,대구광역시 북구 복현동 573,복현동 573,복현동,8,35.8927398,128.6127204
2018,대구광역시 북구 복현동 573-13,복현동 573-13,복현동,1,35.8924463,128.6141269
2018,대구광역시 북구 복현동 574,복현동 574,복현동,11,35.8952825,128.6134538
2018,대구광역시 북구 복현동 58,복현동 58,복현동,2,35.9038037,128.620382
2018,대구광역시 북구 복현동 595-124,복현동 595-124,복현동,1,35.8943128,128.6154331
2018,대구광역시 북구 복현동 595-129,복현동 595-129,복현동,1,35.8938893,128.6156999
2018,대구광역시 북구 복현동 595-135,복현동 595-135,복현동,1,35.8937438,128.6161941
2018,대구광역시 북구 복현동 595-165,복현동 595-165,복현동,1,35.8933921,128.6161363
2018,대구광역시 북구 복현동 595-65,복현동 595-65,복현동,1,35.8938649,128.6153379
2018,대구광역시 북구 복현동 595-83,복현동 595-83,복현동,2,35.8942825,128.6155117
2018,대구광역시 북구 복현동 617-8,복현동 617-8,복현동,1,35.8902935,128.6172895
2018,대구광역시 북구 복현동 618-10,복현동 618-10,복현동,6,35.8893259,128.6172092
2018,대구광역시 북구 복현동 618-14,복현동 618-14,복현동,2,35.8894375,128.6171163
2018,대구광역시 북구 복현동 618-15,복현동 618-15,복현동,4,35.8893272,128.6170097
2018,대구광역시 북구 복현동 618-20,복현동 618-20,복현동,1,35.8892538,128.6169487
2018,대구광역시 북구 복현동 618-28,복현동 618-28,복현동,1,35.8893413,128.6171176
2018,대구광역시 북구 복현동 618-35,복현동 618-35,복현동,2,35.889532,128.6162729
2018,대구광역시 북구 복현동 618-37,복현동 618-37,복현동,2,35.8894169,128.6164662
2018,대구광역시 북구 복현동 618-38,복현동 618-38,복현동,2,35.8890829,128.6166158
2018,대구광역시 북구 복현동 618-9,복현동 618-9,복현동,1,35.8894117,128.6161171
2018,대구광역시 북구 복현동 620,복현동 620,복현동,1,35.8997515,128.628139
2018,대구광역시 북구 복현동 623,복현동 623,복현동,451,35.8945826,128.6188058
2018,대구광역시 북구 복현동 623-31,복현동 623-31,복현동,3,35.8997326,128.6208288
2018,대구광역시 북구 복현동 625-5,복현동 625-5,복현동,1,35.9054618,128.6207086
2018,대구광역시 북구 복현동 639-12,복현동 639-12,복현동,2,35.9055474,128.6183223
2018,대구광역시 북구 복현동 681,복현동 681,복현동,1,35.8901393,128.6182677
2018,대구광역시 북구 복현동 69,복현동 69,복현동,3,35.9027534,128.6183258
2018,대구광역시 북구 복현동 694,복현동 694,복현동,6,35.8912741,128.6278901
2018,대구광역시 북구 복현동 701,복현동 701,복현동,10,35.9013087,128.6191716
2018,대구광역시 북구 복현동 702,복현동 702,복현동,5,35.9008204,128.6197286
2018,대구광역시 북구 복현동 72-2,복현동 72-2,복현동,6,35.9012555,128.6191383
2018,대구광역시 북구 복현동 72-6,복현동 72-6,복현동,13,35.9006189,128.6189369
2018,대구광역시 북구 복현동 76-1,복현동 76-1,복현동,9,35.8999342,128.6185832
2018,대구광역시 북구 복현동 78-10,복현동 78-10,복현동,1,35.8990818,128.6175446
2018,대구광역시 북구 복현동 78-8,복현동 78-8,복현동,1,35.8997556,128.6175076
2018,대구광역시 북구 복현동 79,복현동 79,복현동,4,35.8991625,128.6184099
2018,대구광역시 북구 복현동 79-2,복현동 79-2,복현동,1,35.8995458,128.6186454
2018,대구광역시 북구 복현동 79-3,복현동 79-3,복현동,1,35.8994107,128.6183673
2018,대구광역시 북구 복현동 89-1,복현동 89-1,복현동,1,35.9001767,128.6206227
2018,대구광역시 북구 복현동 89-3,복현동 89-3,복현동,2,35.9000399,128.6205836
2018,대구광역시 북구 복현동 산 68-1,복현동 산 68-1,복현동,1,35.8900601,128.6157633
2018,대구광역시 북구 사수동 1008,사수동 1008,사수동,1,35.8990538,128.5155129
2018,대구광역시 북구 사수동 1015,사수동 1015,사수동,1,35.8948051,128.5154584
2018,대구광역시 북구 사수동 110,사수동 110,사수동,1,35.8967492,128.5182418
2018,대구광역시 북구 사수동 112,사수동 112,사수동,2,35.8969143,128.5180962
2018,대구광역시 북구 사수동 117,사수동 117,사수동,5,35.8970592,128.5185435
2018,대구광역시 북구 사수동 133-4,사수동 133-4,사수동,3,35.897759,128.5169287
2018,대구광역시 북구 사수동 155,사수동 155,사수동,1,35.898913,128.5167343
2018,대구광역시 북구 사수동 156,사수동 156,사수동,1,35.8988574,128.5162435
2018,대구광역시 북구 사수동 157-1,사수동 157-1,사수동,1,35.8988173,128.5161668
2018,대구광역시 북구 사수동 158-1,사수동 158-1,사수동,2,35.8985394,128.5164314
2018,대구광역시 북구 사수동 159,사수동 159,사수동,1,35.8986247,128.5165654
2018,대구광역시 북구 사수동 167,사수동 167,사수동,2,35.8971717,128.5163918
2018,대구광역시 북구 사수동 171,사수동 171,사수동,1,35.8968824,128.5165293
2018,대구광역시 북구 사수동 172,사수동 172,사수동,1,35.8972408,128.5161078
2018,대구광역시 북구 사수동 176-1,사수동 176-1,사수동,19,35.8973282,128.5156079
2018,대구광역시 북구 사수동 176-2,사수동 176-2,사수동,1,35.8971812,128.5154557
2018,대구광역시 북구 사수동 177,사수동 177,사수동,1,35.8969578,128.5156567
2018,대구광역시 북구 사수동 211,사수동 211,사수동,1,35.898312,128.5145852
2018,대구광역시 북구 사수동 221,사수동 221,사수동,1,35.8990141,128.5149656
2018,대구광역시 북구 사수동 222-2,사수동 222-2,사수동,7,35.8988473,128.5155665
2018,대구광역시 북구 사수동 222-3,사수동 222-3,사수동,4,35.8989696,128.5158012
2018,대구광역시 북구 사수동 223,사수동 223,사수동,2,35.8986432,128.5155339
2018,대구광역시 북구 사수동 225,사수동 225,사수동,1,35.8985146,128.5154007
2018,대구광역시 북구 사수동 228-2,사수동 228-2,사수동,1,35.8979593,128.5160985
2018,대구광역시 북구 사수동 230-2,사수동 230-2,사수동,16,35.898644,128.5159895
2018,대구광역시 북구 사수동 231-7,사수동 231-7,사수동,2,35.899649,128.5162065
2018,대구광역시 북구 사수동 231-9,사수동 231-9,사수동,1,35.899023,128.5159712
2018,대구광역시 북구 사수동 232-1,사수동 232-1,사수동,1,35.8993775,128.5163766
2018,대구광역시 북구 사수동 258,사수동 258,사수동,1,35.9014072,128.513467
2018,대구광역시 북구 사수동 259,사수동 259,사수동,1,35.901594,128.5138296
2018,대구광역시 북구 사수동 280,사수동 280,사수동,1,35.9008468,128.516776
2018,대구광역시 북구 사수동 281-1,사수동 281-1,사수동,1,35.9010123,128.5170905
2018,대구광역시 북구 사수동 309-2,사수동 309-2,사수동,1,35.9017408,128.5134862
2018,대구광역시 북구 사수동 313,사수동 313,사수동,1,35.902476,128.5136457
2018,대구광역시 북구 사수동 348,사수동 348,사수동,1,35.9034998,128.5126595
2018,대구광역시 북구 사수동 389,사수동 389,사수동,1,35.901732,128.5126887
2018,대구광역시 북구 사수동 399,사수동 399,사수동,1,35.9018382,128.5129631
2018,대구광역시 북구 사수동 402,사수동 402,사수동,1,35.9016748,128.51316
2018,대구광역시 북구 사수동 426-1,사수동 426-1,사수동,1,35.901504,128.5117661
2018,대구광역시 북구 사수동 426-2,사수동 426-2,사수동,1,35.9013241,128.511402
2018,대구광역시 북구 사수동 438,사수동 438,사수동,2,35.9026698,128.5112064
2018,대구광역시 북구 사수동 453,사수동 453,사수동,1,35.9018155,128.5102359
2018,대구광역시 북구 사수동 484,사수동 484,사수동,1,35.8993798,128.5093521
2018,대구광역시 북구 사수동 485,사수동 485,사수동,1,35.8993546,128.5091145
2018,대구광역시 북구 사수동 486,사수동 486,사수동,1,35.8994895,128.5088444
2018,대구광역시 북구 사수동 501-1,사수동 501-1,사수동,1,35.8985067,128.5087357
2018,대구광역시 북구 사수동 512-3,사수동 512-3,사수동,1,35.8983413,128.5096082
2018,대구광역시 북구 사수동 555-1,사수동 555-1,사수동,1,35.898382,128.5101805
2018,대구광역시 북구 사수동 555-2,사수동 555-2,사수동,1,35.8982424,128.5099615
2018,대구광역시 북구 사수동 556-4,사수동 556-4,사수동,2,35.8986968,128.5102852
2018,대구광역시 북구 사수동 557-1,사수동 557-1,사수동,1,35.8991486,128.5106095
2018,대구광역시 북구 사수동 559-2,사수동 559-2,사수동,1,35.8992788,128.510407
2018,대구광역시 북구 사수동 560-2,사수동 560-2,사수동,1,35.8987242,128.5098611
2018,대구광역시 북구 사수동 561,사수동 561,사수동,1,35.8989763,128.5098588
2018,대구광역시 북구 사수동 564,사수동 564,사수동,1,35.8993116,128.5097003
2018,대구광역시 북구 사수동 579,사수동 579,사수동,1,35.8991757,128.511157
2018,대구광역시 북구 사수동 627,사수동 627,사수동,3,35.8975674,128.5129628
2018,대구광역시 북구 사수동 627-1,사수동 627-1,사수동,1,35.8974364,128.5126178
2018,대구광역시 북구 사수동 632-6,사수동 632-6,사수동,1,35.8971343,128.5123105
2018,대구광역시 북구 사수동 633-2,사수동 633-2,사수동,2,35.8972569,128.5115749
2018,대구광역시 북구 사수동 633-3,사수동 633-3,사수동,3,35.8970599,128.5112219
2018,대구광역시 북구 사수동 634-1,사수동 634-1,사수동,1,35.8972689,128.5098068
2018,대구광역시 북구 사수동 635,사수동 635,사수동,1,35.8971252,128.509134
2018,대구광역시 북구 사수동 64,사수동 64,사수동,2,35.8965656,128.5166644
2018,대구광역시 북구 사수동 646,사수동 646,사수동,1,35.8958366,128.512888
2018,대구광역시 북구 사수동 648,사수동 648,사수동,1,35.8958669,128.5119335
2018,대구광역시 북구 사수동 68,사수동 68,사수동,1,35.896008,128.51631
2018,대구광역시 북구 사수동 692,사수동 692,사수동,1,35.8958572,128.5103161
2018,대구광역시 북구 사수동 735-12,사수동 735-12,사수동,3,35.8987867,128.5108008
2018,대구광역시 북구 사수동 735-15,사수동 735-15,사수동,3,35.8976921,128.5148988
2018,대구광역시 북구 사수동 735-19,사수동 735-19,사수동,2,35.8973792,128.5092428
2018,대구광역시 북구 사수동 743,사수동 743,사수동,2,35.8978825,128.5160052
2018,대구광역시 북구 사수동 77,사수동 77,사수동,1,35.897059,128.515265
2018,대구광역시 북구 사수동 771,사수동 771,사수동,2,35.8979203,128.5085972
2018,대구광역시 북구 사수동 777,사수동 777,사수동,2,35.8981053,128.5094089
2018,대구광역시 북구 사수동 784,사수동 784,사수동,2,35.900263,128.5089641
2018,대구광역시 북구 사수동 787,사수동 787,사수동,2,35.9027592,128.5117592
2018,대구광역시 북구 사수동 803,사수동 803,사수동,6,35.9001559,128.5114853
2018,대구광역시 북구 사수동 810,사수동 810,사수동,1,35.8992327,128.5132363
2018,대구광역시 북구 사수동 82-10,사수동 82-10,사수동,1,35.8958114,128.5146125
2018,대구광역시 북구 사수동 82-5,사수동 82-5,사수동,1,35.8964146,128.5147927
2018,대구광역시 북구 사수동 82-6,사수동 82-6,사수동,1,35.8960045,128.5148028
2018,대구광역시 북구 사수동 821,사수동 821,사수동,1,35.8989814,128.5099163
2018,대구광역시 북구 사수동 822,사수동 822,사수동,2,35.8988131,128.5099047
2018,대구광역시 북구 사수동 824,사수동 824,사수동,2,35.8984678,128.5098892
2018,대구광역시 북구 사수동 825,사수동 825,사수동,1,35.8982975,128.5098815
2018,대구광역시 북구 사수동 826,사수동 826,사수동,3,35.8989179,128.5103516
2018,대구광역시 북구 사수동 827,사수동 827,사수동,1,35.8989094,128.510631
2018,대구광역시 북구 사수동 828,사수동 828,사수동,5,35.8986404,128.5103377
2018,대구광역시 북구 사수동 83,사수동 83,사수동,1,35.895433,128.514886
2018,대구광역시 북구 사수동 833,사수동 833,사수동,6,35.8979144,128.5115761
2018,대구광역시 북구 사수동 834,사수동 834,사수동,1,35.8976154,128.5097338
2018,대구광역시 북구 사수동 837,사수동 837,사수동,5,35.8981508,128.5153874
2018,대구광역시 북구 사수동 84,사수동 84,사수동,1,35.8950409,128.5142551
2018,대구광역시 북구 사수동 847,사수동 847,사수동,1,35.8963245,128.509751
2018,대구광역시 북구 사수동 86-1,사수동 86-1,사수동,1,35.8954156,128.5143945
2018,대구광역시 북구 사수동 89-1,사수동 89-1,사수동,1,35.8967658,128.516704
2018,대구광역시 북구 사수동 899,사수동 899,사수동,1,35.8970845,128.5155438
2018,대구광역시 북구 사수동 90-2,사수동 90-2,사수동,1,35.8967096,128.5165741
2018,대구광역시 북구 사수동 949,사수동 949,사수동,1,35.8963158,128.5162539
2018,대구광역시 북구 사수동 952,사수동 952,사수동,2,35.89586,128.5145471
2018,대구광역시 북구 사수동 976,사수동 976,사수동,1,35.9016924,128.510768
2018,대구광역시 북구 사수동 978,사수동 978,사수동,1,35.9018797,128.5129582
2018,대구광역시 북구 사수동 979,사수동 979,사수동,21,35.8995123,128.5096534
2018,대구광역시 북구 사수동 981,사수동 981,사수동,1,35.8991916,128.5089436
2018,대구광역시 북구 사수동 982,사수동 982,사수동,13,35.8991355,128.5108109
2018,대구광역시 북구 사수동 983,사수동 983,사수동,7,35.8986322,128.5101296
2018,대구광역시 북구 사수동 986,사수동 986,사수동,1,35.8951765,128.5142565
2018,대구광역시 북구 사수동 987,사수동 987,사수동,1,35.8969769,128.5120741
2018,대구광역시 북구 사수동 993,사수동 993,사수동,2,35.8963299,128.5142792
2018,대구광역시 북구 사수동 산26-27,사수동 산26-27,사수동,1,35.8997091,128.5079791
2018,대구광역시 북구 산격4동 1498-9,산격4동 1498-9,산격동,1,35.8910223,128.6042231
2018,대구광역시 북구 산격동,산격동,산격동,2,35.9003822,128.5969732
2018,대구광역시 북구 산격동 1002-4,산격동 1002-4,산격동,1,35.8910193,128.5982345
2018,대구광역시 북구 산격동 1009-4,산격동 1009-4,산격동,1,35.8910358,128.5984459
2018,대구광역시 북구 산격동 1009-8,산격동 1009-8,산격동,1,35.8911547,128.5989058
2018,대구광역시 북구 산격동 1017-2,산격동 1017-2,산격동,1,35.8911163,128.5975579
2018,대구광역시 북구 산격동 1019,산격동 1019,산격동,1,35.8911248,128.5974125
2018,대구광역시 북구 산격동 1023,산격동 1023,산격동,1,35.8912955,128.5970998
2018,대구광역시 북구 산격동 1135-20,산격동 1135-20,산격동,1,35.8949589,128.5982404
2018,대구광역시 북구 산격동 1180-146,산격동 1180-146,산격동,1,35.8975453,128.598401
2018,대구광역시 북구 산격동 1188-3,산격동 1188-3,산격동,1,35.8986642,128.6031643
2018,대구광역시 북구 산격동 1188-6,산격동 1188-6,산격동,2,35.8989224,128.6037198
2018,대구광역시 북구 산격동 1188-7,산격동 1188-7,산격동,1,35.8988249,128.6038382
2018,대구광역시 북구 산격동 1189-1,산격동 1189-1,산격동,1,35.8982189,128.6032943
2018,대구광역시 북구 산격동 119-1,산격동 119-1,산격동,1,35.9045418,128.6164181
2018,대구광역시 북구 산격동 119-3,산격동 119-3,산격동,3,35.9038921,128.6163846
2018,대구광역시 북구 산격동 119-6,산격동 119-6,산격동,1,35.90321,128.6163826
2018,대구광역시 북구 산격동 1195-29,산격동 1195-29,산격동,1,35.896018,128.602268
2018,대구광역시 북구 산격동 1195-90,산격동 1195-90,산격동,1,35.8960163,128.6027617
2018,대구광역시 북구 산격동 120,산격동 120,산격동,9,35.9058417,128.6160137
2018,대구광역시 북구 산격동 1203-10,산격동 1203-10,산격동,1,35.9014053,128.6067665
2018,대구광역시 북구 산격동 1207,산격동 1207,산격동,3,35.8997199,128.6081449
2018,대구광역시 북구 산격동 1207-28,산격동 1207-28,산격동,1,35.9001187,128.6081978
2018,대구광역시 북구 산격동 1207-33,산격동 1207-33,산격동,1,35.8997908,128.6080543
2018,대구광역시 북구 산격동 1207-39,산격동 1207-39,산격동,1,35.8997609,128.6082877
2018,대구광역시 북구 산격동 1207-43,산격동 1207-43,산격동,3,35.900159,128.6087519
2018,대구광역시 북구 산격동 1207-46,산격동 1207-46,산격동,2,35.8999524,128.6084123
2018,대구광역시 북구 산격동 1207-50,산격동 1207-50,산격동,2,35.899651,128.6082357
2018,대구광역시 북구 산격동 1207-59,산격동 1207-59,산격동,3,35.9000057,128.6085735
2018,대구광역시 북구 산격동 1212-26,산격동 1212-26,산격동,1,35.8993284,128.6067806
2018,대구광역시 북구 산격동 1216-10,산격동 1216-10,산격동,1,35.8993731,128.607927
2018,대구광역시 북구 산격동 1216-36,산격동 1216-36,산격동,1,35.8995934,128.6080248
2018,대구광역시 북구 산격동 1216-51,산격동 1216-51,산격동,1,35.898994,128.6073224
2018,대구광역시 북구 산격동 1216-54,산격동 1216-54,산격동,1,35.8993128,128.6078561
2018,대구광역시 북구 산격동 1216-9,산격동 1216-9,산격동,1,35.8993769,128.6077724
2018,대구광역시 북구 산격동 1218-21,산격동 1218-21,산격동,1,35.8978119,128.6060277
2018,대구광역시 북구 산격동 1218-22,산격동 1218-22,산격동,1,35.8981618,128.6064433
2018,대구광역시 북구 산격동 1219-6,산격동 1219-6,산격동,1,35.8974865,128.605316
2018,대구광역시 북구 산격동 1220-21,산격동 1220-21,산격동,6,35.8976682,128.6058671
2018,대구광역시 북구 산격동 1222-31,산격동 1222-31,산격동,1,35.8983496,128.6048864
2018,대구광역시 북구 산격동 1222-59,산격동 1222-59,산격동,1,35.8982547,128.6054934
2018,대구광역시 북구 산격동 1227-8,산격동 1227-8,산격동,3,35.8961281,128.6048687
2018,대구광역시 북구 산격동 1228-19,산격동 1228-19,산격동,1,35.8961376,128.6051069
2018,대구광역시 북구 산격동 1236-5,산격동 1236-5,산격동,1,35.8989889,128.6084754
2018,대구광역시 북구 산격동 1237-14,산격동 1237-14,산격동,1,35.8998398,128.6090056
2018,대구광역시 북구 산격동 1238-1,산격동 1238-1,산격동,1,35.8994985,128.6096696
2018,대구광역시 북구 산격동 1238-3,산격동 1238-3,산격동,1,35.8996867,128.6095457
2018,대구광역시 북구 산격동 1239-37,산격동 1239-37,산격동,1,35.8986838,128.609857
2018,대구광역시 북구 산격동 1240-13,산격동 1240-13,산격동,1,35.8980718,128.6082283
2018,대구광역시 북구 산격동 1240-25,산격동 1240-25,산격동,1,35.8985244,128.6085823
2018,대구광역시 북구 산격동 1253-17,산격동 1253-17,산격동,1,35.8976543,128.6084778
2018,대구광역시 북구 산격동 1253-46,산격동 1253-46,산격동,3,35.897298,128.6086029
2018,대구광역시 북구 산격동 1254-10,산격동 1254-10,산격동,1,35.8975809,128.6093523
2018,대구광역시 북구 산격동 1254-18,산격동 1254-18,산격동,2,35.8978675,128.6086866
2018,대구광역시 북구 산격동 1254-32,산격동 1254-32,산격동,1,35.8976851,128.6091021
2018,대구광역시 북구 산격동 1254-33,산격동 1254-33,산격동,1,35.8977796,128.6091898
2018,대구광역시 북구 산격동 1254-35,산격동 1254-35,산격동,1,35.8979275,128.6085484
2018,대구광역시 북구 산격동 1255-6,산격동 1255-6,산격동,1,35.8978832,128.6095258
2018,대구광역시 북구 산격동 1258,산격동 1258,산격동,62,35.8983937,128.6105284
2018,대구광역시 북구 산격동 1259-4,산격동 1259-4,산격동,1,35.8986834,128.6109013
2018,대구광역시 북구 산격동 1259-5,산격동 1259-5,산격동,22,35.8985981,128.6111137
2018,대구광역시 북구 산격동 1260-13,산격동 1260-13,산격동,2,35.8988832,128.6111106
2018,대구광역시 북구 산격동 1260-15,산격동 1260-15,산격동,1,35.8989482,128.6107975
2018,대구광역시 북구 산격동 1260-7,산격동 1260-7,산격동,1,35.8989917,128.611
2018,대구광역시 북구 산격동 1260-8,산격동 1260-8,산격동,3,35.8989803,128.6111731
2018,대구광역시 북구 산격동 1260-9,산격동 1260-9,산격동,21,35.8988063,128.6112645
2018,대구광역시 북구 산격동 1261-13,산격동 1261-13,산격동,2,35.8982283,128.6120054
2018,대구광역시 북구 산격동 1261-14,산격동 1261-14,산격동,3,35.898462,128.6114493
2018,대구광역시 북구 산격동 1261-25,산격동 1261-25,산격동,3,35.8983666,128.6115493
2018,대구광역시 북구 산격동 1261-26,산격동 1261-26,산격동,2,35.898377,128.6116491
2018,대구광역시 북구 산격동 1261-28,산격동 1261-28,산격동,5,35.8983024,128.6117038
2018,대구광역시 북구 산격동 1261-29,산격동 1261-29,산격동,3,35.8982476,128.6118349
2018,대구광역시 북구 산격동 1261-33,산격동 1261-33,산격동,3,35.8981361,128.6120993
2018,대구광역시 북구 산격동 1261-39,산격동 1261-39,산격동,1,35.8981055,128.6122085
2018,대구광역시 북구 산격동 1261-42,산격동 1261-42,산격동,2,35.8980293,128.6123603
2018,대구광역시 북구 산격동 1261-43,산격동 1261-43,산격동,10,35.8979729,128.6124935
2018,대구광역시 북구 산격동 1261-44,산격동 1261-44,산격동,1,35.8980569,128.6125459
2018,대구광역시 북구 산격동 1261-46,산격동 1261-46,산격동,2,35.8981176,128.6123064
2018,대구광역시 북구 산격동 1261-49,산격동 1261-49,산격동,2,35.8979112,128.6126597
2018,대구광역시 북구 산격동 1261-50,산격동 1261-50,산격동,2,35.8978652,128.6127701
2018,대구광역시 북구 산격동 1263-23,산격동 1263-23,산격동,1,35.8974922,128.6108298
2018,대구광역시 북구 산격동 1264-1,산격동 1264-1,산격동,4,35.897955,128.6106195
2018,대구광역시 북구 산격동 1264-10,산격동 1264-10,산격동,8,35.8972398,128.6102797
2018,대구광역시 북구 산격동 1264-15,산격동 1264-15,산격동,2,35.8973618,128.610443
2018,대구광역시 북구 산격동 1264-18,산격동 1264-18,산격동,1,35.8976356,128.6106221
2018,대구광역시 북구 산격동 1264-21,산격동 1264-21,산격동,2,35.8976016,128.6104135
2018,대구광역시 북구 산격동 1264-23,산격동 1264-23,산격동,1,35.8974462,128.6104989
2018,대구광역시 북구 산격동 1264-26,산격동 1264-26,산격동,1,35.8978733,128.6105984
2018,대구광역시 북구 산격동 1264-3,산격동 1264-3,산격동,1,35.8977186,128.6102766
2018,대구광역시 북구 산격동 1264-47,산격동 1264-47,산격동,1,35.8976174,128.6102122
2018,대구광역시 북구 산격동 1264-6,산격동 1264-6,산격동,1,35.8974121,128.6103077
2018,대구광역시 북구 산격동 1265-19,산격동 1265-19,산격동,1,35.8967835,128.6112606
2018,대구광역시 북구 산격동 1265-2,산격동 1265-2,산격동,1,35.8971742,128.611064
2018,대구광역시 북구 산격동 1265-20,산격동 1265-20,산격동,6,35.8968379,128.6111272
2018,대구광역시 북구 산격동 1265-23,산격동 1265-23,산격동,1,35.8969152,128.6115884
2018,대구광역시 북구 산격동 1265-26,산격동 1265-26,산격동,1,35.8970074,128.6107202
2018,대구광역시 북구 산격동 1265-28,산격동 1265-28,산격동,1,35.8969726,128.6108067
2018,대구광역시 북구 산격동 1265-29,산격동 1265-29,산격동,6,35.8969264,128.6109232
2018,대구광역시 북구 산격동 1265-34,산격동 1265-34,산격동,1,35.8972735,128.6109687
2018,대구광역시 북구 산격동 1265-39,산격동 1265-39,산격동,2,35.8968924,128.6110076
2018,대구광역시 북구 산격동 1265-40,산격동 1265-40,산격동,1,35.8968685,128.6110626
2018,대구광역시 북구 산격동 1265-9,산격동 1265-9,산격동,1,35.8971174,128.6106176
2018,대구광역시 북구 산격동 1266-8,산격동 1266-8,산격동,1,35.8967339,128.6104468
2018,대구광역시 북구 산격동 1269-18,산격동 1269-18,산격동,2,35.9008184,128.6087934
2018,대구광역시 북구 산격동 1269-2,산격동 1269-2,산격동,10,35.9001191,128.6095195
2018,대구광역시 북구 산격동 1269-21,산격동 1269-21,산격동,1,35.9005885,128.609118
2018,대구광역시 북구 산격동 1269-26,산격동 1269-26,산격동,2,35.9004654,128.6092675
2018,대구광역시 북구 산격동 1269-7,산격동 1269-7,산격동,29,35.9012534,128.6087972
2018,대구광역시 북구 산격동 1270,산격동 1270,산격동,1,35.9002231,128.6094992
2018,대구광역시 북구 산격동 1272-1,산격동 1272-1,산격동,1,35.8999669,128.6099492
2018,대구광역시 북구 산격동 1276-7,산격동 1276-7,산격동,1,35.8957384,128.6117425
2018,대구광역시 북구 산격동 1277-12,산격동 1277-12,산격동,4,35.8951688,128.6116302
2018,대구광역시 북구 산격동 1277-13,산격동 1277-13,산격동,4,35.8950112,128.6116552
2018,대구광역시 북구 산격동 1277-5,산격동 1277-5,산격동,1,35.8951516,128.6118279
2018,대구광역시 북구 산격동 1277-6,산격동 1277-6,산격동,2,35.8950842,128.6117539
2018,대구광역시 북구 산격동 1278-3,산격동 1278-3,산격동,2,35.8956576,128.6122579
2018,대구광역시 북구 산격동 1278-8,산격동 1278-8,산격동,1,35.8955306,128.6120564
2018,대구광역시 북구 산격동 1279-10,산격동 1279-10,산격동,1,35.8959516,128.6124928
2018,대구광역시 북구 산격동 1279-20,산격동 1279-20,산격동,1,35.8958235,128.6124563
2018,대구광역시 북구 산격동 1279-27,산격동 1279-27,산격동,1,35.895729,128.6122585
2018,대구광역시 북구 산격동 1279-7,산격동 1279-7,산격동,1,35.8959475,128.6127745
2018,대구광역시 북구 산격동 1279-9,산격동 1279-9,산격동,1,35.8959074,128.6126097
2018,대구광역시 북구 산격동 1280-1,산격동 1280-1,산격동,1,35.8989987,128.6118686
2018,대구광역시 북구 산격동 1281-17,산격동 1281-17,산격동,2,35.8966332,128.6117807
2018,대구광역시 북구 산격동 1281-20,산격동 1281-20,산격동,1,35.8965743,128.6119196
2018,대구광역시 북구 산격동 1281-24,산격동 1281-24,산격동,1,35.8967121,128.6123107
2018,대구광역시 북구 산격동 1281-3,산격동 1281-3,산격동,2,35.8966685,128.6124214
2018,대구광역시 북구 산격동 1281-7,산격동 1281-7,산격동,1,35.8966175,128.6125563
2018,대구광역시 북구 산격동 1281-8,산격동 1281-8,산격동,1,35.8965446,128.6124934
2018,대구광역시 북구 산격동 1281-9,산격동 1281-9,산격동,2,35.8965621,128.6123764
2018,대구광역시 북구 산격동 1282-11,산격동 1282-11,산격동,1,35.8968129,128.6125063
2018,대구광역시 북구 산격동 1285,산격동 1285,산격동,1,35.8976651,128.6119119
2018,대구광역시 북구 산격동 1285-4,산격동 1285-4,산격동,14,35.8972478,128.6129611
2018,대구광역시 북구 산격동 1285-8,산격동 1285-8,산격동,4,35.8973918,128.6133756
2018,대구광역시 북구 산격동 1286-11,산격동 1286-11,산격동,3,35.8975815,128.613404
2018,대구광역시 북구 산격동 1286-14,산격동 1286-14,산격동,1,35.8977841,128.6129384
2018,대구광역시 북구 산격동 1289-2,산격동 1289-2,산격동,4,35.8972974,128.6141501
2018,대구광역시 북구 산격동 1289-3,산격동 1289-3,산격동,3,35.8982361,128.6141179
2018,대구광역시 북구 산격동 1289-31,산격동 1289-31,산격동,2,35.8973819,128.6142444
2018,대구광역시 북구 산격동 1289-33,산격동 1289-33,산격동,15,35.8970363,128.61386
2018,대구광역시 북구 산격동 1289-35,산격동 1289-35,산격동,2,35.8980907,128.6140313
2018,대구광역시 북구 산격동 1289-37,산격동 1289-37,산격동,1,35.8980392,128.6143628
2018,대구광역시 북구 산격동 1289-39,산격동 1289-39,산격동,5,35.8971708,128.6140092
2018,대구광역시 북구 산격동 1290-12,산격동 1290-12,산격동,1,35.8962635,128.6126452
2018,대구광역시 북구 산격동 1290-15,산격동 1290-15,산격동,1,35.8967275,128.6131701
2018,대구광역시 북구 산격동 1290-2,산격동 1290-2,산격동,2,35.8969003,128.6132001
2018,대구광역시 북구 산격동 1290-20,산격동 1290-20,산격동,3,35.8969267,128.6133648
2018,대구광역시 북구 산격동 1290-21,산격동 1290-21,산격동,2,35.8970052,128.6134818
2018,대구광역시 북구 산격동 1290-7,산격동 1290-7,산격동,5,35.8962468,128.6125119
2018,대구광역시 북구 산격동 1290-8,산격동 1290-8,산격동,24,35.8967946,128.6133411
2018,대구광역시 북구 산격동 1291-1,산격동 1291-1,산격동,9,35.8969167,128.6135656
2018,대구광역시 북구 산격동 1291-12,산격동 1291-12,산격동,7,35.8967545,128.6135421
2018,대구광역시 북구 산격동 1291-13,산격동 1291-13,산격동,6,35.8966867,128.613638
2018,대구광역시 북구 산격동 1291-14,산격동 1291-14,산격동,4,35.8966731,128.6135351
2018,대구광역시 북구 산격동 1291-15,산격동 1291-15,산격동,1,35.8966631,128.6135239
2018,대구광역시 북구 산격동 1291-19,산격동 1291-19,산격동,17,35.8968147,128.6137124
2018,대구광역시 북구 산격동 1291-20,산격동 1291-20,산격동,2,35.8966182,128.6134916
2018,대구광역시 북구 산격동 1291-22,산격동 1291-22,산격동,12,35.8961587,128.6129768
2018,대구광역시 북구 산격동 1291-25,산격동 1291-25,산격동,4,35.896181,128.6127137
2018,대구광역시 북구 산격동 1291-26,산격동 1291-26,산격동,6,35.8961787,128.6128305
2018,대구광역시 북구 산격동 1291-4,산격동 1291-4,산격동,3,35.8965764,128.6133381
2018,대구광역시 북구 산격동 1291-6,산격동 1291-6,산격동,2,35.8963552,128.6130891
2018,대구광역시 북구 산격동 1291-9,산격동 1291-9,산격동,2,35.8964198,128.6133106
2018,대구광역시 북구 산격동 1304-13,산격동 1304-13,산격동,5,35.8950367,128.6115008
2018,대구광역시 북구 산격동 1304-14,산격동 1304-14,산격동,2,35.894943,128.6114753
2018,대구광역시 북구 산격동 1304-15,산격동 1304-15,산격동,3,35.8949222,128.6113494
2018,대구광역시 북구 산격동 1304-19,산격동 1304-19,산격동,1,35.8951148,128.6113673
2018,대구광역시 북구 산격동 1304-23,산격동 1304-23,산격동,1,35.8953957,128.6115079
2018,대구광역시 북구 산격동 1306-65,산격동 1306-65,산격동,1,35.8956827,128.6110164
2018,대구광역시 북구 산격동 1306-68,산격동 1306-68,산격동,1,35.8958416,128.6110323
2018,대구광역시 북구 산격동 1308-13,산격동 1308-13,산격동,1,35.8948089,128.6105079
2018,대구광역시 북구 산격동 1309-1,산격동 1309-1,산격동,8,35.894588,128.6100451
2018,대구광역시 북구 산격동 1309-11,산격동 1309-11,산격동,1,35.894579,128.6098502
2018,대구광역시 북구 산격동 1309-31,산격동 1309-31,산격동,1,35.8946712,128.6100674
2018,대구광역시 북구 산격동 1309-4,산격동 1309-4,산격동,2,35.8944405,128.6099206
2018,대구광역시 북구 산격동 1309-5,산격동 1309-5,산격동,1,35.8944019,128.6100676
2018,대구광역시 북구 산격동 1309-9,산격동 1309-9,산격동,2,35.8944974,128.6100422
2018,대구광역시 북구 산격동 1312-26,산격동 1312-26,산격동,1,35.8951018,128.6092395
2018,대구광역시 북구 산격동 1312-36,산격동 1312-36,산격동,1,35.8951545,128.6079236
2018,대구광역시 북구 산격동 1312-5,산격동 1312-5,산격동,1,35.8950454,128.6078108
2018,대구광역시 북구 산격동 1314-28,산격동 1314-28,산격동,1,35.8942124,128.6086112
2018,대구광역시 북구 산격동 1314-4,산격동 1314-4,산격동,1,35.8941647,128.608749
2018,대구광역시 북구 산격동 1314-40,산격동 1314-40,산격동,1,35.8937302,128.6086003
2018,대구광역시 북구 산격동 1314-66,산격동 1314-66,산격동,1,35.894179,128.6084614
2018,대구광역시 북구 산격동 1314-8,산격동 1314-8,산격동,2,35.8936982,128.6084667
2018,대구광역시 북구 산격동 1315-21,산격동 1315-21,산격동,3,35.8948399,128.6118582
2018,대구광역시 북구 산격동 1318-3,산격동 1318-3,산격동,1,35.8946764,128.6117005
2018,대구광역시 북구 산격동 1319-1,산격동 1319-1,산격동,7,35.893633,128.6103124
2018,대구광역시 북구 산격동 1321-12,산격동 1321-12,산격동,2,35.8943907,128.6106773
2018,대구광역시 북구 산격동 1321-14,산격동 1321-14,산격동,2,35.8945023,128.6109714
2018,대구광역시 북구 산격동 1321-15,산격동 1321-15,산격동,3,35.894556,128.6111299
2018,대구광역시 북구 산격동 1321-17,산격동 1321-17,산격동,2,35.8943705,128.6109988
2018,대구광역시 북구 산격동 1321-19,산격동 1321-19,산격동,1,35.8946132,128.6112842
2018,대구광역시 북구 산격동 1321-2,산격동 1321-2,산격동,2,35.8947119,128.6112606
2018,대구광역시 북구 산격동 1321-5,산격동 1321-5,산격동,1,35.8946506,128.6110896
2018,대구광역시 북구 산격동 1321-7,산격동 1321-7,산격동,1,35.894614,128.6110052
2018,대구광역시 북구 산격동 1321-8,산격동 1321-8,산격동,1,35.8945932,128.6109167
2018,대구광역시 북구 산격동 1324-1,산격동 1324-1,산격동,10,35.8942067,128.6107474
2018,대구광역시 북구 산격동 1324-3,산격동 1324-3,산격동,15,35.8942876,128.6108674
2018,대구광역시 북구 산격동 1324-5,산격동 1324-5,산격동,1,35.8942104,128.6105992
2018,대구광역시 북구 산격동 1325-4,산격동 1325-4,산격동,1,35.8943229,128.6105606
2018,대구광역시 북구 산격동 1327-12,산격동 1327-12,산격동,1,35.8935341,128.6091171
2018,대구광역시 북구 산격동 1328-5,산격동 1328-5,산격동,2,35.8940517,128.6106389
2018,대구광역시 북구 산격동 1329-10,산격동 1329-10,산격동,1,35.8938719,128.6102495
2018,대구광역시 북구 산격동 1329-4,산격동 1329-4,산격동,1,35.8938657,128.6102555
2018,대구광역시 북구 산격동 1330-1,산격동 1330-1,산격동,6,35.8936963,128.6101163
2018,대구광역시 북구 산격동 1331-8,산격동 1331-8,산격동,1,35.8936183,128.6097408
2018,대구광역시 북구 산격동 1332-5,산격동 1332-5,산격동,1,35.8935287,128.6098261
2018,대구광역시 북구 산격동 1332-6,산격동 1332-6,산격동,1,35.8934246,128.6097492
2018,대구광역시 북구 산격동 1335-10,산격동 1335-10,산격동,1,35.8930866,128.609476
2018,대구광역시 북구 산격동 1338-5,산격동 1338-5,산격동,2,35.8926183,128.6090505
2018,대구광역시 북구 산격동 1341-2,산격동 1341-2,산격동,1,35.8928169,128.6091644
2018,대구광역시 북구 산격동 1346,산격동 1346,산격동,7,35.892228,128.6088169
2018,대구광역시 북구 산격동 1370-1,산격동 1370-1,산격동,7,35.8908861,128.609788
2018,대구광역시 북구 산격동 1377,산격동 1377,산격동,1,35.8876438,128.6015758
2018,대구광역시 북구 산격동 1377-2,산격동 1377-2,산격동,1,35.8866708,128.6015183
2018,대구광역시 북구 산격동 1379-1,산격동 1379-1,산격동,1,35.8881303,128.6001412
2018,대구광역시 북구 산격동 1381-3,산격동 1381-3,산격동,1,35.8882611,128.6021067
2018,대구광역시 북구 산격동 1382-51,산격동 1382-51,산격동,1,35.8886885,128.6033961
2018,대구광역시 북구 산격동 1382-64,산격동 1382-64,산격동,2,35.8885556,128.6035554
2018,대구광역시 북구 산격동 1382-90,산격동 1382-90,산격동,1,35.8889551,128.6037057
2018,대구광역시 북구 산격동 1382-93,산격동 1382-93,산격동,1,35.8885518,128.6028815
2018,대구광역시 북구 산격동 1390-7,산격동 1390-7,산격동,2,35.888795,128.6021423
2018,대구광역시 북구 산격동 1393-11,산격동 1393-11,산격동,2,35.8926823,128.6087329
2018,대구광역시 북구 산격동 1393-15,산격동 1393-15,산격동,1,35.8927193,128.6083067
2018,대구광역시 북구 산격동 1393-23,산격동 1393-23,산격동,6,35.8926797,128.608605
2018,대구광역시 북구 산격동 1393-24,산격동 1393-24,산격동,2,35.8926098,128.6086025
2018,대구광역시 북구 산격동 1393-25,산격동 1393-25,산격동,2,35.8928342,128.6087143
2018,대구광역시 북구 산격동 1393-3,산격동 1393-3,산격동,1,35.8929228,128.6087278
2018,대구광역시 북구 산격동 1393-4,산격동 1393-4,산격동,3,35.8928368,128.6085845
2018,대구광역시 북구 산격동 1393-5,산격동 1393-5,산격동,5,35.8927504,128.608607
2018,대구광역시 북구 산격동 1397-11,산격동 1397-11,산격동,3,35.8927243,128.6079708
2018,대구광역시 북구 산격동 1397-13,산격동 1397-13,산격동,1,35.892717,128.6081103
2018,대구광역시 북구 산격동 1397-15,산격동 1397-15,산격동,1,35.8926352,128.6077857
2018,대구광역시 북구 산격동 1397-29,산격동 1397-29,산격동,4,35.8926327,128.6079385
2018,대구광역시 북구 산격동 1397-3,산격동 1397-3,산격동,2,35.8928179,128.6077957
2018,대구광역시 북구 산격동 1397-37,산격동 1397-37,산격동,3,35.8928782,128.6079686
2018,대구광역시 북구 산격동 1397-43,산격동 1397-43,산격동,3,35.8927306,128.6077962
2018,대구광역시 북구 산격동 1398-8,산격동 1398-8,산격동,1,35.8895459,128.6032464
2018,대구광역시 북구 산격동 1399,산격동 1399,산격동,2,35.8924451,128.6086143
2018,대구광역시 북구 산격동 1399-4,산격동 1399-4,산격동,2,35.8923175,128.6082886
2018,대구광역시 북구 산격동 1399-5,산격동 1399-5,산격동,1,35.8920902,128.6084299
2018,대구광역시 북구 산격동 1399-8,산격동 1399-8,산격동,1,35.8924514,128.6084261
2018,대구광역시 북구 산격동 14-45,산격동 14-45,산격동,2,35.9115962,128.6048079
2018,대구광역시 북구 산격동 1400-1,산격동 1400-1,산격동,1,35.8923122,128.6080779
2018,대구광역시 북구 산격동 1400-10,산격동 1400-10,산격동,1,35.8924305,128.6079975
2018,대구광역시 북구 산격동 1400-11,산격동 1400-11,산격동,1,35.8924326,128.6078596
2018,대구광역시 북구 산격동 1400-13,산격동 1400-13,산격동,1,35.8918544,128.6079309
2018,대구광역시 북구 산격동 1400-19,산격동 1400-19,산격동,1,35.8921004,128.6079226
2018,대구광역시 북구 산격동 1400-20,산격동 1400-20,산격동,4,35.8921097,128.6080664
2018,대구광역시 북구 산격동 1400-3,산격동 1400-3,산격동,1,35.8919303,128.6077437
2018,대구광역시 북구 산격동 1400-8,산격동 1400-8,산격동,1,35.8920885,128.6077628
2018,대구광역시 북구 산격동 1407-11,산격동 1407-11,산격동,3,35.8951597,128.6075645
2018,대구광역시 북구 산격동 1407-18,산격동 1407-18,산격동,1,35.8951987,128.6074021
2018,대구광역시 북구 산격동 1407-19,산격동 1407-19,산격동,1,35.8950695,128.607403
2018,대구광역시 북구 산격동 1407-22,산격동 1407-22,산격동,2,35.895113,128.6072746
2018,대구광역시 북구 산격동 1407-26,산격동 1407-26,산격동,2,35.8951224,128.6065836
2018,대구광역시 북구 산격동 1407-37,산격동 1407-37,산격동,1,35.8951715,128.6069642
2018,대구광역시 북구 산격동 1407-39,산격동 1407-39,산격동,1,35.8951973,128.6068654
2018,대구광역시 북구 산격동 1407-49,산격동 1407-49,산격동,1,35.895126,128.6064547
2018,대구광역시 북구 산격동 1407-56,산격동 1407-56,산격동,1,35.8951706,128.6060268
2018,대구광역시 북구 산격동 1407-6,산격동 1407-6,산격동,1,35.8952109,128.6064491
2018,대구광역시 북구 산격동 1407-61,산격동 1407-61,산격동,2,35.8951882,128.6070596
2018,대구광역시 북구 산격동 1407-62,산격동 1407-62,산격동,1,35.8950563,128.6071763
2018,대구광역시 북구 산격동 1407-74,산격동 1407-74,산격동,1,35.8951661,128.6061703
2018,대구광역시 북구 산격동 1407-9,산격동 1407-9,산격동,2,35.8950385,128.6069703
2018,대구광역시 북구 산격동 1408-18,산격동 1408-18,산격동,1,35.8951571,128.6055497
2018,대구광역시 북구 산격동 1408-19,산격동 1408-19,산격동,1,35.8951577,128.6053945
2018,대구광역시 북구 산격동 1408-23,산격동 1408-23,산격동,1,35.8951606,128.605694
2018,대구광역시 북구 산격동 1408-29,산격동 1408-29,산격동,1,35.8950679,128.6056353
2018,대구광역시 북구 산격동 1408-7,산격동 1408-7,산격동,1,35.8951381,128.6058257
2018,대구광역시 북구 산격동 1409,산격동 1409,산격동,9,35.8944233,128.606962
2018,대구광역시 북구 산격동 1412-10,산격동 1412-10,산격동,1,35.8927845,128.6070066
2018,대구광역시 북구 산격동 1412-30,산격동 1412-30,산격동,1,35.8927171,128.6071267
2018,대구광역시 북구 산격동 1412-34,산격동 1412-34,산격동,2,35.8927534,128.6075376
2018,대구광역시 북구 산격동 1412-42,산격동 1412-42,산격동,1,35.8926869,128.6064706
2018,대구광역시 북구 산격동 1413-15,산격동 1413-15,산격동,1,35.8926659,128.6054294
2018,대구광역시 북구 산격동 1413-31,산격동 1413-31,산격동,1,35.8928446,128.6055694
2018,대구광역시 북구 산격동 1414-66,산격동 1414-66,산격동,1,35.8921842,128.6066795
2018,대구광역시 북구 산격동 1416,산격동 1416,산격동,2,35.8919636,128.6075346
2018,대구광역시 북구 산격동 1416-1,산격동 1416-1,산격동,4,35.8919553,128.6072807
2018,대구광역시 북구 산격동 1416-16,산격동 1416-16,산격동,5,35.8917309,128.6068626
2018,대구광역시 북구 산격동 1416-29,산격동 1416-29,산격동,2,35.8919044,128.607089
2018,대구광역시 북구 산격동 1416-44,산격동 1416-44,산격동,2,35.8916559,128.6075258
2018,대구광역시 북구 산격동 1416-49,산격동 1416-49,산격동,2,35.8918184,128.6075263
2018,대구광역시 북구 산격동 1416-54,산격동 1416-54,산격동,5,35.8919453,128.6073477
2018,대구광역시 북구 산격동 1416-55,산격동 1416-55,산격동,2,35.891955,128.6074136
2018,대구광역시 북구 산격동 1416-56,산격동 1416-56,산격동,3,35.8918445,128.6074052
2018,대구광역시 북구 산격동 1416-57,산격동 1416-57,산격동,4,35.8917251,128.6073963
2018,대구광역시 북구 산격동 1416-59,산격동 1416-59,산격동,9,35.8918458,128.6072225
2018,대구광역시 북구 산격동 1416-60,산격동 1416-60,산격동,3,35.8916189,128.6070018
2018,대구광역시 북구 산격동 1416-8,산격동 1416-8,산격동,1,35.8916201,128.6068526
2018,대구광역시 북구 산격동 1417-2,산격동 1417-2,산격동,2,35.8914139,128.6060952
2018,대구광역시 북구 산격동 1417-20,산격동 1417-20,산격동,1,35.8914089,128.6063545
2018,대구광역시 북구 산격동 1417-21,산격동 1417-21,산격동,1,35.8913661,128.6063424
2018,대구광역시 북구 산격동 1417-26,산격동 1417-26,산격동,4,35.8913692,128.6062073
2018,대구광역시 북구 산격동 1417-3,산격동 1417-3,산격동,1,35.8912227,128.6063013
2018,대구광역시 북구 산격동 1417-6,산격동 1417-6,산격동,11,35.8912237,128.6061371
2018,대구광역시 북구 산격동 1417-7,산격동 1417-7,산격동,15,35.8912271,128.6059943
2018,대구광역시 북구 산격동 1418-12,산격동 1418-12,산격동,7,35.8911934,128.6056782
2018,대구광역시 북구 산격동 1418-15,산격동 1418-15,산격동,2,35.8911914,128.6055431
2018,대구광역시 북구 산격동 1418-23,산격동 1418-23,산격동,1,35.8914183,128.6057315
2018,대구광역시 북구 산격동 1418-26,산격동 1418-26,산격동,1,35.891519,128.6056903
2018,대구광역시 북구 산격동 1418-28,산격동 1418-28,산격동,2,35.8913119,128.605731
2018,대구광역시 북구 산격동 1418-33,산격동 1418-33,산격동,4,35.8912917,128.6055141
2018,대구광역시 북구 산격동 1418-5,산격동 1418-5,산격동,30,35.8911953,128.6057954
2018,대구광역시 북구 산격동 1419,산격동 1419,산격동,1,35.8908892,128.6061475
2018,대구광역시 북구 산격동 1420-18,산격동 1420-18,산격동,1,35.8908191,128.6053587
2018,대구광역시 북구 산격동 1420-20,산격동 1420-20,산격동,1,35.8910122,128.6057831
2018,대구광역시 북구 산격동 1420-5,산격동 1420-5,산격동,1,35.8910096,128.605667
2018,대구광역시 북구 산격동 1421-10,산격동 1421-10,산격동,1,35.8923377,128.605685
2018,대구광역시 북구 산격동 1422,산격동 1422,산격동,22,35.89595,128.6050802
2018,대구광역시 북구 산격동 1422-1,산격동 1422-1,산격동,1,35.8957222,128.6050452
2018,대구광역시 북구 산격동 1422-14,산격동 1422-14,산격동,2,35.8953543,128.605038
2018,대구광역시 북구 산격동 1422-25,산격동 1422-25,산격동,23,35.8958431,128.60508
2018,대구광역시 북구 산격동 1422-26,산격동 1422-26,산격동,27,35.8958437,128.6049288
2018,대구광역시 북구 산격동 1422-27,산격동 1422-27,산격동,11,35.8959503,128.6049299
2018,대구광역시 북구 산격동 1422-29,산격동 1422-29,산격동,3,35.8958445,128.6047936
2018,대구광역시 북구 산격동 1422-30,산격동 1422-30,산격동,1,35.8958399,128.6046588
2018,대구광역시 북구 산격동 1422-31,산격동 1422-31,산격동,1,35.8959431,128.6046638
2018,대구광역시 북구 산격동 1422-32,산격동 1422-32,산격동,3,35.8957831,128.6048819
2018,대구광역시 북구 산격동 1422-4,산격동 1422-4,산격동,2,35.89572,128.6048522
2018,대구광역시 북구 산격동 1422-5,산격동 1422-5,산격동,1,35.8957184,128.6046834
2018,대구광역시 북구 산격동 1424-13,산격동 1424-13,산격동,1,35.8950846,128.6036928
2018,대구광역시 북구 산격동 1424-41,산격동 1424-41,산격동,2,35.8953227,128.6033388
2018,대구광역시 북구 산격동 1424-42,산격동 1424-42,산격동,1,35.8952043,128.6033562
2018,대구광역시 북구 산격동 1424-43,산격동 1424-43,산격동,3,35.8950786,128.6033551
2018,대구광역시 북구 산격동 1424-44,산격동 1424-44,산격동,2,35.8953179,128.603513
2018,대구광역시 북구 산격동 1424-45,산격동 1424-45,산격동,5,35.8952018,128.603494
2018,대구광역시 북구 산격동 1424-46,산격동 1424-46,산격동,5,35.8950763,128.6034926
2018,대구광역시 북구 산격동 1424-48,산격동 1424-48,산격동,2,35.895091,128.6030135
2018,대구광역시 북구 산격동 1424-50,산격동 1424-50,산격동,1,35.8952341,128.6030134
2018,대구광역시 북구 산격동 1425-2,산격동 1425-2,산격동,1,35.8942628,128.6050484
2018,대구광역시 북구 산격동 1425-47,산격동 1425-47,산격동,1,35.8940712,128.6050835
2018,대구광역시 북구 산격동 1425-50,산격동 1425-50,산격동,1,35.893833,128.6050298
2018,대구광역시 북구 산격동 1426-2,산격동 1426-2,산격동,1,35.8946458,128.604439
2018,대구광역시 북구 산격동 1427-1,산격동 1427-1,산격동,3,35.893644,128.6034382
2018,대구광역시 북구 산격동 1428-17,산격동 1428-17,산격동,1,35.8949095,128.6030693
2018,대구광역시 북구 산격동 1429,산격동 1429,산격동,1,35.8935565,128.6050506
2018,대구광역시 북구 산격동 1429-11,산격동 1429-11,산격동,3,35.8928336,128.6049626
2018,대구광역시 북구 산격동 1429-12,산격동 1429-12,산격동,1,35.8926879,128.6049837
2018,대구광역시 북구 산격동 1429-16,산격동 1429-16,산격동,1,35.8927625,128.6046289
2018,대구광역시 북구 산격동 1429-17,산격동 1429-17,산격동,2,35.8926594,128.6046332
2018,대구광역시 북구 산격동 1429-19,산격동 1429-19,산격동,1,35.8926875,128.6049113
2018,대구광역시 북구 산격동 1429-29,산격동 1429-29,산격동,2,35.893325,128.6050444
2018,대구광역시 북구 산격동 1429-31,산격동 1429-31,산격동,2,35.8930958,128.6050432
2018,대구광역시 북구 산격동 1429-34,산격동 1429-34,산격동,1,35.893193,128.6049069
2018,대구광역시 북구 산격동 1429-4,산격동 1429-4,산격동,2,35.8929701,128.6050309
2018,대구광역시 북구 산격동 1429-9,산격동 1429-9,산격동,2,35.8926868,128.6048388
2018,대구광역시 북구 산격동 1430-28,산격동 1430-28,산격동,10,35.8926766,128.6042935
2018,대구광역시 북구 산격동 1430-3,산격동 1430-3,산격동,1,35.8929795,128.6043162
2018,대구광역시 북구 산격동 1433,산격동 1433,산격동,2,35.8924935,128.6048622
2018,대구광역시 북구 산격동 1433-10,산격동 1433-10,산격동,8,35.8921751,128.6049502
2018,대구광역시 북구 산격동 1433-2,산격동 1433-2,산격동,1,35.8911959,128.6048543
2018,대구광역시 북구 산격동 1433-21,산격동 1433-21,산격동,3,35.8911961,128.6049671
2018,대구광역시 북구 산격동 1433-22,산격동 1433-22,산격동,2,35.8917084,128.6050459
2018,대구광역시 북구 산격동 1433-26,산격동 1433-26,산격동,7,35.8914566,128.6050262
2018,대구광역시 북구 산격동 1433-28,산격동 1433-28,산격동,5,35.8913338,128.6050382
2018,대구광역시 북구 산격동 1433-30,산격동 1433-30,산격동,3,35.8913252,128.6048736
2018,대구광역시 북구 산격동 1433-31,산격동 1433-31,산격동,1,35.8914481,128.6048641
2018,대구광역시 북구 산격동 1433-33,산격동 1433-33,산격동,2,35.8915721,128.6048675
2018,대구광역시 북구 산격동 1433-36,산격동 1433-36,산격동,2,35.8924035,128.6050094
2018,대구광역시 북구 산격동 1433-55,산격동 1433-55,산격동,3,35.891801,128.6050298
2018,대구광역시 북구 산격동 1433-59,산격동 1433-59,산격동,1,35.8919269,128.6050395
2018,대구광역시 북구 산격동 1433-60,산격동 1433-60,산격동,5,35.891879,128.6050373
2018,대구광역시 북구 산격동 1433-62,산격동 1433-62,산격동,1,35.8922055,128.604676
2018,대구광역시 북구 산격동 1433-9,산격동 1433-9,산격동,1,35.8919936,128.6050688
2018,대구광역시 북구 산격동 1434-60,산격동 1434-60,산격동,1,35.8959063,128.6017664
2018,대구광역시 북구 산격동 1437-100,산격동 1437-100,산격동,1,35.894521,128.6025447
2018,대구광역시 북구 산격동 1437-12,산격동 1437-12,산격동,1,35.8955444,128.6025138
2018,대구광역시 북구 산격동 1437-175,산격동 1437-175,산격동,1,35.8945982,128.6028084
2018,대구광역시 북구 산격동 1437-49,산격동 1437-49,산격동,1,35.8950139,128.6026826
2018,대구광역시 북구 산격동 1440-1,산격동 1440-1,산격동,1,35.894472,128.6026802
2018,대구광역시 북구 산격동 1444-1,산격동 1444-1,산격동,5,35.8902659,128.6010649
2018,대구광역시 북구 산격동 1449-1,산격동 1449-1,산격동,1,35.8929562,128.6020566
2018,대구광역시 북구 산격동 1462-2,산격동 1462-2,산격동,2,35.9043897,128.6164924
2018,대구광역시 북구 산격동 1465-28,산격동 1465-28,산격동,1,35.9030258,128.6017711
2018,대구광역시 북구 산격동 1469-3,산격동 1469-3,산격동,1,35.9034188,128.6126078
2018,대구광역시 북구 산격동 1477-1,산격동 1477-1,산격동,2,35.9096178,128.6038143
2018,대구광역시 북구 산격동 1477-5,산격동 1477-5,산격동,1,35.9064657,128.6021121
2018,대구광역시 북구 산격동 1485,산격동 1485,산격동,189,35.8981657,128.6090514
2018,대구광역시 북구 산격동 1498-1,산격동 1498-1,산격동,2,35.8923894,128.6030063
2018,대구광역시 북구 산격동 1498-10,산격동 1498-10,산격동,1,35.8910051,128.6048522
2018,대구광역시 북구 산격동 1498-11,산격동 1498-11,산격동,2,35.8907935,128.6048458
2018,대구광역시 북구 산격동 1498-12,산격동 1498-12,산격동,3,35.8906115,128.6050087
2018,대구광역시 북구 산격동 1498-14,산격동 1498-14,산격동,3,35.8906531,128.6046543
2018,대구광역시 북구 산격동 1498-148,산격동 1498-148,산격동,1,35.8905867,128.6050834
2018,대구광역시 북구 산격동 1498-176,산격동 1498-176,산격동,1,35.8897266,128.6030477
2018,대구광역시 북구 산격동 1498-195,산격동 1498-195,산격동,3,35.8910003,128.6050184
2018,대구광역시 북구 산격동 1498-198,산격동 1498-198,산격동,4,35.8906881,128.6048446
2018,대구광역시 북구 산격동 1498-200,산격동 1498-200,산격동,3,35.8908834,128.6050237
2018,대구광역시 북구 산격동 1498-202,산격동 1498-202,산격동,1,35.89058,128.6048552
2018,대구광역시 북구 산격동 1499,산격동 1499,산격동,4,35.8927872,128.6089143
2018,대구광역시 북구 산격동 1499-1,산격동 1499-1,산격동,7,35.8939345,128.6088607
2018,대구광역시 북구 산격동 1499-2,산격동 1499-2,산격동,12,35.8931874,128.6052191
2018,대구광역시 북구 산격동 1499-3,산격동 1499-3,산격동,14,35.892755,128.604527
2018,대구광역시 북구 산격동 1499-4,산격동 1499-4,산격동,1,35.8898735,128.6036177
2018,대구광역시 북구 산격동 1510-1,산격동 1510-1,산격동,1,35.8966709,128.5951853
2018,대구광역시 북구 산격동 1519-14,산격동 1519-14,산격동,3,35.8998032,128.5934046
2018,대구광역시 북구 산격동 1543,산격동 1543,산격동,1,35.9017718,128.6159259
2018,대구광역시 북구 산격동 1555,산격동 1555,산격동,1,35.910235,128.6082386
2018,대구광역시 북구 산격동 1559,산격동 1559,산격동,25,35.9087757,128.6069614
2018,대구광역시 북구 산격동 1574,산격동 1574,산격동,4,35.9102402,128.614367
2018,대구광역시 북구 산격동 1577,산격동 1577,산격동,1,35.9100154,128.6122797
2018,대구광역시 북구 산격동 1578,산격동 1578,산격동,10,35.9092213,128.6122044
2018,대구광역시 북구 산격동 1579,산격동 1579,산격동,4,35.9089765,128.6116771
2018,대구광역시 북구 산격동 1579-1,산격동 1579-1,산격동,2,35.9090155,128.6111812
2018,대구광역시 북구 산격동 1579-2,산격동 1579-2,산격동,19,35.9085751,128.6114953
2018,대구광역시 북구 산격동 1580,산격동 1580,산격동,1,35.9084943,128.6105546
2018,대구광역시 북구 산격동 1582,산격동 1582,산격동,23,35.9094069,128.6111194
2018,대구광역시 북구 산격동 1590,산격동 1590,산격동,1,35.9096466,128.6107001
2018,대구광역시 북구 산격동 1593,산격동 1593,산격동,21,35.9097682,128.6109621
2018,대구광역시 북구 산격동 1594,산격동 1594,산격동,1,35.9098894,128.6112234
2018,대구광역시 북구 산격동 1607,산격동 1607,산격동,7,35.908645,128.6093004
2018,대구광역시 북구 산격동 1611,산격동 1611,산격동,1,35.9081135,128.6075158
2018,대구광역시 북구 산격동 1619,산격동 1619,산격동,2,35.9082404,128.6091282
2018,대구광역시 북구 산격동 1620,산격동 1620,산격동,2,35.9075068,128.6088084
2018,대구광역시 북구 산격동 1621,산격동 1621,산격동,1,35.9071136,128.6068521
2018,대구광역시 북구 산격동 1622,산격동 1622,산격동,1,35.9078059,128.6058768
2018,대구광역시 북구 산격동 1623,산격동 1623,산격동,1,35.9078348,128.6057703
2018,대구광역시 북구 산격동 1624,산격동 1624,산격동,1,35.9060284,128.6049452
2018,대구광역시 북구 산격동 1626,산격동 1626,산격동,4,35.9059951,128.605523
2018,대구광역시 북구 산격동 1628,산격동 1628,산격동,72,35.9066285,128.6086569
2018,대구광역시 북구 산격동 1629,산격동 1629,산격동,1,35.9039896,128.6058373
2018,대구광역시 북구 산격동 1636,산격동 1636,산격동,16,35.9057249,128.6129741
2018,대구광역시 북구 산격동 1640,산격동 1640,산격동,3,35.9042698,128.6091458
2018,대구광역시 북구 산격동 1664,산격동 1664,산격동,6,35.9053828,128.6091415
2018,대구광역시 북구 산격동 1665,산격동 1665,산격동,3,35.9053513,128.6075295
2018,대구광역시 북구 산격동 1666,산격동 1666,산격동,8,35.9057025,128.6082889
2018,대구광역시 북구 산격동 1667,산격동 1667,산격동,6,35.9063133,128.6096437
2018,대구광역시 북구 산격동 1668,산격동 1668,산격동,26,35.9052464,128.610383
2018,대구광역시 북구 산격동 1669,산격동 1669,산격동,52,35.9062624,128.6109816
2018,대구광역시 북구 산격동 1670,산격동 1670,산격동,3,35.9061927,128.6117973
2018,대구광역시 북구 산격동 1671,산격동 1671,산격동,3,35.9056451,128.6118402
2018,대구광역시 북구 산격동 1672,산격동 1672,산격동,6,35.9058197,128.6122279
2018,대구광역시 북구 산격동 1673,산격동 1673,산격동,26,35.9066759,128.6119482
2018,대구광역시 북구 산격동 1674,산격동 1674,산격동,6,35.9070038,128.6112874
2018,대구광역시 북구 산격동 1674-2,산격동 1674-2,산격동,4,35.906564,128.6115392
2018,대구광역시 북구 산격동 1676,산격동 1676,산격동,12,35.9071728,128.6129712
2018,대구광역시 북구 산격동 1677,산격동 1677,산격동,1,35.9076782,128.6138734
2018,대구광역시 북구 산격동 1686,산격동 1686,산격동,1,35.9081874,128.6147796
2018,대구광역시 북구 산격동 1696,산격동 1696,산격동,2,35.9086268,128.6157212
2018,대구광역시 북구 산격동 1705,산격동 1705,산격동,1,35.9086125,128.6135955
2018,대구광역시 북구 산격동 1705-4,산격동 1705-4,산격동,1,35.9085274,128.61401
2018,대구광역시 북구 산격동 171-1,산격동 171-1,산격동,1,35.9052961,128.613522
2018,대구광역시 북구 산격동 172-5,산격동 172-5,산격동,35,35.9031861,128.6135016
2018,대구광역시 북구 산격동 1727,산격동 1727,산격동,7,35.9066756,128.6173453
2018,대구광역시 북구 산격동 1728,산격동 1728,산격동,8,35.906947,128.6168915
2018,대구광역시 북구 산격동 173,산격동 173,산격동,1,35.9045833,128.6132588
2018,대구광역시 북구 산격동 1739,산격동 1739,산격동,2,35.9062072,128.6167902
2018,대구광역시 북구 산격동 1740,산격동 1740,산격동,1,35.9059978,128.6171151
2018,대구광역시 북구 산격동 1743,산격동 1743,산격동,9,35.9060305,128.6163346
2018,대구광역시 북구 산격동 1745,산격동 1745,산격동,16,35.9119857,128.6133231
2018,대구광역시 북구 산격동 1756,산격동 1756,산격동,1,35.9112175,128.6150806
2018,대구광역시 북구 산격동 1773,산격동 1773,산격동,3,35.9092464,128.6166879
2018,대구광역시 북구 산격동 1781,산격동 1781,산격동,1,35.9083454,128.6170207
2018,대구광역시 북구 산격동 1799,산격동 1799,산격동,1,35.9069379,128.6174202
2018,대구광역시 북구 산격동 1802,산격동 1802,산격동,3,35.9067637,128.6175391
2018,대구광역시 북구 산격동 1803,산격동 1803,산격동,10,35.9071142,128.6174548
2018,대구광역시 북구 산격동 1809,산격동 1809,산격동,1,35.9074853,128.6174911
2018,대구광역시 북구 산격동 1811,산격동 1811,산격동,1,35.9073944,128.6178152
2018,대구광역시 북구 산격동 1813,산격동 1813,산격동,1,35.9070833,128.6177728
2018,대구광역시 북구 산격동 1817,산격동 1817,산격동,6,35.9062928,128.6181121
2018,대구광역시 북구 산격동 1819,산격동 1819,산격동,1,35.9057357,128.6180776
2018,대구광역시 북구 산격동 1820,산격동 1820,산격동,2,35.9059224,128.6176184
2018,대구광역시 북구 산격동 1823,산격동 1823,산격동,1,35.9053945,128.6173165
2018,대구광역시 북구 산격동 1823-1,산격동 1823-1,산격동,2,35.9055185,128.6175853
2018,대구광역시 북구 산격동 1835,산격동 1835,산격동,3,35.9045152,128.6166464
2018,대구광역시 북구 산격동 1838,산격동 1838,산격동,16,35.9017681,128.6079869
2018,대구광역시 북구 산격동 277-7,산격동 277-7,산격동,1,35.9048314,128.6116275
2018,대구광역시 북구 산격동 281-3,산격동 281-3,산격동,1,35.9041081,128.6100828
2018,대구광역시 북구 산격동 283,산격동 283,산격동,2,35.9039252,128.6098149
2018,대구광역시 북구 산격동 338-2,산격동 338-2,산격동,3,35.9075285,128.6054629
2018,대구광역시 북구 산격동 338-29,산격동 338-29,산격동,1,35.9078522,128.6056298
2018,대구광역시 북구 산격동 419-3,산격동 419-3,산격동,1,35.9034282,128.6090334
2018,대구광역시 북구 산격동 432-1,산격동 432-1,산격동,1,35.902369,128.6103361
2018,대구광역시 북구 산격동 432-7,산격동 432-7,산격동,1,35.9023287,128.6105311
2018,대구광역시 북구 산격동 432-9,산격동 432-9,산격동,1,35.902208,128.610563
2018,대구광역시 북구 산격동 433-9,산격동 433-9,산격동,1,35.9020201,128.6109879
2018,대구광역시 북구 산격동 434-19,산격동 434-19,산격동,1,35.9020874,128.6109003
2018,대구광역시 북구 산격동 462-12,산격동 462-12,산격동,4,35.9032123,128.6132023
2018,대구광역시 북구 산격동 462-20,산격동 462-20,산격동,32,35.9030937,128.6132446
2018,대구광역시 북구 산격동 462-21,산격동 462-21,산격동,28,35.9029898,128.6131357
2018,대구광역시 북구 산격동 462-9,산격동 462-9,산격동,1,35.903254,128.6129688
2018,대구광역시 북구 산격동 465,산격동 465,산격동,1,35.9037275,128.6124005
2018,대구광역시 북구 산격동 469-11,산격동 469-11,산격동,1,35.9022184,128.6121832
2018,대구광역시 북구 산격동 469-5,산격동 469-5,산격동,1,35.9028043,128.6128132
2018,대구광역시 북구 산격동 474-2,산격동 474-2,산격동,1,35.903488,128.6126893
2018,대구광역시 북구 산격동 476,산격동 476,산격동,1,35.9032108,128.6130531
2018,대구광역시 북구 산격동 481-1,산격동 481-1,산격동,1,35.9020874,128.6127701
2018,대구광역시 북구 산격동 481-12,산격동 481-12,산격동,1,35.9012828,128.6128595
2018,대구광역시 북구 산격동 481-16,산격동 481-16,산격동,1,35.9017983,128.6133252
2018,대구광역시 북구 산격동 481-36,산격동 481-36,산격동,1,35.9016161,128.6134924
2018,대구광역시 북구 산격동 481-37,산격동 481-37,산격동,1,35.9015261,128.6135704
2018,대구광역시 북구 산격동 481-39,산격동 481-39,산격동,1,35.9013504,128.613074
2018,대구광역시 북구 산격동 481-70,산격동 481-70,산격동,1,35.9018357,128.6135072
2018,대구광역시 북구 산격동 484-9,산격동 484-9,산격동,1,35.9009726,128.6143684
2018,대구광역시 북구 산격동 485-12,산격동 485-12,산격동,1,35.9013716,128.6142823
2018,대구광역시 북구 산격동 486-43,산격동 486-43,산격동,1,35.9020062,128.6158948
2018,대구광역시 북구 산격동 486-44,산격동 486-44,산격동,1,35.9022728,128.6159769
2018,대구광역시 북구 산격동 487-37,산격동 487-37,산격동,1,35.9016434,128.6158711
2018,대구광역시 북구 산격동 489-1,산격동 489-1,산격동,1,35.9000727,128.6146474
2018,대구광역시 북구 산격동 489-7,산격동 489-7,산격동,1,35.8994576,128.6150012
2018,대구광역시 북구 산격동 489-72,산격동 489-72,산격동,1,35.8998075,128.6152236
2018,대구광역시 북구 산격동 489-9,산격동 489-9,산격동,1,35.8996816,128.6151217
2018,대구광역시 북구 산격동 491,산격동 491,산격동,4,35.8997421,128.6143595
2018,대구광역시 북구 산격동 492-3,산격동 492-3,산격동,1,35.8990389,128.6146771
2018,대구광역시 북구 산격동 492-36,산격동 492-36,산격동,1,35.8993165,128.6146791
2018,대구광역시 북구 산격동 492-47,산격동 492-47,산격동,1,35.8980569,128.6147495
2018,대구광역시 북구 산격동 492-49,산격동 492-49,산격동,1,35.8982905,128.6147637
2018,대구광역시 북구 산격동 492-50,산격동 492-50,산격동,1,35.8995389,128.6151731
2018,대구광역시 북구 산격동 492-6,산격동 492-6,산격동,3,35.8990272,128.6149197
2018,대구광역시 북구 산격동 493,산격동 493,산격동,1,35.9003121,128.6131565
2018,대구광역시 북구 산격동 500-1,산격동 500-1,산격동,41,35.9007239,128.6109805
2018,대구광역시 북구 산격동 500-121,산격동 500-121,산격동,5,35.9010985,128.6124763
2018,대구광역시 북구 산격동 500-136,산격동 500-136,산격동,5,35.9025125,128.6089105
2018,대구광역시 북구 산격동 500-161,산격동 500-161,산격동,1,35.9010069,128.6094626
2018,대구광역시 북구 산격동 500-162,산격동 500-162,산격동,1,35.8991201,128.6129766
2018,대구광역시 북구 산격동 500-163,산격동 500-163,산격동,1,35.9010601,128.6124493
2018,대구광역시 북구 산격동 500-167,산격동 500-167,산격동,1,35.9008415,128.6124874
2018,대구광역시 북구 산격동 500-48,산격동 500-48,산격동,4,35.8988861,128.6121631
2018,대구광역시 북구 산격동 502-5,산격동 502-5,산격동,8,35.9014476,128.6122631
2018,대구광역시 북구 산격동 503-1,산격동 503-1,산격동,3,35.9021042,128.6113928
2018,대구광역시 북구 산격동 503-16,산격동 503-16,산격동,2,35.9017458,128.6112455
2018,대구광역시 북구 산격동 505-6,산격동 505-6,산격동,19,35.9013027,128.6077909
2018,대구광역시 북구 산격동 505-7,산격동 505-7,산격동,2,35.902169,128.6067756
2018,대구광역시 북구 산격동 506-1,산격동 506-1,산격동,4,35.9020302,128.6061562
2018,대구광역시 북구 산격동 506-4,산격동 506-4,산격동,4,35.9019829,128.6062459
2018,대구광역시 북구 산격동 506-6,산격동 506-6,산격동,10,35.9018598,128.6067164
2018,대구광역시 북구 산격동 507-1,산격동 507-1,산격동,1,35.9023455,128.6066424
2018,대구광역시 북구 산격동 538-1,산격동 538-1,산격동,2,35.8997772,128.602511
2018,대구광역시 북구 산격동 539-21,산격동 539-21,산격동,1,35.8981156,128.6145427
2018,대구광역시 북구 산격동 539-37,산격동 539-37,산격동,2,35.8978893,128.6146817
2018,대구광역시 북구 산격동 570-6,산격동 570-6,산격동,1,35.9026528,128.6033227
2018,대구광역시 북구 산격동 576-9,산격동 576-9,산격동,1,35.9028384,128.6031423
2018,대구광역시 북구 산격동 578-4,산격동 578-4,산격동,3,35.9032035,128.6031238
2018,대구광역시 북구 산격동 579-4,산격동 579-4,산격동,3,35.9033691,128.6031228
2018,대구광역시 북구 산격동 580-3,산격동 580-3,산격동,3,35.9034673,128.6031172
2018,대구광역시 북구 산격동 603-1,산격동 603-1,산격동,1,35.9062097,128.6043673
2018,대구광역시 북구 산격동 610-1,산격동 610-1,산격동,1,35.9067124,128.6023343
2018,대구광역시 북구 산격동 615-19,산격동 615-19,산격동,2,35.9057446,128.6042308
2018,대구광역시 북구 산격동 647-1,산격동 647-1,산격동,1,35.9024389,128.5996636
2018,대구광역시 북구 산격동 663-6,산격동 663-6,산격동,1,35.902455,128.5980472
2018,대구광역시 북구 산격동 673,산격동 673,산격동,1,35.9053044,128.6015247
2018,대구광역시 북구 산격동 673-9,산격동 673-9,산격동,1,35.9051858,128.6013549
2018,대구광역시 북구 산격동 705-6,산격동 705-6,산격동,1,35.903178,128.5962493
2018,대구광역시 북구 산격동 755-14,산격동 755-14,산격동,1,35.9014561,128.5963545
2018,대구광역시 북구 산격동 789-4,산격동 789-4,산격동,1,35.8968668,128.5936192
2018,대구광역시 북구 산격동 793-62,산격동 793-62,산격동,1,35.8944301,128.5939872
2018,대구광역시 북구 산격동 794-10,산격동 794-10,산격동,1,35.8956509,128.5945575
2018,대구광역시 북구 산격동 796-30,산격동 796-30,산격동,1,35.8964719,128.5947284
2018,대구광역시 북구 산격동 799-1,산격동 799-1,산격동,1,35.896987,128.5952302
2018,대구광역시 북구 산격동 801-14,산격동 801-14,산격동,1,35.8972837,128.5951713
2018,대구광역시 북구 산격동 846-21,산격동 846-21,산격동,2,35.8943765,128.5935799
2018,대구광역시 북구 산격동 848-12,산격동 848-12,산격동,1,35.8926617,128.5945631
2018,대구광역시 북구 산격동 848-19,산격동 848-19,산격동,1,35.8925074,128.5939859
2018,대구광역시 북구 산격동 967,산격동 967,산격동,1,35.8921744,128.5959673
2018,대구광역시 북구 산격동 993-7,산격동 993-7,산격동,1,35.8912929,128.5966427
2018,대구광역시 북구 산격동 산 39-2,산격동 산 39-2,산격동,1,35.8984699,128.6141061
2018,대구광역시 북구 산격동 산 77-1,산격동 산 77-1,산격동,1,35.8988285,128.6004552
2018,대구광역시 북구 산격동 산16-13,산격동 산16-13,산격동,1,35.9007992,128.6041987
2018,대구광역시 북구 산격동 산17-7,산격동 산17-7,산격동,1,35.8993443,128.602826
2018,대구광역시 북구 산격동 산18-2,산격동 산18-2,산격동,2,35.9004938,128.6050502
2018,대구광역시 북구 산격동 산18-3,산격동 산18-3,산격동,1,35.900238,128.6042479
2018,대구광역시 북구 산격동 산4,산격동 산4,산격동,1,35.9039413,128.6156402
2018,대구광역시 북구 산격동 산5,산격동 산5,산격동,6,35.9032717,128.6161849
2018,대구광역시 북구 산격동 산6-5,산격동 산6-5,산격동,1,35.9032053,128.6154885
2018,대구광역시 북구 산격동 산6-6,산격동 산6-6,산격동,1,35.9027451,128.6154222
2018,대구광역시 북구 산격동 산63-2,산격동 산63-2,산격동,3,35.8989855,128.6046757
2018,대구광역시 북구 산격동 산63-7,산격동 산63-7,산격동,7,35.8993966,128.603538
2018,대구광역시 북구 산격동 산7-1,산격동 산7-1,산격동,1,35.9017361,128.615016
2018,대구광역시 북구 산격동 산79-1,산격동 산79-1,산격동,1,35.8987807,128.5986401
2018,대구광역시 북구 산격동 산9-50,산격동 산9-50,산격동,1,35.9021322,128.6131846
2018,대구광역시 북구 산격동 산9-60,산격동 산9-60,산격동,1,35.9031452,128.6131591
2018,대구광역시 북구 서변동 1000-3,서변동 1000-3,서변동,1,35.922329,128.5955502
2018,대구광역시 북구 서변동 1002-2,서변동 1002-2,서변동,1,35.9222581,128.5953437
2018,대구광역시 북구 서변동 1069-5,서변동 1069-5,서변동,1,35.9237352,128.5936832
2018,대구광역시 북구 서변동 1114-1,서변동 1114-1,서변동,1,35.9209957,128.594114
2018,대구광역시 북구 서변동 1115-4,서변동 1115-4,서변동,1,35.9213054,128.5940824
2018,대구광역시 북구 서변동 1148,서변동 1148,서변동,1,35.9220606,128.5949179
2018,대구광역시 북구 서변동 1148-1,서변동 1148-1,서변동,1,35.9220928,128.5950612
2018,대구광역시 북구 서변동 1266,서변동 1266,서변동,1,35.9145342,128.5990936
2018,대구광역시 북구 서변동 1290-4,서변동 1290-4,서변동,1,35.9100472,128.59502
2018,대구광역시 북구 서변동 1494-1,서변동 1494-1,서변동,2,35.9124645,128.5852237
2018,대구광역시 북구 서변동 1541,서변동 1541,서변동,1,35.9082781,128.5852441
2018,대구광역시 북구 서변동 1668-1,서변동 1668-1,서변동,1,35.9252201,128.5942033
2018,대구광역시 북구 서변동 1668-28,서변동 1668-28,서변동,1,35.9270727,128.5950862
2018,대구광역시 북구 서변동 1679-1,서변동 1679-1,서변동,11,35.9223253,128.5949785
2018,대구광역시 북구 서변동 1680-1,서변동 1680-1,서변동,1,35.9221895,128.5928318
2018,대구광역시 북구 서변동 1683-1,서변동 1683-1,서변동,1,35.9193355,128.5945162
2018,대구광역시 북구 서변동 1721,서변동 1721,서변동,2,35.9254567,128.5948493
2018,대구광역시 북구 서변동 1724,서변동 1724,서변동,2,35.9284255,128.5966837
2018,대구광역시 북구 서변동 1724-1,서변동 1724-1,서변동,1,35.9280861,128.5978364
2018,대구광역시 북구 서변동 1725,서변동 1725,서변동,11,35.9277225,128.5961379
2018,대구광역시 북구 서변동 1726,서변동 1726,서변동,55,35.9218766,128.5966313
2018,대구광역시 북구 서변동 1735,서변동 1735,서변동,1,35.9248348,128.5954715
2018,대구광역시 북구 서변동 1740-3,서변동 1740-3,서변동,1,35.9230649,128.5965137
2018,대구광역시 북구 서변동 1742-6,서변동 1742-6,서변동,1,35.9223238,128.5960933
2018,대구광역시 북구 서변동 1744,서변동 1744,서변동,4,35.9196723,128.5945799
2018,대구광역시 북구 서변동 1745,서변동 1745,서변동,1,35.921896,128.5963201
2018,대구광역시 북구 서변동 1747,서변동 1747,서변동,5,35.9215437,128.5953439
2018,대구광역시 북구 서변동 1748,서변동 1748,서변동,1,35.9215689,128.5960609
2018,대구광역시 북구 서변동 1751-10,서변동 1751-10,서변동,1,35.9202275,128.5963817
2018,대구광역시 북구 서변동 1751-11,서변동 1751-11,서변동,1,35.9203371,128.5963826
2018,대구광역시 북구 서변동 1751-7,서변동 1751-7,서변동,1,35.9202285,128.5961845
2018,대구광역시 북구 서변동 1754-15,서변동 1754-15,서변동,1,35.9199265,128.5954161
2018,대구광역시 북구 서변동 1756-9,서변동 1756-9,서변동,1,35.9192674,128.5963727
2018,대구광역시 북구 서변동 1757,서변동 1757,서변동,2,35.9193228,128.5955766
2018,대구광역시 북구 서변동 1759-6,서변동 1759-6,서변동,5,35.918398,128.5963751
2018,대구광역시 북구 서변동 1759-7,서변동 1759-7,서변동,2,35.9185065,128.5963767
2018,대구광역시 북구 서변동 1759-9,서변동 1759-9,서변동,1,35.9187174,128.5963747
2018,대구광역시 북구 서변동 1761,서변동 1761,서변동,3,35.9186068,128.5960283
2018,대구광역시 북구 서변동 1762-7,서변동 1762-7,서변동,1,35.9181929,128.5963995
2018,대구광역시 북구 서변동 1762-9,서변동 1762-9,서변동,1,35.9180506,128.596252
2018,대구광역시 북구 서변동 1764,서변동 1764,서변동,3,35.917514,128.5962895
2018,대구광역시 북구 서변동 1769,서변동 1769,서변동,3,35.9250714,128.597799
2018,대구광역시 북구 서변동 1771,서변동 1771,서변동,22,35.9217709,128.598433
2018,대구광역시 북구 서변동 1772,서변동 1772,서변동,2,35.9236538,128.5976389
2018,대구광역시 북구 서변동 1773,서변동 1773,서변동,1,35.9230594,128.597039
2018,대구광역시 북구 서변동 1775,서변동 1775,서변동,2,35.922087,128.5975459
2018,대구광역시 북구 서변동 1777,서변동 1777,서변동,1,35.9213068,128.5971035
2018,대구광역시 북구 서변동 1778,서변동 1778,서변동,3,35.9212994,128.597843
2018,대구광역시 북구 서변동 1779-2,서변동 1779-2,서변동,2,35.9243025,128.5988884
2018,대구광역시 북구 서변동 1779-7,서변동 1779-7,서변동,4,35.9233786,128.5990029
2018,대구광역시 북구 서변동 1779-8,서변동 1779-8,서변동,6,35.9232274,128.5990101
2018,대구광역시 북구 서변동 1779번지입니다.,서변동 1779번지입니다.,서변동,1,35.9243055,128.5986472
2018,대구광역시 북구 서변동 1780-6,서변동 1780-6,서변동,1,35.9232246,128.5986453
2018,대구광역시 북구 서변동 1780-7,서변동 1780-7,서변동,5,35.9231023,128.5986448
2018,대구광역시 북구 서변동 1784-2,서변동 1784-2,서변동,1,35.9222361,128.5986476
2018,대구광역시 북구 서변동 1785,서변동 1785,서변동,1,35.9220827,128.59882
2018,대구광역시 북구 서변동 1786,서변동 1786,서변동,1,35.9213423,128.5988312
2018,대구광역시 북구 서변동 1787-1,서변동 1787-1,서변동,1,35.9205943,128.5989781
2018,대구광역시 북구 서변동 1787-11,서변동 1787-11,서변동,1,35.9193502,128.5986532
2018,대구광역시 북구 서변동 1787-3,서변동 1787-3,서변동,1,35.9202832,128.5989778
2018,대구광역시 북구 서변동 1787-4,서변동 1787-4,서변동,1,35.9201281,128.5989772
2018,대구광역시 북구 서변동 1787-5,서변동 1787-5,서변동,2,35.9198956,128.5989757
2018,대구광역시 북구 서변동 1787-9,서변동 1787-9,서변동,1,35.919272,128.5989343
2018,대구광역시 북구 서변동 1788,서변동 1788,서변동,2,35.9205292,128.5986466
2018,대구광역시 북구 서변동 1788-1,서변동 1788-1,서변동,1,35.9203924,128.598647
2018,대구광역시 북구 서변동 1788-6,서변동 1788-6,서변동,1,35.9197155,128.598644
2018,대구광역시 북구 서변동 1788-7,서변동 1788-7,서변동,1,35.9195787,128.5986428
2018,대구광역시 북구 서변동 1792,서변동 1792,서변동,1,35.9208941,128.5978401
2018,대구광역시 북구 서변동 1793,서변동 1793,서변동,6,35.9200137,128.5976001
2018,대구광역시 북구 서변동 1794,서변동 1794,서변동,1,35.9194602,128.5969332
2018,대구광역시 북구 서변동 1795,서변동 1795,서변동,21,35.9178283,128.5978175
2018,대구광역시 북구 서변동 1796,서변동 1796,서변동,7,35.916365,128.5977139
2018,대구광역시 북구 서변동 1797,서변동 1797,서변동,1,35.9175736,128.5989792
2018,대구광역시 북구 서변동 1801,서변동 1801,서변동,8,35.9211153,128.5991864
2018,대구광역시 북구 서변동 860-6,서변동 860-6,서변동,1,35.9269075,128.5949108
2018,대구광역시 북구 서변동 950,서변동 950,서변동,1,35.9235835,128.5959623
2018,대구광역시 북구 서변동 954-1,서변동 954-1,서변동,2,35.923294,128.5959754
2018,대구광역시 북구 서변동 산 30,서변동 산 30,서변동,1,35.9149962,128.5972084
2018,대구광역시 북구 서변동 산 33,서변동 산 33,서변동,2,35.9195237,128.5925284
2018,대구광역시 북구 서변동 산30-1,서변동 산30-1,서변동,3,35.9142179,128.5926971
2018,대구광역시 북구 서변동 산33,서변동 산33,서변동,2,35.9195237,128.5925284
2018,대구광역시 북구 읍내동 1076-2,읍내동 1076-2,읍내동,1,35.9376855,128.5528438
2018,대구광역시 북구 읍내동 1077-1,읍내동 1077-1,읍내동,1,35.9381564,128.5525747
2018,대구광역시 북구 읍내동 1077-3,읍내동 1077-3,읍내동,1,35.9383776,128.552321
2018,대구광역시 북구 읍내동 1128,읍내동 1128,읍내동,2,35.9338414,128.5496581
2018,대구광역시 북구 읍내동 1140,읍내동 1140,읍내동,2,35.9348569,128.5505026
2018,대구광역시 북구 읍내동 1171,읍내동 1171,읍내동,4,35.9369192,128.5507232
2018,대구광역시 북구 읍내동 1212,읍내동 1212,읍내동,4,35.9420688,128.5504786
2018,대구광역시 북구 읍내동 1234-125,읍내동 1234-125,읍내동,1,35.9423299,128.5553299
2018,대구광역시 북구 읍내동 1234-126,읍내동 1234-126,읍내동,1,35.9392924,128.5563844
2018,대구광역시 북구 읍내동 1234-149,읍내동 1234-149,읍내동,4,35.9467726,128.5550173
2018,대구광역시 북구 읍내동 1234-151,읍내동 1234-151,읍내동,1,35.9446348,128.5536437
2018,대구광역시 북구 읍내동 1234-155,읍내동 1234-155,읍내동,2,35.9446265,128.5537153
2018,대구광역시 북구 읍내동 1234-159,읍내동 1234-159,읍내동,1,35.9405595,128.5571995
2018,대구광역시 북구 읍내동 1234-178,읍내동 1234-178,읍내동,1,35.9478654,128.5552236
2018,대구광역시 북구 읍내동 1234-184,읍내동 1234-184,읍내동,2,35.9459511,128.5544893
2018,대구광역시 북구 읍내동 1234-49,읍내동 1234-49,읍내동,3,35.9469167,128.5549559
2018,대구광역시 북구 읍내동 1234-7,읍내동 1234-7,읍내동,4,35.9493062,128.5557932
2018,대구광역시 북구 읍내동 1236-59,읍내동 1236-59,읍내동,1,35.9502129,128.5527902
2018,대구광역시 북구 읍내동 1240-1,읍내동 1240-1,읍내동,2,35.948462,128.5519964
2018,대구광역시 북구 읍내동 1240-19,읍내동 1240-19,읍내동,1,35.9472967,128.5453695
2018,대구광역시 북구 읍내동 1240-62,읍내동 1240-62,읍내동,1,35.9468079,128.5533046
2018,대구광역시 북구 읍내동 1240-65,읍내동 1240-65,읍내동,1,35.9468323,128.5520608
2018,대구광역시 북구 읍내동 1240-66,읍내동 1240-66,읍내동,13,35.9438912,128.5508738
2018,대구광역시 북구 읍내동 1240-76,읍내동 1240-76,읍내동,3,35.9441511,128.5525292
2018,대구광역시 북구 읍내동 1240-81,읍내동 1240-81,읍내동,1,35.938461,128.5523709
2018,대구광역시 북구 읍내동 1240-92,읍내동 1240-92,읍내동,1,35.9476097,128.5543137
2018,대구광역시 북구 읍내동 1274,읍내동 1274,읍내동,8,35.947618,128.5471117
2018,대구광역시 북구 읍내동 1275,읍내동 1275,읍내동,1,35.9466157,128.5498573
2018,대구광역시 북구 읍내동 1276,읍내동 1276,읍내동,1,35.947836,128.5478445
2018,대구광역시 북구 읍내동 1276-9,읍내동 1276-9,읍내동,1,35.947722,128.5484228
2018,대구광역시 북구 읍내동 1278,읍내동 1278,읍내동,3,35.9471122,128.5467321
2018,대구광역시 북구 읍내동 1278-9,읍내동 1278-9,읍내동,2,35.9468516,128.5465155
2018,대구광역시 북구 읍내동 1282,읍내동 1282,읍내동,3,35.9469414,128.5477724
2018,대구광역시 북구 읍내동 1297-20,읍내동 1297-20,읍내동,2,35.9452754,128.5477857
2018,대구광역시 북구 읍내동 1297-33,읍내동 1297-33,읍내동,1,35.9461989,128.5467991
2018,대구광역시 북구 읍내동 1298,읍내동 1298,읍내동,7,35.9459508,128.5468551
2018,대구광역시 북구 읍내동 1299,읍내동 1299,읍내동,1,35.9453397,128.5484302
2018,대구광역시 북구 읍내동 1300-6,읍내동 1300-6,읍내동,1,35.9453475,128.5492786
2018,대구광역시 북구 읍내동 1301,읍내동 1301,읍내동,56,35.9450452,128.5488499
2018,대구광역시 북구 읍내동 1302,읍내동 1302,읍내동,35,35.944166,128.5475678
2018,대구광역시 북구 읍내동 1303,읍내동 1303,읍내동,6,35.944157,128.5481803
2018,대구광역시 북구 읍내동 1304,읍내동 1304,읍내동,1,35.9442712,128.5488418
2018,대구광역시 북구 읍내동 1305,읍내동 1305,읍내동,2,35.9445936,128.5494473
2018,대구광역시 북구 읍내동 1308,읍내동 1308,읍내동,1,35.9427676,128.5479234
2018,대구광역시 북구 읍내동 1310,읍내동 1310,읍내동,1,35.9422253,128.5482967
2018,대구광역시 북구 읍내동 1315,읍내동 1315,읍내동,1,35.9422802,128.5474511
2018,대구광역시 북구 읍내동 1330,읍내동 1330,읍내동,18,35.9378107,128.5493845
2018,대구광역시 북구 읍내동 1334-9,읍내동 1334-9,읍내동,1,35.9383377,128.5501855
2018,대구광역시 북구 읍내동 1335,읍내동 1335,읍내동,1,35.938791,128.55055
2018,대구광역시 북구 읍내동 1338,읍내동 1338,읍내동,1,35.9371705,128.5496794
2018,대구광역시 북구 읍내동 1339,읍내동 1339,읍내동,13,35.9353514,128.5497681
2018,대구광역시 북구 읍내동 1341-5,읍내동 1341-5,읍내동,2,35.9348958,128.5492971
2018,대구광역시 북구 읍내동 1342,읍내동 1342,읍내동,5,35.9337712,128.548708
2018,대구광역시 북구 읍내동 1342-1,읍내동 1342-1,읍내동,4,35.934707,128.5492689
2018,대구광역시 북구 읍내동 1343,읍내동 1343,읍내동,2,35.9343151,128.5492104
2018,대구광역시 북구 읍내동 1343-4,읍내동 1343-4,읍내동,2,35.9334731,128.5488862
2018,대구광역시 북구 읍내동 1343-5,읍내동 1343-5,읍내동,9,35.9335294,128.5491101
2018,대구광역시 북구 읍내동 1343-6,읍내동 1343-6,읍내동,8,35.9330126,128.5490363
2018,대구광역시 북구 읍내동 1343-7,읍내동 1343-7,읍내동,1,35.933426,128.5493025
2018,대구광역시 북구 읍내동 1344,읍내동 1344,읍내동,1,35.9356044,128.5503809
2018,대구광역시 북구 읍내동 1348,읍내동 1348,읍내동,3,35.9410765,128.5543858
2018,대구광역시 북구 읍내동 1350,읍내동 1350,읍내동,15,35.9399914,128.5566519
2018,대구광역시 북구 읍내동 1351,읍내동 1351,읍내동,3,35.9412006,128.5553538
2018,대구광역시 북구 읍내동 1351-1,읍내동 1351-1,읍내동,1,35.9398971,128.554117
2018,대구광역시 북구 읍내동 1351-2,읍내동 1351-2,읍내동,1,35.9401476,128.5556805
2018,대구광역시 북구 읍내동 1356,읍내동 1356,읍내동,2,35.9391717,128.5559301
2018,대구광역시 북구 읍내동 1357-2,읍내동 1357-2,읍내동,1,35.9393957,128.5560344
2018,대구광역시 북구 읍내동 1357-3,읍내동 1357-3,읍내동,3,35.9392865,128.5560361
2018,대구광역시 북구 읍내동 1357-4,읍내동 1357-4,읍내동,1,35.9391329,128.5560161
2018,대구광역시 북구 읍내동 1362-1,읍내동 1362-1,읍내동,1,35.9376832,128.5550517
2018,대구광역시 북구 읍내동 1363,읍내동 1363,읍내동,1,35.9374628,128.5544789
2018,대구광역시 북구 읍내동 1365,읍내동 1365,읍내동,2,35.9344837,128.5546169
2018,대구광역시 북구 읍내동 1366-1,읍내동 1366-1,읍내동,2,35.9356264,128.5538505
2018,대구광역시 북구 읍내동 1366-3,읍내동 1366-3,읍내동,1,35.9331996,128.5533551
2018,대구광역시 북구 읍내동 1367,읍내동 1367,읍내동,3,35.9350206,128.5526098
2018,대구광역시 북구 읍내동 1377-6,읍내동 1377-6,읍내동,1,35.9329783,128.5515873
2018,대구광역시 북구 읍내동 1379-13,읍내동 1379-13,읍내동,1,35.9330696,128.552205
2018,대구광역시 북구 읍내동 1379-16,읍내동 1379-16,읍내동,1,35.9333645,128.5522429
2018,대구광역시 북구 읍내동 1382,읍내동 1382,읍내동,6,35.9323989,128.5511646
2018,대구광역시 북구 읍내동 1448,읍내동 1448,읍내동,2,35.9506752,128.5518438
2018,대구광역시 북구 읍내동 300-3,읍내동 300-3,읍내동,2,35.9501043,128.5531689
2018,대구광역시 북구 읍내동 301,읍내동 301,읍내동,1,35.9503416,128.5534386
2018,대구광역시 북구 읍내동 301-1,읍내동 301-1,읍내동,1,35.9507427,128.5531542
2018,대구광역시 북구 읍내동 302-1,읍내동 302-1,읍내동,2,35.9506178,128.5533389
2018,대구광역시 북구 읍내동 303-1,읍내동 303-1,읍내동,1,35.9508549,128.5534636
2018,대구광역시 북구 읍내동 304-2,읍내동 304-2,읍내동,2,35.9522506,128.553533
2018,대구광역시 북구 읍내동 306-12,읍내동 306-12,읍내동,1,35.9520013,128.5531833
2018,대구광역시 북구 읍내동 313-10,읍내동 313-10,읍내동,13,35.9535863,128.5531637
2018,대구광역시 북구 읍내동 315-6,읍내동 315-6,읍내동,3,35.9536231,128.5523065
2018,대구광역시 북구 읍내동 315-9,읍내동 315-9,읍내동,1,35.9536759,128.552194
2018,대구광역시 북구 읍내동 333-3,읍내동 333-3,읍내동,1,35.9542162,128.5530396
2018,대구광역시 북구 읍내동 339-1,읍내동 339-1,읍내동,1,35.9535965,128.5529914
2018,대구광역시 북구 읍내동 356-2,읍내동 356-2,읍내동,1,35.9533804,128.5532617
2018,대구광역시 북구 읍내동 356-4,읍내동 356-4,읍내동,1,35.9532534,128.5536883
2018,대구광역시 북구 읍내동 357-1,읍내동 357-1,읍내동,1,35.9534531,128.5538305
2018,대구광역시 북구 읍내동 375,읍내동 375,읍내동,1,35.9550994,128.5546072
2018,대구광역시 북구 읍내동 426,읍내동 426,읍내동,1,35.9509178,128.556244
2018,대구광역시 북구 읍내동 430,읍내동 430,읍내동,1,35.9512183,128.5552082
2018,대구광역시 북구 읍내동 448-1,읍내동 448-1,읍내동,1,35.947963,128.5551172
2018,대구광역시 북구 읍내동 455,읍내동 455,읍내동,1,35.9477479,128.5549125
2018,대구광역시 북구 읍내동 466-3,읍내동 466-3,읍내동,1,35.9465054,128.554029
2018,대구광역시 북구 읍내동 468-3,읍내동 468-3,읍내동,1,35.946738,128.5535481
2018,대구광역시 북구 읍내동 496,읍내동 496,읍내동,1,35.9493984,128.552552
2018,대구광역시 북구 읍내동 519-2,읍내동 519-2,읍내동,1,35.946805,128.5518726
2018,대구광역시 북구 읍내동 657-8,읍내동 657-8,읍내동,2,35.9462881,128.551062
2018,대구광역시 북구 읍내동 659-7,읍내동 659-7,읍내동,2,35.9461749,128.5508597
2018,대구광역시 북구 읍내동 660-2,읍내동 660-2,읍내동,1,35.9459061,128.5506132
2018,대구광역시 북구 읍내동 669-1,읍내동 669-1,읍내동,1,35.9448839,128.5506586
2018,대구광역시 북구 읍내동 679-6,읍내동 679-6,읍내동,1,35.9452856,128.5497006
2018,대구광역시 북구 읍내동 771-7,읍내동 771-7,읍내동,2,35.9436159,128.5506971
2018,대구광역시 북구 읍내동 782-3,읍내동 782-3,읍내동,1,35.9433593,128.550931
2018,대구광역시 북구 읍내동 788-1,읍내동 788-1,읍내동,2,35.9438283,128.5511778
2018,대구광역시 북구 읍내동 789-7,읍내동 789-7,읍내동,2,35.9441681,128.5512622
2018,대구광역시 북구 읍내동 794-1,읍내동 794-1,읍내동,1,35.9450939,128.5511658
2018,대구광역시 북구 읍내동 803-6,읍내동 803-6,읍내동,1,35.9468416,128.5527567
2018,대구광역시 북구 읍내동 820-12,읍내동 820-12,읍내동,2,35.9453461,128.5536091
2018,대구광역시 북구 읍내동 821-2,읍내동 821-2,읍내동,1,35.9453989,128.5535579
2018,대구광역시 북구 읍내동 822-1,읍내동 822-1,읍내동,1,35.9453684,128.5532654
2018,대구광역시 북구 읍내동 880-6,읍내동 880-6,읍내동,1,35.9442051,128.5523292
2018,대구광역시 북구 읍내동 880-9,읍내동 880-9,읍내동,1,35.9441746,128.5526511
2018,대구광역시 북구 읍내동 886-1,읍내동 886-1,읍내동,2,35.9442506,128.553113
2018,대구광역시 북구 읍내동 889-1,읍내동 889-1,읍내동,1,35.9440044,128.5524663
2018,대구광역시 북구 읍내동 889-5,읍내동 889-5,읍내동,1,35.9440995,128.5518242
2018,대구광역시 북구 읍내동 891,읍내동 891,읍내동,1,35.9433295,128.5519263
2018,대구광역시 북구 읍내동 896-2,읍내동 896-2,읍내동,1,35.9440765,128.5529356
2018,대구광역시 북구 읍내동 963,읍내동 963,읍내동,1,35.9390055,128.5519945
2018,대구광역시 북구 읍내동 967-1,읍내동 967-1,읍내동,2,35.9389127,128.5522567
2018,대구광역시 북구 읍내동 967-2,읍내동 967-2,읍내동,2,35.9382562,128.553292
2018,대구광역시 북구 읍내동 967-5,읍내동 967-5,읍내동,1,35.9384224,128.5526836
2018,대구광역시 북구 읍내동 970-1,읍내동 970-1,읍내동,3,35.9388313,128.5530182
2018,대구광역시 북구 읍내동 970-7,읍내동 970-7,읍내동,3,35.9385789,128.5528897
2018,대구광역시 북구 조야동 101-5,조야동 101-5,조야동,1,35.9096866,128.5767419
2018,대구광역시 북구 조야동 436-2,조야동 436-2,조야동,1,35.9158585,128.5786544
2018,대구광역시 북구 조야동 436-25,조야동 436-25,조야동,1,35.9109718,128.576582
2018,대구광역시 북구 칠성동 1가 176-26,칠성동 1가 176-26,칠성동,1,35.8762337,128.6019615
2018,대구광역시 북구 칠성동 438-55,칠성동 438-55,칠성동,1,35.8772284,128.5972031
2018,대구광역시 북구 칠성동1가 105-4,칠성동1가 105-4,칠성동,1,35.8748149,128.6046441
2018,대구광역시 북구 칠성동1가 125-1,칠성동1가 125-1,칠성동,1,35.8745304,128.6058504
2018,대구광역시 북구 칠성동1가 136-16,칠성동1가 136-16,칠성동,1,35.8747947,128.6069401
2018,대구광역시 북구 칠성동1가 139-1,칠성동1가 139-1,칠성동,1,35.8751955,128.6068628
2018,대구광역시 북구 칠성동1가 150-2,칠성동1가 150-2,칠성동,1,35.8756169,128.6053234
2018,대구광역시 북구 칠성동1가 159-2,칠성동1가 159-2,칠성동,1,35.8759827,128.6047186
2018,대구광역시 북구 칠성동1가 161-1,칠성동1가 161-1,칠성동,1,35.8764046,128.6037989
2018,대구광역시 북구 칠성동1가 163-1,칠성동1가 163-1,칠성동,2,35.876636,128.603548
2018,대구광역시 북구 칠성동1가 171-12,칠성동1가 171-12,칠성동,1,35.8764291,128.6021649
2018,대구광역시 북구 칠성동1가 176-1,칠성동1가 176-1,칠성동,1,35.8762616,128.6025821
2018,대구광역시 북구 칠성동1가 185,칠성동1가 185,칠성동,1,35.8765021,128.6016208
2018,대구광역시 북구 칠성동1가 195-1,칠성동1가 195-1,칠성동,1,35.876715,128.6014548
2018,대구광역시 북구 칠성동1가 211,칠성동1가 211,칠성동,1,35.8763016,128.6013497
2018,대구광역시 북구 칠성동1가 228,칠성동1가 228,칠성동,1,35.8767166,128.6022331
2018,대구광역시 북구 칠성동1가 229-6,칠성동1가 229-6,칠성동,1,35.8768305,128.6024064
2018,대구광역시 북구 칠성동1가 270-37,칠성동1가 270-37,칠성동,1,35.8780075,128.6015976
2018,대구광역시 북구 칠성동1가 274-7,칠성동1가 274-7,칠성동,1,35.8776321,128.6030201
2018,대구광역시 북구 칠성동1가 276-1,칠성동1가 276-1,칠성동,8,35.8765069,128.6061268
2018,대구광역시 북구 칠성동1가 276-102,칠성동1가 276-102,칠성동,1,35.8771909,128.6041267
2018,대구광역시 북구 칠성동1가 276-153,칠성동1가 276-153,칠성동,1,35.8762098,128.6055889
2018,대구광역시 북구 칠성동1가 276-157,칠성동1가 276-157,칠성동,1,35.8763353,128.6050442
2018,대구광역시 북구 칠성동1가 276-37,칠성동1가 276-37,칠성동,1,35.8760911,128.6055736
2018,대구광역시 북구 칠성동1가 276-64,칠성동1가 276-64,칠성동,3,35.8762322,128.6049328
2018,대구광역시 북구 칠성동1가 276-99,칠성동1가 276-99,칠성동,1,35.8768531,128.6044398
2018,대구광역시 북구 칠성동1가 278-1,칠성동1가 278-1,칠성동,2,35.8759894,128.6056512
2018,대구광역시 북구 칠성동1가 279-1,칠성동1가 279-1,칠성동,11,35.8757437,128.6044568
2018,대구광역시 북구 칠성동1가 365,칠성동1가 365,칠성동,1,35.8753624,128.6092974
2018,대구광역시 북구 칠성동1가 49-2,칠성동1가 49-2,칠성동,1,35.8741351,128.6044343
2018,대구광역시 북구 칠성동1가 56-1,칠성동1가 56-1,칠성동,1,35.8748003,128.6042375
2018,대구광역시 북구 칠성동1가 94-2,칠성동1가 94-2,칠성동,1,35.8758257,128.6041752
2018,대구광역시 북구 칠성동2가 115,칠성동2가 115,칠성동,2,35.8834876,128.5932537
2018,대구광역시 북구 칠성동2가 115-1,칠성동2가 115-1,칠성동,1,35.8830242,128.5941654
2018,대구광역시 북구 칠성동2가 115-5,칠성동2가 115-5,칠성동,1,35.8834798,128.5922489
2018,대구광역시 북구 칠성동2가 127,칠성동2가 127,칠성동,7,35.8818672,128.5921688
2018,대구광역시 북구 칠성동2가 142-50,칠성동2가 142-50,칠성동,1,35.8800631,128.5930957
2018,대구광역시 북구 칠성동2가 168-13,칠성동2가 168-13,칠성동,3,35.8808591,128.5908721
2018,대구광역시 북구 칠성동2가 2-14,칠성동2가 2-14,칠성동,2,35.8853971,128.5862499
2018,대구광역시 북구 칠성동2가 2-16,칠성동2가 2-16,칠성동,1,35.8850496,128.5860661
2018,대구광역시 북구 칠성동2가 2-17,칠성동2가 2-17,칠성동,2,35.8847303,128.5862143
2018,대구광역시 북구 칠성동2가 2-18,칠성동2가 2-18,칠성동,1,35.8846832,128.586005
2018,대구광역시 북구 칠성동2가 2-4,칠성동2가 2-4,칠성동,1,35.8843891,128.5883504
2018,대구광역시 북구 칠성동2가 2-5,칠성동2가 2-5,칠성동,3,35.8846913,128.5870682
2018,대구광역시 북구 칠성동2가 23-1,칠성동2가 23-1,칠성동,11,35.8852378,128.5907767
2018,대구광역시 북구 칠성동2가 24-1,칠성동2가 24-1,칠성동,11,35.885059,128.5919296
2018,대구광역시 북구 칠성동2가 24-10,칠성동2가 24-10,칠성동,1,35.8849733,128.5909574
2018,대구광역시 북구 칠성동2가 24-14,칠성동2가 24-14,칠성동,6,35.8850685,128.5915858
2018,대구광역시 북구 칠성동2가 24-16,칠성동2가 24-16,칠성동,2,35.8849853,128.591497
2018,대구광역시 북구 칠성동2가 24-18,칠성동2가 24-18,칠성동,1,35.8847679,128.5911267
2018,대구광역시 북구 칠성동2가 24-25,칠성동2가 24-25,칠성동,1,35.8850703,128.5914049
2018,대구광역시 북구 칠성동2가 24-28,칠성동2가 24-28,칠성동,1,35.884711,128.5911819
2018,대구광역시 북구 칠성동2가 24-4,칠성동2가 24-4,칠성동,11,35.8849981,128.591734
2018,대구광역시 북구 칠성동2가 24-46,칠성동2가 24-46,칠성동,5,35.8849409,128.5919014
2018,대구광역시 북구 칠성동2가 24-48,칠성동2가 24-48,칠성동,2,35.8848259,128.5915521
2018,대구광역시 북구 칠성동2가 24-53,칠성동2가 24-53,칠성동,1,35.8847741,128.5916281
2018,대구광역시 북구 칠성동2가 24-57,칠성동2가 24-57,칠성동,6,35.8845859,128.5918447
2018,대구광역시 북구 칠성동2가 245-2,칠성동2가 245-2,칠성동,1,35.8782218,128.5901199
2018,대구광역시 북구 칠성동2가 25-1,칠성동2가 25-1,칠성동,4,35.8854775,128.5920963
2018,대구광역시 북구 칠성동2가 25-27,칠성동2가 25-27,칠성동,3,35.8851814,128.5920115
2018,대구광역시 북구 칠성동2가 25-5,칠성동2가 25-5,칠성동,1,35.885366,128.5916621
2018,대구광역시 북구 칠성동2가 27-4,칠성동2가 27-4,칠성동,2,35.8847776,128.5919545
2018,대구광역시 북구 칠성동2가 27-6,칠성동2가 27-6,칠성동,3,35.8847569,128.5917511
2018,대구광역시 북구 칠성동2가 289-1,칠성동2가 289-1,칠성동,1,35.8780052,128.594418
2018,대구광역시 북구 칠성동2가 289-15,칠성동2가 289-15,칠성동,1,35.8778878,128.594398
2018,대구광역시 북구 칠성동2가 291-1,칠성동2가 291-1,칠성동,1,35.8781629,128.593072
2018,대구광역시 북구 칠성동2가 293-7,칠성동2가 293-7,칠성동,1,35.8781914,128.5947048
2018,대구광역시 북구 칠성동2가 296-3,칠성동2가 296-3,칠성동,1,35.8785379,128.5952155
2018,대구광역시 북구 칠성동2가 297-15,칠성동2가 297-15,칠성동,1,35.8785153,128.5948424
2018,대구광역시 북구 칠성동2가 297-20,칠성동2가 297-20,칠성동,1,35.8783601,128.5948272
2018,대구광역시 북구 칠성동2가 297-5,칠성동2가 297-5,칠성동,2,35.8783657,128.5949825
2018,대구광역시 북구 칠성동2가 299-4,칠성동2가 299-4,칠성동,1,35.8781606,128.5950102
2018,대구광역시 북구 칠성동2가 299-5,칠성동2가 299-5,칠성동,1,35.8780837,128.595125
2018,대구광역시 북구 칠성동2가 302-138,칠성동2가 302-138,칠성동,18,35.8770813,128.5931901
2018,대구광역시 북구 칠성동2가 302-139,칠성동2가 302-139,칠성동,24,35.8772793,128.5920985
2018,대구광역시 북구 칠성동2가 302-142,칠성동2가 302-142,칠성동,5,35.8778736,128.5922812
2018,대구광역시 북구 칠성동2가 302-155,칠성동2가 302-155,칠성동,3,35.876024,128.5955608
2018,대구광역시 북구 칠성동2가 302-194,칠성동2가 302-194,칠성동,1,35.8752118,128.600758
2018,대구광역시 북구 칠성동2가 302-200,칠성동2가 302-200,칠성동,2,35.8755566,128.5992552
2018,대구광역시 북구 칠성동2가 302-235,칠성동2가 302-235,칠성동,1,35.8764151,128.5960658
2018,대구광역시 북구 칠성동2가 302-236,칠성동2가 302-236,칠성동,1,35.8763826,128.5962241
2018,대구광역시 북구 칠성동2가 302-237,칠성동2가 302-237,칠성동,2,35.8763505,128.5963809
2018,대구광역시 북구 칠성동2가 302-261,칠성동2가 302-261,칠성동,1,35.877306,128.5916591
2018,대구광역시 북구 칠성동2가 302-310,칠성동2가 302-310,칠성동,1,35.8768098,128.5955849
2018,대구광역시 북구 칠성동2가 302-314,칠성동2가 302-314,칠성동,1,35.876825,128.5965716
2018,대구광역시 북구 칠성동2가 302-352,칠성동2가 302-352,칠성동,1,35.8766648,128.5972025
2018,대구광역시 북구 칠성동2가 302-353,칠성동2가 302-353,칠성동,1,35.8767453,128.5969857
2018,대구광역시 북구 칠성동2가 302-354,칠성동2가 302-354,칠성동,1,35.8767108,128.597205
2018,대구광역시 북구 칠성동2가 302-381,칠성동2가 302-381,칠성동,3,35.8774249,128.5936095
2018,대구광역시 북구 칠성동2가 302-383,칠성동2가 302-383,칠성동,1,35.8768592,128.5963958
2018,대구광역시 북구 칠성동2가 302-387,칠성동2가 302-387,칠성동,2,35.8776548,128.5938957
2018,대구광역시 북구 칠성동2가 302-398,칠성동2가 302-398,칠성동,10,35.8769037,128.5910938
2018,대구광역시 북구 칠성동2가 302-93,칠성동2가 302-93,칠성동,14,35.8774439,128.5925378
2018,대구광역시 북구 칠성동2가 302-94,칠성동2가 302-94,칠성동,4,35.8762547,128.5985437
2018,대구광역시 북구 칠성동2가 302-95,칠성동2가 302-95,칠성동,1,35.8761657,128.6008831
2018,대구광역시 북구 칠성동2가 303,칠성동2가 303,칠성동,1,35.877607,128.5951193
2018,대구광역시 북구 칠성동2가 310-6,칠성동2가 310-6,칠성동,1,35.8776187,128.5956162
2018,대구광역시 북구 칠성동2가 311-3,칠성동2가 311-3,칠성동,1,35.877524,128.5954598
2018,대구광역시 북구 칠성동2가 32-10,칠성동2가 32-10,칠성동,4,35.884675,128.5915354
2018,대구광역시 북구 칠성동2가 32-11,칠성동2가 32-11,칠성동,1,35.8846383,128.5914906
2018,대구광역시 북구 칠성동2가 32-15,칠성동2가 32-15,칠성동,2,35.8845395,128.5915026
2018,대구광역시 북구 칠성동2가 32-23,칠성동2가 32-23,칠성동,5,35.8841666,128.5915591
2018,대구광역시 북구 칠성동2가 32-43,칠성동2가 32-43,칠성동,1,35.8847199,128.5915722
2018,대구광역시 북구 칠성동2가 32-9,칠성동2가 32-9,칠성동,1,35.8847399,128.5914649
2018,대구광역시 북구 칠성동2가 33-2,칠성동2가 33-2,칠성동,2,35.8844774,128.5908224
2018,대구광역시 북구 칠성동2가 333-20,칠성동2가 333-20,칠성동,1,35.8787024,128.5953813
2018,대구광역시 북구 칠성동2가 340-13,칠성동2가 340-13,칠성동,2,35.8789453,128.5955932
2018,대구광역시 북구 칠성동2가 341-13,칠성동2가 341-13,칠성동,3,35.8792523,128.5956296
2018,대구광역시 북구 칠성동2가 341-21,칠성동2가 341-21,칠성동,1,35.8790292,128.595576
2018,대구광역시 북구 칠성동2가 343-10,칠성동2가 343-10,칠성동,1,35.8791447,128.5954424
2018,대구광역시 북구 칠성동2가 343-11,칠성동2가 343-11,칠성동,4,35.8792292,128.5953123
2018,대구광역시 북구 칠성동2가 343-15,칠성동2가 343-15,칠성동,2,35.8792453,128.5954427
2018,대구광역시 북구 칠성동2가 343-18,칠성동2가 343-18,칠성동,1,35.8793343,128.5953547
2018,대구광역시 북구 칠성동2가 343-19,칠성동2가 343-19,칠성동,1,35.8793683,128.595243
2018,대구광역시 북구 칠성동2가 343-29,칠성동2가 343-29,칠성동,1,35.8790882,128.5953178
2018,대구광역시 북구 칠성동2가 343-41,칠성동2가 343-41,칠성동,2,35.8792415,128.5954884
2018,대구광역시 북구 칠성동2가 343-42,칠성동2가 343-42,칠성동,2,35.8792874,128.5950585
2018,대구광역시 북구 칠성동2가 344-1,칠성동2가 344-1,칠성동,2,35.8796541,128.5957223
2018,대구광역시 북구 칠성동2가 345-1,칠성동2가 345-1,칠성동,1,35.8796645,128.5953104
2018,대구광역시 북구 칠성동2가 346-11,칠성동2가 346-11,칠성동,1,35.8800432,128.5955021
2018,대구광역시 북구 칠성동2가 346-9,칠성동2가 346-9,칠성동,3,35.879959,128.5952353
2018,대구광역시 북구 칠성동2가 348-11,칠성동2가 348-11,칠성동,2,35.8798902,128.5943289
2018,대구광역시 북구 칠성동2가 348-33,칠성동2가 348-33,칠성동,1,35.8798305,128.5948875
2018,대구광역시 북구 칠성동2가 350-6,칠성동2가 350-6,칠성동,1,35.8803486,128.5944405
2018,대구광역시 북구 칠성동2가 36-1,칠성동2가 36-1,칠성동,1,35.8839395,128.5915176
2018,대구광역시 북구 칠성동2가 361-1,칠성동2가 361-1,칠성동,27,35.8808672,128.5961128
2018,대구광역시 북구 칠성동2가 369-8,칠성동2가 369-8,칠성동,1,35.8801354,128.5956239
2018,대구광역시 북구 칠성동2가 369-9,칠성동2가 369-9,칠성동,1,35.880111,128.5967858
2018,대구광역시 북구 칠성동2가 370-1,칠성동2가 370-1,칠성동,1,35.8802606,128.5968894
2018,대구광역시 북구 칠성동2가 370-2,칠성동2가 370-2,칠성동,3,35.8804309,128.5964768
2018,대구광역시 북구 칠성동2가 378-20,칠성동2가 378-20,칠성동,3,35.8826675,128.5934722
2018,대구광역시 북구 칠성동2가 378-21,칠성동2가 378-21,칠성동,1,35.8818164,128.5958073
2018,대구광역시 북구 칠성동2가 378-22,칠성동2가 378-22,칠성동,1,35.8819308,128.5962128
2018,대구광역시 북구 칠성동2가 378-27,칠성동2가 378-27,칠성동,1,35.8817214,128.5934139
2018,대구광역시 북구 칠성동2가 378-4,칠성동2가 378-4,칠성동,4,35.8815042,128.5945215
2018,대구광역시 북구 칠성동2가 382-12,칠성동2가 382-12,칠성동,1,35.8812396,128.5969908
2018,대구광역시 북구 칠성동2가 382-14,칠성동2가 382-14,칠성동,2,35.8812206,128.5971804
2018,대구광역시 북구 칠성동2가 382-3,칠성동2가 382-3,칠성동,2,35.8812158,128.5972809
2018,대구광역시 북구 칠성동2가 385-2,칠성동2가 385-2,칠성동,1,35.8802651,128.5977363
2018,대구광역시 북구 칠성동2가 39-1,칠성동2가 39-1,칠성동,2,35.8835646,128.59122
2018,대구광역시 북구 칠성동2가 395-1,칠성동2가 395-1,칠성동,1,35.8814839,128.5985345
2018,대구광역시 북구 칠성동2가 40-4,칠성동2가 40-4,칠성동,2,35.8832531,128.590984
2018,대구광역시 북구 칠성동2가 40-6,칠성동2가 40-6,칠성동,1,35.8832494,128.5908215
2018,대구광역시 북구 칠성동2가 400-21,칠성동2가 400-21,칠성동,1,35.8823886,128.6008882
2018,대구광역시 북구 칠성동2가 404-8,칠성동2가 404-8,칠성동,1,35.8809076,128.6009841
2018,대구광역시 북구 칠성동2가 406-2,칠성동2가 406-2,칠성동,1,35.880675,128.6009273
2018,대구광역시 북구 칠성동2가 407-15,칠성동2가 407-15,칠성동,1,35.8800456,128.6007988
2018,대구광역시 북구 칠성동2가 407-8,칠성동2가 407-8,칠성동,4,35.8801952,128.6017362
2018,대구광역시 북구 칠성동2가 409-24,칠성동2가 409-24,칠성동,3,35.8791223,128.6025818
2018,대구광역시 북구 칠성동2가 409-26,칠성동2가 409-26,칠성동,1,35.8786637,128.5999579
2018,대구광역시 북구 칠성동2가 409-296,칠성동2가 409-296,칠성동,1,35.8793761,128.6007858
2018,대구광역시 북구 칠성동2가 409-311,칠성동2가 409-311,칠성동,1,35.8784189,128.602622
2018,대구광역시 북구 칠성동2가 409-592,칠성동2가 409-592,칠성동,1,35.879602,128.6021447
2018,대구광역시 북구 칠성동2가 409-659,칠성동2가 409-659,칠성동,1,35.8799877,128.6016973
2018,대구광역시 북구 칠성동2가 409-660,칠성동2가 409-660,칠성동,1,35.8798969,128.6017208
2018,대구광역시 북구 칠성동2가 409-84,칠성동2가 409-84,칠성동,1,35.878422,128.6014641
2018,대구광역시 북구 칠성동2가 409-99,칠성동2가 409-99,칠성동,11,35.8794685,128.6006467
2018,대구광역시 북구 칠성동2가 410-122,칠성동2가 410-122,칠성동,1,35.8795077,128.6001602
2018,대구광역시 북구 칠성동2가 412-90,칠성동2가 412-90,칠성동,1,35.8789098,128.5996275
2018,대구광역시 북구 칠성동2가 43-3,칠성동2가 43-3,칠성동,1,35.8832253,128.5907354
2018,대구광역시 북구 칠성동2가 438-19,칠성동2가 438-19,칠성동,1,35.8774218,128.5974918
2018,대구광역시 북구 칠성동2가 438-22,칠성동2가 438-22,칠성동,1,35.8773448,128.5973886
2018,대구광역시 북구 칠성동2가 449-12,칠성동2가 449-12,칠성동,1,35.8781957,128.5973113
2018,대구광역시 북구 칠성동2가 45-12,칠성동2가 45-12,칠성동,1,35.8839219,128.5881879
2018,대구광역시 북구 칠성동2가 45-2,칠성동2가 45-2,칠성동,1,35.8834704,128.5894963
2018,대구광역시 북구 칠성동2가 45-8,칠성동2가 45-8,칠성동,1,35.8841212,128.5882483
2018,대구광역시 북구 칠성동2가 45-9,칠성동2가 45-9,칠성동,1,35.88409,128.5895502
2018,대구광역시 북구 칠성동2가 482-1,칠성동2가 482-1,칠성동,1,35.8775811,128.5966664
2018,대구광역시 북구 칠성동2가 492,칠성동2가 492,칠성동,1,35.877684,128.5963788
2018,대구광역시 북구 칠성동2가 50-3,칠성동2가 50-3,칠성동,1,35.8837214,128.5885826
2018,대구광역시 북구 칠성동2가 526-2,칠성동2가 526-2,칠성동,1,35.8773855,128.5977323
2018,대구광역시 북구 칠성동2가 527-13,칠성동2가 527-13,칠성동,2,35.8768234,128.5970427
2018,대구광역시 북구 칠성동2가 527-21,칠성동2가 527-21,칠성동,1,35.8767588,128.5972486
2018,대구광역시 북구 칠성동2가 527-24,칠성동2가 527-24,칠성동,1,35.8768335,128.597281
2018,대구광역시 북구 칠성동2가 527-4,칠성동2가 527-4,칠성동,3,35.8769006,128.5974608
2018,대구광역시 북구 칠성동2가 529-3,칠성동2가 529-3,칠성동,1,35.8772406,128.5977769
2018,대구광역시 북구 칠성동2가 529-5,칠성동2가 529-5,칠성동,1,35.8771679,128.5977361
2018,대구광역시 북구 칠성동2가 530-12,칠성동2가 530-12,칠성동,1,35.8770438,128.5981948
2018,대구광역시 북구 칠성동2가 530-17,칠성동2가 530-17,칠성동,1,35.8772504,128.5981366
2018,대구광역시 북구 칠성동2가 530-9,칠성동2가 530-9,칠성동,1,35.8771887,128.5981151
2018,대구광역시 북구 칠성동2가 538-13,칠성동2가 538-13,칠성동,2,35.8773142,128.5987439
2018,대구광역시 북구 칠성동2가 538-20,칠성동2가 538-20,칠성동,3,35.877084,128.5989812
2018,대구광역시 북구 칠성동2가 538-4,칠성동2가 538-4,칠성동,1,35.877033,128.598982
2018,대구광역시 북구 칠성동2가 539-15,칠성동2가 539-15,칠성동,2,35.8773036,128.5982563
2018,대구광역시 북구 칠성동2가 539-17,칠성동2가 539-17,칠성동,1,35.8772556,128.5984359
2018,대구광역시 북구 칠성동2가 539-25,칠성동2가 539-25,칠성동,1,35.8769256,128.5986411
2018,대구광역시 북구 칠성동2가 548-3,칠성동2가 548-3,칠성동,1,35.8780264,128.600634
2018,대구광역시 북구 칠성동2가 55-3,칠성동2가 55-3,칠성동,1,35.8841029,128.5869911
2018,대구광역시 북구 칠성동2가 551-39,칠성동2가 551-39,칠성동,1,35.877629,128.6013245
2018,대구광역시 북구 칠성동2가 567-6,칠성동2가 567-6,칠성동,1,35.8772549,128.6010798
2018,대구광역시 북구 칠성동2가 656-1,칠성동2가 656-1,칠성동,3,35.8816569,128.6021917
2018,대구광역시 북구 칠성동2가 659,칠성동2가 659,칠성동,2,35.8811096,128.6013435
2018,대구광역시 북구 칠성동2가 675-5,칠성동2가 675-5,칠성동,1,35.8778767,128.5959537
2018,대구광역시 북구 칠성동2가 689-1,칠성동2가 689-1,칠성동,2,35.8849414,128.5906514
2018,대구광역시 북구 칠성동2가 71-8,칠성동2가 71-8,칠성동,1,35.880644,128.5895671
2018,대구광역시 북구 칠성동2가 711,칠성동2가 711,칠성동,2,35.8809797,128.5895423
2018,대구광역시 북구 칠성동2가 715,칠성동2가 715,칠성동,7,35.8793026,128.5915786
2018,대구광역시 북구 칠성동2가 721,칠성동2가 721,칠성동,1,35.8791368,128.5946435
2018,대구광역시 북구 칠성동2가 723,칠성동2가 723,칠성동,11,35.8807792,128.5968365
2018,대구광역시 북구 칠성동2가 724,칠성동2가 724,칠성동,1,35.8838602,128.5904235
2018,대구광역시 북구 칠성동2가 730,칠성동2가 730,칠성동,1,35.8853377,128.5920086
2018,대구광역시 북구 칠성동2가 733,칠성동2가 733,칠성동,5,35.8848125,128.5915104
2018,대구광역시 북구 칠성동2가 736,칠성동2가 736,칠성동,17,35.8770813,128.5931901
2018,대구광역시 북구 칠성동2가 80-5,칠성동2가 80-5,칠성동,1,35.8800048,128.589453
2018,대구광역시 북구 칠성동2가 88-5,칠성동2가 88-5,칠성동,6,35.8847832,128.5848065
2018,대구광역시 북구 칠성동2가 88-7,칠성동2가 88-7,칠성동,1,35.8849066,128.5846653
2018,대구광역시 북구 칠성동2가 89-1,칠성동2가 89-1,칠성동,1,35.8848161,128.5853099
2018,대구광역시 북구 칠성동2가 90,칠성동2가 90,칠성동,6,35.8847145,128.5858574
2018,대구광역시 북구 칠성동2가 90-4,칠성동2가 90-4,칠성동,1,35.8844066,128.5855537
2018,대구광역시 북구 칠성동2가 90-5,칠성동2가 90-5,칠성동,2,35.8846128,128.5857559
2018,대구광역시 북구 침산동 1008-21,침산동 1008-21,침산동,1,35.9014068,128.5796504
2018,대구광역시 북구 침산동 101-1,침산동 101-1,침산동,1,35.8836373,128.5978818
2018,대구광역시 북구 침산동 1011,침산동 1011,침산동,3,35.9001322,128.5808651
2018,대구광역시 북구 침산동 1024-1,침산동 1024-1,침산동,1,35.8992235,128.5889681
2018,대구광역시 북구 침산동 103-6,침산동 103-6,침산동,3,35.8839569,128.5971033
2018,대구광역시 북구 침산동 105-1,침산동 105-1,침산동,1,35.8859401,128.5961612
2018,대구광역시 북구 침산동 105-2,침산동 105-2,침산동,1,35.8836967,128.5959756
2018,대구광역시 북구 침산동 105-5,침산동 105-5,침산동,1,35.8844302,128.5978055
2018,대구광역시 북구 침산동 105-64,침산동 105-64,침산동,1,35.8820897,128.5960098
2018,대구광역시 북구 침산동 105-70,침산동 105-70,침산동,1,35.8830487,128.595881
2018,대구광역시 북구 침산동 105-73,침산동 105-73,침산동,3,35.8857587,128.5936518
2018,대구광역시 북구 침산동 105-74,침산동 105-74,침산동,1,35.8861152,128.594857
2018,대구광역시 북구 침산동 105-80,침산동 105-80,침산동,1,35.8870098,128.5966649
2018,대구광역시 북구 침산동 114-1,침산동 114-1,침산동,2,35.887196,128.5962687
2018,대구광역시 북구 침산동 116-20,침산동 116-20,침산동,1,35.8876657,128.5968115
2018,대구광역시 북구 침산동 116-22,침산동 116-22,침산동,27,35.8875208,128.5963549
2018,대구광역시 북구 침산동 116-23,침산동 116-23,침산동,6,35.8875178,128.5965239
2018,대구광역시 북구 침산동 116-27,침산동 116-27,침산동,1,35.8875204,128.5962778
2018,대구광역시 북구 침산동 116-3,침산동 116-3,침산동,5,35.8875168,128.5961499
2018,대구광역시 북구 침산동 116-6,침산동 116-6,침산동,1,35.8877994,128.5934592
2018,대구광역시 북구 침산동 117-3,침산동 117-3,침산동,13,35.8880637,128.5952774
2018,대구광역시 북구 침산동 117-9,침산동 117-9,침산동,5,35.8874872,128.5950777
2018,대구광역시 북구 침산동 120,침산동 120,침산동,2,35.8900527,128.59518
2018,대구광역시 북구 침산동 1200-6,침산동 1200-6,침산동,1,35.8954771,128.578455
2018,대구광역시 북구 침산동 1208,침산동 1208,침산동,32,35.8986499,128.5791342
2018,대구광역시 북구 침산동 121-5,침산동 121-5,침산동,1,35.8897426,128.595944
2018,대구광역시 북구 침산동 123-1,침산동 123-1,침산동,1,35.8894114,128.5948893
2018,대구광역시 북구 침산동 123-3,침산동 123-3,침산동,6,35.8896972,128.5954696
2018,대구광역시 북구 침산동 126-1,침산동 126-1,침산동,1,35.8907623,128.5943613
2018,대구광역시 북구 침산동 13-105,침산동 13-105,침산동,7,35.8873214,128.5974525
2018,대구광역시 북구 침산동 13-49,침산동 13-49,침산동,1,35.8865659,128.5975604
2018,대구광역시 북구 침산동 13-56,침산동 13-56,침산동,1,35.8876904,128.597387
2018,대구광역시 북구 침산동 13-57,침산동 13-57,침산동,1,35.8877415,128.5973839
2018,대구광역시 북구 침산동 13-96,침산동 13-96,침산동,1,35.8881558,128.5979446
2018,대구광역시 북구 침산동 133-3,침산동 133-3,침산동,2,35.8904053,128.5938927
2018,대구광역시 북구 침산동 134-1,침산동 134-1,침산동,1,35.8894337,128.5933292
2018,대구광역시 북구 침산동 137-16,침산동 137-16,침산동,1,35.8877083,128.5944388
2018,대구광역시 북구 침산동 137-2,침산동 137-2,침산동,1,35.8879751,128.594384
2018,대구광역시 북구 침산동 137-4,침산동 137-4,침산동,9,35.8879552,128.5941893
2018,대구광역시 북구 침산동 137-5,침산동 137-5,침산동,1,35.8878096,128.5944554
2018,대구광역시 북구 침산동 137-6,침산동 137-6,침산동,1,35.8878267,128.5942658
2018,대구광역시 북구 침산동 137-9,침산동 137-9,침산동,1,35.8876864,128.5943018
2018,대구광역시 북구 침산동 14,침산동 14,침산동,2,35.8870471,128.5983158
2018,대구광역시 북구 침산동 14-6,침산동 14-6,침산동,1,35.8870706,128.5980977
2018,대구광역시 북구 침산동 145-44,침산동 145-44,침산동,1,35.8877405,128.5947519
2018,대구광역시 북구 침산동 15-6,침산동 15-6,침산동,4,35.8867067,128.5986372
2018,대구광역시 북구 침산동 150-1,침산동 150-1,침산동,1,35.8835679,128.5968401
2018,대구광역시 북구 침산동 156-12,침산동 156-12,침산동,1,35.8827299,128.5975697
2018,대구광역시 북구 침산동 156-5,침산동 156-5,침산동,1,35.8825644,128.5976268
2018,대구광역시 북구 침산동 156-7,침산동 156-7,침산동,1,35.8828916,128.5976083
2018,대구광역시 북구 침산동 156-8,침산동 156-8,침산동,1,35.8830997,128.5973886
2018,대구광역시 북구 침산동 160,침산동 160,침산동,1,35.8814645,128.5974819
2018,대구광역시 북구 침산동 1645-27,침산동 1645-27,침산동,1,35.8902176,128.5832774
2018,대구광역시 북구 침산동 1662-20,침산동 1662-20,침산동,1,35.891331,128.594409
2018,대구광역시 북구 침산동 1663-123,침산동 1663-123,침산동,1,35.8881416,128.5917786
2018,대구광역시 북구 침산동 1663-139,침산동 1663-139,침산동,1,35.8924415,128.5897872
2018,대구광역시 북구 침산동 1663-16,침산동 1663-16,침산동,2,35.8827979,128.5976312
2018,대구광역시 북구 침산동 1663-21,침산동 1663-21,침산동,2,35.8840875,128.598398
2018,대구광역시 북구 침산동 1663-5,침산동 1663-5,침산동,6,35.8886962,128.5973707
2018,대구광역시 북구 침산동 1663-71,침산동 1663-71,침산동,1,35.8981463,128.5886969
2018,대구광역시 북구 침산동 1669-3,침산동 1669-3,침산동,1,35.8823994,128.5969629
2018,대구광역시 북구 침산동 1676,침산동 1676,침산동,1,35.8904042,128.5936228
2018,대구광역시 북구 침산동 1677,침산동 1677,침산동,1,35.8904504,128.5931737
2018,대구광역시 북구 침산동 1679-10,침산동 1679-10,침산동,1,35.8856367,128.5923857
2018,대구광역시 북구 침산동 1692-1,침산동 1692-1,침산동,1,35.8908978,128.5846052
2018,대구광역시 북구 침산동 1692-4,침산동 1692-4,침산동,1,35.8916994,128.5792013
2018,대구광역시 북구 침산동 1721,침산동 1721,침산동,1,35.8938416,128.5781668
2018,대구광역시 북구 침산동 1759,침산동 1759,침산동,1,35.8830577,128.595855
2018,대구광역시 북구 침산동 1761,침산동 1761,침산동,5,35.8913102,128.5923677
2018,대구광역시 북구 침산동 1762,침산동 1762,침산동,2,35.8911822,128.5919615
2018,대구광역시 북구 침산동 18-14,침산동 18-14,침산동,1,35.8867759,128.5991724
2018,대구광역시 북구 침산동 18-5,침산동 18-5,침산동,1,35.8869672,128.5995818
2018,대구광역시 북구 침산동 211,침산동 211,침산동,1,35.8864336,128.5937344
2018,대구광역시 북구 침산동 213-1,침산동 213-1,침산동,2,35.8871593,128.5931237
2018,대구광역시 북구 침산동 216-1,침산동 216-1,침산동,2,35.8878961,128.5940367
2018,대구광역시 북구 침산동 216-10,침산동 216-10,침산동,1,35.8877985,128.5940251
2018,대구광역시 북구 침산동 216-11,침산동 216-11,침산동,2,35.8880487,128.593875
2018,대구광역시 북구 침산동 216-7,침산동 216-7,침산동,1,35.8877619,128.5941192
2018,대구광역시 북구 침산동 217-3,침산동 217-3,침산동,9,35.887995,128.5936972
2018,대구광역시 북구 침산동 22-100,침산동 22-100,침산동,1,35.8877779,128.5986822
2018,대구광역시 북구 침산동 22-109,침산동 22-109,침산동,1,35.8879514,128.5989534
2018,대구광역시 북구 침산동 22-111,침산동 22-111,침산동,1,35.8878418,128.5990836
2018,대구광역시 북구 침산동 22-121,침산동 22-121,침산동,1,35.8880005,128.5988424
2018,대구광역시 북구 침산동 22-25,침산동 22-25,침산동,1,35.8881411,128.5984223
2018,대구광역시 북구 침산동 22-43,침산동 22-43,침산동,1,35.8876309,128.5991663
2018,대구광역시 북구 침산동 22-63,침산동 22-63,침산동,1,35.8874197,128.5992784
2018,대구광역시 북구 침산동 220-11,침산동 220-11,침산동,1,35.888181,128.5938053
2018,대구광역시 북구 침산동 222-7,침산동 222-7,침산동,1,35.888132,128.5930212
2018,대구광역시 북구 침산동 227-1,침산동 227-1,침산동,3,35.8859752,128.5917412
2018,대구광역시 북구 침산동 227-6,침산동 227-6,침산동,1,35.8855395,128.5914171
2018,대구광역시 북구 침산동 227-7,침산동 227-7,침산동,1,35.8854583,128.5914016
2018,대구광역시 북구 침산동 233-2,침산동 233-2,침산동,2,35.8861957,128.5909479
2018,대구광역시 북구 침산동 233-3,침산동 233-3,침산동,4,35.8866643,128.5896894
2018,대구광역시 북구 침산동 233-4,침산동 233-4,침산동,14,35.8870561,128.588578
2018,대구광역시 북구 침산동 233-7,침산동 233-7,침산동,4,35.8872585,128.5905812
2018,대구광역시 북구 침산동 247-2,침산동 247-2,침산동,3,35.8873198,128.5912876
2018,대구광역시 북구 침산동 25-7,침산동 25-7,침산동,1,35.8861366,128.6003663
2018,대구광역시 북구 침산동 252-1,침산동 252-1,침산동,7,35.8885821,128.5895885
2018,대구광역시 북구 침산동 252-2,침산동 252-2,침산동,1,35.8880073,128.5895319
2018,대구광역시 북구 침산동 257-4,침산동 257-4,침산동,2,35.8885889,128.5898575
2018,대구광역시 북구 침산동 260-12,침산동 260-12,침산동,1,35.8877725,128.5904586
2018,대구광역시 북구 침산동 260-2,침산동 260-2,침산동,14,35.8881877,128.5911727
2018,대구광역시 북구 침산동 261-1,침산동 261-1,침산동,1,35.8879279,128.5917147
2018,대구광역시 북구 침산동 262-2,침산동 262-2,침산동,5,35.8876297,128.5921904
2018,대구광역시 북구 침산동 262-5,침산동 262-5,침산동,1,35.887271,128.5921511
2018,대구광역시 북구 침산동 265-11,침산동 265-11,침산동,3,35.8878253,128.592271
2018,대구광역시 북구 침산동 265-18,침산동 265-18,침산동,1,35.8882344,128.5923922
2018,대구광역시 북구 침산동 265-2,침산동 265-2,침산동,9,35.888093,128.5921307
2018,대구광역시 북구 침산동 265-6,침산동 265-6,침산동,1,35.8883172,128.5925913
2018,대구광역시 북구 침산동 265-7,침산동 265-7,침산동,1,35.8882528,128.5925881
2018,대구광역시 북구 침산동 265-8,침산동 265-8,침산동,1,35.8881774,128.5925075
2018,대구광역시 북구 침산동 267-5,침산동 267-5,침산동,1,35.8884476,128.5918266
2018,대구광역시 북구 침산동 268-1,침산동 268-1,침산동,1,35.8886118,128.5914234
2018,대구광역시 북구 침산동 268-6,침산동 268-6,침산동,4,35.8884701,128.5914206
2018,대구광역시 북구 침산동 269-10,침산동 269-10,침산동,32,35.8893031,128.5902469
2018,대구광역시 북구 침산동 269-2,침산동 269-2,침산동,6,35.8888996,128.5912375
2018,대구광역시 북구 침산동 277-1,침산동 277-1,침산동,6,35.8906332,128.5904145
2018,대구광역시 북구 침산동 279-2,침산동 279-2,침산동,7,35.8897147,128.590858
2018,대구광역시 북구 침산동 285-10,침산동 285-10,침산동,2,35.8890225,128.5916758
2018,대구광역시 북구 침산동 285-3,침산동 285-3,침산동,1,35.8885514,128.5916566
2018,대구광역시 북구 침산동 285-5,침산동 285-5,침산동,6,35.8887625,128.5918259
2018,대구광역시 북구 침산동 286-1,침산동 286-1,침산동,2,35.8891432,128.5924469
2018,대구광역시 북구 침산동 292-1,침산동 292-1,침산동,1,35.8899269,128.5919181
2018,대구광역시 북구 침산동 293-12,침산동 293-12,침산동,1,35.8898215,128.5913339
2018,대구광역시 북구 침산동 293-13,침산동 293-13,침산동,1,35.8897829,128.5910866
2018,대구광역시 북구 침산동 293-3,침산동 293-3,침산동,1,35.8901008,128.5916723
2018,대구광역시 북구 침산동 295-12,침산동 295-12,침산동,1,35.8911002,128.5916373
2018,대구광역시 북구 침산동 295-17,침산동 295-17,침산동,1,35.8907001,128.59086
2018,대구광역시 북구 침산동 295-3,침산동 295-3,침산동,1,35.8908399,128.5905787
2018,대구광역시 북구 침산동 296-1,침산동 296-1,침산동,28,35.8904438,128.591289
2018,대구광역시 북구 침산동 297-2,침산동 297-2,침산동,2,35.8906482,128.5918581
2018,대구광역시 북구 침산동 297-4,침산동 297-4,침산동,1,35.890616,128.5919424
2018,대구광역시 북구 침산동 3-2,침산동 3-2,침산동,1,35.8884613,128.5978961
2018,대구광역시 북구 침산동 3-6,침산동 3-6,침산동,5,35.8874416,128.5981328
2018,대구광역시 북구 침산동 3-7,침산동 3-7,침산동,1,35.8874234,128.5984536
2018,대구광역시 북구 침산동 309-1,침산동 309-1,침산동,1,35.8909176,128.5937146
2018,대구광역시 북구 침산동 309-12,침산동 309-12,침산동,2,35.8908589,128.5935137
2018,대구광역시 북구 침산동 309-13,침산동 309-13,침산동,1,35.890779,128.5934897
2018,대구광역시 북구 침산동 309-19,침산동 309-19,침산동,6,35.8908692,128.59353
2018,대구광역시 북구 침산동 309-27,침산동 309-27,침산동,3,35.8908549,128.5936167
2018,대구광역시 북구 침산동 309-7,침산동 309-7,침산동,1,35.890606,128.5934415
2018,대구광역시 북구 침산동 309-9,침산동 309-9,침산동,3,35.8905569,128.5933321
2018,대구광역시 북구 침산동 310-3,침산동 310-3,침산동,3,35.8905872,128.5932333
2018,대구광역시 북구 침산동 310-5,침산동 310-5,침산동,1,35.8905862,128.5930583
2018,대구광역시 북구 침산동 310-8,침산동 310-8,침산동,1,35.8909019,128.5934396
2018,대구광역시 북구 침산동 310-9,침산동 310-9,침산동,3,35.8909775,128.5933307
2018,대구광역시 북구 침산동 312-5,침산동 312-5,침산동,1,35.8910771,128.5930048
2018,대구광역시 북구 침산동 317-4,침산동 317-4,침산동,1,35.8906962,128.5921129
2018,대구광역시 북구 침산동 317-5,침산동 317-5,침산동,2,35.8904939,128.5921546
2018,대구광역시 북구 침산동 317-8,침산동 317-8,침산동,1,35.8909263,128.5919249
2018,대구광역시 북구 침산동 32-3,침산동 32-3,침산동,1,35.8858367,128.6002448
2018,대구광역시 북구 침산동 321,침산동 321,침산동,1,35.8915145,128.5932377
2018,대구광역시 북구 침산동 324-2,침산동 324-2,침산동,1,35.891435,128.591999
2018,대구광역시 북구 침산동 329-2,침산동 329-2,침산동,3,35.8911832,128.5907069
2018,대구광역시 북구 침산동 329-5,침산동 329-5,침산동,1,35.8913078,128.590415
2018,대구광역시 북구 침산동 332-10,침산동 332-10,침산동,1,35.8914829,128.5909356
2018,대구광역시 북구 침산동 332-11,침산동 332-11,침산동,4,35.8914912,128.5913494
2018,대구광역시 북구 침산동 332-7,침산동 332-7,침산동,2,35.8915171,128.591662
2018,대구광역시 북구 침산동 332-9,침산동 332-9,침산동,1,35.8916603,128.5911251
2018,대구광역시 북구 침산동 333-14,침산동 333-14,침산동,1,35.8917288,128.5917042
2018,대구광역시 북구 침산동 333-2,침산동 333-2,침산동,2,35.8918141,128.5912619
2018,대구광역시 북구 침산동 333-24,침산동 333-24,침산동,1,35.8920544,128.5911238
2018,대구광역시 북구 침산동 333-3,침산동 333-3,침산동,2,35.8922775,128.5910526
2018,대구광역시 북구 침산동 335-1,침산동 335-1,침산동,1,35.8924441,128.5922815
2018,대구광역시 북구 침산동 336-31,침산동 336-31,침산동,1,35.8921343,128.5901699
2018,대구광역시 북구 침산동 338-2,침산동 338-2,침산동,1,35.8916099,128.5899602
2018,대구광역시 북구 침산동 339-11,침산동 339-11,침산동,1,35.8928675,128.5879563
2018,대구광역시 북구 침산동 339-2,침산동 339-2,침산동,24,35.8915235,128.5887818
2018,대구광역시 북구 침산동 341-1,침산동 341-1,침산동,1,35.8905339,128.5886701
2018,대구광역시 북구 침산동 341-3,침산동 341-3,침산동,1,35.8909934,128.5891383
2018,대구광역시 북구 침산동 341-4,침산동 341-4,침산동,2,35.891477,128.5896922
2018,대구광역시 북구 침산동 341-5,침산동 341-5,침산동,11,35.8910393,128.5899243
2018,대구광역시 북구 침산동 354-1,침산동 354-1,침산동,2,35.8895053,128.5888538
2018,대구광역시 북구 침산동 369-2,침산동 369-2,침산동,1,35.8885867,128.5867517
2018,대구광역시 북구 침산동 372-3,침산동 372-3,침산동,3,35.8871321,128.5878264
2018,대구광역시 북구 침산동 375-1,침산동 375-1,침산동,2,35.8882166,128.5885478
2018,대구광역시 북구 침산동 375-5,침산동 375-5,침산동,1,35.8881538,128.5889001
2018,대구광역시 북구 침산동 4-2,침산동 4-2,침산동,12,35.8869136,128.5976016
2018,대구광역시 북구 침산동 400-1,침산동 400-1,침산동,7,35.8873716,128.5866437
2018,대구광역시 북구 침산동 400-3,침산동 400-3,침산동,4,35.8873449,128.5859177
2018,대구광역시 북구 침산동 400-4,침산동 400-4,침산동,8,35.8864085,128.5847376
2018,대구광역시 북구 침산동 402,침산동 402,침산동,2,35.8880388,128.5851704
2018,대구광역시 북구 침산동 402-3,침산동 402-3,침산동,2,35.8881924,128.5837639
2018,대구광역시 북구 침산동 415-14,침산동 415-14,침산동,2,35.887937,128.5857894
2018,대구광역시 북구 침산동 430-2,침산동 430-2,침산동,2,35.8889566,128.5854597
2018,대구광역시 북구 침산동 430-3,침산동 430-3,침산동,1,35.8884426,128.5860195
2018,대구광역시 북구 침산동 431-1,침산동 431-1,침산동,5,35.8893536,128.5859105
2018,대구광역시 북구 침산동 431-2,침산동 431-2,침산동,1,35.8900371,128.5860324
2018,대구광역시 북구 침산동 447-10,침산동 447-10,침산동,8,35.8850796,128.5840847
2018,대구광역시 북구 침산동 447-15,침산동 447-15,침산동,1,35.8861703,128.5829862
2018,대구광역시 북구 침산동 447-16,침산동 447-16,침산동,5,35.8855135,128.5828192
2018,대구광역시 북구 침산동 447-26,침산동 447-26,침산동,1,35.8856409,128.5834435
2018,대구광역시 북구 침산동 449-19,침산동 449-19,침산동,2,35.8853573,128.5820351
2018,대구광역시 북구 침산동 449-25,침산동 449-25,침산동,3,35.8848528,128.5834699
2018,대구광역시 북구 침산동 449-38,침산동 449-38,침산동,1,35.8846896,128.584206
2018,대구광역시 북구 침산동 449-5,침산동 449-5,침산동,1,35.8880713,128.5828062
2018,대구광역시 북구 침산동 452-41,침산동 452-41,침산동,1,35.8904942,128.5841196
2018,대구광역시 북구 침산동 456-7,침산동 456-7,침산동,2,35.8899593,128.5847612
2018,대구광역시 북구 침산동 457-31,침산동 457-31,침산동,1,35.8901891,128.583865
2018,대구광역시 북구 침산동 458-3,침산동 458-3,침산동,1,35.8904732,128.5843687
2018,대구광역시 북구 침산동 465,침산동 465,침산동,7,35.8912662,128.585728
2018,대구광역시 북구 침산동 476-33,침산동 476-33,침산동,1,35.8914241,128.587379
2018,대구광역시 북구 침산동 480-25,침산동 480-25,침산동,1,35.892191,128.5869704
2018,대구광역시 북구 침산동 480-27,침산동 480-27,침산동,1,35.8921133,128.5869679
2018,대구광역시 북구 침산동 486-2,침산동 486-2,침산동,4,35.8919182,128.5866281
2018,대구광역시 북구 침산동 486-3,침산동 486-3,침산동,1,35.892052,128.586488
2018,대구광역시 북구 침산동 5-2,침산동 5-2,침산동,3,35.8862301,128.5977772
2018,대구광역시 북구 침산동 5-7,침산동 5-7,침산동,2,35.8873107,128.5972
2018,대구광역시 북구 침산동 506-10,침산동 506-10,침산동,1,35.8938904,128.5876119
2018,대구광역시 북구 침산동 507-20,침산동 507-20,침산동,2,35.8932288,128.5878338
2018,대구광역시 북구 침산동 507-21,침산동 507-21,침산동,1,35.8931494,128.5878322
2018,대구광역시 북구 침산동 509-11,침산동 509-11,침산동,2,35.8921671,128.5865084
2018,대구광역시 북구 침산동 509-13,침산동 509-13,침산동,1,35.8920724,128.5863809
2018,대구광역시 북구 침산동 509-16,침산동 509-16,침산동,3,35.8921834,128.5864014
2018,대구광역시 북구 침산동 513-12,침산동 513-12,침산동,1,35.8925521,128.587732
2018,대구광역시 북구 침산동 513-4,침산동 513-4,침산동,2,35.8926135,128.5877091
2018,대구광역시 북구 침산동 513-8,침산동 513-8,침산동,2,35.8928623,128.5878357
2018,대구광역시 북구 침산동 514-13,침산동 514-13,침산동,2,35.8921556,128.5878167
2018,대구광역시 북구 침산동 514-14,침산동 514-14,침산동,1,35.8921453,128.5878422
2018,대구광역시 북구 침산동 514-15,침산동 514-15,침산동,2,35.8920442,128.5878499
2018,대구광역시 북구 침산동 514-20,침산동 514-20,침산동,1,35.8922956,128.587776
2018,대구광역시 북구 침산동 514-7,침산동 514-7,침산동,1,35.892554,128.5878584
2018,대구광역시 북구 침산동 514-8,침산동 514-8,침산동,1,35.8924212,128.5878247
2018,대구광역시 북구 침산동 521-5,침산동 521-5,침산동,1,35.8920002,128.5893892
2018,대구광역시 북구 침산동 543-4,침산동 543-4,침산동,1,35.8934461,128.5897833
2018,대구광역시 북구 침산동 550-3,침산동 550-3,침산동,2,35.8945439,128.5887153
2018,대구광역시 북구 침산동 578-2,침산동 578-2,침산동,1,35.8966945,128.589144
2018,대구광역시 북구 침산동 600,침산동 600,침산동,2,35.8967212,128.5909111
2018,대구광역시 북구 침산동 605-5,침산동 605-5,침산동,1,35.8971498,128.5906916
2018,대구광역시 북구 침산동 605-9,침산동 605-9,침산동,1,35.8969565,128.5906959
2018,대구광역시 북구 침산동 609-7,침산동 609-7,침산동,1,35.8983301,128.5888225
2018,대구광역시 북구 침산동 637-1,침산동 637-1,침산동,2,35.8988763,128.5908617
2018,대구광역시 북구 침산동 645-4,침산동 645-4,침산동,1,35.8996962,128.5886576
2018,대구광역시 북구 침산동 646-6,침산동 646-6,침산동,3,35.8999943,128.5886505
2018,대구광역시 북구 침산동 646-7,침산동 646-7,침산동,2,35.8998818,128.5886797
2018,대구광역시 북구 침산동 647,침산동 647,침산동,5,35.9005049,128.5884074
2018,대구광역시 북구 침산동 649-2,침산동 649-2,침산동,12,35.9003971,128.5886408
2018,대구광역시 북구 침산동 666-3,침산동 666-3,침산동,1,35.903163,128.5928089
2018,대구광역시 북구 침산동 674-1,침산동 674-1,침산동,1,35.900398,128.5893064
2018,대구광역시 북구 침산동 681-12,침산동 681-12,침산동,1,35.9002678,128.5912364
2018,대구광역시 북구 침산동 7-9,침산동 7-9,침산동,1,35.8854616,128.5975473
2018,대구광역시 북구 침산동 710-2,침산동 710-2,침산동,1,35.9035712,128.5881184
2018,대구광역시 북구 침산동 792,침산동 792,침산동,12,35.9013424,128.5884888
2018,대구광역시 북구 침산동 793,침산동 793,침산동,1,35.9011382,128.5883809
2018,대구광역시 북구 침산동 793-1,침산동 793-1,침산동,1,35.9011289,128.5885619
2018,대구광역시 북구 침산동 794-1,침산동 794-1,침산동,1,35.9012571,128.5879199
2018,대구광역시 북구 침산동 796,침산동 796,침산동,3,35.9014568,128.5874865
2018,대구광역시 북구 침산동 797,침산동 797,침산동,2,35.9015171,128.5871918
2018,대구광역시 북구 침산동 842,침산동 842,침산동,1,35.9011769,128.5847198
2018,대구광역시 북구 침산동 843,침산동 843,침산동,3,35.9011078,128.5844013
2018,대구광역시 북구 침산동 845,침산동 845,침산동,1,35.9013648,128.5836774
2018,대구광역시 북구 침산동 846,침산동 846,침산동,1,35.9009763,128.583823
2018,대구광역시 북구 침산동 847-1,침산동 847-1,침산동,6,35.9008767,128.5833792
2018,대구광역시 북구 침산동 855,침산동 855,침산동,6,35.9003181,128.5814774
2018,대구광역시 북구 침산동 856,침산동 856,침산동,9,35.9003416,128.581239
2018,대구광역시 북구 침산동 856-1,침산동 856-1,침산동,1,35.9001601,128.58127
2018,대구광역시 북구 침산동 858-3,침산동 858-3,침산동,1,35.9004871,128.5816625
2018,대구광역시 북구 침산동 890-7,침산동 890-7,침산동,1,35.9000951,128.5804065
2018,대구광역시 북구 침산동 892-4,침산동 892-4,침산동,2,35.9001937,128.5803175
2018,대구광역시 북구 침산동 935-1,침산동 935-1,침산동,1,35.9019955,128.5803465
2018,대구광역시 북구 침산동 978-2,침산동 978-2,침산동,2,35.903604,128.5802863
2018,대구광역시 북구 침산동 988-2,침산동 988-2,침산동,10,35.9035677,128.5792596
2018,대구광역시 북구 침산동 993-2,침산동 993-2,침산동,1,35.9035786,128.5787989
2018,대구광역시 북구 침산동 산 10,침산동 산 10,침산동,1,35.8994649,128.5883222
2018,대구광역시 북구 태전동 1000,태전동 1000,태전동,1,35.9299378,128.5524731
2018,대구광역시 북구 태전동 1002,태전동 1002,태전동,3,35.9301624,128.5513702
2018,대구광역시 북구 태전동 1003-1,태전동 1003-1,태전동,1,35.9304075,128.5483657
2018,대구광역시 북구 태전동 1003-28,태전동 1003-28,태전동,1,35.9301715,128.5485215
2018,대구광역시 북구 태전동 1003-4,태전동 1003-4,태전동,1,35.9300905,128.5483099
2018,대구광역시 북구 태전동 1010-2,태전동 1010-2,태전동,1,35.9298843,128.5487318
2018,대구광역시 북구 태전동 1011,태전동 1011,태전동,1,35.9296302,128.5490315
2018,대구광역시 북구 태전동 1030,태전동 1030,태전동,12,35.9285981,128.5497433
2018,대구광역시 북구 태전동 1031-11,태전동 1031-11,태전동,1,35.927287,128.5478538
2018,대구광역시 북구 태전동 1035-5,태전동 1035-5,태전동,1,35.9282831,128.5501341
2018,대구광역시 북구 태전동 1036,태전동 1036,태전동,2,35.9276589,128.550195
2018,대구광역시 북구 태전동 1037,태전동 1037,태전동,2,35.9283513,128.550589
2018,대구광역시 북구 태전동 1043,태전동 1043,태전동,6,35.9275643,128.5491854
2018,대구광역시 북구 태전동 1044-1,태전동 1044-1,태전동,1,35.9279432,128.5493968
2018,대구광역시 북구 태전동 1044-9,태전동 1044-9,태전동,1,35.9270638,128.549257
2018,대구광역시 북구 태전동 1049-2,태전동 1049-2,태전동,6,35.9268419,128.5478986
2018,대구광역시 북구 태전동 1049-6,태전동 1049-6,태전동,1,35.9258445,128.5477444
2018,대구광역시 북구 태전동 1052,태전동 1052,태전동,1,35.9262853,128.5485066
2018,대구광역시 북구 태전동 1062,태전동 1062,태전동,10,35.9254966,128.5484072
2018,대구광역시 북구 태전동 1066,태전동 1066,태전동,1,35.9322392,128.5413866
2018,대구광역시 북구 태전동 1069-11,태전동 1069-11,태전동,1,35.9277399,128.5505672
2018,대구광역시 북구 태전동 1069-18,태전동 1069-18,태전동,1,35.9275086,128.5506951
2018,대구광역시 북구 태전동 1070-1,태전동 1070-1,태전동,2,35.9274425,128.5503474
2018,대구광역시 북구 태전동 1073-32,태전동 1073-32,태전동,1,35.9279532,128.5512394
2018,대구광역시 북구 태전동 1073-34,태전동 1073-34,태전동,1,35.9272563,128.5506528
2018,대구광역시 북구 태전동 1074-10,태전동 1074-10,태전동,1,35.9251843,128.5476011
2018,대구광역시 북구 태전동 1074-3,태전동 1074-3,태전동,2,35.9253714,128.5474743
2018,대구광역시 북구 태전동 1074-40,태전동 1074-40,태전동,2,35.9251985,128.5480852
2018,대구광역시 북구 태전동 1074-42,태전동 1074-42,태전동,2,35.9252658,128.5482527
2018,대구광역시 북구 태전동 1074-5,태전동 1074-5,태전동,1,35.9253219,128.54837
2018,대구광역시 북구 태전동 1075,태전동 1075,태전동,3,35.9250652,128.5496363
2018,대구광역시 북구 태전동 1075-10,태전동 1075-10,태전동,2,35.9224966,128.5498638
2018,대구광역시 북구 태전동 1075-40,태전동 1075-40,태전동,2,35.9227379,128.5491365
2018,대구광역시 북구 태전동 1075-88,태전동 1075-88,태전동,1,35.9225364,128.5489369
2018,대구광역시 북구 태전동 1076-8,태전동 1076-8,태전동,1,35.9230977,128.5503608
2018,대구광역시 북구 태전동 1079,태전동 1079,태전동,1,35.9311874,128.5534316
2018,대구광역시 북구 태전동 1103,태전동 1103,태전동,2,35.9118481,128.545208
2018,대구광역시 북구 태전동 1106,태전동 1106,태전동,18,35.9114507,128.5465871
2018,대구광역시 북구 태전동 1106-1,태전동 1106-1,태전동,10,35.912544,128.547829
2018,대구광역시 북구 태전동 1106-2,태전동 1106-2,태전동,1,35.9095126,128.5473739
2018,대구광역시 북구 태전동 1109,태전동 1109,태전동,1,35.9132402,128.5474576
2018,대구광역시 북구 태전동 1112,태전동 1112,태전동,2,35.9132244,128.5480695
2018,대구광역시 북구 태전동 1114,태전동 1114,태전동,1,35.9127814,128.5480693
2018,대구광역시 북구 태전동 1120,태전동 1120,태전동,1,35.9126093,128.5475976
2018,대구광역시 북구 태전동 1125,태전동 1125,태전동,1,35.9125807,128.5468744
2018,대구광역시 북구 태전동 1127,태전동 1127,태전동,1,35.9115281,128.5474486
2018,대구광역시 북구 태전동 1193,태전동 1193,태전동,2,35.9219035,128.550323
2018,대구광역시 북구 태전동 1194,태전동 1194,태전동,1,35.9215642,128.5509229
2018,대구광역시 북구 태전동 1207,태전동 1207,태전동,1,35.9212771,128.5503875
2018,대구광역시 북구 태전동 143-3,태전동 143-3,태전동,3,35.9223275,128.5418334
2018,대구광역시 북구 태전동 147,태전동 147,태전동,1,35.9199027,128.5417012
2018,대구광역시 북구 태전동 148-15,태전동 148-15,태전동,24,35.9237375,128.5444019
2018,대구광역시 북구 태전동 155-41,태전동 155-41,태전동,3,35.9218921,128.5448169
2018,대구광역시 북구 태전동 159,태전동 159,태전동,1,35.9210605,128.5452947
2018,대구광역시 북구 태전동 165-10,태전동 165-10,태전동,1,35.9216909,128.5443407
2018,대구광역시 북구 태전동 191,태전동 191,태전동,1,35.9204848,128.5420035
2018,대구광역시 북구 태전동 193-14,태전동 193-14,태전동,1,35.9210259,128.5423666
2018,대구광역시 북구 태전동 198,태전동 198,태전동,8,35.9217756,128.5425605
2018,대구광역시 북구 태전동 200-1,태전동 200-1,태전동,3,35.921115,128.5427413
2018,대구광역시 북구 태전동 200-3,태전동 200-3,태전동,1,35.9212081,128.5428554
2018,대구광역시 북구 태전동 205-14,태전동 205-14,태전동,2,35.9189322,128.5428982
2018,대구광역시 북구 태전동 206-3,태전동 206-3,태전동,1,35.9205756,128.5454742
2018,대구광역시 북구 태전동 206-60,태전동 206-60,태전동,1,35.9208605,128.5458658
2018,대구광역시 북구 태전동 215-2,태전동 215-2,태전동,1,35.9238964,128.5415862
2018,대구광역시 북구 태전동 216-4,태전동 216-4,태전동,3,35.924039,128.5419933
2018,대구광역시 북구 태전동 220-1,태전동 220-1,태전동,1,35.9255856,128.5456196
2018,대구광역시 북구 태전동 232-4,태전동 232-4,태전동,1,35.923506,128.5447197
2018,대구광역시 북구 태전동 252-1,태전동 252-1,태전동,2,35.9240562,128.544589
2018,대구광역시 북구 태전동 252-7,태전동 252-7,태전동,1,35.9233605,128.5449428
2018,대구광역시 북구 태전동 253-12,태전동 253-12,태전동,2,35.9244366,128.5445725
2018,대구광역시 북구 태전동 253-13,태전동 253-13,태전동,1,35.9243505,128.544449
2018,대구광역시 북구 태전동 253-16,태전동 253-16,태전동,3,35.9244602,128.5452417
2018,대구광역시 북구 태전동 253-5,태전동 253-5,태전동,2,35.9255975,128.5440015
2018,대구광역시 북구 태전동 253-70,태전동 253-70,태전동,1,35.9252666,128.543776
2018,대구광역시 북구 태전동 254-18,태전동 254-18,태전동,1,35.9255288,128.5426921
2018,대구광역시 북구 태전동 254-20,태전동 254-20,태전동,1,35.9252007,128.5430623
2018,대구광역시 북구 태전동 254-25,태전동 254-25,태전동,1,35.9254995,128.5423572
2018,대구광역시 북구 태전동 254-26,태전동 254-26,태전동,1,35.9255879,128.5422797
2018,대구광역시 북구 태전동 254-29,태전동 254-29,태전동,12,35.9252373,128.5427289
2018,대구광역시 북구 태전동 254-3,태전동 254-3,태전동,2,35.9247207,128.5430575
2018,대구광역시 북구 태전동 254-34,태전동 254-34,태전동,1,35.9253815,128.5426608
2018,대구광역시 북구 태전동 254-7,태전동 254-7,태전동,2,35.9250614,128.5429155
2018,대구광역시 북구 태전동 255-35,태전동 255-35,태전동,2,35.9239762,128.5425647
2018,대구광역시 북구 태전동 255-4,태전동 255-4,태전동,1,35.9242221,128.5426435
2018,대구광역시 북구 태전동 255-46,태전동 255-46,태전동,1,35.9241664,128.5430464
2018,대구광역시 북구 태전동 255-50,태전동 255-50,태전동,1,35.9241799,128.5422459
2018,대구광역시 북구 태전동 256-1,태전동 256-1,태전동,1,35.923503,128.5427644
2018,대구광역시 북구 태전동 327-1,태전동 327-1,태전동,1,35.9284949,128.5414533
2018,대구광역시 북구 태전동 337,태전동 337,태전동,1,35.9266747,128.5424972
2018,대구광역시 북구 태전동 337-9,태전동 337-9,태전동,1,35.9274429,128.5424307
2018,대구광역시 북구 태전동 359-15,태전동 359-15,태전동,1,35.9243461,128.5452493
2018,대구광역시 북구 태전동 368-17,태전동 368-17,태전동,1,35.9283672,128.5445197
2018,대구광역시 북구 태전동 369-5,태전동 369-5,태전동,1,35.9284099,128.5445979
2018,대구광역시 북구 태전동 376-1,태전동 376-1,태전동,2,35.9293408,128.545583
2018,대구광역시 북구 태전동 379,태전동 379,태전동,1,35.9290672,128.5452839
2018,대구광역시 북구 태전동 399,태전동 399,태전동,1,35.9290664,128.5467153
2018,대구광역시 북구 태전동 403,태전동 403,태전동,1,35.9256146,128.546172
2018,대구광역시 북구 태전동 409-2,태전동 409-2,태전동,2,35.9234007,128.5468025
2018,대구광역시 북구 태전동 417-3,태전동 417-3,태전동,1,35.9238658,128.5471477
2018,대구광역시 북구 태전동 420-5,태전동 420-5,태전동,1,35.9234855,128.5477041
2018,대구광역시 북구 태전동 428-1,태전동 428-1,태전동,1,35.9226087,128.5514684
2018,대구광역시 북구 태전동 430-4,태전동 430-4,태전동,1,35.9227683,128.5521588
2018,대구광역시 북구 태전동 431-1,태전동 431-1,태전동,1,35.9230921,128.5527882
2018,대구광역시 북구 태전동 438,태전동 438,태전동,1,35.9226144,128.5523864
2018,대구광역시 북구 태전동 442,태전동 442,태전동,2,35.9183001,128.5515233
2018,대구광역시 북구 태전동 454,태전동 454,태전동,16,35.9188402,128.5509747
2018,대구광역시 북구 태전동 464-1,태전동 464-1,태전동,1,35.9159857,128.5500226
2018,대구광역시 북구 태전동 472-20,태전동 472-20,태전동,1,35.9166243,128.5487296
2018,대구광역시 북구 태전동 474,태전동 474,태전동,1,35.9168974,128.5489684
2018,대구광역시 북구 태전동 488,태전동 488,태전동,1,35.916208,128.5493942
2018,대구광역시 북구 태전동 494-2,태전동 494-2,태전동,1,35.915122,128.5481211
2018,대구광역시 북구 태전동 494-7,태전동 494-7,태전동,3,35.9144218,128.5483305
2018,대구광역시 북구 태전동 496-27,태전동 496-27,태전동,1,35.9155725,128.5474719
2018,대구광역시 북구 태전동 497-1,태전동 497-1,태전동,1,35.9157647,128.5477377
2018,대구광역시 북구 태전동 497-2,태전동 497-2,태전동,1,35.9159245,128.547802
2018,대구광역시 북구 태전동 50-1,태전동 50-1,태전동,1,35.9310313,128.5388915
2018,대구광역시 북구 태전동 51-10,태전동 51-10,태전동,1,35.9322845,128.5396562
2018,대구광역시 북구 태전동 51-2,태전동 51-2,태전동,2,35.9307426,128.538976
2018,대구광역시 북구 태전동 51-7,태전동 51-7,태전동,3,35.9315659,128.5396014
2018,대구광역시 북구 태전동 51-8,태전동 51-8,태전동,1,35.9310246,128.5393386
2018,대구광역시 북구 태전동 525-2,태전동 525-2,태전동,5,35.9172115,128.5463
2018,대구광역시 북구 태전동 529,태전동 529,태전동,18,35.9175544,128.5463316
2018,대구광역시 북구 태전동 53-2,태전동 53-2,태전동,1,35.9301724,128.5389433
2018,대구광역시 북구 태전동 531-3,태전동 531-3,태전동,1,35.9182848,128.5471506
2018,대구광역시 북구 태전동 532-6,태전동 532-6,태전동,1,35.9185972,128.5480439
2018,대구광역시 북구 태전동 552-2,태전동 552-2,태전동,1,35.9174461,128.5504822
2018,대구광역시 북구 태전동 588-3,태전동 588-3,태전동,1,35.9192964,128.551299
2018,대구광역시 북구 태전동 595-21,태전동 595-21,태전동,1,35.9204762,128.5510869
2018,대구광역시 북구 태전동 603-2,태전동 603-2,태전동,1,35.9213454,128.5512518
2018,대구광역시 북구 태전동 604-1,태전동 604-1,태전동,1,35.9219876,128.5514219
2018,대구광역시 북구 태전동 605-2,태전동 605-2,태전동,10,35.922145,128.551301
2018,대구광역시 북구 태전동 606,태전동 606,태전동,3,35.921901,128.5507561
2018,대구광역시 북구 태전동 608-1,태전동 608-1,태전동,1,35.9219416,128.5503193
2018,대구광역시 북구 태전동 608-13,태전동 608-13,태전동,11,35.9202983,128.5482868
2018,대구광역시 북구 태전동 608-14,태전동 608-14,태전동,3,35.9200988,128.5479422
2018,대구광역시 북구 태전동 608-23,태전동 608-23,태전동,1,35.9191927,128.5480935
2018,대구광역시 북구 태전동 608-24,태전동 608-24,태전동,2,35.9191144,128.5480749
2018,대구광역시 북구 태전동 608-26,태전동 608-26,태전동,2,35.9202611,128.5483334
2018,대구광역시 북구 태전동 608-29,태전동 608-29,태전동,1,35.9202651,128.5482195
2018,대구광역시 북구 태전동 608-33,태전동 608-33,태전동,1,35.9193561,128.5480751
2018,대구광역시 북구 태전동 608-38,태전동 608-38,태전동,1,35.921852,128.5500423
2018,대구광역시 북구 태전동 608-5,태전동 608-5,태전동,2,35.9201779,128.5491599
2018,대구광역시 북구 태전동 609-10,태전동 609-10,태전동,1,35.9209281,128.5508788
2018,대구광역시 북구 태전동 609-5,태전동 609-5,태전동,2,35.9210308,128.5504191
2018,대구광역시 북구 태전동 609-8,태전동 609-8,태전동,1,35.9212452,128.5505299
2018,대구광역시 북구 태전동 646-2,태전동 646-2,태전동,5,35.9173451,128.5456399
2018,대구광역시 북구 태전동 646-5,태전동 646-5,태전동,1,35.9173966,128.5458312
2018,대구광역시 북구 태전동 647-11,태전동 647-11,태전동,1,35.9176816,128.5457168
2018,대구광역시 북구 태전동 647-2,태전동 647-2,태전동,6,35.9175881,128.5460194
2018,대구광역시 북구 태전동 652-1,태전동 652-1,태전동,1,35.9169013,128.546275
2018,대구광역시 북구 태전동 653-10,태전동 653-10,태전동,3,35.9165186,128.5459923
2018,대구광역시 북구 태전동 665-1,태전동 665-1,태전동,2,35.9161138,128.5452293
2018,대구광역시 북구 태전동 670-2,태전동 670-2,태전동,2,35.9163603,128.5453741
2018,대구광역시 북구 태전동 672,태전동 672,태전동,3,35.9163581,128.5450626
2018,대구광역시 북구 태전동 674-6,태전동 674-6,태전동,1,35.9163184,128.5438139
2018,대구광역시 북구 태전동 682-4,태전동 682-4,태전동,14,35.9252576,128.5421418
2018,대구광역시 북구 태전동 682-44,태전동 682-44,태전동,2,35.9224304,128.5419603
2018,대구광역시 북구 태전동 687-35,태전동 687-35,태전동,1,35.9141929,128.5436018
2018,대구광역시 북구 태전동 689-5,태전동 689-5,태전동,2,35.9133761,128.5431661
2018,대구광역시 북구 태전동 716,태전동 716,태전동,7,35.9142994,128.5432828
2018,대구광역시 북구 태전동 77-9,태전동 77-9,태전동,1,35.9291593,128.5405379
2018,대구광역시 북구 태전동 796-1,태전동 796-1,태전동,7,35.9138593,128.5490304
2018,대구광역시 북구 태전동 799-9,태전동 799-9,태전동,1,35.9125075,128.5488879
2018,대구광역시 북구 태전동 809,태전동 809,태전동,1,35.9145008,128.5494459
2018,대구광역시 북구 태전동 810-7,태전동 810-7,태전동,2,35.9140006,128.549589
2018,대구광역시 북구 태전동 881-102,태전동 881-102,태전동,3,35.9214593,128.550501
2018,대구광역시 북구 태전동 881-103,태전동 881-103,태전동,1,35.9212737,128.550384
2018,대구광역시 북구 태전동 881-64,태전동 881-64,태전동,1,35.9177431,128.5444511
2018,대구광역시 북구 태전동 881-82,태전동 881-82,태전동,2,35.921531,128.5500919
2018,대구광역시 북구 태전동 881-83,태전동 881-83,태전동,4,35.921705,128.5504745
2018,대구광역시 북구 태전동 881-98,태전동 881-98,태전동,2,35.9200308,128.5474229
2018,대구광역시 북구 태전동 882-7,태전동 882-7,태전동,3,35.9229777,128.5468722
2018,대구광역시 북구 태전동 887,태전동 887,태전동,2,35.9176869,128.5481544
2018,대구광역시 북구 태전동 898-5,태전동 898-5,태전동,2,35.9140565,128.5485017
2018,대구광역시 북구 태전동 908-3,태전동 908-3,태전동,1,35.9285577,128.5445409
2018,대구광역시 북구 태전동 934,태전동 934,태전동,4,35.9331242,128.5469471
2018,대구광역시 북구 태전동 936,태전동 936,태전동,3,35.9332119,128.5415602
2018,대구광역시 북구 태전동 936-2,태전동 936-2,태전동,1,35.9320993,128.5430679
2018,대구광역시 북구 태전동 937,태전동 937,태전동,3,35.9315583,128.5444546
2018,대구광역시 북구 태전동 938,태전동 938,태전동,1,35.9324128,128.5460136
2018,대구광역시 북구 태전동 939,태전동 939,태전동,2,35.9319365,128.5477291
2018,대구광역시 북구 태전동 940-1,태전동 940-1,태전동,1,35.9322072,128.5479949
2018,대구광역시 북구 태전동 940-9,태전동 940-9,태전동,1,35.9320405,128.5480532
2018,대구광역시 북구 태전동 947,태전동 947,태전동,1,35.9301982,128.5446247
2018,대구광역시 북구 태전동 947-1,태전동 947-1,태전동,1,35.9300461,128.5446303
2018,대구광역시 북구 태전동 950,태전동 950,태전동,1,35.9298996,128.5449687
2018,대구광역시 북구 태전동 951-10,태전동 951-10,태전동,1,35.9296478,128.5447562
2018,대구광역시 북구 태전동 951-6,태전동 951-6,태전동,1,35.9296062,128.5452961
2018,대구광역시 북구 태전동 952,태전동 952,태전동,2,35.9303366,128.5453939
2018,대구광역시 북구 태전동 957,태전동 957,태전동,1,35.9299622,128.5460036
2018,대구광역시 북구 태전동 962,태전동 962,태전동,3,35.9294153,128.5461265
2018,대구광역시 북구 태전동 963,태전동 963,태전동,1,35.927137,128.5443284
2018,대구광역시 북구 태전동 970,태전동 970,태전동,2,35.9271569,128.5461842
2018,대구광역시 북구 태전동 975,태전동 975,태전동,1,35.9268009,128.5458224
2018,대구광역시 북구 태전동 984-5,태전동 984-5,태전동,1,35.9263133,128.5460647
2018,대구광역시 북구 태전동 985,태전동 985,태전동,3,35.9261895,128.5462539
2018,대구광역시 북구 태전동 986-18,태전동 986-18,태전동,1,35.9260669,128.5446199
2018,대구광역시 북구 태전동 989-6,태전동 989-6,태전동,1,35.9257981,128.5469715
2018,대구광역시 북구 태전동 990,태전동 990,태전동,15,35.9257768,128.5452878
2018,대구광역시 북구 태전동 991,태전동 991,태전동,35,35.9291507,128.5478642
2018,대구광역시 북구 태전동 992,태전동 992,태전동,4,35.9322669,128.5510779
2018,대구광역시 북구 태전동 993,태전동 993,태전동,8,35.9322816,128.5489016
2018,대구광역시 북구 태전동 993-1,태전동 993-1,태전동,2,35.9317589,128.5487845
2018,대구광역시 북구 태전동 996,태전동 996,태전동,3,35.9314973,128.5491657
2018,대구광역시 북구 태전동 997-1,태전동 997-1,태전동,1,35.9313891,128.5511632
2018,대구광역시 북구 태전동 998,태전동 998,태전동,3,35.9311897,128.5517211
2018,대구광역시 북구 태전동 999,태전동 999,태전동,1,35.9316633,128.5528519
2018,대구광역시 북구 태전동 999-2,태전동 999-2,태전동,2,35.9303699,128.5519351
2018,대구광역시 북구 태전동 산 7-1,태전동 산 7-1,태전동,1,35.9285757,128.5435296
2018,대구광역시 북구 태전동 산2-1,태전동 산2-1,태전동,1,35.9267547,128.5437907
2018,대구광역시 북구 태전동 산2-2,태전동 산2-2,태전동,1,35.9261606,128.5438448
2018,대구광역시 북구 태전동 산45-3,태전동 산45-3,태전동,2,35.9201046,128.5407703
2018,대구광역시 북구 태전동 산50-1,태전동 산50-1,태전동,4,35.9228706,128.5528701
2018,대구광역시 북구 태전동 산7-4,태전동 산7-4,태전동,1,35.9288992,128.5447125
2018,대구광역시 북구 태전동 산84,태전동 산84,태전동,1,35.9331141,128.5386724
2018,대구광역시 북구 팔달동 1-3,팔달동 1-3,팔달동,1,35.9017275,128.5410401
2018,대구광역시 북구 팔달동 104-2,팔달동 104-2,팔달동,1,35.89944,128.5460337
2018,대구광역시 북구 팔달동 111-1,팔달동 111-1,팔달동,1,35.8986629,128.5472528
2018,대구광역시 북구 팔달동 122-7,팔달동 122-7,팔달동,2,35.8974805,128.5473981
2018,대구광역시 북구 팔달동 186-24,팔달동 186-24,팔달동,1,35.8970368,128.5452081
2018,대구광역시 북구 팔달동 193-5,팔달동 193-5,팔달동,9,35.8963942,128.5452352
2018,대구광역시 북구 팔달동 195-4,팔달동 195-4,팔달동,5,35.89526,128.5431323
2018,대구광역시 북구 팔달동 211-1,팔달동 211-1,팔달동,1,35.8960272,128.5437927
2018,대구광역시 북구 팔달동 222-1,팔달동 222-1,팔달동,1,35.8965307,128.5424794
2018,대구광역시 북구 팔달동 230-10,팔달동 230-10,팔달동,2,35.8956528,128.5391441
2018,대구광역시 북구 팔달동 265-24,팔달동 265-24,팔달동,1,35.8956467,128.5381125
2018,대구광역시 북구 팔달동 27,팔달동 27,팔달동,3,35.8992716,128.5418942
2018,대구광역시 북구 팔달동 277-15,팔달동 277-15,팔달동,1,35.8949095,128.5370467
2018,대구광역시 북구 팔달동 286-12,팔달동 286-12,팔달동,1,35.8940898,128.5327299
2018,대구광역시 북구 팔달동 36-2,팔달동 36-2,팔달동,2,35.898462,128.5424186
2018,대구광역시 북구 팔달동 50,팔달동 50,팔달동,2,35.8985856,128.5442125
2018,대구광역시 북구 팔달동 52,팔달동 52,팔달동,2,35.8985014,128.5432755
2018,대구광역시 북구 팔달동 54-1,팔달동 54-1,팔달동,1,35.8998332,128.542975
2018,대구광역시 북구 팔달동 72-1,팔달동 72-1,팔달동,1,35.8974978,128.5448641
2018,대구광역시 북구 팔달동 72-4,팔달동 72-4,팔달동,7,35.8984812,128.5443331
2018,대구광역시 북구 팔달동 73-3,팔달동 73-3,팔달동,1,35.8975784,128.5448525
2018,대구광역시 북구 팔달동 73-4,팔달동 73-4,팔달동,3,35.897935,128.5448246
2018,대구광역시 북구 팔달동 74-3,팔달동 74-3,팔달동,1,35.8987339,128.5447512
2018,대구광역시 북구 팔달동 76-4,팔달동 76-4,팔달동,1,35.8981952,128.5462261
2018,대구광역시 북구 팔달동 88-1,팔달동 88-1,팔달동,1,35.8974371,128.5459054
2018,대구광역시 북구 팔달동 88-17,팔달동 88-17,팔달동,2,35.8976036,128.5459063
2018,대구광역시 북구 팔달동 88-5,팔달동 88-5,팔달동,1,35.8973809,128.5454794
2018,대구광역시 북구 팔달동 89-4,팔달동 89-4,팔달동,2,35.8973995,128.5466723
2018,대구광역시 북구 팔달동 96-4,팔달동 96-4,팔달동,1,35.8996023,128.5454612
2018,대구광역시 북구 팔달동 산25-2,팔달동 산25-2,팔달동,1,35.8978971,128.5385684
2018,대구광역시 북구 학정동 135-1,학정동 135-1,학정동,1,35.9504451,128.5702378
2018,대구광역시 북구 학정동 137-2,학정동 137-2,학정동,1,35.9491539,128.5704422
2018,대구광역시 북구 학정동 370-5,학정동 370-5,학정동,49,35.954723,128.5656728
2018,대구광역시 북구 학정동 371-2,학정동 371-2,학정동,11,35.9546114,128.5649702
2018,대구광역시 북구 학정동 372-1,학정동 372-1,학정동,4,35.9551577,128.5654256
2018,대구광역시 북구 학정동 410,학정동 410,학정동,1,35.9591829,128.5678502
2018,대구광역시 북구 학정동 451-6,학정동 451-6,학정동,21,35.9581321,128.5652402
2018,대구광역시 북구 학정동 466,학정동 466,학정동,3,35.9566384,128.5665145
2018,대구광역시 북구 학정동 469-1,학정동 469-1,학정동,2,35.9567884,128.5661043
2018,대구광역시 북구 학정동 474,학정동 474,학정동,4,35.9561481,128.5643617
2018,대구광역시 북구 학정동 474-12,학정동 474-12,학정동,11,35.955274,128.5637408
2018,대구광역시 북구 학정동 474-5,학정동 474-5,학정동,1,35.9568868,128.5659197
2018,대구광역시 북구 학정동 485-12,학정동 485-12,학정동,1,35.9591663,128.5639928
2018,대구광역시 북구 학정동 485-13,학정동 485-13,학정동,1,35.9586512,128.5644077
2018,대구광역시 북구 학정동 533,학정동 533,학정동,1,35.9507429,128.5640809
2018,대구광역시 북구 학정동 533-3,학정동 533-3,학정동,1,35.9506228,128.5649603
2018,대구광역시 북구 학정동 59-2,학정동 59-2,학정동,1,35.955249,128.5680495
2018,대구광역시 북구 학정동 65-1,학정동 65-1,학정동,3,35.9542205,128.5681998
2018,대구광역시 북구 학정동 866-3,학정동 866-3,학정동,2,35.9463735,128.5581055
2018,대구광역시 북구 학정동 884,학정동 884,학정동,1,35.9463781,128.5557762
2018,대구광역시 북구 학정동 892-1,학정동 892-1,학정동,1,35.9554061,128.5668212
2018,대구광역시 북구 학정동 892-17,학정동 892-17,학정동,1,35.9532114,128.5650377
2018,대구광역시 북구 학정동 917-1,학정동 917-1,학정동,6,35.9484244,128.5563631
2018,대구광역시 북구 학정동 921-1,학정동 921-1,학정동,17,35.9544807,128.5651037
2018,대구광역시 북구 학정동 921-2,학정동 921-2,학정동,4,35.9543831,128.5650915
2018,대구광역시 북구 학정동 925,학정동 925,학정동,3,35.9534982,128.5673485
2018,대구광역시 북구 학정동 926-3,학정동 926-3,학정동,1,35.9532372,128.5659518
2018,대구광역시 북구 학정동 926-4,학정동 926-4,학정동,1,35.9530239,128.5659101
2018,대구광역시 북구 학정동 926-5,학정동 926-5,학정동,1,35.9527854,128.5658636
2018,대구광역시 북구 학정동 926-6,학정동 926-6,학정동,4,35.9525708,128.5658216
2018,대구광역시 북구 학정동 926-8,학정동 926-8,학정동,1,35.9522658,128.5657619
2018,대구광역시 북구 학정동 926-9,학정동 926-9,학정동,2,35.9521267,128.5657387
2018,대구광역시 북구 학정동 930-2,학정동 930-2,학정동,1,35.9518351,128.5679752
2018,대구광역시 북구 학정동 934-1,학정동 934-1,학정동,1,35.9515442,128.5682679
2018,대구광역시 북구 학정동 935-5,학정동 935-5,학정동,4,35.9509156,128.5676478
2018,대구광역시 북구 학정동 936-1,학정동 936-1,학정동,1,35.9517373,128.5665719
2018,대구광역시 북구 학정동 940-2,학정동 940-2,학정동,1,35.9517733,128.5662402
2018,대구광역시 북구 학정동 941-1,학정동 941-1,학정동,2,35.9518541,128.565609
2018,대구광역시 북구 학정동 941-12,학정동 941-12,학정동,2,35.9510734,128.5655452
2018,대구광역시 북구 학정동 941-2,학정동 941-2,학정동,1,35.9516747,128.565646
2018,대구광역시 북구 학정동 941-3,학정동 941-3,학정동,1,35.9515017,128.565612
2018,대구광역시 북구 학정동 941-4,학정동 941-4,학정동,1,35.9513336,128.5655817
2018,대구광역시 북구 학정동 943-1,학정동 943-1,학정동,1,35.9488555,128.5652551
2018,대구광역시 북구 학정동 947-4,학정동 947-4,학정동,1,35.9494748,128.566892
2018,대구광역시 북구 학정동 952,학정동 952,학정동,64,35.9542234,128.5647131
2018,대구광역시 북구 학정동 952-1,학정동 952-1,학정동,1,35.9545826,128.5654928
2018,대구광역시 북구 학정동 953,학정동 953,학정동,18,35.9520079,128.5654484
2018,대구광역시 북구 학정동 953-14,학정동 953-14,학정동,4,35.9500736,128.5673048
2018,대구광역시 북구 학정동 953-18,학정동 953-18,학정동,3,35.9510285,128.5662805
2018,대구광역시 북구 학정동 953-2,학정동 953-2,학정동,3,35.9526775,128.5662696
2018,대구광역시 북구 학정동 953-23,학정동 953-23,학정동,2,35.9494099,128.5659623
2018,대구광역시 북구 학정동 953-3,학정동 953-3,학정동,1,35.9523852,128.5659977
2018,대구광역시 북구 학정동 953-4,학정동 953-4,학정동,1,35.9521232,128.5659349
2018,대구광역시 북구 학정동 953-5,학정동 953-5,학정동,3,35.9520768,128.5676909
2018,대구광역시 북구 학정동 953-7,학정동 953-7,학정동,1,35.9516648,128.5687169
2018,대구광역시 북구 학정동 953-8,학정동 953-8,학정동,1,35.9512083,128.5680606
2018,대구광역시 북구 학정동 953-9,학정동 953-9,학정동,1,35.9507397,128.5679385
2018,대구광역시 북구 학정동 958-1,학정동 958-1,학정동,1,35.9497813,128.5690847
2018,대구광역시 북구 학정동 968,학정동 968,학정동,1,35.9487892,128.566938
2018,대구광역시 북구 학정동 968-1,학정동 968-1,학정동,1,35.9487748,128.5670898
2018,대구광역시 북구 학정동 973-5,학정동 973-5,학정동,1,35.9477896,128.5681693
2018,대구광역시 북구 학정동 973-6,학정동 973-6,학정동,1,35.9477588,128.5680074
2018,대구광역시 북구 학정동 973-7,학정동 973-7,학정동,1,35.9477253,128.5678454
2018,대구광역시 북구 학정동 980,학정동 980,학정동,6,35.9474604,128.5657881
2018,대구광역시 북구 학정동 981-4,학정동 981-4,학정동,6,35.9466202,128.5651697
2018,대구광역시 북구 학정동 982,학정동 982,학정동,9,35.9471171,128.5679955
2018,대구광역시 북구 학정동 985,학정동 985,학정동,1,35.9482059,128.5691077
2018,대구광역시 북구 학정동 989-12,학정동 989-12,학정동,3,35.948877,128.5672001
2018,대구광역시 북구 학정동 989-13,학정동 989-13,학정동,6,35.9481465,128.568386
2018,대구광역시 북구 학정동 989-16,학정동 989-16,학정동,12,35.9476144,128.5679969
2018,대구광역시 북구 학정동 989-17,학정동 989-17,학정동,7,35.9474542,128.5673105
2018,대구광역시 북구 학정동 989-19,학정동 989-19,학정동,1,35.9465407,128.5649429
2018,대구광역시 북구 학정동 989-20,학정동 989-20,학정동,2,35.947645,128.5646065
2018,대구광역시 북구 학정동 989-23,학정동 989-23,학정동,4,35.9476607,128.5666124
2018,대구광역시 북구 학정동 989-4,학정동 989-4,학정동,1,35.9482656,128.5699994
2018,대구광역시 북구 학정동 989-7,학정동 989-7,학정동,8,35.9486402,128.5685498
2019,대구광역시 북구 검단동 1024-3,검단동 1024-3,검단동,2,35.911922,128.6265143
2019,대구광역시 북구 검단동 11-4,검단동 11-4,검단동,1,35.9201252,128.6304536
2019,대구광역시 북구 검단동 1128-2,검단동 1128-2,검단동,40,35.9164659,128.6285908
2019,대구광역시 북구 검단동 1128-3,검단동 1128-3,검단동,22,35.9159543,128.6290472
2019,대구광역시 북구 검단동 1216-2,검단동 1216-2,검단동,1,35.9144531,128.629545
2019,대구광역시 북구 검단동 1229-3,검단동 1229-3,검단동,1,35.9135873,128.6294916
2019,대구광역시 북구 검단동 1238-3,검단동 1238-3,검단동,1,35.9135704,128.6287627
2019,대구광역시 북구 검단동 1284-1,검단동 1284-1,검단동,1,35.9126341,128.6276201
2019,대구광역시 북구 검단동 1287-2,검단동 1287-2,검단동,1,35.9128606,128.6277958
2019,대구광역시 북구 검단동 1292,검단동 1292,검단동,1,35.9123957,128.6278576
2019,대구광역시 북구 검단동 1303-1,검단동 1303-1,검단동,1,35.9126005,128.6281383
2019,대구광역시 북구 검단동 136-1,검단동 136-1,검단동,1,35.9260913,128.6244677
2019,대구광역시 북구 검단동 1392-1,검단동 1392-1,검단동,1,35.9142379,128.628022
2019,대구광역시 북구 검단동 1393-103,검단동 1393-103,검단동,1,35.9169528,128.6290407
2019,대구광역시 북구 검단동 1393-106,검단동 1393-106,검단동,7,35.9166054,128.6295736
2019,대구광역시 북구 검단동 1393-108,검단동 1393-108,검단동,1,35.9166258,128.6284377
2019,대구광역시 북구 검단동 1393-306,검단동 1393-306,검단동,9,35.9165914,128.6288859
2019,대구광역시 북구 검단동 19-10,검단동 19-10,검단동,1,35.9176858,128.6295067
2019,대구광역시 북구 검단동 283-3,검단동 283-3,검단동,1,35.9234259,128.6195131
2019,대구광역시 북구 검단동 537-3,검단동 537-3,검단동,1,35.9143389,128.6134524
2019,대구광역시 북구 검단동 571-4,검단동 571-4,검단동,2,35.9120856,128.612804
2019,대구광역시 북구 검단동 572-3,검단동 572-3,검단동,1,35.9122114,128.612881
2019,대구광역시 북구 검단동 573,검단동 573,검단동,1,35.9125597,128.6133986
2019,대구광역시 북구 검단동 582-7,검단동 582-7,검단동,2,35.9125608,128.613816
2019,대구광역시 북구 검단동 600-3,검단동 600-3,검단동,1,35.9112668,128.6155325
2019,대구광역시 북구 검단동 600-6,검단동 600-6,검단동,2,35.9104889,128.6160747
2019,대구광역시 북구 검단동 603-3,검단동 603-3,검단동,2,35.9108628,128.6158696
2019,대구광역시 북구 검단동 654-2,검단동 654-2,검단동,1,35.9126067,128.6217452
2019,대구광역시 북구 검단동 654-5,검단동 654-5,검단동,1,35.9158415,128.6191545
2019,대구광역시 북구 검단동 654-6,검단동 654-6,검단동,1,35.916072,128.6214645
2019,대구광역시 북구 검단동 654-7,검단동 654-7,검단동,3,35.9161979,128.6235379
2019,대구광역시 북구 검단동 655-1,검단동 655-1,검단동,2,35.9159968,128.6202464
2019,대구광역시 북구 검단동 672-1,검단동 672-1,검단동,1,35.9159209,128.6243647
2019,대구광역시 북구 검단동 672-2,검단동 672-2,검단동,1,35.9158651,128.623868
2019,대구광역시 북구 검단동 689-3,검단동 689-3,검단동,1,35.915767,128.623868
2019,대구광역시 북구 검단동 690-2,검단동 690-2,검단동,2,35.9156204,128.6239746
2019,대구광역시 북구 검단동 700-13,검단동 700-13,검단동,1,35.9147672,128.6230731
2019,대구광역시 북구 검단동 700-2,검단동 700-2,검단동,2,35.9157759,128.6230827
2019,대구광역시 북구 검단동 700-3,검단동 700-3,검단동,2,35.9155563,128.6236211
2019,대구광역시 북구 검단동 711,검단동 711,검단동,2,35.9153477,128.6211931
2019,대구광역시 북구 검단동 720-5,검단동 720-5,검단동,1,35.9142293,128.6213597
2019,대구광역시 북구 검단동 740,검단동 740,검단동,1,35.9143334,128.6236172
2019,대구광역시 북구 검단동 745-2,검단동 745-2,검단동,1,35.9139502,128.6251448
2019,대구광역시 북구 검단동 777-57,검단동 777-57,검단동,1,35.9109741,128.6234699
2019,대구광역시 북구 검단동 777-60,검단동 777-60,검단동,1,35.9116616,128.6261818
2019,대구광역시 북구 검단동 777-62,검단동 777-62,검단동,1,35.911055,128.6252565
2019,대구광역시 북구 검단동 777-77,검단동 777-77,검단동,1,35.9099892,128.6238047
2019,대구광역시 북구 검단동 777-80,검단동 777-80,검단동,2,35.9107985,128.6248512
2019,대구광역시 북구 검단동 777-98,검단동 777-98,검단동,1,35.9109007,128.6255671
2019,대구광역시 북구 검단동 838-124,검단동 838-124,검단동,13,35.908169,128.6219114
2019,대구광역시 북구 검단동 838-125,검단동 838-125,검단동,4,35.9092022,128.6207309
2019,대구광역시 북구 검단동 838-17,검단동 838-17,검단동,1,35.912423,128.618723
2019,대구광역시 북구 검단동 838-4,검단동 838-4,검단동,8,35.9096527,128.621445
2019,대구광역시 북구 검단동 838-66,검단동 838-66,검단동,1,35.9093311,128.6228409
2019,대구광역시 북구 검단동 838-71,검단동 838-71,검단동,2,35.9154454,128.619301
2019,대구광역시 북구 검단동 838-74,검단동 838-74,검단동,10,35.9130972,128.6158042
2019,대구광역시 북구 검단동 887-103,검단동 887-103,검단동,4,35.9132836,128.6154732
2019,대구광역시 북구 검단동 887-104,검단동 887-104,검단동,2,35.9135201,128.6159799
2019,대구광역시 북구 검단동 887-107,검단동 887-107,검단동,1,35.9139511,128.6169278
2019,대구광역시 북구 검단동 887-12,검단동 887-12,검단동,1,35.9113014,128.6186965
2019,대구광역시 북구 검단동 887-148,검단동 887-148,검단동,1,35.9085028,128.6179966
2019,대구광역시 북구 검단동 887-28,검단동 887-28,검단동,1,35.9097784,128.6168093
2019,대구광역시 북구 검단동 887-4,검단동 887-4,검단동,2,35.9094037,128.6187799
2019,대구광역시 북구 검단동 887-5,검단동 887-5,검단동,2,35.911192,128.6159021
2019,대구광역시 북구 검단동 887-71,검단동 887-71,검단동,2,35.9067938,128.6196872
2019,대구광역시 북구 검단동 887-75,검단동 887-75,검단동,2,35.9102859,128.61731
2019,대구광역시 북구 검단동 887-76,검단동 887-76,검단동,2,35.9101994,128.6168039
2019,대구광역시 북구 검단동 887-77,검단동 887-77,검단동,1,35.9099768,128.6169955
2019,대구광역시 북구 검단동 887-8,검단동 887-8,검단동,6,35.9077513,128.6197165
2019,대구광역시 북구 검단동 887-80,검단동 887-80,검단동,1,35.9133684,128.6146603
2019,대구광역시 북구 검단동 887-81,검단동 887-81,검단동,1,35.9142,128.6159044
2019,대구광역시 북구 검단동 887-82,검단동 887-82,검단동,2,35.9141282,128.6141258
2019,대구광역시 북구 검단동 908-12,검단동 908-12,검단동,1,35.9090132,128.617173
2019,대구광역시 북구 검단동 908-13,검단동 908-13,검단동,2,35.9087667,128.6173388
2019,대구광역시 북구 검단동 908-2,검단동 908-2,검단동,2,35.9091914,128.617029
2019,대구광역시 북구 검단동 911-4,검단동 911-4,검단동,13,35.908065,128.6178061
2019,대구광역시 북구 검단동 920-1,검단동 920-1,검단동,1,35.9082699,128.6175538
2019,대구광역시 북구 검단동 931-2,검단동 931-2,검단동,1,35.9106247,128.6159009
2019,대구광역시 북구 검단동 936-49,검단동 936-49,검단동,2,35.9066842,128.6187427
2019,대구광역시 북구 검단동 936-51,검단동 936-51,검단동,3,35.9059124,128.6186682
2019,대구광역시 북구 검단동 936-52,검단동 936-52,검단동,1,35.9073169,128.6183124
2019,대구광역시 북구 검단동 936-6,검단동 936-6,검단동,1,35.9059886,128.6188937
2019,대구광역시 북구 검단동 986-1,검단동 986-1,검단동,1,35.9081832,128.6240151
2019,대구광역시 북구 검단동 986-2,검단동 986-2,검단동,1,35.9078966,128.6224754
2019,대구광역시 북구 고성동1가 153-8,고성동1가 153-8,고성동,1,35.8796978,128.5819939
2019,대구광역시 북구 고성동1가 162-5,고성동1가 162-5,고성동,1,35.8788831,128.581004
2019,대구광역시 북구 고성동1가 162-7,고성동1가 162-7,고성동,2,35.8788928,128.5810247
2019,대구광역시 북구 고성동1가 50-20,고성동1가 50-20,고성동,1,35.8788665,128.5884393
2019,대구광역시 북구 고성동1가 50-57,고성동1가 50-57,고성동,1,35.8789701,128.5880487
2019,대구광역시 북구 고성동1가 50-81,고성동1가 50-81,고성동,3,35.8790955,128.5881079
2019,대구광역시 북구 고성동1가 52-3,고성동1가 52-3,고성동,1,35.8791616,128.5875212
2019,대구광역시 북구 고성동2가 1,고성동2가 1,고성동,1,35.879671,128.5886601
2019,대구광역시 북구 고성동2가 108-16,고성동2가 108-16,고성동,1,35.8800458,128.5834698
2019,대구광역시 북구 고성동2가 108-21,고성동2가 108-21,고성동,1,35.8800598,128.5833383
2019,대구광역시 북구 고성동2가 108-22,고성동2가 108-22,고성동,1,35.8799673,128.5833129
2019,대구광역시 북구 고성동2가 108-23,고성동2가 108-23,고성동,1,35.8798917,128.5832905
2019,대구광역시 북구 고성동2가 108-32,고성동2가 108-32,고성동,1,35.8802096,128.5831623
2019,대구광역시 북구 고성동2가 108-35,고성동2가 108-35,고성동,1,35.8801418,128.5831366
2019,대구광역시 북구 고성동2가 108-37,고성동2가 108-37,고성동,1,35.8800826,128.5832401
2019,대구광역시 북구 고성동2가 108-38,고성동2가 108-38,고성동,1,35.8800644,128.5831173
2019,대구광역시 북구 고성동2가 108-39,고성동2가 108-39,고성동,2,35.8800091,128.5832192
2019,대구광역시 북구 고성동2가 108-41,고성동2가 108-41,고성동,2,35.8799641,128.5830911
2019,대구광역시 북구 고성동2가 110-20,고성동2가 110-20,고성동,1,35.8799761,128.5828088
2019,대구광역시 북구 고성동2가 110-31,고성동2가 110-31,고성동,1,35.8801975,128.5828943
2019,대구광역시 북구 고성동2가 111-2,고성동2가 111-2,고성동,2,35.8809801,128.5825065
2019,대구광역시 북구 고성동2가 112-3,고성동2가 112-3,고성동,3,35.8804433,128.5818399
2019,대구광역시 북구 고성동2가 112-64,고성동2가 112-64,고성동,5,35.8799844,128.5817546
2019,대구광역시 북구 고성동2가 117-7,고성동2가 117-7,고성동,1,35.8804365,128.5808239
2019,대구광역시 북구 고성동2가 118-2,고성동2가 118-2,고성동,2,35.880264,128.5806765
2019,대구광역시 북구 고성동2가 118-7,고성동2가 118-7,고성동,1,35.8801686,128.5806563
2019,대구광역시 북구 고성동2가 125-4,고성동2가 125-4,고성동,1,35.8792989,128.580633
2019,대구광역시 북구 고성동2가 129-1,고성동2가 129-1,고성동,1,35.879107,128.5807998
2019,대구광역시 북구 고성동2가 129-2,고성동2가 129-2,고성동,2,35.8789866,128.580772
2019,대구광역시 북구 고성동2가 130,고성동2가 130,고성동,21,35.879977,128.5841457
2019,대구광역시 북구 고성동2가 131-1,고성동2가 131-1,고성동,1,35.8804908,128.5825107
2019,대구광역시 북구 고성동2가 2-1,고성동2가 2-1,고성동,2,35.8795471,128.5886624
2019,대구광역시 북구 고성동2가 20-5,고성동2가 20-5,고성동,1,35.8795056,128.5873666
2019,대구광역시 북구 고성동2가 21-2,고성동2가 21-2,고성동,1,35.879393,128.5873615
2019,대구광역시 북구 고성동2가 36,고성동2가 36,고성동,1,35.8800171,128.5862603
2019,대구광역시 북구 고성동2가 4-1,고성동2가 4-1,고성동,1,35.8796996,128.5885002
2019,대구광역시 북구 고성동2가 49-2,고성동2가 49-2,고성동,1,35.8796176,128.5861468
2019,대구광역시 북구 고성동2가 50-1,고성동2가 50-1,고성동,1,35.879496,128.5861686
2019,대구광역시 북구 고성동2가 91-2,고성동2가 91-2,고성동,1,35.8798798,128.584351
2019,대구광역시 북구 고성동3가 1-1,고성동3가 1-1,고성동,2,35.8830609,128.5894377
2019,대구광역시 북구 고성동3가 102-1,고성동3가 102-1,고성동,1,35.8820123,128.582763
2019,대구광역시 북구 고성동3가 102-10,고성동3가 102-10,고성동,1,35.8817248,128.5825647
2019,대구광역시 북구 고성동3가 102-17,고성동3가 102-17,고성동,1,35.8814883,128.5824585
2019,대구광역시 북구 고성동3가 102-18,고성동3가 102-18,고성동,1,35.8814191,128.5824417
2019,대구광역시 북구 고성동3가 102-2,고성동3가 102-2,고성동,1,35.8819721,128.5826347
2019,대구광역시 북구 고성동3가 103,고성동3가 103,고성동,1,35.8817618,128.5818722
2019,대구광역시 북구 고성동3가 126-1,고성동3가 126-1,고성동,1,35.8836584,128.5819084
2019,대구광역시 북구 고성동3가 133-1,고성동3가 133-1,고성동,2,35.8831724,128.5817359
2019,대구광역시 북구 고성동3가 134,고성동3가 134,고성동,1,35.8830063,128.5815288
2019,대구광역시 북구 고성동3가 138,고성동3가 138,고성동,2,35.8826325,128.5815743
2019,대구광역시 북구 고성동3가 142,고성동3가 142,고성동,1,35.8815862,128.5811321
2019,대구광역시 북구 고성동3가 143,고성동3가 143,고성동,119,35.8824546,128.5826776
2019,대구광역시 북구 고성동3가 144,고성동3가 144,고성동,5,35.8827392,128.5832305
2019,대구광역시 북구 고성동3가 17,고성동3가 17,고성동,2,35.8838309,128.5865547
2019,대구광역시 북구 고성동3가 2,고성동3가 2,고성동,71,35.8816737,128.5874162
2019,대구광역시 북구 고성동3가 25-6,고성동3가 25-6,고성동,1,35.8840206,128.5854057
2019,대구광역시 북구 고성동3가 26-1,고성동3가 26-1,고성동,1,35.8838519,128.5854871
2019,대구광역시 북구 고성동3가 28-2,고성동3가 28-2,고성동,1,35.8842048,128.585306
2019,대구광역시 북구 고성동3가 36-1,고성동3가 36-1,고성동,1,35.8843036,128.5846391
2019,대구광역시 북구 고성동3가 37-2,고성동3가 37-2,고성동,1,35.8839962,128.5843408
2019,대구광역시 북구 고성동3가 38-3,고성동3가 38-3,고성동,1,35.8844307,128.5840956
2019,대구광역시 북구 고성동3가 38-4,고성동3가 38-4,고성동,2,35.8844587,128.5838402
2019,대구광역시 북구 고성동3가 39-2,고성동3가 39-2,고성동,6,35.8842091,128.5837708
2019,대구광역시 북구 고성동3가 40-5,고성동3가 40-5,고성동,1,35.8842953,128.5838657
2019,대구광역시 북구 고성동3가 41-1,고성동3가 41-1,고성동,1,35.8842842,128.5834939
2019,대구광역시 북구 고성동3가 41-2,고성동3가 41-2,고성동,1,35.8842557,128.5835968
2019,대구광역시 북구 고성동3가 41-5,고성동3가 41-5,고성동,1,35.8841858,128.5834646
2019,대구광역시 북구 고성동3가 42-1,고성동3가 42-1,고성동,10,35.8844541,128.5836598
2019,대구광역시 북구 고성동3가 5-139,고성동3가 5-139,고성동,2,35.8831704,128.584121
2019,대구광역시 북구 고성동3가 51-5,고성동3가 51-5,고성동,2,35.8840094,128.5833134
2019,대구광역시 북구 고성동3가 56-2,고성동3가 56-2,고성동,1,35.8835849,128.5833389
2019,대구광역시 북구 고성동3가 57,고성동3가 57,고성동,1,35.8835005,128.5831575
2019,대구광역시 북구 고성동3가 58-1,고성동3가 58-1,고성동,1,35.8836967,128.5829709
2019,대구광역시 북구 고성동3가 6-121,고성동3가 6-121,고성동,2,35.8809343,128.5850242
2019,대구광역시 북구 고성동3가 6-130,고성동3가 6-130,고성동,3,35.8808811,128.5848397
2019,대구광역시 북구 고성동3가 6-132,고성동3가 6-132,고성동,1,35.8807352,128.5847936
2019,대구광역시 북구 고성동3가 6-144,고성동3가 6-144,고성동,1,35.8807617,128.5845833
2019,대구광역시 북구 고성동3가 6-216,고성동3가 6-216,고성동,1,35.8819389,128.5833828
2019,대구광역시 북구 고성동3가 6-244,고성동3가 6-244,고성동,2,35.8807543,128.5849717
2019,대구광역시 북구 고성동3가 6-328,고성동3가 6-328,고성동,1,35.8812504,128.583607
2019,대구광역시 북구 고성동3가 6-346,고성동3가 6-346,고성동,1,35.880758,128.5845083
2019,대구광역시 북구 고성동3가 64-1,고성동3가 64-1,고성동,1,35.8833144,128.5832458
2019,대구광역시 북구 고성동3가 64-3,고성동3가 64-3,고성동,3,35.8832581,128.5831652
2019,대구광역시 북구 고성동3가 65-1,고성동3가 65-1,고성동,3,35.8831296,128.58317
2019,대구광역시 북구 고성동3가 65-2,고성동3가 65-2,고성동,4,35.8831655,128.5830473
2019,대구광역시 북구 고성동3가 66-3,고성동3가 66-3,고성동,4,35.8833104,128.5829033
2019,대구광역시 북구 고성동3가 66-4,고성동3가 66-4,고성동,3,35.8833166,128.5830315
2019,대구광역시 북구 고성동3가 67-2,고성동3가 67-2,고성동,2,35.8831785,128.5829002
2019,대구광역시 북구 고성동3가 71-1,고성동3가 71-1,고성동,1,35.8833393,128.5825067
2019,대구광역시 북구 고성동3가 72,고성동3가 72,고성동,2,35.8829132,128.5830731
2019,대구광역시 북구 고성동3가 73,고성동3가 73,고성동,9,35.8827851,128.5830366
2019,대구광역시 북구 고성동3가 74,고성동3가 74,고성동,3,35.8829479,128.5829203
2019,대구광역시 북구 고성동3가 75-1,고성동3가 75-1,고성동,1,35.8828547,128.5826896
2019,대구광역시 북구 고성동3가 75-5,고성동3가 75-5,고성동,2,35.882824,128.5828315
2019,대구광역시 북구 고성동3가 75-6,고성동3가 75-6,고성동,4,35.8828098,128.5829059
2019,대구광역시 북구 고성동3가 76,고성동3가 76,고성동,1,35.8829679,128.5828255
2019,대구광역시 북구 고성동3가 83,고성동3가 83,고성동,8,35.8826144,128.5829724
2019,대구광역시 북구 고성동3가 85,고성동3가 85,고성동,9,35.8826978,128.5825828
2019,대구광역시 북구 고성동3가 86,고성동3가 86,고성동,3,35.8825343,128.5827426
2019,대구광역시 북구 고성동3가 95-2,고성동3가 95-2,고성동,1,35.8821812,128.5828283
2019,대구광역시 북구 고성동3가 96-5,고성동3가 96-5,고성동,1,35.8823585,128.5826222
2019,대구광역시 북구 관음동 1080-17,관음동 1080-17,관음동,1,35.9427039,128.5459005
2019,대구광역시 북구 관음동 1080-18,관음동 1080-18,관음동,1,35.9428714,128.5456995
2019,대구광역시 북구 관음동 1083-12,관음동 1083-12,관음동,1,35.9419135,128.5459251
2019,대구광역시 북구 관음동 1084-28,관음동 1084-28,관음동,1,35.9400175,128.5421
2019,대구광역시 북구 관음동 1084-29,관음동 1084-29,관음동,1,35.9393672,128.541998
2019,대구광역시 북구 관음동 1084-31,관음동 1084-31,관음동,1,35.9431508,128.5452234
2019,대구광역시 북구 관음동 1106-3,관음동 1106-3,관음동,1,35.9431601,128.5452541
2019,대구광역시 북구 관음동 1107-1,관음동 1107-1,관음동,1,35.9430819,128.5454303
2019,대구광역시 북구 관음동 1229,관음동 1229,관음동,3,35.9456653,128.5436817
2019,대구광역시 북구 관음동 1230-3,관음동 1230-3,관음동,18,35.9430784,128.5422969
2019,대구광역시 북구 관음동 1230-5,관음동 1230-5,관음동,3,35.94234,128.5419374
2019,대구광역시 북구 관음동 1231,관음동 1231,관음동,109,35.9444607,128.5429544
2019,대구광역시 북구 관음동 1232,관음동 1232,관음동,12,35.9459396,128.5467799
2019,대구광역시 북구 관음동 1233,관음동 1233,관음동,4,35.9462059,128.5453371
2019,대구광역시 북구 관음동 1233-20,관음동 1233-20,관음동,1,35.9458388,128.5449568
2019,대구광역시 북구 관음동 1233-31,관음동 1233-31,관음동,1,35.9457241,128.5447652
2019,대구광역시 북구 관음동 1233-5,관음동 1233-5,관음동,1,35.9462348,128.5463095
2019,대구광역시 북구 관음동 1234,관음동 1234,관음동,1,35.9458504,128.5452619
2019,대구광역시 북구 관음동 1236,관음동 1236,관음동,6,35.9456788,128.5458296
2019,대구광역시 북구 관음동 1237,관음동 1237,관음동,1,35.9460133,128.546517
2019,대구광역시 북구 관음동 1237-10,관음동 1237-10,관음동,1,35.9452188,128.5473217
2019,대구광역시 북구 관음동 1237-11,관음동 1237-11,관음동,1,35.9451401,128.5471438
2019,대구광역시 북구 관음동 1237-14,관음동 1237-14,관음동,1,35.9453534,128.5468818
2019,대구광역시 북구 관음동 1237-15,관음동 1237-15,관음동,1,35.945432,128.546805
2019,대구광역시 북구 관음동 1238,관음동 1238,관음동,1,35.9454619,128.5465917
2019,대구광역시 북구 관음동 1239-13,관음동 1239-13,관음동,1,35.9453934,128.5456175
2019,대구광역시 북구 관음동 1241-1,관음동 1241-1,관음동,1,35.9452121,128.5455058
2019,대구광역시 북구 관음동 1241-11,관음동 1241-11,관음동,1,35.945288,128.5466023
2019,대구광역시 북구 관음동 1241-15,관음동 1241-15,관음동,1,35.9450523,128.5466245
2019,대구광역시 북구 관음동 1241-21,관음동 1241-21,관음동,1,35.9448747,128.5459125
2019,대구광역시 북구 관음동 1242,관음동 1242,관음동,23,35.9451769,128.5450673
2019,대구광역시 북구 관음동 1243,관음동 1243,관음동,12,35.9446877,128.5433702
2019,대구광역시 북구 관음동 1243-2,관음동 1243-2,관음동,2,35.9454503,128.5444321
2019,대구광역시 북구 관음동 1243-3,관음동 1243-3,관음동,3,35.9453811,128.544324
2019,대구광역시 북구 관음동 1243-5,관음동 1243-5,관음동,1,35.9452406,128.5441223
2019,대구광역시 북구 관음동 1245-18,관음동 1245-18,관음동,1,35.9437754,128.5436563
2019,대구광역시 북구 관음동 1245-32,관음동 1245-32,관음동,1,35.94501,128.5445285
2019,대구광역시 북구 관음동 1247,관음동 1247,관음동,1,35.9453639,128.5446723
2019,대구광역시 북구 관음동 1247-3,관음동 1247-3,관음동,1,35.9450863,128.5447286
2019,대구광역시 북구 관음동 1248,관음동 1248,관음동,15,35.9443479,128.5440662
2019,대구광역시 북구 관음동 1249-11,관음동 1249-11,관음동,2,35.9449349,128.5448794
2019,대구광역시 북구 관음동 1249-4,관음동 1249-4,관음동,1,35.944677,128.5453484
2019,대구광역시 북구 관음동 1251,관음동 1251,관음동,2,35.9446572,128.5446803
2019,대구광역시 북구 관음동 1252,관음동 1252,관음동,8,35.9447079,128.544948
2019,대구광역시 북구 관음동 1253-1,관음동 1253-1,관음동,2,35.9443709,128.5442077
2019,대구광역시 북구 관음동 1253-14,관음동 1253-14,관음동,1,35.9440688,128.5442375
2019,대구광역시 북구 관음동 1253-15,관음동 1253-15,관음동,3,35.9441901,128.5442798
2019,대구광역시 북구 관음동 1253-7,관음동 1253-7,관음동,5,35.9436811,128.5439322
2019,대구광역시 북구 관음동 1253-8,관음동 1253-8,관음동,1,35.9435658,128.5439006
2019,대구광역시 북구 관음동 1253-9,관음동 1253-9,관음동,3,35.9435287,128.544074
2019,대구광역시 북구 관음동 1254,관음동 1254,관음동,6,35.9439645,128.5443366
2019,대구광역시 북구 관음동 1255,관음동 1255,관음동,1,35.9444123,128.5445937
2019,대구광역시 북구 관음동 1255-1,관음동 1255-1,관음동,1,35.9443143,128.544563
2019,대구광역시 북구 관음동 1255-12,관음동 1255-12,관음동,1,35.943662,128.5445469
2019,대구광역시 북구 관음동 1255-17,관음동 1255-17,관음동,1,35.9441835,128.5446997
2019,대구광역시 북구 관음동 1255-19,관음동 1255-19,관음동,1,35.9443821,128.5447552
2019,대구광역시 북구 관음동 1255-4,관음동 1255-4,관음동,1,35.9440063,128.5444731
2019,대구광역시 북구 관음동 1256,관음동 1256,관음동,7,35.9438892,128.5447329
2019,대구광역시 북구 관음동 1257,관음동 1257,관음동,1,35.9444384,128.5450871
2019,대구광역시 북구 관음동 1257-1,관음동 1257-1,관음동,1,35.9443394,128.5449931
2019,대구광역시 북구 관음동 1257-11,관음동 1257-11,관음동,2,35.9433674,128.5448978
2019,대구광역시 북구 관음동 1257-2,관음동 1257-2,관음동,1,35.9442479,128.5449668
2019,대구광역시 북구 관음동 1258,관음동 1258,관음동,18,35.9434232,128.5441184
2019,대구광역시 북구 관음동 1260,관음동 1260,관음동,7,35.9428248,128.5427815
2019,대구광역시 북구 관음동 1260-1,관음동 1260-1,관음동,1,35.943553,128.5430888
2019,대구광역시 북구 관음동 1263,관음동 1263,관음동,1,35.9428571,128.5435452
2019,대구광역시 북구 관음동 1264-22,관음동 1264-22,관음동,2,35.9433432,128.5440161
2019,대구광역시 북구 관음동 1265,관음동 1265,관음동,4,35.9427468,128.5439766
2019,대구광역시 북구 관음동 1267,관음동 1267,관음동,3,35.9426545,128.5443714
2019,대구광역시 북구 관음동 1268-6,관음동 1268-6,관음동,1,35.94258,128.544476
2019,대구광역시 북구 관음동 1268-9,관음동 1268-9,관음동,1,35.942265,128.5443842
2019,대구광역시 북구 관음동 1271-10,관음동 1271-10,관음동,1,35.9419756,128.5431145
2019,대구광역시 북구 관음동 1272,관음동 1272,관음동,1,35.9418922,128.5437215
2019,대구광역시 북구 관음동 1273-6,관음동 1273-6,관음동,2,35.9416068,128.5443966
2019,대구광역시 북구 관음동 1274,관음동 1274,관음동,69,35.9433157,128.5450643
2019,대구광역시 북구 관음동 1275-11,관음동 1275-11,관음동,1,35.9446944,128.5464504
2019,대구광역시 북구 관음동 1275-5,관음동 1275-5,관음동,2,35.9444185,128.5457162
2019,대구광역시 북구 관음동 1276,관음동 1276,관음동,1,35.9441849,128.5458742
2019,대구광역시 북구 관음동 128-1,관음동 128-1,관음동,2,35.9473277,128.5433928
2019,대구광역시 북구 관음동 1282,관음동 1282,관음동,1,35.9436072,128.5458943
2019,대구광역시 북구 관음동 1284,관음동 1284,관음동,1,35.9448997,128.5472353
2019,대구광역시 북구 관음동 1284-10,관음동 1284-10,관음동,4,35.9442443,128.5473327
2019,대구광역시 북구 관음동 1284-3,관음동 1284-3,관음동,1,35.9444412,128.5471961
2019,대구광역시 북구 관음동 1284-6,관음동 1284-6,관음동,1,35.944435,128.5473883
2019,대구광역시 북구 관음동 1284-9,관음동 1284-9,관음동,7,35.9449181,128.5474255
2019,대구광역시 북구 관음동 1286-14,관음동 1286-14,관음동,2,35.9440478,128.5473623
2019,대구광역시 북구 관음동 1286-6,관음동 1286-6,관음동,1,35.9433726,128.5470975
2019,대구광역시 북구 관음동 1286-8,관음동 1286-8,관음동,1,35.9433663,128.5473533
2019,대구광역시 북구 관음동 1287,관음동 1287,관음동,17,35.944158,128.547499
2019,대구광역시 북구 관음동 1288,관음동 1288,관음동,1,35.9432418,128.5472355
2019,대구광역시 북구 관음동 1289,관음동 1289,관음동,12,35.9422653,128.547383
2019,대구광역시 북구 관음동 1290,관음동 1290,관음동,1,35.9429976,128.5471926
2019,대구광역시 북구 관음동 1292-11,관음동 1292-11,관음동,1,35.9414473,128.5464951
2019,대구광역시 북구 관음동 1292-16,관음동 1292-16,관음동,2,35.9414146,128.5472095
2019,대구광역시 북구 관음동 1292-20,관음동 1292-20,관음동,1,35.9417762,128.5472215
2019,대구광역시 북구 관음동 1292-24,관음동 1292-24,관음동,1,35.9421978,128.547258
2019,대구광역시 북구 관음동 1294-6,관음동 1294-6,관음동,1,35.9421595,128.5465923
2019,대구광역시 북구 관음동 1295,관음동 1295,관음동,2,35.9422906,128.5464619
2019,대구광역시 북구 관음동 1296-1,관음동 1296-1,관음동,1,35.941519,128.5454973
2019,대구광역시 북구 관음동 1300-4,관음동 1300-4,관음동,1,35.9421714,128.5450478
2019,대구광역시 북구 관음동 1302,관음동 1302,관음동,34,35.9416563,128.5436637
2019,대구광역시 북구 관음동 1304,관음동 1304,관음동,2,35.9406615,128.5430349
2019,대구광역시 북구 관음동 1305-10,관음동 1305-10,관음동,4,35.9413241,128.5443298
2019,대구광역시 북구 관음동 1305-12,관음동 1305-12,관음동,1,35.9412225,128.5441744
2019,대구광역시 북구 관음동 1305-5,관음동 1305-5,관음동,1,35.941496,128.5437542
2019,대구광역시 북구 관음동 1311-17,관음동 1311-17,관음동,1,35.9399458,128.5426248
2019,대구광역시 북구 관음동 1313-11,관음동 1313-11,관음동,1,35.9395615,128.5437954
2019,대구광역시 북구 관음동 1314,관음동 1314,관음동,2,35.9398191,128.5439253
2019,대구광역시 북구 관음동 1315-12,관음동 1315-12,관음동,1,35.9400153,128.5442503
2019,대구광역시 북구 관음동 1315-5,관음동 1315-5,관음동,1,35.9396052,128.5440378
2019,대구광역시 북구 관음동 1315-7,관음동 1315-7,관음동,18,35.939491,128.5442208
2019,대구광역시 북구 관음동 1316,관음동 1316,관음동,4,35.939426,128.5441229
2019,대구광역시 북구 관음동 1317,관음동 1317,관음동,1,35.9393529,128.5421138
2019,대구광역시 북구 관음동 1317-12,관음동 1317-12,관음동,1,35.9392742,128.5422119
2019,대구광역시 북구 관음동 1319-10,관음동 1319-10,관음동,1,35.939165,128.5441965
2019,대구광역시 북구 관음동 1320,관음동 1320,관음동,15,35.9390854,128.5431504
2019,대구광역시 북구 관음동 1321,관음동 1321,관음동,9,35.9377951,128.5423664
2019,대구광역시 북구 관음동 1322,관음동 1322,관음동,1,35.9381848,128.5429619
2019,대구광역시 북구 관음동 1323,관음동 1323,관음동,2,35.9389332,128.5430994
2019,대구광역시 북구 관음동 1323-10,관음동 1323-10,관음동,1,35.9387524,128.544195
2019,대구광역시 북구 관음동 1323-9,관음동 1323-9,관음동,3,35.9388817,128.544213
2019,대구광역시 북구 관음동 1327,관음동 1327,관음동,2,35.9367785,128.5436134
2019,대구광역시 북구 관음동 1328,관음동 1328,관음동,46,35.939064,128.5444115
2019,대구광역시 북구 관음동 1329,관음동 1329,관음동,5,35.9412519,128.5446366
2019,대구광역시 북구 관음동 1330-4,관음동 1330-4,관음동,2,35.9402572,128.5446263
2019,대구광역시 북구 관음동 1331,관음동 1331,관음동,3,35.939801,128.5448916
2019,대구광역시 북구 관음동 1332-3,관음동 1332-3,관음동,1,35.9398086,128.5445916
2019,대구광역시 북구 관음동 1332-4,관음동 1332-4,관음동,1,35.9397101,128.544586
2019,대구광역시 북구 관음동 1332-5,관음동 1332-5,관음동,1,35.9396061,128.54458
2019,대구광역시 북구 관음동 1335,관음동 1335,관음동,1,35.9393175,128.5445437
2019,대구광역시 북구 관음동 1336,관음동 1336,관음동,2,35.9398841,128.5456921
2019,대구광역시 북구 관음동 1337,관음동 1337,관음동,1,35.940785,128.5453365
2019,대구광역시 북구 관음동 1338-5,관음동 1338-5,관음동,5,35.9405899,128.5456493
2019,대구광역시 북구 관음동 1339,관음동 1339,관음동,19,35.9401028,128.5457803
2019,대구광역시 북구 관음동 1340,관음동 1340,관음동,6,35.9408812,128.5465686
2019,대구광역시 북구 관음동 1340-1,관음동 1340-1,관음동,7,35.9400982,128.5465173
2019,대구광역시 북구 관음동 1340-2,관음동 1340-2,관음동,1,35.9396777,128.5464909
2019,대구광역시 북구 관음동 1340-22,관음동 1340-22,관음동,3,35.9393345,128.5464684
2019,대구광역시 북구 관음동 1340-35,관음동 1340-35,관음동,1,35.9390704,128.546797
2019,대구광역시 북구 관음동 1341,관음동 1341,관음동,4,35.9401001,128.54725
2019,대구광역시 북구 관음동 1342,관음동 1342,관음동,11,35.9389702,128.545826
2019,대구광역시 북구 관음동 1343,관음동 1343,관음동,3,35.9389004,128.5445643
2019,대구광역시 북구 관음동 1345-10,관음동 1345-10,관음동,1,35.9387911,128.5470408
2019,대구광역시 북구 관음동 1345-17,관음동 1345-17,관음동,1,35.9386332,128.5463923
2019,대구광역시 북구 관음동 1346,관음동 1346,관음동,4,35.9385487,128.5457842
2019,대구광역시 북구 관음동 1350,관음동 1350,관음동,12,35.9375766,128.5460103
2019,대구광역시 북구 관음동 1355-9,관음동 1355-9,관음동,2,35.937458,128.5469682
2019,대구광역시 북구 관음동 1360-15,관음동 1360-15,관음동,1,35.9367438,128.5458621
2019,대구광역시 북구 관음동 1360-25,관음동 1360-25,관음동,4,35.9368296,128.5445462
2019,대구광역시 북구 관음동 1361,관음동 1361,관음동,3,35.937368,128.54654
2019,대구광역시 북구 관음동 1364-12,관음동 1364-12,관음동,1,35.9366926,128.5461862
2019,대구광역시 북구 관음동 1364-18,관음동 1364-18,관음동,2,35.9366488,128.5468967
2019,대구광역시 북구 관음동 1364-19,관음동 1364-19,관음동,1,35.9367668,128.5469042
2019,대구광역시 북구 관음동 1364-5,관음동 1364-5,관음동,1,35.9367384,128.5467676
2019,대구광역시 북구 관음동 1365,관음동 1365,관음동,13,35.9376602,128.5470917
2019,대구광역시 북구 관음동 1366,관음동 1366,관음동,88,35.9366564,128.5442914
2019,대구광역시 북구 관음동 1367-1,관음동 1367-1,관음동,3,35.9369944,128.5411204
2019,대구광역시 북구 관음동 1368,관음동 1368,관음동,54,35.9365976,128.541312
2019,대구광역시 북구 관음동 1369,관음동 1369,관음동,3,35.9352441,128.5403362
2019,대구광역시 북구 관음동 1369-2,관음동 1369-2,관음동,3,35.9350417,128.5407269
2019,대구광역시 북구 관음동 1370,관음동 1370,관음동,53,35.9354907,128.5431289
2019,대구광역시 북구 관음동 1370-1,관음동 1370-1,관음동,10,35.934729,128.5419587
2019,대구광역시 북구 관음동 1371,관음동 1371,관음동,10,35.9352654,128.5444023
2019,대구광역시 북구 관음동 1372,관음동 1372,관음동,24,35.9352381,128.5462198
2019,대구광역시 북구 관음동 1372-1,관음동 1372-1,관음동,6,35.933709,128.5468818
2019,대구광역시 북구 관음동 1372-2,관음동 1372-2,관음동,78,35.9334225,128.5473968
2019,대구광역시 북구 관음동 1373,관음동 1373,관음동,7,35.9342516,128.5457551
2019,대구광역시 북구 관음동 1375,관음동 1375,관음동,17,35.9335095,128.5460764
2019,대구광역시 북구 관음동 1376,관음동 1376,관음동,91,35.9346579,128.5480371
2019,대구광역시 북구 관음동 1377,관음동 1377,관음동,6,35.9347733,128.5483459
2019,대구광역시 북구 관음동 1378,관음동 1378,관음동,3,35.9346372,128.5483256
2019,대구광역시 북구 관음동 1378-13,관음동 1378-13,관음동,1,35.9343924,128.5481497
2019,대구광역시 북구 관음동 1378-5,관음동 1378-5,관음동,20,35.9336614,128.5482914
2019,대구광역시 북구 관음동 1378-6,관음동 1378-6,관음동,84,35.9338556,128.5481823
2019,대구광역시 북구 관음동 1378-7,관음동 1378-7,관음동,11,35.9332473,128.5480989
2019,대구광역시 북구 관음동 1378-8,관음동 1378-8,관음동,8,35.9336624,128.5480372
2019,대구광역시 북구 관음동 1379,관음동 1379,관음동,28,35.9337851,128.548513
2019,대구광역시 북구 관음동 1381,관음동 1381,관음동,3,35.9408075,128.5486184
2019,대구광역시 북구 관음동 1383-1,관음동 1383-1,관음동,14,35.9396398,128.5484609
2019,대구광역시 북구 관음동 1383-15,관음동 1383-15,관음동,2,35.9386466,128.5492182
2019,대구광역시 북구 관음동 1383-2,관음동 1383-2,관음동,3,35.9395378,128.5473696
2019,대구광역시 북구 관음동 1383-3,관음동 1383-3,관음동,2,35.9395428,128.5493652
2019,대구광역시 북구 관음동 1384,관음동 1384,관음동,1,35.9401022,128.5473188
2019,대구광역시 북구 관음동 1385,관음동 1385,관음동,9,35.9386272,128.5482326
2019,대구광역시 북구 관음동 1386,관음동 1386,관음동,10,35.9378606,128.5480304
2019,대구광역시 북구 관음동 1386-1,관음동 1386-1,관음동,36,35.9376166,128.5472455
2019,대구광역시 북구 관음동 1386-14,관음동 1386-14,관음동,1,35.9367767,128.5487768
2019,대구광역시 북구 관음동 1386-16,관음동 1386-16,관음동,2,35.936361,128.5487103
2019,대구광역시 북구 관음동 1386-2,관음동 1386-2,관음동,9,35.9367287,128.547912
2019,대구광역시 북구 관음동 1386-3,관음동 1386-3,관음동,8,35.9363419,128.5478668
2019,대구광역시 북구 관음동 1386-4,관음동 1386-4,관음동,1,35.9373065,128.5487268
2019,대구광역시 북구 관음동 1386-7,관음동 1386-7,관음동,1,35.9377706,128.5489371
2019,대구광역시 북구 관음동 1387,관음동 1387,관음동,25,35.9376463,128.5471604
2019,대구광역시 북구 관음동 1388,관음동 1388,관음동,64,35.9362665,128.5479215
2019,대구광역시 북구 관음동 1389,관음동 1389,관음동,55,35.9355386,128.5475627
2019,대구광역시 북구 관음동 1400,관음동 1400,관음동,12,35.9359626,128.5477574
2019,대구광역시 북구 관음동 1400-1,관음동 1400-1,관음동,16,35.935967,128.5473314
2019,대구광역시 북구 관음동 1400-2,관음동 1400-2,관음동,19,35.9354092,128.5478776
2019,대구광역시 북구 관음동 1401,관음동 1401,관음동,42,35.9355546,128.5481798
2019,대구광역시 북구 관음동 1402,관음동 1402,관음동,6,35.9360137,128.5485464
2019,대구광역시 북구 관음동 1402-6,관음동 1402-6,관음동,3,35.9349686,128.5483789
2019,대구광역시 북구 관음동 1402-7,관음동 1402-7,관음동,3,35.9355726,128.5484555
2019,대구광역시 북구 관음동 1403,관음동 1403,관음동,11,35.9348325,128.5483556
2019,대구광역시 북구 관음동 1404-2,관음동 1404-2,관음동,1,35.9407132,128.5476245
2019,대구광역시 북구 관음동 151-5,관음동 151-5,관음동,1,35.9461767,128.5444611
2019,대구광역시 북구 관음동 193,관음동 193,관음동,1,35.9435265,128.5454272
2019,대구광역시 북구 관음동 193-3,관음동 193-3,관음동,2,35.9437146,128.5453578
2019,대구광역시 북구 관음동 200,관음동 200,관음동,1,35.943835,128.5453532
2019,대구광역시 북구 관음동 206-1,관음동 206-1,관음동,2,35.9431291,128.5451763
2019,대구광역시 북구 관음동 206-4,관음동 206-4,관음동,3,35.9431752,128.5451531
2019,대구광역시 북구 관음동 208,관음동 208,관음동,3,35.9430023,128.5451884
2019,대구광역시 북구 관음동 211-4,관음동 211-4,관음동,1,35.943065,128.5453568
2019,대구광역시 북구 관음동 212,관음동 212,관음동,1,35.9428977,128.5455137
2019,대구광역시 북구 관음동 212-9,관음동 212-9,관음동,6,35.9430165,128.5454996
2019,대구광역시 북구 관음동 217-5,관음동 217-5,관음동,3,35.942649,128.5455982
2019,대구광역시 북구 관음동 218-10,관음동 218-10,관음동,1,35.9425565,128.5456618
2019,대구광역시 북구 관음동 218-12,관음동 218-12,관음동,2,35.9422145,128.5455264
2019,대구광역시 북구 관음동 218-9,관음동 218-9,관음동,5,35.9418433,128.5454468
2019,대구광역시 북구 관음동 219-2,관음동 219-2,관음동,2,35.9425794,128.5458077
2019,대구광역시 북구 관음동 292-7,관음동 292-7,관음동,1,35.9418595,128.546165
2019,대구광역시 북구 관음동 295,관음동 295,관음동,1,35.9416697,128.5456278
2019,대구광역시 북구 관음동 296-1,관음동 296-1,관음동,1,35.9416945,128.5454709
2019,대구광역시 북구 관음동 300,관음동 300,관음동,1,35.9415259,128.5449051
2019,대구광역시 북구 관음동 302-2,관음동 302-2,관음동,1,35.9415665,128.5446653
2019,대구광역시 북구 관음동 305,관음동 305,관음동,1,35.9418378,128.5447757
2019,대구광역시 북구 관음동 350-1,관음동 350-1,관음동,7,35.9418753,128.5422923
2019,대구광역시 북구 관음동 351-5,관음동 351-5,관음동,2,35.9415408,128.5421213
2019,대구광역시 북구 관음동 351-9,관음동 351-9,관음동,16,35.9399916,128.5416154
2019,대구광역시 북구 관음동 415-1,관음동 415-1,관음동,1,35.9401412,128.5421633
2019,대구광역시 북구 관음동 417-1,관음동 417-1,관음동,2,35.9398417,128.5419439
2019,대구광역시 북구 관음동 418,관음동 418,관음동,1,35.9396071,128.541818
2019,대구광역시 북구 관음동 448-1,관음동 448-1,관음동,1,35.940818,128.5449018
2019,대구광역시 북구 관음동 455-2,관음동 455-2,관음동,1,35.9401135,128.5454221
2019,대구광역시 북구 관음동 464-4,관음동 464-4,관음동,1,35.9396826,128.5456482
2019,대구광역시 북구 관음동 465-2,관음동 465-2,관음동,1,35.9394875,128.5454903
2019,대구광역시 북구 관음동 478,관음동 478,관음동,1,35.9378108,128.5451762
2019,대구광역시 북구 관음동 599-8,관음동 599-8,관음동,1,35.9374527,128.5437462
2019,대구광역시 북구 관음동 600-2,관음동 600-2,관음동,2,35.9375895,128.5445487
2019,대구광역시 북구 관음동 603,관음동 603,관음동,1,35.9370969,128.5437031
2019,대구광역시 북구 관음동 764-1,관음동 764-1,관음동,1,35.9342128,128.5399817
2019,대구광역시 북구 관음동 809-3,관음동 809-3,관음동,3,35.9361852,128.5410483
2019,대구광역시 북구 관음동 809-4,관음동 809-4,관음동,11,35.9360321,128.5409507
2019,대구광역시 북구 관음동 809-7,관음동 809-7,관음동,2,35.9361403,128.5408683
2019,대구광역시 북구 관음동 809-9,관음동 809-9,관음동,2,35.9359227,128.5408483
2019,대구광역시 북구 관음동 810,관음동 810,관음동,1,35.9366193,128.5408484
2019,대구광역시 북구 관음동 810-2,관음동 810-2,관음동,1,35.9362226,128.5412278
2019,대구광역시 북구 관음동 810-3,관음동 810-3,관음동,2,35.9364576,128.5410417
2019,대구광역시 북구 관음동 838-1,관음동 838-1,관음동,1,35.9381514,128.5412393
2019,대구광역시 북구 관음동 838-2,관음동 838-2,관음동,5,35.938845,128.5415255
2019,대구광역시 북구 관음동 899-1,관음동 899-1,관음동,1,35.9347106,128.53848
2019,대구광역시 북구 관음동 901-3,관음동 901-3,관음동,2,35.9343702,128.5381985
2019,대구광역시 북구 관음동 902,관음동 902,관음동,1,35.9340285,128.5397232
2019,대구광역시 북구 관음동 산 27-1,관음동 산 27-1,관음동,1,35.9464625,128.538755
2019,대구광역시 북구 관음동 산 72,관음동 산 72,관음동,1,35.9387385,128.5410447
2019,대구광역시 북구 관음동 산 72-4,관음동 산 72-4,관음동,1,35.9386006,128.5415418
2019,대구광역시 북구 관음동 산 72-5,관음동 산 72-5,관음동,2,35.9383325,128.5414912
2019,대구광역시 북구 관음동 산 84-1,관음동 산 84-1,관음동,1,35.9355333,128.540247
2019,대구광역시 북구 관음동 산 91-1,관음동 산 91-1,관음동,1,35.9340586,128.5389332
2019,대구광역시 북구 구암동 397,구암동 397,구암동,1,35.9318579,128.5665245
2019,대구광역시 북구 구암동 415-1,구암동 415-1,구암동,1,35.9312852,128.5637702
2019,대구광역시 북구 구암동 449-1,구암동 449-1,구암동,1,35.9309447,128.5629301
2019,대구광역시 북구 구암동 466,구암동 466,구암동,1,35.9304464,128.5628596
2019,대구광역시 북구 구암동 474,구암동 474,구암동,2,35.930277,128.5625846
2019,대구광역시 북구 구암동 482-42,구암동 482-42,구암동,2,35.9304629,128.5621956
2019,대구광역시 북구 구암동 482-61,구암동 482-61,구암동,1,35.9305056,128.5626159
2019,대구광역시 북구 구암동 482-81,구암동 482-81,구암동,1,35.9306273,128.5626626
2019,대구광역시 북구 구암동 488-3,구암동 488-3,구암동,4,35.928061,128.5605807
2019,대구광역시 북구 구암동 488-6,구암동 488-6,구암동,1,35.9278827,128.5611727
2019,대구광역시 북구 구암동 501,구암동 501,구암동,2,35.9295672,128.5622284
2019,대구광역시 북구 구암동 503-3,구암동 503-3,구암동,1,35.9274055,128.5604944
2019,대구광역시 북구 구암동 524-3,구암동 524-3,구암동,1,35.9267683,128.559699
2019,대구광역시 북구 구암동 606,구암동 606,구암동,1,35.9243639,128.5520068
2019,대구광역시 북구 구암동 615-9,구암동 615-9,구암동,1,35.9316628,128.5662076
2019,대구광역시 북구 구암동 637,구암동 637,구암동,3,35.9306424,128.5631436
2019,대구광역시 북구 구암동 639,구암동 639,구암동,1,35.9300857,128.5626185
2019,대구광역시 북구 구암동 640-1,구암동 640-1,구암동,1,35.9301775,128.5623195
2019,대구광역시 북구 구암동 643-2,구암동 643-2,구암동,1,35.9270586,128.5603469
2019,대구광역시 북구 구암동 648,구암동 648,구암동,3,35.9316485,128.5552612
2019,대구광역시 북구 구암동 648-1,구암동 648-1,구암동,2,35.9315744,128.5553181
2019,대구광역시 북구 구암동 650,구암동 650,구암동,1,35.9314926,128.5568301
2019,대구광역시 북구 구암동 651,구암동 651,구암동,7,35.9312882,128.5576566
2019,대구광역시 북구 구암동 653-4,구암동 653-4,구암동,1,35.9312695,128.556415
2019,대구광역시 북구 구암동 654-1,구암동 654-1,구암동,2,35.9314004,128.555307
2019,대구광역시 북구 구암동 655,구암동 655,구암동,19,35.930313,128.5550641
2019,대구광역시 북구 구암동 655-1,구암동 655-1,구암동,4,35.9305674,128.5567604
2019,대구광역시 북구 구암동 655-2,구암동 655-2,구암동,4,35.9307413,128.5576095
2019,대구광역시 북구 구암동 655-4,구암동 655-4,구암동,11,35.9289467,128.5547629
2019,대구광역시 북구 구암동 656-11,구암동 656-11,구암동,2,35.9281566,128.5529319
2019,대구광역시 북구 구암동 658-14,구암동 658-14,구암동,1,35.9274304,128.5537899
2019,대구광역시 북구 구암동 659-5,구암동 659-5,구암동,1,35.9275847,128.5535831
2019,대구광역시 북구 구암동 662,구암동 662,구암동,1,35.9270244,128.5527673
2019,대구광역시 북구 구암동 663-5,구암동 663-5,구암동,1,35.9271115,128.5520219
2019,대구광역시 북구 구암동 666-8,구암동 666-8,구암동,1,35.9257396,128.5508306
2019,대구광역시 북구 구암동 667-4,구암동 667-4,구암동,1,35.926395,128.5525047
2019,대구광역시 북구 구암동 668-6,구암동 668-6,구암동,3,35.9260683,128.5524652
2019,대구광역시 북구 구암동 668-9,구암동 668-9,구암동,1,35.9259579,128.5521521
2019,대구광역시 북구 구암동 670-11,구암동 670-11,구암동,2,35.9254331,128.5506824
2019,대구광역시 북구 구암동 670-6,구암동 670-6,구암동,3,35.925361,128.5513811
2019,대구광역시 북구 구암동 671-12,구암동 671-12,구암동,1,35.9254194,128.5514931
2019,대구광역시 북구 구암동 671-5,구암동 671-5,구암동,1,35.925398,128.5523568
2019,대구광역시 북구 구암동 672,구암동 672,구암동,2,35.9257602,128.5531899
2019,대구광역시 북구 구암동 673,구암동 673,구암동,1,35.9262583,128.5540707
2019,대구광역시 북구 구암동 675-5,구암동 675-5,구암동,4,35.9251177,128.5552444
2019,대구광역시 북구 구암동 675-6,구암동 675-6,구암동,1,35.9250276,128.5549034
2019,대구광역시 북구 구암동 678-12,구암동 678-12,구암동,2,35.9264133,128.5549161
2019,대구광역시 북구 구암동 678-9,구암동 678-9,구암동,1,35.9262086,128.5544755
2019,대구광역시 북구 구암동 681-7,구암동 681-7,구암동,1,35.9253535,128.5554393
2019,대구광역시 북구 구암동 687,구암동 687,구암동,1,35.9280203,128.5543199
2019,대구광역시 북구 구암동 688-7,구암동 688-7,구암동,1,35.9273574,128.5556996
2019,대구광역시 북구 구암동 690-9,구암동 690-9,구암동,1,35.9274709,128.5547628
2019,대구광역시 북구 구암동 692-13,구암동 692-13,구암동,1,35.9270729,128.5553222
2019,대구광역시 북구 구암동 692-8,구암동 692-8,구암동,1,35.9266386,128.5547657
2019,대구광역시 북구 구암동 693-2,구암동 693-2,구암동,3,35.9264849,128.5541496
2019,대구광역시 북구 구암동 694,구암동 694,구암동,6,35.9284519,128.5568473
2019,대구광역시 북구 구암동 694-3,구암동 694-3,구암동,2,35.9277533,128.5586746
2019,대구광역시 북구 구암동 695,구암동 695,구암동,2,35.9306191,128.5588718
2019,대구광역시 북구 구암동 695-1,구암동 695-1,구암동,9,35.9303137,128.5601826
2019,대구광역시 북구 구암동 695-2,구암동 695-2,구암동,4,35.9295394,128.5582108
2019,대구광역시 북구 구암동 695-3,구암동 695-3,구암동,4,35.9289796,128.5592474
2019,대구광역시 북구 구암동 695-4,구암동 695-4,구암동,2,35.9284487,128.558612
2019,대구광역시 북구 구암동 695-5,구암동 695-5,구암동,3,35.9285701,128.5597638
2019,대구광역시 북구 구암동 695-6,구암동 695-6,구암동,1,35.9290801,128.5603223
2019,대구광역시 북구 구암동 695-7,구암동 695-7,구암동,2,35.9302818,128.5609831
2019,대구광역시 북구 구암동 695-9,구암동 695-9,구암동,1,35.9301259,128.5581781
2019,대구광역시 북구 구암동 696,구암동 696,구암동,1,35.9275022,128.5591554
2019,대구광역시 북구 구암동 697,구암동 697,구암동,1,35.9275828,128.5595587
2019,대구광역시 북구 구암동 697-9,구암동 697-9,구암동,1,35.9275247,128.5596343
2019,대구광역시 북구 구암동 710,구암동 710,구암동,2,35.9247231,128.555526
2019,대구광역시 북구 구암동 711,구암동 711,구암동,9,35.9313747,128.5564208
2019,대구광역시 북구 구암동 712,구암동 712,구암동,12,35.9311212,128.5564091
2019,대구광역시 북구 구암동 713,구암동 713,구암동,27,35.9297468,128.55751
2019,대구광역시 북구 구암동 714,구암동 714,구암동,34,35.9274158,128.5560972
2019,대구광역시 북구 구암동 715,구암동 715,구암동,6,35.9291498,128.5531534
2019,대구광역시 북구 구암동 716,구암동 716,구암동,57,35.9285125,128.55277
2019,대구광역시 북구 구암동 717,구암동 717,구암동,1,35.9275544,128.5529715
2019,대구광역시 북구 구암동 719,구암동 719,구암동,1,35.9274341,128.5540966
2019,대구광역시 북구 구암동 720,구암동 720,구암동,3,35.9275125,128.5553425
2019,대구광역시 북구 구암동 727,구암동 727,구암동,14,35.9265061,128.5526664
2019,대구광역시 북구 구암동 729,구암동 729,구암동,8,35.9262087,128.5520832
2019,대구광역시 북구 구암동 730,구암동 730,구암동,1,35.9258832,128.5519336
2019,대구광역시 북구 구암동 731,구암동 731,구암동,1,35.9255821,128.5515744
2019,대구광역시 북구 구암동 732,구암동 732,구암동,11,35.9258209,128.5525455
2019,대구광역시 북구 구암동 733,구암동 733,구암동,8,35.9258843,128.5538734
2019,대구광역시 북구 구암동 734,구암동 734,구암동,15,35.9267479,128.5550451
2019,대구광역시 북구 구암동 735,구암동 735,구암동,1,35.926827,128.556143
2019,대구광역시 북구 구암동 747,구암동 747,구암동,47,35.9250577,128.5525728
2019,대구광역시 북구 구암동 753,구암동 753,구암동,1,35.9259826,128.5576646
2019,대구광역시 북구 구암동 759,구암동 759,구암동,2,35.9267027,128.5585373
2019,대구광역시 북구 구암동 760,구암동 760,구암동,6,35.9273668,128.5596147
2019,대구광역시 북구 구암동 761,구암동 761,구암동,1,35.9274437,128.5592494
2019,대구광역시 북구 구암동 761-1,구암동 761-1,구암동,22,35.9279995,128.5594431
2019,대구광역시 북구 구암동 761-2,구암동 761-2,구암동,34,35.9315686,128.5580156
2019,대구광역시 북구 구암동 761-3,구암동 761-3,구암동,1,35.9318245,128.5549722
2019,대구광역시 북구 구암동 762-1,구암동 762-1,구암동,11,35.9282274,128.5520164
2019,대구광역시 북구 구암동 763-2,구암동 763-2,구암동,14,35.9303434,128.5534959
2019,대구광역시 북구 구암동 765-1,구암동 765-1,구암동,11,35.9436969,128.5646145
2019,대구광역시 북구 구암동 765-2,구암동 765-2,구암동,1,35.9437406,128.5642596
2019,대구광역시 북구 구암동 765-3,구암동 765-3,구암동,3,35.9434502,128.5641538
2019,대구광역시 북구 구암동 765-4,구암동 765-4,구암동,3,35.9432165,128.564101
2019,대구광역시 북구 구암동 765-5,구암동 765-5,구암동,7,35.9429785,128.564046
2019,대구광역시 북구 구암동 765-6,구암동 765-6,구암동,3,35.9428138,128.5640139
2019,대구광역시 북구 구암동 766,구암동 766,구암동,33,35.9426619,128.5639853
2019,대구광역시 북구 구암동 767-1,구암동 767-1,구암동,5,35.9432472,128.5645529
2019,대구광역시 북구 구암동 767-2,구암동 767-2,구암동,7,35.9429507,128.5644969
2019,대구광역시 북구 구암동 767-3,구암동 767-3,구암동,14,35.9427557,128.5644604
2019,대구광역시 북구 구암동 768,구암동 768,구암동,16,35.9426055,128.5644303
2019,대구광역시 북구 구암동 769-1,구암동 769-1,구암동,28,35.9421718,128.5638926
2019,대구광역시 북구 구암동 769-3,구암동 769-3,구암동,3,35.9417789,128.5638259
2019,대구광역시 북구 구암동 769-4,구암동 769-4,구암동,4,35.9416892,128.5641899
2019,대구광역시 북구 구암동 770-1,구암동 770-1,구암동,5,35.9422361,128.5643617
2019,대구광역시 북구 구암동 770-2,구암동 770-2,구암동,6,35.9420201,128.5643243
2019,대구광역시 북구 구암동 771-1,구암동 771-1,구암동,7,35.9434078,128.5656417
2019,대구광역시 북구 구암동 771-2,구암동 771-2,구암동,6,35.9422397,128.5654871
2019,대구광역시 북구 구암동 771-3,구암동 771-3,구암동,2,35.9415691,128.5656776
2019,대구광역시 북구 구암동 771-4,구암동 771-4,구암동,2,35.9417706,128.5649387
2019,대구광역시 북구 구암동 771-5,구암동 771-5,구암동,6,35.9428373,128.5655347
2019,대구광역시 북구 구암동 772,구암동 772,구암동,5,35.9423393,128.5670948
2019,대구광역시 북구 구암동 772-3,구암동 772-3,구암동,5,35.941215,128.5672408
2019,대구광역시 북구 구암동 773,구암동 773,구암동,21,35.9423214,128.5687266
2019,대구광역시 북구 구암동 773-1,구암동 773-1,구암동,4,35.942877,128.5703437
2019,대구광역시 북구 구암동 774-1,구암동 774-1,구암동,2,35.9429512,128.5709177
2019,대구광역시 북구 구암동 774-2,구암동 774-2,구암동,1,35.9429285,128.5710587
2019,대구광역시 북구 구암동 774-9,구암동 774-9,구암동,6,35.9428163,128.5719183
2019,대구광역시 북구 구암동 775-6,구암동 775-6,구암동,2,35.9424435,128.5704808
2019,대구광역시 북구 구암동 780-10,구암동 780-10,구암동,1,35.9420972,128.5700845
2019,대구광역시 북구 구암동 780-12,구암동 780-12,구암동,1,35.9422881,128.5703057
2019,대구광역시 북구 구암동 780-7,구암동 780-7,구암동,1,35.9418078,128.569756
2019,대구광역시 북구 구암동 781,구암동 781,구암동,9,35.9413729,128.5693663
2019,대구광역시 북구 구암동 783-4,구암동 783-4,구암동,1,35.9409467,128.5698604
2019,대구광역시 북구 구암동 783-7,구암동 783-7,구암동,1,35.940919,128.5700007
2019,대구광역시 북구 구암동 784-1,구암동 784-1,구암동,3,35.940965,128.568815
2019,대구광역시 북구 구암동 784-5,구암동 784-5,구암동,2,35.9405504,128.5694025
2019,대구광역시 북구 구암동 784-6,구암동 784-6,구암동,1,35.9404795,128.5695225
2019,대구광역시 북구 구암동 785,구암동 785,구암동,3,35.9397066,128.567541
2019,대구광역시 북구 구암동 785-1,구암동 785-1,구암동,3,35.9405451,128.5666613
2019,대구광역시 북구 구암동 785-2,구암동 785-2,구암동,2,35.9407339,128.5676775
2019,대구광역시 북구 구암동 785-3,구암동 785-3,구암동,1,35.9393738,128.5685362
2019,대구광역시 북구 구암동 785-4,구암동 785-4,구암동,7,35.9388345,128.5669015
2019,대구광역시 북구 구암동 786,구암동 786,구암동,3,35.940316,128.5646303
2019,대구광역시 북구 구암동 787-1,구암동 787-1,구암동,1,35.9387137,128.5649369
2019,대구광역시 북구 구암동 787-2,구암동 787-2,구암동,2,35.9381012,128.5648214
2019,대구광역시 북구 구암동 787-3,구암동 787-3,구암동,19,35.9373607,128.5642831
2019,대구광역시 북구 구암동 787-7,구암동 787-7,구암동,2,35.9377118,128.5628835
2019,대구광역시 북구 구암동 788,구암동 788,구암동,31,35.937607,128.5663702
2019,대구광역시 북구 구암동 788-1,구암동 788-1,구암동,1,35.9389191,128.5659684
2019,대구광역시 북구 구암동 788-2,구암동 788-2,구암동,15,35.9372805,128.5670981
2019,대구광역시 북구 구암동 789,구암동 789,구암동,3,35.9354432,128.5635202
2019,대구광역시 북구 구암동 789-1,구암동 789-1,구암동,7,35.9340912,128.5632495
2019,대구광역시 북구 구암동 789-2,구암동 789-2,구암동,12,35.9342238,128.5650869
2019,대구광역시 북구 구암동 789-4,구암동 789-4,구암동,2,35.9354955,128.5655481
2019,대구광역시 북구 구암동 789-5,구암동 789-5,구암동,9,35.9349615,128.5623662
2019,대구광역시 북구 구암동 789-6,구암동 789-6,구암동,11,35.9346436,128.5660138
2019,대구광역시 북구 구암동 790-7,구암동 790-7,구암동,1,35.9328769,128.5620036
2019,대구광역시 북구 구암동 791-6,구암동 791-6,구암동,1,35.9317323,128.5618864
2019,대구광역시 북구 구암동 791-8,구암동 791-8,구암동,1,35.9320067,128.5618409
2019,대구광역시 북구 구암동 792-10,구암동 792-10,구암동,2,35.93178,128.5632078
2019,대구광역시 북구 구암동 792-18,구암동 792-18,구암동,1,35.9316202,128.5620655
2019,대구광역시 북구 구암동 792-9,구암동 792-9,구암동,1,35.9319216,128.5632186
2019,대구광역시 북구 구암동 793-2,구암동 793-2,구암동,3,35.9332556,128.5625127
2019,대구광역시 북구 구암동 794-7,구암동 794-7,구암동,1,35.9320178,128.5623399
2019,대구광역시 북구 구암동 795-11,구암동 795-11,구암동,1,35.9324619,128.5626703
2019,대구광역시 북구 구암동 795-6,구암동 795-6,구암동,2,35.9322021,128.5627978
2019,대구광역시 북구 구암동 796-10,구암동 796-10,구암동,1,35.9323605,128.5630735
2019,대구광역시 북구 구암동 796-5,구암동 796-5,구암동,1,35.932363,128.563241
2019,대구광역시 북구 구암동 797-8,구암동 797-8,구암동,1,35.9331426,128.5645085
2019,대구광역시 북구 구암동 799,구암동 799,구암동,2,35.9323293,128.5639242
2019,대구광역시 북구 구암동 800-11,구암동 800-11,구암동,1,35.9319418,128.5644537
2019,대구광역시 북구 구암동 801,구암동 801,구암동,7,35.9325492,128.5651608
2019,대구광역시 북구 구암동 801-1,구암동 801-1,구암동,1,35.9325261,128.5657581
2019,대구광역시 북구 구암동 802,구암동 802,구암동,5,35.9312147,128.5624479
2019,대구광역시 북구 구암동 802-1,구암동 802-1,구암동,2,35.9311463,128.5617578
2019,대구광역시 북구 구암동 803,구암동 803,구암동,9,35.931251,128.5629507
2019,대구광역시 북구 구암동 804,구암동 804,구암동,11,35.9314508,128.5639016
2019,대구광역시 북구 구암동 807,구암동 807,구암동,1,35.9398423,128.5694505
2019,대구광역시 북구 구암동 808-1,구암동 808-1,구암동,1,35.938394,128.5685548
2019,대구광역시 북구 구암동 810-4,구암동 810-4,구암동,1,35.9380497,128.5697404
2019,대구광역시 북구 구암동 815-12,구암동 815-12,구암동,2,35.9379001,128.5680467
2019,대구광역시 북구 구암동 815-8,구암동 815-8,구암동,3,35.9373894,128.567704
2019,대구광역시 북구 구암동 815-9,구암동 815-9,구암동,1,35.937517,128.5677883
2019,대구광역시 북구 구암동 816-1,구암동 816-1,구암동,6,35.9371112,128.5675516
2019,대구광역시 북구 구암동 816-2,구암동 816-2,구암동,2,35.9370248,128.5677515
2019,대구광역시 북구 구암동 816-3,구암동 816-3,구암동,2,35.9369772,128.5678603
2019,대구광역시 북구 구암동 824-11,구암동 824-11,구암동,1,35.9360322,128.5668049
2019,대구광역시 북구 구암동 824-7,구암동 824-7,구암동,1,35.9355304,128.566695
2019,대구광역시 북구 구암동 824-8,구암동 824-8,구암동,1,35.9356402,128.5666548
2019,대구광역시 북구 구암동 826-3,구암동 826-3,구암동,3,35.9345083,128.5664564
2019,대구광역시 북구 구암동 826-4,구암동 826-4,구암동,1,35.9343743,128.5664387
2019,대구광역시 북구 구암동 826-6,구암동 826-6,구암동,1,35.9340851,128.5663961
2019,대구광역시 북구 구암동 826-7,구암동 826-7,구암동,1,35.9339507,128.566366
2019,대구광역시 북구 구암동 831-6,구암동 831-6,구암동,1,35.9325374,128.5663816
2019,대구광역시 북구 구암동 831-7,구암동 831-7,구암동,8,35.9320926,128.5662908
2019,대구광역시 북구 구암동 832,구암동 832,구암동,35,35.9435052,128.5681496
2019,대구광역시 북구 구암동 832-1,구암동 832-1,구암동,1,35.9424706,128.5663611
2019,대구광역시 북구 구암동 832-2,구암동 832-2,구암동,125,35.9388291,128.5629506
2019,대구광역시 북구 구암동 832-3,구암동 832-3,구암동,56,35.9419996,128.5697372
2019,대구광역시 북구 구암동 833,구암동 833,구암동,127,35.9426926,128.5646377
2019,대구광역시 북구 구암동 833-1,구암동 833-1,구암동,131,35.9426165,128.5642521
2019,대구광역시 북구 구암동 834-2,구암동 834-2,구암동,8,35.9416878,128.5699823
2019,대구광역시 북구 구암동 835,구암동 835,구암동,18,35.9406483,128.5700932
2019,대구광역시 북구 구암동 835-1,구암동 835-1,구암동,205,35.9351836,128.5663268
2019,대구광역시 북구 구암동 836,구암동 836,구암동,33,35.9411026,128.5665534
2019,대구광역시 북구 구암동 836-1,구암동 836-1,구암동,81,35.9386926,128.5656357
2019,대구광역시 북구 구암동 836-2,구암동 836-2,구암동,33,35.9362437,128.5644765
2019,대구광역시 북구 구암동 837,구암동 837,구암동,42,35.9333518,128.5641804
2019,대구광역시 북구 구암동 838,구암동 838,구암동,5,35.9324988,128.5633898
2019,대구광역시 북구 구암동 838-1,구암동 838-1,구암동,3,35.9325041,128.5621357
2019,대구광역시 북구 구암동 838-2,구암동 838-2,구암동,4,35.9324528,128.5625439
2019,대구광역시 북구 구암동 838-3,구암동 838-3,구암동,5,35.9324712,128.5629588
2019,대구광역시 북구 구암동 838-4,구암동 838-4,구암동,1,35.9329043,128.5640197
2019,대구광역시 북구 구암동 839,구암동 839,구암동,100,35.9316346,128.5639452
2019,대구광역시 북구 구암동 840-1,구암동 840-1,구암동,1,35.9385192,128.5697284
2019,대구광역시 북구 구암동 840-4,구암동 840-4,구암동,2,35.9370216,128.5682229
2019,대구광역시 북구 구암동 841-4,구암동 841-4,구암동,1,35.9348776,128.567252
2019,대구광역시 북구 구암동 844,구암동 844,구암동,1,35.9244928,128.5537059
2019,대구광역시 북구 구암동 산 2-1,구암동 산 2-1,구암동,1,35.9450938,128.5781385
2019,대구광역시 북구 구암동 산 66-4,구암동 산 66-4,구암동,2,35.9308784,128.5657852
2019,대구광역시 북구 국우동 1037-19,국우동 1037-19,국우동,1,35.9460552,128.5784576
2019,대구광역시 북구 국우동 1037-21,국우동 1037-21,국우동,1,35.9461204,128.5848259
2019,대구광역시 북구 국우동 1071-1,국우동 1071-1,국우동,1,35.9507081,128.5785467
2019,대구광역시 북구 국우동 1079,국우동 1079,국우동,2,35.9450851,128.565347
2019,대구광역시 북구 국우동 1079-1,국우동 1079-1,국우동,4,35.9459293,128.5663626
2019,대구광역시 북구 국우동 1079-2,국우동 1079-2,국우동,1,35.9452639,128.5662265
2019,대구광역시 북구 국우동 1080,국우동 1080,국우동,27,35.9449397,128.5681468
2019,대구광역시 북구 국우동 1080-1,국우동 1080-1,국우동,3,35.9460603,128.5691759
2019,대구광역시 북구 국우동 1081-5,국우동 1081-5,국우동,1,35.9466807,128.5701705
2019,대구광역시 북구 국우동 1081-7,국우동 1081-7,국우동,1,35.9464202,128.5701371
2019,대구광역시 북구 국우동 1085,국우동 1085,국우동,15,35.9453513,128.5703962
2019,대구광역시 북구 국우동 1085-1,국우동 1085-1,국우동,2,35.9453584,128.5711848
2019,대구광역시 북구 국우동 1085-2,국우동 1085-2,국우동,2,35.9448591,128.5710884
2019,대구광역시 북구 국우동 1091-4,국우동 1091-4,국우동,1,35.9444531,128.5722109
2019,대구광역시 북구 국우동 1099-1,국우동 1099-1,국우동,4,35.9447259,128.5698944
2019,대구광역시 북구 국우동 1099-2,국우동 1099-2,국우동,1,35.944565,128.5698632
2019,대구광역시 북구 국우동 1099-4,국우동 1099-4,국우동,1,35.9442242,128.5697991
2019,대구광역시 북구 국우동 1099-7,국우동 1099-7,국우동,2,35.9436275,128.5696949
2019,대구광역시 북구 국우동 1099-8,국우동 1099-8,국우동,1,35.9436089,128.5698878
2019,대구광역시 북구 국우동 1100-10,국우동 1100-10,국우동,2,35.9434991,128.5703847
2019,대구광역시 북구 국우동 1100-11,국우동 1100-11,국우동,3,35.9435134,128.5701969
2019,대구광역시 북구 국우동 1100-12,국우동 1100-12,국우동,1,35.9435369,128.5700059
2019,대구광역시 북구 국우동 1100-4,국우동 1100-4,국우동,1,35.9435786,128.5705982
2019,대구광역시 북구 국우동 1100-9,국우동 1100-9,국우동,2,35.9434798,128.570583
2019,대구광역시 북구 국우동 1101-14,국우동 1101-14,국우동,1,35.9436361,128.5734201
2019,대구광역시 북구 국우동 1101-21,국우동 1101-21,국우동,1,35.943382,128.5712702
2019,대구광역시 북구 국우동 1102,국우동 1102,국우동,1,35.9458525,128.5733739
2019,대구광역시 북구 국우동 1103,국우동 1103,국우동,1,35.9443724,128.5734527
2019,대구광역시 북구 국우동 1106,국우동 1106,국우동,1,35.9468894,128.5727417
2019,대구광역시 북구 국우동 1107-16,국우동 1107-16,국우동,1,35.9469626,128.5732599
2019,대구광역시 북구 국우동 1108-1,국우동 1108-1,국우동,1,35.9475521,128.5743852
2019,대구광역시 북구 국우동 1108-5,국우동 1108-5,국우동,1,35.9478044,128.5748658
2019,대구광역시 북구 국우동 1109-3,국우동 1109-3,국우동,2,35.948176,128.5757388
2019,대구광역시 북구 국우동 1109-5,국우동 1109-5,국우동,2,35.9479981,128.5753997
2019,대구광역시 북구 국우동 1110,국우동 1110,국우동,2,35.9490751,128.5786663
2019,대구광역시 북구 국우동 1110-2,국우동 1110-2,국우동,2,35.9485035,128.5769616
2019,대구광역시 북구 국우동 1110-3,국우동 1110-3,국우동,16,35.9478156,128.5783305
2019,대구광역시 북구 국우동 1112,국우동 1112,국우동,1,35.9476255,128.576375
2019,대구광역시 북구 국우동 1113-1,국우동 1113-1,국우동,1,35.9474051,128.5768609
2019,대구광역시 북구 국우동 1113-17,국우동 1113-17,국우동,1,35.9470703,128.5760667
2019,대구광역시 북구 국우동 1113-2,국우동 1113-2,국우동,1,35.9473748,128.5767169
2019,대구광역시 북구 국우동 1113-20,국우동 1113-20,국우동,3,35.94729,128.5757852
2019,대구광역시 북구 국우동 1115-5,국우동 1115-5,국우동,1,35.9471381,128.5755765
2019,대구광역시 북구 국우동 1116-8,국우동 1116-8,국우동,4,35.9467025,128.5751654
2019,대구광역시 북구 국우동 1118-5,국우동 1118-5,국우동,1,35.9467008,128.5742859
2019,대구광역시 북구 국우동 1119-10,국우동 1119-10,국우동,2,35.946709,128.5737476
2019,대구광역시 북구 국우동 1119-11,국우동 1119-11,국우동,3,35.9467018,128.5735955
2019,대구광역시 북구 국우동 1119-12,국우동 1119-12,국우동,1,35.9466945,128.5734456
2019,대구광역시 북구 국우동 1119-2,국우동 1119-2,국우동,1,35.9467981,128.5734148
2019,대구광역시 북구 국우동 1119-8,국우동 1119-8,국우동,1,35.9466942,128.5740389
2019,대구광역시 북구 국우동 1120,국우동 1120,국우동,15,35.9470414,128.5779973
2019,대구광역시 북구 국우동 1122,국우동 1122,국우동,27,35.9477433,128.5767766
2019,대구광역시 북구 국우동 1123,국우동 1123,국우동,8,35.9467282,128.5692641
2019,대구광역시 북구 국우동 1123-1,국우동 1123-1,국우동,6,35.9453052,128.5641833
2019,대구광역시 북구 국우동 1123-2,국우동 1123-2,국우동,33,35.9436426,128.5681493
2019,대구광역시 북구 국우동 1123-3,국우동 1123-3,국우동,17,35.9451421,128.5668779
2019,대구광역시 북구 국우동 1123-4,국우동 1123-4,국우동,129,35.9451809,128.5697031
2019,대구광역시 북구 국우동 1124,국우동 1124,국우동,11,35.9451372,128.5727438
2019,대구광역시 북구 국우동 1124-1,국우동 1124-1,국우동,6,35.9454043,128.5714921
2019,대구광역시 북구 국우동 1124-3,국우동 1124-3,국우동,2,35.9454322,128.5723739
2019,대구광역시 북구 국우동 1124-5,국우동 1124-5,국우동,2,35.9461263,128.5714475
2019,대구광역시 북구 국우동 1124-6,국우동 1124-6,국우동,1,35.9464237,128.5714057
2019,대구광역시 북구 국우동 1125,국우동 1125,국우동,2,35.9441106,128.5735065
2019,대구광역시 북구 국우동 1125-4,국우동 1125-4,국우동,1,35.9439899,128.5712237
2019,대구광역시 북구 국우동 1126,국우동 1126,국우동,12,35.9461387,128.5767903
2019,대구광역시 북구 국우동 1126-1,국우동 1126-1,국우동,8,35.9485502,128.5800109
2019,대구광역시 북구 국우동 1126-2,국우동 1126-2,국우동,26,35.948631,128.5760149
2019,대구광역시 북구 국우동 1126-3,국우동 1126-3,국우동,3,35.94368,128.5738361
2019,대구광역시 북구 국우동 1126-4,국우동 1126-4,국우동,1,35.9465539,128.5722787
2019,대구광역시 북구 국우동 1127,국우동 1127,국우동,41,35.9468144,128.577108
2019,대구광역시 북구 국우동 1127-1,국우동 1127-1,국우동,7,35.9469706,128.5736785
2019,대구광역시 북구 국우동 1127-4,국우동 1127-4,국우동,3,35.9470235,128.5748868
2019,대구광역시 북구 국우동 1127-5,국우동 1127-5,국우동,3,35.9471336,128.5752745
2019,대구광역시 북구 국우동 1127-6,국우동 1127-6,국우동,6,35.9473916,128.5755782
2019,대구광역시 북구 국우동 1127-7,국우동 1127-7,국우동,1,35.9480307,128.5758429
2019,대구광역시 북구 국우동 1127-8,국우동 1127-8,국우동,1,35.9476749,128.5759641
2019,대구광역시 북구 국우동 310,국우동 310,국우동,1,35.9468292,128.5828997
2019,대구광역시 북구 국우동 476-1,국우동 476-1,국우동,3,35.9459311,128.5815483
2019,대구광역시 북구 국우동 486,국우동 486,국우동,4,35.9462864,128.5801993
2019,대구광역시 북구 국우동 538,국우동 538,국우동,4,35.9459796,128.5792332
2019,대구광역시 북구 국우동 544-1,국우동 544-1,국우동,1,35.9504192,128.5783318
2019,대구광역시 북구 국우동 553-1,국우동 553-1,국우동,1,35.9503585,128.5785616
2019,대구광역시 북구 국우동 604-4,국우동 604-4,국우동,1,35.9511444,128.5791064
2019,대구광역시 북구 국우동 716-3,국우동 716-3,국우동,1,35.9505749,128.5782439
2019,대구광역시 북구 국우동 719-1,국우동 719-1,국우동,1,35.950274,128.5778696
2019,대구광역시 북구 국우동 737-9,국우동 737-9,국우동,2,35.9485067,128.5745366
2019,대구광역시 북구 국우동 759-1,국우동 759-1,국우동,1,35.9479078,128.5741242
2019,대구광역시 북구 금호동 220-8,금호동 220-8,금호동,1,35.8972197,128.5250117
2019,대구광역시 북구 금호동 446-2,금호동 446-2,금호동,1,35.8969772,128.5249483
2019,대구광역시 북구 금호동 452-2,금호동 452-2,금호동,1,35.8957146,128.5265692
2019,대구광역시 북구 금호동 555-3,금호동 555-3,금호동,1,35.8864638,128.5305584
2019,대구광역시 북구 금호동 609-26,금호동 609-26,금호동,4,35.8856956,128.5320034
2019,대구광역시 북구 금호동 609-27,금호동 609-27,금호동,1,35.8857948,128.5320818
2019,대구광역시 북구 금호동 609-29,금호동 609-29,금호동,2,35.8868968,128.5284314
2019,대구광역시 북구 금호동 609-3,금호동 609-3,금호동,1,35.8857311,128.531381
2019,대구광역시 북구 금호동 73-1,금호동 73-1,금호동,1,35.9080079,128.5275143
2019,대구광역시 북구 금호동 769,금호동 769,금호동,2,35.896323,128.5193826
2019,대구광역시 북구 금호동 802,금호동 802,금호동,2,35.8954758,128.5175577
2019,대구광역시 북구 금호동 807,금호동 807,금호동,6,35.8950796,128.5171106
2019,대구광역시 북구 금호동 923,금호동 923,금호동,5,35.896734,128.5192794
2019,대구광역시 북구 금호동 933,금호동 933,금호동,15,35.8954895,128.516996
2019,대구광역시 북구 금호동 939,금호동 939,금호동,1,35.8952193,128.5194624
2019,대구광역시 북구 노곡동 143,노곡동 143,노곡동,1,35.9075866,128.5627841
2019,대구광역시 북구 노곡동 1477-2,노곡동 1477-2,노곡동,1,35.9008351,128.5566342
2019,대구광역시 북구 노곡동 1478,노곡동 1478,노곡동,2,35.9108633,128.5626532
2019,대구광역시 북구 노곡동 281-2,노곡동 281-2,노곡동,1,35.9050389,128.5636265
2019,대구광역시 북구 노곡동 282-1,노곡동 282-1,노곡동,2,35.9053767,128.5628385
2019,대구광역시 북구 노곡동 287,노곡동 287,노곡동,1,35.9056917,128.5630077
2019,대구광역시 북구 노곡동 288,노곡동 288,노곡동,1,35.9055614,128.562786
2019,대구광역시 북구 노곡동 289-3,노곡동 289-3,노곡동,1,35.9057013,128.5631117
2019,대구광역시 북구 노곡동 290-1,노곡동 290-1,노곡동,1,35.9057357,128.5627166
2019,대구광역시 북구 노곡동 310,노곡동 310,노곡동,1,35.9059251,128.5628292
2019,대구광역시 북구 노곡동 316,노곡동 316,노곡동,1,35.906088,128.5628759
2019,대구광역시 북구 노곡동 403-2,노곡동 403-2,노곡동,1,35.9047245,128.5621768
2019,대구광역시 북구 노곡동 567-2,노곡동 567-2,노곡동,1,35.8998413,128.5533638
2019,대구광역시 북구 노곡동 574,노곡동 574,노곡동,2,35.8982899,128.552789
2019,대구광역시 북구 노곡동 764,노곡동 764,노곡동,1,35.8976986,128.5606009
2019,대구광역시 북구 노곡동 800,노곡동 800,노곡동,1,35.8992007,128.5625569
2019,대구광역시 북구 노곡동 878,노곡동 878,노곡동,1,35.9017693,128.5653779
2019,대구광역시 북구 노원동1가 1-6,노원동1가 1-6,노원동,1,35.8897398,128.5821171
2019,대구광역시 북구 노원동1가 11,노원동1가 11,노원동,1,35.8887092,128.5825227
2019,대구광역시 북구 노원동1가 12-11,노원동1가 12-11,노원동,2,35.8877845,128.5822864
2019,대구광역시 북구 노원동1가 12-14,노원동1가 12-14,노원동,1,35.8876362,128.5822374
2019,대구광역시 북구 노원동1가 12-15,노원동1가 12-15,노원동,1,35.8876291,128.582062
2019,대구광역시 북구 노원동1가 12-6,노원동1가 12-6,노원동,1,35.8882419,128.5822401
2019,대구광역시 북구 노원동1가 12-9,노원동1가 12-9,노원동,1,35.8878642,128.582449
2019,대구광역시 북구 노원동1가 158-5,노원동1가 158-5,노원동,1,35.8910068,128.5772318
2019,대구광역시 북구 노원동1가 16-4,노원동1가 16-4,노원동,1,35.8881736,128.5806986
2019,대구광역시 북구 노원동1가 18-5,노원동1가 18-5,노원동,22,35.8896732,128.5766232
2019,대구광역시 북구 노원동1가 180-1,노원동1가 180-1,노원동,1,35.8892687,128.5793359
2019,대구광역시 북구 노원동1가 19-5,노원동1가 19-5,노원동,2,35.8892268,128.579551
2019,대구광역시 북구 노원동1가 19-6,노원동1가 19-6,노원동,3,35.8883115,128.5825457
2019,대구광역시 북구 노원동1가 19-9,노원동1가 19-9,노원동,1,35.8880996,128.5800556
2019,대구광역시 북구 노원동1가 2-3,노원동1가 2-3,노원동,2,35.8895994,128.581637
2019,대구광역시 북구 노원동1가 2-6,노원동1가 2-6,노원동,1,35.889465,128.5812034
2019,대구광역시 북구 노원동1가 21,노원동1가 21,노원동,2,35.8931395,128.5780836
2019,대구광역시 북구 노원동1가 211,노원동1가 211,노원동,1,35.8886497,128.5781473
2019,대구광역시 북구 노원동1가 220,노원동1가 220,노원동,1,35.8883679,128.5765382
2019,대구광역시 북구 노원동1가 221-1,노원동1가 221-1,노원동,1,35.8881512,128.5768609
2019,대구광역시 북구 노원동1가 221-2,노원동1가 221-2,노원동,1,35.8881023,128.5766886
2019,대구광역시 북구 노원동1가 222-1,노원동1가 222-1,노원동,2,35.8881845,128.576413
2019,대구광역시 북구 노원동1가 222-2,노원동1가 222-2,노원동,1,35.8880205,128.5765386
2019,대구광역시 북구 노원동1가 235-1,노원동1가 235-1,노원동,1,35.8873495,128.5795174
2019,대구광역시 북구 노원동1가 244-1,노원동1가 244-1,노원동,1,35.8866521,128.5789215
2019,대구광역시 북구 노원동1가 244-5,노원동1가 244-5,노원동,1,35.8865577,128.579188
2019,대구광역시 북구 노원동1가 262-3,노원동1가 262-3,노원동,2,35.8872018,128.5775968
2019,대구광역시 북구 노원동1가 265-11,노원동1가 265-11,노원동,1,35.8873044,128.5772021
2019,대구광역시 북구 노원동1가 272,노원동1가 272,노원동,3,35.8871155,128.5797633
2019,대구광역시 북구 노원동1가 273,노원동1가 273,노원동,6,35.8900985,128.5774568
2019,대구광역시 북구 노원동1가 3-3,노원동1가 3-3,노원동,1,35.8891324,128.5797978
2019,대구광역시 북구 노원동1가 327,노원동1가 327,노원동,3,35.8872697,128.5821824
2019,대구광역시 북구 노원동1가 334,노원동1가 334,노원동,1,35.8869152,128.5821271
2019,대구광역시 북구 노원동1가 336,노원동1가 336,노원동,3,35.8867711,128.5820266
2019,대구광역시 북구 노원동1가 339,노원동1가 339,노원동,6,35.8864852,128.5819454
2019,대구광역시 북구 노원동1가 341,노원동1가 341,노원동,3,35.8862522,128.5818702
2019,대구광역시 북구 노원동1가 342,노원동1가 342,노원동,2,35.8861037,128.5818792
2019,대구광역시 북구 노원동1가 343,노원동1가 343,노원동,2,35.8861417,128.581695
2019,대구광역시 북구 노원동1가 350,노원동1가 350,노원동,1,35.8867008,128.5817984
2019,대구광역시 북구 노원동1가 352,노원동1가 352,노원동,1,35.886582,128.5817213
2019,대구광역시 북구 노원동1가 355,노원동1가 355,노원동,1,35.8862825,128.5816251
2019,대구광역시 북구 노원동1가 358,노원동1가 358,노원동,1,35.8858779,128.5818064
2019,대구광역시 북구 노원동1가 364,노원동1가 364,노원동,1,35.8859083,128.5816555
2019,대구광역시 북구 노원동1가 366-1,노원동1가 366-1,노원동,3,35.885641,128.5814976
2019,대구광역시 북구 노원동1가 367,노원동1가 367,노원동,1,35.8856341,128.5812612
2019,대구광역시 북구 노원동1가 369,노원동1가 369,노원동,1,35.8858789,128.5814606
2019,대구광역시 북구 노원동1가 371,노원동1가 371,노원동,5,35.885812,128.580919
2019,대구광역시 북구 노원동1가 374,노원동1가 374,노원동,3,35.8860193,128.5804411
2019,대구광역시 북구 노원동1가 527-1,노원동1가 527-1,노원동,2,35.8866804,128.5799144
2019,대구광역시 북구 노원동1가 529,노원동1가 529,노원동,39,35.8865097,128.5822028
2019,대구광역시 북구 노원동2가 1,노원동2가 1,노원동,46,35.8908564,128.5736958
2019,대구광역시 북구 노원동2가 103-3,노원동2가 103-3,노원동,1,35.8935225,128.5738281
2019,대구광역시 북구 노원동2가 188-1,노원동2가 188-1,노원동,1,35.8912791,128.5737368
2019,대구광역시 북구 노원동2가 188-7,노원동2가 188-7,노원동,1,35.8910683,128.5737142
2019,대구광역시 북구 노원동2가 197,노원동2가 197,노원동,1,35.8915523,128.5723994
2019,대구광역시 북구 노원동2가 221-7,노원동2가 221-7,노원동,2,35.8902841,128.5748828
2019,대구광역시 북구 노원동2가 255,노원동2가 255,노원동,1,35.8880474,128.5757237
2019,대구광역시 북구 노원동2가 259-5,노원동2가 259-5,노원동,1,35.8883584,128.5755222
2019,대구광역시 북구 노원동2가 280,노원동2가 280,노원동,1,35.8881668,128.5739216
2019,대구광역시 북구 노원동2가 280-1,노원동2가 280-1,노원동,1,35.8882259,128.5740759
2019,대구광역시 북구 노원동2가 345-2,노원동2가 345-2,노원동,1,35.8886158,128.5727913
2019,대구광역시 북구 노원동2가 346,노원동2가 346,노원동,5,35.8884712,128.5727453
2019,대구광역시 북구 노원동2가 369-2,노원동2가 369-2,노원동,2,35.8885065,128.571803
2019,대구광역시 북구 노원동2가 370-1,노원동2가 370-1,노원동,2,35.8887497,128.5719379
2019,대구광역시 북구 노원동2가 371-1,노원동2가 371-1,노원동,1,35.8888463,128.5714575
2019,대구광역시 북구 노원동2가 373-1,노원동2가 373-1,노원동,1,35.8886303,128.5709752
2019,대구광역시 북구 노원동2가 376-2,노원동2가 376-2,노원동,2,35.8885952,128.5707303
2019,대구광역시 북구 노원동2가 377-2,노원동2가 377-2,노원동,1,35.8886133,128.5705933
2019,대구광역시 북구 노원동2가 377-6,노원동2가 377-6,노원동,1,35.8886461,128.5704909
2019,대구광역시 북구 노원동2가 378,노원동2가 378,노원동,3,35.8887457,128.5703811
2019,대구광역시 북구 노원동2가 382-2,노원동2가 382-2,노원동,1,35.8888858,128.5698093
2019,대구광역시 북구 노원동2가 44,노원동2가 44,노원동,1,35.8916393,128.5766561
2019,대구광역시 북구 노원동2가 47,노원동2가 47,노원동,1,35.8910812,128.5767158
2019,대구광역시 북구 노원동2가 5-2,노원동2가 5-2,노원동,1,35.8927193,128.577104
2019,대구광역시 북구 노원동2가 6-2,노원동2가 6-2,노원동,1,35.8923872,128.5770107
2019,대구광역시 북구 노원동2가 77,노원동2가 77,노원동,1,35.8906119,128.5762192
2019,대구광역시 북구 노원동2가 80,노원동2가 80,노원동,1,35.8906697,128.5759501
2019,대구광역시 북구 노원동2가 85-2,노원동2가 85-2,노원동,2,35.89089,128.5749599
2019,대구광역시 북구 노원동2가 85-4,노원동2가 85-4,노원동,1,35.8908262,128.5751553
2019,대구광역시 북구 노원동2가 90,노원동2가 90,노원동,1,35.8909676,128.5746081
2019,대구광역시 북구 노원동2가 90-1,노원동2가 90-1,노원동,3,35.8909308,128.574776
2019,대구광역시 북구 노원동3가 1001-2,노원동3가 1001-2,노원동,1,35.8922752,128.5697557
2019,대구광역시 북구 노원동3가 1001-3,노원동3가 1001-3,노원동,1,35.8921352,128.5697086
2019,대구광역시 북구 노원동3가 1001-4,노원동3가 1001-4,노원동,1,35.8919927,128.5696591
2019,대구광역시 북구 노원동3가 1003-4,노원동3가 1003-4,노원동,2,35.8922033,128.5686383
2019,대구광역시 북구 노원동3가 1006-6,노원동3가 1006-6,노원동,1,35.8924093,128.5685395
2019,대구광역시 북구 노원동3가 1007-3,노원동3가 1007-3,노원동,1,35.8926485,128.5680734
2019,대구광역시 북구 노원동3가 1007-5,노원동3가 1007-5,노원동,3,35.8925082,128.5681882
2019,대구광역시 북구 노원동3가 1022,노원동3가 1022,노원동,46,35.8920765,128.5701674
2019,대구광역시 북구 노원동3가 1053,노원동3가 1053,노원동,1,35.89669,128.5751813
2019,대구광역시 북구 노원동3가 1083,노원동3가 1083,노원동,1,35.8964947,128.5753678
2019,대구광역시 북구 노원동3가 1113-14,노원동3가 1113-14,노원동,1,35.8943644,128.5737979
2019,대구광역시 북구 노원동3가 1113-8,노원동3가 1113-8,노원동,1,35.8943838,128.5735354
2019,대구광역시 북구 노원동3가 1115,노원동3가 1115,노원동,2,35.8942901,128.5745073
2019,대구광역시 북구 노원동3가 1115-2,노원동3가 1115-2,노원동,3,35.8941048,128.5746053
2019,대구광역시 북구 노원동3가 1142-5,노원동3가 1142-5,노원동,4,35.894044,128.5750232
2019,대구광역시 북구 노원동3가 1143-2,노원동3가 1143-2,노원동,1,35.8939509,128.5757274
2019,대구광역시 북구 노원동3가 1144,노원동3가 1144,노원동,2,35.8938873,128.5760103
2019,대구광역시 북구 노원동3가 1145-3,노원동3가 1145-3,노원동,2,35.8937811,128.576489
2019,대구광역시 북구 노원동3가 1146-2,노원동3가 1146-2,노원동,1,35.8935947,128.5771669
2019,대구광역시 북구 노원동3가 1152,노원동3가 1152,노원동,1,35.8948108,128.577694
2019,대구광역시 북구 노원동3가 1154,노원동3가 1154,노원동,1,35.895142,128.5777855
2019,대구광역시 북구 노원동3가 1171-1,노원동3가 1171-1,노원동,2,35.8951719,128.5541061
2019,대구광역시 북구 노원동3가 1197,노원동3가 1197,노원동,1,35.8962146,128.5589181
2019,대구광역시 북구 노원동3가 1198,노원동3가 1198,노원동,1,35.8964403,128.5595391
2019,대구광역시 북구 노원동3가 1199-20,노원동3가 1199-20,노원동,1,35.9031303,128.5787281
2019,대구광역시 북구 노원동3가 1200-13,노원동3가 1200-13,노원동,1,35.9022691,128.5782969
2019,대구광역시 북구 노원동3가 1201,노원동3가 1201,노원동,1,35.9016775,128.5783062
2019,대구광역시 북구 노원동3가 1203-2,노원동3가 1203-2,노원동,2,35.9009583,128.5773766
2019,대구광역시 북구 노원동3가 1205-20,노원동3가 1205-20,노원동,2,35.8996159,128.578863
2019,대구광역시 북구 노원동3가 1205-21,노원동3가 1205-21,노원동,1,35.9003473,128.5788085
2019,대구광역시 북구 노원동3가 1207,노원동3가 1207,노원동,11,35.9009744,128.5791215
2019,대구광역시 북구 노원동3가 1208,노원동3가 1208,노원동,1,35.8989623,128.5786421
2019,대구광역시 북구 노원동3가 1223,노원동3가 1223,노원동,1,35.8986384,128.5788969
2019,대구광역시 북구 노원동3가 1227,노원동3가 1227,노원동,18,35.8907649,128.5686641
2019,대구광역시 북구 노원동3가 1228,노원동3가 1228,노원동,2,35.8889994,128.5690628
2019,대구광역시 북구 노원동3가 1229,노원동3가 1229,노원동,1,35.8920864,128.5681865
2019,대구광역시 북구 노원동3가 1230,노원동3가 1230,노원동,3,35.8904608,128.5673697
2019,대구광역시 북구 노원동3가 14,노원동3가 14,노원동,2,35.8994284,128.5697976
2019,대구광역시 북구 노원동3가 14-1,노원동3가 14-1,노원동,3,35.9033387,128.5787516
2019,대구광역시 북구 노원동3가 182-1,노원동3가 182-1,노원동,1,35.8953811,128.5711374
2019,대구광역시 북구 노원동3가 183-21,노원동3가 183-21,노원동,2,35.8963565,128.5731736
2019,대구광역시 북구 노원동3가 184-1,노원동3가 184-1,노원동,2,35.8968342,128.5735644
2019,대구광역시 북구 노원동3가 186,노원동3가 186,노원동,4,35.899688,128.5670624
2019,대구광역시 북구 노원동3가 187-10,노원동3가 187-10,노원동,1,35.8998219,128.5663384
2019,대구광역시 북구 노원동3가 187-11,노원동3가 187-11,노원동,1,35.8996949,128.5667656
2019,대구광역시 북구 노원동3가 187-72,노원동3가 187-72,노원동,1,35.8993867,128.5670236
2019,대구광역시 북구 노원동3가 233-1,노원동3가 233-1,노원동,2,35.8944239,128.5664533
2019,대구광역시 북구 노원동3가 234-1,노원동3가 234-1,노원동,1,35.8937297,128.5675787
2019,대구광역시 북구 노원동3가 234-10,노원동3가 234-10,노원동,1,35.8931514,128.5677353
2019,대구광역시 북구 노원동3가 234-19,노원동3가 234-19,노원동,1,35.8939079,128.5686941
2019,대구광역시 북구 노원동3가 234-25,노원동3가 234-25,노원동,1,35.8930934,128.5676132
2019,대구광역시 북구 노원동3가 234-6,노원동3가 234-6,노원동,1,35.8938006,128.5684062
2019,대구광역시 북구 노원동3가 234-9,노원동3가 234-9,노원동,1,35.8933949,128.5679233
2019,대구광역시 북구 노원동3가 236-9,노원동3가 236-9,노원동,2,35.8952379,128.5696299
2019,대구광역시 북구 노원동3가 249-10,노원동3가 249-10,노원동,1,35.8953136,128.5603469
2019,대구광역시 북구 노원동3가 249-3,노원동3가 249-3,노원동,1,35.8955736,128.5601227
2019,대구광역시 북구 노원동3가 249-4,노원동3가 249-4,노원동,5,35.895472,128.5602075
2019,대구광역시 북구 노원동3가 252-1,노원동3가 252-1,노원동,53,35.8937999,128.5572728
2019,대구광역시 북구 노원동3가 252-2,노원동3가 252-2,노원동,3,35.894547,128.5574486
2019,대구광역시 북구 노원동3가 252-3,노원동3가 252-3,노원동,115,35.8951542,128.5718172
2019,대구광역시 북구 노원동3가 252-6,노원동3가 252-6,노원동,3,35.8893191,128.569029
2019,대구광역시 북구 노원동3가 3-18,노원동3가 3-18,노원동,1,35.9025958,128.5763082
2019,대구광역시 북구 노원동3가 3-19,노원동3가 3-19,노원동,2,35.9026703,128.5764854
2019,대구광역시 북구 노원동3가 305,노원동3가 305,노원동,2,35.8942141,128.5660883
2019,대구광역시 북구 노원동3가 335-1,노원동3가 335-1,노원동,1,35.8928806,128.5672144
2019,대구광역시 북구 노원동3가 34-11,노원동3가 34-11,노원동,1,35.8981864,128.5756665
2019,대구광역시 북구 노원동3가 343-1,노원동3가 343-1,노원동,1,35.8931105,128.5666426
2019,대구광역시 북구 노원동3가 35-14,노원동3가 35-14,노원동,1,35.8974712,128.5750875
2019,대구광역시 북구 노원동3가 35-16,노원동3가 35-16,노원동,1,35.8976322,128.5753686
2019,대구광역시 북구 노원동3가 365,노원동3가 365,노원동,1,35.8924827,128.5664074
2019,대구광역시 북구 노원동3가 366-3,노원동3가 366-3,노원동,2,35.8924085,128.5662226
2019,대구광역시 북구 노원동3가 370,노원동3가 370,노원동,4,35.8922479,128.5659433
2019,대구광역시 북구 노원동3가 371,노원동3가 371,노원동,2,35.8920101,128.5655311
2019,대구광역시 북구 노원동3가 373,노원동3가 373,노원동,1,35.8918689,128.5648511
2019,대구광역시 북구 노원동3가 373-3,노원동3가 373-3,노원동,5,35.8918475,128.5651722
2019,대구광역시 북구 노원동3가 430-4,노원동3가 430-4,노원동,2,35.8928584,128.5608733
2019,대구광역시 북구 노원동3가 458-3,노원동3가 458-3,노원동,1,35.8933597,128.5565345
2019,대구광역시 북구 노원동3가 463,노원동3가 463,노원동,1,35.8936268,128.5563023
2019,대구광역시 북구 노원동3가 465-13,노원동3가 465-13,노원동,1,35.8938938,128.5561462
2019,대구광역시 북구 노원동3가 470-4,노원동3가 470-4,노원동,1,35.8942874,128.5585425
2019,대구광역시 북구 노원동3가 475-6,노원동3가 475-6,노원동,1,35.8953532,128.5582793
2019,대구광역시 북구 노원동3가 490-2,노원동3가 490-2,노원동,1,35.8938344,128.5547001
2019,대구광역시 북구 노원동3가 504,노원동3가 504,노원동,2,35.8934037,128.5528208
2019,대구광역시 북구 노원동3가 506,노원동3가 506,노원동,1,35.8931447,128.5530725
2019,대구광역시 북구 노원동3가 507,노원동3가 507,노원동,3,35.8930635,128.5531463
2019,대구광역시 북구 노원동3가 508,노원동3가 508,노원동,8,35.8929875,128.5532159
2019,대구광역시 북구 노원동3가 520-1,노원동3가 520-1,노원동,1,35.8930918,128.5536672
2019,대구광역시 북구 노원동3가 522,노원동3가 522,노원동,1,35.8929097,128.5532851
2019,대구광역시 북구 노원동3가 522-1,노원동3가 522-1,노원동,2,35.8927112,128.5533127
2019,대구광역시 북구 노원동3가 523,노원동3가 523,노원동,10,35.8922631,128.5538459
2019,대구광역시 북구 노원동3가 523-3,노원동3가 523-3,노원동,2,35.8922443,128.5540172
2019,대구광역시 북구 노원동3가 523-4,노원동3가 523-4,노원동,3,35.8921195,128.5539804
2019,대구광역시 북구 노원동3가 533,노원동3가 533,노원동,1,35.8930139,128.5565807
2019,대구광역시 북구 노원동3가 537,노원동3가 537,노원동,1,35.8928095,128.5564192
2019,대구광역시 북구 노원동3가 545-1,노원동3가 545-1,노원동,4,35.8920068,128.5540836
2019,대구광역시 북구 노원동3가 545-3,노원동3가 545-3,노원동,4,35.8919259,128.5541567
2019,대구광역시 북구 노원동3가 553,노원동3가 553,노원동,6,35.8917321,128.5562838
2019,대구광역시 북구 노원동3가 553-1,노원동3가 553-1,노원동,8,35.8914671,128.5563487
2019,대구광역시 북구 노원동3가 558,노원동3가 558,노원동,3,35.8910001,128.5562267
2019,대구광역시 북구 노원동3가 56-56,노원동3가 56-56,노원동,1,35.9009564,128.5719423
2019,대구광역시 북구 노원동3가 56-70,노원동3가 56-70,노원동,1,35.9010705,128.5718619
2019,대구광역시 북구 노원동3가 58-2,노원동3가 58-2,노원동,1,35.9001069,128.5707057
2019,대구광역시 북구 노원동3가 58-5,노원동3가 58-5,노원동,6,35.9003348,128.5697507
2019,대구광역시 북구 노원동3가 6-1,노원동3가 6-1,노원동,1,35.9022523,128.5753291
2019,대구광역시 북구 노원동3가 600-8,노원동3가 600-8,노원동,1,35.8910482,128.5551788
2019,대구광역시 북구 노원동3가 608,노원동3가 608,노원동,1,35.8909797,128.555406
2019,대구광역시 북구 노원동3가 61-1,노원동3가 61-1,노원동,1,35.9001292,128.5670114
2019,대구광역시 북구 노원동3가 61-10,노원동3가 61-10,노원동,5,35.8999495,128.5671558
2019,대구광역시 북구 노원동3가 61-11,노원동3가 61-11,노원동,1,35.9001511,128.5672815
2019,대구광역시 북구 노원동3가 61-8,노원동3가 61-8,노원동,1,35.9001835,128.5675606
2019,대구광역시 북구 노원동3가 611-1,노원동3가 611-1,노원동,1,35.8908783,128.5569225
2019,대구광역시 북구 노원동3가 612,노원동3가 612,노원동,1,35.8907457,128.5570326
2019,대구광역시 북구 노원동3가 615-4,노원동3가 615-4,노원동,1,35.8913664,128.5567428
2019,대구광역시 북구 노원동3가 639-1,노원동3가 639-1,노원동,2,35.8904901,128.5589068
2019,대구광역시 북구 노원동3가 641,노원동3가 641,노원동,3,35.8903077,128.5594407
2019,대구광역시 북구 노원동3가 643-5,노원동3가 643-5,노원동,1,35.8905248,128.5586599
2019,대구광역시 북구 노원동3가 681,노원동3가 681,노원동,1,35.8904063,128.5600657
2019,대구광역시 북구 노원동3가 681-1,노원동3가 681-1,노원동,1,35.8903838,128.5602563
2019,대구광역시 북구 노원동3가 685,노원동3가 685,노원동,3,35.8903668,128.5614025
2019,대구광역시 북구 노원동3가 686,노원동3가 686,노원동,4,35.8904386,128.5618024
2019,대구광역시 북구 노원동3가 687,노원동3가 687,노원동,10,35.89054,128.562015
2019,대구광역시 북구 노원동3가 688,노원동3가 688,노원동,25,35.8906668,128.5622882
2019,대구광역시 북구 노원동3가 688-2,노원동3가 688-2,노원동,6,35.8904077,128.5623558
2019,대구광역시 북구 노원동3가 701-1,노원동3가 701-1,노원동,1,35.8913453,128.5614965
2019,대구광역시 북구 노원동3가 702-6,노원동3가 702-6,노원동,1,35.8915352,128.5613849
2019,대구광역시 북구 노원동3가 72-3,노원동3가 72-3,노원동,1,35.8973562,128.5695807
2019,대구광역시 북구 노원동3가 729-7,노원동3가 729-7,노원동,1,35.8906215,128.56541
2019,대구광역시 북구 노원동3가 731-5,노원동3가 731-5,노원동,1,35.890637,128.5649737
2019,대구광역시 북구 노원동3가 732-5,노원동3가 732-5,노원동,1,35.8905155,128.564739
2019,대구광역시 북구 노원동3가 735,노원동3가 735,노원동,4,35.8899573,128.5638059
2019,대구광역시 북구 노원동3가 737-1,노원동3가 737-1,노원동,1,35.8897052,128.5641253
2019,대구광역시 북구 노원동3가 738,노원동3가 738,노원동,7,35.8896385,128.5644867
2019,대구광역시 북구 노원동3가 738-4,노원동3가 738-4,노원동,1,35.8896496,128.564405
2019,대구광역시 북구 노원동3가 740-4,노원동3가 740-4,노원동,2,35.8895886,128.5646603
2019,대구광역시 북구 노원동3가 742,노원동3가 742,노원동,2,35.8895144,128.5653452
2019,대구광역시 북구 노원동3가 760-11,노원동3가 760-11,노원동,3,35.8896091,128.5659433
2019,대구광역시 북구 노원동3가 765-6,노원동3가 765-6,노원동,1,35.8893094,128.5673613
2019,대구광역시 북구 노원동3가 765-9,노원동3가 765-9,노원동,1,35.8892149,128.5671575
2019,대구광역시 북구 노원동3가 768-1,노원동3가 768-1,노원동,1,35.8892179,128.5675169
2019,대구광역시 북구 노원동3가 770-2,노원동3가 770-2,노원동,1,35.8890744,128.5678492
2019,대구광역시 북구 노원동3가 771,노원동3가 771,노원동,1,35.8892667,128.5678087
2019,대구광역시 북구 노원동3가 772-1,노원동3가 772-1,노원동,5,35.8891961,128.5679327
2019,대구광역시 북구 노원동3가 773,노원동3가 773,노원동,2,35.8891141,128.5680075
2019,대구광역시 북구 노원동3가 775,노원동3가 775,노원동,1,35.8890075,128.5680861
2019,대구광역시 북구 노원동3가 776-5,노원동3가 776-5,노원동,1,35.8893265,128.5681259
2019,대구광역시 북구 노원동3가 776-7,노원동3가 776-7,노원동,1,35.8892184,128.5682852
2019,대구광역시 북구 노원동3가 777-2,노원동3가 777-2,노원동,2,35.8891065,128.5683942
2019,대구광역시 북구 노원동3가 778-1,노원동3가 778-1,노원동,1,35.8892641,128.5685302
2019,대구광역시 북구 노원동3가 779-12,노원동3가 779-12,노원동,1,35.888973,128.5684723
2019,대구광역시 북구 노원동3가 779-2,노원동3가 779-2,노원동,1,35.8890459,128.5688246
2019,대구광역시 북구 노원동3가 779-3,노원동3가 779-3,노원동,1,35.8890035,128.5686628
2019,대구광역시 북구 노원동3가 779-4,노원동3가 779-4,노원동,1,35.8890884,128.5685093
2019,대구광역시 북구 노원동3가 781,노원동3가 781,노원동,2,35.8888942,128.5693782
2019,대구광역시 북구 노원동3가 783-1,노원동3가 783-1,노원동,3,35.8892322,128.5690098
2019,대구광역시 북구 노원동3가 783-5,노원동3가 783-5,노원동,2,35.8892378,128.5686888
2019,대구광역시 북구 노원동3가 784-1,노원동3가 784-1,노원동,69,35.8913465,128.5543122
2019,대구광역시 북구 노원동3가 856,노원동3가 856,노원동,1,35.8894748,128.5687129
2019,대구광역시 북구 노원동3가 859,노원동3가 859,노원동,1,35.8894713,128.5690486
2019,대구광역시 북구 노원동3가 863-1,노원동3가 863-1,노원동,1,35.8893823,128.5690515
2019,대구광역시 북구 노원동3가 986,노원동3가 986,노원동,1,35.8903807,128.5697763
2019,대구광역시 북구 노원동3가 996,노원동3가 996,노원동,1,35.8919561,128.5681133
2019,대구광역시 북구 대현동 1-2,대현동 1-2,대현동,1,35.8836805,128.6122849
2019,대구광역시 북구 대현동 109-13,대현동 109-13,대현동,19,35.8852111,128.6121576
2019,대구광역시 북구 대현동 112-40,대현동 112-40,대현동,1,35.8847645,128.6111277
2019,대구광역시 북구 대현동 112-41,대현동 112-41,대현동,1,35.8844042,128.6103239
2019,대구광역시 북구 대현동 112-63,대현동 112-63,대현동,1,35.8847704,128.6108628
2019,대구광역시 북구 대현동 112-69,대현동 112-69,대현동,1,35.8848044,128.6100741
2019,대구광역시 북구 대현동 14-40,대현동 14-40,대현동,1,35.8844442,128.613042
2019,대구광역시 북구 대현동 153-18,대현동 153-18,대현동,1,35.8822116,128.6111577
2019,대구광역시 북구 대현동 153-3,대현동 153-3,대현동,4,35.8820732,128.6116758
2019,대구광역시 북구 대현동 153-4,대현동 153-4,대현동,1,35.8820603,128.6115438
2019,대구광역시 북구 대현동 155-1,대현동 155-1,대현동,1,35.8823616,128.6108284
2019,대구광역시 북구 대현동 160-10,대현동 160-10,대현동,1,35.8835592,128.6074559
2019,대구광역시 북구 대현동 162-13,대현동 162-13,대현동,1,35.8837519,128.6076579
2019,대구광역시 북구 대현동 164-20,대현동 164-20,대현동,2,35.8839011,128.6076987
2019,대구광역시 북구 대현동 186-10,대현동 186-10,대현동,1,35.884547,128.6082138
2019,대구광역시 북구 대현동 19-26,대현동 19-26,대현동,1,35.8853369,128.6127776
2019,대구광역시 북구 대현동 190-1,대현동 190-1,대현동,1,35.8846257,128.6095061
2019,대구광역시 북구 대현동 193-11,대현동 193-11,대현동,1,35.8843307,128.6083768
2019,대구광역시 북구 대현동 194-2,대현동 194-2,대현동,1,35.884436,128.608323
2019,대구광역시 북구 대현동 194-5,대현동 194-5,대현동,1,35.8843044,128.6081635
2019,대구광역시 북구 대현동 194-9,대현동 194-9,대현동,1,35.8842515,128.6082851
2019,대구광역시 북구 대현동 199-10,대현동 199-10,대현동,1,35.8827355,128.610146
2019,대구광역시 북구 대현동 201-15,대현동 201-15,대현동,1,35.8828265,128.609561
2019,대구광역시 북구 대현동 201-26,대현동 201-26,대현동,1,35.8833233,128.6098293
2019,대구광역시 북구 대현동 201-8,대현동 201-8,대현동,1,35.8829175,128.6092381
2019,대구광역시 북구 대현동 202-7,대현동 202-7,대현동,2,35.8826648,128.6096348
2019,대구광역시 북구 대현동 205-11,대현동 205-11,대현동,1,35.8829629,128.6112527
2019,대구광역시 북구 대현동 206-14,대현동 206-14,대현동,1,35.8833104,128.6095732
2019,대구광역시 북구 대현동 215-2,대현동 215-2,대현동,1,35.8838529,128.6095224
2019,대구광역시 북구 대현동 218-20,대현동 218-20,대현동,1,35.8822067,128.6119436
2019,대구광역시 북구 대현동 22-9,대현동 22-9,대현동,1,35.8849763,128.6132534
2019,대구광역시 북구 대현동 222-1,대현동 222-1,대현동,1,35.8850223,128.606771
2019,대구광역시 북구 대현동 222-5,대현동 222-5,대현동,1,35.8844626,128.6068016
2019,대구광역시 북구 대현동 223-8,대현동 223-8,대현동,1,35.885119,128.6060123
2019,대구광역시 북구 대현동 227-2,대현동 227-2,대현동,1,35.8844061,128.6060432
2019,대구광역시 북구 대현동 227-9,대현동 227-9,대현동,3,35.8841937,128.6062765
2019,대구광역시 북구 대현동 228-12,대현동 228-12,대현동,2,35.8855116,128.6041131
2019,대구광역시 북구 대현동 228-14,대현동 228-14,대현동,1,35.8856385,128.6040081
2019,대구광역시 북구 대현동 228-6,대현동 228-6,대현동,2,35.8854034,128.6042825
2019,대구광역시 북구 대현동 229-17,대현동 229-17,대현동,1,35.8861123,128.6030643
2019,대구광역시 북구 대현동 23-1,대현동 23-1,대현동,1,35.885205,128.6136138
2019,대구광역시 북구 대현동 23-2,대현동 23-2,대현동,3,35.885137,128.6137296
2019,대구광역시 북구 대현동 231-9,대현동 231-9,대현동,1,35.8860438,128.6039555
2019,대구광역시 북구 대현동 233-16,대현동 233-16,대현동,1,35.8858163,128.6047099
2019,대구광역시 북구 대현동 233-31,대현동 233-31,대현동,2,35.8860244,128.6049411
2019,대구광역시 북구 대현동 234-6,대현동 234-6,대현동,3,35.8863161,128.6051796
2019,대구광역시 북구 대현동 234-7,대현동 234-7,대현동,1,35.8864267,128.6052104
2019,대구광역시 북구 대현동 235,대현동 235,대현동,4,35.8870498,128.6051407
2019,대구광역시 북구 대현동 236-2,대현동 236-2,대현동,3,35.8860231,128.6043087
2019,대구광역시 북구 대현동 237-7,대현동 237-7,대현동,1,35.8868299,128.6039744
2019,대구광역시 북구 대현동 24-11,대현동 24-11,대현동,2,35.8853127,128.6136604
2019,대구광역시 북구 대현동 24-14,대현동 24-14,대현동,1,35.8844761,128.613273
2019,대구광역시 북구 대현동 24-15,대현동 24-15,대현동,6,35.8851847,128.6138017
2019,대구광역시 북구 대현동 24-16,대현동 24-16,대현동,1,35.8845855,128.6131536
2019,대구광역시 북구 대현동 24-17,대현동 24-17,대현동,1,35.8849933,128.6137832
2019,대구광역시 북구 대현동 24-2,대현동 24-2,대현동,10,35.8850575,128.613909
2019,대구광역시 북구 대현동 24-25,대현동 24-25,대현동,6,35.8852037,128.6138604
2019,대구광역시 북구 대현동 24-28,대현동 24-28,대현동,1,35.8848579,128.6134568
2019,대구광역시 북구 대현동 24-3,대현동 24-3,대현동,2,35.8849249,128.6138771
2019,대구광역시 북구 대현동 24-30,대현동 24-30,대현동,1,35.8849034,128.6136438
2019,대구광역시 북구 대현동 24-8,대현동 24-8,대현동,2,35.8854153,128.6137367
2019,대구광역시 북구 대현동 24-9,대현동 24-9,대현동,9,35.8852864,128.6137922
2019,대구광역시 북구 대현동 240-14,대현동 240-14,대현동,1,35.8863058,128.6045482
2019,대구광역시 북구 대현동 25,대현동 25,대현동,16,35.8877391,128.6111831
2019,대구광역시 북구 대현동 25-22,대현동 25-22,대현동,1,35.885465,128.608431
2019,대구광역시 북구 대현동 25-24,대현동 25-24,대현동,1,35.8853457,128.6085136
2019,대구광역시 북구 대현동 25-28,대현동 25-28,대현동,1,35.8854579,128.6085427
2019,대구광역시 북구 대현동 25-37,대현동 25-37,대현동,1,35.8857565,128.6134678
2019,대구광역시 북구 대현동 252-1,대현동 252-1,대현동,1,35.8875311,128.6039195
2019,대구광역시 북구 대현동 256-12,대현동 256-12,대현동,1,35.8879899,128.6033438
2019,대구광역시 북구 대현동 258-1,대현동 258-1,대현동,94,35.8841439,128.6059475
2019,대구광역시 북구 대현동 27-1,대현동 27-1,대현동,1,35.8860443,128.6153601
2019,대구광역시 북구 대현동 270-1,대현동 270-1,대현동,1,35.8815814,128.6116382
2019,대구광역시 북구 대현동 270-11,대현동 270-11,대현동,1,35.8817743,128.6114596
2019,대구광역시 북구 대현동 270-3,대현동 270-3,대현동,14,35.881702,128.6115915
2019,대구광역시 북구 대현동 272-27,대현동 272-27,대현동,25,35.8819862,128.6067263
2019,대구광역시 북구 대현동 274-1,대현동 274-1,대현동,5,35.8808083,128.6111089
2019,대구광역시 북구 대현동 274-15,대현동 274-15,대현동,1,35.8811208,128.6117062
2019,대구광역시 북구 대현동 274-36,대현동 274-36,대현동,1,35.8812256,128.6111714
2019,대구광역시 북구 대현동 274-38,대현동 274-38,대현동,2,35.8812371,128.6114711
2019,대구광역시 북구 대현동 274-40,대현동 274-40,대현동,6,35.8810429,128.6112539
2019,대구광역시 북구 대현동 274-52,대현동 274-52,대현동,1,35.881385,128.610783
2019,대구광역시 북구 대현동 274-54,대현동 274-54,대현동,2,35.8814044,128.6116166
2019,대구광역시 북구 대현동 274-58,대현동 274-58,대현동,2,35.8816108,128.6114753
2019,대구광역시 북구 대현동 274-63,대현동 274-63,대현동,1,35.8814607,128.6114939
2019,대구광역시 북구 대현동 274-64,대현동 274-64,대현동,1,35.8808772,128.6114736
2019,대구광역시 북구 대현동 274-65,대현동 274-65,대현동,6,35.8807248,128.6112913
2019,대구광역시 북구 대현동 274-66,대현동 274-66,대현동,5,35.881243,128.6116028
2019,대구광역시 북구 대현동 274-74,대현동 274-74,대현동,1,35.8817244,128.6114025
2019,대구광역시 북구 대현동 274-78,대현동 274-78,대현동,2,35.8810472,128.6114051
2019,대구광역시 북구 대현동 274-8,대현동 274-8,대현동,4,35.8813477,128.611364
2019,대구광역시 북구 대현동 277-2,대현동 277-2,대현동,5,35.8801544,128.6099521
2019,대구광역시 북구 대현동 277-54,대현동 277-54,대현동,3,35.8803075,128.6106097
2019,대구광역시 북구 대현동 277-9,대현동 277-9,대현동,1,35.8800692,128.610426
2019,대구광역시 북구 대현동 3-2,대현동 3-2,대현동,2,35.8817474,128.6118444
2019,대구광역시 북구 대현동 316-2,대현동 316-2,대현동,8,35.8789796,128.6057915
2019,대구광역시 북구 대현동 318-14,대현동 318-14,대현동,1,35.8788804,128.6055249
2019,대구광역시 북구 대현동 319-20,대현동 319-20,대현동,2,35.878714,128.6054633
2019,대구광역시 북구 대현동 322-4,대현동 322-4,대현동,1,35.8779548,128.6065998
2019,대구광역시 북구 대현동 326-24,대현동 326-24,대현동,3,35.8794733,128.6065389
2019,대구광역시 북구 대현동 329-8,대현동 329-8,대현동,1,35.8779085,128.6073663
2019,대구광역시 북구 대현동 332-3,대현동 332-3,대현동,1,35.8784712,128.6077254
2019,대구광역시 북구 대현동 333-6,대현동 333-6,대현동,1,35.879484,128.6067276
2019,대구광역시 북구 대현동 338-18,대현동 338-18,대현동,10,35.8792142,128.607902
2019,대구광역시 북구 대현동 338-26,대현동 338-26,대현동,1,35.8787482,128.6085442
2019,대구광역시 북구 대현동 339-3,대현동 339-3,대현동,1,35.8784328,128.6081624
2019,대구광역시 북구 대현동 340-10,대현동 340-10,대현동,1,35.8786356,128.6084374
2019,대구광역시 북구 대현동 340-11,대현동 340-11,대현동,3,35.8785935,128.6085278
2019,대구광역시 북구 대현동 340-15,대현동 340-15,대현동,1,35.878425,128.6084687
2019,대구광역시 북구 대현동 340-16,대현동 340-16,대현동,6,35.8783879,128.6086468
2019,대구광역시 북구 대현동 340-2,대현동 340-2,대현동,11,35.8784914,128.6086423
2019,대구광역시 북구 대현동 340-4,대현동 340-4,대현동,2,35.8785751,128.6083523
2019,대구광역시 북구 대현동 369,대현동 369,대현동,1,35.8776231,128.6056801
2019,대구광역시 북구 대현동 389,대현동 389,대현동,3,35.8773375,128.6057179
2019,대구광역시 북구 대현동 390,대현동 390,대현동,4,35.8811356,128.6089338
2019,대구광역시 북구 대현동 390-1,대현동 390-1,대현동,1,35.8811445,128.608593
2019,대구광역시 북구 대현동 390-30,대현동 390-30,대현동,2,35.8814878,128.6074284
2019,대구광역시 북구 대현동 391-12,대현동 391-12,대현동,1,35.8815257,128.6084501
2019,대구광역시 북구 대현동 394-3,대현동 394-3,대현동,1,35.8819366,128.6074047
2019,대구광역시 북구 대현동 396,대현동 396,대현동,3,35.8869032,128.6020353
2019,대구광역시 북구 대현동 397-1,대현동 397-1,대현동,2,35.8863974,128.6020596
2019,대구광역시 북구 대현동 397-4,대현동 397-4,대현동,2,35.8820372,128.6071854
2019,대구광역시 북구 대현동 404-1,대현동 404-1,대현동,1,35.8825269,128.6078466
2019,대구광역시 북구 대현동 404-2,대현동 404-2,대현동,1,35.8824547,128.6078018
2019,대구광역시 북구 대현동 404-3,대현동 404-3,대현동,1,35.8826632,128.6079701
2019,대구광역시 북구 대현동 404-7,대현동 404-7,대현동,1,35.8825985,128.6076766
2019,대구광역시 북구 대현동 404-8,대현동 404-8,대현동,2,35.8825286,128.6076287
2019,대구광역시 북구 대현동 405-3,대현동 405-3,대현동,1,35.8822503,128.6086026
2019,대구광역시 북구 대현동 405-8,대현동 405-8,대현동,2,35.8825359,128.6081305
2019,대구광역시 북구 대현동 406-3,대현동 406-3,대현동,1,35.8820967,128.6091389
2019,대구광역시 북구 대현동 409,대현동 409,대현동,1,35.8859733,128.6022224
2019,대구광역시 북구 대현동 410,대현동 410,대현동,1,35.8856039,128.6021451
2019,대구광역시 북구 대현동 411-9,대현동 411-9,대현동,1,35.8858994,128.6026894
2019,대구광역시 북구 대현동 412-6,대현동 412-6,대현동,1,35.8849991,128.604021
2019,대구광역시 북구 대현동 415-2,대현동 415-2,대현동,1,35.884656,128.6045901
2019,대구광역시 북구 대현동 415-38,대현동 415-38,대현동,1,35.8838193,128.6060852
2019,대구광역시 북구 대현동 422-36,대현동 422-36,대현동,1,35.883523,128.6048441
2019,대구광역시 북구 대현동 426-57,대현동 426-57,대현동,2,35.8826477,128.6059853
2019,대구광역시 북구 대현동 428-15,대현동 428-15,대현동,3,35.8825321,128.6059326
2019,대구광역시 북구 대현동 428-2,대현동 428-2,대현동,4,35.8826979,128.6055675
2019,대구광역시 북구 대현동 428-8,대현동 428-8,대현동,2,35.8826143,128.6061199
2019,대구광역시 북구 대현동 430-1,대현동 430-1,대현동,11,35.8824474,128.6058667
2019,대구광역시 북구 대현동 431-8,대현동 431-8,대현동,22,35.8825052,128.6052878
2019,대구광역시 북구 대현동 433,대현동 433,대현동,1,35.8826355,128.6050825
2019,대구광역시 북구 대현동 435-107,대현동 435-107,대현동,2,35.8826724,128.6039642
2019,대구광역시 북구 대현동 435-11,대현동 435-11,대현동,1,35.8826135,128.6049074
2019,대구광역시 북구 대현동 435-116,대현동 435-116,대현동,1,35.8831993,128.6036855
2019,대구광역시 북구 대현동 435-6,대현동 435-6,대현동,1,35.8827051,128.6037772
2019,대구광역시 북구 대현동 438-10,대현동 438-10,대현동,2,35.8827481,128.6027731
2019,대구광역시 북구 대현동 438-13,대현동 438-13,대현동,1,35.8827178,128.6025574
2019,대구광역시 북구 대현동 438-2,대현동 438-2,대현동,4,35.8828319,128.6024472
2019,대구광역시 북구 대현동 438-3,대현동 438-3,대현동,4,35.8827006,128.6024499
2019,대구광역시 북구 대현동 439-12,대현동 439-12,대현동,1,35.8829441,128.6033651
2019,대구광역시 북구 대현동 439-13,대현동 439-13,대현동,1,35.8829505,128.6035494
2019,대구광역시 북구 대현동 439-14,대현동 439-14,대현동,2,35.8828676,128.6035575
2019,대구광역시 북구 대현동 439-15,대현동 439-15,대현동,5,35.8828561,128.6033712
2019,대구광역시 북구 대현동 439-16,대현동 439-16,대현동,22,35.8827675,128.6033769
2019,대구광역시 북구 대현동 439-17,대현동 439-17,대현동,3,35.8827801,128.603559
2019,대구광역시 북구 대현동 439-18,대현동 439-18,대현동,4,35.8828086,128.60346
2019,대구광역시 북구 대현동 439-19,대현동 439-19,대현동,31,35.8826767,128.6033831
2019,대구광역시 북구 대현동 439-20,대현동 439-20,대현동,8,35.882855,128.6032862
2019,대구광역시 북구 대현동 439-21,대현동 439-21,대현동,17,35.8826711,128.6032134
2019,대구광역시 북구 대현동 439-22,대현동 439-22,대현동,4,35.8827636,128.6032062
2019,대구광역시 북구 대현동 439-27,대현동 439-27,대현동,1,35.882823,128.6030636
2019,대구광역시 북구 대현동 439-29,대현동 439-29,대현동,1,35.8826587,128.6030401
2019,대구광역시 북구 대현동 439-35,대현동 439-35,대현동,18,35.8826905,128.6035556
2019,대구광역시 북구 대현동 439-36,대현동 439-36,대현동,2,35.8824995,128.603602
2019,대구광역시 북구 대현동 439-4,대현동 439-4,대현동,58,35.8825882,128.6034974
2019,대구광역시 북구 대현동 439-5,대현동 439-5,대현동,3,35.8825045,128.6032841
2019,대구광역시 북구 대현동 440-2,대현동 440-2,대현동,2,35.8822918,128.602603
2019,대구광역시 북구 대현동 440-34,대현동 440-34,대현동,1,35.8824557,128.6027114
2019,대구광역시 북구 대현동 442-16,대현동 442-16,대현동,1,35.8808113,128.6032529
2019,대구광역시 북구 대현동 442-5,대현동 442-5,대현동,1,35.8809043,128.6031287
2019,대구광역시 북구 대현동 451-35,대현동 451-35,대현동,3,35.8824805,128.6034386
2019,대구광역시 북구 대현동 461-3,대현동 461-3,대현동,1,35.881998,128.6062024
2019,대구광역시 북구 대현동 480-6,대현동 480-6,대현동,1,35.8853401,128.6025552
2019,대구광역시 북구 대현동 482-36,대현동 482-36,대현동,1,35.8840223,128.6025332
2019,대구광역시 북구 대현동 485-2,대현동 485-2,대현동,2,35.881077,128.6071291
2019,대구광역시 북구 대현동 499-2,대현동 499-2,대현동,2,35.8792533,128.605344
2019,대구광역시 북구 대현동 502-1,대현동 502-1,대현동,2,35.8789147,128.6044448
2019,대구광역시 북구 대현동 502-5,대현동 502-5,대현동,1,35.8792892,128.604633
2019,대구광역시 북구 대현동 504-1,대현동 504-1,대현동,3,35.8792038,128.6055971
2019,대구광역시 북구 대현동 504-2,대현동 504-2,대현동,49,35.8793671,128.6054117
2019,대구광역시 북구 대현동 512,대현동 512,대현동,13,35.882974,128.6021963
2019,대구광역시 북구 대현동 514,대현동 514,대현동,1,35.8789326,128.604996
2019,대구광역시 북구 대현동 521,대현동 521,대현동,18,35.8813928,128.603596
2019,대구광역시 북구 대현동 521-12,대현동 521-12,대현동,1,35.8805025,128.604534
2019,대구광역시 북구 대현동 521-13,대현동 521-13,대현동,2,35.8824984,128.6031696
2019,대구광역시 북구 대현동 521-4,대현동 521-4,대현동,1,35.881534,128.6027462
2019,대구광역시 북구 대현동 524,대현동 524,대현동,4,35.8844989,128.604104
2019,대구광역시 북구 대현동 526,대현동 526,대현동,22,35.8858208,128.6072941
2019,대구광역시 북구 대현동 527,대현동 527,대현동,172,35.8801619,128.6061845
2019,대구광역시 북구 대현동 527-1,대현동 527-1,대현동,20,35.880113,128.6050057
2019,대구광역시 북구 대현동 529,대현동 529,대현동,2,35.8815353,128.6041286
2019,대구광역시 북구 대현동 530,대현동 530,대현동,6,35.8814706,128.6042263
2019,대구광역시 북구 대현동 531,대현동 531,대현동,33,35.8816336,128.6053876
2019,대구광역시 북구 대현동 532,대현동 532,대현동,36,35.8819734,128.6065618
2019,대구광역시 북구 대현동 533,대현동 533,대현동,1,35.8816051,128.6042191
2019,대구광역시 북구 대현동 535,대현동 535,대현동,37,35.8798096,128.6086527
2019,대구광역시 북구 대현동 536,대현동 536,대현동,37,35.8805399,128.6089309
2019,대구광역시 북구 대현동 537,대현동 537,대현동,1,35.881112,128.6071211
2019,대구광역시 북구 대현동 538,대현동 538,대현동,7,35.879717,128.607379
2019,대구광역시 북구 동변동 304-3,동변동 304-3,동변동,1,35.9213078,128.6005954
2019,대구광역시 북구 동변동 305-2,동변동 305-2,동변동,1,35.9211461,128.6006173
2019,대구광역시 북구 동변동 305-3,동변동 305-3,동변동,1,35.9208526,128.6006923
2019,대구광역시 북구 동변동 325,동변동 325,동변동,1,35.9213262,128.6018437
2019,대구광역시 북구 동변동 330-1,동변동 330-1,동변동,1,35.921458,128.6028982
2019,대구광역시 북구 동변동 358,동변동 358,동변동,2,35.9215249,128.6043143
2019,대구광역시 북구 동변동 361-2,동변동 361-2,동변동,1,35.921363,128.6045968
2019,대구광역시 북구 동변동 361-3,동변동 361-3,동변동,1,35.9213498,128.6043006
2019,대구광역시 북구 동변동 362-3,동변동 362-3,동변동,1,35.9213297,128.6048365
2019,대구광역시 북구 동변동 363,동변동 363,동변동,1,35.9212633,128.6051712
2019,대구광역시 북구 동변동 364-1,동변동 364-1,동변동,2,35.9211403,128.6052695
2019,대구광역시 북구 동변동 401-2,동변동 401-2,동변동,1,35.9200531,128.6007968
2019,대구광역시 북구 동변동 485-5,동변동 485-5,동변동,1,35.9160112,128.6009279
2019,대구광역시 북구 동변동 492,동변동 492,동변동,12,35.9213532,128.6019999
2019,대구광역시 북구 동변동 492-2,동변동 492-2,동변동,3,35.921368,128.6021048
2019,대구광역시 북구 동변동 493,동변동 493,동변동,1,35.9213163,128.6022657
2019,대구광역시 북구 동변동 495,동변동 495,동변동,3,35.9214143,128.6030759
2019,대구광역시 북구 동변동 497,동변동 497,동변동,4,35.9214583,128.6034225
2019,대구광역시 북구 동변동 497-1,동변동 497-1,동변동,2,35.9214175,128.6033104
2019,대구광역시 북구 동변동 498-1,동변동 498-1,동변동,3,35.9214477,128.6036242
2019,대구광역시 북구 동변동 556-1,동변동 556-1,동변동,1,35.9157011,128.6047323
2019,대구광역시 북구 동변동 599-5,동변동 599-5,동변동,2,35.9154016,128.6010122
2019,대구광역시 북구 동변동 599-6,동변동 599-6,동변동,2,35.9145646,128.6012362
2019,대구광역시 북구 동변동 617-1,동변동 617-1,동변동,47,35.9210229,128.611941
2019,대구광역시 북구 동변동 650-1,동변동 650-1,동변동,5,35.9208837,128.6006683
2019,대구광역시 북구 동변동 650-5,동변동 650-5,동변동,1,35.9215263,128.6005595
2019,대구광역시 북구 동변동 659,동변동 659,동변동,22,35.9214853,128.6009086
2019,대구광역시 북구 동변동 660,동변동 660,동변동,4,35.9213482,128.6012011
2019,대구광역시 북구 동변동 661,동변동 661,동변동,15,35.9216586,128.600614
2019,대구광역시 북구 동변동 662,동변동 662,동변동,1,35.9209697,128.600884
2019,대구광역시 북구 동변동 662-3,동변동 662-3,동변동,2,35.9209766,128.6012969
2019,대구광역시 북구 동변동 664-4,동변동 664-4,동변동,2,35.9201226,128.6010037
2019,대구광역시 북구 동변동 668-15,동변동 668-15,동변동,5,35.9195872,128.6010401
2019,대구광역시 북구 동변동 668-7,동변동 668-7,동변동,1,35.9197602,128.6020555
2019,대구광역시 북구 동변동 668-8,동변동 668-8,동변동,1,35.9196174,128.6020632
2019,대구광역시 북구 동변동 669,동변동 669,동변동,3,35.9209941,128.6023011
2019,대구광역시 북구 동변동 669-5,동변동 669-5,동변동,4,35.9210312,128.6033266
2019,대구광역시 북구 동변동 670,동변동 670,동변동,1,35.9208677,128.6027295
2019,대구광역시 북구 동변동 674-10,동변동 674-10,동변동,5,35.9196554,128.6034209
2019,대구광역시 북구 동변동 674-11,동변동 674-11,동변동,3,35.9197734,128.6034193
2019,대구광역시 북구 동변동 674-12,동변동 674-12,동변동,1,35.9198883,128.6034146
2019,대구광역시 북구 동변동 676-5,동변동 676-5,동변동,1,35.9197919,128.6029859
2019,대구광역시 북구 동변동 677,동변동 677,동변동,2,35.9198051,128.6022136
2019,대구광역시 북구 동변동 678,동변동 678,동변동,4,35.9191981,128.6022542
2019,대구광역시 북구 동변동 679,동변동 679,동변동,23,35.9178303,128.6023568
2019,대구광역시 북구 동변동 680,동변동 680,동변동,23,35.9188352,128.6009585
2019,대구광역시 북구 동변동 681,동변동 681,동변동,129,35.9176577,128.6037152
2019,대구광역시 북구 동변동 682,동변동 682,동변동,84,35.9154563,128.6023684
2019,대구광역시 북구 동변동 683,동변동 683,동변동,18,35.9155081,128.6010977
2019,대구광역시 북구 동변동 684-20,동변동 684-20,동변동,9,35.9209067,128.6037763
2019,대구광역시 북구 동변동 684-5,동변동 684-5,동변동,1,35.9211019,128.6044439
2019,대구광역시 북구 동변동 686-1,동변동 686-1,동변동,1,35.9205915,128.6037892
2019,대구광역시 북구 동변동 686-10,동변동 686-10,동변동,2,35.9196712,128.6039984
2019,대구광역시 북구 동변동 686-11,동변동 686-11,동변동,9,35.9197901,128.6039961
2019,대구광역시 북구 동변동 686-15,동변동 686-15,동변동,2,35.920251,128.603978
2019,대구광역시 북구 동변동 686-2,동변동 686-2,동변동,1,35.9204761,128.6037931
2019,대구광역시 북구 동변동 686-3,동변동 686-3,동변동,2,35.9203608,128.6037971
2019,대구광역시 북구 동변동 686-4,동변동 686-4,동변동,1,35.9202456,128.6038013
2019,대구광역시 북구 동변동 686-8,동변동 686-8,동변동,2,35.9197849,128.6038197
2019,대구광역시 북구 동변동 686-9,동변동 686-9,동변동,3,35.9196673,128.6038281
2019,대구광역시 북구 동변동 689,동변동 689,동변동,2,35.9201679,128.6045596
2019,대구광역시 북구 동변동 690,동변동 690,동변동,1,35.9198308,128.6042441
2019,대구광역시 북구 동변동 690-10,동변동 690-10,동변동,2,35.9197271,128.6054837
2019,대구광역시 북구 동변동 690-11,동변동 690-11,동변동,2,35.9197206,128.605346
2019,대구광역시 북구 동변동 690-18,동변동 690-18,동변동,2,35.9196912,128.6043875
2019,대구광역시 북구 동변동 692-10,동변동 692-10,동변동,3,35.9198434,128.6059023
2019,대구광역시 북구 동변동 693,동변동 693,동변동,8,35.9195796,128.6048701
2019,대구광역시 북구 동변동 694,동변동 694,동변동,2,35.9190171,128.6043259
2019,대구광역시 북구 동변동 696,동변동 696,동변동,7,35.9192162,128.6060748
2019,대구광역시 북구 동변동 697,동변동 697,동변동,5,35.9174145,128.6048412
2019,대구광역시 북구 동변동 700,동변동 700,동변동,8,35.9155377,128.6043183
2019,대구광역시 북구 동천동 263-1,동천동 263-1,동천동,1,35.9442962,128.5541864
2019,대구광역시 북구 동천동 838-15,동천동 838-15,동천동,4,35.9380753,128.5560443
2019,대구광역시 북구 동천동 838-43,동천동 838-43,동천동,1,35.9339837,128.554766
2019,대구광역시 북구 동천동 838-5,동천동 838-5,동천동,31,35.9415633,128.5572024
2019,대구광역시 북구 동천동 838-52,동천동 838-52,동천동,1,35.9372111,128.5552251
2019,대구광역시 북구 동천동 838-53,동천동 838-53,동천동,6,35.9347738,128.5552579
2019,대구광역시 북구 동천동 838-55,동천동 838-55,동천동,1,35.9375755,128.5553855
2019,대구광역시 북구 동천동 838-56,동천동 838-56,동천동,2,35.9324783,128.5542553
2019,대구광역시 북구 동천동 850-5,동천동 850-5,동천동,1,35.9389356,128.5574198
2019,대구광역시 북구 동천동 872,동천동 872,동천동,9,35.9331769,128.5570438
2019,대구광역시 북구 동천동 872-1,동천동 872-1,동천동,2,35.9339467,128.55626
2019,대구광역시 북구 동천동 873,동천동 873,동천동,1,35.9323476,128.5554794
2019,대구광역시 북구 동천동 874,동천동 874,동천동,2,35.9323705,128.5557629
2019,대구광역시 북구 동천동 875,동천동 875,동천동,3,35.932265,128.556928
2019,대구광역시 북구 동천동 875-1,동천동 875-1,동천동,2,35.932245,128.5571736
2019,대구광역시 북구 동천동 876,동천동 876,동천동,1,35.9321626,128.5578479
2019,대구광역시 북구 동천동 876-5,동천동 876-5,동천동,1,35.9321949,128.5575424
2019,대구광역시 북구 동천동 877,동천동 877,동천동,3,35.9320017,128.5568986
2019,대구광역시 북구 동천동 877-1,동천동 877-1,동천동,6,35.9319803,128.5571574
2019,대구광역시 북구 동천동 878-1,동천동 878-1,동천동,1,35.9320885,128.5559077
2019,대구광역시 북구 동천동 878-3,동천동 878-3,동천동,1,35.932052,128.5563173
2019,대구광역시 북구 동천동 880,동천동 880,동천동,28,35.933229,128.5591174
2019,대구광역시 북구 동천동 880-1,동천동 880-1,동천동,14,35.9326338,128.5605867
2019,대구광역시 북구 동천동 880-3,동천동 880-3,동천동,1,35.9321803,128.559244
2019,대구광역시 북구 동천동 880-4,동천동 880-4,동천동,8,35.9324486,128.5613954
2019,대구광역시 북구 동천동 880-5,동천동 880-5,동천동,1,35.931641,128.5597836
2019,대구광역시 북구 동천동 881,동천동 881,동천동,1,35.9332376,128.5554448
2019,대구광역시 북구 동천동 882,동천동 882,동천동,8,35.9330602,128.5555244
2019,대구광역시 북구 동천동 883,동천동 883,동천동,150,35.9338646,128.5588811
2019,대구광역시 북구 동천동 884,동천동 884,동천동,4,35.9327862,128.5583653
2019,대구광역시 북구 동천동 885,동천동 885,동천동,36,35.9324283,128.5568255
2019,대구광역시 북구 동천동 886,동천동 886,동천동,23,35.9321907,128.5565246
2019,대구광역시 북구 동천동 887,동천동 887,동천동,29,35.9317108,128.558131
2019,대구광역시 북구 동천동 888,동천동 888,동천동,22,35.9324239,128.5616447
2019,대구광역시 북구 동천동 889,동천동 889,동천동,4,35.9457806,128.5573755
2019,대구광역시 북구 동천동 889-2,동천동 889-2,동천동,8,35.9455175,128.5569657
2019,대구광역시 북구 동천동 889-3,동천동 889-3,동천동,2,35.9460829,128.5564999
2019,대구광역시 북구 동천동 890,동천동 890,동천동,7,35.9454821,128.5600398
2019,대구광역시 북구 동천동 890-2,동천동 890-2,동천동,5,35.9454855,128.558818
2019,대구광역시 북구 동천동 891,동천동 891,동천동,21,35.9453418,128.5627009
2019,대구광역시 북구 동천동 891-1,동천동 891-1,동천동,11,35.9459137,128.5617696
2019,대구광역시 북구 동천동 891-2,동천동 891-2,동천동,5,35.9449852,128.5637658
2019,대구광역시 북구 동천동 892-1,동천동 892-1,동천동,5,35.9442628,128.5591567
2019,대구광역시 북구 동천동 892-2,동천동 892-2,동천동,3,35.9438899,128.5587341
2019,대구광역시 북구 동천동 892-3,동천동 892-3,동천동,6,35.943645,128.5586829
2019,대구광역시 북구 동천동 892-4,동천동 892-4,동천동,2,35.9434828,128.5586424
2019,대구광역시 북구 동천동 893,동천동 893,동천동,14,35.9433322,128.5586115
2019,대구광역시 북구 동천동 894-1,동천동 894-1,동천동,63,35.9441098,128.5603482
2019,대구광역시 북구 동천동 895-1,동천동 895-1,동천동,6,35.9441121,128.5613649
2019,대구광역시 북구 동천동 895-2,동천동 895-2,동천동,2,35.944067,128.5617397
2019,대구광역시 북구 동천동 895-3,동천동 895-3,동천동,4,35.9440134,128.5620651
2019,대구광역시 북구 동천동 895-4,동천동 895-4,동천동,15,35.9439784,128.5623972
2019,대구광역시 북구 동천동 895-5,동천동 895-5,동천동,19,35.943956,128.5626136
2019,대구광역시 북구 동천동 896,동천동 896,동천동,31,35.9427691,128.5631695
2019,대구광역시 북구 동천동 896-1,동천동 896-1,동천동,6,35.943924,128.5628593
2019,대구광역시 북구 동천동 896-2,동천동 896-2,동천동,2,35.943864,128.5633233
2019,대구광역시 북구 동천동 896-3,동천동 896-3,동천동,6,35.9435605,128.5633168
2019,대구광역시 북구 동천동 896-4,동천동 896-4,동천동,6,35.9433213,128.5632628
2019,대구광역시 북구 동천동 896-5,동천동 896-5,동천동,10,35.943081,128.5632296
2019,대구광역시 북구 동천동 896-6,동천동 896-6,동천동,12,35.9429179,128.5631987
2019,대구광역시 북구 동천동 897-1,동천동 897-1,동천동,4,35.9436056,128.5618794
2019,대구광역시 북구 동천동 897-10,동천동 897-10,동천동,8,35.943041,128.5622364
2019,대구광역시 북구 동천동 897-2,동천동 897-2,동천동,1,35.9435761,128.5621172
2019,대구광역시 북구 동천동 897-3,동천동 897-3,동천동,3,35.9435445,128.562356
2019,대구광역시 북구 동천동 897-4,동천동 897-4,동천동,7,35.9435214,128.5625296
2019,대구광역시 북구 동천동 897-5,동천동 897-5,동천동,3,35.9435114,128.5627491
2019,대구광역시 북구 동천동 897-6,동천동 897-6,동천동,1,35.9433203,128.5627156
2019,대구광역시 북구 동천동 897-7,동천동 897-7,동천동,4,35.9431278,128.5626781
2019,대구광역시 북구 동천동 897-9,동천동 897-9,동천동,2,35.9433111,128.5618675
2019,대구광역시 북구 동천동 898-1,동천동 898-1,동천동,6,35.9429493,128.5617445
2019,대구광역시 북구 동천동 898-2,동천동 898-2,동천동,2,35.9429173,128.5619749
2019,대구광역시 북구 동천동 898-3,동천동 898-3,동천동,1,35.9428868,128.5622071
2019,대구광역시 북구 동천동 898-5,동천동 898-5,동천동,12,35.9428308,128.5626688
2019,대구광역시 북구 동천동 899-1,동천동 899-1,동천동,16,35.9436416,128.5612222
2019,대구광역시 북구 동천동 899-2,동천동 899-2,동천동,4,35.9436111,128.5615014
2019,대구광역시 북구 동천동 899-3,동천동 899-3,동천동,1,35.9433212,128.5614443
2019,대구광역시 북구 동천동 899-4,동천동 899-4,동천동,2,35.9433512,128.5611622
2019,대구광역시 북구 동천동 899-5,동천동 899-5,동천동,8,35.9431604,128.5612419
2019,대구광역시 북구 동천동 900-2,동천동 900-2,동천동,3,35.9429914,128.5613764
2019,대구광역시 북구 동천동 901-1,동천동 901-1,동천동,19,35.9434881,128.5603615
2019,대구광역시 북구 동천동 901-2,동천동 901-2,동천동,16,35.9434517,128.5606327
2019,대구광역시 북구 동천동 901-3,동천동 901-3,동천동,4,35.9432496,128.5604661
2019,대구광역시 북구 동천동 902-1,동천동 902-1,동천동,3,35.9431146,128.5602902
2019,대구광역시 북구 동천동 902-2,동천동 902-2,동천동,7,35.9430802,128.5605589
2019,대구광역시 북구 동천동 903-1,동천동 903-1,동천동,3,35.9437173,128.5592085
2019,대구광역시 북구 동천동 903-4,동천동 903-4,동천동,4,35.9435423,128.5599345
2019,대구광역시 북구 동천동 903-5,동천동 903-5,동천동,4,35.943368,128.5595331
2019,대구광역시 북구 동천동 904-1,동천동 904-1,동천동,9,35.9432655,128.5591065
2019,대구광역시 북구 동천동 904-3,동천동 904-3,동천동,1,35.9431975,128.5596341
2019,대구광역시 북구 동천동 904-4,동천동 904-4,동천동,1,35.9431652,128.5598976
2019,대구광역시 북구 동천동 905-1,동천동 905-1,동천동,6,35.9429533,128.5585345
2019,대구광역시 북구 동천동 905-2,동천동 905-2,동천동,2,35.9426945,128.5584857
2019,대구광역시 북구 동천동 905-3,동천동 905-3,동천동,8,35.9424341,128.5584366
2019,대구광역시 북구 동천동 906-1,동천동 906-1,동천동,2,35.9428907,128.5590361
2019,대구광역시 북구 동천동 906-3,동천동 906-3,동천동,3,35.9428269,128.5595576
2019,대구광역시 북구 동천동 906-4,동천동 906-4,동천동,4,35.9427942,128.5598211
2019,대구광역시 북구 동천동 907-1,동천동 907-1,동천동,6,35.9424357,128.5589312
2019,대구광역시 북구 동천동 907-6,동천동 907-6,동천동,31,35.9423084,128.5599657
2019,대구광역시 북구 동천동 907-7,동천동 907-7,동천동,23,35.9422197,128.5597581
2019,대구광역시 북구 동천동 907-8,동천동 907-8,동천동,5,35.9422543,128.5594723
2019,대구광역시 북구 동천동 908-1,동천동 908-1,동천동,6,35.9427399,128.5604779
2019,대구광역시 북구 동천동 908-2,동천동 908-2,동천동,5,35.9425492,128.5604472
2019,대구광역시 북구 동천동 908-4,동천동 908-4,동천동,12,35.9421483,128.5603706
2019,대구광역시 북구 동천동 908-5,동천동 908-5,동천동,23,35.9422127,128.5601062
2019,대구광역시 북구 동천동 908-7,동천동 908-7,동천동,2,35.9427452,128.5602036
2019,대구광역시 북구 동천동 909-1,동천동 909-1,동천동,4,35.9426,128.5613002
2019,대구광역시 북구 동천동 909-2,동천동 909-2,동천동,1,35.9423304,128.5612531
2019,대구광역시 북구 동천동 909-4,동천동 909-4,동천동,1,35.9420874,128.5609274
2019,대구광역시 북구 동천동 909-6,동천동 909-6,동천동,2,35.9424748,128.5609921
2019,대구광역시 북구 동천동 909-7,동천동 909-7,동천동,4,35.9426667,128.56103
2019,대구광역시 북구 동천동 910-1,동천동 910-1,동천동,6,35.9425576,128.561704
2019,대구광역시 북구 동천동 910-4,동천동 910-4,동천동,5,35.9424439,128.5625634
2019,대구광역시 북구 동천동 911-1,동천동 911-1,동천동,1,35.9422089,128.5615659
2019,대구광역시 북구 동천동 911-3,동천동 911-3,동천동,1,35.9421467,128.5620469
2019,대구광역시 북구 동천동 911-4,동천동 911-4,동천동,1,35.9421147,128.562287
2019,대구광역시 북구 동천동 911-5,동천동 911-5,동천동,8,35.9419755,128.5625041
2019,대구광역시 북구 동천동 911-6,동천동 911-6,동천동,2,35.9419017,128.5622042
2019,대구광역시 북구 동천동 911-7,동천동 911-7,동천동,3,35.9419436,128.5618834
2019,대구광역시 북구 동천동 911-9,동천동 911-9,동천동,1,35.9421253,128.5613817
2019,대구광역시 북구 동천동 912-1,동천동 912-1,동천동,6,35.9423754,128.5630954
2019,대구광역시 북구 동천동 912-2,동천동 912-2,동천동,6,35.9420998,128.5630467
2019,대구광역시 북구 동천동 912-3,동천동 912-3,동천동,13,35.9418329,128.5629955
2019,대구광역시 북구 동천동 913,동천동 913,동천동,20,35.9409685,128.5593093
2019,대구광역시 북구 동천동 913-2,동천동 913-2,동천동,2,35.9411832,128.5581765
2019,대구광역시 북구 동천동 913-3,동천동 913-3,동천동,5,35.9396512,128.5591497
2019,대구광역시 북구 동천동 914,동천동 914,동천동,40,35.9405895,128.5616296
2019,대구광역시 북구 동천동 915,동천동 915,동천동,32,35.9379071,128.5613965
2019,대구광역시 북구 동천동 915-1,동천동 915-1,동천동,15,35.9388767,128.5607035
2019,대구광역시 북구 동천동 915-2,동천동 915-2,동천동,4,35.9382316,128.5605812
2019,대구광역시 북구 동천동 915-3,동천동 915-3,동천동,2,35.9381028,128.5624487
2019,대구광역시 북구 동천동 916-2,동천동 916-2,동천동,3,35.9395951,128.5584174
2019,대구광역시 북구 동천동 918-8,동천동 918-8,동천동,4,35.9390234,128.5581428
2019,대구광역시 북구 동천동 922-7,동천동 922-7,동천동,2,35.9384171,128.5597546
2019,대구광역시 북구 동천동 923-1,동천동 923-1,동천동,7,35.9381709,128.5597083
2019,대구광역시 북구 동천동 923-15,동천동 923-15,동천동,1,35.9381913,128.5595686
2019,대구광역시 북구 동천동 923-2,동천동 923-2,동천동,3,35.9380328,128.5596844
2019,대구광역시 북구 동천동 923-5,동천동 923-5,동천동,2,35.9376535,128.5596135
2019,대구광역시 북구 동천동 923-7,동천동 923-7,동천동,1,35.9374009,128.5595663
2019,대구광역시 북구 동천동 924-1,동천동 924-1,동천동,1,35.9382347,128.5593315
2019,대구광역시 북구 동천동 926-7,동천동 926-7,동천동,1,35.9376673,128.5577256
2019,대구광역시 북구 동천동 928-10,동천동 928-10,동천동,6,35.9380526,128.5575775
2019,대구광역시 북구 동천동 929-10,동천동 929-10,동천동,1,35.9373551,128.5571245
2019,대구광역시 북구 동천동 929-11,동천동 929-11,동천동,1,35.9374622,128.5570786
2019,대구광역시 북구 동천동 929-7,동천동 929-7,동천동,1,35.9373157,128.5575042
2019,대구광역시 북구 동천동 930-2,동천동 930-2,동천동,3,35.9373009,128.5581929
2019,대구광역시 북구 동천동 931-1,동천동 931-1,동천동,2,35.9372444,128.5586236
2019,대구광역시 북구 동천동 931-4,동천동 931-4,동천동,1,35.9371689,128.5592609
2019,대구광역시 북구 동천동 931-5,동천동 931-5,동천동,3,35.9371472,128.5594757
2019,대구광역시 북구 동천동 932-1,동천동 932-1,동천동,3,35.93702,128.5567958
2019,대구광역시 북구 동천동 932-10,동천동 932-10,동천동,1,35.9368069,128.5574093
2019,대구광역시 북구 동천동 934-1,동천동 934-1,동천동,4,35.9367388,128.5585354
2019,대구광역시 북구 동천동 934-5,동천동 934-5,동천동,6,35.9366284,128.5593744
2019,대구광역시 북구 동천동 935-10,동천동 935-10,동천동,1,35.9359413,128.5564901
2019,대구광역시 북구 동천동 935-13,동천동 935-13,동천동,1,35.9363217,128.5565634
2019,대구광역시 북구 동천동 935-15,동천동 935-15,동천동,1,35.9365794,128.5566207
2019,대구광역시 북구 동천동 935-9,동천동 935-9,동천동,8,35.9358067,128.5564665
2019,대구광역시 북구 동천동 941-1,동천동 941-1,동천동,1,35.936005,128.5592898
2019,대구광역시 북구 동천동 942-11,동천동 942-11,동천동,1,35.935177,128.5584109
2019,대구광역시 북구 동천동 942-13,동천동 942-13,동천동,1,35.9352115,128.5581413
2019,대구광역시 북구 동천동 942-16,동천동 942-16,동천동,1,35.9352619,128.5577332
2019,대구광역시 북구 동천동 942-17,동천동 942-17,동천동,2,35.9352764,128.5575997
2019,대구광역시 북구 동천동 945-9,동천동 945-9,동천동,1,35.9346181,128.5570496
2019,대구광역시 북구 동천동 946-10,동천동 946-10,동천동,1,35.9347844,128.5566784
2019,대구광역시 북구 동천동 946-8,동천동 946-8,동천동,1,35.9346503,128.5568065
2019,대구광역시 북구 동천동 946-9,동천동 946-9,동천동,6,35.93467,128.5566603
2019,대구광역시 북구 동천동 947-10,동천동 947-10,동천동,1,35.9347066,128.5562598
2019,대구광역시 북구 동천동 947-11,동천동 947-11,동천동,4,35.9348321,128.5562836
2019,대구광역시 북구 동천동 947-16,동천동 947-16,동천동,1,35.9354551,128.5564006
2019,대구광역시 북구 동천동 947-8,동천동 947-8,동천동,3,35.9346892,128.5564154
2019,대구광역시 북구 동천동 947-9,동천동 947-9,동천동,1,35.9346172,128.5562372
2019,대구광역시 북구 동천동 948-13,동천동 948-13,동천동,1,35.9343391,128.5566019
2019,대구광역시 북구 동천동 948-16,동천동 948-16,동천동,3,35.9343963,128.5562005
2019,대구광역시 북구 동천동 948-2,동천동 948-2,동천동,1,35.9345079,128.5563614
2019,대구광역시 북구 동천동 948-3,동천동 948-3,동천동,2,35.9344913,128.556497
2019,대구광역시 북구 동천동 948-4,동천동 948-4,동천동,4,35.9344739,128.5566307
2019,대구광역시 북구 동천동 948-6,동천동 948-6,동천동,1,35.934439,128.5568973
2019,대구광역시 북구 동천동 949,동천동 949,동천동,10,35.9345828,128.5579583
2019,대구광역시 북구 동천동 950,동천동 950,동천동,18,35.9352556,128.5607025
2019,대구광역시 북구 동천동 950-1,동천동 950-1,동천동,74,35.9344537,128.5592905
2019,대구광역시 북구 동천동 950-2,동천동 950-2,동천동,4,35.934998,128.5618654
2019,대구광역시 북구 동천동 951-1,동천동 951-1,동천동,79,35.9445289,128.5576625
2019,대구광역시 북구 동천동 951-2,동천동 951-2,동천동,32,35.9439845,128.5579313
2019,대구광역시 북구 동천동 951-3,동천동 951-3,동천동,8,35.9437473,128.5578944
2019,대구광역시 북구 동천동 951-4,동천동 951-4,동천동,8,35.9435912,128.5578658
2019,대구광역시 북구 동천동 952-1,동천동 952-1,동천동,1,35.9434392,128.557838
2019,대구광역시 북구 동천동 952-2,동천동 952-2,동천동,11,35.9432195,128.5577976
2019,대구광역시 북구 동천동 952-3,동천동 952-3,동천동,47,35.9429907,128.557755
2019,대구광역시 북구 동천동 952-4,동천동 952-4,동천동,26,35.942753,128.5576957
2019,대구광역시 북구 동천동 952-5,동천동 952-5,동천동,8,35.942505,128.5576406
2019,대구광역시 북구 동천동 953-1,동천동 953-1,동천동,13,35.9440101,128.5570667
2019,대구광역시 북구 동천동 953-2,동천동 953-2,동천동,2,35.9439094,128.5573918
2019,대구광역시 북구 동천동 953-3,동천동 953-3,동천동,8,35.9437497,128.5571577
2019,대구광역시 북구 동천동 954-1,동천동 954-1,동천동,6,35.943643,128.55694
2019,대구광역시 북구 동천동 954-2,동천동 954-2,동천동,3,35.9435471,128.5573106
2019,대구광역시 북구 동천동 954-3,동천동 954-3,동천동,10,35.9433336,128.5572621
2019,대구광역시 북구 동천동 954-4,동천동 954-4,동천동,33,35.9431087,128.5572655
2019,대구광역시 북구 동천동 954-5,동천동 954-5,동천동,13,35.9431688,128.5569912
2019,대구광역시 북구 동천동 954-6,동천동 954-6,동천동,32,35.9432266,128.5567185
2019,대구광역시 북구 동천동 955-1,동천동 955-1,동천동,16,35.9429138,128.5565528
2019,대구광역시 북구 동천동 955-2,동천동 955-2,동천동,3,35.9428724,128.5567675
2019,대구광역시 북구 동천동 955-3,동천동 955-3,동천동,8,35.9428255,128.5569923
2019,대구광역시 북구 동천동 955-4,동천동 955-4,동천동,8,35.9427729,128.5572251
2019,대구광역시 북구 동천동 955-5,동천동 955-5,동천동,9,35.9425521,128.5571625
2019,대구광역시 북구 동천동 955-7,동천동 955-7,동천동,17,35.9426892,128.5565967
2019,대구광역시 북구 동천동 956-1,동천동 956-1,동천동,1,35.9421663,128.5570129
2019,대구광역시 북구 동천동 956-2,동천동 956-2,동천동,3,35.9418978,128.5574766
2019,대구광역시 북구 동천동 957,동천동 957,동천동,2,35.9422047,128.5567193
2019,대구광역시 북구 동천동 957-1,동천동 957-1,동천동,1,35.9424033,128.556411
2019,대구광역시 북구 동천동 957-4,동천동 957-4,동천동,2,35.9398705,128.5579641
2019,대구광역시 북구 동천동 957-6,동천동 957-6,동천동,1,35.9380674,128.5571693
2019,대구광역시 북구 동천동 958,동천동 958,동천동,2,35.9362575,128.5561748
2019,대구광역시 북구 동천동 959,동천동 959,동천동,4,35.9462504,128.5610365
2019,대구광역시 북구 동천동 959-1,동천동 959-1,동천동,2,35.9455198,128.5585713
2019,대구광역시 북구 동천동 959-2,동천동 959-2,동천동,60,35.9453763,128.5612645
2019,대구광역시 북구 동천동 959-3,동천동 959-3,동천동,121,35.9450209,128.5578039
2019,대구광역시 북구 동천동 959-4,동천동 959-4,동천동,116,35.9438733,128.5637104
2019,대구광역시 북구 동천동 960,동천동 960,동천동,113,35.9433812,128.5582143
2019,대구광역시 북구 동천동 960-1,동천동 960-1,동천동,10,35.942411,128.5569574
2019,대구광역시 북구 동천동 960-2,동천동 960-2,동천동,186,35.9418996,128.5606621
2019,대구광역시 북구 동천동 961,동천동 961,동천동,77,35.9439137,128.5567505
2019,대구광역시 북구 동천동 961-1,동천동 961-1,동천동,518,35.9433808,128.5575458
2019,대구광역시 북구 동천동 962,동천동 962,동천동,80,35.9431685,128.5608464
2019,대구광역시 북구 동천동 962-1,동천동 962-1,동천동,180,35.9435371,128.5589416
2019,대구광역시 북구 동천동 962-2,동천동 962-2,동천동,51,35.9430308,128.5595258
2019,대구광역시 북구 동천동 962-3,동천동 962-3,동천동,76,35.9426652,128.559205
2019,대구광역시 북구 동천동 962-4,동천동 962-4,동천동,150,35.9433113,128.5629676
2019,대구광역시 북구 동천동 962-5,동천동 962-5,동천동,46,35.9433049,128.561627
2019,대구광역시 북구 동천동 962-6,동천동 962-6,동천동,81,35.9427141,128.5621269
2019,대구광역시 북구 동천동 962-7,동천동 962-7,동천동,62,35.9422734,128.562284
2019,대구광역시 북구 동천동 963,동천동 963,동천동,46,35.9396899,128.5581109
2019,대구광역시 북구 동천동 963-1,동천동 963-1,동천동,43,35.9368928,128.5593192
2019,대구광역시 북구 동천동 963-10,동천동 963-10,동천동,1,35.9329978,128.5619793
2019,대구광역시 북구 동천동 963-12,동천동 963-12,동천동,1,35.9320495,128.5617929
2019,대구광역시 북구 동천동 963-13,동천동 963-13,동천동,1,35.9314506,128.5616796
2019,대구광역시 북구 동천동 963-2,동천동 963-2,동천동,201,35.9393893,128.5601309
2019,대구광역시 북구 동천동 963-3,동천동 963-3,동천동,42,35.9375608,128.5625046
2019,대구광역시 북구 동천동 963-4,동천동 963-4,동천동,5,35.9334704,128.5622355
2019,대구광역시 북구 동천동 964-3,동천동 964-3,동천동,8,35.9384141,128.5588355
2019,대구광역시 북구 동천동 964-4,동천동 964-4,동천동,9,35.9377564,128.5585571
2019,대구광역시 북구 동천동 964-5,동천동 964-5,동천동,1,35.9379227,128.5582856
2019,대구광역시 북구 동천동 964-6,동천동 964-6,동천동,1,35.9378866,128.5589869
2019,대구광역시 북구 동천동 964-7,동천동 964-7,동천동,1,35.937826,128.5593803
2019,대구광역시 북구 동천동 965,동천동 965,동천동,94,35.9357478,128.5562467
2019,대구광역시 북구 동천동 965-1,동천동 965-1,동천동,25,35.9355359,128.5576386
2019,대구광역시 북구 동천동 965-2,동천동 965-2,동천동,22,35.9353847,128.559073
2019,대구광역시 북구 동천동 966-1,동천동 966-1,동천동,1,35.9361622,128.5572142
2019,대구광역시 북구 동천동 966-3,동천동 966-3,동천동,4,35.9356198,128.5569761
2019,대구광역시 북구 동천동 966-4,동천동 966-4,동천동,24,35.935048,128.5566029
2019,대구광역시 북구 동천동 966-5,동천동 966-5,동천동,3,35.9350697,128.55701
2019,대구광역시 북구 동천동 967,동천동 967,동천동,5,35.9365085,128.5589313
2019,대구광역시 북구 동천동 967-1,동천동 967-1,동천동,1,35.9358018,128.5588745
2019,대구광역시 북구 동천동 967-3,동천동 967-3,동천동,28,35.935099,128.5580724
2019,대구광역시 북구 동천동 968,동천동 968,동천동,53,35.9448664,128.5559438
2019,대구광역시 북구 동천동 969-1,동천동 969-1,동천동,8,35.9442487,128.554849
2019,대구광역시 북구 동천동 969-5,동천동 969-5,동천동,6,35.943442,128.5551492
2019,대구광역시 북구 동천동 969-6,동천동 969-6,동천동,4,35.9432756,128.5553722
2019,대구광역시 북구 동천동 969-7,동천동 969-7,동천동,3,35.9431476,128.5556475
2019,대구광역시 북구 동천동 969-9,동천동 969-9,동천동,23,35.9429668,128.5561335
2019,대구광역시 북구 동천동 970-1,동천동 970-1,동천동,5,35.9441064,128.555353
2019,대구광역시 북구 동천동 970-2,동천동 970-2,동천동,8,35.9440057,128.555645
2019,대구광역시 북구 동천동 970-4,동천동 970-4,동천동,19,35.9436355,128.5554744
2019,대구광역시 북구 동천동 971-1,동천동 971-1,동천동,5,35.9436879,128.5563247
2019,대구광역시 북구 동천동 971-2,동천동 971-2,동천동,16,35.9433881,128.556185
2019,대구광역시 북구 동천동 971-3,동천동 971-3,동천동,4,35.943855,128.5560263
2019,대구광역시 북구 동천동 971-4,동천동 971-4,동천동,4,35.943653,128.5559208
2019,대구광역시 북구 동천동 971-5,동천동 971-5,동천동,6,35.943451,128.5558188
2019,대구광역시 북구 동천동 972,동천동 972,동천동,67,35.9442175,128.5556387
2019,대구광역시 북구 동천동 972-1,동천동 972-1,동천동,37,35.9436809,128.5552167
2019,대구광역시 북구 동천동 972-3,동천동 972-3,동천동,3,35.943939,128.5545055
2019,대구광역시 북구 동호동 112-8,동호동 112-8,동호동,1,35.965888,128.5628452
2019,대구광역시 북구 동호동 151-1,동호동 151-1,동호동,5,35.9597193,128.5615301
2019,대구광역시 북구 동호동 151-10,동호동 151-10,동호동,3,35.9597088,128.5602064
2019,대구광역시 북구 동호동 151-2,동호동 151-2,동호동,8,35.9592404,128.5606293
2019,대구광역시 북구 동호동 151-4,동호동 151-4,동호동,5,35.9586842,128.5606245
2019,대구광역시 북구 동호동 170,동호동 170,동호동,1,35.9589737,128.5625524
2019,대구광역시 북구 동호동 181-6,동호동 181-6,동호동,23,35.958444,128.5603604
2019,대구광역시 북구 동호동 181-7,동호동 181-7,동호동,4,35.9595696,128.5602332
2019,대구광역시 북구 동호동 187-5,동호동 187-5,동호동,2,35.9565729,128.559709
2019,대구광역시 북구 동호동 187-9,동호동 187-9,동호동,13,35.9592204,128.5599956
2019,대구광역시 북구 동호동 189,동호동 189,동호동,2,35.957376,128.5611068
2019,대구광역시 북구 동호동 191-1,동호동 191-1,동호동,1,35.9566241,128.5621676
2019,대구광역시 북구 동호동 194-3,동호동 194-3,동호동,2,35.9563325,128.5615807
2019,대구광역시 북구 동호동 204-14,동호동 204-14,동호동,1,35.9571028,128.5599783
2019,대구광역시 북구 동호동 204-24,동호동 204-24,동호동,1,35.9573453,128.5599117
2019,대구광역시 북구 동호동 209-1,동호동 209-1,동호동,69,35.9584372,128.5598659
2019,대구광역시 북구 동호동 248,동호동 248,동호동,2,35.9614647,128.5579801
2019,대구광역시 북구 동호동 463-2,동호동 463-2,동호동,12,35.9582628,128.5583095
2019,대구광역시 북구 동호동 481,동호동 481,동호동,1,35.9559568,128.5605998
2019,대구광역시 북구 동호동 492-2,동호동 492-2,동호동,1,35.9558934,128.5583914
2019,대구광역시 북구 동호동 492-4,동호동 492-4,동호동,2,35.9563256,128.5586733
2019,대구광역시 북구 동호동 551-9,동호동 551-9,동호동,1,35.958796,128.5599242
2019,대구광역시 북구 동호동 553-12,동호동 553-12,동호동,2,35.9612345,128.5570761
2019,대구광역시 북구 동호동 559-7,동호동 559-7,동호동,1,35.9597101,128.5598728
2019,대구광역시 북구 동호동 576,동호동 576,동호동,1,35.9584792,128.5547424
2019,대구광역시 북구 매천동 141-1,매천동 141-1,매천동,2,35.913666,128.5409731
2019,대구광역시 북구 매천동 142-2,매천동 142-2,매천동,1,35.9136697,128.5411376
2019,대구광역시 북구 매천동 144,매천동 144,매천동,3,35.9135011,128.5419116
2019,대구광역시 북구 매천동 150,매천동 150,매천동,1,35.9138862,128.542227
2019,대구광역시 북구 매천동 176,매천동 176,매천동,1,35.9128315,128.5417132
2019,대구광역시 북구 매천동 195-1,매천동 195-1,매천동,4,35.9086602,128.5410573
2019,대구광역시 북구 매천동 200-1,매천동 200-1,매천동,3,35.9087609,128.5418898
2019,대구광역시 북구 매천동 294,매천동 294,매천동,1,35.9053111,128.5453166
2019,대구광역시 북구 매천동 296,매천동 296,매천동,1,35.9050863,128.545102
2019,대구광역시 북구 매천동 296-1,매천동 296-1,매천동,1,35.9048532,128.545062
2019,대구광역시 북구 매천동 296-2,매천동 296-2,매천동,2,35.9049609,128.5450793
2019,대구광역시 북구 매천동 298-2,매천동 298-2,매천동,2,35.9044914,128.5453652
2019,대구광역시 북구 매천동 298-4,매천동 298-4,매천동,1,35.9043916,128.5455095
2019,대구광역시 북구 매천동 298-6,매천동 298-6,매천동,1,35.9049016,128.5456846
2019,대구광역시 북구 매천동 302,매천동 302,매천동,14,35.9042749,128.5438329
2019,대구광역시 북구 매천동 302-2,매천동 302-2,매천동,2,35.9042006,128.5443874
2019,대구광역시 북구 매천동 302-7,매천동 302-7,매천동,1,35.9044038,128.5438473
2019,대구광역시 북구 매천동 303,매천동 303,매천동,12,35.9042706,128.5432651
2019,대구광역시 북구 매천동 304,매천동 304,매천동,24,35.904394,128.543291
2019,대구광역시 북구 매천동 305-1,매천동 305-1,매천동,11,35.9046347,128.5433347
2019,대구광역시 북구 매천동 305-2,매천동 305-2,매천동,14,35.9045269,128.5433089
2019,대구광역시 북구 매천동 306,매천동 306,매천동,13,35.9046874,128.5442533
2019,대구광역시 북구 매천동 306-1,매천동 306-1,매천동,2,35.9049474,128.543901
2019,대구광역시 북구 매천동 306-2,매천동 306-2,매천동,3,35.9043951,128.5442653
2019,대구광역시 북구 매천동 308,매천동 308,매천동,7,35.9047743,128.5433609
2019,대구광역시 북구 매천동 310-1,매천동 310-1,매천동,2,35.9049395,128.5434635
2019,대구광역시 북구 매천동 310-2,매천동 310-2,매천동,3,35.9049023,128.543748
2019,대구광역시 북구 매천동 312,매천동 312,매천동,2,35.9050969,128.5443428
2019,대구광역시 북구 매천동 314-2,매천동 314-2,매천동,1,35.9055043,128.5434928
2019,대구광역시 북구 매천동 314-3,매천동 314-3,매천동,1,35.9052888,128.5434527
2019,대구광역시 북구 매천동 318,매천동 318,매천동,4,35.9062897,128.5435273
2019,대구광역시 북구 매천동 324,매천동 324,매천동,3,35.9062529,128.5437239
2019,대구광역시 북구 매천동 337,매천동 337,매천동,2,35.9051286,128.5448558
2019,대구광역시 북구 매천동 342-1,매천동 342-1,매천동,4,35.9069957,128.541605
2019,대구광역시 북구 매천동 354,매천동 354,매천동,1,35.9064519,128.5426885
2019,대구광역시 북구 매천동 360-1,매천동 360-1,매천동,1,35.905809,128.5427893
2019,대구광역시 북구 매천동 365,매천동 365,매천동,1,35.9054173,128.5425004
2019,대구광역시 북구 매천동 370,매천동 370,매천동,93,35.9039352,128.5445152
2019,대구광역시 북구 매천동 374-4,매천동 374-4,매천동,1,35.9044793,128.5415278
2019,대구광역시 북구 매천동 375-1,매천동 375-1,매천동,1,35.9044161,128.5423118
2019,대구광역시 북구 매천동 459,매천동 459,매천동,1,35.9064078,128.5398308
2019,대구광역시 북구 매천동 526,매천동 526,매천동,1,35.9023606,128.5401863
2019,대구광역시 북구 매천동 527-3,매천동 527-3,매천동,19,35.9025834,128.5431864
2019,대구광역시 북구 매천동 588-3,매천동 588-3,매천동,1,35.9038127,128.5453993
2019,대구광역시 북구 매천동 595-2,매천동 595-2,매천동,2,35.9000771,128.5466177
2019,대구광역시 북구 매천동 595-5,매천동 595-5,매천동,1,35.8997841,128.5470643
2019,대구광역시 북구 매천동 618-1,매천동 618-1,매천동,19,35.913722,128.542512
2019,대구광역시 북구 매천동 618-125,매천동 618-125,매천동,1,35.9020556,128.5456229
2019,대구광역시 북구 매천동 618-31,매천동 618-31,매천동,1,35.8995901,128.5473312
2019,대구광역시 북구 매천동 618-55,매천동 618-55,매천동,1,35.9036745,128.5464056
2019,대구광역시 북구 매천동 618-99,매천동 618-99,매천동,3,35.9047042,128.5461209
2019,대구광역시 북구 매천동 620-1,매천동 620-1,매천동,1,35.9139264,128.5417275
2019,대구광역시 북구 매천동 669,매천동 669,매천동,1,35.9094734,128.5458624
2019,대구광역시 북구 매천동 669-4,매천동 669-4,매천동,2,35.9090631,128.54607
2019,대구광역시 북구 매천동 670,매천동 670,매천동,2,35.9110349,128.5434528
2019,대구광역시 북구 매천동 671,매천동 671,매천동,1,35.9091878,128.5447674
2019,대구광역시 북구 매천동 673,매천동 673,매천동,4,35.9098639,128.5432611
2019,대구광역시 북구 매천동 677,매천동 677,매천동,16,35.9087726,128.5439477
2019,대구광역시 북구 매천동 677-1,매천동 677-1,매천동,128,35.9076539,128.5431197
2019,대구광역시 북구 매천동 677-2,매천동 677-2,매천동,7,35.9084065,128.5452719
2019,대구광역시 북구 매천동 678,매천동 678,매천동,3,35.9085062,128.5435102
2019,대구광역시 북구 매천동 679,매천동 679,매천동,1,35.9085409,128.5432541
2019,대구광역시 북구 매천동 684,매천동 684,매천동,1,35.9086289,128.5422482
2019,대구광역시 북구 매천동 686,매천동 686,매천동,4,35.9080911,128.5421398
2019,대구광역시 북구 매천동 687,매천동 687,매천동,1,35.9082871,128.5425945
2019,대구광역시 북구 매천동 689,매천동 689,매천동,1,35.9082119,128.5432045
2019,대구광역시 북구 매천동 690,매천동 690,매천동,3,35.9080795,128.5434592
2019,대구광역시 북구 매천동 692,매천동 692,매천동,1,35.9080551,128.5428636
2019,대구광역시 북구 매천동 693,매천동 693,매천동,16,35.9080937,128.5425583
2019,대구광역시 북구 매천동 702,매천동 702,매천동,1,35.9070574,128.5419719
2019,대구광역시 북구 매천동 704,매천동 704,매천동,1,35.9067023,128.5424527
2019,대구광역시 북구 매천동 705,매천동 705,매천동,4,35.9068801,128.5419589
2019,대구광역시 북구 매천동 706,매천동 706,매천동,1,35.9068568,128.5421549
2019,대구광역시 북구 매천동 712,매천동 712,매천동,1,35.9067101,128.5432237
2019,대구광역시 북구 매천동 718,매천동 718,매천동,2,35.9078217,128.5423897
2019,대구광역시 북구 매천동 727,매천동 727,매천동,3,35.9076255,128.5428778
2019,대구광역시 북구 매천동 735,매천동 735,매천동,3,35.9075973,128.5433193
2019,대구광역시 북구 매천동 741,매천동 741,매천동,12,35.9074481,128.5458724
2019,대구광역시 북구 매천동 743,매천동 743,매천동,1,35.9082938,128.5460126
2019,대구광역시 북구 매천동 745,매천동 745,매천동,3,35.9063635,128.5448955
2019,대구광역시 북구 매천동 746,매천동 746,매천동,1,35.9065901,128.5425
2019,대구광역시 북구 매천동 747,매천동 747,매천동,5,35.9064979,128.5424916
2019,대구광역시 북구 매천동 749,매천동 749,매천동,1,35.9055032,128.5415756
2019,대구광역시 북구 매천동 750,매천동 750,매천동,16,35.9053043,128.5425345
2019,대구광역시 북구 매천동 751,매천동 751,매천동,27,35.9053281,128.5435532
2019,대구광역시 북구 매천동 752,매천동 752,매천동,3,35.9063268,128.5437848
2019,대구광역시 북구 매천동 753,매천동 753,매천동,5,35.9056928,128.5448274
2019,대구광역시 북구 매천동 755,매천동 755,매천동,1,35.9049426,128.5452782
2019,대구광역시 북구 매천동 756,매천동 756,매천동,5,35.9050388,128.5441904
2019,대구광역시 북구 매천동 757,매천동 757,매천동,6,35.9045989,128.5447209
2019,대구광역시 북구 매천동-8,매천동-8,매천동,1,35.9205699,128.5326321
2019,대구광역시 북구 복현동 101-2,복현동 101-2,복현동,1,35.9014454,128.6216765
2019,대구광역시 북구 복현동 121-1,복현동 121-1,복현동,2,35.899865,128.6212584
2019,대구광역시 북구 복현동 137,복현동 137,복현동,1,35.8995118,128.6220894
2019,대구광역시 북구 복현동 146-13,복현동 146-13,복현동,6,35.9000221,128.6234313
2019,대구광역시 북구 복현동 146-14,복현동 146-14,복현동,1,35.8999553,128.6231973
2019,대구광역시 북구 복현동 152-1,복현동 152-1,복현동,1,35.8996239,128.6229301
2019,대구광역시 북구 복현동 156-2,복현동 156-2,복현동,1,35.900086,128.6232045
2019,대구광역시 북구 복현동 157-3,복현동 157-3,복현동,1,35.9008472,128.6245943
2019,대구광역시 북구 복현동 157-5,복현동 157-5,복현동,2,35.899727,128.6237079
2019,대구광역시 북구 복현동 16-3,복현동 16-3,복현동,2,35.9057276,128.6212723
2019,대구광역시 북구 복현동 160-7,복현동 160-7,복현동,5,35.9006437,128.6238382
2019,대구광역시 북구 복현동 163-11,복현동 163-11,복현동,1,35.8999162,128.6265337
2019,대구광역시 북구 복현동 163-29,복현동 163-29,복현동,3,35.8998129,128.6251441
2019,대구광역시 북구 복현동 163-6,복현동 163-6,복현동,1,35.9002629,128.6254492
2019,대구광역시 북구 복현동 175-1,복현동 175-1,복현동,1,35.8993409,128.6241955
2019,대구광역시 북구 복현동 175-3,복현동 175-3,복현동,1,35.8995013,128.624212
2019,대구광역시 북구 복현동 177,복현동 177,복현동,1,35.8994768,128.6233111
2019,대구광역시 북구 복현동 177-1,복현동 177-1,복현동,2,35.899335,128.6233536
2019,대구광역시 북구 복현동 190-1,복현동 190-1,복현동,9,35.8993849,128.6202868
2019,대구광역시 북구 복현동 190-5,복현동 190-5,복현동,2,35.8988334,128.6195818
2019,대구광역시 북구 복현동 198,복현동 198,복현동,4,35.8986882,128.618553
2019,대구광역시 북구 복현동 200-2,복현동 200-2,복현동,1,35.897511,128.6160529
2019,대구광역시 북구 복현동 201-11,복현동 201-11,복현동,1,35.8964492,128.6168521
2019,대구광역시 북구 복현동 201-22,복현동 201-22,복현동,1,35.8956577,128.6180303
2019,대구광역시 북구 복현동 201-3,복현동 201-3,복현동,4,35.8963933,128.6181137
2019,대구광역시 북구 복현동 21,복현동 21,복현동,5,35.9054628,128.6207872
2019,대구광역시 북구 복현동 210-1,복현동 210-1,복현동,2,35.8976082,128.6182657
2019,대구광역시 북구 복현동 210-3,복현동 210-3,복현동,1,35.8978722,128.6195233
2019,대구광역시 북구 복현동 214-1,복현동 214-1,복현동,7,35.8966615,128.6192188
2019,대구광역시 북구 복현동 214-19,복현동 214-19,복현동,2,35.8961795,128.6197163
2019,대구광역시 북구 복현동 214-20,복현동 214-20,복현동,1,35.8966044,128.6199216
2019,대구광역시 북구 복현동 218,복현동 218,복현동,119,35.896121,128.6221138
2019,대구광역시 북구 복현동 234-11,복현동 234-11,복현동,1,35.8987537,128.6222633
2019,대구광역시 북구 복현동 234-5,복현동 234-5,복현동,3,35.8969982,128.6238837
2019,대구광역시 북구 복현동 234-9,복현동 234-9,복현동,1,35.8980098,128.6228536
2019,대구광역시 북구 복현동 235-1,복현동 235-1,복현동,3,35.8958308,128.6239868
2019,대구광역시 북구 복현동 235-7,복현동 235-7,복현동,4,35.8951671,128.6239822
2019,대구광역시 북구 복현동 241-1,복현동 241-1,복현동,5,35.8967966,128.6249172
2019,대구광역시 북구 복현동 245-1,복현동 245-1,복현동,3,35.895449,128.6248833
2019,대구광역시 북구 복현동 249-6,복현동 249-6,복현동,2,35.8947659,128.6245395
2019,대구광역시 북구 복현동 253-1,복현동 253-1,복현동,1,35.8968864,128.6259158
2019,대구광역시 북구 복현동 260,복현동 260,복현동,1,35.8986383,128.6246542
2019,대구광역시 북구 복현동 265,복현동 265,복현동,1,35.8983552,128.6238353
2019,대구광역시 북구 복현동 265-5,복현동 265-5,복현동,1,35.8982617,128.6240101
2019,대구광역시 북구 복현동 268-3,복현동 268-3,복현동,1,35.8991326,128.623302
2019,대구광역시 북구 복현동 269-1,복현동 269-1,복현동,1,35.8989117,128.6229922
2019,대구광역시 북구 복현동 270,복현동 270,복현동,1,35.8993272,128.6248414
2019,대구광역시 북구 복현동 276-5,복현동 276-5,복현동,2,35.8999372,128.627171
2019,대구광역시 북구 복현동 28-9,복현동 28-9,복현동,1,35.9065488,128.6210298
2019,대구광역시 북구 복현동 301-4,복현동 301-4,복현동,1,35.8946173,128.6248414
2019,대구광역시 북구 복현동 310-2,복현동 310-2,복현동,1,35.8936425,128.6309923
2019,대구광역시 북구 복현동 315-7,복현동 315-7,복현동,1,35.892125,128.6291001
2019,대구광역시 북구 복현동 318,복현동 318,복현동,10,35.8919082,128.626352
2019,대구광역시 북구 복현동 320-1,복현동 320-1,복현동,24,35.8952676,128.6196533
2019,대구광역시 북구 복현동 320-11,복현동 320-11,복현동,1,35.8953652,128.6182185
2019,대구광역시 북구 복현동 320-12,복현동 320-12,복현동,3,35.8945134,128.6193124
2019,대구광역시 북구 복현동 328-6,복현동 328-6,복현동,2,35.8949138,128.6209518
2019,대구광역시 북구 복현동 33,복현동 33,복현동,32,35.905291,128.6200599
2019,대구광역시 북구 복현동 33-4,복현동 33-4,복현동,1,35.9049142,128.6200522
2019,대구광역시 북구 복현동 331-8,복현동 331-8,복현동,1,35.8944067,128.6211994
2019,대구광역시 북구 복현동 332-1,복현동 332-1,복현동,8,35.8942972,128.6221793
2019,대구광역시 북구 복현동 335-1,복현동 335-1,복현동,1,35.8950257,128.6237187
2019,대구광역시 북구 복현동 335-10,복현동 335-10,복현동,1,35.8940688,128.62303
2019,대구광역시 북구 복현동 335-12,복현동 335-12,복현동,1,35.8939772,128.6229467
2019,대구광역시 북구 복현동 336-10,복현동 336-10,복현동,1,35.8940978,128.6232344
2019,대구광역시 북구 복현동 336-21,복현동 336-21,복현동,1,35.8949191,128.6241528
2019,대구광역시 북구 복현동 336-22,복현동 336-22,복현동,1,35.8948338,128.6240913
2019,대구광역시 북구 복현동 336-5,복현동 336-5,복현동,3,35.8939141,128.6231753
2019,대구광역시 북구 복현동 337-1,복현동 337-1,복현동,2,35.8937399,128.6229029
2019,대구광역시 북구 복현동 337-10,복현동 337-10,복현동,1,35.8936987,128.623071
2019,대구광역시 북구 복현동 337-2,복현동 337-2,복현동,1,35.893582,128.6228767
2019,대구광역시 북구 복현동 337-5,복현동 337-5,복현동,1,35.8931752,128.622483
2019,대구광역시 북구 복현동 338-30,복현동 338-30,복현동,1,35.8930776,128.6223074
2019,대구광역시 북구 복현동 338-4,복현동 338-4,복현동,1,35.8931729,128.6222322
2019,대구광역시 북구 복현동 338-7,복현동 338-7,복현동,1,35.8929458,128.622131
2019,대구광역시 북구 복현동 338-9,복현동 338-9,복현동,9,35.8928177,128.6218158
2019,대구광역시 북구 복현동 339-49,복현동 339-49,복현동,1,35.8941002,128.620678
2019,대구광역시 북구 복현동 340-1,복현동 340-1,복현동,1,35.8944139,128.6195417
2019,대구광역시 북구 복현동 340-3,복현동 340-3,복현동,1,35.8942438,128.6197527
2019,대구광역시 북구 복현동 340-30,복현동 340-30,복현동,9,35.8930683,128.6216117
2019,대구광역시 북구 복현동 340-4,복현동 340-4,복현동,1,35.8941265,128.6198275
2019,대구광역시 북구 복현동 340-43,복현동 340-43,복현동,1,35.8939758,128.6204926
2019,대구광역시 북구 복현동 340-5,복현동 340-5,복현동,2,35.8940028,128.6199318
2019,대구광역시 북구 복현동 340-7,복현동 340-7,복현동,2,35.8937223,128.6202675
2019,대구광역시 북구 복현동 360-20,복현동 360-20,복현동,1,35.8943713,128.6248397
2019,대구광역시 북구 복현동 361-3,복현동 361-3,복현동,1,35.8930546,128.6229805
2019,대구광역시 북구 복현동 364-1,복현동 364-1,복현동,3,35.8925518,128.6225834
2019,대구광역시 북구 복현동 364-4,복현동 364-4,복현동,3,35.8924647,128.6229188
2019,대구광역시 북구 복현동 364-5,복현동 364-5,복현동,4,35.8924156,128.6230324
2019,대구광역시 북구 복현동 364-6,복현동 364-6,복현동,1,35.8923652,128.6231456
2019,대구광역시 북구 복현동 364-7,복현동 364-7,복현동,3,35.892211,128.623238
2019,대구광역시 북구 복현동 364-8,복현동 364-8,복현동,3,35.8922341,128.6234361
2019,대구광역시 북구 복현동 364-9,복현동 364-9,복현동,1,35.8921766,128.6235655
2019,대구광역시 북구 복현동 365-6,복현동 365-6,복현동,1,35.8929468,128.6239101
2019,대구광역시 북구 복현동 368-1,복현동 368-1,복현동,9,35.8930165,128.6259793
2019,대구광역시 북구 복현동 37,복현동 37,복현동,6,35.9044823,128.6201503
2019,대구광역시 북구 복현동 37-1,복현동 37-1,복현동,9,35.9039571,128.6205392
2019,대구광역시 북구 복현동 37-3,복현동 37-3,복현동,1,35.904019,128.6206345
2019,대구광역시 북구 복현동 37-6,복현동 37-6,복현동,5,35.9040163,128.6203208
2019,대구광역시 북구 복현동 371-7,복현동 371-7,복현동,23,35.8921624,128.6259915
2019,대구광역시 북구 복현동 373-1,복현동 373-1,복현동,1,35.8924294,128.6248997
2019,대구광역시 북구 복현동 375-9,복현동 375-9,복현동,2,35.8917992,128.6243817
2019,대구광역시 북구 복현동 376-20,복현동 376-20,복현동,3,35.8913454,128.6252856
2019,대구광역시 북구 복현동 376-22,복현동 376-22,복현동,1,35.8914236,128.6249877
2019,대구광역시 북구 복현동 376-26,복현동 376-26,복현동,1,35.8913937,128.6255123
2019,대구광역시 북구 복현동 376-32,복현동 376-32,복현동,2,35.8913356,128.6254572
2019,대구광역시 북구 복현동 38-13,복현동 38-13,복현동,1,35.904778,128.6194408
2019,대구광역시 북구 복현동 38-14,복현동 38-14,복현동,2,35.9046637,128.6195246
2019,대구광역시 북구 복현동 38-15,복현동 38-15,복현동,1,35.9045544,128.619603
2019,대구광역시 북구 복현동 38-23,복현동 38-23,복현동,1,35.9038096,128.6199516
2019,대구광역시 북구 복현동 38-60,복현동 38-60,복현동,1,35.9039249,128.6194113
2019,대구광역시 북구 복현동 38-7,복현동 38-7,복현동,1,35.9042166,128.6196128
2019,대구광역시 북구 복현동 39-2,복현동 39-2,복현동,2,35.9042102,128.6207092
2019,대구광역시 북구 복현동 40-4,복현동 40-4,복현동,1,35.9043224,128.620892
2019,대구광역시 북구 복현동 40-9,복현동 40-9,복현동,1,35.9048255,128.6206562
2019,대구광역시 북구 복현동 400-1,복현동 400-1,복현동,1,35.8971332,128.6150484
2019,대구광역시 북구 복현동 401-3,복현동 401-3,복현동,1,35.8966996,128.6144551
2019,대구광역시 북구 복현동 402-1,복현동 402-1,복현동,3,35.8965846,128.6142424
2019,대구광역시 북구 복현동 402-6,복현동 402-6,복현동,1,35.8961307,128.6138054
2019,대구광역시 북구 복현동 403-5,복현동 403-5,복현동,2,35.896025,128.6140878
2019,대구광역시 북구 복현동 403-6,복현동 403-6,복현동,1,35.8959553,128.614009
2019,대구광역시 북구 복현동 405-5,복현동 405-5,복현동,1,35.8950294,128.6144846
2019,대구광역시 북구 복현동 407-5,복현동 407-5,복현동,1,35.894489,128.6145157
2019,대구광역시 북구 복현동 41-1,복현동 41-1,복현동,3,35.9050286,128.6208944
2019,대구광역시 북구 복현동 41-6,복현동 41-6,복현동,1,35.9049906,128.6209652
2019,대구광역시 북구 복현동 410-9,복현동 410-9,복현동,1,35.8950283,128.6149923
2019,대구광역시 북구 복현동 419-3,복현동 419-3,복현동,1,35.8946441,128.6154891
2019,대구광역시 북구 복현동 419-38,복현동 419-38,복현동,13,35.8943213,128.6162274
2019,대구광역시 북구 복현동 419-39,복현동 419-39,복현동,4,35.8942202,128.6163493
2019,대구광역시 북구 복현동 419-40,복현동 419-40,복현동,3,35.8940712,128.6162012
2019,대구광역시 북구 복현동 419-41,복현동 419-41,복현동,21,35.894178,128.6160623
2019,대구광역시 북구 복현동 419-42,복현동 419-42,복현동,2,35.8943242,128.6158779
2019,대구광역시 북구 복현동 419-5,복현동 419-5,복현동,1,35.8947605,128.6156971
2019,대구광역시 북구 복현동 421-1,복현동 421-1,복현동,12,35.8947581,128.6163166
2019,대구광역시 북구 복현동 424-3,복현동 424-3,복현동,4,35.8949931,128.6169787
2019,대구광역시 북구 복현동 424-5,복현동 424-5,복현동,1,35.8948551,128.6170734
2019,대구광역시 북구 복현동 426-6,복현동 426-6,복현동,1,35.8954287,128.6172286
2019,대구광역시 북구 복현동 426-7,복현동 426-7,복현동,3,35.8952171,128.6174959
2019,대구광역시 북구 복현동 427-1,복현동 427-1,복현동,2,35.8950196,128.6177478
2019,대구광역시 북구 복현동 427-2,복현동 427-2,복현동,4,35.8949086,128.6178872
2019,대구광역시 북구 복현동 427-3,복현동 427-3,복현동,3,35.8948255,128.6179896
2019,대구광역시 북구 복현동 427-6,복현동 427-6,복현동,2,35.8944264,128.6184951
2019,대구광역시 북구 복현동 427-7,복현동 427-7,복현동,4,35.8942956,128.6186583
2019,대구광역시 북구 복현동 427-8,복현동 427-8,복현동,4,35.8942296,128.6187451
2019,대구광역시 북구 복현동 428-9,복현동 428-9,복현동,3,35.8942969,128.6182954
2019,대구광역시 북구 복현동 431-2,복현동 431-2,복현동,1,35.8941743,128.618015
2019,대구광역시 북구 복현동 433-1,복현동 433-1,복현동,1,35.8938361,128.6174801
2019,대구광역시 북구 복현동 437-3,복현동 437-3,복현동,1,35.8930329,128.616029
2019,대구광역시 북구 복현동 438-13,복현동 438-13,복현동,1,35.8930635,128.6164858
2019,대구광역시 북구 복현동 439-4,복현동 439-4,복현동,2,35.8929783,128.6174862
2019,대구광역시 북구 복현동 440-1,복현동 440-1,복현동,1,35.8931435,128.6169302
2019,대구광역시 북구 복현동 441-5,복현동 441-5,복현동,1,35.8926919,128.6170676
2019,대구광역시 북구 복현동 442-14,복현동 442-14,복현동,2,35.8924611,128.616819
2019,대구광역시 북구 복현동 442-15,복현동 442-15,복현동,2,35.8924858,128.6169747
2019,대구광역시 북구 복현동 442-3,복현동 442-3,복현동,1,35.8925455,128.6168976
2019,대구광역시 북구 복현동 443-3,복현동 443-3,복현동,2,35.8923153,128.6167296
2019,대구광역시 북구 복현동 443-6,복현동 443-6,복현동,1,35.8921871,128.6167954
2019,대구광역시 북구 복현동 447,복현동 447,복현동,14,35.8919007,128.6178519
2019,대구광역시 북구 복현동 454-6,복현동 454-6,복현동,1,35.8925961,128.6180029
2019,대구광역시 북구 복현동 454-7,복현동 454-7,복현동,1,35.8926925,128.6179237
2019,대구광역시 북구 복현동 454-8,복현동 454-8,복현동,2,35.8925317,128.6180941
2019,대구광역시 북구 복현동 459-1,복현동 459-1,복현동,2,35.894097,128.6189095
2019,대구광역시 북구 복현동 459-10,복현동 459-10,복현동,1,35.8936445,128.6196404
2019,대구광역시 북구 복현동 459-3,복현동 459-3,복현동,1,35.8939286,128.6191276
2019,대구광역시 북구 복현동 459-4,복현동 459-4,복현동,1,35.8938173,128.61918
2019,대구광역시 북구 복현동 459-5,복현동 459-5,복현동,2,35.8937612,128.6193375
2019,대구광역시 북구 복현동 459-7,복현동 459-7,복현동,4,35.8934709,128.6195071
2019,대구광역시 북구 복현동 460-1,복현동 460-1,복현동,2,35.8933546,128.6198531
2019,대구광역시 북구 복현동 460-4,복현동 460-4,복현동,1,35.8930835,128.6203131
2019,대구광역시 북구 복현동 460-6,복현동 460-6,복현동,1,35.8928305,128.6205565
2019,대구광역시 북구 복현동 464-7,복현동 464-7,복현동,1,35.8916592,128.6196382
2019,대구광역시 북구 복현동 466-10,복현동 466-10,복현동,1,35.8910599,128.6186798
2019,대구광역시 북구 복현동 472-2,복현동 472-2,복현동,1,35.8913468,128.6198783
2019,대구광역시 북구 복현동 474-6,복현동 474-6,복현동,1,35.8918255,128.6209282
2019,대구광역시 북구 복현동 474-7,복현동 474-7,복현동,1,35.8920385,128.6207192
2019,대구광역시 북구 복현동 475-4,복현동 475-4,복현동,1,35.8920662,128.6208178
2019,대구광역시 북구 복현동 475-5,복현동 475-5,복현동,1,35.8920023,128.6209302
2019,대구광역시 북구 복현동 475-6,복현동 475-6,복현동,2,35.891928,128.6210617
2019,대구광역시 북구 복현동 477-5,복현동 477-5,복현동,1,35.892151,128.6212265
2019,대구광역시 북구 복현동 479-1,복현동 479-1,복현동,1,35.8927195,128.6208594
2019,대구광역시 북구 복현동 479-2,복현동 479-2,복현동,1,35.8926527,128.6209913
2019,대구광역시 북구 복현동 479-3,복현동 479-3,복현동,2,35.8925756,128.6211404
2019,대구광역시 북구 복현동 479-4,복현동 479-4,복현동,26,35.8923481,128.6215925
2019,대구광역시 북구 복현동 49,복현동 49,복현동,1,35.9037702,128.6220867
2019,대구광역시 북구 복현동 51-1,복현동 51-1,복현동,1,35.9041293,128.6213117
2019,대구광역시 북구 복현동 534-1,복현동 534-1,복현동,1,35.8983493,128.6172802
2019,대구광역시 북구 복현동 535,복현동 535,복현동,1,35.8986445,128.6174079
2019,대구광역시 북구 복현동 535-2,복현동 535-2,복현동,1,35.8985376,128.6175092
2019,대구광역시 북구 복현동 536-3,복현동 536-3,복현동,1,35.8982397,128.617147
2019,대구광역시 북구 복현동 536-31,복현동 536-31,복현동,1,35.8980828,128.6163484
2019,대구광역시 북구 복현동 539-1,복현동 539-1,복현동,4,35.9048148,128.6182747
2019,대구광역시 북구 복현동 539-10,복현동 539-10,복현동,2,35.9003647,128.6180401
2019,대구광역시 북구 복현동 539-106,복현동 539-106,복현동,4,35.9034246,128.617526
2019,대구광역시 북구 복현동 539-110,복현동 539-110,복현동,3,35.9023657,128.6172938
2019,대구광역시 북구 복현동 539-111,복현동 539-111,복현동,8,35.9014464,128.6170627
2019,대구광역시 북구 복현동 539-113,복현동 539-113,복현동,12,35.9006231,128.6169295
2019,대구광역시 북구 복현동 539-114,복현동 539-114,복현동,2,35.8997781,128.6164881
2019,대구광역시 북구 복현동 539-122,복현동 539-122,복현동,4,35.8980955,128.6156931
2019,대구광역시 북구 복현동 539-123,복현동 539-123,복현동,2,35.8980965,128.615422
2019,대구광역시 북구 복현동 539-128,복현동 539-128,복현동,1,35.8987887,128.6155414
2019,대구광역시 북구 복현동 539-134,복현동 539-134,복현동,1,35.9040784,128.6183904
2019,대구광역시 북구 복현동 539-143,복현동 539-143,복현동,1,35.8981125,128.6159299
2019,대구광역시 북구 복현동 539-144,복현동 539-144,복현동,1,35.8981251,128.6160976
2019,대구광역시 북구 복현동 539-146,복현동 539-146,복현동,8,35.9049016,128.617567
2019,대구광역시 북구 복현동 539-150,복현동 539-150,복현동,1,35.8984143,128.6154546
2019,대구광역시 북구 복현동 539-151,복현동 539-151,복현동,2,35.8986627,128.6155362
2019,대구광역시 북구 복현동 539-168,복현동 539-168,복현동,3,35.9002322,128.6179311
2019,대구광역시 북구 복현동 539-7,복현동 539-7,복현동,55,35.9007539,128.615781
2019,대구광역시 북구 복현동 539-90,복현동 539-90,복현동,1,35.9020208,128.6160947
2019,대구광역시 북구 복현동 540-1,복현동 540-1,복현동,23,35.9028216,128.6194262
2019,대구광역시 북구 복현동 541-3,복현동 541-3,복현동,4,35.9021215,128.6160427
2019,대구광역시 북구 복현동 57-3,복현동 57-3,복현동,2,35.9035121,128.6212066
2019,대구광역시 북구 복현동 57-4,복현동 57-4,복현동,2,35.903083,128.6210945
2019,대구광역시 북구 복현동 573,복현동 573,복현동,2,35.8927398,128.6127204
2019,대구광역시 북구 복현동 573-13,복현동 573-13,복현동,1,35.8924463,128.6141269
2019,대구광역시 북구 복현동 574,복현동 574,복현동,1,35.8952825,128.6134538
2019,대구광역시 북구 복현동 58,복현동 58,복현동,5,35.9038037,128.620382
2019,대구광역시 북구 복현동 58-2,복현동 58-2,복현동,1,35.9036038,128.6206795
2019,대구광역시 북구 복현동 595-127,복현동 595-127,복현동,1,35.8941189,128.6156816
2019,대구광역시 북구 복현동 595-16,복현동 595-16,복현동,1,35.893647,128.6149979
2019,대구광역시 북구 복현동 595-22,복현동 595-22,복현동,1,35.8939005,128.6149913
2019,대구광역시 북구 복현동 595-29,복현동 595-29,복현동,1,35.8938832,128.614685
2019,대구광역시 북구 복현동 60,복현동 60,복현동,1,35.9017512,128.6207453
2019,대구광역시 북구 복현동 609-37,복현동 609-37,복현동,1,35.8915986,128.6172607
2019,대구광역시 북구 복현동 609-42,복현동 609-42,복현동,1,35.89137,128.6176021
2019,대구광역시 북구 복현동 618-10,복현동 618-10,복현동,6,35.8893259,128.6172092
2019,대구광역시 북구 복현동 618-14,복현동 618-14,복현동,2,35.8894375,128.6171163
2019,대구광역시 북구 복현동 618-15,복현동 618-15,복현동,1,35.8893272,128.6170097
2019,대구광역시 북구 복현동 618-35,복현동 618-35,복현동,1,35.889532,128.6162729
2019,대구광역시 북구 복현동 618-9,복현동 618-9,복현동,2,35.8894117,128.6161171
2019,대구광역시 북구 복현동 620,복현동 620,복현동,1,35.8997515,128.628139
2019,대구광역시 북구 복현동 623,복현동 623,복현동,693,35.8945826,128.6188058
2019,대구광역시 북구 복현동 623-31,복현동 623-31,복현동,15,35.8997326,128.6208288
2019,대구광역시 북구 복현동 625-6,복현동 625-6,복현동,1,35.9048406,128.6205635
2019,대구광역시 북구 복현동 627-2,복현동 627-2,복현동,1,35.8994289,128.6248859
2019,대구광역시 북구 복현동 628,복현동 628,복현동,4,35.8994573,128.6244994
2019,대구광역시 북구 복현동 630,복현동 630,복현동,1,35.8994759,128.6234219
2019,대구광역시 북구 복현동 631-14,복현동 631-14,복현동,1,35.8994505,128.6225747
2019,대구광역시 북구 복현동 638,복현동 638,복현동,2,35.9045437,128.621052
2019,대구광역시 북구 복현동 639-12,복현동 639-12,복현동,3,35.9055474,128.6183223
2019,대구광역시 북구 복현동 639-9,복현동 639-9,복현동,1,35.9049601,128.6194507
2019,대구광역시 북구 복현동 655,복현동 655,복현동,1,35.8913827,128.6160554
2019,대구광역시 북구 복현동 69,복현동 69,복현동,29,35.9027534,128.6183258
2019,대구광역시 북구 복현동 694,복현동 694,복현동,14,35.8912741,128.6278901
2019,대구광역시 북구 복현동 696,복현동 696,복현동,1,35.8917894,128.6271559
2019,대구광역시 북구 복현동 701,복현동 701,복현동,33,35.9013087,128.6191716
2019,대구광역시 북구 복현동 702,복현동 702,복현동,27,35.9008204,128.6197286
2019,대구광역시 북구 복현동 72-12,복현동 72-12,복현동,2,35.9015598,128.6181258
2019,대구광역시 북구 복현동 72-6,복현동 72-6,복현동,16,35.9006189,128.6189369
2019,대구광역시 북구 복현동 73,복현동 73,복현동,2,35.9009319,128.6181051
2019,대구광역시 북구 복현동 76-1,복현동 76-1,복현동,2,35.8999342,128.6185832
2019,대구광역시 북구 복현동 78-10,복현동 78-10,복현동,7,35.8990818,128.6175446
2019,대구광역시 북구 복현동 78-8,복현동 78-8,복현동,3,35.8997556,128.6175076
2019,대구광역시 북구 복현동 78-9,복현동 78-9,복현동,6,35.8996709,128.6177572
2019,대구광역시 북구 복현동 79,복현동 79,복현동,18,35.8991625,128.6184099
2019,대구광역시 북구 복현동 89-5,복현동 89-5,복현동,2,35.9002936,128.6202347
2019,대구광역시 북구 복현동 97-2,복현동 97-2,복현동,1,35.9009275,128.6217164
2019,대구광역시 북구 복현동 산 17-4,복현동 산 17-4,복현동,1,35.9031883,128.6214291
2019,대구광역시 북구 복현동 산 19-19,복현동 산 19-19,복현동,2,35.9031135,128.6205389
2019,대구광역시 북구 복현동 산 21-5,복현동 산 21-5,복현동,3,35.8992456,128.6172653
2019,대구광역시 북구 복현동 산 28,복현동 산 28,복현동,1,35.891536,128.6299949
2019,대구광역시 북구 복현동 산 36-12,복현동 산 36-12,복현동,1,35.9026304,128.6212897
2019,대구광역시 북구 복현동 산 44-3,복현동 산 44-3,복현동,5,35.9000957,128.6250437
2019,대구광역시 북구 복현동 산 44-6,복현동 산 44-6,복현동,2,35.8996744,128.6233543
2019,대구광역시 북구 복현동 산 44-8,복현동 산 44-8,복현동,1,35.8999936,128.6247741
2019,대구광역시 북구 복현동 산 44-9,복현동 산 44-9,복현동,1,35.9001147,128.6252254
2019,대구광역시 북구 복현동 산 9-6,복현동 산 9-6,복현동,1,35.9061617,128.6213713
2019,대구광역시 북구 사수동 1006,사수동 1006,사수동,2,35.8951543,128.5154073
2019,대구광역시 북구 사수동 1008,사수동 1008,사수동,6,35.8990538,128.5155129
2019,대구광역시 북구 사수동 1009,사수동 1009,사수동,1,35.9003768,128.5165989
2019,대구광역시 북구 사수동 11,사수동 11,사수동,2,35.8935854,128.5171447
2019,대구광역시 북구 사수동 707-5,사수동 707-5,사수동,1,35.8953973,128.5093254
2019,대구광역시 북구 사수동 728,사수동 728,사수동,1,35.8950311,128.5082811
2019,대구광역시 북구 사수동 735-23,사수동 735-23,사수동,2,35.8956079,128.505862
2019,대구광역시 북구 사수동 771,사수동 771,사수동,3,35.8979203,128.5085972
2019,대구광역시 북구 사수동 772,사수동 772,사수동,1,35.8989229,128.5091795
2019,대구광역시 북구 사수동 776,사수동 776,사수동,1,35.8966592,128.5093212
2019,대구광역시 북구 사수동 778,사수동 778,사수동,1,35.9015524,128.5098751
2019,대구광역시 북구 사수동 784,사수동 784,사수동,4,35.900263,128.5089641
2019,대구광역시 북구 사수동 787,사수동 787,사수동,10,35.9027592,128.5117592
2019,대구광역시 북구 사수동 789,사수동 789,사수동,1,35.9027454,128.5149744
2019,대구광역시 북구 사수동 793,사수동 793,사수동,1,35.9015526,128.5112961
2019,대구광역시 북구 사수동 796,사수동 796,사수동,10,35.9017416,128.5119867
2019,대구광역시 북구 사수동 797,사수동 797,사수동,2,35.9017911,128.5122673
2019,대구광역시 북구 사수동 798,사수동 798,사수동,1,35.9018149,128.5125073
2019,대구광역시 북구 사수동 799,사수동 799,사수동,2,35.9018297,128.5127473
2019,대구광역시 북구 사수동 800,사수동 800,사수동,1,35.9008683,128.5170691
2019,대구광역시 북구 사수동 803,사수동 803,사수동,10,35.9001559,128.5114853
2019,대구광역시 북구 사수동 804,사수동 804,사수동,1,35.9013643,128.5119422
2019,대구광역시 북구 사수동 806,사수동 806,사수동,1,35.9003011,128.5101873
2019,대구광역시 북구 사수동 809,사수동 809,사수동,1,35.8993496,128.512897
2019,대구광역시 북구 사수동 812,사수동 812,사수동,2,35.9002914,128.5142509
2019,대구광역시 북구 사수동 815,사수동 815,사수동,1,35.8996382,128.5157166
2019,대구광역시 북구 사수동 821,사수동 821,사수동,2,35.8989814,128.5099163
2019,대구광역시 북구 사수동 822,사수동 822,사수동,6,35.8988131,128.5099047
2019,대구광역시 북구 사수동 826,사수동 826,사수동,5,35.8989179,128.5103516
2019,대구광역시 북구 사수동 827,사수동 827,사수동,2,35.8989094,128.510631
2019,대구광역시 북구 사수동 828,사수동 828,사수동,3,35.8986404,128.5103377
2019,대구광역시 북구 사수동 831,사수동 831,사수동,5,35.8983276,128.5104653
2019,대구광역시 북구 사수동 833,사수동 833,사수동,39,35.8979144,128.5115761
2019,대구광역시 북구 사수동 835,사수동 835,사수동,1,35.8976287,128.5096893
2019,대구광역시 북구 사수동 836,사수동 836,사수동,3,35.8990475,128.5142313
2019,대구광역시 북구 사수동 837,사수동 837,사수동,4,35.8981508,128.5153874
2019,대구광역시 북구 사수동 847,사수동 847,사수동,1,35.8963245,128.509751
2019,대구광역시 북구 사수동 851,사수동 851,사수동,3,35.8961394,128.5116304
2019,대구광역시 북구 사수동 854,사수동 854,사수동,1,35.8966097,128.5116509
2019,대구광역시 북구 사수동 855,사수동 855,사수동,2,35.8967623,128.5116579
2019,대구광역시 북구 사수동 860,사수동 860,사수동,1,35.8967441,128.5120803
2019,대구광역시 북구 사수동 865,사수동 865,사수동,1,35.8967228,128.5127879
2019,대구광역시 북구 사수동 873,사수동 873,사수동,1,35.8959604,128.5121394
2019,대구광역시 북구 사수동 874,사수동 874,사수동,1,35.8961028,128.5121468
2019,대구광역시 북구 사수동 875,사수동 875,사수동,1,35.8962415,128.5121531
2019,대구광역시 북구 사수동 880,사수동 880,사수동,1,35.8962222,128.5124168
2019,대구광역시 북구 사수동 887,사수동 887,사수동,1,35.8965018,128.5126033
2019,대구광역시 북구 사수동 898,사수동 898,사수동,2,35.8961296,128.5136829
2019,대구광역시 북구 사수동 899,사수동 899,사수동,1,35.8970845,128.5155438
2019,대구광역시 북구 사수동 908,사수동 908,사수동,2,35.8964734,128.5145945
2019,대구광역시 북구 사수동 915,사수동 915,사수동,3,35.8970121,128.5165819
2019,대구광역시 북구 사수동 916,사수동 916,사수동,1,35.8969943,128.5167269
2019,대구광역시 북구 사수동 953,사수동 953,사수동,1,35.8960762,128.5145581
2019,대구광역시 북구 사수동 954,사수동 954,사수동,2,35.8961884,128.5149363
2019,대구광역시 북구 사수동 955,사수동 955,사수동,1,35.8960634,128.5149707
2019,대구광역시 북구 사수동 957,사수동 957,사수동,1,35.8961179,128.5161024
2019,대구광역시 북구 사수동 959,사수동 959,사수동,1,35.8959951,128.5159376
2019,대구광역시 북구 사수동 961,사수동 961,사수동,1,35.8957552,128.5150104
2019,대구광역시 북구 사수동 962,사수동 962,사수동,1,35.8957227,128.5153109
2019,대구광역시 북구 사수동 963,사수동 963,사수동,1,35.8956663,128.5158283
2019,대구광역시 북구 사수동 964,사수동 964,사수동,2,35.8956214,128.5162512
2019,대구광역시 북구 사수동 965,사수동 965,사수동,1,35.895487,128.5145348
2019,대구광역시 북구 사수동 966,사수동 966,사수동,2,35.8954316,128.5148858
2019,대구광역시 북구 사수동 967,사수동 967,사수동,1,35.8953748,128.5152434
2019,대구광역시 북구 사수동 968,사수동 968,사수동,5,35.8952557,128.5154547
2019,대구광역시 북구 사수동 969,사수동 969,사수동,3,35.8953009,128.5157082
2019,대구광역시 북구 사수동 971,사수동 971,사수동,1,35.8952018,128.5163338
2019,대구광역시 북구 사수동 976,사수동 976,사수동,4,35.9016924,128.510768
2019,대구광역시 북구 사수동 977,사수동 977,사수동,14,35.9018875,128.5119211
2019,대구광역시 북구 사수동 979,사수동 979,사수동,55,35.8995123,128.5096534
2019,대구광역시 북구 사수동 979길,사수동 979길,사수동,1,35.8995123,128.5096534
2019,대구광역시 북구 사수동 981,사수동 981,사수동,22,35.8991916,128.5089436
2019,대구광역시 북구 사수동 982,사수동 982,사수동,19,35.8991355,128.5108109
2019,대구광역시 북구 사수동 983,사수동 983,사수동,19,35.8986322,128.5101296
2019,대구광역시 북구 사수동 984,사수동 984,사수동,19,35.898627,128.5108276
2019,대구광역시 북구 사수동 985,사수동 985,사수동,4,35.8964185,128.5095036
2019,대구광역시 북구 사수동 986,사수동 986,사수동,10,35.8951765,128.5142565
2019,대구광역시 북구 사수동 987,사수동 987,사수동,12,35.8969769,128.5120741
2019,대구광역시 북구 사수동 988,사수동 988,사수동,13,35.8963855,128.5114043
2019,대구광역시 북구 사수동 989,사수동 989,사수동,8,35.8963316,128.5131701
2019,대구광역시 북구 사수동 990,사수동 990,사수동,1,35.8962498,128.5118451
2019,대구광역시 북구 사수동 991,사수동 991,사수동,2,35.8962271,128.5122836
2019,대구광역시 북구 사수동 993,사수동 993,사수동,14,35.8963299,128.5142792
2019,대구광역시 북구 사수동 998,사수동 998,사수동,14,35.8956486,128.5148591
2019,대구광역시 북구 사수동 999,사수동 999,사수동,6,35.896384,128.5156071
2019,대구광역시 북구 사수동 산 36-15,사수동 산 36-15,사수동,1,35.895642,128.5072239
2019,대구광역시 북구 산격동 1000-4,산격동 1000-4,산격동,4,35.8908936,128.5973369
2019,대구광역시 북구 산격동 1071-1,산격동 1071-1,산격동,1,35.8933762,128.5971466
2019,대구광역시 북구 산격동 1071-2,산격동 1071-2,산격동,1,35.8933902,128.5976394
2019,대구광역시 북구 산격동 1111-4,산격동 1111-4,산격동,5,35.8924783,128.5988984
2019,대구광역시 북구 산격동 1123-1,산격동 1123-1,산격동,1,35.8947943,128.5996532
2019,대구광역시 북구 산격동 1123-2,산격동 1123-2,산격동,1,35.8947998,128.5997457
2019,대구광역시 북구 산격동 1146,산격동 1146,산격동,3,35.8949823,128.5995013
2019,대구광역시 북구 산격동 1148-10,산격동 1148-10,산격동,1,35.8953114,128.5995511
2019,대구광역시 북구 산격동 1148-3,산격동 1148-3,산격동,1,35.8952877,128.599411
2019,대구광역시 북구 산격동 1154-13,산격동 1154-13,산격동,1,35.895884,128.599067
2019,대구광역시 북구 산격동 1189-1,산격동 1189-1,산격동,1,35.8982189,128.6032943
2019,대구광역시 북구 산격동 119,산격동 119,산격동,2,35.9043262,128.6164535
2019,대구광역시 북구 산격동 119-6,산격동 119-6,산격동,2,35.90321,128.6163826
2019,대구광역시 북구 산격동 1195-120,산격동 1195-120,산격동,1,35.8961545,128.6021234
2019,대구광역시 북구 산격동 1195-69,산격동 1195-69,산격동,1,35.896158,128.6025235
2019,대구광역시 북구 산격동 1197-52,산격동 1197-52,산격동,1,35.8974982,128.604689
2019,대구광역시 북구 산격동 1201-14,산격동 1201-14,산격동,1,35.9005349,128.605617
2019,대구광역시 북구 산격동 1203-51,산격동 1203-51,산격동,1,35.9006397,128.6072421
2019,대구광역시 북구 산격동 1203-8,산격동 1203-8,산격동,1,35.9012443,128.6070078
2019,대구광역시 북구 산격동 1207-49,산격동 1207-49,산격동,1,35.8998762,128.6083225
2019,대구광역시 북구 산격동 1213-17,산격동 1213-17,산격동,1,35.8990936,128.6066633
2019,대구광역시 북구 산격동 1213-21,산격동 1213-21,산격동,1,35.8992378,128.6066494
2019,대구광역시 북구 산격동 1216-11,산격동 1216-11,산격동,1,35.899398,128.6076381
2019,대구광역시 북구 산격동 1216-21,산격동 1216-21,산격동,1,35.8991429,128.6074965
2019,대구광역시 북구 산격동 1216-24,산격동 1216-24,산격동,10,35.8989777,128.6070697
2019,대구광역시 북구 산격동 1216-3,산격동 1216-3,산격동,1,35.899527,128.6079474
2019,대구광역시 북구 산격동 1216-34,산격동 1216-34,산격동,1,35.8987173,128.6071493
2019,대구광역시 북구 산격동 1216-56,산격동 1216-56,산격동,1,35.8990192,128.6075097
2019,대구광역시 북구 산격동 1216-60,산격동 1216-60,산격동,1,35.8991449,128.6073401
2019,대구광역시 북구 산격동 1218-1,산격동 1218-1,산격동,1,35.8978739,128.6058903
2019,대구광역시 북구 산격동 1218-17,산격동 1218-17,산격동,1,35.8984254,128.6067559
2019,대구광역시 북구 산격동 1218-7,산격동 1218-7,산격동,1,35.8982892,128.6063824
2019,대구광역시 북구 산격동 1218-9,산격동 1218-9,산격동,1,35.8983374,128.6066503
2019,대구광역시 북구 산격동 1220-13,산격동 1220-13,산격동,1,35.8970301,128.6050713
2019,대구광역시 북구 산격동 1220-23,산격동 1220-23,산격동,1,35.8970379,128.6052145
2019,대구광역시 북구 산격동 1220-6,산격동 1220-6,산격동,1,35.8977576,128.6057612
2019,대구광역시 북구 산격동 1225-3,산격동 1225-3,산격동,1,35.8958629,128.6030144
2019,대구광역시 북구 산격동 1227-8,산격동 1227-8,산격동,1,35.8961281,128.6048687
2019,대구광역시 북구 산격동 1228-14,산격동 1228-14,산격동,2,35.8964606,128.6048508
2019,대구광역시 북구 산격동 1228-19,산격동 1228-19,산격동,4,35.8961376,128.6051069
2019,대구광역시 북구 산격동 1228-2,산격동 1228-2,산격동,1,35.8968223,128.6049975
2019,대구광역시 북구 산격동 1237-19,산격동 1237-19,산격동,1,35.8994921,128.6084883
2019,대구광역시 북구 산격동 1238-1,산격동 1238-1,산격동,2,35.8994985,128.6096696
2019,대구광역시 북구 산격동 1238-21,산격동 1238-21,산격동,1,35.899265,128.6096707
2019,대구광역시 북구 산격동 1253-48,산격동 1253-48,산격동,1,35.8972016,128.609382
2019,대구광역시 북구 산격동 1254-12,산격동 1254-12,산격동,1,35.897411,128.6097782
2019,대구광역시 북구 산격동 1258,산격동 1258,산격동,62,35.8983937,128.6105284
2019,대구광역시 북구 산격동 1259-5,산격동 1259-5,산격동,14,35.8985981,128.6111137
2019,대구광역시 북구 산격동 1260-13,산격동 1260-13,산격동,1,35.8988832,128.6111106
2019,대구광역시 북구 산격동 1260-8,산격동 1260-8,산격동,3,35.8989803,128.6111731
2019,대구광역시 북구 산격동 1261-3,산격동 1261-3,산격동,1,35.8986055,128.6120293
2019,대구광역시 북구 산격동 1264-1,산격동 1264-1,산격동,10,35.897955,128.6106195
2019,대구광역시 북구 산격동 1264-10,산격동 1264-10,산격동,1,35.8972398,128.6102797
2019,대구광역시 북구 산격동 1264-7,산격동 1264-7,산격동,3,35.8976912,128.6104903
2019,대구광역시 북구 산격동 1265-18,산격동 1265-18,산격동,1,35.8968183,128.6111991
2019,대구광역시 북구 산격동 1265-29,산격동 1265-29,산격동,1,35.8969264,128.6109232
2019,대구광역시 북구 산격동 1265-6,산격동 1265-6,산격동,1,35.8969409,128.6112013
2019,대구광역시 북구 산격동 1266-4,산격동 1266-4,산격동,3,35.8968491,128.6105305
2019,대구광역시 북구 산격동 1266-6,산격동 1266-6,산격동,1,35.8967508,128.6098642
2019,대구광역시 북구 산격동 1266-8,산격동 1266-8,산격동,3,35.8967339,128.6104468
2019,대구광역시 북구 산격동 1269-2,산격동 1269-2,산격동,2,35.9001191,128.6095195
2019,대구광역시 북구 산격동 1269-21,산격동 1269-21,산격동,1,35.9005885,128.609118
2019,대구광역시 북구 산격동 1269-26,산격동 1269-26,산격동,3,35.9004654,128.6092675
2019,대구광역시 북구 산격동 1269-61,산격동 1269-61,산격동,1,35.9002957,128.6093932
2019,대구광역시 북구 산격동 1270-1,산격동 1270-1,산격동,1,35.9001247,128.6096517
2019,대구광역시 북구 산격동 1277-12,산격동 1277-12,산격동,7,35.8951688,128.6116302
2019,대구광역시 북구 산격동 1277-13,산격동 1277-13,산격동,12,35.8950112,128.6116552
2019,대구광역시 북구 산격동 1277-3,산격동 1277-3,산격동,1,35.8953561,128.6119976
2019,대구광역시 북구 산격동 1277-6,산격동 1277-6,산격동,2,35.8950842,128.6117539
2019,대구광역시 북구 산격동 1278-3,산격동 1278-3,산격동,3,35.8956576,128.6122579
2019,대구광역시 북구 산격동 1278-8,산격동 1278-8,산격동,1,35.8955306,128.6120564
2019,대구광역시 북구 산격동 1278-9,산격동 1278-9,산격동,2,35.8954451,128.6121936
2019,대구광역시 북구 산격동 1279-15,산격동 1279-15,산격동,2,35.8959329,128.6123569
2019,대구광역시 북구 산격동 1279-20,산격동 1279-20,산격동,1,35.8958235,128.6124563
2019,대구광역시 북구 산격동 1279-22,산격동 1279-22,산격동,1,35.8957087,128.6124917
2019,대구광역시 북구 산격동 1279-23,산격동 1279-23,산격동,3,35.8957629,128.6123472
2019,대구광역시 북구 산격동 1279-27,산격동 1279-27,산격동,3,35.895729,128.6122585
2019,대구광역시 북구 산격동 1279-4,산격동 1279-4,산격동,1,35.896093,128.6123958
2019,대구광역시 북구 산격동 1279-5,산격동 1279-5,산격동,1,35.8960201,128.612582
2019,대구광역시 북구 산격동 1279-6,산격동 1279-6,산격동,1,35.8960185,128.6126365
2019,대구광역시 북구 산격동 1279-7,산격동 1279-7,산격동,1,35.8959475,128.6127745
2019,대구광역시 북구 산격동 1279-9,산격동 1279-9,산격동,3,35.8959074,128.6126097
2019,대구광역시 북구 산격동 1281-19,산격동 1281-19,산격동,1,35.8965606,128.6118219
2019,대구광역시 북구 산격동 1281-8,산격동 1281-8,산격동,1,35.8965446,128.6124934
2019,대구광역시 북구 산격동 1281-9,산격동 1281-9,산격동,1,35.8965621,128.6123764
2019,대구광역시 북구 산격동 1285-6,산격동 1285-6,산격동,1,35.8972723,128.6133242
2019,대구광역시 북구 산격동 1285-8,산격동 1285-8,산격동,1,35.8973918,128.6133756
2019,대구광역시 북구 산격동 1287-4,산격동 1287-4,산격동,1,35.8977869,128.6134659
2019,대구광역시 북구 산격동 1288-8,산격동 1288-8,산격동,1,35.8971831,128.6136273
2019,대구광역시 북구 산격동 1289-2,산격동 1289-2,산격동,2,35.8972974,128.6141501
2019,대구광역시 북구 산격동 1289-27,산격동 1289-27,산격동,7,35.8975253,128.614405
2019,대구광역시 북구 산격동 1289-29,산격동 1289-29,산격동,1,35.897454,128.6143246
2019,대구광역시 북구 산격동 1289-3,산격동 1289-3,산격동,3,35.8982361,128.6141179
2019,대구광역시 북구 산격동 1289-30,산격동 1289-30,산격동,1,35.8974179,128.6142848
2019,대구광역시 북구 산격동 1289-33,산격동 1289-33,산격동,7,35.8970363,128.61386
2019,대구광역시 북구 산격동 1289-35,산격동 1289-35,산격동,1,35.8980907,128.6140313
2019,대구광역시 북구 산격동 1290-12,산격동 1290-12,산격동,1,35.8962635,128.6126452
2019,대구광역시 북구 산격동 1290-21,산격동 1290-21,산격동,1,35.8970052,128.6134818
2019,대구광역시 북구 산격동 1291-1,산격동 1291-1,산격동,1,35.8969167,128.6135656
2019,대구광역시 북구 산격동 1291-12,산격동 1291-12,산격동,1,35.8967545,128.6135421
2019,대구광역시 북구 산격동 1291-13,산격동 1291-13,산격동,1,35.8966867,128.613638
2019,대구광역시 북구 산격동 1291-19,산격동 1291-19,산격동,9,35.8968147,128.6137124
2019,대구광역시 북구 산격동 1291-20,산격동 1291-20,산격동,2,35.8966182,128.6134916
2019,대구광역시 북구 산격동 1291-22,산격동 1291-22,산격동,8,35.8961587,128.6129768
2019,대구광역시 북구 산격동 1291-25,산격동 1291-25,산격동,4,35.896181,128.6127137
2019,대구광역시 북구 산격동 1291-26,산격동 1291-26,산격동,2,35.8961787,128.6128305
2019,대구광역시 북구 산격동 1291-4,산격동 1291-4,산격동,3,35.8965764,128.6133381
2019,대구광역시 북구 산격동 1291-6,산격동 1291-6,산격동,5,35.8963552,128.6130891
2019,대구광역시 북구 산격동 1291-9,산격동 1291-9,산격동,1,35.8964198,128.6133106
2019,대구광역시 북구 산격동 1304-13,산격동 1304-13,산격동,21,35.8950367,128.6115008
2019,대구광역시 북구 산격동 1304-14,산격동 1304-14,산격동,14,35.894943,128.6114753
2019,대구광역시 북구 산격동 1304-15,산격동 1304-15,산격동,2,35.8949222,128.6113494
2019,대구광역시 북구 산격동 1304-18,산격동 1304-18,산격동,4,35.8951611,128.6115078
2019,대구광역시 북구 산격동 1304-2,산격동 1304-2,산격동,1,35.895047,128.6113531
2019,대구광역시 북구 산격동 1305-27,산격동 1305-27,산격동,2,35.896177,128.6109818
2019,대구광역시 북구 산격동 1305-29,산격동 1305-29,산격동,1,35.8960695,128.6111283
2019,대구광역시 북구 산격동 1307-51,산격동 1307-51,산격동,1,35.8950503,128.6097049
2019,대구광역시 북구 산격동 1307-73,산격동 1307-73,산격동,1,35.8952608,128.6106068
2019,대구광역시 북구 산격동 1307-81,산격동 1307-81,산격동,1,35.8951425,128.6109878
2019,대구광역시 북구 산격동 1308-12,산격동 1308-12,산격동,1,35.894797,128.610649
2019,대구광역시 북구 산격동 1308-13,산격동 1308-13,산격동,1,35.8948089,128.6105079
2019,대구광역시 북구 산격동 1308-23,산격동 1308-23,산격동,4,35.8947355,128.6103173
2019,대구광역시 북구 산격동 1308-3,산격동 1308-3,산격동,1,35.894619,128.6102653
2019,대구광역시 북구 산격동 1308-4,산격동 1308-4,산격동,1,35.8946482,128.6104701
2019,대구광역시 북구 산격동 1308-7,산격동 1308-7,산격동,1,35.8948486,128.6107724
2019,대구광역시 북구 산격동 1309,산격동 1309,산격동,1,35.8948091,128.609916
2019,대구광역시 북구 산격동 1311-6,산격동 1311-6,산격동,2,35.8957273,128.6083684
2019,대구광역시 북구 산격동 1312-75,산격동 1312-75,산격동,3,35.8951276,128.6083845
2019,대구광역시 북구 산격동 1313-5,산격동 1313-5,산격동,1,35.8939138,128.6090912
2019,대구광역시 북구 산격동 1313-57,산격동 1313-57,산격동,5,35.893937,128.6092691
2019,대구광역시 북구 산격동 1313-59,산격동 1313-59,산격동,3,35.8938076,128.6092661
2019,대구광역시 북구 산격동 1313-60,산격동 1313-60,산격동,2,35.8938241,128.6093815
2019,대구광역시 북구 산격동 1313-61,산격동 1313-61,산격동,1,35.8937014,128.6092435
2019,대구광역시 북구 산격동 1313-64,산격동 1313-64,산격동,2,35.8939162,128.6093763
2019,대구광역시 북구 산격동 1314-16,산격동 1314-16,산격동,1,35.8939469,128.6086757
2019,대구광역시 북구 산격동 1314-2,산격동 1314-2,산격동,1,35.8944822,128.6086103
2019,대구광역시 북구 산격동 1314-4,산격동 1314-4,산격동,2,35.8941647,128.608749
2019,대구광역시 북구 산격동 1314-40,산격동 1314-40,산격동,1,35.8937302,128.6086003
2019,대구광역시 북구 산격동 1314-41,산격동 1314-41,산격동,3,35.8938494,128.6086224
2019,대구광역시 북구 산격동 1315-21,산격동 1315-21,산격동,15,35.8948399,128.6118582
2019,대구광역시 북구 산격동 1318-3,산격동 1318-3,산격동,6,35.8946764,128.6117005
2019,대구광역시 북구 산격동 1319-1,산격동 1319-1,산격동,5,35.893633,128.6103124
2019,대구광역시 북구 산격동 1320-5,산격동 1320-5,산격동,5,35.8947903,128.6115295
2019,대구광역시 북구 산격동 1321-12,산격동 1321-12,산격동,2,35.8943907,128.6106773
2019,대구광역시 북구 산격동 1321-13,산격동 1321-13,산격동,1,35.8944446,128.6108215
2019,대구광역시 북구 산격동 1324-3,산격동 1324-3,산격동,2,35.8942876,128.6108674
2019,대구광역시 북구 산격동 1326-1,산격동 1326-1,산격동,1,35.8945578,128.6080299
2019,대구광역시 북구 산격동 1326-53,산격동 1326-53,산격동,1,35.8945851,128.6078894
2019,대구광역시 북구 산격동 1327-11,산격동 1327-11,산격동,1,35.8940783,128.6099571
2019,대구광역시 북구 산격동 1327-13,산격동 1327-13,산격동,1,35.8935333,128.6089736
2019,대구광역시 북구 산격동 1328-6,산격동 1328-6,산격동,1,35.8941285,128.6106864
2019,대구광역시 북구 산격동 1329-10,산격동 1329-10,산격동,1,35.8938719,128.6102495
2019,대구광역시 북구 산격동 1329-7,산격동 1329-7,산격동,1,35.893769,128.6103284
2019,대구광역시 북구 산격동 1329-8,산격동 1329-8,산격동,1,35.893882,128.6103482
2019,대구광역시 북구 산격동 1330-1,산격동 1330-1,산격동,14,35.8936963,128.6101163
2019,대구광역시 북구 산격동 1330-3,산격동 1330-3,산격동,7,35.8936588,128.6099652
2019,대구광역시 북구 산격동 1332-1,산격동 1332-1,산격동,6,35.893621,128.6099135
2019,대구광역시 북구 산격동 1332-3,산격동 1332-3,산격동,3,35.8934572,128.60998
2019,대구광역시 북구 산격동 1332-5,산격동 1332-5,산격동,2,35.8935287,128.6098261
2019,대구광역시 북구 산격동 1337-1,산격동 1337-1,산격동,3,35.8927851,128.6090426
2019,대구광역시 북구 산격동 1341-1,산격동 1341-1,산격동,2,35.8929559,128.60944
2019,대구광역시 북구 산격동 1341-2,산격동 1341-2,산격동,3,35.8928169,128.6091644
2019,대구광역시 북구 산격동 1341-6,산격동 1341-6,산격동,1,35.8928501,128.609291
2019,대구광역시 북구 산격동 1346,산격동 1346,산격동,5,35.892228,128.6088169
2019,대구광역시 북구 산격동 1370-1,산격동 1370-1,산격동,11,35.8908861,128.609788
2019,대구광역시 북구 산격동 1377-3,산격동 1377-3,산격동,1,35.8868446,128.601148
2019,대구광역시 북구 산격동 1378-1,산격동 1378-1,산격동,3,35.8879284,128.6017648
2019,대구광역시 북구 산격동 1378-3,산격동 1378-3,산격동,1,35.8878184,128.6017503
2019,대구광역시 북구 산격동 1379,산격동 1379,산격동,2,35.8885064,128.6014773
2019,대구광역시 북구 산격동 1381-3,산격동 1381-3,산격동,2,35.8882611,128.6021067
2019,대구광역시 북구 산격동 1382-111,산격동 1382-111,산격동,4,35.8882805,128.602239
2019,대구광역시 북구 산격동 1382-33,산격동 1382-33,산격동,2,35.8885922,128.6022431
2019,대구광역시 북구 산격동 1382-51,산격동 1382-51,산격동,1,35.8886885,128.6033961
2019,대구광역시 북구 산격동 1382-59,산격동 1382-59,산격동,1,35.8884289,128.6021303
2019,대구광역시 북구 산격동 1382-6,산격동 1382-6,산격동,1,35.8883455,128.6022987
2019,대구광역시 북구 산격동 1390-1,산격동 1390-1,산격동,2,35.8889118,128.6024529
2019,대구광역시 북구 산격동 1393,산격동 1393,산격동,1,35.8932511,128.6085537
2019,대구광역시 북구 산격동 1393-1,산격동 1393-1,산격동,2,35.8930289,128.6086606
2019,대구광역시 북구 산격동 1393-12,산격동 1393-12,산격동,1,35.8927183,128.6084393
2019,대구광역시 북구 산격동 1393-16,산격동 1393-16,산격동,1,35.8928083,128.608308
2019,대구광역시 북구 산격동 1393-20,산격동 1393-20,산격동,2,35.8929398,128.6086173
2019,대구광역시 북구 산격동 1393-25,산격동 1393-25,산격동,2,35.8928342,128.6087143
2019,대구광역시 북구 산격동 1393-27,산격동 1393-27,산격동,1,35.8934856,128.6084798
2019,대구광역시 북구 산격동 1393-3,산격동 1393-3,산격동,1,35.8929228,128.6087278
2019,대구광역시 북구 산격동 1393-4,산격동 1393-4,산격동,1,35.8928368,128.6085845
2019,대구광역시 북구 산격동 1393-5,산격동 1393-5,산격동,3,35.8927504,128.608607
2019,대구광역시 북구 산격동 1393-8,산격동 1393-8,산격동,1,35.8928069,128.6084409
2019,대구광역시 북구 산격동 1397,산격동 1397,산격동,7,35.8935209,128.6081198
2019,대구광역시 북구 산격동 1397-11,산격동 1397-11,산격동,2,35.8927243,128.6079708
2019,대구광역시 북구 산격동 1397-12,산격동 1397-12,산격동,2,35.8926339,128.6080869
2019,대구광역시 북구 산격동 1397-13,산격동 1397-13,산격동,1,35.892717,128.6081103
2019,대구광역시 북구 산격동 1397-18,산격동 1397-18,산격동,3,35.8932896,128.6080447
2019,대구광역시 북구 산격동 1397-29,산격동 1397-29,산격동,4,35.8926327,128.6079385
2019,대구광역시 북구 산격동 1397-3,산격동 1397-3,산격동,2,35.8928179,128.6077957
2019,대구광역시 북구 산격동 1397-35,산격동 1397-35,산격동,4,35.893511,128.60801
2019,대구광역시 북구 산격동 1397-37,산격동 1397-37,산격동,2,35.8928782,128.6079686
2019,대구광역시 북구 산격동 1397-40,산격동 1397-40,산격동,2,35.8931251,128.6080089
2019,대구광역시 북구 산격동 1397-43,산격동 1397-43,산격동,3,35.8927306,128.6077962
2019,대구광역시 북구 산격동 1399,산격동 1399,산격동,1,35.8924451,128.6086143
2019,대구광역시 북구 산격동 1399-11,산격동 1399-11,산격동,1,35.8921717,128.6082784
2019,대구광역시 북구 산격동 1399-3,산격동 1399-3,산격동,2,35.8924465,128.6082968
2019,대구광역시 북구 산격동 1399-5,산격동 1399-5,산격동,4,35.8920902,128.6084299
2019,대구광역시 북구 산격동 14-117,산격동 14-117,산격동,2,35.9107081,128.6091726
2019,대구광역시 북구 산격동 14-136,산격동 14-136,산격동,1,35.910314,128.6068162
2019,대구광역시 북구 산격동 14-137,산격동 14-137,산격동,3,35.9101485,128.6067245
2019,대구광역시 북구 산격동 14-138,산격동 14-138,산격동,2,35.9106145,128.6054522
2019,대구광역시 북구 산격동 14-142,산격동 14-142,산격동,2,35.9102066,128.6068433
2019,대구광역시 북구 산격동 14-149,산격동 14-149,산격동,1,35.9105098,128.60702
2019,대구광역시 북구 산격동 14-157,산격동 14-157,산격동,1,35.9103503,128.6069675
2019,대구광역시 북구 산격동 14-45,산격동 14-45,산격동,1,35.9115962,128.6048079
2019,대구광역시 북구 산격동 1400,산격동 1400,산격동,1,35.8924426,128.6080997
2019,대구광역시 북구 산격동 1400-10,산격동 1400-10,산격동,2,35.8924305,128.6079975
2019,대구광역시 북구 산격동 1400-12,산격동 1400-12,산격동,1,35.8924454,128.6077534
2019,대구광역시 북구 산격동 1400-13,산격동 1400-13,산격동,3,35.8918544,128.6079309
2019,대구광역시 북구 산격동 1400-20,산격동 1400-20,산격동,8,35.8921097,128.6080664
2019,대구광역시 북구 산격동 1400-3,산격동 1400-3,산격동,2,35.8919303,128.6077437
2019,대구광역시 북구 산격동 1400-8,산격동 1400-8,산격동,1,35.8920885,128.6077628
2019,대구광역시 북구 산격동 1401-81,산격동 1401-81,산격동,1,35.8907307,128.6031124
2019,대구광역시 북구 산격동 1404-152,산격동 1404-152,산격동,1,35.8909455,128.6033025
2019,대구광역시 북구 산격동 1405-6,산격동 1405-6,산격동,2,35.896113,128.6060959
2019,대구광역시 북구 산격동 1406-3,산격동 1406-3,산격동,1,35.8958791,128.6064101
2019,대구광역시 북구 산격동 1406-39,산격동 1406-39,산격동,1,35.8958811,128.606203
2019,대구광역시 북구 산격동 1407-17,산격동 1407-17,산격동,1,35.8950772,128.6074847
2019,대구광역시 북구 산격동 1407-19,산격동 1407-19,산격동,1,35.8950695,128.607403
2019,대구광역시 북구 산격동 1407-22,산격동 1407-22,산격동,2,35.895113,128.6072746
2019,대구광역시 북구 산격동 1407-29,산격동 1407-29,산격동,1,35.8950627,128.6067791
2019,대구광역시 북구 산격동 1407-37,산격동 1407-37,산격동,1,35.8951715,128.6069642
2019,대구광역시 북구 산격동 1407-41,산격동 1407-41,산격동,1,35.8950678,128.6068652
2019,대구광역시 북구 산격동 1407-56,산격동 1407-56,산격동,2,35.8951706,128.6060268
2019,대구광역시 북구 산격동 1407-63,산격동 1407-63,산격동,1,35.8950653,128.6071146
2019,대구광역시 북구 산격동 1408-19,산격동 1408-19,산격동,2,35.8951577,128.6053945
2019,대구광역시 북구 산격동 1408-23,산격동 1408-23,산격동,2,35.8951606,128.605694
2019,대구광역시 북구 산격동 1409,산격동 1409,산격동,9,35.8944233,128.606962
2019,대구광역시 북구 산격동 1409-58,산격동 1409-58,산격동,1,35.8937297,128.607434
2019,대구광역시 북구 산격동 1410-23,산격동 1410-23,산격동,1,35.8941869,128.6057055
2019,대구광역시 북구 산격동 1411-4,산격동 1411-4,산격동,3,35.8932372,128.6069537
2019,대구광역시 북구 산격동 1411-77,산격동 1411-77,산격동,4,35.8931901,128.606788
2019,대구광역시 북구 산격동 1412-2,산격동 1412-2,산격동,5,35.8927152,128.6073696
2019,대구광역시 북구 산격동 1412-26,산격동 1412-26,산격동,1,35.8927703,128.606632
2019,대구광역시 북구 산격동 1412-34,산격동 1412-34,산격동,2,35.8927534,128.6075376
2019,대구광역시 북구 산격동 1412-35,산격동 1412-35,산격동,2,35.8926402,128.6075351
2019,대구광역시 북구 산격동 1412-4,산격동 1412-4,산격동,2,35.8927166,128.607236
2019,대구광역시 북구 산격동 1412-6,산격동 1412-6,산격동,1,35.8929467,128.6068872
2019,대구광역시 북구 산격동 1413-15,산격동 1413-15,산격동,1,35.8926659,128.6054294
2019,대구광역시 북구 산격동 1413-17,산격동 1413-17,산격동,1,35.8930189,128.6057539
2019,대구광역시 북구 산격동 1413-31,산격동 1413-31,산격동,1,35.8928446,128.6055694
2019,대구광역시 북구 산격동 1413-6,산격동 1413-6,산격동,1,35.8926841,128.6058044
2019,대구광역시 북구 산격동 1414-58,산격동 1414-58,산격동,2,35.8922366,128.6075241
2019,대구광역시 북구 산격동 1414-59,산격동 1414-59,산격동,1,35.8921245,128.6074741
2019,대구광역시 북구 산격동 1414-61,산격동 1414-61,산격동,1,35.8924575,128.6074835
2019,대구광역시 북구 산격동 1414-62,산격동 1414-62,산격동,1,35.8922371,128.6068297
2019,대구광역시 북구 산격동 1414-83,산격동 1414-83,산격동,1,35.8924505,128.6073627
2019,대구광역시 북구 산격동 1416,산격동 1416,산격동,2,35.8919636,128.6075346
2019,대구광역시 북구 산격동 1416-1,산격동 1416-1,산격동,1,35.8919553,128.6072807
2019,대구광역시 북구 산격동 1416-14,산격동 1416-14,산격동,1,35.8916194,128.6071349
2019,대구광역시 북구 산격동 1416-15,산격동 1416-15,산격동,2,35.8917326,128.6070029
2019,대구광역시 북구 산격동 1416-44,산격동 1416-44,산격동,3,35.8916559,128.6075258
2019,대구광역시 북구 산격동 1416-49,산격동 1416-49,산격동,17,35.8918184,128.6075263
2019,대구광역시 북구 산격동 1416-54,산격동 1416-54,산격동,2,35.8919453,128.6073477
2019,대구광역시 북구 산격동 1416-55,산격동 1416-55,산격동,3,35.891955,128.6074136
2019,대구광역시 북구 산격동 1416-56,산격동 1416-56,산격동,11,35.8918445,128.6074052
2019,대구광역시 북구 산격동 1416-57,산격동 1416-57,산격동,8,35.8917251,128.6073963
2019,대구광역시 북구 산격동 1416-58,산격동 1416-58,산격동,1,35.8916981,128.6072822
2019,대구광역시 북구 산격동 1416-59,산격동 1416-59,산격동,1,35.8918458,128.6072225
2019,대구광역시 북구 산격동 1416-60,산격동 1416-60,산격동,3,35.8916189,128.6070018
2019,대구광역시 북구 산격동 1416-8,산격동 1416-8,산격동,1,35.8916201,128.6068526
2019,대구광역시 북구 산격동 1417-13,산격동 1417-13,산격동,1,35.8913265,128.6066018
2019,대구광역시 북구 산격동 1417-19,산격동 1417-19,산격동,3,35.8914081,128.6064714
2019,대구광역시 북구 산격동 1417-2,산격동 1417-2,산격동,1,35.8914139,128.6060952
2019,대구광역시 북구 산격동 1417-3,산격동 1417-3,산격동,1,35.8912227,128.6063013
2019,대구광역시 북구 산격동 1417-39,산격동 1417-39,산격동,1,35.8911337,128.6063947
2019,대구광역시 북구 산격동 1417-5,산격동 1417-5,산격동,3,35.8913104,128.6069343
2019,대구광역시 북구 산격동 1417-6,산격동 1417-6,산격동,5,35.8912237,128.6061371
2019,대구광역시 북구 산격동 1417-7,산격동 1417-7,산격동,9,35.8912271,128.6059943
2019,대구광역시 북구 산격동 1418-1,산격동 1418-1,산격동,1,35.8924831,128.6053713
2019,대구광역시 북구 산격동 1418-12,산격동 1418-12,산격동,1,35.8911934,128.6056782
2019,대구광역시 북구 산격동 1418-26,산격동 1418-26,산격동,1,35.891519,128.6056903
2019,대구광역시 북구 산격동 1418-5,산격동 1418-5,산격동,1,35.8911953,128.6057954
2019,대구광역시 북구 산격동 1418-8,산격동 1418-8,산격동,1,35.8916616,128.6054679
2019,대구광역시 북구 산격동 1419-1,산격동 1419-1,산격동,3,35.8910096,128.6060065
2019,대구광역시 북구 산격동 1420,산격동 1420,산격동,2,35.8908961,128.6057108
2019,대구광역시 북구 산격동 1420-1,산격동 1420-1,산격동,1,35.890613,128.6055756
2019,대구광역시 북구 산격동 1420-17,산격동 1420-17,산격동,1,35.8909625,128.6053601
2019,대구광역시 북구 산격동 1420-5,산격동 1420-5,산격동,1,35.8910096,128.605667
2019,대구광역시 북구 산격동 1421-1,산격동 1421-1,산격동,1,35.8922973,128.6058273
2019,대구광역시 북구 산격동 1421-10,산격동 1421-10,산격동,1,35.8923377,128.605685
2019,대구광역시 북구 산격동 1421-3,산격동 1421-3,산격동,1,35.8922143,128.6057245
2019,대구광역시 북구 산격동 1421-46,산격동 1421-46,산격동,1,35.8918673,128.6060368
2019,대구광역시 북구 산격동 1422,산격동 1422,산격동,44,35.89595,128.6050802
2019,대구광역시 북구 산격동 1422-1,산격동 1422-1,산격동,2,35.8957222,128.6050452
2019,대구광역시 북구 산격동 1422-12,산격동 1422-12,산격동,2,35.8954827,128.6049807
2019,대구광역시 북구 산격동 1422-14,산격동 1422-14,산격동,1,35.8953543,128.605038
2019,대구광역시 북구 산격동 1422-24,산격동 1422-24,산격동,1,35.8950862,128.6046754
2019,대구광역시 북구 산격동 1422-25,산격동 1422-25,산격동,35,35.8958431,128.60508
2019,대구광역시 북구 산격동 1422-26,산격동 1422-26,산격동,12,35.8958437,128.6049288
2019,대구광역시 북구 산격동 1422-27,산격동 1422-27,산격동,18,35.8959503,128.6049299
2019,대구광역시 북구 산격동 1422-28,산격동 1422-28,산격동,1,35.8959509,128.6047958
2019,대구광역시 북구 산격동 1422-32,산격동 1422-32,산격동,1,35.8957831,128.6048819
2019,대구광역시 북구 산격동 1422-4,산격동 1422-4,산격동,1,35.89572,128.6048522
2019,대구광역시 북구 산격동 1422-40,산격동 1422-40,산격동,1,35.8957682,128.605046
2019,대구광역시 북구 산격동 1422-41,산격동 1422-41,산격동,1,35.8956724,128.6050441
2019,대구광역시 북구 산격동 1423-14,산격동 1423-14,산격동,1,35.8956414,128.603004
2019,대구광역시 북구 산격동 1424-13,산격동 1424-13,산격동,1,35.8950846,128.6036928
2019,대구광역시 북구 산격동 1424-21,산격동 1424-21,산격동,1,35.8952045,128.6039671
2019,대구광역시 북구 산격동 1424-25,산격동 1424-25,산격동,1,35.8950748,128.6039129
2019,대구광역시 북구 산격동 1424-39,산격동 1424-39,산격동,1,35.8950818,128.60318
2019,대구광역시 북구 산격동 1424-40,산격동 1424-40,산격동,2,35.8951478,128.6032698
2019,대구광역시 북구 산격동 1424-43,산격동 1424-43,산격동,2,35.8950786,128.6033551
2019,대구광역시 북구 산격동 1424-45,산격동 1424-45,산격동,1,35.8952018,128.603494
2019,대구광역시 북구 산격동 1424-46,산격동 1424-46,산격동,8,35.8950763,128.6034926
2019,대구광역시 북구 산격동 1424-47,산격동 1424-47,산격동,3,35.8951338,128.6035793
2019,대구광역시 북구 산격동 1424-48,산격동 1424-48,산격동,4,35.895091,128.6030135
2019,대구광역시 북구 산격동 1424-5,산격동 1424-5,산격동,1,35.8952112,128.6036937
2019,대구광역시 북구 산격동 1425,산격동 1425,산격동,2,35.8947766,128.6049747
2019,대구광역시 북구 산격동 1425-13,산격동 1425-13,산격동,2,35.894885,128.604873
2019,대구광역시 북구 산격동 1425-29,산격동 1425-29,산격동,1,35.8941572,128.6049156
2019,대구광역시 북구 산격동 1425-42,산격동 1425-42,산격동,1,35.8946008,128.6048694
2019,대구광역시 북구 산격동 1427-1,산격동 1427-1,산격동,24,35.893644,128.6034382
2019,대구광역시 북구 산격동 1428-12,산격동 1428-12,산격동,1,35.8948122,128.602998
2019,대구광역시 북구 산격동 1428-17,산격동 1428-17,산격동,3,35.8949095,128.6030693
2019,대구광역시 북구 산격동 1429-12,산격동 1429-12,산격동,1,35.8926879,128.6049837
2019,대구광역시 북구 산격동 1429-19,산격동 1429-19,산격동,1,35.8926875,128.6049113
2019,대구광역시 북구 산격동 1429-37,산격동 1429-37,산격동,1,35.892622,128.6051115
2019,대구광역시 북구 산격동 1429-5,산격동 1429-5,산격동,2,35.892701,128.6050723
2019,대구광역시 북구 산격동 1430-25,산격동 1430-25,산격동,1,35.8926489,128.6041192
2019,대구광역시 북구 산격동 1430-28,산격동 1430-28,산격동,1,35.8926766,128.6042935
2019,대구광역시 북구 산격동 1433,산격동 1433,산격동,7,35.8924935,128.6048622
2019,대구광역시 북구 산격동 1433-1,산격동 1433-1,산격동,1,35.8917915,128.6048657
2019,대구광역시 북구 산격동 1433-14,산격동 1433-14,산격동,1,35.8923968,128.6046896
2019,대구광역시 북구 산격동 1433-2,산격동 1433-2,산격동,1,35.8911959,128.6048543
2019,대구광역시 북구 산격동 1433-36,산격동 1433-36,산격동,5,35.8924035,128.6050094
2019,대구광역시 북구 산격동 1433-38,산격동 1433-38,산격동,1,35.892308,128.6050263
2019,대구광역시 북구 산격동 1433-59,산격동 1433-59,산격동,1,35.8919269,128.6050395
2019,대구광역시 북구 산격동 1436-22,산격동 1436-22,산격동,1,35.8944641,128.6012445
2019,대구광역시 북구 산격동 1437-100,산격동 1437-100,산격동,2,35.894521,128.6025447
2019,대구광역시 북구 산격동 1437-112,산격동 1437-112,산격동,2,35.8944527,128.6025228
2019,대구광역시 북구 산격동 1437-12,산격동 1437-12,산격동,1,35.8955444,128.6025138
2019,대구광역시 북구 산격동 1437-133,산격동 1437-133,산격동,1,35.8949456,128.6014613
2019,대구광역시 북구 산격동 1437-142,산격동 1437-142,산격동,1,35.8947634,128.6025214
2019,대구광역시 북구 산격동 1437-151,산격동 1437-151,산격동,2,35.8946294,128.6025184
2019,대구광역시 북구 산격동 1437-175,산격동 1437-175,산격동,3,35.8945982,128.6028084
2019,대구광역시 북구 산격동 1437-18,산격동 1437-18,산격동,1,35.8953245,128.6025379
2019,대구광역시 북구 산격동 1437-50,산격동 1437-50,산격동,1,35.8949152,128.602681
2019,대구광역시 북구 산격동 1437-51,산격동 1437-51,산격동,1,35.8947997,128.6026792
2019,대구광역시 북구 산격동 1437-52,산격동 1437-52,산격동,1,35.8947085,128.6026777
2019,대구광역시 북구 산격동 1437-53,산격동 1437-53,산격동,2,35.8945963,128.6026712
2019,대구광역시 북구 산격동 1437-67,산격동 1437-67,산격동,3,35.894951,128.6025504
2019,대구광역시 북구 산격동 1437-68,산격동 1437-68,산격동,1,35.8951992,128.602537
2019,대구광역시 북구 산격동 1437-80,산격동 1437-80,산격동,1,35.8950828,128.602038
2019,대구광역시 북구 산격동 1437-98,산격동 1437-98,산격동,2,35.8951538,128.6027269
2019,대구광역시 북구 산격동 1440-1,산격동 1440-1,산격동,6,35.894472,128.6026802
2019,대구광역시 북구 산격동 1440-10,산격동 1440-10,산격동,1,35.8944607,128.6027498
2019,대구광역시 북구 산격동 1440-5,산격동 1440-5,산격동,4,35.8943888,128.6026678
2019,대구광역시 북구 산격동 1440-9,산격동 1440-9,산격동,12,35.8944827,128.6027936
2019,대구광역시 북구 산격동 1441-2,산격동 1441-2,산격동,1,35.8893709,128.6015469
2019,대구광역시 북구 산격동 1441-29,산격동 1441-29,산격동,1,35.889635,128.6018643
2019,대구광역시 북구 산격동 1442-12,산격동 1442-12,산격동,5,35.8908068,128.6014842
2019,대구광역시 북구 산격동 1442-4,산격동 1442-4,산격동,10,35.8907229,128.6017496
2019,대구광역시 북구 산격동 1442-54,산격동 1442-54,산격동,1,35.891005,128.6020906
2019,대구광역시 북구 산격동 1444-1,산격동 1444-1,산격동,117,35.8902659,128.6010649
2019,대구광역시 북구 산격동 1444-4,산격동 1444-4,산격동,6,35.8914533,128.6026588
2019,대구광역시 북구 산격동 1446-1,산격동 1446-1,산격동,5,35.8909799,128.6004633
2019,대구광역시 북구 산격동 1446-2,산격동 1446-2,산격동,5,35.8905058,128.6008521
2019,대구광역시 북구 산격동 1449-1,산격동 1449-1,산격동,17,35.8929562,128.6020566
2019,대구광역시 북구 산격동 1449-11,산격동 1449-11,산격동,3,35.8934492,128.6027887
2019,대구광역시 북구 산격동 1449-4,산격동 1449-4,산격동,47,35.8915756,128.6022322
2019,대구광역시 북구 산격동 1449-8,산격동 1449-8,산격동,1,35.8912275,128.6021215
2019,대구광역시 북구 산격동 1465-38,산격동 1465-38,산격동,1,35.904868,128.5994043
2019,대구광역시 북구 산격동 1470,산격동 1470,산격동,1,35.9004974,128.6149938
2019,대구광역시 북구 산격동 1470-1,산격동 1470-1,산격동,1,35.9009386,128.6155438
2019,대구광역시 북구 산격동 1470-3,산격동 1470-3,산격동,1,35.8988328,128.614544
2019,대구광역시 북구 산격동 1472-4,산격동 1472-4,산격동,2,35.8995457,128.6106197
2019,대구광역시 북구 산격동 1477-1,산격동 1477-1,산격동,16,35.9096178,128.6038143
2019,대구광역시 북구 산격동 1477-9,산격동 1477-9,산격동,1,35.9080895,128.6040734
2019,대구광역시 북구 산격동 1485,산격동 1485,산격동,146,35.8981657,128.6090514
2019,대구광역시 북구 산격동 1490,산격동 1490,산격동,2,35.8922996,128.6042992
2019,대구광역시 북구 산격동 1490-31,산격동 1490-31,산격동,12,35.8924971,128.604241
2019,대구광역시 북구 산격동 1497-45,산격동 1497-45,산격동,2,35.8925062,128.6036851
2019,대구광역시 북구 산격동 1497-7,산격동 1497-7,산격동,2,35.8924391,128.6035633
2019,대구광역시 북구 산격동 1498-138,산격동 1498-138,산격동,1,35.8920678,128.6029147
2019,대구광역시 북구 산격동 1498-148,산격동 1498-148,산격동,1,35.8905867,128.6050834
2019,대구광역시 북구 산격동 1498-177,산격동 1498-177,산격동,1,35.8896604,128.603127
2019,대구광역시 북구 산격동 1498-199,산격동 1498-199,산격동,1,35.8907827,128.6049297
2019,대구광역시 북구 산격동 1498-2,산격동 1498-2,산격동,1,35.8921716,128.6029771
2019,대구광역시 북구 산격동 1499,산격동 1499,산격동,11,35.8927872,128.6089143
2019,대구광역시 북구 산격동 1499-1,산격동 1499-1,산격동,43,35.8939345,128.6088607
2019,대구광역시 북구 산격동 1499-2,산격동 1499-2,산격동,40,35.8931874,128.6052191
2019,대구광역시 북구 산격동 1499-3,산격동 1499-3,산격동,69,35.892755,128.604527
2019,대구광역시 북구 산격동 1504-1,산격동 1504-1,산격동,1,35.8872609,128.6019098
2019,대구광역시 북구 산격동 1510-1,산격동 1510-1,산격동,5,35.8966709,128.5951853
2019,대구광역시 북구 산격동 1510-61,산격동 1510-61,산격동,1,35.8918594,128.5954207
2019,대구광역시 북구 산격동 1519-1,산격동 1519-1,산격동,2,35.8926472,128.593302
2019,대구광역시 북구 산격동 1519-14,산격동 1519-14,산격동,7,35.8998032,128.5934046
2019,대구광역시 북구 산격동 1519-6,산격동 1519-6,산격동,2,35.8880997,128.6017082
2019,대구광역시 북구 산격동 1523,산격동 1523,산격동,1,35.8916381,128.5954314
2019,대구광역시 북구 산격동 1543,산격동 1543,산격동,9,35.9017718,128.6159259
2019,대구광역시 북구 산격동 1544,산격동 1544,산격동,2,35.9093084,128.6066197
2019,대구광역시 북구 산격동 1545,산격동 1545,산격동,1,35.9089137,128.6066262
2019,대구광역시 북구 산격동 1545-1,산격동 1545-1,산격동,2,35.9086967,128.6064179
2019,대구광역시 북구 산격동 1546,산격동 1546,산격동,1,35.9091699,128.6068656
2019,대구광역시 북구 산격동 1547,산격동 1547,산격동,2,35.9093959,128.6070769
2019,대구광역시 북구 산격동 1550,산격동 1550,산격동,3,35.9099011,128.6076049
2019,대구광역시 북구 산격동 1552,산격동 1552,산격동,1,35.9102783,128.6075248
2019,대구광역시 북구 산격동 1557,산격동 1557,산격동,1,35.9100911,128.6086656
2019,대구광역시 북구 산격동 1558,산격동 1558,산격동,3,35.9103137,128.609176
2019,대구광역시 북구 산격동 1559,산격동 1559,산격동,45,35.9087757,128.6069614
2019,대구광역시 북구 산격동 1559번지,산격동 1559번지,산격동,1,35.9087757,128.6069614
2019,대구광역시 북구 산격동 1567,산격동 1567,산격동,1,35.9102712,128.6124112
2019,대구광역시 북구 산격동 1574,산격동 1574,산격동,5,35.9102402,128.614367
2019,대구광역시 북구 산격동 1575,산격동 1575,산격동,1,35.9094244,128.6133265
2019,대구광역시 북구 산격동 1576,산격동 1576,산격동,1,35.9097299,128.6127323
2019,대구광역시 북구 산격동 1577,산격동 1577,산격동,11,35.9100154,128.6122797
2019,대구광역시 북구 산격동 1578,산격동 1578,산격동,35,35.9092213,128.6122044
2019,대구광역시 북구 산격동 1579,산격동 1579,산격동,6,35.9089765,128.6116771
2019,대구광역시 북구 산격동 1579-1,산격동 1579-1,산격동,3,35.9090155,128.6111812
2019,대구광역시 북구 산격동 1579-2,산격동 1579-2,산격동,29,35.9085751,128.6114953
2019,대구광역시 북구 산격동 1580,산격동 1580,산격동,27,35.9084943,128.6105546
2019,대구광역시 북구 산격동 1581,산격동 1581,산격동,1,35.9079512,128.6102906
2019,대구광역시 북구 산격동 1582,산격동 1582,산격동,10,35.9094069,128.6111194
2019,대구광역시 북구 산격동 1593,산격동 1593,산격동,10,35.9097682,128.6109621
2019,대구광역시 북구 산격동 1607,산격동 1607,산격동,13,35.908645,128.6093004
2019,대구광역시 북구 산격동 1608,산격동 1608,산격동,1,35.9089603,128.6080794
2019,대구광역시 북구 산격동 1614,산격동 1614,산격동,2,35.9086187,128.6086222
2019,대구광역시 북구 산격동 1615,산격동 1615,산격동,5,35.9081485,128.6083581
2019,대구광역시 북구 산격동 1618,산격동 1618,산격동,3,35.9080829,128.6087827
2019,대구광역시 북구 산격동 1619,산격동 1619,산격동,2,35.9082404,128.6091282
2019,대구광역시 북구 산격동 1620,산격동 1620,산격동,9,35.9075068,128.6088084
2019,대구광역시 북구 산격동 1621,산격동 1621,산격동,4,35.9071136,128.6068521
2019,대구광역시 북구 산격동 1622,산격동 1622,산격동,5,35.9078059,128.6058768
2019,대구광역시 북구 산격동 1625,산격동 1625,산격동,1,35.9061963,128.6049481
2019,대구광역시 북구 산격동 1626,산격동 1626,산격동,4,35.9059951,128.605523
2019,대구광역시 북구 산격동 1628,산격동 1628,산격동,172,35.9066285,128.6086569
2019,대구광역시 북구 산격동 1629,산격동 1629,산격동,5,35.9039896,128.6058373
2019,대구광역시 북구 산격동 1633,산격동 1633,산격동,5,35.9027224,128.6068377
2019,대구광역시 북구 산격동 1636,산격동 1636,산격동,104,35.9057249,128.6129741
2019,대구광역시 북구 산격동 1637,산격동 1637,산격동,1,35.9038555,128.6081925
2019,대구광역시 북구 산격동 1640,산격동 1640,산격동,8,35.9042698,128.6091458
2019,대구광역시 북구 산격동 1641,산격동 1641,산격동,5,35.9044667,128.6091196
2019,대구광역시 북구 산격동 1643,산격동 1643,산격동,1,35.9051201,128.6090463
2019,대구광역시 북구 산격동 1647,산격동 1647,산격동,1,35.9048431,128.6092418
2019,대구광역시 북구 산격동 1660,산격동 1660,산격동,1,35.9043405,128.6083278
2019,대구광역시 북구 산격동 1664,산격동 1664,산격동,69,35.9053828,128.6091415
2019,대구광역시 북구 산격동 1665,산격동 1665,산격동,7,35.9053513,128.6075295
2019,대구광역시 북구 산격동 1666,산격동 1666,산격동,18,35.9057025,128.6082889
2019,대구광역시 북구 산격동 1667,산격동 1667,산격동,15,35.9063133,128.6096437
2019,대구광역시 북구 산격동 1668,산격동 1668,산격동,38,35.9052464,128.610383
2019,대구광역시 북구 산격동 1669,산격동 1669,산격동,123,35.9062624,128.6109816
2019,대구광역시 북구 산격동 167,산격동 167,산격동,7,35.9054776,128.6131464
2019,대구광역시 북구 산격동 167-2,산격동 167-2,산격동,1,35.9054478,128.6133717
2019,대구광역시 북구 산격동 167-3,산격동 167-3,산격동,1,35.9054245,128.6129167
2019,대구광역시 북구 산격동 1670,산격동 1670,산격동,24,35.9061927,128.6117973
2019,대구광역시 북구 산격동 1671,산격동 1671,산격동,17,35.9056451,128.6118402
2019,대구광역시 북구 산격동 1672,산격동 1672,산격동,12,35.9058197,128.6122279
2019,대구광역시 북구 산격동 1673,산격동 1673,산격동,85,35.9066759,128.6119482
2019,대구광역시 북구 산격동 1674,산격동 1674,산격동,51,35.9070038,128.6112874
2019,대구광역시 북구 산격동 1674-2,산격동 1674-2,산격동,4,35.906564,128.6115392
2019,대구광역시 북구 산격동 1675,산격동 1675,산격동,1,35.9072347,128.6107854
2019,대구광역시 북구 산격동 1676,산격동 1676,산격동,41,35.9071728,128.6129712
2019,대구광역시 북구 산격동 1677,산격동 1677,산격동,5,35.9076782,128.6138734
2019,대구광역시 북구 산격동 1679,산격동 1679,산격동,1,35.9057808,128.6136161
2019,대구광역시 북구 산격동 1681,산격동 1681,산격동,3,35.9055412,128.6138155
2019,대구광역시 북구 산격동 1685,산격동 1685,산격동,1,35.9070277,128.6153917
2019,대구광역시 북구 산격동 1687,산격동 1687,산격동,1,35.9073966,128.6150229
2019,대구광역시 북구 산격동 1695,산격동 1695,산격동,1,35.9074978,128.6144592
2019,대구광역시 북구 산격동 1696,산격동 1696,산격동,12,35.9086268,128.6157212
2019,대구광역시 북구 산격동 1697,산격동 1697,산격동,1,35.9080102,128.6141242
2019,대구광역시 북구 산격동 1701,산격동 1701,산격동,1,35.9086601,128.6152513
2019,대구광역시 북구 산격동 1704,산격동 1704,산격동,6,35.9085516,128.6145378
2019,대구광역시 북구 산격동 1705,산격동 1705,산격동,1,35.9086125,128.6135955
2019,대구광역시 북구 산격동 1705-5,산격동 1705-5,산격동,2,35.9084037,128.613731
2019,대구광역시 북구 산격동 1707,산격동 1707,산격동,4,35.9094998,128.6155986
2019,대구광역시 북구 산격동 1709,산격동 1709,산격동,2,35.9092247,128.615591
2019,대구광역시 북구 산격동 171-1,산격동 171-1,산격동,3,35.9052961,128.613522
2019,대구광역시 북구 산격동 1718,산격동 1718,산격동,1,35.9081611,128.6165643
2019,대구광역시 북구 산격동 172-1,산격동 172-1,산격동,3,35.9044033,128.6134013
2019,대구광역시 북구 산격동 172-17,산격동 172-17,산격동,1,35.9016271,128.6145988
2019,대구광역시 북구 산격동 172-5,산격동 172-5,산격동,193,35.9031861,128.6135016
2019,대구광역시 북구 산격동 172-8,산격동 172-8,산격동,29,35.9042614,128.6133649
2019,대구광역시 북구 산격동 172-9,산격동 172-9,산격동,2,35.9041712,128.6133508
2019,대구광역시 북구 산격동 1728,산격동 1728,산격동,12,35.906947,128.6168915
2019,대구광역시 북구 산격동 1729,산격동 1729,산격동,3,35.9072278,128.6158825
2019,대구광역시 북구 산격동 173,산격동 173,산격동,4,35.9045833,128.6132588
2019,대구광역시 북구 산격동 173-1,산격동 173-1,산격동,1,35.9042644,128.6132229
2019,대구광역시 북구 산격동 1730,산격동 1730,산격동,1,35.9073806,128.6162229
2019,대구광역시 북구 산격동 1732,산격동 1732,산격동,1,35.9070529,128.6160366
2019,대구광역시 북구 산격동 1736,산격동 1736,산격동,1,35.9067359,128.6163234
2019,대구광역시 북구 산격동 1737,산격동 1737,산격동,1,35.9065818,128.6164655
2019,대구광역시 북구 산격동 1738,산격동 1738,산격동,3,35.9067046,128.616739
2019,대구광역시 북구 산격동 1739,산격동 1739,산격동,4,35.9062072,128.6167902
2019,대구광역시 북구 산격동 174,산격동 174,산격동,2,35.9046856,128.6129317
2019,대구광역시 북구 산격동 1743,산격동 1743,산격동,5,35.9060305,128.6163346
2019,대구광역시 북구 산격동 1745,산격동 1745,산격동,7,35.9119857,128.6133231
2019,대구광역시 북구 산격동 1756,산격동 1756,산격동,1,35.9112175,128.6150806
2019,대구광역시 북구 산격동 1773,산격동 1773,산격동,34,35.9092464,128.6166879
2019,대구광역시 북구 산격동 1775,산격동 1775,산격동,3,35.9097108,128.6160609
2019,대구광역시 북구 산격동 1779,산격동 1779,산격동,1,35.9092102,128.6164228
2019,대구광역시 북구 산격동 1780,산격동 1780,산격동,4,35.9087933,128.6167113
2019,대구광역시 북구 산격동 1781,산격동 1781,산격동,2,35.9083454,128.6170207
2019,대구광역시 북구 산격동 1797,산격동 1797,산격동,1,35.9072077,128.6172309
2019,대구광역시 북구 산격동 1799,산격동 1799,산격동,4,35.9069379,128.6174202
2019,대구광역시 북구 산격동 1802,산격동 1802,산격동,3,35.9067637,128.6175391
2019,대구광역시 북구 산격동 1803,산격동 1803,산격동,9,35.9071142,128.6174548
2019,대구광역시 북구 산격동 1808,산격동 1808,산격동,1,35.9076367,128.6176459
2019,대구광역시 북구 산격동 1813,산격동 1813,산격동,1,35.9070833,128.6177728
2019,대구광역시 북구 산격동 1816,산격동 1816,산격동,1,35.9068993,128.617902
2019,대구광역시 북구 산격동 1817,산격동 1817,산격동,5,35.9062928,128.6181121
2019,대구광역시 북구 산격동 1820,산격동 1820,산격동,3,35.9059224,128.6176184
2019,대구광역시 북구 산격동 1823-1,산격동 1823-1,산격동,1,35.9055185,128.6175853
2019,대구광역시 북구 산격동 1838,산격동 1838,산격동,14,35.9017681,128.6079869
2019,대구광역시 북구 산격동 277-1,산격동 277-1,산격동,1,35.9044035,128.6111301
2019,대구광역시 북구 산격동 288-1,산격동 288-1,산격동,1,35.9043251,128.6105516
2019,대구광역시 북구 산격동 29-3,산격동 29-3,산격동,1,35.9113877,128.611502
2019,대구광역시 북구 산격동 316-42,산격동 316-42,산격동,1,35.9084825,128.6042016
2019,대구광역시 북구 산격동 321-13,산격동 321-13,산격동,1,35.9088392,128.6062406
2019,대구광역시 북구 산격동 321-7,산격동 321-7,산격동,1,35.909046,128.6062493
2019,대구광역시 북구 산격동 338-21,산격동 338-21,산격동,1,35.9080062,128.6057363
2019,대구광역시 북구 산격동 345,산격동 345,산격동,1,35.9080007,128.6044904
2019,대구광역시 북구 산격동 349-5,산격동 349-5,산격동,1,35.9064362,128.6042451
2019,대구광역시 북구 산격동 424-1,산격동 424-1,산격동,4,35.9032256,128.6100504
2019,대구광역시 북구 산격동 434-13,산격동 434-13,산격동,2,35.902592,128.6100975
2019,대구광역시 북구 산격동 439-21,산격동 439-21,산격동,1,35.9035058,128.6107658
2019,대구광역시 북구 산격동 462-20,산격동 462-20,산격동,171,35.9030937,128.6132446
2019,대구광역시 북구 산격동 462-5,산격동 462-5,산격동,1,35.9037222,128.6133158
2019,대구광역시 북구 산격동 462-6,산격동 462-6,산격동,1,35.9035789,128.6131895
2019,대구광역시 북구 산격동 467,산격동 467,산격동,1,35.9035764,128.6123135
2019,대구광역시 북구 산격동 469-11,산격동 469-11,산격동,1,35.9022184,128.6121832
2019,대구광역시 북구 산격동 469-5,산격동 469-5,산격동,1,35.9028043,128.6128132
2019,대구광역시 북구 산격동 476,산격동 476,산격동,25,35.9032108,128.6130531
2019,대구광역시 북구 산격동 478-13,산격동 478-13,산격동,1,35.9023463,128.6131713
2019,대구광역시 북구 산격동 478-18,산격동 478-18,산격동,1,35.9023782,128.6137583
2019,대구광역시 북구 산격동 478-22,산격동 478-22,산격동,1,35.9028055,128.6129196
2019,대구광역시 북구 산격동 478-38,산격동 478-38,산격동,1,35.9026774,128.6136204
2019,대구광역시 북구 산격동 478-47,산격동 478-47,산격동,1,35.9026197,128.6136593
2019,대구광역시 북구 산격동 478-70,산격동 478-70,산격동,1,35.9029615,128.6131297
2019,대구광역시 북구 산격동 478-72,산격동 478-72,산격동,7,35.9017173,128.6142814
2019,대구광역시 북구 산격동 481-45,산격동 481-45,산격동,1,35.9012823,128.6135271
2019,대구광역시 북구 산격동 484-1,산격동 484-1,산격동,1,35.9012318,128.6143232
2019,대구광역시 북구 산격동 484-10,산격동 484-10,산격동,1,35.9009038,128.6144404
2019,대구광역시 북구 산격동 485-27,산격동 485-27,산격동,1,35.9014623,128.6146754
2019,대구광역시 북구 산격동 487-26,산격동 487-26,산격동,1,35.9016457,128.6156191
2019,대구광역시 북구 산격동 487-36,산격동 487-36,산격동,3,35.9013858,128.6156955
2019,대구광역시 북구 산격동 487-37,산격동 487-37,산격동,3,35.9016434,128.6158711
2019,대구광역시 북구 산격동 487-38,산격동 487-38,산격동,1,35.9018489,128.6158035
2019,대구광역시 북구 산격동 489-12,산격동 489-12,산격동,1,35.9008102,128.6152199
2019,대구광역시 북구 산격동 489-15,산격동 489-15,산격동,1,35.9007759,128.6153474
2019,대구광역시 북구 산격동 489-17,산격동 489-17,산격동,1,35.9007558,128.6152315
2019,대구광역시 북구 산격동 489-21,산격동 489-21,산격동,1,35.9002332,128.6151788
2019,대구광역시 북구 산격동 489-55,산격동 489-55,산격동,1,35.9003026,128.6150365
2019,대구광역시 북구 산격동 489-68,산격동 489-68,산격동,2,35.9001548,128.6149571
2019,대구광역시 북구 산격동 489-7,산격동 489-7,산격동,1,35.8994576,128.6150012
2019,대구광역시 북구 산격동 489-78,산격동 489-78,산격동,1,35.9000719,128.6151493
2019,대구광역시 북구 산격동 492-12,산격동 492-12,산격동,3,35.8984187,128.6148293
2019,대구광역시 북구 산격동 492-17,산격동 492-17,산격동,2,35.8985362,128.6148451
2019,대구광역시 북구 산격동 492-4,산격동 492-4,산격동,2,35.8992609,128.6150196
2019,대구광역시 북구 산격동 492-47,산격동 492-47,산격동,2,35.8980569,128.6147495
2019,대구광역시 북구 산격동 492-49,산격동 492-49,산격동,2,35.8982905,128.6147637
2019,대구광역시 북구 산격동 492-5,산격동 492-5,산격동,1,35.8991812,128.6150376
2019,대구광역시 북구 산격동 492-6,산격동 492-6,산격동,3,35.8990272,128.6149197
2019,대구광역시 북구 산격동 492-7,산격동 492-7,산격동,1,35.8991063,128.6149065
2019,대구광역시 북구 산격동 492-9,산격동 492-9,산격동,1,35.8989722,128.6147777
2019,대구광역시 북구 산격동 495-1,산격동 495-1,산격동,1,35.899084,128.6146601
2019,대구광역시 북구 산격동 495-20,산격동 495-20,산격동,2,35.8990213,128.6135866
2019,대구광역시 북구 산격동 495-25,산격동 495-25,산격동,3,35.8987212,128.6135127
2019,대구광역시 북구 산격동 495-28,산격동 495-28,산격동,3,35.8986547,128.6133753
2019,대구광역시 북구 산격동 495-30,산격동 495-30,산격동,1,35.8984811,128.6134723
2019,대구광역시 북구 산격동 495-35,산격동 495-35,산격동,1,35.8987938,128.6136567
2019,대구광역시 북구 산격동 495-74,산격동 495-74,산격동,6,35.8990722,128.6134532
2019,대구광역시 북구 산격동 495-75,산격동 495-75,산격동,1,35.8989881,128.6134024
2019,대구광역시 북구 산격동 495-76,산격동 495-76,산격동,5,35.8987595,128.6132674
2019,대구광역시 북구 산격동 495-81,산격동 495-81,산격동,1,35.8989834,128.6132338
2019,대구광역시 북구 산격동 495-88,산격동 495-88,산격동,1,35.8987163,128.6129578
2019,대구광역시 북구 산격동 495-9,산격동 495-9,산격동,1,35.8990186,128.6138617
2019,대구광역시 북구 산격동 497-14,산격동 497-14,산격동,1,35.8996935,128.6131434
2019,대구광역시 북구 산격동 500-1,산격동 500-1,산격동,26,35.9007239,128.6109805
2019,대구광역시 북구 산격동 500-117,산격동 500-117,산격동,1,35.9030479,128.6095817
2019,대구광역시 북구 산격동 500-119,산격동 500-119,산격동,3,35.9025048,128.6100996
2019,대구광역시 북구 산격동 500-121,산격동 500-121,산격동,9,35.9010985,128.6124763
2019,대구광역시 북구 산격동 500-130,산격동 500-130,산격동,4,35.9019772,128.6092759
2019,대구광역시 북구 산격동 500-136,산격동 500-136,산격동,1,35.9025125,128.6089105
2019,대구광역시 북구 산격동 500-155,산격동 500-155,산격동,1,35.9015665,128.609067
2019,대구광역시 북구 산격동 500-166,산격동 500-166,산격동,1,35.9014673,128.6089769
2019,대구광역시 북구 산격동 500-48,산격동 500-48,산격동,6,35.8988861,128.6121631
2019,대구광역시 북구 산격동 502-5,산격동 502-5,산격동,8,35.9014476,128.6122631
2019,대구광역시 북구 산격동 503-1,산격동 503-1,산격동,3,35.9021042,128.6113928
2019,대구광역시 북구 산격동 503-16,산격동 503-16,산격동,3,35.9017458,128.6112455
2019,대구광역시 북구 산격동 505-10,산격동 505-10,산격동,1,35.9019959,128.6067914
2019,대구광역시 북구 산격동 505-6,산격동 505-6,산격동,5,35.9013027,128.6077909
2019,대구광역시 북구 산격동 505-7,산격동 505-7,산격동,2,35.902169,128.6067756
2019,대구광역시 북구 산격동 506-1,산격동 506-1,산격동,3,35.9020302,128.6061562
2019,대구광역시 북구 산격동 506-2,산격동 506-2,산격동,3,35.9023394,128.6060503
2019,대구광역시 북구 산격동 507,산격동 507,산격동,1,35.9024159,128.6064698
2019,대구광역시 북구 산격동 507-1,산격동 507-1,산격동,6,35.9023455,128.6066424
2019,대구광역시 북구 산격동 517,산격동 517,산격동,1,35.9015911,128.6040489
2019,대구광역시 북구 산격동 524-27,산격동 524-27,산격동,1,35.9017463,128.6059662
2019,대구광역시 북구 산격동 538-1,산격동 538-1,산격동,1,35.8997772,128.602511
2019,대구광역시 북구 산격동 539-18,산격동 539-18,산격동,1,35.8983345,128.6145948
2019,대구광역시 북구 산격동 539-20,산격동 539-20,산격동,1,35.8981213,128.6144782
2019,대구광역시 북구 산격동 539-29,산격동 539-29,산격동,1,35.8979021,128.614373
2019,대구광역시 북구 산격동 552,산격동 552,산격동,1,35.9011306,128.6016507
2019,대구광역시 북구 산격동 610-1,산격동 610-1,산격동,8,35.9067124,128.6023343
2019,대구광역시 북구 산격동 610-2,산격동 610-2,산격동,4,35.9058188,128.6020318
2019,대구광역시 북구 산격동 615-22,산격동 615-22,산격동,1,35.9053156,128.6035342
2019,대구광역시 북구 산격동 640,산격동 640,산격동,1,35.9031804,128.6005587
2019,대구광역시 북구 산격동 664-6,산격동 664-6,산격동,2,35.9025719,128.5981358
2019,대구광역시 북구 산격동 673,산격동 673,산격동,2,35.9053044,128.6015247
2019,대구광역시 북구 산격동 673-7,산격동 673-7,산격동,1,35.9056742,128.6019665
2019,대구광역시 북구 산격동 673-9,산격동 673-9,산격동,1,35.9051858,128.6013549
2019,대구광역시 북구 산격동 677-1,산격동 677-1,산격동,2,35.9056506,128.6005659
2019,대구광역시 북구 산격동 678-1,산격동 678-1,산격동,4,35.9053779,128.6001105
2019,대구광역시 북구 산격동 679-1,산격동 679-1,산격동,3,35.9050802,128.5998704
2019,대구광역시 북구 산격동 684,산격동 684,산격동,2,35.9050363,128.5996119
2019,대구광역시 북구 산격동 686,산격동 686,산격동,4,35.9048028,128.5990619
2019,대구광역시 북구 산격동 687,산격동 687,산격동,4,35.9046342,128.5990871
2019,대구광역시 북구 산격동 689-1,산격동 689-1,산격동,3,35.9046401,128.5986429
2019,대구광역시 북구 산격동 691-1,산격동 691-1,산격동,2,35.9044135,128.5984007
2019,대구광역시 북구 산격동 698-1,산격동 698-1,산격동,4,35.9041693,128.5981077
2019,대구광역시 북구 산격동 699-1,산격동 699-1,산격동,1,35.9044638,128.597955
2019,대구광역시 북구 산격동 701-1,산격동 701-1,산격동,2,35.9042624,128.5975067
2019,대구광역시 북구 산격동 702-2,산격동 702-2,산격동,1,35.9041181,128.5972929
2019,대구광역시 북구 산격동 724-12,산격동 724-12,산격동,1,35.9004024,128.5951592
2019,대구광역시 북구 산격동 739-5,산격동 739-5,산격동,1,35.9019411,128.5972895
2019,대구광역시 북구 산격동 741-34,산격동 741-34,산격동,1,35.9020101,128.5965946
2019,대구광역시 북구 산격동 741-37,산격동 741-37,산격동,3,35.9021039,128.5970755
2019,대구광역시 북구 산격동 755-1,산격동 755-1,산격동,2,35.9020341,128.595938
2019,대구광역시 북구 산격동 755-14,산격동 755-14,산격동,11,35.9014561,128.5963545
2019,대구광역시 북구 산격동 758,산격동 758,산격동,1,35.9018457,128.5949894
2019,대구광역시 북구 산격동 758-10,산격동 758-10,산격동,2,35.9017647,128.5946412
2019,대구광역시 북구 산격동 784-2,산격동 784-2,산격동,3,35.8984602,128.5938539
2019,대구광역시 북구 산격동 788-5,산격동 788-5,산격동,1,35.896799,128.5930323
2019,대구광역시 북구 산격동 789-4,산격동 789-4,산격동,8,35.8968668,128.5936192
2019,대구광역시 북구 산격동 790-12,산격동 790-12,산격동,1,35.8978288,128.5936142
2019,대구광역시 북구 산격동 790-5,산격동 790-5,산격동,1,35.8978954,128.5937892
2019,대구광역시 북구 산격동 790-7,산격동 790-7,산격동,1,35.8977869,128.5936837
2019,대구광역시 북구 산격동 793-105,산격동 793-105,산격동,2,35.8958119,128.5928204
2019,대구광역시 북구 산격동 793-15,산격동 793-15,산격동,1,35.8960289,128.5930447
2019,대구광역시 북구 산격동 793-49,산격동 793-49,산격동,5,35.8957339,128.5935131
2019,대구광역시 북구 산격동 793-62,산격동 793-62,산격동,2,35.8944301,128.5939872
2019,대구광역시 북구 산격동 793-7,산격동 793-7,산격동,1,35.8955154,128.5930626
2019,대구광역시 북구 산격동 793-95,산격동 793-95,산격동,1,35.8947695,128.5940941
2019,대구광역시 북구 산격동 793-97,산격동 793-97,산격동,2,35.8946583,128.5942123
2019,대구광역시 북구 산격동 793-98,산격동 793-98,산격동,3,35.8948069,128.5942646
2019,대구광역시 북구 산격동 794-31,산격동 794-31,산격동,1,35.896181,128.5941029
2019,대구광역시 북구 산격동 794-6,산격동 794-6,산격동,1,35.8956234,128.5946793
2019,대구광역시 북구 산격동 802-1,산격동 802-1,산격동,1,35.8975817,128.5954429
2019,대구광역시 북구 산격동 810-1,산격동 810-1,산격동,2,35.898928,128.5955953
2019,대구광역시 북구 산격동 810-3,산격동 810-3,산격동,2,35.8985068,128.5957421
2019,대구광역시 북구 산격동 848-16,산격동 848-16,산격동,1,35.8929795,128.5940436
2019,대구광역시 북구 산격동 848-19,산격동 848-19,산격동,1,35.8925074,128.5939859
2019,대구광역시 북구 산격동 848-34,산격동 848-34,산격동,1,35.8927519,128.5946197
2019,대구광역시 북구 산격동 848-63,산격동 848-63,산격동,2,35.8921676,128.5949629
2019,대구광역시 북구 산격동 860-15,산격동 860-15,산격동,1,35.8939778,128.5950925
2019,대구광역시 북구 산격동 878-6,산격동 878-6,산격동,2,35.8938669,128.5976833
2019,대구광역시 북구 산격동 878-7,산격동 878-7,산격동,1,35.8937662,128.5975818
2019,대구광역시 북구 산격동 913-2,산격동 913-2,산격동,1,35.8926564,128.595855
2019,대구광역시 북구 산격동 914,산격동 914,산격동,1,35.8924661,128.5960773
2019,대구광역시 북구 산격동 952-2,산격동 952-2,산격동,1,35.8923438,128.5956779
2019,대구광역시 북구 산격동 959,산격동 959,산격동,1,35.8920413,128.5954029
2019,대구광역시 북구 산격동 965-1,산격동 965-1,산격동,1,35.8922692,128.5958919
2019,대구광역시 북구 산격동 966-1,산격동 966-1,산격동,1,35.8922821,128.5959649
2019,대구광역시 북구 산격동 967,산격동 967,산격동,1,35.8921744,128.5959673
2019,대구광역시 북구 산격동 970,산격동 970,산격동,1,35.8919871,128.5958104
2019,대구광역시 북구 산격동 975-2,산격동 975-2,산격동,1,35.8917545,128.5957585
2019,대구광역시 북구 산격동 976,산격동 976,산격동,1,35.8916517,128.5957868
2019,대구광역시 북구 산격동 993-16,산격동 993-16,산격동,1,35.8913633,128.5966786
2019,대구광역시 북구 산격동 993-18,산격동 993-18,산격동,1,35.8910678,128.5968527
2019,대구광역시 북구 산격동 993-19,산격동 993-19,산격동,1,35.8910675,128.5968125
2019,대구광역시 북구 산격동 산 120-8,산격동 산 120-8,산격동,5,35.8943248,128.6028141
2019,대구광역시 북구 산격동 산 124-13,산격동 산 124-13,산격동,1,35.8898172,128.6001671
2019,대구광역시 북구 산격동 산 16-8,산격동 산 16-8,산격동,1,35.9004519,128.6035108
2019,대구광역시 북구 산격동 산 17-7,산격동 산 17-7,산격동,2,35.8993443,128.602826
2019,대구광역시 북구 산격동 산 18-3,산격동 산 18-3,산격동,4,35.900238,128.6042479
2019,대구광역시 북구 산격동 산 63-7,산격동 산 63-7,산격동,5,35.8993966,128.603538
2019,대구광역시 북구 산격동 산 7-10,산격동 산 7-10,산격동,4,35.9014093,128.6153985
2019,대구광역시 북구 산격동 산 71-1,산격동 산 71-1,산격동,1,35.8983287,128.6023322
2019,대구광역시 북구 산격동 산 71-14,산격동 산 71-14,산격동,3,35.8982669,128.601257
2019,대구광역시 북구 산격동 산 71-4,산격동 산 71-4,산격동,1,35.8986597,128.6016977
2019,대구광역시 북구 산격동 산 71-8,산격동 산 71-8,산격동,1,35.8984107,128.6011719
2019,대구광역시 북구 산격동 산 71-9,산격동 산 71-9,산격동,2,35.8985956,128.6014091
2019,대구광역시 북구 산격동 산 74-3,산격동 산 74-3,산격동,1,35.8984347,128.6009688
2019,대구광역시 북구 산격동 산 78,산격동 산 78,산격동,1,35.898824,128.5997576
2019,대구광역시 북구 산격동 산 9-2,산격동 산 9-2,산격동,1,35.9033667,128.6145107
2019,대구광역시 북구 서변동 1000-1,서변동 1000-1,서변동,1,35.9224463,128.5956604
2019,대구광역시 북구 서변동 1000-3,서변동 1000-3,서변동,2,35.922329,128.5955502
2019,대구광역시 북구 서변동 1000-4,서변동 1000-4,서변동,1,35.92223,128.5955654
2019,대구광역시 북구 서변동 1002,서변동 1002,서변동,4,35.9223708,128.5952576
2019,대구광역시 북구 서변동 1002-2,서변동 1002-2,서변동,6,35.9222581,128.5953437
2019,대구광역시 북구 서변동 1055-2,서변동 1055-2,서변동,1,35.9221665,128.5954483
2019,대구광역시 북구 서변동 1057,서변동 1057,서변동,6,35.9224056,128.595057
2019,대구광역시 북구 서변동 1058-2,서변동 1058-2,서변동,1,35.9226487,128.5945694
2019,대구광역시 북구 서변동 1113-2,서변동 1113-2,서변동,1,35.9211522,128.5941411
2019,대구광역시 북구 서변동 1115-2,서변동 1115-2,서변동,1,35.9214036,128.5942784
2019,대구광역시 북구 서변동 1115-4,서변동 1115-4,서변동,1,35.9213054,128.5940824
2019,대구광역시 북구 서변동 1115-5,서변동 1115-5,서변동,1,35.921274,128.5942293
2019,대구광역시 북구 서변동 1138,서변동 1138,서변동,1,35.922194,128.5945881
2019,대구광역시 북구 서변동 1148,서변동 1148,서변동,5,35.9220606,128.5949179
2019,대구광역시 북구 서변동 1148-1,서변동 1148-1,서변동,36,35.9220928,128.5950612
2019,대구광역시 북구 서변동 1185,서변동 1185,서변동,1,35.9195716,128.5943669
2019,대구광역시 북구 서변동 1282-6,서변동 1282-6,서변동,1,35.9137881,128.6000068
2019,대구광역시 북구 서변동 1558-16,서변동 1558-16,서변동,1,35.9096851,128.5859564
2019,대구광역시 북구 서변동 1630-1,서변동 1630-1,서변동,6,35.9174815,128.5999524
2019,대구광역시 북구 서변동 1630-116,서변동 1630-116,서변동,3,35.9315028,128.5863294
2019,대구광역시 북구 서변동 1652-54,서변동 1652-54,서변동,1,35.9142572,128.5996745
2019,대구광역시 북구 서변동 1668-28,서변동 1668-28,서변동,1,35.9270727,128.5950862
2019,대구광역시 북구 서변동 1668-7,서변동 1668-7,서변동,1,35.9262681,128.594509
2019,대구광역시 북구 서변동 1677-1,서변동 1677-1,서변동,1,35.9227108,128.5949319
2019,대구광역시 북구 서변동 1679-1,서변동 1679-1,서변동,93,35.9223253,128.5949785
2019,대구광역시 북구 서변동 1680-15,서변동 1680-15,서변동,8,35.9222149,128.5948854
2019,대구광역시 북구 서변동 1680-6,서변동 1680-6,서변동,1,35.9211289,128.5942224
2019,대구광역시 북구 서변동 1681-1,서변동 1681-1,서변동,1,35.9208908,128.5939396
2019,대구광역시 북구 서변동 1707,서변동 1707,서변동,3,35.922314,128.5954055
2019,대구광역시 북구 서변동 1720,서변동 1720,서변동,13,35.9285616,128.5984733
2019,대구광역시 북구 서변동 1721,서변동 1721,서변동,19,35.9254567,128.5948493
2019,대구광역시 북구 서변동 1724,서변동 1724,서변동,9,35.9284255,128.5966837
2019,대구광역시 북구 서변동 1724-1,서변동 1724-1,서변동,6,35.9280861,128.5978364
2019,대구광역시 북구 서변동 1725,서변동 1725,서변동,22,35.9277225,128.5961379
2019,대구광역시 북구 서변동 1726,서변동 1726,서변동,190,35.9218766,128.5966313
2019,대구광역시 북구 서변동 1727,서변동 1727,서변동,1,35.9273591,128.5964939
2019,대구광역시 북구 서변동 1727-5,서변동 1727-5,서변동,1,35.9268425,128.5964658
2019,대구광역시 북구 서변동 1727-9,서변동 1727-9,서변동,3,35.9269398,128.596672
2019,대구광역시 북구 서변동 1728,서변동 1728,서변동,3,35.9273354,128.5957777
2019,대구광역시 북구 서변동 1728-1,서변동 1728-1,서변동,1,35.9273392,128.595933
2019,대구광역시 북구 서변동 1729,서변동 1729,서변동,2,35.9269468,128.5955161
2019,대구광역시 북구 서변동 1729-12,서변동 1729-12,서변동,4,35.9267914,128.5953679
2019,대구광역시 북구 서변동 1730,서변동 1730,서변동,9,35.92616,128.5956438
2019,대구광역시 북구 서변동 1731,서변동 1731,서변동,2,35.926677,128.5961149
2019,대구광역시 북구 서변동 1732-10,서변동 1732-10,서변동,1,35.9259662,128.596622
2019,대구광역시 북구 서변동 1732-15,서변동 1732-15,서변동,2,35.9265441,128.5966485
2019,대구광역시 북구 서변동 1732-7,서변동 1732-7,서변동,2,35.9257401,128.5964123
2019,대구광역시 북구 서변동 1732-8,서변동 1732-8,서변동,2,35.9257344,128.5966067
2019,대구광역시 북구 서변동 1733,서변동 1733,서변동,2,35.9255488,128.5950391
2019,대구광역시 북구 서변동 1734-5,서변동 1734-5,서변동,3,35.9255039,128.5961367
2019,대구광역시 북구 서변동 1735,서변동 1735,서변동,2,35.9248348,128.5954715
2019,대구광역시 북구 서변동 1736-7,서변동 1736-7,서변동,1,35.9245295,128.5960487
2019,대구광역시 북구 서변동 1736-8,서변동 1736-8,서변동,2,35.924634,128.5960591
2019,대구광역시 북구 서변동 1737,서변동 1737,서변동,12,35.9250407,128.5957435
2019,대구광역시 북구 서변동 1738,서변동 1738,서변동,1,35.9255122,128.5964001
2019,대구광역시 북구 서변동 1738-10,서변동 1738-10,서변동,1,35.9245506,128.5965429
2019,대구광역시 북구 서변동 1738-11,서변동 1738-11,서변동,1,35.9246556,128.5965523
2019,대구광역시 북구 서변동 1738-15,서변동 1738-15,서변동,1,35.92508,128.5965744
2019,대구광역시 북구 서변동 1738-7,서변동 1738-7,서변동,2,35.9247676,128.5963571
2019,대구광역시 북구 서변동 1738-8,서변동 1738-8,서변동,3,35.9246615,128.5963516
2019,대구광역시 북구 서변동 1738-9,서변동 1738-9,서변동,5,35.9245545,128.5963484
2019,대구광역시 북구 서변동 1739-10,서변동 1739-10,서변동,1,35.9236536,128.5965166
2019,대구광역시 북구 서변동 1739-12,서변동 1739-12,서변동,1,35.9238827,128.5965409
2019,대구광역시 북구 서변동 1739-15,서변동 1739-15,서변동,2,35.9243064,128.596562
2019,대구광역시 북구 서변동 1740-1,서변동 1740-1,서변동,2,35.9232323,128.596411
2019,대구광역시 북구 서변동 1740-2,서변동 1740-2,서변동,10,35.9232271,128.5965323
2019,대구광역시 북구 서변동 1740-3,서변동 1740-3,서변동,1,35.9230649,128.5965137
2019,대구광역시 북구 서변동 1741-3,서변동 1741-3,서변동,1,35.9228428,128.5965006
2019,대구광역시 북구 서변동 1742-10,서변동 1742-10,서변동,2,35.9221892,128.5961442
2019,대구광역시 북구 서변동 1742-11,서변동 1742-11,서변동,3,35.9221859,128.5962948
2019,대구광역시 북구 서변동 1742-8,서변동 1742-8,서변동,1,35.9221943,128.5958542
2019,대구광역시 북구 서변동 1742-9,서변동 1742-9,서변동,1,35.9221925,128.5959974
2019,대구광역시 북구 서변동 1743,서변동 1743,서변동,9,35.9227717,128.5959395
2019,대구광역시 북구 서변동 1744,서변동 1744,서변동,174,35.9196723,128.5945799
2019,대구광역시 북구 서변동 1745,서변동 1745,서변동,15,35.921896,128.5963201
2019,대구광역시 북구 서변동 1746-8,서변동 1746-8,서변동,1,35.921562,128.5964059
2019,대구광역시 북구 서변동 1746-9,서변동 1746-9,서변동,2,35.9216751,128.5964107
2019,대구광역시 북구 서변동 1747,서변동 1747,서변동,61,35.9215437,128.5953439
2019,대구광역시 북구 서변동 1748,서변동 1748,서변동,19,35.9215689,128.5960609
2019,대구광역시 북구 서변동 1749,서변동 1749,서변동,57,35.9205763,128.5949687
2019,대구광역시 북구 서변동 1750,서변동 1750,서변동,1,35.9210032,128.5957039
2019,대구광역시 북구 서변동 1750-16,서변동 1750-16,서변동,1,35.9208906,128.5958986
2019,대구광역시 북구 서변동 1750-7,서변동 1750-7,서변동,1,35.9202297,128.5957058
2019,대구광역시 북구 서변동 1750-8,서변동 1750-8,서변동,8,35.920118,128.595709
2019,대구광역시 북구 서변동 1751-11,서변동 1751-11,서변동,2,35.9203371,128.5963826
2019,대구광역시 북구 서변동 1751-12,서변동 1751-12,서변동,1,35.9204467,128.5963834
2019,대구광역시 북구 서변동 1751-7,서변동 1751-7,서변동,1,35.9202285,128.5961845
2019,대구광역시 북구 서변동 1752,서변동 1752,서변동,17,35.9204485,128.5960416
2019,대구광역시 북구 서변동 1753,서변동 1753,서변동,1,35.9199292,128.5946439
2019,대구광역시 북구 서변동 1753-8,서변동 1753-8,서변동,2,35.9192636,128.5949337
2019,대구광역시 북구 서변동 1754-1,서변동 1754-1,서변동,1,35.9198156,128.5952148
2019,대구광역시 북구 서변동 1754-7,서변동 1754-7,서변동,1,35.9191599,128.5952192
2019,대구광역시 북구 서변동 1754-9,서변동 1754-9,서변동,1,35.9192728,128.5954196
2019,대구광역시 북구 서변동 1756-10,서변동 1756-10,서변동,2,35.9193778,128.5963735
2019,대구광역시 북구 서변동 1756-8,서변동 1756-8,서변동,2,35.9191571,128.5963689
2019,대구광역시 북구 서변동 1756-9,서변동 1756-9,서변동,2,35.9192674,128.5963727
2019,대구광역시 북구 서변동 1757,서변동 1757,서변동,9,35.9193228,128.5955766
2019,대구광역시 북구 서변동 1758-1,서변동 1758-1,서변동,1,35.9189176,128.5949735
2019,대구광역시 북구 서변동 1759-1,서변동 1759-1,서변동,1,35.9188226,128.5961764
2019,대구광역시 북구 서변동 1759-11,서변동 1759-11,서변동,1,35.9189307,128.5963688
2019,대구광역시 북구 서변동 1759-3,서변동 1759-3,서변동,1,35.9186119,128.5961783
2019,대구광역시 북구 서변동 1759-6,서변동 1759-6,서변동,5,35.918398,128.5963751
2019,대구광역시 북구 서변동 1759-7,서변동 1759-7,서변동,1,35.9185065,128.5963767
2019,대구광역시 북구 서변동 1759-9,서변동 1759-9,서변동,1,35.9187174,128.5963747
2019,대구광역시 북구 서변동 1761,서변동 1761,서변동,5,35.9186068,128.5960283
2019,대구광역시 북구 서변동 1762,서변동 1762,서변동,1,35.9181997,128.5953985
2019,대구광역시 북구 서변동 1762-1,서변동 1762-1,서변동,2,35.9181947,128.5955464
2019,대구광역시 북구 서변동 1762-11,서변동 1762-11,서변동,1,35.9180505,128.5959555
2019,대구광역시 북구 서변동 1762-12,서변동 1762-12,서변동,1,35.9180504,128.5958074
2019,대구광역시 북구 서변동 1762-14,서변동 1762-14,서변동,1,35.9180607,128.5955049
2019,대구광역시 북구 서변동 1762-3,서변동 1762-3,서변동,1,35.9181947,128.5958219
2019,대구광역시 북구 서변동 1762-7,서변동 1762-7,서변동,2,35.9181929,128.5963995
2019,대구광역시 북구 서변동 1764,서변동 1764,서변동,1,35.917514,128.5962895
2019,대구광역시 북구 서변동 1765,서변동 1765,서변동,2,35.9175183,128.5958774
2019,대구광역시 북구 서변동 1766,서변동 1766,서변동,7,35.9265113,128.5977294
2019,대구광역시 북구 서변동 1767,서변동 1767,서변동,1,35.9265228,128.598596
2019,대구광역시 북구 서변동 1769,서변동 1769,서변동,5,35.9250714,128.597799
2019,대구광역시 북구 서변동 1770,서변동 1770,서변동,1,35.9250919,128.5988049
2019,대구광역시 북구 서변동 1771,서변동 1771,서변동,52,35.9217709,128.598433
2019,대구광역시 북구 서변동 1772,서변동 1772,서변동,5,35.9236538,128.5976389
2019,대구광역시 북구 서변동 1773,서변동 1773,서변동,5,35.9230594,128.597039
2019,대구광역시 북구 서변동 1775,서변동 1775,서변동,2,35.922087,128.5975459
2019,대구광역시 북구 서변동 1777,서변동 1777,서변동,2,35.9213068,128.5971035
2019,대구광역시 북구 서변동 1778,서변동 1778,서변동,2,35.9212994,128.597843
2019,대구광역시 북구 서변동 1779,서변동 1779,서변동,1,35.9243055,128.5986472
2019,대구광역시 북구 서변동 1779-1,서변동 1779-1,서변동,1,35.9241545,128.598646
2019,대구광역시 북구 서변동 1783-2,서변동 1783-2,서변동,2,35.9224845,128.5990176
2019,대구광역시 북구 서변동 1783-4,서변동 1783-4,서변동,2,35.9221801,128.5990129
2019,대구광역시 북구 서변동 1783-6,서변동 1783-6,서변동,1,35.9218772,128.5990089
2019,대구광역시 북구 서변동 1783-7,서변동 1783-7,서변동,1,35.9217258,128.5990073
2019,대구광역시 북구 서변동 1784-5,서변동 1784-5,서변동,1,35.9218863,128.5986518
2019,대구광역시 북구 서변동 1785,서변동 1785,서변동,1,35.9220827,128.59882
2019,대구광역시 북구 서변동 1786,서변동 1786,서변동,7,35.9213423,128.5988312
2019,대구광역시 북구 서변동 1787,서변동 1787,서변동,6,35.9208333,128.5988226
2019,대구광역시 북구 서변동 1787-1,서변동 1787-1,서변동,2,35.9205943,128.5989781
2019,대구광역시 북구 서변동 1787-11,서변동 1787-11,서변동,1,35.9193502,128.5986532
2019,대구광역시 북구 서변동 1787-2,서변동 1787-2,서변동,2,35.9204386,128.5989782
2019,대구광역시 북구 서변동 1787-3,서변동 1787-3,서변동,2,35.9202832,128.5989778
2019,대구광역시 북구 서변동 1787-4,서변동 1787-4,서변동,1,35.9201281,128.5989772
2019,대구광역시 북구 서변동 1787-5,서변동 1787-5,서변동,4,35.9198956,128.5989757
2019,대구광역시 북구 서변동 1787-7,서변동 1787-7,서변동,1,35.9196632,128.5989738
2019,대구광역시 북구 서변동 1787-9,서변동 1787-9,서변동,3,35.919272,128.5989343
2019,대구광역시 북구 서변동 1788-2,서변동 1788-2,서변동,1,35.9202572,128.5986468
2019,대구광역시 북구 서변동 1789,서변동 1789,서변동,1,35.9200529,128.5987617
2019,대구광역시 북구 서변동 1790,서변동 1790,서변동,1,35.9208998,128.5968716
2019,대구광역시 북구 서변동 1792,서변동 1792,서변동,1,35.9208941,128.5978401
2019,대구광역시 북구 서변동 1793,서변동 1793,서변동,25,35.9200137,128.5976001
2019,대구광역시 북구 서변동 1794,서변동 1794,서변동,11,35.9194602,128.5969332
2019,대구광역시 북구 서변동 1795,서변동 1795,서변동,19,35.9178283,128.5978175
2019,대구광역시 북구 서변동 1796,서변동 1796,서변동,4,35.916365,128.5977139
2019,대구광역시 북구 서변동 1801,서변동 1801,서변동,35,35.9211153,128.5991864
2019,대구광역시 북구 서변동 693-2,서변동 693-2,서변동,1,35.9276455,128.5957244
2019,대구광역시 북구 서변동 746,서변동 746,서변동,2,35.9257377,128.594612
2019,대구광역시 북구 서변동 747,서변동 747,서변동,2,35.9250505,128.5945491
2019,대구광역시 북구 서변동 747-1,서변동 747-1,서변동,2,35.924788,128.594542
2019,대구광역시 북구 서변동 839-1,서변동 839-1,서변동,2,35.9271395,128.5953533
2019,대구광역시 북구 서변동 840,서변동 840,서변동,1,35.927311,128.5954418
2019,대구광역시 북구 서변동 840-2,서변동 840-2,서변동,1,35.9275135,128.5952674
2019,대구광역시 북구 서변동 846,서변동 846,서변동,17,35.9278338,128.5956731
2019,대구광역시 북구 서변동 847,서변동 847,서변동,13,35.9276249,128.5956299
2019,대구광역시 북구 서변동 848,서변동 848,서변동,2,35.927477,128.5955386
2019,대구광역시 북구 서변동 851,서변동 851,서변동,2,35.9276564,128.5954294
2019,대구광역시 북구 서변동 860-6,서변동 860-6,서변동,11,35.9269075,128.5949108
2019,대구광역시 북구 서변동 861,서변동 861,서변동,2,35.926288,128.5939885
2019,대구광역시 북구 서변동 929-4,서변동 929-4,서변동,1,35.9229447,128.5954004
2019,대구광역시 북구 서변동 954,서변동 954,서변동,1,35.9231627,128.5959243
2019,대구광역시 북구 서변동 954-1,서변동 954-1,서변동,1,35.923294,128.5959754
2019,대구광역시 북구 서변동 974-4,서변동 974-4,서변동,1,35.9226992,128.5957395
2019,대구광역시 북구 서변동 산 32,서변동 산 32,서변동,1,35.9162491,128.5967092
2019,대구광역시 북구 연경동 1073,연경동 1073,연경동,1,35.9430593,128.6244855
2019,대구광역시 북구 연경동 606,연경동 606,연경동,1,35.9420264,128.615959
2019,대구광역시 북구 연경동 747,연경동 747,연경동,1,35.9432833,128.6185956
2019,대구광역시 북구 연경동 756,연경동 756,연경동,4,35.9425464,128.6183265
2019,대구광역시 북구 연경동 858-1,연경동 858-1,연경동,4,35.9417491,128.6224321
2019,대구광역시 북구 연경동 858-2,연경동 858-2,연경동,1,35.9412458,128.622195
2019,대구광역시 북구 연경동 872-40,연경동 872-40,연경동,2,35.9448216,128.623071
2019,대구광역시 북구 연경동 881,연경동 881,연경동,1,35.9418444,128.619139
2019,대구광역시 북구 연경동 923,연경동 923,연경동,1,35.9478372,128.6162732
2019,대구광역시 북구 연경동 924,연경동 924,연경동,1,35.946303,128.6156549
2019,대구광역시 북구 연경동 952-3,연경동 952-3,연경동,2,35.9428742,128.6163646
2019,대구광역시 북구 연경동 952-4,연경동 952-4,연경동,2,35.9427841,128.6159891
2019,대구광역시 북구 연경동 954-2,연경동 954-2,연경동,1,35.9429786,128.6171302
2019,대구광역시 북구 읍내동 1010-2,읍내동 1010-2,읍내동,1,35.939327,128.5531304
2019,대구광역시 북구 읍내동 1031-5,읍내동 1031-5,읍내동,1,35.9417556,128.5546875
2019,대구광역시 북구 읍내동 1060-11,읍내동 1060-11,읍내동,1,35.9387345,128.5542853
2019,대구광역시 북구 읍내동 1065-60,읍내동 1065-60,읍내동,2,35.9417426,128.5564605
2019,대구광역시 북구 읍내동 1075,읍내동 1075,읍내동,4,35.9378513,128.5530241
2019,대구광역시 북구 읍내동 1075-1,읍내동 1075-1,읍내동,2,35.9377116,128.5529384
2019,대구광역시 북구 읍내동 1076-2,읍내동 1076-2,읍내동,9,35.9376855,128.5528438
2019,대구광역시 북구 읍내동 1077-1,읍내동 1077-1,읍내동,10,35.9381564,128.5525747
2019,대구광역시 북구 읍내동 1077-3,읍내동 1077-3,읍내동,3,35.9383776,128.552321
2019,대구광역시 북구 읍내동 1122,읍내동 1122,읍내동,1,35.9327336,128.5503724
2019,대구광역시 북구 읍내동 1122-4,읍내동 1122-4,읍내동,1,35.9328884,128.5499753
2019,대구광역시 북구 읍내동 1122-5,읍내동 1122-5,읍내동,1,35.9328517,128.550142
2019,대구광역시 북구 읍내동 1123-4,읍내동 1123-4,읍내동,1,35.9326612,128.5500558
2019,대구광역시 북구 읍내동 1127-1,읍내동 1127-1,읍내동,1,35.93368,128.5498427
2019,대구광역시 북구 읍내동 1140,읍내동 1140,읍내동,1,35.9348569,128.5505026
2019,대구광역시 북구 읍내동 1142-3,읍내동 1142-3,읍내동,1,35.9347304,128.5498031
2019,대구광역시 북구 읍내동 1166-3,읍내동 1166-3,읍내동,1,35.93818,128.550567
2019,대구광역시 북구 읍내동 1171,읍내동 1171,읍내동,10,35.9369192,128.5507232
2019,대구광역시 북구 읍내동 1180-1,읍내동 1180-1,읍내동,2,35.9384914,128.5512083
2019,대구광역시 북구 읍내동 1180-6,읍내동 1180-6,읍내동,3,35.9384072,128.5512641
2019,대구광역시 북구 읍내동 1200,읍내동 1200,읍내동,3,35.9422996,128.5507824
2019,대구광역시 북구 읍내동 1204,읍내동 1204,읍내동,2,35.9426929,128.5512956
2019,대구광역시 북구 읍내동 1212,읍내동 1212,읍내동,4,35.9420688,128.5504786
2019,대구광역시 북구 읍내동 1214,읍내동 1214,읍내동,1,35.9416569,128.5491689
2019,대구광역시 북구 읍내동 1234-108,읍내동 1234-108,읍내동,4,35.9448435,128.5535984
2019,대구광역시 북구 읍내동 1234-12,읍내동 1234-12,읍내동,2,35.9460123,128.5542291
2019,대구광역시 북구 읍내동 1234-123,읍내동 1234-123,읍내동,2,35.9436259,128.5535559
2019,대구광역시 북구 읍내동 1234-125,읍내동 1234-125,읍내동,11,35.9423299,128.5553299
2019,대구광역시 북구 읍내동 1234-126,읍내동 1234-126,읍내동,12,35.9392924,128.5563844
2019,대구광역시 북구 읍내동 1234-13,읍내동 1234-13,읍내동,1,35.9467699,128.554938
2019,대구광역시 북구 읍내동 1234-130,읍내동 1234-130,읍내동,2,35.942476,128.555164
2019,대구광역시 북구 읍내동 1234-132,읍내동 1234-132,읍내동,1,35.9397715,128.5567872
2019,대구광역시 북구 읍내동 1234-133,읍내동 1234-133,읍내동,1,35.937941,128.5556122
2019,대구광역시 북구 읍내동 1234-139,읍내동 1234-139,읍내동,6,35.943071,128.5539093
2019,대구광역시 북구 읍내동 1234-146,읍내동 1234-146,읍내동,2,35.9441099,128.5535754
2019,대구광역시 북구 읍내동 1234-149,읍내동 1234-149,읍내동,16,35.9467726,128.5550173
2019,대구광역시 북구 읍내동 1234-151,읍내동 1234-151,읍내동,23,35.9446348,128.5536437
2019,대구광역시 북구 읍내동 1234-155,읍내동 1234-155,읍내동,27,35.9446265,128.5537153
2019,대구광역시 북구 읍내동 1234-157,읍내동 1234-157,읍내동,3,35.9441288,128.5533451
2019,대구광역시 북구 읍내동 1234-159,읍내동 1234-159,읍내동,20,35.9405595,128.5571995
2019,대구광역시 북구 읍내동 1234-163,읍내동 1234-163,읍내동,1,35.9443385,128.5534509
2019,대구광역시 북구 읍내동 1234-169,읍내동 1234-169,읍내동,1,35.9441987,128.553438
2019,대구광역시 북구 읍내동 1234-178,읍내동 1234-178,읍내동,9,35.9478654,128.5552236
2019,대구광역시 북구 읍내동 1234-184,읍내동 1234-184,읍내동,7,35.9459511,128.5544893
2019,대구광역시 북구 읍내동 1234-189,읍내동 1234-189,읍내동,1,35.9477764,128.5554846
2019,대구광역시 북구 읍내동 1234-204,읍내동 1234-204,읍내동,5,35.9515535,128.5566527
2019,대구광역시 북구 읍내동 1234-210,읍내동 1234-210,읍내동,1,35.9504517,128.5562984
2019,대구광역시 북구 읍내동 1234-213,읍내동 1234-213,읍내동,1,35.9504859,128.5564868
2019,대구광역시 북구 읍내동 1234-214,읍내동 1234-214,읍내동,3,35.9504161,128.5564831
2019,대구광역시 북구 읍내동 1234-44,읍내동 1234-44,읍내동,1,35.9439722,128.5534583
2019,대구광역시 북구 읍내동 1234-49,읍내동 1234-49,읍내동,1,35.9469167,128.5549559
2019,대구광역시 북구 읍내동 1234-54,읍내동 1234-54,읍내동,1,35.9467974,128.5548678
2019,대구광역시 북구 읍내동 1234-56,읍내동 1234-56,읍내동,1,35.9467304,128.5546555
2019,대구광역시 북구 읍내동 1234-57,읍내동 1234-57,읍내동,1,35.9468229,128.5546456
2019,대구광역시 북구 읍내동 1234-60,읍내동 1234-60,읍내동,1,35.9466799,128.5547716
2019,대구광역시 북구 읍내동 1234-61,읍내동 1234-61,읍내동,1,35.9465523,128.554679
2019,대구광역시 북구 읍내동 1234-7,읍내동 1234-7,읍내동,17,35.9493062,128.5557932
2019,대구광역시 북구 읍내동 1234-82,읍내동 1234-82,읍내동,2,35.9481725,128.5554443
2019,대구광역시 북구 읍내동 1235-6,읍내동 1235-6,읍내동,1,35.9536923,128.5543339
2019,대구광역시 북구 읍내동 1236-57,읍내동 1236-57,읍내동,1,35.9510877,128.5534316
2019,대구광역시 북구 읍내동 1236-59,읍내동 1236-59,읍내동,1,35.9502129,128.5527902
2019,대구광역시 북구 읍내동 1236-64,읍내동 1236-64,읍내동,7,35.9498837,128.5535042
2019,대구광역시 북구 읍내동 1240-1,읍내동 1240-1,읍내동,15,35.948462,128.5519964
2019,대구광역시 북구 읍내동 1240-2,읍내동 1240-2,읍내동,5,35.9449009,128.5521911
2019,대구광역시 북구 읍내동 1240-26,읍내동 1240-26,읍내동,2,35.9385236,128.5543279
2019,대구광역시 북구 읍내동 1240-31,읍내동 1240-31,읍내동,1,35.9327966,128.5496498
2019,대구광역시 북구 읍내동 1240-41,읍내동 1240-41,읍내동,1,35.9461581,128.5506753
2019,대구광역시 북구 읍내동 1240-63,읍내동 1240-63,읍내동,1,35.9466281,128.5538213
2019,대구광역시 북구 읍내동 1240-66,읍내동 1240-66,읍내동,31,35.9438912,128.5508738
2019,대구광역시 북구 읍내동 1240-68,읍내동 1240-68,읍내동,1,35.937843,128.5540028
2019,대구광역시 북구 읍내동 1240-73,읍내동 1240-73,읍내동,2,35.9442576,128.5517211
2019,대구광역시 북구 읍내동 1240-76,읍내동 1240-76,읍내동,7,35.9441511,128.5525292
2019,대구광역시 북구 읍내동 1240-80,읍내동 1240-80,읍내동,3,35.9384076,128.5522107
2019,대구광역시 북구 읍내동 1240-92,읍내동 1240-92,읍내동,1,35.9476097,128.5543137
2019,대구광역시 북구 읍내동 1240-94,읍내동 1240-94,읍내동,2,35.9470103,128.5544853
2019,대구광역시 북구 읍내동 1241-10,읍내동 1241-10,읍내동,1,35.9472878,128.5499038
2019,대구광역시 북구 읍내동 1274,읍내동 1274,읍내동,16,35.947618,128.5471117
2019,대구광역시 북구 읍내동 1275,읍내동 1275,읍내동,33,35.9466157,128.5498573
2019,대구광역시 북구 읍내동 1276,읍내동 1276,읍내동,7,35.947836,128.5478445
2019,대구광역시 북구 읍내동 1276-1,읍내동 1276-1,읍내동,1,35.9480424,128.5483429
2019,대구광역시 북구 읍내동 1276-16,읍내동 1276-16,읍내동,1,35.9476165,128.547774
2019,대구광역시 북구 읍내동 1276-17,읍내동 1276-17,읍내동,1,35.9475564,128.5476812
2019,대구광역시 북구 읍내동 1276-18,읍내동 1276-18,읍내동,1,35.9474963,128.5475885
2019,대구광역시 북구 읍내동 1278-1,읍내동 1278-1,읍내동,2,35.9473498,128.5473601
2019,대구광역시 북구 읍내동 1278-16,읍내동 1278-16,읍내동,2,35.9463408,128.5466637
2019,대구광역시 북구 읍내동 1278-18,읍내동 1278-18,읍내동,1,35.9465369,128.546759
2019,대구광역시 북구 읍내동 1282,읍내동 1282,읍내동,11,35.9469414,128.5477724
2019,대구광역시 북구 읍내동 1285-10,읍내동 1285-10,읍내동,1,35.9457162,128.5496162
2019,대구광역시 북구 읍내동 1285-6,읍내동 1285-6,읍내동,1,35.946176,128.5496807
2019,대구광역시 북구 읍내동 1285-8,읍내동 1285-8,읍내동,2,35.9459501,128.5496501
2019,대구광역시 북구 읍내동 1291-2,읍내동 1291-2,읍내동,1,35.945814,128.5488442
2019,대구광역시 북구 읍내동 1294,읍내동 1294,읍내동,1,35.9463312,128.5477984
2019,대구광역시 북구 읍내동 1295,읍내동 1295,읍내동,1,35.9465734,128.5473739
2019,대구광역시 북구 읍내동 1295-3,읍내동 1295-3,읍내동,1,35.9463454,128.5475987
2019,대구광역시 북구 읍내동 1295-5,읍내동 1295-5,읍내동,1,35.9460984,128.547699
2019,대구광역시 북구 읍내동 1295-6,읍내동 1295-6,읍내동,1,35.9458339,128.5480655
2019,대구광역시 북구 읍내동 1296,읍내동 1296,읍내동,3,35.9458858,128.547579
2019,대구광역시 북구 읍내동 1297,읍내동 1297,읍내동,1,35.9463126,128.5469715
2019,대구광역시 북구 읍내동 1297-20,읍내동 1297-20,읍내동,2,35.9452754,128.5477857
2019,대구광역시 북구 읍내동 1297-33,읍내동 1297-33,읍내동,1,35.9461989,128.5467991
2019,대구광역시 북구 읍내동 1298,읍내동 1298,읍내동,14,35.9459508,128.5468551
2019,대구광역시 북구 읍내동 1300-8,읍내동 1300-8,읍내동,1,35.9451593,128.5491065
2019,대구광역시 북구 읍내동 1300-9,읍내동 1300-9,읍내동,1,35.9452063,128.548984
2019,대구광역시 북구 읍내동 1301,읍내동 1301,읍내동,53,35.9450452,128.5488499
2019,대구광역시 북구 읍내동 1302,읍내동 1302,읍내동,36,35.944166,128.5475678
2019,대구광역시 북구 읍내동 1303,읍내동 1303,읍내동,27,35.944157,128.5481803
2019,대구광역시 북구 읍내동 1304,읍내동 1304,읍내동,10,35.9442712,128.5488418
2019,대구광역시 북구 읍내동 1305,읍내동 1305,읍내동,4,35.9445936,128.5494473
2019,대구광역시 북구 읍내동 1305-1,읍내동 1305-1,읍내동,1,35.9433819,128.5487459
2019,대구광역시 북구 읍내동 1307,읍내동 1307,읍내동,6,35.9432134,128.5479392
2019,대구광역시 북구 읍내동 1308,읍내동 1308,읍내동,2,35.9427676,128.5479234
2019,대구광역시 북구 읍내동 1310,읍내동 1310,읍내동,1,35.9422253,128.5482967
2019,대구광역시 북구 읍내동 1311,읍내동 1311,읍내동,5,35.9423249,128.5478437
2019,대구광역시 북구 읍내동 1312,읍내동 1312,읍내동,3,35.9422655,128.5475891
2019,대구광역시 북구 읍내동 1314-3,읍내동 1314-3,읍내동,1,35.9414026,128.5475326
2019,대구광역시 북구 읍내동 1315,읍내동 1315,읍내동,11,35.9422802,128.5474511
2019,대구광역시 북구 읍내동 1330,읍내동 1330,읍내동,37,35.9378107,128.5493845
2019,대구광역시 북구 읍내동 1331,읍내동 1331,읍내동,1,35.9389702,128.5512354
2019,대구광역시 북구 읍내동 1332,읍내동 1332,읍내동,2,35.9393511,128.5500525
2019,대구광역시 북구 읍내동 1332-5,읍내동 1332-5,읍내동,1,35.9386001,128.5498626
2019,대구광역시 북구 읍내동 1332-6,읍내동 1332-6,읍내동,3,35.9383755,128.5498115
2019,대구광역시 북구 읍내동 1333,읍내동 1333,읍내동,7,35.9388556,128.5501637
2019,대구광역시 북구 읍내동 1334-8,읍내동 1334-8,읍내동,1,35.9384674,128.5501467
2019,대구광역시 북구 읍내동 1334-9,읍내동 1334-9,읍내동,10,35.9383377,128.5501855
2019,대구광역시 북구 읍내동 1335,읍내동 1335,읍내동,7,35.938791,128.55055
2019,대구광역시 북구 읍내동 1336-11,읍내동 1336-11,읍내동,3,35.9384191,128.5507764
2019,대구광역시 북구 읍내동 1336-12,읍내동 1336-12,읍내동,1,35.9385662,128.5509896
2019,대구광역시 북구 읍내동 1337,읍내동 1337,읍내동,20,35.9382727,128.5503828
2019,대구광역시 북구 읍내동 1338,읍내동 1338,읍내동,6,35.9371705,128.5496794
2019,대구광역시 북구 읍내동 1339,읍내동 1339,읍내동,72,35.9353514,128.5497681
2019,대구광역시 북구 읍내동 1340,읍내동 1340,읍내동,1,35.9360692,128.5494837
2019,대구광역시 북구 읍내동 1341,읍내동 1341,읍내동,4,35.9358861,128.5494496
2019,대구광역시 북구 읍내동 1341-1,읍내동 1341-1,읍내동,1,35.9356081,128.5492234
2019,대구광역시 북구 읍내동 1341-3,읍내동 1341-3,읍내동,1,35.9353204,128.5491767
2019,대구광역시 북구 읍내동 1341-5,읍내동 1341-5,읍내동,3,35.9348958,128.5492971
2019,대구광역시 북구 읍내동 1341-6,읍내동 1341-6,읍내동,6,35.9353029,128.5493473
2019,대구광역시 북구 읍내동 1342,읍내동 1342,읍내동,35,35.9337712,128.548708
2019,대구광역시 북구 읍내동 1342-1,읍내동 1342-1,읍내동,2,35.934707,128.5492689
2019,대구광역시 북구 읍내동 1343,읍내동 1343,읍내동,14,35.9343151,128.5492104
2019,대구광역시 북구 읍내동 1343-10,읍내동 1343-10,읍내동,12,35.9336191,128.5491838
2019,대구광역시 북구 읍내동 1343-3,읍내동 1343-3,읍내동,1,35.9336638,128.5489147
2019,대구광역시 북구 읍내동 1343-4,읍내동 1343-4,읍내동,10,35.9334731,128.5488862
2019,대구광역시 북구 읍내동 1343-5,읍내동 1343-5,읍내동,53,35.9335294,128.5491101
2019,대구광역시 북구 읍내동 1343-6,읍내동 1343-6,읍내동,18,35.9330126,128.5490363
2019,대구광역시 북구 읍내동 1343-7,읍내동 1343-7,읍내동,1,35.933426,128.5493025
2019,대구광역시 북구 읍내동 1344,읍내동 1344,읍내동,1,35.9356044,128.5503809
2019,대구광역시 북구 읍내동 1347,읍내동 1347,읍내동,1,35.9339079,128.5497532
2019,대구광역시 북구 읍내동 1348,읍내동 1348,읍내동,22,35.9410765,128.5543858
2019,대구광역시 북구 읍내동 1349,읍내동 1349,읍내동,7,35.9415033,128.5566469
2019,대구광역시 북구 읍내동 1349-1,읍내동 1349-1,읍내동,6,35.9379391,128.5555537
2019,대구광역시 북구 읍내동 1350,읍내동 1350,읍내동,211,35.9399914,128.5566519
2019,대구광역시 북구 읍내동 1350-1,읍내동 1350-1,읍내동,5,35.9409503,128.5568943
2019,대구광역시 북구 읍내동 1351,읍내동 1351,읍내동,43,35.9412006,128.5553538
2019,대구광역시 북구 읍내동 1351-2,읍내동 1351-2,읍내동,28,35.9401476,128.5556805
2019,대구광역시 북구 읍내동 1354,읍내동 1354,읍내동,19,35.9389921,128.5555437
2019,대구광역시 북구 읍내동 1357-8,읍내동 1357-8,읍내동,6,35.9386667,128.5557717
2019,대구광역시 북구 읍내동 1358,읍내동 1358,읍내동,2,35.938204,128.5549294
2019,대구광역시 북구 읍내동 1359-2,읍내동 1359-2,읍내동,3,35.9380011,128.5552388
2019,대구광역시 북구 읍내동 1359-6,읍내동 1359-6,읍내동,9,35.9382241,128.5553958
2019,대구광역시 북구 읍내동 1360,읍내동 1360,읍내동,1,35.9376209,128.5545908
2019,대구광역시 북구 읍내동 1361,읍내동 1361,읍내동,1,35.9376255,128.554063
2019,대구광역시 북구 읍내동 1361-2,읍내동 1361-2,읍내동,1,35.9375858,128.554337
2019,대구광역시 북구 읍내동 1362,읍내동 1362,읍내동,5,35.9377916,128.5551334
2019,대구광역시 북구 읍내동 1362-2,읍내동 1362-2,읍내동,2,35.9375932,128.5549877
2019,대구광역시 북구 읍내동 1362-3,읍내동 1362-3,읍내동,1,35.9375472,128.5548404
2019,대구광역시 북구 읍내동 1363,읍내동 1363,읍내동,3,35.9374628,128.5544789
2019,대구광역시 북구 읍내동 1364,읍내동 1364,읍내동,1,35.9374279,128.5551095
2019,대구광역시 북구 읍내동 1365,읍내동 1365,읍내동,25,35.9344837,128.5546169
2019,대구광역시 북구 읍내동 1366-1,읍내동 1366-1,읍내동,4,35.9356264,128.5538505
2019,대구광역시 북구 읍내동 1366-2,읍내동 1366-2,읍내동,1,35.9345196,128.5535931
2019,대구광역시 북구 읍내동 1366-3,읍내동 1366-3,읍내동,3,35.9331996,128.5533551
2019,대구광역시 북구 읍내동 1367,읍내동 1367,읍내동,4,35.9350206,128.5526098
2019,대구광역시 북구 읍내동 1368,읍내동 1368,읍내동,1,35.9336181,128.5506653
2019,대구광역시 북구 읍내동 1377-3,읍내동 1377-3,읍내동,2,35.9333418,128.551636
2019,대구광역시 북구 읍내동 1382,읍내동 1382,읍내동,24,35.9323989,128.5511646
2019,대구광역시 북구 읍내동 1394-1,읍내동 1394-1,읍내동,1,35.9479106,128.5556685
2019,대구광역시 북구 읍내동 1395,읍내동 1395,읍내동,17,35.9351908,128.5547971
2019,대구광역시 북구 읍내동 1396,읍내동 1396,읍내동,8,35.934739,128.5548259
2019,대구광역시 북구 읍내동 1399-1,읍내동 1399-1,읍내동,2,35.9382175,128.5541518
2019,대구광역시 북구 읍내동 1414-1,읍내동 1414-1,읍내동,7,35.9380727,128.5541547
2019,대구광역시 북구 읍내동 1420,읍내동 1420,읍내동,1,35.9381407,128.5542411
2019,대구광역시 북구 읍내동 1421,읍내동 1421,읍내동,1,35.9380348,128.5543036
2019,대구광역시 북구 읍내동 1435,읍내동 1435,읍내동,1,35.9386379,128.5554841
2019,대구광역시 북구 읍내동 1448,읍내동 1448,읍내동,6,35.9506752,128.5518438
2019,대구광역시 북구 읍내동 1449,읍내동 1449,읍내동,2,35.9545858,128.5523657
2019,대구광역시 북구 읍내동 1450,읍내동 1450,읍내동,1,35.954697,128.5513443
2019,대구광역시 북구 읍내동 231,읍내동 231,읍내동,3,35.9551231,128.5512747
2019,대구광역시 북구 읍내동 300-3,읍내동 300-3,읍내동,1,35.9501043,128.5531689
2019,대구광역시 북구 읍내동 302-5,읍내동 302-5,읍내동,1,35.9505577,128.553632
2019,대구광역시 북구 읍내동 303-1,읍내동 303-1,읍내동,1,35.9508549,128.5534636
2019,대구광역시 북구 읍내동 309,읍내동 309,읍내동,1,35.9530292,128.5536433
2019,대구광역시 북구 읍내동 309-2,읍내동 309-2,읍내동,1,35.9528543,128.5535325
2019,대구광역시 북구 읍내동 313-10,읍내동 313-10,읍내동,25,35.9535863,128.5531637
2019,대구광역시 북구 읍내동 313-9,읍내동 313-9,읍내동,1,35.9531458,128.5530299
2019,대구광역시 북구 읍내동 315-6,읍내동 315-6,읍내동,3,35.9536231,128.5523065
2019,대구광역시 북구 읍내동 315-9,읍내동 315-9,읍내동,3,35.9536759,128.552194
2019,대구광역시 북구 읍내동 316-15,읍내동 316-15,읍내동,1,35.9534613,128.5526839
2019,대구광역시 북구 읍내동 316-20,읍내동 316-20,읍내동,1,35.9538419,128.5522102
2019,대구광역시 북구 읍내동 316-3,읍내동 316-3,읍내동,1,35.9542387,128.5522591
2019,대구광역시 북구 읍내동 337,읍내동 337,읍내동,1,35.9538314,128.5529441
2019,대구광역시 북구 읍내동 356-7,읍내동 356-7,읍내동,1,35.9533833,128.5532999
2019,대구광역시 북구 읍내동 358-1,읍내동 358-1,읍내동,1,35.953601,128.553976
2019,대구광역시 북구 읍내동 384,읍내동 384,읍내동,1,35.9527616,128.5540528
2019,대구광역시 북구 읍내동 401-7,읍내동 401-7,읍내동,1,35.9531895,128.5544292
2019,대구광역시 북구 읍내동 421-1,읍내동 421-1,읍내동,1,35.9524057,128.5558376
2019,대구광역시 북구 읍내동 421-5,읍내동 421-5,읍내동,1,35.9518759,128.5555482
2019,대구광역시 북구 읍내동 422-3,읍내동 422-3,읍내동,3,35.9519694,128.5558651
2019,대구광역시 북구 읍내동 426,읍내동 426,읍내동,1,35.9509178,128.556244
2019,대구광역시 북구 읍내동 426-14,읍내동 426-14,읍내동,1,35.9502498,128.5554029
2019,대구광역시 북구 읍내동 426-18,읍내동 426-18,읍내동,1,35.9511247,128.5563112
2019,대구광역시 북구 읍내동 430,읍내동 430,읍내동,4,35.9512183,128.5552082
2019,대구광역시 북구 읍내동 430-5,읍내동 430-5,읍내동,4,35.9511946,128.5543966
2019,대구광역시 북구 읍내동 433-2,읍내동 433-2,읍내동,2,35.9506654,128.5541485
2019,대구광역시 북구 읍내동 434-3,읍내동 434-3,읍내동,29,35.9498214,128.5543561
2019,대구광역시 북구 읍내동 438-36,읍내동 438-36,읍내동,1,35.9497063,128.554246
2019,대구광역시 북구 읍내동 438-37,읍내동 438-37,읍내동,6,35.949673,128.5542957
2019,대구광역시 북구 읍내동 443-7,읍내동 443-7,읍내동,10,35.9496519,128.5542482
2019,대구광역시 북구 읍내동 450-3,읍내동 450-3,읍내동,1,35.9483866,128.554763
2019,대구광역시 북구 읍내동 454-20,읍내동 454-20,읍내동,8,35.947665,128.5542927
2019,대구광역시 북구 읍내동 455,읍내동 455,읍내동,1,35.9477479,128.5549125
2019,대구광역시 북구 읍내동 455-4,읍내동 455-4,읍내동,25,35.947666,128.5544373
2019,대구광역시 북구 읍내동 459-1,읍내동 459-1,읍내동,2,35.9472233,128.5546805
2019,대구광역시 북구 읍내동 466-3,읍내동 466-3,읍내동,1,35.9465054,128.554029
2019,대구광역시 북구 읍내동 468-14,읍내동 468-14,읍내동,1,35.9469347,128.5536704
2019,대구광역시 북구 읍내동 468-3,읍내동 468-3,읍내동,2,35.946738,128.5535481
2019,대구광역시 북구 읍내동 468-8,읍내동 468-8,읍내동,3,35.9469326,128.5535479
2019,대구광역시 북구 읍내동 469-4,읍내동 469-4,읍내동,1,35.9469719,128.5533688
2019,대구광역시 북구 읍내동 474,읍내동 474,읍내동,1,35.9472508,128.553185
2019,대구광역시 북구 읍내동 491,읍내동 491,읍내동,24,35.9487487,128.5535498
2019,대구광역시 북구 읍내동 495-1,읍내동 495-1,읍내동,8,35.9499286,128.5529329
2019,대구광역시 북구 읍내동 495-11,읍내동 495-11,읍내동,1,35.9494848,128.5528375
2019,대구광역시 북구 읍내동 495-12,읍내동 495-12,읍내동,7,35.9493577,128.5526636
2019,대구광역시 북구 읍내동 495-25,읍내동 495-25,읍내동,4,35.9500102,128.5529687
2019,대구광역시 북구 읍내동 495-3,읍내동 495-3,읍내동,1,35.949572,128.5527542
2019,대구광역시 북구 읍내동 495-4,읍내동 495-4,읍내동,2,35.9492398,128.5525847
2019,대구광역시 북구 읍내동 496,읍내동 496,읍내동,31,35.9493984,128.552552
2019,대구광역시 북구 읍내동 497,읍내동 497,읍내동,4,35.9500178,128.5527785
2019,대구광역시 북구 읍내동 509-1,읍내동 509-1,읍내동,3,35.9483767,128.5520806
2019,대구광역시 북구 읍내동 522-3,읍내동 522-3,읍내동,1,35.9470185,128.5509199
2019,대구광역시 북구 읍내동 549-3,읍내동 549-3,읍내동,2,35.9495421,128.5523331
2019,대구광역시 북구 읍내동 553-1,읍내동 553-1,읍내동,1,35.9497334,128.5516579
2019,대구광역시 북구 읍내동 554-1,읍내동 554-1,읍내동,1,35.9496798,128.5520265
2019,대구광역시 북구 읍내동 652-1,읍내동 652-1,읍내동,1,35.9472438,128.5498419
2019,대구광역시 북구 읍내동 657-1,읍내동 657-1,읍내동,1,35.9464247,128.5508754
2019,대구광역시 북구 읍내동 657-8,읍내동 657-8,읍내동,6,35.9462881,128.551062
2019,대구광역시 북구 읍내동 659-5,읍내동 659-5,읍내동,1,35.9461009,128.5509516
2019,대구광역시 북구 읍내동 660-12,읍내동 660-12,읍내동,3,35.9448953,128.5508799
2019,대구광역시 북구 읍내동 660-18,읍내동 660-18,읍내동,1,35.9459596,128.5508165
2019,대구광역시 북구 읍내동 678-15,읍내동 678-15,읍내동,1,35.9451395,128.5499232
2019,대구광역시 북구 읍내동 678-3,읍내동 678-3,읍내동,1,35.945199,128.5501381
2019,대구광역시 북구 읍내동 679-4,읍내동 679-4,읍내동,1,35.9452226,128.5495418
2019,대구광역시 북구 읍내동 680-49,읍내동 680-49,읍내동,1,35.946366,128.5499907
2019,대구광역시 북구 읍내동 680-50,읍내동 680-50,읍내동,1,35.946247,128.5499813
2019,대구광역시 북구 읍내동 680-56,읍내동 680-56,읍내동,3,35.9463338,128.550156
2019,대구광역시 북구 읍내동 767,읍내동 767,읍내동,1,35.9441563,128.5500468
2019,대구광역시 북구 읍내동 769-2,읍내동 769-2,읍내동,1,35.9443631,128.5500862
2019,대구광역시 북구 읍내동 770-3,읍내동 770-3,읍내동,1,35.9441937,128.5501983
2019,대구광역시 북구 읍내동 771-3,읍내동 771-3,읍내동,1,35.9443194,128.5506304
2019,대구광역시 북구 읍내동 771-7,읍내동 771-7,읍내동,2,35.9436159,128.5506971
2019,대구광역시 북구 읍내동 781-6,읍내동 781-6,읍내동,1,35.9429579,128.5504049
2019,대구광역시 북구 읍내동 782-2,읍내동 782-2,읍내동,1,35.9429157,128.5510232
2019,대구광역시 북구 읍내동 782-3,읍내동 782-3,읍내동,2,35.9433593,128.550931
2019,대구광역시 북구 읍내동 788-1,읍내동 788-1,읍내동,1,35.9438283,128.5511778
2019,대구광역시 북구 읍내동 788-2,읍내동 788-2,읍내동,2,35.9436865,128.551144
2019,대구광역시 북구 읍내동 789-11,읍내동 789-11,읍내동,2,35.9440583,128.5515671
2019,대구광역시 북구 읍내동 789-17,읍내동 789-17,읍내동,1,35.9442537,128.5512597
2019,대구광역시 북구 읍내동 789-18,읍내동 789-18,읍내동,1,35.9442267,128.5514736
2019,대구광역시 북구 읍내동 789-4,읍내동 789-4,읍내동,1,35.9440332,128.5511191
2019,대구광역시 북구 읍내동 789-8,읍내동 789-8,읍내동,6,35.9441751,128.5515149
2019,대구광역시 북구 읍내동 794,읍내동 794,읍내동,11,35.9450319,128.5515244
2019,대구광역시 북구 읍내동 794-1,읍내동 794-1,읍내동,2,35.9450939,128.5511658
2019,대구광역시 북구 읍내동 800-14,읍내동 800-14,읍내동,1,35.9460006,128.5514188
2019,대구광역시 북구 읍내동 800-22,읍내동 800-22,읍내동,1,35.9460136,128.5517662
2019,대구광역시 북구 읍내동 800-27,읍내동 800-27,읍내동,2,35.9464532,128.5513426
2019,대구광역시 북구 읍내동 803-11,읍내동 803-11,읍내동,1,35.9471846,128.5524659
2019,대구광역시 북구 읍내동 803-7,읍내동 803-7,읍내동,1,35.947159,128.5521368
2019,대구광역시 북구 읍내동 820-11,읍내동 820-11,읍내동,2,35.9454669,128.5537329
2019,대구광역시 북구 읍내동 820-14,읍내동 820-14,읍내동,2,35.9455839,128.5538758
2019,대구광역시 북구 읍내동 821-6,읍내동 821-6,읍내동,1,35.9453551,128.5538243
2019,대구광역시 북구 읍내동 851,읍내동 851,읍내동,1,35.945512,128.5524217
2019,대구광역시 북구 읍내동 870,읍내동 870,읍내동,1,35.9450373,128.5530225
2019,대구광역시 북구 읍내동 880,읍내동 880,읍내동,2,35.9445352,128.5522603
2019,대구광역시 북구 읍내동 880-3,읍내동 880-3,읍내동,1,35.9441654,128.5527924
2019,대구광역시 북구 읍내동 880-7,읍내동 880-7,읍내동,1,35.9441676,128.55273
2019,대구광역시 북구 읍내동 889-2,읍내동 889-2,읍내동,1,35.9442712,128.5517815
2019,대구광역시 북구 읍내동 889-3,읍내동 889-3,읍내동,1,35.9440568,128.552214
2019,대구광역시 북구 읍내동 889-4,읍내동 889-4,읍내동,1,35.9440818,128.5520072
2019,대구광역시 북구 읍내동 889-5,읍내동 889-5,읍내동,4,35.9440995,128.5518242
2019,대구광역시 북구 읍내동 889-9,읍내동 889-9,읍내동,4,35.9442435,128.5518485
2019,대구광역시 북구 읍내동 890-3,읍내동 890-3,읍내동,1,35.9439322,128.5517955
2019,대구광역시 북구 읍내동 891,읍내동 891,읍내동,1,35.9433295,128.5519263
2019,대구광역시 북구 읍내동 896-1,읍내동 896-1,읍내동,1,35.9441374,128.5529592
2019,대구광역시 북구 읍내동 944-2,읍내동 944-2,읍내동,2,35.9412765,128.5507045
2019,대구광역시 북구 읍내동 944-3,읍내동 944-3,읍내동,6,35.9411479,128.5505394
2019,대구광역시 북구 읍내동 945-1,읍내동 945-1,읍내동,1,35.9414155,128.5506892
2019,대구광역시 북구 읍내동 946-4,읍내동 946-4,읍내동,1,35.9406005,128.5504212
2019,대구광역시 북구 읍내동 955-4,읍내동 955-4,읍내동,1,35.9397463,128.550198
2019,대구광역시 북구 읍내동 959-3,읍내동 959-3,읍내동,2,35.9385866,128.5513748
2019,대구광역시 북구 읍내동 959-8,읍내동 959-8,읍내동,1,35.9384228,128.5516583
2019,대구광역시 북구 읍내동 964,읍내동 964,읍내동,2,35.9386405,128.5516569
2019,대구광역시 북구 읍내동 965-2,읍내동 965-2,읍내동,1,35.9383692,128.5518517
2019,대구광역시 북구 읍내동 967-1,읍내동 967-1,읍내동,10,35.9389127,128.5522567
2019,대구광역시 북구 읍내동 967-2,읍내동 967-2,읍내동,22,35.9382562,128.553292
2019,대구광역시 북구 읍내동 970-8,읍내동 970-8,읍내동,1,35.9384925,128.5528265
2019,대구광역시 북구 읍내동 974,읍내동 974,읍내동,1,35.9379903,128.5532852
2019,대구광역시 북구 읍내동 997,읍내동 997,읍내동,1,35.9384189,128.5537565
2019,대구광역시 북구 읍내동 산 87-10,읍내동 산 87-10,읍내동,1,35.9505246,128.5468354
2019,대구광역시 북구 읍내동 산 89-2,읍내동 산 89-2,읍내동,1,35.9474332,128.5463087
2019,대구광역시 북구 조야동 216,조야동 216,조야동,1,35.91325,128.5758411
2019,대구광역시 북구 조야동 436-31,조야동 436-31,조야동,1,35.911858,128.5768438
2019,대구광역시 북구 칠성동1가 1,칠성동1가 1,칠성동,1,35.8748685,128.6014381
2019,대구광역시 북구 칠성동1가 10-3,칠성동1가 10-3,칠성동,1,35.874914,128.6015925
2019,대구광역시 북구 칠성동1가 107-1,칠성동1가 107-1,칠성동,1,35.8747499,128.6048542
2019,대구광역시 북구 칠성동1가 136-18,칠성동1가 136-18,칠성동,4,35.8752672,128.6073354
2019,대구광역시 북구 칠성동1가 139-2,칠성동1가 139-2,칠성동,1,35.8753858,128.6070557
2019,대구광역시 북구 칠성동1가 140-3,칠성동1가 140-3,칠성동,2,35.8755907,128.6065045
2019,대구광역시 북구 칠성동1가 144-1,칠성동1가 144-1,칠성동,1,35.8752938,128.6064479
2019,대구광역시 북구 칠성동1가 147-3,칠성동1가 147-3,칠성동,1,35.8757849,128.6058945
2019,대구광역시 북구 칠성동1가 151-2,칠성동1가 151-2,칠성동,1,35.8753381,128.6056569
2019,대구광역시 북구 칠성동1가 151-3,칠성동1가 151-3,칠성동,1,35.875227,128.605401
2019,대구광역시 북구 칠성동1가 153-4,칠성동1가 153-4,칠성동,3,35.8753268,128.6050893
2019,대구광역시 북구 칠성동1가 160-1,칠성동1가 160-1,칠성동,1,35.8762809,128.6039103
2019,대구광역시 북구 칠성동1가 160-4,칠성동1가 160-4,칠성동,3,35.876337,128.6036913
2019,대구광역시 북구 칠성동1가 162-16,칠성동1가 162-16,칠성동,1,35.8764749,128.6037778
2019,대구광역시 북구 칠성동1가 163-1,칠성동1가 163-1,칠성동,7,35.876636,128.603548
2019,대구광역시 북구 칠성동1가 167-11,칠성동1가 167-11,칠성동,1,35.8765126,128.6033356
2019,대구광역시 북구 칠성동1가 167-6,칠성동1가 167-6,칠성동,2,35.8766263,128.6033229
2019,대구광역시 북구 칠성동1가 169-1,칠성동1가 169-1,칠성동,1,35.8765126,128.6031662
2019,대구광역시 북구 칠성동1가 169-16,칠성동1가 169-16,칠성동,1,35.8761683,128.6030868
2019,대구광역시 북구 칠성동1가 176-8,칠성동1가 176-8,칠성동,1,35.8761052,128.6026057
2019,대구광역시 북구 칠성동1가 184-10,칠성동1가 184-10,칠성동,1,35.8761137,128.6016678
2019,대구광역시 북구 칠성동1가 185,칠성동1가 185,칠성동,1,35.8765021,128.6016208
2019,대구광역시 북구 칠성동1가 190-1,칠성동1가 190-1,칠성동,1,35.8765643,128.6015892
2019,대구광역시 북구 칠성동1가 191-3,칠성동1가 191-3,칠성동,1,35.8766053,128.6015342
2019,대구광역시 북구 칠성동1가 192-1,칠성동1가 192-1,칠성동,1,35.8766623,128.6015718
2019,대구광역시 북구 칠성동1가 192-4,칠성동1가 192-4,칠성동,1,35.8766183,128.6015661
2019,대구광역시 북구 칠성동1가 195,칠성동1가 195,칠성동,5,35.8767441,128.6015859
2019,대구광역시 북구 칠성동1가 195-1,칠성동1가 195-1,칠성동,2,35.876715,128.6014548
2019,대구광역시 북구 칠성동1가 20-9,칠성동1가 20-9,칠성동,1,35.875742,128.6027018
2019,대구광역시 북구 칠성동1가 208-12,칠성동1가 208-12,칠성동,1,35.8760893,128.6014272
2019,대구광역시 북구 칠성동1가 211,칠성동1가 211,칠성동,1,35.8763016,128.6013497
2019,대구광역시 북구 칠성동1가 213,칠성동1가 213,칠성동,1,35.8769316,128.601366
2019,대구광역시 북구 칠성동1가 218-3,칠성동1가 218-3,칠성동,1,35.8768103,128.6015051
2019,대구광역시 북구 칠성동1가 222-10,칠성동1가 222-10,칠성동,1,35.8769838,128.6015392
2019,대구광역시 북구 칠성동1가 228,칠성동1가 228,칠성동,1,35.8767166,128.6022331
2019,대구광역시 북구 칠성동1가 276-1,칠성동1가 276-1,칠성동,29,35.8765069,128.6061268
2019,대구광역시 북구 칠성동1가 276-10,칠성동1가 276-10,칠성동,1,35.8756257,128.6071932
2019,대구광역시 북구 칠성동1가 276-139,칠성동1가 276-139,칠성동,1,35.8761993,128.6056398
2019,대구광역시 북구 칠성동1가 276-144,칠성동1가 276-144,칠성동,1,35.8766381,128.604937
2019,대구광역시 북구 칠성동1가 276-150,칠성동1가 276-150,칠성동,1,35.8764475,128.6043498
2019,대구광역시 북구 칠성동1가 276-152,칠성동1가 276-152,칠성동,1,35.8764267,128.6044065
2019,대구광역시 북구 칠성동1가 276-174,칠성동1가 276-174,칠성동,1,35.8765664,128.6048481
2019,대구광역시 북구 칠성동1가 276-177,칠성동1가 276-177,칠성동,1,35.8753088,128.6078454
2019,대구광역시 북구 칠성동1가 276-35,칠성동1가 276-35,칠성동,2,35.8760079,128.6059272
2019,대구광역시 북구 칠성동1가 276-64,칠성동1가 276-64,칠성동,16,35.8762322,128.6049328
2019,대구광역시 북구 칠성동1가 276-85,칠성동1가 276-85,칠성동,1,35.8762706,128.60546
2019,대구광역시 북구 칠성동1가 276-88,칠성동1가 276-88,칠성동,1,35.876298,128.6051098
2019,대구광역시 북구 칠성동1가 278-1,칠성동1가 278-1,칠성동,12,35.8759894,128.6056512
2019,대구광역시 북구 칠성동1가 278-14,칠성동1가 278-14,칠성동,2,35.8761572,128.6049997
2019,대구광역시 북구 칠성동1가 278-22,칠성동1가 278-22,칠성동,1,35.8762242,128.6047007
2019,대구광역시 북구 칠성동1가 279-1,칠성동1가 279-1,칠성동,55,35.8757437,128.6044568
2019,대구광역시 북구 칠성동1가 280-29,칠성동1가 280-29,칠성동,2,35.8738774,128.6042447
2019,대구광역시 북구 칠성동1가 306,칠성동1가 306,칠성동,1,35.8748667,128.6084916
2019,대구광역시 북구 칠성동1가 310,칠성동1가 310,칠성동,1,35.8749924,128.607997
2019,대구광역시 북구 칠성동2가 1-1,칠성동2가 1-1,칠성동,1,35.8861134,128.5855825
2019,대구광역시 북구 칠성동2가 1-2,칠성동2가 1-2,칠성동,1,35.8861394,128.5859514
2019,대구광역시 북구 칠성동2가 104-1,칠성동2가 104-1,칠성동,1,35.8803987,128.5917953
2019,대구광역시 북구 칠성동2가 112-4,칠성동2가 112-4,칠성동,1,35.8828792,128.5931291
2019,대구광역시 북구 칠성동2가 127,칠성동2가 127,칠성동,18,35.8818672,128.5921688
2019,대구광역시 북구 칠성동2가 139-27,칠성동2가 139-27,칠성동,1,35.8802692,128.5922428
2019,대구광역시 북구 칠성동2가 139-37,칠성동2가 139-37,칠성동,1,35.8800647,128.5934591
2019,대구광역시 북구 칠성동2가 140-5,칠성동2가 140-5,칠성동,1,35.8802635,128.5928115
2019,대구광역시 북구 칠성동2가 142-16,칠성동2가 142-16,칠성동,1,35.8800497,128.5928661
2019,대구광역시 북구 칠성동2가 142-2,칠성동2가 142-2,칠성동,1,35.8798883,128.5932274
2019,대구광역시 북구 칠성동2가 146-1,칠성동2가 146-1,칠성동,1,35.880175,128.5921143
2019,대구광역시 북구 칠성동2가 146-2,칠성동2가 146-2,칠성동,2,35.8800216,128.5923584
2019,대구광역시 북구 칠성동2가 152-181,칠성동2가 152-181,칠성동,1,35.8785765,128.5910203
2019,대구광역시 북구 칠성동2가 159-2,칠성동2가 159-2,칠성동,9,35.8802756,128.5909995
2019,대구광역시 북구 칠성동2가 161-5,칠성동2가 161-5,칠성동,1,35.8802851,128.5916935
2019,대구광역시 북구 칠성동2가 161-7,칠성동2가 161-7,칠성동,1,35.8802524,128.5918826
2019,대구광역시 북구 칠성동2가 168-13,칠성동2가 168-13,칠성동,14,35.8808591,128.5908721
2019,대구광역시 북구 칠성동2가 175-6,칠성동2가 175-6,칠성동,1,35.8806079,128.589888
2019,대구광역시 북구 칠성동2가 176-1,칠성동2가 176-1,칠성동,1,35.8805551,128.5899149
2019,대구광역시 북구 칠성동2가 176-16,칠성동2가 176-16,칠성동,3,35.8804875,128.5898771
2019,대구광역시 북구 칠성동2가 2-14,칠성동2가 2-14,칠성동,2,35.8853971,128.5862499
2019,대구광역시 북구 칠성동2가 2-17,칠성동2가 2-17,칠성동,6,35.8847303,128.5862143
2019,대구광역시 북구 칠성동2가 2-4,칠성동2가 2-4,칠성동,2,35.8843891,128.5883504
2019,대구광역시 북구 칠성동2가 2-5,칠성동2가 2-5,칠성동,6,35.8846913,128.5870682
2019,대구광역시 북구 칠성동2가 20-1,칠성동2가 20-1,칠성동,7,35.8850996,128.5898843
2019,대구광역시 북구 칠성동2가 245-48,칠성동2가 245-48,칠성동,1,35.8787022,128.5895583
2019,대구광역시 북구 칠성동2가 249-4,칠성동2가 249-4,칠성동,1,35.8787986,128.589848
2019,대구광역시 북구 칠성동2가 278-3,칠성동2가 278-3,칠성동,1,35.8782026,128.5924926
2019,대구광역시 북구 칠성동2가 291-1,칠성동2가 291-1,칠성동,9,35.8781629,128.593072
2019,대구광역시 북구 칠성동2가 293-9,칠성동2가 293-9,칠성동,2,35.8780987,128.5946847
2019,대구광역시 북구 칠성동2가 296-3,칠성동2가 296-3,칠성동,2,35.8785379,128.5952155
2019,대구광역시 북구 칠성동2가 296-4,칠성동2가 296-4,칠성동,1,35.8788518,128.5951886
2019,대구광역시 북구 칠성동2가 297-17,칠성동2가 297-17,칠성동,1,35.8784455,128.5947908
2019,대구광역시 북구 칠성동2가 297-2,칠성동2가 297-2,칠성동,1,35.8785888,128.5947615
2019,대구광역시 북구 칠성동2가 297-25,칠성동2가 297-25,칠성동,1,35.8782258,128.5949708
2019,대구광역시 북구 칠성동2가 297-5,칠성동2가 297-5,칠성동,4,35.8783657,128.5949825
2019,대구광역시 북구 칠성동2가 297-6,칠성동2가 297-6,칠성동,1,35.8786507,128.5950415
2019,대구광역시 북구 칠성동2가 298-1,칠성동2가 298-1,칠성동,1,35.8781902,128.5949548
2019,대구광역시 북구 칠성동2가 299-13,칠성동2가 299-13,칠성동,1,35.8779865,128.5946366
2019,대구광역시 북구 칠성동2가 299-2,칠성동2가 299-2,칠성동,2,35.8782644,128.5952802
2019,대구광역시 북구 칠성동2가 299-30,칠성동2가 299-30,칠성동,2,35.8778738,128.5945198
2019,대구광역시 북구 칠성동2가 299-4,칠성동2가 299-4,칠성동,1,35.8781606,128.5950102
2019,대구광역시 북구 칠성동2가 299-7,칠성동2가 299-7,칠성동,1,35.8780953,128.5949716
2019,대구광역시 북구 칠성동2가 299-8,칠성동2가 299-8,칠성동,1,35.8780572,128.594842
2019,대구광역시 북구 칠성동2가 299-9,칠성동2가 299-9,칠성동,1,35.8779967,128.5948888
2019,대구광역시 북구 칠성동2가 302-113,칠성동2가 302-113,칠성동,1,35.8762265,128.5975324
2019,대구광역시 북구 칠성동2가 302-114,칠성동2가 302-114,칠성동,2,35.8764428,128.5987037
2019,대구광역시 북구 칠성동2가 302-119,칠성동2가 302-119,칠성동,1,35.8768928,128.5979886
2019,대구광역시 북구 칠성동2가 302-121,칠성동2가 302-121,칠성동,1,35.8765906,128.5977507
2019,대구광역시 북구 칠성동2가 302-128,칠성동2가 302-128,칠성동,1,35.8776267,128.5946327
2019,대구광역시 북구 칠성동2가 302-136,칠성동2가 302-136,칠성동,3,35.877565,128.5929109
2019,대구광역시 북구 칠성동2가 302-139,칠성동2가 302-139,칠성동,14,35.8772793,128.5920985
2019,대구광역시 북구 칠성동2가 302-140,칠성동2가 302-140,칠성동,1,35.8773174,128.5918178
2019,대구광역시 북구 칠성동2가 302-142,칠성동2가 302-142,칠성동,18,35.8778736,128.5922812
2019,대구광역시 북구 칠성동2가 302-155,칠성동2가 302-155,칠성동,3,35.876024,128.5955608
2019,대구광역시 북구 칠성동2가 302-194,칠성동2가 302-194,칠성동,1,35.8752118,128.600758
2019,대구광역시 북구 칠성동2가 302-209,칠성동2가 302-209,칠성동,1,35.8763996,128.5965101
2019,대구광역시 북구 칠성동2가 302-210,칠성동2가 302-210,칠성동,1,35.8766409,128.5959284
2019,대구광역시 북구 칠성동2가 302-218,칠성동2가 302-218,칠성동,1,35.8775612,128.5902061
2019,대구광역시 북구 칠성동2가 302-219,칠성동2가 302-219,칠성동,2,35.8773711,128.5903762
2019,대구광역시 북구 칠성동2가 302-231,칠성동2가 302-231,칠성동,1,35.8766007,128.5961149
2019,대구광역시 북구 칠성동2가 302-232,칠성동2가 302-232,칠성동,1,35.8765695,128.5962731
2019,대구광역시 북구 칠성동2가 302-233,칠성동2가 302-233,칠성동,1,35.8765378,128.5964298
2019,대구광역시 북구 칠성동2가 302-239,칠성동2가 302-239,칠성동,1,35.8764652,128.596983
2019,대구광역시 북구 칠성동2가 302-26,칠성동2가 302-26,칠성동,1,35.8779314,128.5902809
2019,대구광역시 북구 칠성동2가 302-277,칠성동2가 302-277,칠성동,2,35.8767344,128.5987079
2019,대구광역시 북구 칠성동2가 302-285,칠성동2가 302-285,칠성동,4,35.8777097,128.5919122
2019,대구광역시 북구 칠성동2가 302-297,칠성동2가 302-297,칠성동,5,35.8767884,128.5941809
2019,대구광역시 북구 칠성동2가 302-311,칠성동2가 302-311,칠성동,1,35.87695,128.5955656
2019,대구광역시 북구 칠성동2가 302-314,칠성동2가 302-314,칠성동,4,35.876825,128.5965716
2019,대구광역시 북구 칠성동2가 302-315,칠성동2가 302-315,칠성동,1,35.8767913,128.5967477
2019,대구광역시 북구 칠성동2가 302-326,칠성동2가 302-326,칠성동,4,35.8764713,128.6001217
2019,대구광역시 북구 칠성동2가 302-353,칠성동2가 302-353,칠성동,1,35.8767453,128.5969857
2019,대구광역시 북구 칠성동2가 302-381,칠성동2가 302-381,칠성동,2,35.8774249,128.5936095
2019,대구광역시 북구 칠성동2가 302-386,칠성동2가 302-386,칠성동,1,35.877713,128.5936163
2019,대구광역시 북구 칠성동2가 302-387,칠성동2가 302-387,칠성동,5,35.8776548,128.5938957
2019,대구광역시 북구 칠성동2가 302-391,칠성동2가 302-391,칠성동,1,35.8756588,128.6011252
2019,대구광역시 북구 칠성동2가 302-396,칠성동2가 302-396,칠성동,3,35.8749772,128.6011268
2019,대구광역시 북구 칠성동2가 302-398,칠성동2가 302-398,칠성동,1,35.8769037,128.5910938
2019,대구광역시 북구 칠성동2가 302-402,칠성동2가 302-402,칠성동,1,35.8766178,128.5933949
2019,대구광역시 북구 칠성동2가 302-8,칠성동2가 302-8,칠성동,1,35.8766149,128.5976059
2019,대구광역시 북구 칠성동2가 302-93,칠성동2가 302-93,칠성동,19,35.8774439,128.5925378
2019,대구광역시 북구 칠성동2가 302-94,칠성동2가 302-94,칠성동,60,35.8762547,128.5985437
2019,대구광역시 북구 칠성동2가 302-95,칠성동2가 302-95,칠성동,1,35.8761657,128.6008831
2019,대구광역시 북구 칠성동2가 302-99,칠성동2가 302-99,칠성동,1,35.8751475,128.6009802
2019,대구광역시 북구 칠성동2가 307-4,칠성동2가 307-4,칠성동,1,35.8771124,128.595628
2019,대구광역시 북구 칠성동2가 308-2,칠성동2가 308-2,칠성동,1,35.8771296,128.5957209
2019,대구광역시 북구 칠성동2가 309,칠성동2가 309,칠성동,1,35.8771996,128.5958914
2019,대구광역시 북구 칠성동2가 310-6,칠성동2가 310-6,칠성동,1,35.8776187,128.5956162
2019,대구광역시 북구 칠성동2가 311-1,칠성동2가 311-1,칠성동,1,35.8777832,128.5954993
2019,대구광역시 북구 칠성동2가 312-4,칠성동2가 312-4,칠성동,2,35.8778932,128.5954492
2019,대구광역시 북구 칠성동2가 315-11,칠성동2가 315-11,칠성동,1,35.8779684,128.595633
2019,대구광역시 북구 칠성동2가 315-3,칠성동2가 315-3,칠성동,1,35.8778895,128.5958133
2019,대구광역시 북구 칠성동2가 340-5,칠성동2가 340-5,칠성동,1,35.8788026,128.595668
2019,대구광역시 북구 칠성동2가 343-10,칠성동2가 343-10,칠성동,2,35.8791447,128.5954424
2019,대구광역시 북구 칠성동2가 343-15,칠성동2가 343-15,칠성동,2,35.8792453,128.5954427
2019,대구광역시 북구 칠성동2가 343-29,칠성동2가 343-29,칠성동,1,35.8790882,128.5953178
2019,대구광역시 북구 칠성동2가 344-2,칠성동2가 344-2,칠성동,6,35.8795127,128.5952896
2019,대구광역시 북구 칠성동2가 345-1,칠성동2가 345-1,칠성동,2,35.8796645,128.5953104
2019,대구광역시 북구 칠성동2가 346-9,칠성동2가 346-9,칠성동,6,35.879959,128.5952353
2019,대구광역시 북구 칠성동2가 348-11,칠성동2가 348-11,칠성동,1,35.8798902,128.5943289
2019,대구광역시 북구 칠성동2가 348-25,칠성동2가 348-25,칠성동,3,35.8797822,128.5945145
2019,대구광역시 북구 칠성동2가 350-17,칠성동2가 350-17,칠성동,1,35.8794803,128.596146
2019,대구광역시 북구 칠성동2가 355-1,칠성동2가 355-1,칠성동,1,35.8809508,128.5936348
2019,대구광역시 북구 칠성동2가 361-1,칠성동2가 361-1,칠성동,13,35.8808672,128.5961128
2019,대구광역시 북구 칠성동2가 369-1,칠성동2가 369-1,칠성동,1,35.8800183,128.5961756
2019,대구광역시 북구 칠성동2가 369-12,칠성동2가 369-12,칠성동,1,35.8803932,128.5955625
2019,대구광역시 북구 칠성동2가 369-13,칠성동2가 369-13,칠성동,1,35.8804349,128.5957209
2019,대구광역시 북구 칠성동2가 369-3,칠성동2가 369-3,칠성동,1,35.8805342,128.5954769
2019,대구광역시 북구 칠성동2가 369-9,칠성동2가 369-9,칠성동,3,35.880111,128.5967858
2019,대구광역시 북구 칠성동2가 378-20,칠성동2가 378-20,칠성동,2,35.8826675,128.5934722
2019,대구광역시 북구 칠성동2가 378-21,칠성동2가 378-21,칠성동,8,35.8818164,128.5958073
2019,대구광역시 북구 칠성동2가 378-23,칠성동2가 378-23,칠성동,2,35.8811403,128.5956243
2019,대구광역시 북구 칠성동2가 378-27,칠성동2가 378-27,칠성동,17,35.8817214,128.5934139
2019,대구광역시 북구 칠성동2가 378-29,칠성동2가 378-29,칠성동,1,35.8820975,128.5938294
2019,대구광역시 북구 칠성동2가 378-4,칠성동2가 378-4,칠성동,2,35.8815042,128.5945215
2019,대구광역시 북구 칠성동2가 382-34,칠성동2가 382-34,칠성동,2,35.8810997,128.5974889
2019,대구광역시 북구 칠성동2가 385-19,칠성동2가 385-19,칠성동,1,35.8799916,128.5980914
2019,대구광역시 북구 칠성동2가 395-1,칠성동2가 395-1,칠성동,1,35.8814839,128.5985345
2019,대구광역시 북구 칠성동2가 40-6,칠성동2가 40-6,칠성동,4,35.8832494,128.5908215
2019,대구광역시 북구 칠성동2가 400-1,칠성동2가 400-1,칠성동,1,35.8824264,128.6010489
2019,대구광역시 북구 칠성동2가 400-21,칠성동2가 400-21,칠성동,6,35.8823886,128.6008882
2019,대구광역시 북구 칠성동2가 401-2,칠성동2가 401-2,칠성동,1,35.8817041,128.6009066
2019,대구광역시 북구 칠성동2가 403-76,칠성동2가 403-76,칠성동,1,35.8812111,128.6010611
2019,대구광역시 북구 칠성동2가 407-22,칠성동2가 407-22,칠성동,1,35.8807359,128.6001837
2019,대구광역시 북구 칠성동2가 407-44,칠성동2가 407-44,칠성동,1,35.8804278,128.6009997
2019,대구광역시 북구 칠성동2가 407-8,칠성동2가 407-8,칠성동,3,35.8801952,128.6017362
2019,대구광역시 북구 칠성동2가 409-22,칠성동2가 409-22,칠성동,1,35.8807523,128.6016357
2019,대구광역시 북구 칠성동2가 409-24,칠성동2가 409-24,칠성동,3,35.8791223,128.6025818
2019,대구광역시 북구 칠성동2가 409-26,칠성동2가 409-26,칠성동,2,35.8786637,128.5999579
2019,대구광역시 북구 칠성동2가 409-293,칠성동2가 409-293,칠성동,1,35.8794781,128.6008178
2019,대구광역시 북구 칠성동2가 409-310,칠성동2가 409-310,칠성동,1,35.8785487,128.6025896
2019,대구광역시 북구 칠성동2가 409-311,칠성동2가 409-311,칠성동,1,35.8784189,128.602622
2019,대구광역시 북구 칠성동2가 409-523,칠성동2가 409-523,칠성동,1,35.8791603,128.6021528
2019,대구광역시 북구 칠성동2가 41-8,칠성동2가 41-8,칠성동,19,35.8827632,128.5931881
2019,대구광역시 북구 칠성동2가 418-7,칠성동2가 418-7,칠성동,2,35.8791532,128.5979629
2019,대구광역시 북구 칠성동2가 42-10,칠성동2가 42-10,칠성동,1,35.8829076,128.5904361
2019,대구광역시 북구 칠성동2가 42-9,칠성동2가 42-9,칠성동,1,35.8829052,128.5910277
2019,대구광역시 북구 칠성동2가 421-4,칠성동2가 421-4,칠성동,1,35.8791295,128.5984529
2019,대구광역시 북구 칠성동2가 438-10,칠성동2가 438-10,칠성동,1,35.8775233,128.5976896
2019,대구광역시 북구 칠성동2가 438-11,칠성동2가 438-11,칠성동,1,35.87754,128.5975017
2019,대구광역시 북구 칠성동2가 438-17,칠성동2가 438-17,칠성동,3,35.8775073,128.597269
2019,대구광역시 북구 칠성동2가 438-19,칠성동2가 438-19,칠성동,1,35.8774218,128.5974918
2019,대구광역시 북구 칠성동2가 438-22,칠성동2가 438-22,칠성동,1,35.8773448,128.5973886
2019,대구광역시 북구 칠성동2가 438-25,칠성동2가 438-25,칠성동,1,35.8773666,128.5971562
2019,대구광역시 북구 칠성동2가 438-33,칠성동2가 438-33,칠성동,3,35.8772825,128.5971039
2019,대구광역시 북구 칠성동2가 438-37,칠성동2가 438-37,칠성동,2,35.8771558,128.5970201
2019,대구광역시 북구 칠성동2가 438-56,칠성동2가 438-56,칠성동,1,35.8772392,128.5971439
2019,대구광역시 북구 칠성동2가 44-2,칠성동2가 44-2,칠성동,1,35.8834898,128.5894606
2019,대구광역시 북구 칠성동2가 45-11,칠성동2가 45-11,칠성동,2,35.8839361,128.5902636
2019,대구광역시 북구 칠성동2가 45-12,칠성동2가 45-12,칠성동,1,35.8839219,128.5881879
2019,대구광역시 북구 칠성동2가 498-8,칠성동2가 498-8,칠성동,1,35.8780378,128.5961702
2019,대구광역시 북구 칠성동2가 499,칠성동2가 499,칠성동,1,35.8775408,128.5961442
2019,대구광역시 북구 칠성동2가 509,칠성동2가 509,칠성동,1,35.8769743,128.5964143
2019,대구광역시 북구 칠성동2가 522-1,칠성동2가 522-1,칠성동,1,35.8769842,128.5966047
2019,대구광역시 북구 칠성동2가 526-2,칠성동2가 526-2,칠성동,4,35.8773855,128.5977323
2019,대구광역시 북구 칠성동2가 527-12,칠성동2가 527-12,칠성동,2,35.8769094,128.5971266
2019,대구광역시 북구 칠성동2가 527-13,칠성동2가 527-13,칠성동,5,35.8768234,128.5970427
2019,대구광역시 북구 칠성동2가 527-18,칠성동2가 527-18,칠성동,1,35.8767822,128.5971702
2019,대구광역시 북구 칠성동2가 527-21,칠성동2가 527-21,칠성동,1,35.8767588,128.5972486
2019,대구광역시 북구 칠성동2가 527-22,칠성동2가 527-22,칠성동,1,35.8767502,128.5972814
2019,대구광역시 북구 칠성동2가 527-4,칠성동2가 527-4,칠성동,2,35.8769006,128.5974608
2019,대구광역시 북구 칠성동2가 529-14,칠성동2가 529-14,칠성동,2,35.8772129,128.5980641
2019,대구광역시 북구 칠성동2가 529-3,칠성동2가 529-3,칠성동,2,35.8772406,128.5977769
2019,대구광역시 북구 칠성동2가 529-5,칠성동2가 529-5,칠성동,4,35.8771679,128.5977361
2019,대구광역시 북구 칠성동2가 530-11,칠성동2가 530-11,칠성동,2,35.8771114,128.5981137
2019,대구광역시 북구 칠성동2가 530-3,칠성동2가 530-3,칠성동,1,35.8773666,128.5980231
2019,대구광역시 북구 칠성동2가 530-4,칠성동2가 530-4,칠성동,1,35.8773508,128.5979309
2019,대구광역시 북구 칠성동2가 533-3,칠성동2가 533-3,칠성동,4,35.877079,128.5984868
2019,대구광역시 북구 칠성동2가 537-2,칠성동2가 537-2,칠성동,1,35.8769167,128.599566
2019,대구광역시 북구 칠성동2가 538-13,칠성동2가 538-13,칠성동,5,35.8773142,128.5987439
2019,대구광역시 북구 칠성동2가 538-18,칠성동2가 538-18,칠성동,8,35.8771804,128.5990448
2019,대구광역시 북구 칠성동2가 538-2,칠성동2가 538-2,칠성동,1,35.8771849,128.5994296
2019,대구광역시 북구 칠성동2가 538-20,칠성동2가 538-20,칠성동,8,35.877084,128.5989812
2019,대구광역시 북구 칠성동2가 538-4,칠성동2가 538-4,칠성동,6,35.877033,128.598982
2019,대구광역시 북구 칠성동2가 539-16,칠성동2가 539-16,칠성동,2,35.8772564,128.5983196
2019,대구광역시 북구 칠성동2가 539-17,칠성동2가 539-17,칠성동,1,35.8772556,128.5984359
2019,대구광역시 북구 칠성동2가 539-22,칠성동2가 539-22,칠성동,4,35.8771529,128.5983505
2019,대구광역시 북구 칠성동2가 541-13,칠성동2가 541-13,칠성동,1,35.8780307,128.598942
2019,대구광역시 북구 칠성동2가 548-17,칠성동2가 548-17,칠성동,1,35.8778838,128.600905
2019,대구광역시 북구 칠성동2가 55-3,칠성동2가 55-3,칠성동,4,35.8841029,128.5869911
2019,대구광역시 북구 칠성동2가 550-1,칠성동2가 550-1,칠성동,1,35.8777344,128.6009548
2019,대구광역시 북구 칠성동2가 550-19,칠성동2가 550-19,칠성동,1,35.8774834,128.6011635
2019,대구광역시 북구 칠성동2가 550-20,칠성동2가 550-20,칠성동,1,35.8773627,128.601142
2019,대구광역시 북구 칠성동2가 550-24,칠성동2가 550-24,칠성동,1,35.8774267,128.6010951
2019,대구광역시 북구 칠성동2가 550-29,칠성동2가 550-29,칠성동,1,35.8774421,128.6009433
2019,대구광역시 북구 칠성동2가 567-20,칠성동2가 567-20,칠성동,3,35.877078,128.6010154
2019,대구광역시 북구 칠성동2가 567-21,칠성동2가 567-21,칠성동,1,35.8770115,128.6010995
2019,대구광역시 북구 칠성동2가 567-29,칠성동2가 567-29,칠성동,1,35.8768399,128.6012123
2019,대구광역시 북구 칠성동2가 567-34,칠성동2가 567-34,칠성동,4,35.876783,128.6012639
2019,대구광역시 북구 칠성동2가 567-6,칠성동2가 567-6,칠성동,2,35.8772549,128.6010798
2019,대구광역시 북구 칠성동2가 568-13,칠성동2가 568-13,칠성동,1,35.8769723,128.6010515
2019,대구광역시 북구 칠성동2가 568-15,칠성동2가 568-15,칠성동,2,35.876896,128.601123
2019,대구광역시 북구 칠성동2가 568-17,칠성동2가 568-17,칠성동,1,35.8768127,128.6011827
2019,대구광역시 북구 칠성동2가 568-21,칠성동2가 568-21,칠성동,1,35.8767193,128.6013043
2019,대구광역시 북구 칠성동2가 574-22,칠성동2가 574-22,칠성동,1,35.8768702,128.6009933
2019,대구광역시 북구 칠성동2가 574-25,칠성동2가 574-25,칠성동,2,35.8767466,128.6011076
2019,대구광역시 북구 칠성동2가 574-29,칠성동2가 574-29,칠성동,1,35.8766747,128.601229
2019,대구광역시 북구 칠성동2가 575-5,칠성동2가 575-5,칠성동,2,35.8767206,128.600902
2019,대구광역시 북구 칠성동2가 577-13,칠성동2가 577-13,칠성동,1,35.8768655,128.6002909
2019,대구광역시 북구 칠성동2가 577-2,칠성동2가 577-2,칠성동,2,35.8767762,128.600319
2019,대구광역시 북구 칠성동2가 577-6,칠성동2가 577-6,칠성동,1,35.8769642,128.6002665
2019,대구광역시 북구 칠성동2가 594-13,칠성동2가 594-13,칠성동,1,35.8749355,128.6013588
2019,대구광역시 북구 칠성동2가 656-1,칠성동2가 656-1,칠성동,2,35.8816569,128.6021917
2019,대구광역시 북구 칠성동2가 66,칠성동2가 66,칠성동,1,35.8816467,128.5901184
2019,대구광역시 북구 칠성동2가 661,칠성동2가 661,칠성동,1,35.8795222,128.5983281
2019,대구광역시 북구 칠성동2가 664-1,칠성동2가 664-1,칠성동,1,35.8810637,128.5976621
2019,대구광역시 북구 칠성동2가 667,칠성동2가 667,칠성동,2,35.8770306,128.6009104
2019,대구광역시 북구 칠성동2가 667-1,칠성동2가 667-1,칠성동,2,35.8768024,128.6011446
2019,대구광역시 북구 칠성동2가 667-5,칠성동2가 667-5,칠성동,2,35.8766921,128.6012535
2019,대구광역시 북구 칠성동2가 673-17,칠성동2가 673-17,칠성동,1,35.879823,128.5957957
2019,대구광역시 북구 칠성동2가 675,칠성동2가 675,칠성동,1,35.8776985,128.5965108
2019,대구광역시 북구 칠성동2가 676-1,칠성동2가 676-1,칠성동,1,35.8773553,128.5981181
2019,대구광역시 북구 칠성동2가 681,칠성동2가 681,칠성동,1,35.8830258,128.5912722
2019,대구광역시 북구 칠성동2가 698,칠성동2가 698,칠성동,1,35.8804582,128.5899779
2019,대구광역시 북구 칠성동2가 702,칠성동2가 702,칠성동,9,35.8788762,128.5891926
2019,대구광역시 북구 칠성동2가 71-2,칠성동2가 71-2,칠성동,1,35.8806333,128.5897607
2019,대구광역시 북구 칠성동2가 71-4,칠성동2가 71-4,칠성동,1,35.8805621,128.589778
2019,대구광역시 북구 칠성동2가 71-5,칠성동2가 71-5,칠성동,2,35.8806497,128.5896911
2019,대구광역시 북구 칠성동2가 71-6,칠성동2가 71-6,칠성동,1,35.8807324,128.589606
2019,대구광역시 북구 칠성동2가 71-8,칠성동2가 71-8,칠성동,1,35.880644,128.5895671
2019,대구광역시 북구 칠성동2가 711,칠성동2가 711,칠성동,10,35.8809797,128.5895423
2019,대구광역시 북구 칠성동2가 715,칠성동2가 715,칠성동,37,35.8793026,128.5915786
2019,대구광역시 북구 칠성동2가 716,칠성동2가 716,칠성동,7,35.8790547,128.5940092
2019,대구광역시 북구 칠성동2가 717,칠성동2가 717,칠성동,2,35.8783658,128.5934737
2019,대구광역시 북구 칠성동2가 718,칠성동2가 718,칠성동,4,35.8782934,128.5938165
2019,대구광역시 북구 칠성동2가 719,칠성동2가 719,칠성동,2,35.8783279,128.5941503
2019,대구광역시 북구 칠성동2가 720,칠성동2가 720,칠성동,4,35.8781351,128.5940861
2019,대구광역시 북구 칠성동2가 721,칠성동2가 721,칠성동,12,35.8791368,128.5946435
2019,대구광역시 북구 칠성동2가 723,칠성동2가 723,칠성동,16,35.8807792,128.5968365
2019,대구광역시 북구 칠성동2가 724,칠성동2가 724,칠성동,15,35.8838602,128.5904235
2019,대구광역시 북구 칠성동2가 725,칠성동2가 725,칠성동,1,35.8838535,128.5911131
2019,대구광역시 북구 칠성동2가 726,칠성동2가 726,칠성동,1,35.8836901,128.591612
2019,대구광역시 북구 칠성동2가 727,칠성동2가 727,칠성동,8,35.8834541,128.5922552
2019,대구광역시 북구 칠성동2가 728-1,칠성동2가 728-1,칠성동,7,35.8842031,128.5919624
2019,대구광역시 북구 칠성동2가 729,칠성동2가 729,칠성동,1,35.885483,128.5909285
2019,대구광역시 북구 칠성동2가 73-31,칠성동2가 73-31,칠성동,1,35.8804037,128.5897523
2019,대구광역시 북구 칠성동2가 730,칠성동2가 730,칠성동,34,35.8853377,128.5920086
2019,대구광역시 북구 칠성동2가 731,칠성동2가 731,칠성동,16,35.8849138,128.5906874
2019,대구광역시 북구 칠성동2가 733,칠성동2가 733,칠성동,112,35.8848125,128.5915104
2019,대구광역시 북구 칠성동2가 734,칠성동2가 734,칠성동,5,35.8846809,128.5921078
2019,대구광역시 북구 칠성동2가 736,칠성동2가 736,칠성동,32,35.8770813,128.5931901
2019,대구광역시 북구 칠성동2가 81-1,칠성동2가 81-1,칠성동,1,35.8797882,128.5895117
2019,대구광역시 북구 칠성동2가 81-3,칠성동2가 81-3,칠성동,1,35.8797476,128.5893351
2019,대구광역시 북구 칠성동2가 83-1,칠성동2가 83-1,칠성동,4,35.8795889,128.5892927
2019,대구광역시 북구 칠성동2가 84-11,칠성동2가 84-11,칠성동,1,35.879411,128.5893365
2019,대구광역시 북구 칠성동2가 84-9,칠성동2가 84-9,칠성동,2,35.8792713,128.5892799
2019,대구광역시 북구 칠성동2가 85-1,칠성동2가 85-1,칠성동,5,35.8791643,128.5891653
2019,대구광역시 북구 칠성동2가 85-12,칠성동2가 85-12,칠성동,1,35.8790656,128.5890438
2019,대구광역시 북구 칠성동2가 85-13,칠성동2가 85-13,칠성동,1,35.8789824,128.5890902
2019,대구광역시 북구 칠성동2가 88-5,칠성동2가 88-5,칠성동,2,35.8847832,128.5848065
2019,대구광역시 북구 칠성동2가 88-6,칠성동2가 88-6,칠성동,1,35.8852124,128.5850228
2019,대구광역시 북구 칠성동2가 88-7,칠성동2가 88-7,칠성동,2,35.8849066,128.5846653
2019,대구광역시 북구 칠성동2가 89,칠성동2가 89,칠성동,1,35.8852438,128.5856546
2019,대구광역시 북구 칠성동2가 90,칠성동2가 90,칠성동,4,35.8847145,128.5858574
2019,대구광역시 북구 침산동 100-10,침산동 100-10,침산동,1,35.884071,128.5991709
2019,대구광역시 북구 침산동 101-1,침산동 101-1,침산동,3,35.8836373,128.5978818
2019,대구광역시 북구 침산동 101-3,침산동 101-3,침산동,9,35.8829558,128.5985854
2019,대구광역시 북구 침산동 1011,침산동 1011,침산동,2,35.9001322,128.5808651
2019,대구광역시 북구 침산동 1024-1,침산동 1024-1,침산동,3,35.8992235,128.5889681
2019,대구광역시 북구 침산동 1024-2,침산동 1024-2,침산동,19,35.8990699,128.5890777
2019,대구광역시 북구 침산동 103-6,침산동 103-6,침산동,9,35.8839569,128.5971033
2019,대구광역시 북구 침산동 1034-2,침산동 1034-2,침산동,1,35.8998517,128.5797559
2019,대구광역시 북구 침산동 105-1,침산동 105-1,침산동,20,35.8859401,128.5961612
2019,대구광역시 북구 침산동 105-62,침산동 105-62,침산동,4,35.8822541,128.5959346
2019,대구광역시 북구 침산동 105-63,침산동 105-63,침산동,2,35.8820198,128.5959574
2019,대구광역시 북구 침산동 105-64,침산동 105-64,침산동,4,35.8820897,128.5960098
2019,대구광역시 북구 침산동 105-65,침산동 105-65,침산동,2,35.8848931,128.5969494
2019,대구광역시 북구 침산동 105-73,침산동 105-73,침산동,12,35.8857587,128.5936518
2019,대구광역시 북구 침산동 105-74,침산동 105-74,침산동,5,35.8861152,128.594857
2019,대구광역시 북구 침산동 11,침산동 11,침산동,1,35.8854722,128.5984337
2019,대구광역시 북구 침산동 114-1,침산동 114-1,침산동,1,35.887196,128.5962687
2019,대구광역시 북구 침산동 116-20,침산동 116-20,침산동,1,35.8876657,128.5968115
2019,대구광역시 북구 침산동 116-22,침산동 116-22,침산동,2,35.8875208,128.5963549
2019,대구광역시 북구 침산동 116-23,침산동 116-23,침산동,5,35.8875178,128.5965239
2019,대구광역시 북구 침산동 116-3,침산동 116-3,침산동,5,35.8875168,128.5961499
2019,대구광역시 북구 침산동 116-6,침산동 116-6,침산동,2,35.8877994,128.5934592
2019,대구광역시 북구 침산동 117-10,침산동 117-10,침산동,3,35.8872382,128.5948146
2019,대구광역시 북구 침산동 117-3,침산동 117-3,침산동,6,35.8880637,128.5952774
2019,대구광역시 북구 침산동 117-9,침산동 117-9,침산동,5,35.8874872,128.5950777
2019,대구광역시 북구 침산동 120,침산동 120,침산동,1,35.8900527,128.59518
2019,대구광역시 북구 침산동 1208,침산동 1208,침산동,28,35.8986499,128.5791342
2019,대구광역시 북구 침산동 1217,침산동 1217,침산동,1,35.8956207,128.580341
2019,대구광역시 북구 침산동 123-1,침산동 123-1,침산동,1,35.8894114,128.5948893
2019,대구광역시 북구 침산동 123-3,침산동 123-3,침산동,14,35.8896972,128.5954696
2019,대구광역시 북구 침산동 13-109,침산동 13-109,침산동,1,35.8864092,128.5975486
2019,대구광역시 북구 침산동 13-23,침산동 13-23,침산동,2,35.8878388,128.5973553
2019,대구광역시 북구 침산동 13-49,침산동 13-49,침산동,4,35.8865659,128.5975604
2019,대구광역시 북구 침산동 13-50,침산동 13-50,침산동,1,35.8867326,128.5975276
2019,대구광역시 북구 침산동 13-54,침산동 13-54,침산동,2,35.8871952,128.597732
2019,대구광역시 북구 침산동 13-61,침산동 13-61,침산동,1,35.8863392,128.5981664
2019,대구광역시 북구 침산동 13-91,침산동 13-91,침산동,1,35.8878734,128.5980094
2019,대구광역시 북구 침산동 133-6,침산동 133-6,침산동,1,35.8896873,128.5938296
2019,대구광역시 북구 침산동 137-4,침산동 137-4,침산동,2,35.8879552,128.5941893
2019,대구광역시 북구 침산동 137-9,침산동 137-9,침산동,1,35.8876864,128.5943018
2019,대구광역시 북구 침산동 138-6,침산동 138-6,침산동,1,35.8886823,128.594495
2019,대구광역시 북구 침산동 14,침산동 14,침산동,2,35.8870471,128.5983158
2019,대구광역시 북구 침산동 145-2,침산동 145-2,침산동,2,35.8877114,128.5948655
2019,대구광역시 북구 침산동 145-44,침산동 145-44,침산동,1,35.8877405,128.5947519
2019,대구광역시 북구 침산동 146,침산동 146,침산동,1,35.8870687,128.5948349
2019,대구광역시 북구 침산동 15-42,침산동 15-42,침산동,2,35.8857265,128.5990799
2019,대구광역시 북구 침산동 15-47,침산동 15-47,침산동,1,35.8869218,128.5984703
2019,대구광역시 북구 침산동 15-6,침산동 15-6,침산동,7,35.8867067,128.5986372
2019,대구광역시 북구 침산동 15-75,침산동 15-75,침산동,1,35.8851089,128.5986407
2019,대구광역시 북구 침산동 150-1,침산동 150-1,침산동,1,35.8835679,128.5968401
2019,대구광역시 북구 침산동 156-10,침산동 156-10,침산동,1,35.8821842,128.5977568
2019,대구광역시 북구 침산동 156-12,침산동 156-12,침산동,2,35.8827299,128.5975697
2019,대구광역시 북구 침산동 156-21,침산동 156-21,침산동,1,35.8829997,128.5972996
2019,대구광역시 북구 침산동 156-22,침산동 156-22,침산동,1,35.8829569,128.5974258
2019,대구광역시 북구 침산동 156-38,침산동 156-38,침산동,2,35.882604,128.5982407
2019,대구광역시 북구 침산동 156-41,침산동 156-41,침산동,1,35.8823379,128.5983257
2019,대구광역시 북구 침산동 156-45,침산동 156-45,침산동,1,35.8824521,128.5980219
2019,대구광역시 북구 침산동 156-5,침산동 156-5,침산동,1,35.8825644,128.5976268
2019,대구광역시 북구 침산동 156-50,침산동 156-50,침산동,1,35.882918,128.5976826
2019,대구광역시 북구 침산동 156-52,침산동 156-52,침산동,1,35.8822218,128.5979132
2019,대구광역시 북구 침산동 156-53,침산동 156-53,침산동,1,35.8823313,128.5979744
2019,대구광역시 북구 침산동 156-7,침산동 156-7,침산동,1,35.8828916,128.5976083
2019,대구광역시 북구 침산동 163-1,침산동 163-1,침산동,1,35.8825036,128.596639
2019,대구광역시 북구 침산동 1645-27,침산동 1645-27,침산동,1,35.8902176,128.5832774
2019,대구광역시 북구 침산동 1662-20,침산동 1662-20,침산동,5,35.891331,128.594409
2019,대구광역시 북구 침산동 1663-123,침산동 1663-123,침산동,2,35.8881416,128.5917786
2019,대구광역시 북구 침산동 1663-128,침산동 1663-128,침산동,9,35.885534,128.59213
2019,대구광역시 북구 침산동 1663-168,침산동 1663-168,침산동,1,35.8926863,128.5867952
2019,대구광역시 북구 침산동 1663-177,침산동 1663-177,침산동,1,35.892132,128.5862569
2019,대구광역시 북구 침산동 1663-188,침산동 1663-188,침산동,6,35.889154,128.5912248
2019,대구광역시 북구 침산동 1663-21,침산동 1663-21,침산동,1,35.8840875,128.598398
2019,대구광역시 북구 침산동 1663-237,침산동 1663-237,침산동,1,35.8942952,128.5879474
2019,대구광역시 북구 침산동 1663-303,침산동 1663-303,침산동,1,35.8960585,128.588396
2019,대구광역시 북구 침산동 1663-348,침산동 1663-348,침산동,1,35.8980038,128.5845044
2019,대구광역시 북구 침산동 1663-5,침산동 1663-5,침산동,3,35.8886962,128.5973707
2019,대구광역시 북구 침산동 1664-6,침산동 1664-6,침산동,1,35.887945,128.5983143
2019,대구광역시 북구 침산동 1676,침산동 1676,침산동,9,35.8904042,128.5936228
2019,대구광역시 북구 침산동 1677-1,침산동 1677-1,침산동,1,35.890963,128.5935231
2019,대구광역시 북구 침산동 1678-2,침산동 1678-2,침산동,2,35.8881863,128.593848
2019,대구광역시 북구 침산동 1679-10,침산동 1679-10,침산동,1,35.8856367,128.5923857
2019,대구광역시 북구 침산동 1679-3,침산동 1679-3,침산동,10,35.8889341,128.5931665
2019,대구광역시 북구 침산동 168-9,침산동 168-9,침산동,2,35.8821255,128.5964854
2019,대구광역시 북구 침산동 1684-3,침산동 1684-3,침산동,1,35.9002737,128.5883644
2019,대구광역시 북구 침산동 1689-12,침산동 1689-12,침산동,2,35.8959495,128.588387
2019,대구광역시 북구 침산동 1707-9,침산동 1707-9,침산동,1,35.8940677,128.5870239
2019,대구광역시 북구 침산동 1710-1,침산동 1710-1,침산동,1,35.8897255,128.5840746
2019,대구광역시 북구 침산동 1748,침산동 1748,침산동,1,35.8933163,128.5777665
2019,대구광역시 북구 침산동 1749,침산동 1749,침산동,1,35.8822177,128.5983612
2019,대구광역시 북구 침산동 1750,침산동 1750,침산동,5,35.8929906,128.5888237
2019,대구광역시 북구 침산동 1754,침산동 1754,침산동,1,35.8928157,128.5880182
2019,대구광역시 북구 침산동 1755,침산동 1755,침산동,14,35.8870484,128.5992409
2019,대구광역시 북구 침산동 1757,침산동 1757,침산동,24,35.8839146,128.5938727
2019,대구광역시 북구 침산동 1757-1,침산동 1757-1,침산동,1,35.8827791,128.5937701
2019,대구광역시 북구 침산동 1758,침산동 1758,침산동,4,35.884029,128.5962916
2019,대구광역시 북구 침산동 1759,침산동 1759,침산동,2,35.8830577,128.595855
2019,대구광역시 북구 침산동 1760,침산동 1760,침산동,1,35.8848086,128.5947738
2019,대구광역시 북구 침산동 1761,침산동 1761,침산동,41,35.8913102,128.5923677
2019,대구광역시 북구 침산동 1762,침산동 1762,침산동,10,35.8911822,128.5919615
2019,대구광역시 북구 침산동 1765,침산동 1765,침산동,16,35.8855661,128.5912104
2019,대구광역시 북구 침산동 18-2,침산동 18-2,침산동,1,35.8866431,128.5989939
2019,대구광역시 북구 침산동 211,침산동 211,침산동,1,35.8864336,128.5937344
2019,대구광역시 북구 침산동 213-1,침산동 213-1,침산동,8,35.8871593,128.5931237
2019,대구광역시 북구 침산동 213-4,침산동 213-4,침산동,1,35.8871464,128.5923193
2019,대구광역시 북구 침산동 216-1,침산동 216-1,침산동,1,35.8878961,128.5940367
2019,대구광역시 북구 침산동 216-11,침산동 216-11,침산동,1,35.8880487,128.593875
2019,대구광역시 북구 침산동 216-5,침산동 216-5,침산동,1,35.8878089,128.5941168
2019,대구광역시 북구 침산동 217-3,침산동 217-3,침산동,1,35.887995,128.5936972
2019,대구광역시 북구 침산동 218-8,침산동 218-8,침산동,1,35.8879487,128.5935359
2019,대구광역시 북구 침산동 22-100,침산동 22-100,침산동,3,35.8877779,128.5986822
2019,대구광역시 북구 침산동 22-109,침산동 22-109,침산동,2,35.8879514,128.5989534
2019,대구광역시 북구 침산동 22-25,침산동 22-25,침산동,1,35.8881411,128.5984223
2019,대구광역시 북구 침산동 22-39,침산동 22-39,침산동,1,35.887641,128.5990078
2019,대구광역시 북구 침산동 22-5,침산동 22-5,침산동,5,35.8881202,128.5987444
2019,대구광역시 북구 침산동 22-90,침산동 22-90,침산동,2,35.8871972,128.5985882
2019,대구광역시 북구 침산동 22-99,침산동 22-99,침산동,1,35.8879893,128.5986842
2019,대구광역시 북구 침산동 222-7,침산동 222-7,침산동,1,35.888132,128.5930212
2019,대구광역시 북구 침산동 225-2,침산동 225-2,침산동,1,35.8870811,128.5922249
2019,대구광역시 북구 침산동 226-1,침산동 226-1,침산동,2,35.8869142,128.59204
2019,대구광역시 북구 침산동 226-6,침산동 226-6,침산동,2,35.8865747,128.591991
2019,대구광역시 북구 침산동 226-9,침산동 226-9,침산동,1,35.8868904,128.5922205
2019,대구광역시 북구 침산동 227-1,침산동 227-1,침산동,47,35.8859752,128.5917412
2019,대구광역시 북구 침산동 227-4,침산동 227-4,침산동,2,35.8863843,128.5912054
2019,대구광역시 북구 침산동 233-3,침산동 233-3,침산동,2,35.8866643,128.5896894
2019,대구광역시 북구 침산동 233-4,침산동 233-4,침산동,31,35.8870561,128.588578
2019,대구광역시 북구 침산동 233-7,침산동 233-7,침산동,1,35.8872585,128.5905812
2019,대구광역시 북구 침산동 244-1,침산동 244-1,침산동,1,35.8870746,128.5917232
2019,대구광역시 북구 침산동 245-1,침산동 245-1,침산동,5,35.8874646,128.5918484
2019,대구광역시 북구 침산동 245-6,침산동 245-6,침산동,1,35.8874665,128.5915431
2019,대구광역시 북구 침산동 247-2,침산동 247-2,침산동,4,35.8873198,128.5912876
2019,대구광역시 북구 침산동 25-46,침산동 25-46,침산동,1,35.8862752,128.5993734
2019,대구광역시 북구 침산동 25-52,침산동 25-52,침산동,1,35.8868355,128.5999977
2019,대구광역시 북구 침산동 25-7,침산동 25-7,침산동,6,35.8861366,128.6003663
2019,대구광역시 북구 침산동 252-1,침산동 252-1,침산동,1,35.8885821,128.5895885
2019,대구광역시 북구 침산동 257-4,침산동 257-4,침산동,3,35.8885889,128.5898575
2019,대구광역시 북구 침산동 260-2,침산동 260-2,침산동,23,35.8881877,128.5911727
2019,대구광역시 북구 침산동 260-9,침산동 260-9,침산동,5,35.8877562,128.5909458
2019,대구광역시 북구 침산동 261-1,침산동 261-1,침산동,4,35.8879279,128.5917147
2019,대구광역시 북구 침산동 262-2,침산동 262-2,침산동,18,35.8876297,128.5921904
2019,대구광역시 북구 침산동 262-5,침산동 262-5,침산동,6,35.887271,128.5921511
2019,대구광역시 북구 침산동 265-11,침산동 265-11,침산동,13,35.8878253,128.592271
2019,대구광역시 북구 침산동 265-18,침산동 265-18,침산동,1,35.8882344,128.5923922
2019,대구광역시 북구 침산동 265-2,침산동 265-2,침산동,21,35.888093,128.5921307
2019,대구광역시 북구 침산동 265-8,침산동 265-8,침산동,3,35.8881774,128.5925075
2019,대구광역시 북구 침산동 266-1,침산동 266-1,침산동,1,35.8884934,128.5923996
2019,대구광역시 북구 침산동 266-7,침산동 266-7,침산동,2,35.8882741,128.5922675
2019,대구광역시 북구 침산동 267-4,침산동 267-4,침산동,4,35.8883406,128.5918913
2019,대구광역시 북구 침산동 267-5,침산동 267-5,침산동,12,35.8884476,128.5918266
2019,대구광역시 북구 침산동 268-6,침산동 268-6,침산동,1,35.8884701,128.5914206
2019,대구광역시 북구 침산동 269-10,침산동 269-10,침산동,37,35.8893031,128.5902469
2019,대구광역시 북구 침산동 269-2,침산동 269-2,침산동,14,35.8888996,128.5912375
2019,대구광역시 북구 침산동 270-1,침산동 270-1,침산동,6,35.8890143,128.5911182
2019,대구광역시 북구 침산동 277-1,침산동 277-1,침산동,24,35.8906332,128.5904145
2019,대구광역시 북구 침산동 279-2,침산동 279-2,침산동,10,35.8897147,128.590858
2019,대구광역시 북구 침산동 285-10,침산동 285-10,침산동,10,35.8890225,128.5916758
2019,대구광역시 북구 침산동 285-2,침산동 285-2,침산동,1,35.8895447,128.5914108
2019,대구광역시 북구 침산동 285-3,침산동 285-3,침산동,4,35.8885514,128.5916566
2019,대구광역시 북구 침산동 285-4,침산동 285-4,침산동,2,35.88924,128.591561
2019,대구광역시 북구 침산동 285-5,침산동 285-5,침산동,5,35.8887625,128.5918259
2019,대구광역시 북구 침산동 286-1,침산동 286-1,침산동,1,35.8891432,128.5924469
2019,대구광역시 북구 침산동 29-2,침산동 29-2,침산동,1,35.886221,128.6001273
2019,대구광역시 북구 침산동 295-19,침산동 295-19,침산동,3,35.8908853,128.591062
2019,대구광역시 북구 침산동 295-20,침산동 295-20,침산동,1,35.8910366,128.5916835
2019,대구광역시 북구 침산동 295-21,침산동 295-21,침산동,2,35.8909757,128.5917407
2019,대구광역시 북구 침산동 295-26,침산동 295-26,침산동,1,35.8907721,128.5919026
2019,대구광역시 북구 침산동 295-3,침산동 295-3,침산동,1,35.8908399,128.5905787
2019,대구광역시 북구 침산동 296-1,침산동 296-1,침산동,11,35.8904438,128.591289
2019,대구광역시 북구 침산동 296-6,침산동 296-6,침산동,2,35.8903964,128.5919868
2019,대구광역시 북구 침산동 297-2,침산동 297-2,침산동,2,35.8906482,128.5918581
2019,대구광역시 북구 침산동 297-4,침산동 297-4,침산동,1,35.890616,128.5919424
2019,대구광역시 북구 침산동 298-2,침산동 298-2,침산동,2,35.890247,128.5918866
2019,대구광역시 북구 침산동 298-8,침산동 298-8,침산동,1,35.8900016,128.5921927
2019,대구광역시 북구 침산동 299-1,침산동 299-1,침산동,1,35.8902565,128.5921189
2019,대구광역시 북구 침산동 3-14,침산동 3-14,침산동,1,35.8886303,128.5978437
2019,대구광역시 북구 침산동 3-6,침산동 3-6,침산동,3,35.8874416,128.5981328
2019,대구광역시 북구 침산동 3-7,침산동 3-7,침산동,2,35.8874234,128.5984536
2019,대구광역시 북구 침산동 307-1,침산동 307-1,침산동,1,35.8903576,128.5930011
2019,대구광역시 북구 침산동 307-3,침산동 307-3,침산동,1,35.890319,128.5932994
2019,대구광역시 북구 침산동 308-1,침산동 308-1,침산동,1,35.8904063,128.593268
2019,대구광역시 북구 침산동 309-1,침산동 309-1,침산동,5,35.8909176,128.5937146
2019,대구광역시 북구 침산동 309-17,침산동 309-17,침산동,3,35.8904421,128.5933916
2019,대구광역시 북구 침산동 309-27,침산동 309-27,침산동,18,35.8908549,128.5936167
2019,대구광역시 북구 침산동 309-5,침산동 309-5,침산동,1,35.8906971,128.5937178
2019,대구광역시 북구 침산동 310-1,침산동 310-1,침산동,2,35.8910774,128.5935081
2019,대구광역시 북구 침산동 310-11,침산동 310-11,침산동,4,35.8907092,128.593281
2019,대구광역시 북구 침산동 310-19,침산동 310-19,침산동,1,35.8910749,128.5933751
2019,대구광역시 북구 침산동 310-7,침산동 310-7,침산동,9,35.8909978,128.593456
2019,대구광역시 북구 침산동 317-5,침산동 317-5,침산동,1,35.8904939,128.5921546
2019,대구광역시 북구 침산동 317-6,침산동 317-6,침산동,1,35.8907777,128.5920903
2019,대구광역시 북구 침산동 317-7,침산동 317-7,침산동,1,35.8903054,128.5921564
2019,대구광역시 북구 침산동 317-8,침산동 317-8,침산동,1,35.8909263,128.5919249
2019,대구광역시 북구 침산동 321,침산동 321,침산동,4,35.8915145,128.5932377
2019,대구광역시 북구 침산동 321-100,침산동 321-100,침산동,1,35.8914086,128.5930586
2019,대구광역시 북구 침산동 321-23,침산동 321-23,침산동,1,35.8913348,128.5931148
2019,대구광역시 북구 침산동 321-67,침산동 321-67,침산동,1,35.8912341,128.5931968
2019,대구광역시 북구 침산동 323-14,침산동 323-14,침산동,1,35.8923333,128.5919753
2019,대구광역시 북구 침산동 323-15,침산동 323-15,침산동,1,35.8922236,128.5918648
2019,대구광역시 북구 침산동 323-19,침산동 323-19,침산동,1,35.8920916,128.5918557
2019,대구광역시 북구 침산동 323-24,침산동 323-24,침산동,1,35.8919751,128.591874
2019,대구광역시 북구 침산동 325-8,침산동 325-8,침산동,3,35.891231,128.5916895
2019,대구광역시 북구 침산동 328-8,침산동 328-8,침산동,1,35.8909985,128.5906974
2019,대구광역시 북구 침산동 332-10,침산동 332-10,침산동,6,35.8914829,128.5909356
2019,대구광역시 북구 침산동 332-11,침산동 332-11,침산동,3,35.8914912,128.5913494
2019,대구광역시 북구 침산동 332-16,침산동 332-16,침산동,4,35.891388,128.5915635
2019,대구광역시 북구 침산동 332-31,침산동 332-31,침산동,1,35.8913474,128.5915762
2019,대구광역시 북구 침산동 332-34,침산동 332-34,침산동,10,35.8913461,128.5914385
2019,대구광역시 북구 침산동 332-35,침산동 332-35,침산동,2,35.8916867,128.5909585
2019,대구광역시 북구 침산동 332-39,침산동 332-39,침산동,2,35.8913192,128.5916589
2019,대구광역시 북구 침산동 332-44,침산동 332-44,침산동,1,35.8913239,128.5915791
2019,대구광역시 북구 침산동 332-46,침산동 332-46,침산동,3,35.8912409,128.5914319
2019,대구광역시 북구 침산동 332-9,침산동 332-9,침산동,8,35.8916603,128.5911251
2019,대구광역시 북구 침산동 333-24,침산동 333-24,침산동,4,35.8920544,128.5911238
2019,대구광역시 북구 침산동 333-3,침산동 333-3,침산동,4,35.8922775,128.5910526
2019,대구광역시 북구 침산동 333-52,침산동 333-52,침산동,1,35.8921304,128.5910763
2019,대구광역시 북구 침산동 335,침산동 335,침산동,3,35.8926068,128.5911211
2019,대구광역시 북구 침산동 335-1,침산동 335-1,침산동,2,35.8924441,128.5922815
2019,대구광역시 북구 침산동 335-11,침산동 335-11,침산동,3,35.8923193,128.5920965
2019,대구광역시 북구 침산동 335-40,침산동 335-40,침산동,11,35.8922743,128.5922798
2019,대구광역시 북구 침산동 338-2,침산동 338-2,침산동,4,35.8916099,128.5899602
2019,대구광역시 북구 침산동 338-4,침산동 338-4,침산동,1,35.8914798,128.5905215
2019,대구광역시 북구 침산동 339-11,침산동 339-11,침산동,18,35.8928675,128.5879563
2019,대구광역시 북구 침산동 339-13,침산동 339-13,침산동,1,35.8930863,128.5874895
2019,대구광역시 북구 침산동 339-14,침산동 339-14,침산동,1,35.8926858,128.5878988
2019,대구광역시 북구 침산동 339-2,침산동 339-2,침산동,53,35.8915235,128.5887818
2019,대구광역시 북구 침산동 341-1,침산동 341-1,침산동,3,35.8905339,128.5886701
2019,대구광역시 북구 침산동 341-5,침산동 341-5,침산동,4,35.8910393,128.5899243
2019,대구광역시 북구 침산동 341-6,침산동 341-6,침산동,1,35.8914597,128.5889031
2019,대구광역시 북구 침산동 341-8,침산동 341-8,침산동,1,35.8911791,128.5880347
2019,대구광역시 북구 침산동 354-1,침산동 354-1,침산동,2,35.8895053,128.5888538
2019,대구광역시 북구 침산동 354-2,침산동 354-2,침산동,1,35.8888835,128.5883708
2019,대구광역시 북구 침산동 360-3,침산동 360-3,침산동,1,35.8903423,128.5868828
2019,대구광역시 북구 침산동 363-1,침산동 363-1,침산동,4,35.889692,128.5876323
2019,대구광역시 북구 침산동 363-7,침산동 363-7,침산동,3,35.8893771,128.5869251
2019,대구광역시 북구 침산동 364-3,침산동 364-3,침산동,2,35.8894459,128.5867103
2019,대구광역시 북구 침산동 369-2,침산동 369-2,침산동,1,35.8885867,128.5867517
2019,대구광역시 북구 침산동 372-3,침산동 372-3,침산동,17,35.8871321,128.5878264
2019,대구광역시 북구 침산동 374-2,침산동 374-2,침산동,1,35.8887646,128.5885971
2019,대구광역시 북구 침산동 385-8,침산동 385-8,침산동,1,35.8856931,128.5889012
2019,대구광역시 북구 침산동 4-2,침산동 4-2,침산동,9,35.8869136,128.5976016
2019,대구광역시 북구 침산동 400-1,침산동 400-1,침산동,13,35.8873716,128.5866437
2019,대구광역시 북구 침산동 400-3,침산동 400-3,침산동,20,35.8873449,128.5859177
2019,대구광역시 북구 침산동 400-4,침산동 400-4,침산동,19,35.8864085,128.5847376
2019,대구광역시 북구 침산동 400-7,침산동 400-7,침산동,4,35.8863653,128.5859783
2019,대구광역시 북구 침산동 402,침산동 402,침산동,10,35.8880388,128.5851704
2019,대구광역시 북구 침산동 402-1,침산동 402-1,침산동,1,35.8876648,128.5835936
2019,대구광역시 북구 침산동 415-10,침산동 415-10,침산동,3,35.8881317,128.5858479
2019,대구광역시 북구 침산동 415-11,침산동 415-11,침산동,4,35.8880962,128.586014
2019,대구광역시 북구 침산동 415-12,침산동 415-12,침산동,1,35.8880004,128.5858839
2019,대구광역시 북구 침산동 415-14,침산동 415-14,침산동,5,35.887937,128.5857894
2019,대구광역시 북구 침산동 416-4,침산동 416-4,침산동,1,35.8887126,128.5837317
2019,대구광역시 북구 침산동 430-14,침산동 430-14,침산동,1,35.8887657,128.5860591
2019,대구광역시 북구 침산동 430-15,침산동 430-15,침산동,1,35.8889763,128.5860504
2019,대구광역시 북구 침산동 430-3,침산동 430-3,침산동,3,35.8884426,128.5860195
2019,대구광역시 북구 침산동 431-1,침산동 431-1,침산동,4,35.8893536,128.5859105
2019,대구광역시 북구 침산동 431-2,침산동 431-2,침산동,23,35.8900371,128.5860324
2019,대구광역시 북구 침산동 433-3,침산동 433-3,침산동,3,35.889731,128.5867109
2019,대구광역시 북구 침산동 434-3,침산동 434-3,침산동,6,35.8900111,128.5867855
2019,대구광역시 북구 침산동 447-10,침산동 447-10,침산동,8,35.8850796,128.5840847
2019,대구광역시 북구 침산동 447-15,침산동 447-15,침산동,3,35.8861703,128.5829862
2019,대구광역시 북구 침산동 447-16,침산동 447-16,침산동,10,35.8855135,128.5828192
2019,대구광역시 북구 침산동 448-2,침산동 448-2,침산동,3,35.889724,128.5834206
2019,대구광역시 북구 침산동 449-16,침산동 449-16,침산동,2,35.8859367,128.5822473
2019,대구광역시 북구 침산동 449-18,침산동 449-18,침산동,1,35.8852101,128.5822746
2019,대구광역시 북구 침산동 449-19,침산동 449-19,침산동,1,35.8853573,128.5820351
2019,대구광역시 북구 침산동 449-25,침산동 449-25,침산동,3,35.8848528,128.5834699
2019,대구광역시 북구 침산동 449-29,침산동 449-29,침산동,2,35.8856872,128.5853852
2019,대구광역시 북구 침산동 449-44,침산동 449-44,침산동,1,35.8849556,128.5845871
2019,대구광역시 북구 침산동 449-5,침산동 449-5,침산동,13,35.8880713,128.5828062
2019,대구광역시 북구 침산동 452-49,침산동 452-49,침산동,1,35.8905519,128.5838313
2019,대구광역시 북구 침산동 452-52,침산동 452-52,침산동,1,35.8904164,128.5840002
2019,대구광역시 북구 침산동 456-7,침산동 456-7,침산동,3,35.8899593,128.5847612
2019,대구광역시 북구 침산동 456-8,침산동 456-8,침산동,2,35.8902001,128.58452
2019,대구광역시 북구 침산동 457-32,침산동 457-32,침산동,1,35.890275,128.5838881
2019,대구광역시 북구 침산동 465,침산동 465,침산동,52,35.8912662,128.585728
2019,대구광역시 북구 침산동 473-1,침산동 473-1,침산동,2,35.8907956,128.5875356
2019,대구광역시 북구 침산동 476-25,침산동 476-25,침산동,1,35.8914191,128.5874442
2019,대구광역시 북구 침산동 476-43,침산동 476-43,침산동,1,35.891456,128.5870704
2019,대구광역시 북구 침산동 476-46,침산동 476-46,침산동,1,35.8913182,128.5868419
2019,대구광역시 북구 침산동 476-65,침산동 476-65,침산동,1,35.8913075,128.5877803
2019,대구광역시 북구 침산동 479-25,침산동 479-25,침산동,1,35.8917627,128.5870144
2019,대구광역시 북구 침산동 479-3,침산동 479-3,침산동,1,35.8918411,128.587818
2019,대구광역시 북구 침산동 479-32,침산동 479-32,침산동,1,35.8918851,128.5868204
2019,대구광역시 북구 침산동 480-29,침산동 480-29,침산동,1,35.8920421,128.5868359
2019,대구광역시 북구 침산동 486-2,침산동 486-2,침산동,12,35.8919182,128.5866281
2019,대구광역시 북구 침산동 486-3,침산동 486-3,침산동,6,35.892052,128.586488
2019,대구광역시 북구 침산동 489-22,침산동 489-22,침산동,1,35.8921291,128.5861535
2019,대구광역시 북구 침산동 489-7,침산동 489-7,침산동,3,35.8922274,128.586277
2019,대구광역시 북구 침산동 495-19,침산동 495-19,침산동,1,35.8924946,128.5864136
2019,대구광역시 북구 침산동 496-7,침산동 496-7,침산동,1,35.8936429,128.5866648
2019,대구광역시 북구 침산동 497-11,침산동 497-11,침산동,2,35.8930991,128.5865804
2019,대구광역시 북구 침산동 497-12,침산동 497-12,침산동,4,35.8929439,128.5864244
2019,대구광역시 북구 침산동 497-13,침산동 497-13,침산동,1,35.8928178,128.5864399
2019,대구광역시 북구 침산동 497-5,침산동 497-5,침산동,1,35.8926803,128.5864306
2019,대구광역시 북구 침산동 498-1,침산동 498-1,침산동,3,35.8928941,128.5867947
2019,대구광역시 북구 침산동 498-7,침산동 498-7,침산동,2,35.8929132,128.5869178
2019,대구광역시 북구 침산동 499-2,침산동 499-2,침산동,12,35.8936856,128.5870462
2019,대구광역시 북구 침산동 5-2,침산동 5-2,침산동,4,35.8862301,128.5977772
2019,대구광역시 북구 침산동 5-7,침산동 5-7,침산동,1,35.8873107,128.5972
2019,대구광역시 북구 침산동 503-4,침산동 503-4,침산동,1,35.8943177,128.5876736
2019,대구광역시 북구 침산동 504-9,침산동 504-9,침산동,2,35.8942612,128.5871128
2019,대구광역시 북구 침산동 506-10,침산동 506-10,침산동,3,35.8938904,128.5876119
2019,대구광역시 북구 침산동 507-11,침산동 507-11,침산동,2,35.8935945,128.5876869
2019,대구광역시 북구 침산동 507-26,침산동 507-26,침산동,1,35.8932775,128.587602
2019,대구광역시 북구 침산동 507-8,침산동 507-8,침산동,1,35.8936743,128.5878284
2019,대구광역시 북구 침산동 507-9,침산동 507-9,침산동,1,35.8935975,128.5878319
2019,대구광역시 북구 침산동 508-32,침산동 508-32,침산동,1,35.8925665,128.5875359
2019,대구광역시 북구 침산동 508-47,침산동 508-47,침산동,1,35.8926177,128.5868837
2019,대구광역시 북구 침산동 508-6,침산동 508-6,침산동,1,35.8929394,128.5878333
2019,대구광역시 북구 침산동 509-11,침산동 509-11,침산동,5,35.8921671,128.5865084
2019,대구광역시 북구 침산동 509-13,침산동 509-13,침산동,1,35.8920724,128.5863809
2019,대구광역시 북구 침산동 509-16,침산동 509-16,침산동,10,35.8921834,128.5864014
2019,대구광역시 북구 침산동 509-5,침산동 509-5,침산동,5,35.8922905,128.5863917
2019,대구광역시 북구 침산동 509-7,침산동 509-7,침산동,1,35.8919742,128.5861919
2019,대구광역시 북구 침산동 51-2,침산동 51-2,침산동,2,35.8852349,128.6005614
2019,대구광역시 북구 침산동 513-4,침산동 513-4,침산동,2,35.8926135,128.5877091
2019,대구광역시 북구 침산동 513-8,침산동 513-8,침산동,2,35.8928623,128.5878357
2019,대구광역시 북구 침산동 513-9,침산동 513-9,침산동,4,35.8927864,128.5878338
2019,대구광역시 북구 침산동 514-13,침산동 514-13,침산동,2,35.8921556,128.5878167
2019,대구광역시 북구 침산동 514-17,침산동 514-17,침산동,1,35.8920043,128.5877787
2019,대구광역시 북구 침산동 514-19,침산동 514-19,침산동,1,35.8921828,128.5877251
2019,대구광역시 북구 침산동 514-5,침산동 514-5,침산동,4,35.8922538,128.5878706
2019,대구광역시 북구 침산동 514-7,침산동 514-7,침산동,2,35.892554,128.5878584
2019,대구광역시 북구 침산동 514-8,침산동 514-8,침산동,1,35.8924212,128.5878247
2019,대구광역시 북구 침산동 521-1,침산동 521-1,침산동,2,35.8916113,128.5882369
2019,대구광역시 북구 침산동 521-14,침산동 521-14,침산동,1,35.8917265,128.5885572
2019,대구광역시 북구 침산동 521-2,침산동 521-2,침산동,2,35.8918337,128.5888935
2019,대구광역시 북구 침산동 531-26,침산동 531-26,침산동,1,35.8928785,128.590238
2019,대구광역시 북구 침산동 531-3,침산동 531-3,침산동,1,35.8938219,128.5900555
2019,대구광역시 북구 침산동 531-5,침산동 531-5,침산동,1,35.893598,128.5900687
2019,대구광역시 북구 침산동 538-14,침산동 538-14,침산동,1,35.8930349,128.5907168
2019,대구광역시 북구 침산동 542-3,침산동 542-3,침산동,2,35.8944081,128.5897612
2019,대구광역시 북구 침산동 543-4,침산동 543-4,침산동,21,35.8934461,128.5897833
2019,대구광역시 북구 침산동 550-3,침산동 550-3,침산동,2,35.8945439,128.5887153
2019,대구광역시 북구 침산동 551-8,침산동 551-8,침산동,1,35.8949392,128.5880301
2019,대구광역시 북구 침산동 553-2,침산동 553-2,침산동,2,35.8949447,128.5893059
2019,대구광역시 북구 침산동 557-63,침산동 557-63,침산동,1,35.8937246,128.5912423
2019,대구광역시 북구 침산동 559-7,침산동 559-7,침산동,1,35.89496,128.5897792
2019,대구광역시 북구 침산동 560-3,침산동 560-3,침산동,2,35.8950281,128.5895106
2019,대구광역시 북구 침산동 561,침산동 561,침산동,15,35.8955682,128.5890406
2019,대구광역시 북구 침산동 562-1,침산동 562-1,침산동,1,35.896075,128.588948
2019,대구광역시 북구 침산동 563,침산동 563,침산동,1,35.8963422,128.5892176
2019,대구광역시 북구 침산동 564,침산동 564,침산동,1,35.8964561,128.5892112
2019,대구광역시 북구 침산동 566-11,침산동 566-11,침산동,2,35.8960195,128.5884798
2019,대구광역시 북구 침산동 566-13,침산동 566-13,침산동,1,35.8961879,128.5884851
2019,대구광역시 북구 침산동 566-15,침산동 566-15,침산동,2,35.8959611,128.5884296
2019,대구광역시 북구 침산동 568-1,침산동 568-1,침산동,1,35.8960007,128.5882426
2019,대구광역시 북구 침산동 568-3,침산동 568-3,침산동,1,35.8958897,128.5882172
2019,대구광역시 북구 침산동 57-1,침산동 57-1,침산동,1,35.8851807,128.6002904
2019,대구광역시 북구 침산동 575-19,침산동 575-19,침산동,1,35.8964121,128.5886579
2019,대구광역시 북구 침산동 575-6,침산동 575-6,침산동,1,35.8972288,128.5888012
2019,대구광역시 북구 침산동 58-1,침산동 58-1,침산동,1,35.885442,128.6002738
2019,대구광역시 북구 침산동 59,침산동 59,침산동,4,35.8853454,128.6001296
2019,대구광역시 북구 침산동 609-2,침산동 609-2,침산동,1,35.8987668,128.5887931
2019,대구광역시 북구 침산동 612-2,침산동 612-2,침산동,1,35.8976969,128.5907196
2019,대구광역시 북구 침산동 623-1,침산동 623-1,침산동,2,35.8984961,128.59091
2019,대구광역시 북구 침산동 623-6,침산동 623-6,침산동,2,35.8981671,128.5908706
2019,대구광역시 북구 침산동 635-1,침산동 635-1,침산동,1,35.8991919,128.5920927
2019,대구광역시 북구 침산동 637-1,침산동 637-1,침산동,71,35.8988763,128.5908617
2019,대구광역시 북구 침산동 641-4,침산동 641-4,침산동,1,35.8987045,128.5892421
2019,대구광역시 북구 침산동 646-6,침산동 646-6,침산동,2,35.8999943,128.5886505
2019,대구광역시 북구 침산동 647,침산동 647,침산동,2,35.9005049,128.5884074
2019,대구광역시 북구 침산동 649-2,침산동 649-2,침산동,1,35.9003971,128.5886408
2019,대구광역시 북구 침산동 653,침산동 653,침산동,1,35.8993744,128.5908849
2019,대구광역시 북구 침산동 663-8,침산동 663-8,침산동,1,35.8997755,128.5927003
2019,대구광역시 북구 침산동 666-3,침산동 666-3,침산동,5,35.903163,128.5928089
2019,대구광역시 북구 침산동 667-1,침산동 667-1,침산동,3,35.8999057,128.5912521
2019,대구광역시 북구 침산동 685-3,침산동 685-3,침산동,1,35.9010374,128.5910486
2019,대구광역시 북구 침산동 693,침산동 693,침산동,1,35.9010476,128.5900352
2019,대구광역시 북구 침산동 695,침산동 695,침산동,2,35.9011232,128.5896912
2019,대구광역시 북구 침산동 7-3,침산동 7-3,침산동,1,35.8852937,128.5980373
2019,대구광역시 북구 침산동 7-9,침산동 7-9,침산동,2,35.8854616,128.5975473
2019,대구광역시 북구 침산동 702-2,침산동 702-2,침산동,2,35.903381,128.5874993
2019,대구광역시 북구 침산동 743-1,침산동 743-1,침산동,1,35.903729,128.5852774
2019,대구광역시 북구 침산동 766,침산동 766,침산동,2,35.9026786,128.5883716
2019,대구광역시 북구 침산동 805-17,침산동 805-17,침산동,1,35.9007746,128.5875477
2019,대구광역시 북구 침산동 833,침산동 833,침산동,1,35.9013489,128.5856436
2019,대구광역시 북구 침산동 843,침산동 843,침산동,1,35.9011078,128.5844013
2019,대구광역시 북구 침산동 882,침산동 882,침산동,1,35.9030253,128.5848847
2019,대구광역시 북구 침산동 892-4,침산동 892-4,침산동,2,35.9001937,128.5803175
2019,대구광역시 북구 침산동 940-2,침산동 940-2,침산동,1,35.9034737,128.5820372
2019,대구광역시 북구 침산동 978-2,침산동 978-2,침산동,1,35.903604,128.5802863
2019,대구광역시 북구 침산동 산 10,침산동 산 10,침산동,1,35.8994649,128.5883222
2019,대구광역시 북구 침산동 산 10-1,침산동 산 10-1,침산동,1,35.8992127,128.5886312
2019,대구광역시 북구 침산동 산 15-2,침산동 산 15-2,침산동,2,35.8946386,128.5861038
2019,대구광역시 북구 침산동 산 15-3,침산동 산 15-3,침산동,2,35.8950521,128.5871153
2019,대구광역시 북구 태전동 1000,태전동 1000,태전동,17,35.9299378,128.5524731
2019,대구광역시 북구 태전동 1001,태전동 1001,태전동,2,35.9294237,128.5522368
2019,대구광역시 북구 태전동 1002,태전동 1002,태전동,31,35.9301624,128.5513702
2019,대구광역시 북구 태전동 1003-3,태전동 1003-3,태전동,1,35.9301939,128.5483276
2019,대구광역시 북구 태전동 1008-2,태전동 1008-2,태전동,1,35.9303138,128.549988
2019,대구광역시 북구 태전동 1009,태전동 1009,태전동,1,35.9300693,128.5497873
2019,대구광역시 북구 태전동 1012-6,태전동 1012-6,태전동,1,35.9294124,128.5491313
2019,대구광역시 북구 태전동 1017,태전동 1017,태전동,1,35.9294895,128.5504002
2019,대구광역시 북구 태전동 1021-9,태전동 1021-9,태전동,1,35.9288443,128.5490021
2019,대구광역시 북구 태전동 1023-13,태전동 1023-13,태전동,1,35.928718,128.550242
2019,대구광역시 북구 태전동 1024,태전동 1024,태전동,8,35.9294322,128.5508536
2019,대구광역시 북구 태전동 1025,태전동 1025,태전동,1,35.9301661,128.551106
2019,대구광역시 북구 태전동 1025-8,태전동 1025-8,태전동,1,35.9296832,128.5520424
2019,대구광역시 북구 태전동 1027-1,태전동 1027-1,태전동,1,35.9292683,128.5510555
2019,대구광역시 북구 태전동 1029-4,태전동 1029-4,태전동,1,35.9287882,128.551458
2019,대구광역시 북구 태전동 1029-5,태전동 1029-5,태전동,1,35.9286847,128.5514293
2019,대구광역시 북구 태전동 1029-6,태전동 1029-6,태전동,1,35.9285794,128.5513983
2019,대구광역시 북구 태전동 1030,태전동 1030,태전동,22,35.9285981,128.5497433
2019,대구광역시 북구 태전동 1033-1,태전동 1033-1,태전동,1,35.9285326,128.5485742
2019,대구광역시 북구 태전동 1033-6,태전동 1033-6,태전동,1,35.928465,128.5492056
2019,대구광역시 북구 태전동 1035-5,태전동 1035-5,태전동,1,35.9282831,128.5501341
2019,대구광역시 북구 태전동 1035-6,태전동 1035-6,태전동,2,35.9283787,128.5503513
2019,대구광역시 북구 태전동 1036,태전동 1036,태전동,1,35.9276589,128.550195
2019,대구광역시 북구 태전동 1039,태전동 1039,태전동,1,35.9276983,128.5482508
2019,대구광역시 북구 태전동 1049,태전동 1049,태전동,1,35.9270105,128.5478177
2019,대구광역시 북구 태전동 1049-11,태전동 1049-11,태전동,1,35.9256823,128.54814
2019,대구광역시 북구 태전동 1049-17,태전동 1049-17,태전동,1,35.9260644,128.5478674
2019,대구광역시 북구 태전동 1049-2,태전동 1049-2,태전동,2,35.9268419,128.5478986
2019,대구광역시 북구 태전동 1049-26,태전동 1049-26,태전동,1,35.9267159,128.5477708
2019,대구광역시 북구 태전동 1049-27,태전동 1049-27,태전동,1,35.9265917,128.5477511
2019,대구광역시 북구 태전동 1049-8,태전동 1049-8,태전동,1,35.9257223,128.5477925
2019,대구광역시 북구 태전동 1050,태전동 1050,태전동,2,35.926458,128.5480649
2019,대구광역시 북구 태전동 1051-8,태전동 1051-8,태전동,2,35.926135,128.5481503
2019,대구광역시 북구 태전동 1051-9,태전동 1051-9,태전동,1,35.9260244,128.5481376
2019,대구광역시 북구 태전동 1052,태전동 1052,태전동,2,35.9262853,128.5485066
2019,대구광역시 북구 태전동 1055,태전동 1055,태전동,2,35.9264258,128.5486605
2019,대구광역시 북구 태전동 1059-10,태전동 1059-10,태전동,1,35.925635,128.5486649
2019,대구광역시 북구 태전동 1059-9,태전동 1059-9,태전동,1,35.9256506,128.5485311
2019,대구광역시 북구 태전동 1060,태전동 1060,태전동,2,35.9258568,128.5494457
2019,대구광역시 북구 태전동 1061,태전동 1061,태전동,1,35.9257949,128.5495078
2019,대구광역시 북구 태전동 1062,태전동 1062,태전동,25,35.9254966,128.5484072
2019,대구광역시 북구 태전동 1063,태전동 1063,태전동,3,35.9308968,128.5477681
2019,대구광역시 북구 태전동 1063-22,태전동 1063-22,태전동,2,35.9309704,128.5475959
2019,대구광역시 북구 태전동 1065-1,태전동 1065-1,태전동,1,35.9311522,128.542736
2019,대구광역시 북구 태전동 1066,태전동 1066,태전동,5,35.9322392,128.5413866
2019,대구광역시 북구 태전동 1066-23,태전동 1066-23,태전동,15,35.9313809,128.539987
2019,대구광역시 북구 태전동 1067-2,태전동 1067-2,태전동,3,35.9334634,128.5402887
2019,대구광역시 북구 태전동 1067-3,태전동 1067-3,태전동,5,35.9329573,128.5399724
2019,대구광역시 북구 태전동 1068,태전동 1068,태전동,1,35.9291283,128.54744
2019,대구광역시 북구 태전동 1070-3,태전동 1070-3,태전동,1,35.9274133,128.5506978
2019,대구광역시 북구 태전동 1072-34,태전동 1072-34,태전동,2,35.9270547,128.5500344
2019,대구광역시 북구 태전동 1072-5,태전동 1072-5,태전동,2,35.9262904,128.5498155
2019,대구광역시 북구 태전동 1073-1,태전동 1073-1,태전동,3,35.9281981,128.5511843
2019,대구광역시 북구 태전동 1073-32,태전동 1073-32,태전동,6,35.9279532,128.5512394
2019,대구광역시 북구 태전동 1073-37,태전동 1073-37,태전동,1,35.927974,128.5510044
2019,대구광역시 북구 태전동 1074-16,태전동 1074-16,태전동,2,35.9254118,128.5472603
2019,대구광역시 북구 태전동 1074-2,태전동 1074-2,태전동,1,35.9253273,128.5475692
2019,대구광역시 북구 태전동 1074-26,태전동 1074-26,태전동,1,35.9252698,128.5488521
2019,대구광역시 북구 태전동 1074-3,태전동 1074-3,태전동,2,35.9253714,128.5474743
2019,대구광역시 북구 태전동 1074-41,태전동 1074-41,태전동,1,35.9253381,128.5481404
2019,대구광역시 북구 태전동 1074-5,태전동 1074-5,태전동,1,35.9253219,128.54837
2019,대구광역시 북구 태전동 1074-6,태전동 1074-6,태전동,1,35.9253027,128.5485242
2019,대구광역시 북구 태전동 1075,태전동 1075,태전동,10,35.9250652,128.5496363
2019,대구광역시 북구 태전동 1075-10,태전동 1075-10,태전동,5,35.9224966,128.5498638
2019,대구광역시 북구 태전동 1075-15,태전동 1075-15,태전동,2,35.9221581,128.5493517
2019,대구광역시 북구 태전동 1075-40,태전동 1075-40,태전동,1,35.9227379,128.5491365
2019,대구광역시 북구 태전동 1075-69,태전동 1075-69,태전동,1,35.9243897,128.5488923
2019,대구광역시 북구 태전동 1076-1,태전동 1076-1,태전동,4,35.9241325,128.5509376
2019,대구광역시 북구 태전동 1076-24,태전동 1076-24,태전동,1,35.924046,128.5499623
2019,대구광역시 북구 태전동 1076-8,태전동 1076-8,태전동,1,35.9230977,128.5503608
2019,대구광역시 북구 태전동 1078,태전동 1078,태전동,1,35.9319541,128.5538788
2019,대구광역시 북구 태전동 1083,태전동 1083,태전동,1,35.9281711,128.5516779
2019,대구광역시 북구 태전동 1100,태전동 1100,태전동,1,35.9112361,128.5439807
2019,대구광역시 북구 태전동 1102,태전동 1102,태전동,1,35.9132965,128.5448385
2019,대구광역시 북구 태전동 1103,태전동 1103,태전동,4,35.9118481,128.545208
2019,대구광역시 북구 태전동 1105,태전동 1105,태전동,1,35.9099752,128.5460319
2019,대구광역시 북구 태전동 1106,태전동 1106,태전동,37,35.9114507,128.5465871
2019,대구광역시 북구 태전동 1106-1,태전동 1106-1,태전동,287,35.912544,128.547829
2019,대구광역시 북구 태전동 1106-2,태전동 1106-2,태전동,1,35.9095126,128.5473739
2019,대구광역시 북구 태전동 1107,태전동 1107,태전동,19,35.9132295,128.546893
2019,대구광역시 북구 태전동 1108,태전동 1108,태전동,4,35.9132354,128.5471797
2019,대구광역시 북구 태전동 1112,태전동 1112,태전동,2,35.9132244,128.5480695
2019,대구광역시 북구 태전동 1113,태전동 1113,태전동,3,35.9129799,128.5480711
2019,대구광역시 북구 태전동 1114,태전동 1114,태전동,1,35.9127814,128.5480693
2019,대구광역시 북구 태전동 1115,태전동 1115,태전동,4,35.9125833,128.5480675
2019,대구광역시 북구 태전동 1119,태전동 1119,태전동,2,35.9128549,128.5475964
2019,대구광역시 북구 태전동 1121,태전동 1121,태전동,3,35.9123314,128.5474463
2019,대구광역시 북구 태전동 1123,태전동 1123,태전동,11,35.9128508,128.5473016
2019,대구광역시 북구 태전동 1124,태전동 1124,태전동,4,35.912834,128.5468749
2019,대구광역시 북구 태전동 1125,태전동 1125,태전동,1,35.9125807,128.5468744
2019,대구광역시 북구 태전동 1126,태전동 1126,태전동,3,35.9123145,128.546876
2019,대구광역시 북구 태전동 1127,태전동 1127,태전동,1,35.9115281,128.5474486
2019,대구광역시 북구 태전동 1128,태전동 1128,태전동,4,35.9105616,128.5474772
2019,대구광역시 북구 태전동 1143,태전동 1143,태전동,1,35.910014,128.5468095
2019,대구광역시 북구 태전동 1181,태전동 1181,태전동,2,35.9163973,128.5438607
2019,대구광역시 북구 태전동 1183,태전동 1183,태전동,3,35.9170946,128.5447123
2019,대구광역시 북구 태전동 1186,태전동 1186,태전동,7,35.9226376,128.5518106
2019,대구광역시 북구 태전동 1187,태전동 1187,태전동,1,35.9220104,128.550995
2019,대구광역시 북구 태전동 1188,태전동 1188,태전동,2,35.9219486,128.5513339
2019,대구광역시 북구 태전동 1189,태전동 1189,태전동,30,35.9216799,128.5511346
2019,대구광역시 북구 태전동 1190,태전동 1190,태전동,1,35.9222061,128.5509674
2019,대구광역시 북구 태전동 1191,태전동 1191,태전동,13,35.9216151,128.5504174
2019,대구광역시 북구 태전동 1192,태전동 1192,태전동,1,35.9219039,128.5500654
2019,대구광역시 북구 태전동 1193,태전동 1193,태전동,2,35.9219035,128.550323
2019,대구광역시 북구 태전동 1194,태전동 1194,태전동,4,35.9215642,128.5509229
2019,대구광역시 북구 태전동 1195,태전동 1195,태전동,34,35.9213005,128.5509448
2019,대구광역시 북구 태전동 1198,태전동 1198,태전동,1,35.9209864,128.5509171
2019,대구광역시 북구 태전동 1200,태전동 1200,태전동,4,35.921203,128.5505115
2019,대구광역시 북구 태전동 1201,태전동 1201,태전동,9,35.9213144,128.5505822
2019,대구광역시 북구 태전동 1202,태전동 1202,태전동,15,35.9214225,128.5506643
2019,대구광역시 북구 태전동 1203,태전동 1203,태전동,5,35.9215232,128.5507409
2019,대구광역시 북구 태전동 1206,태전동 1206,태전동,1,35.9218175,128.5505616
2019,대구광역시 북구 태전동 1207,태전동 1207,태전동,53,35.9212771,128.5503875
2019,대구광역시 북구 태전동 1208,태전동 1208,태전동,6,35.921862,128.5499656
2019,대구광역시 북구 태전동 1209,태전동 1209,태전동,5,35.9214314,128.5502496
2019,대구광역시 북구 태전동 1210,태전동 1210,태전동,6,35.9210827,128.5511051
2019,대구광역시 북구 태전동 1211,태전동 1211,태전동,11,35.9215781,128.5511089
2019,대구광역시 북구 태전동 1212,태전동 1212,태전동,1,35.9148037,128.5450982
2019,대구광역시 북구 태전동 122,태전동 122,태전동,1,35.922433,128.5396675
2019,대구광역시 북구 태전동 143-3,태전동 143-3,태전동,15,35.9223275,128.5418334
2019,대구광역시 북구 태전동 144,태전동 144,태전동,2,35.9215653,128.5415343
2019,대구광역시 북구 태전동 145-1,태전동 145-1,태전동,1,35.921486,128.541639
2019,대구광역시 북구 태전동 148-15,태전동 148-15,태전동,87,35.9237375,128.5444019
2019,대구광역시 북구 태전동 155-1,태전동 155-1,태전동,4,35.9218199,128.5448573
2019,대구광역시 북구 태전동 155-10,태전동 155-10,태전동,1,35.9227735,128.5440337
2019,대구광역시 북구 태전동 155-2,태전동 155-2,태전동,2,35.9221741,128.5446508
2019,대구광역시 북구 태전동 155-34,태전동 155-34,태전동,2,35.923102,128.5444155
2019,대구광역시 북구 태전동 159,태전동 159,태전동,3,35.9210605,128.5452947
2019,대구광역시 북구 태전동 165-2,태전동 165-2,태전동,1,35.9210174,128.543833
2019,대구광역시 북구 태전동 165-6,태전동 165-6,태전동,2,35.9215426,128.543818
2019,대구광역시 북구 태전동 165-9,태전동 165-9,태전동,1,35.921583,128.5442236
2019,대구광역시 북구 태전동 166,태전동 166,태전동,4,35.9222709,128.5436486
2019,대구광역시 북구 태전동 169-2,태전동 169-2,태전동,7,35.916771,128.5430117
2019,대구광역시 북구 태전동 189-4,태전동 189-4,태전동,3,35.9209642,128.5418466
2019,대구광역시 북구 태전동 192,태전동 192,태전동,3,35.9205698,128.5425636
2019,대구광역시 북구 태전동 193,태전동 193,태전동,3,35.920868,128.5424183
2019,대구광역시 북구 태전동 193-6,태전동 193-6,태전동,1,35.9208496,128.5426626
2019,대구광역시 북구 태전동 193-9,태전동 193-9,태전동,1,35.9206633,128.5423712
2019,대구광역시 북구 태전동 198,태전동 198,태전동,28,35.9217756,128.5425605
2019,대구광역시 북구 태전동 200-4,태전동 200-4,태전동,1,35.920785,128.5418283
2019,대구광역시 북구 태전동 204-12,태전동 204-12,태전동,1,35.9198407,128.5430899
2019,대구광역시 북구 태전동 204-5,태전동 204-5,태전동,1,35.9200991,128.5420578
2019,대구광역시 북구 태전동 205-1,태전동 205-1,태전동,1,35.9198667,128.5440021
2019,대구광역시 북구 태전동 205-14,태전동 205-14,태전동,4,35.9189322,128.5428982
2019,대구광역시 북구 태전동 205-44,태전동 205-44,태전동,1,35.9198588,128.5435333
2019,대구광역시 북구 태전동 205-53,태전동 205-53,태전동,1,35.9181742,128.5426974
2019,대구광역시 북구 태전동 206-1,태전동 206-1,태전동,1,35.9203762,128.5461589
2019,대구광역시 북구 태전동 207-6,태전동 207-6,태전동,1,35.9222235,128.5418313
2019,대구광역시 북구 태전동 215-2,태전동 215-2,태전동,1,35.9238964,128.5415862
2019,대구광역시 북구 태전동 217-17,태전동 217-17,태전동,1,35.9227079,128.5417926
2019,대구광역시 북구 태전동 217-5,태전동 217-5,태전동,1,35.9227087,128.5418732
2019,대구광역시 북구 태전동 218-2,태전동 218-2,태전동,1,35.9225388,128.5418947
2019,대구광역시 북구 태전동 220-1,태전동 220-1,태전동,1,35.9255856,128.5456196
2019,대구광역시 북구 태전동 220-2,태전동 220-2,태전동,1,35.9255622,128.5458194
2019,대구광역시 북구 태전동 227-6,태전동 227-6,태전동,2,35.92401,128.5460509
2019,대구광역시 북구 태전동 230-5,태전동 230-5,태전동,1,35.9239192,128.5456171
2019,대구광역시 북구 태전동 232-4,태전동 232-4,태전동,7,35.923506,128.5447197
2019,대구광역시 북구 태전동 241-3,태전동 241-3,태전동,1,35.9232505,128.5462358
2019,대구광역시 북구 태전동 252-1,태전동 252-1,태전동,2,35.9240562,128.544589
2019,대구광역시 북구 태전동 252-10,태전동 252-10,태전동,1,35.923584,128.5448994
2019,대구광역시 북구 태전동 252-16,태전동 252-16,태전동,1,35.9241631,128.544561
2019,대구광역시 북구 태전동 253-1,태전동 253-1,태전동,1,35.9255045,128.5451746
2019,대구광역시 북구 태전동 253-12,태전동 253-12,태전동,1,35.9244366,128.5445725
2019,대구광역시 북구 태전동 253-14,태전동 253-14,태전동,1,35.9248366,128.544214
2019,대구광역시 북구 태전동 253-20,태전동 253-20,태전동,1,35.9245326,128.544319
2019,대구광역시 북구 태전동 253-26,태전동 253-26,태전동,4,35.9247353,128.5440673
2019,대구광역시 북구 태전동 253-3,태전동 253-3,태전동,1,35.9254836,128.5445115
2019,대구광역시 북구 태전동 253-42,태전동 253-42,태전동,2,35.924736,128.5452027
2019,대구광역시 북구 태전동 253-5,태전동 253-5,태전동,3,35.9255975,128.5440015
2019,대구광역시 북구 태전동 253-9,태전동 253-9,태전동,1,35.9251865,128.5450053
2019,대구광역시 북구 태전동 254-29,태전동 254-29,태전동,3,35.9252373,128.5427289
2019,대구광역시 북구 태전동 254-3,태전동 254-3,태전동,6,35.9247207,128.5430575
2019,대구광역시 북구 태전동 254-32,태전동 254-32,태전동,1,35.92525,128.543243
2019,대구광역시 북구 태전동 255-34,태전동 255-34,태전동,1,35.9234236,128.5421829
2019,대구광역시 북구 태전동 255-35,태전동 255-35,태전동,1,35.9239762,128.5425647
2019,대구광역시 북구 태전동 255-50,태전동 255-50,태전동,1,35.9241799,128.5422459
2019,대구광역시 북구 태전동 256-12,태전동 256-12,태전동,1,35.9226427,128.5421059
2019,대구광역시 북구 태전동 257-11,태전동 257-11,태전동,1,35.9233638,128.5443473
2019,대구광역시 북구 태전동 257-5,태전동 257-5,태전동,1,35.9232153,128.5440591
2019,대구광역시 북구 태전동 257-6,태전동 257-6,태전동,1,35.9237196,128.5435907
2019,대구광역시 북구 태전동 266-2,태전동 266-2,태전동,1,35.9256884,128.5430006
2019,대구광역시 북구 태전동 302-8,태전동 302-8,태전동,1,35.9270639,128.5412482
2019,대구광역시 북구 태전동 31-1,태전동 31-1,태전동,1,35.9329148,128.5353649
2019,대구광역시 북구 태전동 317-4,태전동 317-4,태전동,1,35.9276107,128.5413849
2019,대구광역시 북구 태전동 327-2,태전동 327-2,태전동,1,35.9282499,128.5415195
2019,대구광역시 북구 태전동 327-3,태전동 327-3,태전동,1,35.9285696,128.5410489
2019,대구광역시 북구 태전동 328-9,태전동 328-9,태전동,2,35.9279002,128.5415809
2019,대구광역시 북구 태전동 333,태전동 333,태전동,1,35.927095,128.5422475
2019,대구광역시 북구 태전동 337-3,태전동 337-3,태전동,4,35.9262544,128.5431237
2019,대구광역시 북구 태전동 337-4,태전동 337-4,태전동,1,35.9269659,128.5427352
2019,대구광역시 북구 태전동 337-6,태전동 337-6,태전동,1,35.9276128,128.5421592
2019,대구광역시 북구 태전동 337-7,태전동 337-7,태전동,1,35.9275173,128.54212
2019,대구광역시 북구 태전동 342-1,태전동 342-1,태전동,2,35.9259063,128.5429729
2019,대구광역시 북구 태전동 368-17,태전동 368-17,태전동,1,35.9283672,128.5445197
2019,대구광역시 북구 태전동 368-2,태전동 368-2,태전동,9,35.9278928,128.5438159
2019,대구광역시 북구 태전동 372,태전동 372,태전동,1,35.9287147,128.5460843
2019,대구광역시 북구 태전동 375-2,태전동 375-2,태전동,1,35.9292234,128.546215
2019,대구광역시 북구 태전동 376-1,태전동 376-1,태전동,2,35.9293408,128.545583
2019,대구광역시 북구 태전동 379,태전동 379,태전동,1,35.9290672,128.5452839
2019,대구광역시 북구 태전동 381,태전동 381,태전동,3,35.929232,128.5448633
2019,대구광역시 북구 태전동 381-3,태전동 381-3,태전동,1,35.9293604,128.5445555
2019,대구광역시 북구 태전동 398-1,태전동 398-1,태전동,1,35.9294046,128.5456351
2019,대구광역시 북구 태전동 401-4,태전동 401-4,태전동,2,35.9253633,128.5471098
2019,대구광역시 북구 태전동 405-15,태전동 405-15,태전동,2,35.9252961,128.5467742
2019,대구광역시 북구 태전동 405-22,태전동 405-22,태전동,1,35.9248722,128.5468513
2019,대구광역시 북구 태전동 406,태전동 406,태전동,2,35.9248929,128.5470435
2019,대구광역시 북구 태전동 407,태전동 407,태전동,3,35.9243469,128.5465655
2019,대구광역시 북구 태전동 409-14,태전동 409-14,태전동,1,35.9227835,128.5465265
2019,대구광역시 북구 태전동 409-18,태전동 409-18,태전동,1,35.9229578,128.5464557
2019,대구광역시 북구 태전동 409-2,태전동 409-2,태전동,6,35.9234007,128.5468025
2019,대구광역시 북구 태전동 409-7,태전동 409-7,태전동,1,35.9233964,128.5462686
2019,대구광역시 북구 태전동 415-1,태전동 415-1,태전동,1,35.9225058,128.5465547
2019,대구광역시 북구 태전동 415-2,태전동 415-2,태전동,1,35.9222911,128.5464978
2019,대구광역시 북구 태전동 417-3,태전동 417-3,태전동,5,35.9238658,128.5471477
2019,대구광역시 북구 태전동 421-1,태전동 421-1,태전동,1,35.9243454,128.5475912
2019,대구광역시 북구 태전동 421-6,태전동 421-6,태전동,1,35.9248631,128.5474649
2019,대구광역시 북구 태전동 421-8,태전동 421-8,태전동,2,35.9245285,128.5475212
2019,대구광역시 북구 태전동 422-13,태전동 422-13,태전동,1,35.9242369,128.5474314
2019,대구광역시 북구 태전동 422-31,태전동 422-31,태전동,1,35.9225251,128.5475226
2019,대구광역시 북구 태전동 422-32,태전동 422-32,태전동,1,35.9224996,128.5476759
2019,대구광역시 북구 태전동 426-2,태전동 426-2,태전동,1,35.9223607,128.5487442
2019,대구광역시 북구 태전동 442,태전동 442,태전동,1,35.9183001,128.5515233
2019,대구광역시 북구 태전동 454,태전동 454,태전동,98,35.9188402,128.5509747
2019,대구광역시 북구 태전동 462-1,태전동 462-1,태전동,1,35.915503,128.5502408
2019,대구광역시 북구 태전동 464-2,태전동 464-2,태전동,1,35.9157063,128.5502165
2019,대구광역시 북구 태전동 470-2,태전동 470-2,태전동,1,35.9178261,128.5485265
2019,대구광역시 북구 태전동 472-3,태전동 472-3,태전동,1,35.9170484,128.5487744
2019,대구광역시 북구 태전동 472-5,태전동 472-5,태전동,1,35.916706,128.5486861
2019,대구광역시 북구 태전동 476-7,태전동 476-7,태전동,1,35.9164246,128.5487828
2019,대구광역시 북구 태전동 478-3,태전동 478-3,태전동,1,35.9157129,128.5495489
2019,대구광역시 북구 태전동 488,태전동 488,태전동,1,35.916208,128.5493942
2019,대구광역시 북구 태전동 489,태전동 489,태전동,1,35.9152179,128.549857
2019,대구광역시 북구 태전동 493-7,태전동 493-7,태전동,1,35.9146122,128.5486407
2019,대구광역시 북구 태전동 494-7,태전동 494-7,태전동,1,35.9144218,128.5483305
2019,대구광역시 북구 태전동 496-15,태전동 496-15,태전동,1,35.9153447,128.5479697
2019,대구광역시 북구 태전동 496-17,태전동 496-17,태전동,1,35.9159754,128.5483045
2019,대구광역시 북구 태전동 496-5,태전동 496-5,태전동,1,35.9163805,128.5483143
2019,대구광역시 북구 태전동 497-1,태전동 497-1,태전동,1,35.9157647,128.5477377
2019,대구광역시 북구 태전동 498-11,태전동 498-11,태전동,1,35.9157608,128.547438
2019,대구광역시 북구 태전동 50-1,태전동 50-1,태전동,4,35.9310313,128.5388915
2019,대구광역시 북구 태전동 505-8,태전동 505-8,태전동,2,35.9167662,128.5465647
2019,대구광역시 북구 태전동 508-29,태전동 508-29,태전동,2,35.9158577,128.5471906
2019,대구광역시 북구 태전동 51-1,태전동 51-1,태전동,1,35.9308851,128.5389601
2019,대구광역시 북구 태전동 51-10,태전동 51-10,태전동,41,35.9322845,128.5396562
2019,대구광역시 북구 태전동 51-6,태전동 51-6,태전동,1,35.9316175,128.5393323
2019,대구광역시 북구 태전동 51-7,태전동 51-7,태전동,13,35.9315659,128.5396014
2019,대구광역시 북구 태전동 51-8,태전동 51-8,태전동,1,35.9310246,128.5393386
2019,대구광역시 북구 태전동 51-9,태전동 51-9,태전동,1,35.931707,128.5389603
2019,대구광역시 북구 태전동 514,태전동 514,태전동,1,35.9156848,128.5474123
2019,대구광역시 북구 태전동 529,태전동 529,태전동,17,35.9175544,128.5463316
2019,대구광역시 북구 태전동 530,태전동 530,태전동,1,35.9183575,128.5467585
2019,대구광역시 북구 태전동 531-3,태전동 531-3,태전동,1,35.9182848,128.5471506
2019,대구광역시 북구 태전동 532-1,태전동 532-1,태전동,1,35.9189151,128.5490774
2019,대구광역시 북구 태전동 532-19,태전동 532-19,태전동,1,35.9182185,128.5488717
2019,대구광역시 북구 태전동 532-4,태전동 532-4,태전동,1,35.9185244,128.5478455
2019,대구광역시 북구 태전동 532-6,태전동 532-6,태전동,2,35.9185972,128.5480439
2019,대구광역시 북구 태전동 538-1,태전동 538-1,태전동,3,35.9181995,128.5482268
2019,대구광역시 북구 태전동 539-1,태전동 539-1,태전동,1,35.9184235,128.5480427
2019,대구광역시 북구 태전동 539-2,태전동 539-2,태전동,1,35.9170537,128.5484589
2019,대구광역시 북구 태전동 540,태전동 540,태전동,1,35.9179692,128.5488233
2019,대구광역시 북구 태전동 540-5,태전동 540-5,태전동,1,35.9174636,128.5492983
2019,대구광역시 북구 태전동 541-6,태전동 541-6,태전동,2,35.919245,128.5498001
2019,대구광역시 북구 태전동 542-2,태전동 542-2,태전동,1,35.917635,128.5490187
2019,대구광역시 북구 태전동 553-2,태전동 553-2,태전동,1,35.9173002,128.5510175
2019,대구광역시 북구 태전동 557-1,태전동 557-1,태전동,1,35.9166298,128.5509878
2019,대구광역시 북구 태전동 584-5,태전동 584-5,태전동,1,35.9181354,128.5504962
2019,대구광역시 북구 태전동 584-6,태전동 584-6,태전동,1,35.9179677,128.5504938
2019,대구광역시 북구 태전동 588-4,태전동 588-4,태전동,1,35.9193447,128.5513129
2019,대구광역시 북구 태전동 591,태전동 591,태전동,1,35.9193515,128.5507272
2019,대구광역시 북구 태전동 595-1,태전동 595-1,태전동,1,35.9203676,128.55094
2019,대구광역시 북구 태전동 595-2,태전동 595-2,태전동,1,35.9202173,128.5508342
2019,대구광역시 북구 태전동 601-4,태전동 601-4,태전동,1,35.9207305,128.5509486
2019,대구광역시 북구 태전동 608-12,태전동 608-12,태전동,1,35.9218472,128.5495849
2019,대구광역시 북구 태전동 608-13,태전동 608-13,태전동,11,35.9202983,128.5482868
2019,대구광역시 북구 태전동 608-14,태전동 608-14,태전동,5,35.9200988,128.5479422
2019,대구광역시 북구 태전동 608-15,태전동 608-15,태전동,2,35.9195915,128.5480851
2019,대구광역시 북구 태전동 608-25,태전동 608-25,태전동,1,35.9193197,128.5481488
2019,대구광역시 북구 태전동 608-26,태전동 608-26,태전동,2,35.9202611,128.5483334
2019,대구광역시 북구 태전동 608-29,태전동 608-29,태전동,2,35.9202651,128.5482195
2019,대구광역시 북구 태전동 608-34,태전동 608-34,태전동,1,35.9209902,128.5488651
2019,대구광역시 북구 태전동 608-41,태전동 608-41,태전동,1,35.9195638,128.5497373
2019,대구광역시 북구 태전동 608-5,태전동 608-5,태전동,23,35.9201779,128.5491599
2019,대구광역시 북구 태전동 609-5,태전동 609-5,태전동,6,35.9210308,128.5504191
2019,대구광역시 북구 태전동 609-6,태전동 609-6,태전동,2,35.9206453,128.5502678
2019,대구광역시 북구 태전동 610-1,태전동 610-1,태전동,2,35.9205165,128.5505207
2019,대구광역시 북구 태전동 611-4,태전동 611-4,태전동,1,35.9190314,128.5503083
2019,대구광역시 북구 태전동 614-1,태전동 614-1,태전동,1,35.9191942,128.5502621
2019,대구광역시 북구 태전동 614-4,태전동 614-4,태전동,3,35.9190681,128.5501855
2019,대구광역시 북구 태전동 616-1,태전동 616-1,태전동,1,35.9191436,128.5500666
2019,대구광역시 북구 태전동 620-5,태전동 620-5,태전동,1,35.9186597,128.5477783
2019,대구광역시 북구 태전동 620-6,태전동 620-6,태전동,2,35.918812,128.5478593
2019,대구광역시 북구 태전동 625-2,태전동 625-2,태전동,1,35.9215799,128.5470408
2019,대구광역시 북구 태전동 628-1,태전동 628-1,태전동,1,35.9213413,128.5483529
2019,대구광역시 북구 태전동 628-2,태전동 628-2,태전동,1,35.9211549,128.5478025
2019,대구광역시 북구 태전동 629-2,태전동 629-2,태전동,1,35.9216627,128.5480848
2019,대구광역시 북구 태전동 631-6,태전동 631-6,태전동,1,35.9217774,128.5475217
2019,대구광역시 북구 태전동 639-2,태전동 639-2,태전동,1,35.9213739,128.5467285
2019,대구광역시 북구 태전동 642-2,태전동 642-2,태전동,1,35.9182981,128.5464748
2019,대구광역시 북구 태전동 646-5,태전동 646-5,태전동,1,35.9173966,128.5458312
2019,대구광역시 북구 태전동 647,태전동 647,태전동,1,35.9173068,128.5451039
2019,대구광역시 북구 태전동 652-1,태전동 652-1,태전동,2,35.9169013,128.546275
2019,대구광역시 북구 태전동 672,태전동 672,태전동,3,35.9163581,128.5450626
2019,대구광역시 북구 태전동 676-27,태전동 676-27,태전동,1,35.9144893,128.5429624
2019,대구광역시 북구 태전동 678,태전동 678,태전동,1,35.9182347,128.5438261
2019,대구광역시 북구 태전동 682-1,태전동 682-1,태전동,1,35.9181864,128.5430038
2019,대구광역시 북구 태전동 682-3,태전동 682-3,태전동,1,35.9182686,128.5428938
2019,대구광역시 북구 태전동 682-4,태전동 682-4,태전동,1,35.9252576,128.5421418
2019,대구광역시 북구 태전동 682-44,태전동 682-44,태전동,19,35.9224304,128.5419603
2019,대구광역시 북구 태전동 683-1,태전동 683-1,태전동,1,35.9156591,128.542162
2019,대구광역시 북구 태전동 684-1,태전동 684-1,태전동,1,35.9175116,128.5418168
2019,대구광역시 북구 태전동 689-5,태전동 689-5,태전동,2,35.9133761,128.5431661
2019,대구광역시 북구 태전동 695,태전동 695,태전동,5,35.9140617,128.545597
2019,대구광역시 북구 태전동 695-1,태전동 695-1,태전동,1,35.914052,128.5465298
2019,대구광역시 북구 태전동 716,태전동 716,태전동,28,35.9142994,128.5432828
2019,대구광역시 북구 태전동 749-22,태전동 749-22,태전동,1,35.9138607,128.546768
2019,대구광역시 북구 태전동 755,태전동 755,태전동,3,35.9137842,128.5472221
2019,대구광역시 북구 태전동 772-3,태전동 772-3,태전동,7,35.9127833,128.5483282
2019,대구광역시 북구 태전동 784,태전동 784,태전동,1,35.9138474,128.548174
2019,대구광역시 북구 태전동 785-2,태전동 785-2,태전동,2,35.9137926,128.5476464
2019,대구광역시 북구 태전동 787-4,태전동 787-4,태전동,1,35.9141906,128.548189
2019,대구광역시 북구 태전동 799-7,태전동 799-7,태전동,1,35.9121691,128.5486652
2019,대구광역시 북구 태전동 803-1,태전동 803-1,태전동,1,35.9144949,128.5490553
2019,대구광역시 북구 태전동 810-5,태전동 810-5,태전동,1,35.9143699,128.5495417
2019,대구광역시 북구 태전동 878-3,태전동 878-3,태전동,1,35.9232083,128.5517351
2019,대구광역시 북구 태전동 879-16,태전동 879-16,태전동,3,35.9196074,128.5499973
2019,대구광역시 북구 태전동 879-21,태전동 879-21,태전동,1,35.9182745,128.5499877
2019,대구광역시 북구 태전동 879-23,태전동 879-23,태전동,1,35.9189835,128.5504262
2019,대구광역시 북구 태전동 879-26,태전동 879-26,태전동,2,35.9172217,128.5516206
2019,대구광역시 북구 태전동 879-43,태전동 879-43,태전동,1,35.9205398,128.550391
2019,대구광역시 북구 태전동 879-44,태전동 879-44,태전동,1,35.9207344,128.5505433
2019,대구광역시 북구 태전동 879-49,태전동 879-49,태전동,1,35.9189663,128.5517419
2019,대구광역시 북구 태전동 881-10,태전동 881-10,태전동,4,35.9138692,128.5427941
2019,대구광역시 북구 태전동 881-105,태전동 881-105,태전동,1,35.9244481,128.5482503
2019,대구광역시 북구 태전동 881-123,태전동 881-123,태전동,3,35.9213991,128.550195
2019,대구광역시 북구 태전동 881-3,태전동 881-3,태전동,1,35.9183255,128.5454731
2019,대구광역시 북구 태전동 881-32,태전동 881-32,태전동,5,35.9250161,128.5474493
2019,대구광역시 북구 태전동 881-53,태전동 881-53,태전동,1,35.9151552,128.5427869
2019,대구광역시 북구 태전동 881-55,태전동 881-55,태전동,1,35.9220973,128.5488338
2019,대구광역시 북구 태전동 881-60,태전동 881-60,태전동,1,35.9100201,128.548375
2019,대구광역시 북구 태전동 881-79,태전동 881-79,태전동,1,35.9172897,128.5417934
2019,대구광역시 북구 태전동 881-98,태전동 881-98,태전동,15,35.9200308,128.5474229
2019,대구광역시 북구 태전동 882-1,태전동 882-1,태전동,3,35.92668,128.5420008
2019,대구광역시 북구 태전동 882-7,태전동 882-7,태전동,6,35.9229777,128.5468722
2019,대구광역시 북구 태전동 887,태전동 887,태전동,11,35.9176869,128.5481544
2019,대구광역시 북구 태전동 889-4,태전동 889-4,태전동,2,35.9178998,128.5503273
2019,대구광역시 북구 태전동 889-6,태전동 889-6,태전동,1,35.9174569,128.5511839
2019,대구광역시 북구 태전동 890-1,태전동 890-1,태전동,2,35.9206285,128.5465258
2019,대구광역시 북구 태전동 891-5,태전동 891-5,태전동,1,35.9225108,128.5391277
2019,대구광역시 북구 태전동 891-8,태전동 891-8,태전동,1,35.9221568,128.5476466
2019,대구광역시 북구 태전동 898-5,태전동 898-5,태전동,9,35.9140565,128.5485017
2019,대구광역시 북구 태전동 907-2,태전동 907-2,태전동,1,35.9291421,128.5455913
2019,대구광역시 북구 태전동 908-5,태전동 908-5,태전동,1,35.9286343,128.544981
2019,대구광역시 북구 태전동 920-1,태전동 920-1,태전동,1,35.914915,128.5436809
2019,대구광역시 북구 태전동 934,태전동 934,태전동,8,35.9331242,128.5469471
2019,대구광역시 북구 태전동 936,태전동 936,태전동,4,35.9332119,128.5415602
2019,대구광역시 북구 태전동 937,태전동 937,태전동,6,35.9315583,128.5444546
2019,대구광역시 북구 태전동 938,태전동 938,태전동,6,35.9324128,128.5460136
2019,대구광역시 북구 태전동 939,태전동 939,태전동,10,35.9319365,128.5477291
2019,대구광역시 북구 태전동 94-3,태전동 94-3,태전동,1,35.9253581,128.5406747
2019,대구광역시 북구 태전동 940,태전동 940,태전동,4,35.9325103,128.5479927
2019,대구광역시 북구 태전동 940-1,태전동 940-1,태전동,5,35.9322072,128.5479949
2019,대구광역시 북구 태전동 940-2,태전동 940-2,태전동,1,35.9320601,128.5478904
2019,대구광역시 북구 태전동 940-5,태전동 940-5,태전동,1,35.9316156,128.5478165
2019,대구광역시 북구 태전동 940-6,태전동 940-6,태전동,1,35.9314911,128.547911
2019,대구광역시 북구 태전동 940-8,태전동 940-8,태전동,1,35.9318532,128.5480255
2019,대구광역시 북구 태전동 940-9,태전동 940-9,태전동,1,35.9320405,128.5480532
2019,대구광역시 북구 태전동 941,태전동 941,태전동,1,35.9314496,128.5463956
2019,대구광역시 북구 태전동 942,태전동 942,태전동,2,35.9311273,128.5454713
2019,대구광역시 북구 태전동 943,태전동 943,태전동,1,35.9314932,128.5446325
2019,대구광역시 북구 태전동 944,태전동 944,태전동,1,35.9309239,128.5449397
2019,대구광역시 북구 태전동 946,태전동 946,태전동,2,35.9302658,128.5449628
2019,대구광역시 북구 태전동 949-2,태전동 949-2,태전동,4,35.9301647,128.5452652
2019,대구광역시 북구 태전동 951,태전동 951,태전동,1,35.929818,128.544646
2019,대구광역시 북구 태전동 952,태전동 952,태전동,3,35.9303366,128.5453939
2019,대구광역시 북구 태전동 957,태전동 957,태전동,9,35.9299622,128.5460036
2019,대구광역시 북구 태전동 957-3,태전동 957-3,태전동,1,35.9300733,128.5467844
2019,대구광역시 북구 태전동 961-23,태전동 961-23,태전동,1,35.9305705,128.5477731
2019,대구광역시 북구 태전동 961-7,태전동 961-7,태전동,1,35.9298553,128.5474316
2019,대구광역시 북구 태전동 962,태전동 962,태전동,16,35.9294153,128.5461265
2019,대구광역시 북구 태전동 963,태전동 963,태전동,3,35.927137,128.5443284
2019,대구광역시 북구 태전동 964,태전동 964,태전동,1,35.9281396,128.5447033
2019,대구광역시 북구 태전동 964-1,태전동 964-1,태전동,1,35.9280399,128.5446841
2019,대구광역시 북구 태전동 964-23,태전동 964-23,태전동,1,35.9281194,128.5448916
2019,대구광역시 북구 태전동 966,태전동 966,태전동,1,35.9278673,128.5457326
2019,대구광역시 북구 태전동 970,태전동 970,태전동,2,35.9271569,128.5461842
2019,대구광역시 북구 태전동 973-3,태전동 973-3,태전동,1,35.9269133,128.5471992
2019,대구광역시 북구 태전동 975,태전동 975,태전동,4,35.9268009,128.5458224
2019,대구광역시 북구 태전동 980,태전동 980,태전동,2,35.9263273,128.5455983
2019,대구광역시 북구 태전동 989-1,태전동 989-1,태전동,1,35.9263411,128.5471091
2019,대구광역시 북구 태전동 989-5,태전동 989-5,태전동,1,35.9259142,128.5470491
2019,대구광역시 북구 태전동 989-6,태전동 989-6,태전동,1,35.9257981,128.5469715
2019,대구광역시 북구 태전동 989-7,태전동 989-7,태전동,3,35.9257917,128.5470819
2019,대구광역시 북구 태전동 990,태전동 990,태전동,26,35.9257768,128.5452878
2019,대구광역시 북구 태전동 991,태전동 991,태전동,95,35.9291507,128.5478642
2019,대구광역시 북구 태전동 992,태전동 992,태전동,88,35.9322669,128.5510779
2019,대구광역시 북구 태전동 993,태전동 993,태전동,60,35.9322816,128.5489016
2019,대구광역시 북구 태전동 993-1,태전동 993-1,태전동,19,35.9317589,128.5487845
2019,대구광역시 북구 태전동 993-10,태전동 993-10,태전동,5,35.9315008,128.5485743
2019,대구광역시 북구 태전동 993-12,태전동 993-12,태전동,1,35.9317735,128.5486166
2019,대구광역시 북구 태전동 993-13,태전동 993-13,태전동,3,35.9319332,128.5486414
2019,대구광역시 북구 태전동 993-4,태전동 993-4,태전동,1,35.9317996,128.5488911
2019,대구광역시 북구 태전동 993-6,태전동 993-6,태전동,1,35.9315098,128.5489462
2019,대구광역시 북구 태전동 993-9,태전동 993-9,태전동,1,35.9313205,128.5485674
2019,대구광역시 북구 태전동 995-17,태전동 995-17,태전동,1,35.9307383,128.5484115
2019,대구광역시 북구 태전동 996,태전동 996,태전동,91,35.9314973,128.5491657
2019,대구광역시 북구 태전동 997,태전동 997,태전동,31,35.9314042,128.5498913
2019,대구광역시 북구 태전동 997-1,태전동 997-1,태전동,15,35.9313891,128.5511632
2019,대구광역시 북구 태전동 998,태전동 998,태전동,21,35.9311897,128.5517211
2019,대구광역시 북구 태전동 999,태전동 999,태전동,2,35.9316633,128.5528519
2019,대구광역시 북구 태전동 999-1,태전동 999-1,태전동,3,35.9310026,128.5524578
2019,대구광역시 북구 태전동 999-2,태전동 999-2,태전동,12,35.9303699,128.5519351
2019,대구광역시 북구 태전동 산 14-1,태전동 산 14-1,태전동,1,35.930386,128.5407483
2019,대구광역시 북구 태전동 산 3-1,태전동 산 3-1,태전동,1,35.9265053,128.5433726
2019,대구광역시 북구 태전동 산 45-3,태전동 산 45-3,태전동,3,35.9201046,128.5407703
2019,대구광역시 북구 태전동 산 47-5,태전동 산 47-5,태전동,1,35.9208241,128.5415125
2019,대구광역시 북구 태전동 산 83-6,태전동 산 83-6,태전동,2,35.9305234,128.5441231
2019,대구광역시 북구 태전동 산 84,태전동 산 84,태전동,2,35.9331141,128.5386724
2019,대구광역시 북구 팔달동 1-2,팔달동 1-2,팔달동,2,35.9013226,128.5409903
2019,대구광역시 북구 팔달동 1-3,팔달동 1-3,팔달동,3,35.9017275,128.5410401
2019,대구광역시 북구 팔달동 104-1,팔달동 104-1,팔달동,1,35.8996424,128.546047
2019,대구광역시 북구 팔달동 108-13,팔달동 108-13,팔달동,1,35.8988269,128.5468637
2019,대구광역시 북구 팔달동 11-1,팔달동 11-1,팔달동,1,35.8971026,128.5440005
2019,대구광역시 북구 팔달동 111-1,팔달동 111-1,팔달동,1,35.8986629,128.5472528
2019,대구광역시 북구 팔달동 113-3,팔달동 113-3,팔달동,1,35.8982214,128.5471121
2019,대구광역시 북구 팔달동 116,팔달동 116,팔달동,1,35.8981637,128.5467565
2019,대구광역시 북구 팔달동 118-5,팔달동 118-5,팔달동,1,35.8976421,128.5480603
2019,대구광역시 북구 팔달동 121-1,팔달동 121-1,팔달동,1,35.8981834,128.5474763
2019,대구광역시 북구 팔달동 121-12,팔달동 121-12,팔달동,1,35.8979617,128.5476648
2019,대구광역시 북구 팔달동 122-2,팔달동 122-2,팔달동,1,35.897586,128.5468397
2019,대구광역시 북구 팔달동 13-1,팔달동 13-1,팔달동,1,35.8971803,128.5412657
2019,대구광역시 북구 팔달동 130-1,팔달동 130-1,팔달동,5,35.8986514,128.548298
2019,대구광역시 북구 팔달동 15-11,팔달동 15-11,팔달동,1,35.900142,128.541678
2019,대구광역시 북구 팔달동 170-4,팔달동 170-4,팔달동,1,35.8972315,128.5500196
2019,대구광역시 북구 팔달동 186-13,팔달동 186-13,팔달동,1,35.8968738,128.5457624
2019,대구광역시 북구 팔달동 186-24,팔달동 186-24,팔달동,6,35.8970368,128.5452081
2019,대구광역시 북구 팔달동 193-5,팔달동 193-5,팔달동,1,35.8963942,128.5452352
2019,대구광역시 북구 팔달동 194-1,팔달동 194-1,팔달동,1,35.8965195,128.544157
2019,대구광역시 북구 팔달동 20-12,팔달동 20-12,팔달동,1,35.8970714,128.5405451
2019,대구광역시 북구 팔달동 220-9,팔달동 220-9,팔달동,38,35.8959886,128.5400331
2019,대구광역시 북구 팔달동 230-1,팔달동 230-1,팔달동,5,35.8966678,128.5405735
2019,대구광역시 북구 팔달동 230-2,팔달동 230-2,팔달동,7,35.8966084,128.540368
2019,대구광역시 북구 팔달동 230-3,팔달동 230-3,팔달동,6,35.8965609,128.5402044
2019,대구광역시 북구 팔달동 231-1,팔달동 231-1,팔달동,4,35.8967633,128.5408838
2019,대구광역시 북구 팔달동 231-4,팔달동 231-4,팔달동,1,35.8968755,128.5408743
2019,대구광역시 북구 팔달동 26,팔달동 26,팔달동,1,35.898647,128.5413547
2019,대구광역시 북구 팔달동 268-12,팔달동 268-12,팔달동,2,35.8954508,128.5373629
2019,대구광역시 북구 팔달동 27,팔달동 27,팔달동,15,35.8992716,128.5418942
2019,대구광역시 북구 팔달동 277-6,팔달동 277-6,팔달동,2,35.8954784,128.5370442
2019,대구광역시 북구 팔달동 286-12,팔달동 286-12,팔달동,3,35.8940898,128.5327299
2019,대구광역시 북구 팔달동 286-15,팔달동 286-15,팔달동,1,35.8953751,128.5360452
2019,대구광역시 북구 팔달동 38-6,팔달동 38-6,팔달동,1,35.8989569,128.5417901
2019,대구광역시 북구 팔달동 4-4,팔달동 4-4,팔달동,1,35.9011915,128.5411859
2019,대구광역시 북구 팔달동 50,팔달동 50,팔달동,24,35.8985856,128.5442125
2019,대구광역시 북구 팔달동 50-1,팔달동 50-1,팔달동,5,35.900522,128.5430124
2019,대구광역시 북구 팔달동 52,팔달동 52,팔달동,9,35.8985014,128.5432755
2019,대구광역시 북구 팔달동 522-6,팔달동 522-6,팔달동,1,35.8984383,128.5472956
2019,대구광역시 북구 팔달동 524-20,팔달동 524-20,팔달동,1,35.8981662,128.5480224
2019,대구광역시 북구 팔달동 524-21,팔달동 524-21,팔달동,2,35.8978225,128.5481455
2019,대구광역시 북구 팔달동 72-1,팔달동 72-1,팔달동,1,35.8974978,128.5448641
2019,대구광역시 북구 팔달동 72-4,팔달동 72-4,팔달동,7,35.8984812,128.5443331
2019,대구광역시 북구 팔달동 73-4,팔달동 73-4,팔달동,1,35.897935,128.5448246
2019,대구광역시 북구 팔달동 74-3,팔달동 74-3,팔달동,1,35.8987339,128.5447512
2019,대구광역시 북구 팔달동 76-3,팔달동 76-3,팔달동,1,35.898151,128.5464083
2019,대구광역시 북구 팔달동 83-21,팔달동 83-21,팔달동,1,35.8992999,128.5447565
2019,대구광역시 북구 팔달동 85-4,팔달동 85-4,팔달동,1,35.8979833,128.5456711
2019,대구광역시 북구 팔달동 88-18,팔달동 88-18,팔달동,2,35.8976175,128.5460756
2019,대구광역시 북구 팔달동 90-7,팔달동 90-7,팔달동,2,35.8977456,128.5464295
2019,대구광역시 북구 팔달동 97-2,팔달동 97-2,팔달동,1,35.8994776,128.5450638
2019,대구광역시 북구 팔달동 산 66,팔달동 산 66,팔달동,1,35.8955976,128.530168
2019,대구광역시 북구 학정동 135-1,학정동 135-1,학정동,1,35.9504451,128.5702378
2019,대구광역시 북구 학정동 194-4,학정동 194-4,학정동,1,35.9500111,128.5687
2019,대구광역시 북구 학정동 330-5,학정동 330-5,학정동,1,35.9537513,128.5647081
2019,대구광역시 북구 학정동 368-11,학정동 368-11,학정동,1,35.9539394,128.5642587
2019,대구광역시 북구 학정동 370-5,학정동 370-5,학정동,1,35.954723,128.5656728
2019,대구광역시 북구 학정동 370-6,학정동 370-6,학정동,1,35.9546163,128.5653656
2019,대구광역시 북구 학정동 372-1,학정동 372-1,학정동,1,35.9551577,128.5654256
2019,대구광역시 북구 학정동 451-1,학정동 451-1,학정동,1,35.9581928,128.5662108
2019,대구광역시 북구 학정동 451-6,학정동 451-6,학정동,24,35.9581321,128.5652402
2019,대구광역시 북구 학정동 452-3,학정동 452-3,학정동,1,35.9575756,128.5665382
2019,대구광역시 북구 학정동 459-2,학정동 459-2,학정동,1,35.9573096,128.5672865
2019,대구광역시 북구 학정동 466,학정동 466,학정동,6,35.9566384,128.5665145
2019,대구광역시 북구 학정동 469,학정동 469,학정동,3,35.9566641,128.5660694
2019,대구광역시 북구 학정동 469-8,학정동 469-8,학정동,5,35.9565438,128.5658964
2019,대구광역시 북구 학정동 469-9,학정동 469-9,학정동,9,35.9565978,128.5657513
2019,대구광역시 북구 학정동 474,학정동 474,학정동,2,35.9561481,128.5643617
2019,대구광역시 북구 학정동 474-1,학정동 474-1,학정동,1,35.9574833,128.5652224
2019,대구광역시 북구 학정동 474-12,학정동 474-12,학정동,6,35.955274,128.5637408
2019,대구광역시 북구 학정동 474-7,학정동 474-7,학정동,4,35.9565016,128.5660522
2019,대구광역시 북구 학정동 487,학정동 487,학정동,3,35.9571487,128.5637339
2019,대구광역시 북구 학정동 528-1,학정동 528-1,학정동,3,35.9539374,128.5636478
2019,대구광역시 북구 학정동 533,학정동 533,학정동,1,35.9507429,128.5640809
2019,대구광역시 북구 학정동 533-3,학정동 533-3,학정동,1,35.9506228,128.5649603
2019,대구광역시 북구 학정동 55,학정동 55,학정동,6,35.955116,128.5677316
2019,대구광역시 북구 학정동 606-4,학정동 606-4,학정동,2,35.9496941,128.5648728
2019,대구광역시 북구 학정동 65-1,학정동 65-1,학정동,7,35.9542205,128.5681998
2019,대구광역시 북구 학정동 752-3,학정동 752-3,학정동,1,35.9507758,128.5591209
2019,대구광역시 북구 학정동 787,학정동 787,학정동,1,35.9489951,128.5577062
2019,대구광역시 북구 학정동 804,학정동 804,학정동,1,35.9481736,128.5565237
2019,대구광역시 북구 학정동 868-1,학정동 868-1,학정동,1,35.9464307,128.5579216
2019,대구광역시 북구 학정동 884,학정동 884,학정동,1,35.9463781,128.5557762
2019,대구광역시 북구 학정동 889-3,학정동 889-3,학정동,1,35.9545845,128.5681154
2019,대구광역시 북구 학정동 889-6,학정동 889-6,학정동,1,35.9551146,128.5669299
2019,대구광역시 북구 학정동 892-1,학정동 892-1,학정동,2,35.9554061,128.5668212
2019,대구광역시 북구 학정동 892-10,학정동 892-10,학정동,3,35.9573467,128.5666455
2019,대구광역시 북구 학정동 917-1,학정동 917-1,학정동,26,35.9484244,128.5563631
2019,대구광역시 북구 학정동 921-1,학정동 921-1,학정동,3,35.9544807,128.5651037
2019,대구광역시 북구 학정동 921-2,학정동 921-2,학정동,1,35.9543831,128.5650915
2019,대구광역시 북구 학정동 924,학정동 924,학정동,1,35.9540949,128.5680238
2019,대구광역시 북구 학정동 925,학정동 925,학정동,29,35.9534982,128.5673485
2019,대구광역시 북구 학정동 925-3,학정동 925-3,학정동,4,35.9538099,128.5661724
2019,대구광역시 북구 학정동 925-4,학정동 925-4,학정동,2,35.9538604,128.566034
2019,대구광역시 북구 학정동 926-1,학정동 926-1,학정동,3,35.9535824,128.5660197
2019,대구광역시 북구 학정동 926-4,학정동 926-4,학정동,1,35.9530239,128.5659101
2019,대구광역시 북구 학정동 926-8,학정동 926-8,학정동,2,35.9522658,128.5657619
2019,대구광역시 북구 학정동 926-9,학정동 926-9,학정동,7,35.9521267,128.5657387
2019,대구광역시 북구 학정동 927-1,학정동 927-1,학정동,1,35.9525338,128.5661433
2019,대구광역시 북구 학정동 927-17,학정동 927-17,학정동,1,35.9523727,128.5675815
2019,대구광역시 북구 학정동 928-7,학정동 928-7,학정동,1,35.9519584,128.5674433
2019,대구광역시 북구 학정동 929-12,학정동 929-12,학정동,1,35.9521689,128.5678841
2019,대구광역시 북구 학정동 929-19,학정동 929-19,학정동,2,35.9522063,128.5690619
2019,대구광역시 북구 학정동 930-12,학정동 930-12,학정동,1,35.9518553,128.5678136
2019,대구광역시 북구 학정동 931-1,학정동 931-1,학정동,1,35.9521427,128.5692873
2019,대구광역시 북구 학정동 935-13,학정동 935-13,학정동,2,35.9515822,128.5680344
2019,대구광역시 북구 학정동 936-1,학정동 936-1,학정동,3,35.9517373,128.5665719
2019,대구광역시 북구 학정동 936-4,학정동 936-4,학정동,1,35.9516457,128.5674039
2019,대구광역시 북구 학정동 937-14,학정동 937-14,학정동,2,35.9510944,128.5670523
2019,대구광역시 북구 학정동 937-15,학정동 937-15,학정동,12,35.9512117,128.5670758
2019,대구광역시 북구 학정동 937-16,학정동 937-16,학정동,3,35.9513239,128.5670988
2019,대구광역시 북구 학정동 937-17,학정동 937-17,학정동,1,35.9514485,128.5670986
2019,대구광역시 북구 학정동 938-11,학정동 938-11,학정동,1,35.9502193,128.5665489
2019,대구광역시 북구 학정동 938-15,학정동 938-15,학정동,1,35.9506512,128.5663878
2019,대구광역시 북구 학정동 938-2,학정동 938-2,학정동,1,35.9513616,128.5667718
2019,대구광역시 북구 학정동 939-3,학정동 939-3,학정동,4,35.9507099,128.5659396
2019,대구광역시 북구 학정동 941-1,학정동 941-1,학정동,1,35.9518541,128.565609
2019,대구광역시 북구 학정동 941-12,학정동 941-12,학정동,1,35.9510734,128.5655452
2019,대구광역시 북구 학정동 941-5,학정동 941-5,학정동,1,35.9511808,128.5655622
2019,대구광역시 북구 학정동 941-7,학정동 941-7,학정동,1,35.9507318,128.5654658
2019,대구광역시 북구 학정동 941-9,학정동 941-9,학정동,1,35.9504631,128.5654078
2019,대구광역시 북구 학정동 942-1,학정동 942-1,학정동,2,35.9501847,128.5653522
2019,대구광역시 북구 학정동 942-4,학정동 942-4,학정동,1,35.9497949,128.5652768
2019,대구광역시 북구 학정동 942-9,학정동 942-9,학정동,1,35.9490727,128.5651397
2019,대구광역시 북구 학정동 943-1,학정동 943-1,학정동,2,35.9488555,128.5652551
2019,대구광역시 북구 학정동 945-18,학정동 945-18,학정동,1,35.9500194,128.5662688
2019,대구광역시 북구 학정동 947-1,학정동 947-1,학정동,1,35.9499192,128.5669885
2019,대구광역시 북구 학정동 947-10,학정동 947-10,학정동,2,35.9492261,128.5666485
2019,대구광역시 북구 학정동 947-15,학정동 947-15,학정동,1,35.9499416,128.5668119
2019,대구광역시 북구 학정동 947-9,학정동 947-9,학정동,2,35.9490616,128.5665998
2019,대구광역시 북구 학정동 948-7,학정동 948-7,학정동,1,35.950043,128.5674889
2019,대구광역시 북구 학정동 949-2,학정동 949-2,학정동,6,35.9503188,128.5682311
2019,대구광역시 북구 학정동 949-4,학정동 949-4,학정동,1,35.9498732,128.5684976
2019,대구광역시 북구 학정동 949-7,학정동 949-7,학정동,3,35.9504334,128.5680724
2019,대구광역시 북구 학정동 949-8,학정동 949-8,학정동,2,35.950206,128.5682893
2019,대구광역시 북구 학정동 950,학정동 950,학정동,1,35.9499203,128.5680644
2019,대구광역시 북구 학정동 952,학정동 952,학정동,10,35.9542234,128.5647131
2019,대구광역시 북구 학정동 952-1,학정동 952-1,학정동,1,35.9545826,128.5654928
2019,대구광역시 북구 학정동 953,학정동 953,학정동,25,35.9520079,128.5654484
2019,대구광역시 북구 학정동 953-1,학정동 953-1,학정동,12,35.9537553,128.5661017
2019,대구광역시 북구 학정동 953-10,학정동 953-10,학정동,7,35.9502551,128.5678747
2019,대구광역시 북구 학정동 953-11,학정동 953-11,학정동,11,35.9500567,128.5682035
2019,대구광역시 북구 학정동 953-12,학정동 953-12,학정동,2,35.9501249,128.5685951
2019,대구광역시 북구 학정동 953-13,학정동 953-13,학정동,4,35.9497682,128.5677928
2019,대구광역시 북구 학정동 953-14,학정동 953-14,학정동,17,35.9500736,128.5673048
2019,대구광역시 북구 학정동 953-15,학정동 953-15,학정동,11,35.9515676,128.5669844
2019,대구광역시 북구 학정동 953-16,학정동 953-16,학정동,12,35.9508398,128.5668399
2019,대구광역시 북구 학정동 953-17,학정동 953-17,학정동,7,35.9501303,128.5664259
2019,대구광역시 북구 학정동 953-18,학정동 953-18,학정동,16,35.9510285,128.5662805
2019,대구광역시 북구 학정동 953-19,학정동 953-19,학정동,11,35.9502918,128.5655879
2019,대구광역시 북구 학정동 953-2,학정동 953-2,학정동,26,35.9526775,128.5662696
2019,대구광역시 북구 학정동 953-23,학정동 953-23,학정동,11,35.9494099,128.5659623
2019,대구광역시 북구 학정동 953-24,학정동 953-24,학정동,3,35.9494113,128.5665577
2019,대구광역시 북구 학정동 953-5,학정동 953-5,학정동,43,35.9520768,128.5676909
2019,대구광역시 북구 학정동 953-6,학정동 953-6,학정동,2,35.9519714,128.5684405
2019,대구광역시 북구 학정동 953-8,학정동 953-8,학정동,1,35.9512083,128.5680606
2019,대구광역시 북구 학정동 953-9,학정동 953-9,학정동,1,35.9507397,128.5679385
2019,대구광역시 북구 학정동 957,학정동 957,학정동,1,35.9499042,128.5692827
2019,대구광역시 북구 학정동 963-4,학정동 963-4,학정동,1,35.9487096,128.5681618
2019,대구광역시 북구 학정동 968,학정동 968,학정동,2,35.9487892,128.566938
2019,대구광역시 북구 학정동 968-1,학정동 968-1,학정동,1,35.9487748,128.5670898
2019,대구광역시 북구 학정동 968-5,학정동 968-5,학정동,1,35.9486056,128.5671881
2019,대구광역시 북구 학정동 969,학정동 969,학정동,1,35.9484163,128.5681741
2019,대구광역시 북구 학정동 971-2,학정동 971-2,학정동,1,35.9480111,128.5676232
2019,대구광역시 북구 학정동 971-4,학정동 971-4,학정동,1,35.9477145,128.5675665
2019,대구광역시 북구 학정동 972-1,학정동 972-1,학정동,2,35.9481643,128.5680751
2019,대구광역시 북구 학정동 973-3,학정동 973-3,학정동,4,35.9479746,128.568296
2019,대구광역시 북구 학정동 973-4,학정동 973-4,학정동,3,35.9478221,128.568332
2019,대구광역시 북구 학정동 973-5,학정동 973-5,학정동,1,35.9477896,128.5681693
2019,대구광역시 북구 학정동 973-7,학정동 973-7,학정동,1,35.9477253,128.5678454
2019,대구광역시 북구 학정동 974,학정동 974,학정동,2,35.9483765,128.5663145
2019,대구광역시 북구 학정동 974-5,학정동 974-5,학정동,1,35.9482638,128.5672203
2019,대구광역시 북구 학정동 976-1,학정동 976-1,학정동,1,35.9479109,128.5671774
2019,대구광역시 북구 학정동 976-2,학정동 976-2,학정동,1,35.9477572,128.5671461
2019,대구광역시 북구 학정동 980,학정동 980,학정동,8,35.9474604,128.5657881
2019,대구광역시 북구 학정동 981-2,학정동 981-2,학정동,1,35.947199,128.564706
2019,대구광역시 북구 학정동 981-4,학정동 981-4,학정동,2,35.9466202,128.5651697
2019,대구광역시 북구 학정동 981-6,학정동 981-6,학정동,2,35.946669,128.5664117
2019,대구광역시 북구 학정동 982,학정동 982,학정동,16,35.9471171,128.5679955
2019,대구광역시 북구 학정동 984,학정동 984,학정동,2,35.9473786,128.5692774
2019,대구광역시 북구 학정동 985,학정동 985,학정동,7,35.9482059,128.5691077
2019,대구광역시 북구 학정동 989-1,학정동 989-1,학정동,1,35.949654,128.5693116
2019,대구광역시 북구 학정동 989-10,학정동 989-10,학정동,9,35.9491277,128.5676413
2019,대구광역시 북구 학정동 989-11,학정동 989-11,학정동,2,35.9498373,128.5675167
2019,대구광역시 북구 학정동 989-12,학정동 989-12,학정동,13,35.948877,128.5672001
2019,대구광역시 북구 학정동 989-13,학정동 989-13,학정동,8,35.9481465,128.568386
2019,대구광역시 북구 학정동 989-14,학정동 989-14,학정동,4,35.9480041,128.5677678
2019,대구광역시 북구 학정동 989-16,학정동 989-16,학정동,18,35.9476144,128.5679969
2019,대구광역시 북구 학정동 989-17,학정동 989-17,학정동,78,35.9474542,128.5673105
2019,대구광역시 북구 학정동 989-21,학정동 989-21,학정동,5,35.9481434,128.5661193
2019,대구광역시 북구 학정동 989-22,학정동 989-22,학정동,13,35.9480364,128.5670446
2019,대구광역시 북구 학정동 989-23,학정동 989-23,학정동,10,35.9476607,128.5666124
2019,대구광역시 북구 학정동 989-4,학정동 989-4,학정동,1,35.9482656,128.5699994
2019,대구광역시 북구 학정동 989-6,학정동 989-6,학정동,1,35.9494366,128.5689407
2019,대구광역시 북구 학정동 989-7,학정동 989-7,학정동,17,35.9486402,128.5685498
2019,대구광역시 북구 학정동 산 24,학정동 산 24,학정동,1,35.9525257,128.5695862
2020,대구광역시 북구 검단동 1021-2,검단동 1021-2,검단동,1,35.9116637,128.6266931
2020,대구광역시 북구 검단동 1024-3,검단동 1024-3,검단동,13,35.911922,128.6265143
2020,대구광역시 북구 검단동 1128-16,검단동 1128-16,검단동,1,35.9150805,128.6295774
2020,대구광역시 북구 검단동 1128-2,검단동 1128-2,검단동,171,35.9164659,128.6285908
2020,대구광역시 북구 검단동 1128-3,검단동 1128-3,검단동,101,35.9159543,128.6290472
2020,대구광역시 북구 검단동 1128-63,검단동 1128-63,검단동,1,35.9154651,128.6295881
2020,대구광역시 북구 검단동 1216-3,검단동 1216-3,검단동,1,35.9144422,128.6296604
2020,대구광역시 북구 검단동 1234,검단동 1234,검단동,1,35.9140325,128.6292775
2020,대구광역시 북구 검단동 1236-1,검단동 1236-1,검단동,4,35.9134501,128.6289657
2020,대구광역시 북구 검단동 1238,검단동 1238,검단동,2,35.9134369,128.6285855
2020,대구광역시 북구 검단동 1280-10,검단동 1280-10,검단동,3,35.912335,128.6275163
2020,대구광역시 북구 검단동 1284,검단동 1284,검단동,1,35.9126013,128.6274616
2020,대구광역시 북구 검단동 1284-1,검단동 1284-1,검단동,1,35.9126341,128.6276201
2020,대구광역시 북구 검단동 1287-2,검단동 1287-2,검단동,3,35.9128606,128.6277958
2020,대구광역시 북구 검단동 1290,검단동 1290,검단동,1,35.9124461,128.6273721
2020,대구광역시 북구 검단동 1302-2,검단동 1302-2,검단동,1,35.9129571,128.628119
2020,대구광역시 북구 검단동 1302-5,검단동 1302-5,검단동,4,35.9129955,128.6283627
2020,대구광역시 북구 검단동 1303-2,검단동 1303-2,검단동,7,35.9127003,128.627992
2020,대구광역시 북구 검단동 1306-1,검단동 1306-1,검단동,1,35.9127318,128.6278763
2020,대구광역시 북구 검단동 1307-1,검단동 1307-1,검단동,3,35.9128228,128.6279496
2020,대구광역시 북구 검단동 1309,검단동 1309,검단동,1,35.9132328,128.6283878
2020,대구광역시 북구 검단동 1392-1,검단동 1392-1,검단동,6,35.9142379,128.628022
2020,대구광역시 북구 검단동 1393-1,검단동 1393-1,검단동,1,35.9186652,128.6101057
2020,대구광역시 북구 검단동 1393-103,검단동 1393-103,검단동,4,35.9169528,128.6290407
2020,대구광역시 북구 검단동 1393-106,검단동 1393-106,검단동,15,35.9166054,128.6295736
2020,대구광역시 북구 검단동 1393-306,검단동 1393-306,검단동,2,35.9165914,128.6288859
2020,대구광역시 북구 검단동 1398-4,검단동 1398-4,검단동,1,35.9128796,128.6258959
2020,대구광역시 북구 검단동 1408-10,검단동 1408-10,검단동,1,35.9111394,128.615665
2020,대구광역시 북구 검단동 1408-8,검단동 1408-8,검단동,2,35.9104112,128.6161715
2020,대구광역시 북구 검단동 1410-10,검단동 1410-10,검단동,2,35.9056343,128.6182517
2020,대구광역시 북구 검단동 498-1,검단동 498-1,검단동,1,35.9145535,128.6132865
2020,대구광역시 북구 검단동 529-1,검단동 529-1,검단동,2,35.9129363,128.6144104
2020,대구광역시 북구 검단동 532-1,검단동 532-1,검단동,1,35.9141716,128.6135228
2020,대구광역시 북구 검단동 537-3,검단동 537-3,검단동,3,35.9143389,128.6134524
2020,대구광역시 북구 검단동 539-1,검단동 539-1,검단동,1,35.9150003,128.614615
2020,대구광역시 북구 검단동 539-2,검단동 539-2,검단동,2,35.9150527,128.6156861
2020,대구광역시 북구 검단동 572-3,검단동 572-3,검단동,1,35.9122114,128.612881
2020,대구광역시 북구 검단동 578-3,검단동 578-3,검단동,1,35.9116327,128.6153225
2020,대구광역시 북구 검단동 584-1,검단동 584-1,검단동,1,35.9129571,128.614064
2020,대구광역시 북구 검단동 603-3,검단동 603-3,검단동,1,35.9108628,128.6158696
2020,대구광역시 북구 검단동 605-3,검단동 605-3,검단동,1,35.9100645,128.6164201
2020,대구광역시 북구 검단동 654-2,검단동 654-2,검단동,8,35.9126067,128.6217452
2020,대구광역시 북구 검단동 654-6,검단동 654-6,검단동,1,35.916072,128.6214645
2020,대구광역시 북구 검단동 654-7,검단동 654-7,검단동,2,35.9161979,128.6235379
2020,대구광역시 북구 검단동 667-1,검단동 667-1,검단동,2,35.9164525,128.6240167
2020,대구광역시 북구 검단동 667-2,검단동 667-2,검단동,4,35.9162398,128.6242528
2020,대구광역시 북구 검단동 676-11,검단동 676-11,검단동,1,35.9163893,128.6254229
2020,대구광역시 북구 검단동 676-14,검단동 676-14,검단동,2,35.9165214,128.6253638
2020,대구광역시 북구 검단동 676-16,검단동 676-16,검단동,1,35.9166816,128.6253351
2020,대구광역시 북구 검단동 677-1,검단동 677-1,검단동,1,35.9160959,128.6254914
2020,대구광역시 북구 검단동 677-4,검단동 677-4,검단동,1,35.9162873,128.625697
2020,대구광역시 북구 검단동 677-7,검단동 677-7,검단동,1,35.9166447,128.6258674
2020,대구광역시 북구 검단동 679,검단동 679,검단동,1,35.9161314,128.6261969
2020,대구광역시 북구 검단동 679-8,검단동 679-8,검단동,2,35.9165154,128.6263418
2020,대구광역시 북구 검단동 680-1,검단동 680-1,검단동,1,35.916164,128.6258178
2020,대구광역시 북구 검단동 680-8,검단동 680-8,검단동,2,35.9165016,128.6261058
2020,대구광역시 북구 검단동 691-1,검단동 691-1,검단동,1,35.9155415,128.6241784
2020,대구광역시 북구 검단동 691-2,검단동 691-2,검단동,1,35.915311,128.6241922
2020,대구광역시 북구 검단동 700-2,검단동 700-2,검단동,1,35.9157759,128.6230827
2020,대구광역시 북구 검단동 711,검단동 711,검단동,1,35.9153477,128.6211931
2020,대구광역시 북구 검단동 711-1,검단동 711-1,검단동,1,35.9150089,128.6201384
2020,대구광역시 북구 검단동 745-2,검단동 745-2,검단동,1,35.9139502,128.6251448
2020,대구광역시 북구 검단동 748-13,검단동 748-13,검단동,1,35.9145078,128.6254335
2020,대구광역시 북구 검단동 777-60,검단동 777-60,검단동,3,35.9116616,128.6261818
2020,대구광역시 북구 검단동 777-62,검단동 777-62,검단동,3,35.911055,128.6252565
2020,대구광역시 북구 검단동 777-79,검단동 777-79,검단동,1,35.9106143,128.6245385
2020,대구광역시 북구 검단동 777-80,검단동 777-80,검단동,2,35.9107985,128.6248512
2020,대구광역시 북구 검단동 777-84,검단동 777-84,검단동,1,35.9129259,128.6255112
2020,대구광역시 북구 검단동 777-98,검단동 777-98,검단동,2,35.9109007,128.6255671
2020,대구광역시 북구 검단동 838-106,검단동 838-106,검단동,1,35.9138225,128.6203767
2020,대구광역시 북구 검단동 838-124,검단동 838-124,검단동,3,35.908169,128.6219114
2020,대구광역시 북구 검단동 838-125,검단동 838-125,검단동,19,35.9092022,128.6207309
2020,대구광역시 북구 검단동 838-16,검단동 838-16,검단동,1,35.9141019,128.6205754
2020,대구광역시 북구 검단동 838-4,검단동 838-4,검단동,10,35.9096527,128.621445
2020,대구광역시 북구 검단동 838-5,검단동 838-5,검단동,5,35.9146111,128.6174574
2020,대구광역시 북구 검단동 838-57,검단동 838-57,검단동,1,35.9097308,128.623387
2020,대구광역시 북구 검단동 838-71,검단동 838-71,검단동,2,35.9154454,128.619301
2020,대구광역시 북구 검단동 838-74,검단동 838-74,검단동,15,35.9130972,128.6158042
2020,대구광역시 북구 검단동 838-94,검단동 838-94,검단동,4,35.9147873,128.6184408
2020,대구광역시 북구 검단동 838-97,검단동 838-97,검단동,2,35.9139222,128.6190412
2020,대구광역시 북구 검단동 838-98,검단동 838-98,검단동,1,35.9132054,128.618086
2020,대구광역시 북구 검단동 887-104,검단동 887-104,검단동,1,35.9135201,128.6159799
2020,대구광역시 북구 검단동 887-114,검단동 887-114,검단동,1,35.9118512,128.6172927
2020,대구광역시 북구 검단동 887-117,검단동 887-117,검단동,1,35.9122353,128.6181101
2020,대구광역시 북구 검단동 887-120,검단동 887-120,검단동,2,35.9108426,128.6163127
2020,대구광역시 북구 검단동 887-135,검단동 887-135,검단동,1,35.9129143,128.6161284
2020,대구광역시 북구 검단동 887-140,검단동 887-140,검단동,1,35.9104428,128.6166976
2020,대구광역시 북구 검단동 887-148,검단동 887-148,검단동,7,35.9085028,128.6179966
2020,대구광역시 북구 검단동 887-149,검단동 887-149,검단동,1,35.9083692,128.6177068
2020,대구광역시 북구 검단동 887-150,검단동 887-150,검단동,1,35.9082243,128.617808
2020,대구광역시 북구 검단동 887-2,검단동 887-2,검단동,1,35.9094903,128.6200756
2020,대구광역시 북구 검단동 887-4,검단동 887-4,검단동,4,35.9094037,128.6187799
2020,대구광역시 북구 검단동 887-5,검단동 887-5,검단동,2,35.911192,128.6159021
2020,대구광역시 북구 검단동 887-53,검단동 887-53,검단동,1,35.9086352,128.6195256
2020,대구광역시 북구 검단동 887-54,검단동 887-54,검단동,12,35.9081755,128.6180899
2020,대구광역시 북구 검단동 887-62,검단동 887-62,검단동,6,35.9088026,128.6187916
2020,대구광역시 북구 검단동 887-71,검단동 887-71,검단동,1,35.9067938,128.6196872
2020,대구광역시 북구 검단동 887-76,검단동 887-76,검단동,1,35.9101994,128.6168039
2020,대구광역시 북구 검단동 887-8,검단동 887-8,검단동,11,35.9077513,128.6197165
2020,대구광역시 북구 검단동 887-82,검단동 887-82,검단동,9,35.9141282,128.6141258
2020,대구광역시 북구 검단동 908-11,검단동 908-11,검단동,1,35.9086096,128.6173705
2020,대구광역시 북구 검단동 909-3,검단동 909-3,검단동,1,35.9092712,128.6169224
2020,대구광역시 북구 검단동 911-4,검단동 911-4,검단동,34,35.908065,128.6178061
2020,대구광역시 북구 검단동 931-2,검단동 931-2,검단동,2,35.9106247,128.6159009
2020,대구광역시 북구 검단동 936-12,검단동 936-12,검단동,1,35.9058151,128.6193759
2020,대구광역시 북구 검단동 936-2,검단동 936-2,검단동,1,35.9063853,128.619427
2020,대구광역시 북구 검단동 936-20,검단동 936-20,검단동,1,35.9062721,128.6198763
2020,대구광역시 북구 검단동 936-22,검단동 936-22,검단동,29,35.9059616,128.6195791
2020,대구광역시 북구 검단동 936-23,검단동 936-23,검단동,25,35.9058748,128.6194608
2020,대구광역시 북구 검단동 936-24,검단동 936-24,검단동,12,35.9062257,128.6197407
2020,대구광역시 북구 검단동 936-25,검단동 936-25,검단동,9,35.9061374,128.6198354
2020,대구광역시 북구 검단동 936-27,검단동 936-27,검단동,11,35.906117,128.6196099
2020,대구광역시 북구 검단동 936-28,검단동 936-28,검단동,16,35.9060253,128.6197122
2020,대구광역시 북구 검단동 936-29,검단동 936-29,검단동,11,35.9061694,128.6196794
2020,대구광역시 북구 검단동 936-33,검단동 936-33,검단동,11,35.9060352,128.619433
2020,대구광역시 북구 검단동 936-4,검단동 936-4,검단동,5,35.9059528,128.619329
2020,대구광역시 북구 검단동 936-40,검단동 936-40,검단동,20,35.9058898,128.6191526
2020,대구광역시 북구 검단동 936-49,검단동 936-49,검단동,13,35.9066842,128.6187427
2020,대구광역시 북구 검단동 936-52,검단동 936-52,검단동,11,35.9073169,128.6183124
2020,대구광역시 북구 검단동 936-6,검단동 936-6,검단동,3,35.9059886,128.6188937
2020,대구광역시 북구 검단동 986-1,검단동 986-1,검단동,1,35.9081832,128.6240151
2020,대구광역시 북구 검단동 산 19-4,검단동 산 19-4,검단동,1,35.9075437,128.6219767
2020,대구광역시 북구 고성동1가 100-18,고성동1가 100-18,고성동,1,35.8785787,128.5859397
2020,대구광역시 북구 고성동1가 100-24,고성동1가 100-24,고성동,1,35.8785112,128.585816
2020,대구광역시 북구 고성동1가 104-21,고성동1가 104-21,고성동,1,35.8791129,128.5855809
2020,대구광역시 북구 고성동1가 50-76,고성동1가 50-76,고성동,1,35.8792999,128.5879978
2020,대구광역시 북구 고성동1가 50-81,고성동1가 50-81,고성동,1,35.8790955,128.5881079
2020,대구광역시 북구 고성동1가 50-95,고성동1가 50-95,고성동,1,35.8793346,128.5876877
2020,대구광역시 북구 고성동1가 83,고성동1가 83,고성동,1,35.8777557,128.5879306
2020,대구광역시 북구 고성동2가 108-1,고성동2가 108-1,고성동,3,35.8799003,128.5834461
2020,대구광역시 북구 고성동2가 108-17,고성동2가 108-17,고성동,1,35.8799335,128.5835859
2020,대구광역시 북구 고성동2가 108-21,고성동2가 108-21,고성동,1,35.8800598,128.5833383
2020,대구광역시 북구 고성동2가 108-23,고성동2가 108-23,고성동,3,35.8798917,128.5832905
2020,대구광역시 북구 고성동2가 108-25,고성동2가 108-25,고성동,2,35.8795739,128.5835188
2020,대구광역시 북구 고성동2가 108-39,고성동2가 108-39,고성동,1,35.8800091,128.5832192
2020,대구광역시 북구 고성동2가 108-41,고성동2가 108-41,고성동,1,35.8799641,128.5830911
2020,대구광역시 북구 고성동2가 108-60,고성동2가 108-60,고성동,1,35.8798104,128.5829571
2020,대구광역시 북구 고성동2가 108-61,고성동2가 108-61,고성동,5,35.8799351,128.5833811
2020,대구광역시 북구 고성동2가 108-62,고성동2가 108-62,고성동,1,35.8796946,128.5833272
2020,대구광역시 북구 고성동2가 110-20,고성동2가 110-20,고성동,1,35.8799761,128.5828088
2020,대구광역시 북구 고성동2가 111-1,고성동2가 111-1,고성동,1,35.880822,128.582562
2020,대구광역시 북구 고성동2가 111-14,고성동2가 111-14,고성동,2,35.8808253,128.5824111
2020,대구광역시 북구 고성동2가 112-1,고성동2가 112-1,고성동,2,35.8799008,128.5822796
2020,대구광역시 북구 고성동2가 112-3,고성동2가 112-3,고성동,9,35.8804433,128.5818399
2020,대구광역시 북구 고성동2가 112-347,고성동2가 112-347,고성동,1,35.8803191,128.5824126
2020,대구광역시 북구 고성동2가 112-64,고성동2가 112-64,고성동,22,35.8799844,128.5817546
2020,대구광역시 북구 고성동2가 116-2,고성동2가 116-2,고성동,1,35.8811427,128.5810067
2020,대구광역시 북구 고성동2가 116-3,고성동2가 116-3,고성동,1,35.8812732,128.5809629
2020,대구광역시 북구 고성동2가 117-10,고성동2가 117-10,고성동,1,35.8803515,128.580691
2020,대구광역시 북구 고성동2가 118-7,고성동2가 118-7,고성동,1,35.8801686,128.5806563
2020,대구광역시 북구 고성동2가 125-7,고성동2가 125-7,고성동,1,35.8793678,128.5806662
2020,대구광역시 북구 고성동2가 129-1,고성동2가 129-1,고성동,2,35.879107,128.5807998
2020,대구광역시 북구 고성동2가 13-1,고성동2가 13-1,고성동,1,35.8797044,128.5877259
2020,대구광역시 북구 고성동2가 130,고성동2가 130,고성동,32,35.879977,128.5841457
2020,대구광역시 북구 고성동2가 130-14,고성동2가 130-14,고성동,2,35.8805137,128.5825684
2020,대구광역시 북구 고성동2가 130-17,고성동2가 130-17,고성동,2,35.8792211,128.5804781
2020,대구광역시 북구 고성동2가 131,고성동2가 131,고성동,1,35.8798895,128.5823231
2020,대구광역시 북구 고성동2가 131-1,고성동2가 131-1,고성동,2,35.8804908,128.5825107
2020,대구광역시 북구 고성동2가 29-7,고성동2가 29-7,고성동,1,35.8798976,128.5868167
2020,대구광역시 북구 고성동2가 3-2,고성동2가 3-2,고성동,1,35.8795456,128.588471
2020,대구광역시 북구 고성동2가 31-2,고성동2가 31-2,고성동,1,35.8800675,128.5867074
2020,대구광역시 북구 고성동2가 36,고성동2가 36,고성동,1,35.8800171,128.5862603
2020,대구광역시 북구 고성동2가 37-7,고성동2가 37-7,고성동,1,35.8795427,128.5869527
2020,대구광역시 북구 고성동2가 48,고성동2가 48,고성동,2,35.8797709,128.5862824
2020,대구광역시 북구 고성동2가 61-2,고성동2가 61-2,고성동,1,35.8804152,128.5850995
2020,대구광역시 북구 고성동2가 63-11,고성동2가 63-11,고성동,1,35.8796652,128.5858316
2020,대구광역시 북구 고성동2가 63-16,고성동2가 63-16,고성동,1,35.8795416,128.5858098
2020,대구광역시 북구 고성동2가 63-18,고성동2가 63-18,고성동,1,35.879504,128.585712
2020,대구광역시 북구 고성동2가 63-3,고성동2가 63-3,고성동,7,35.8797019,128.5856935
2020,대구광역시 북구 고성동2가 63-7,고성동2가 63-7,고성동,1,35.8797226,128.5858795
2020,대구광역시 북구 고성동2가 65-2,고성동2가 65-2,고성동,1,35.8797517,128.5854854
2020,대구광역시 북구 고성동2가 66-2,고성동2가 66-2,고성동,6,35.8796686,128.5854621
2020,대구광역시 북구 고성동2가 68-1,고성동2가 68-1,고성동,1,35.8798318,128.5853336
2020,대구광역시 북구 고성동2가 71-1,고성동2가 71-1,고성동,1,35.8799945,128.585171
2020,대구광역시 북구 고성동2가 79-2,고성동2가 79-2,고성동,1,35.8806428,128.5841451
2020,대구광역시 북구 고성동2가 89-4,고성동2가 89-4,고성동,1,35.8797448,128.5845584
2020,대구광역시 북구 고성동2가 98-1,고성동2가 98-1,고성동,1,35.8799375,128.583996
2020,대구광역시 북구 고성동3가 102-1,고성동3가 102-1,고성동,1,35.8820123,128.582763
2020,대구광역시 북구 고성동3가 102-16,고성동3가 102-16,고성동,1,35.8815676,128.5824908
2020,대구광역시 북구 고성동3가 102-2,고성동3가 102-2,고성동,1,35.8819721,128.5826347
2020,대구광역시 북구 고성동3가 102-24,고성동3가 102-24,고성동,3,35.8812283,128.5824443
2020,대구광역시 북구 고성동3가 102-25,고성동3가 102-25,고성동,1,35.8812423,128.5825656
2020,대구광역시 북구 고성동3가 103,고성동3가 103,고성동,3,35.8817618,128.5818722
2020,대구광역시 북구 고성동3가 116,고성동3가 116,고성동,1,35.8844788,128.5821449
2020,대구광역시 북구 고성동3가 13-4,고성동3가 13-4,고성동,1,35.8835681,128.586843
2020,대구광역시 북구 고성동3가 143,고성동3가 143,고성동,72,35.8824546,128.5826776
2020,대구광역시 북구 고성동3가 144,고성동3가 144,고성동,10,35.8827392,128.5832305
2020,대구광역시 북구 고성동3가 145,고성동3가 145,고성동,1,35.8828065,128.5845419
2020,대구광역시 북구 고성동3가 17,고성동3가 17,고성동,1,35.8838309,128.5865547
2020,대구광역시 북구 고성동3가 2,고성동3가 2,고성동,38,35.8816737,128.5874162
2020,대구광역시 북구 고성동3가 34-1,고성동3가 34-1,고성동,1,35.8842298,128.5847722
2020,대구광역시 북구 고성동3가 37-5,고성동3가 37-5,고성동,1,35.8840352,128.5841703
2020,대구광역시 북구 고성동3가 39-2,고성동3가 39-2,고성동,1,35.8842091,128.5837708
2020,대구광역시 북구 고성동3가 40-5,고성동3가 40-5,고성동,1,35.8842953,128.5838657
2020,대구광역시 북구 고성동3가 42-1,고성동3가 42-1,고성동,2,35.8844541,128.5836598
2020,대구광역시 북구 고성동3가 46,고성동3가 46,고성동,2,35.8844267,128.5832212
2020,대구광역시 북구 고성동3가 5-10,고성동3가 5-10,고성동,4,35.8827047,128.5854253
2020,대구광역시 북구 고성동3가 5-122,고성동3가 5-122,고성동,1,35.8835436,128.5841161
2020,대구광역시 북구 고성동3가 5-129,고성동3가 5-129,고성동,1,35.882019,128.5853418
2020,대구광역시 북구 고성동3가 5-133,고성동3가 5-133,고성동,1,35.8822429,128.5852421
2020,대구광역시 북구 고성동3가 5-136,고성동3가 5-136,고성동,1,35.8822927,128.585344
2020,대구광역시 북구 고성동3가 5-139,고성동3가 5-139,고성동,1,35.8831704,128.584121
2020,대구광역시 북구 고성동3가 5-14,고성동3가 5-14,고성동,3,35.8823867,128.5847992
2020,대구광역시 북구 고성동3가 5-143,고성동3가 5-143,고성동,1,35.8824975,128.5835176
2020,대구광역시 북구 고성동3가 5-18,고성동3가 5-18,고성동,1,35.8834091,128.5836551
2020,대구광역시 북구 고성동3가 5-32,고성동3가 5-32,고성동,1,35.8837835,128.5844726
2020,대구광역시 북구 고성동3가 5-71,고성동3가 5-71,고성동,1,35.8834027,128.5855683
2020,대구광역시 북구 고성동3가 51-5,고성동3가 51-5,고성동,4,35.8840094,128.5833134
2020,대구광역시 북구 고성동3가 6-119,고성동3가 6-119,고성동,1,35.8810986,128.5850735
2020,대구광역시 북구 고성동3가 6-121,고성동3가 6-121,고성동,2,35.8809343,128.5850242
2020,대구광역시 북구 고성동3가 6-130,고성동3가 6-130,고성동,1,35.8808811,128.5848397
2020,대구광역시 북구 고성동3가 6-145,고성동3가 6-145,고성동,1,35.8820269,128.5849071
2020,대구광역시 북구 고성동3가 6-15,고성동3가 6-15,고성동,1,35.8823055,128.5837327
2020,대구광역시 북구 고성동3가 6-205,고성동3가 6-205,고성동,1,35.881381,128.5842429
2020,대구광역시 북구 고성동3가 6-216,고성동3가 6-216,고성동,1,35.8819389,128.5833828
2020,대구광역시 북구 고성동3가 6-281,고성동3가 6-281,고성동,1,35.8819821,128.5851639
2020,대구광역시 북구 고성동3가 62,고성동3가 62,고성동,1,35.8836927,128.5825697
2020,대구광역시 북구 고성동3가 64-2,고성동3가 64-2,고성동,1,35.8833373,128.583152
2020,대구광역시 북구 고성동3가 64-3,고성동3가 64-3,고성동,2,35.8832581,128.5831652
2020,대구광역시 북구 고성동3가 65-2,고성동3가 65-2,고성동,1,35.8831655,128.5830473
2020,대구광역시 북구 고성동3가 66-3,고성동3가 66-3,고성동,1,35.8833104,128.5829033
2020,대구광역시 북구 고성동3가 67-2,고성동3가 67-2,고성동,1,35.8831785,128.5829002
2020,대구광역시 북구 고성동3가 72,고성동3가 72,고성동,1,35.8829132,128.5830731
2020,대구광역시 북구 고성동3가 73,고성동3가 73,고성동,1,35.8827851,128.5830366
2020,대구광역시 북구 고성동3가 75-6,고성동3가 75-6,고성동,1,35.8828098,128.5829059
2020,대구광역시 북구 고성동3가 83,고성동3가 83,고성동,4,35.8826144,128.5829724
2020,대구광역시 북구 고성동3가 85,고성동3가 85,고성동,2,35.8826978,128.5825828
2020,대구광역시 북구 고성동3가 86,고성동3가 86,고성동,1,35.8825343,128.5827426
2020,대구광역시 북구 고성동3가 88-2,고성동3가 88-2,고성동,1,35.8826084,128.5823907
2020,대구광역시 북구 고성북로 51-1,고성북로 51-1,미상,2,35.8843476,128.5839747
2020,대구광역시 북구 관음동 1084-27,관음동 1084-27,관음동,1,35.9417841,128.5425085
2020,대구광역시 북구 관음동 1084-29,관음동 1084-29,관음동,14,35.9393672,128.541998
2020,대구광역시 북구 관음동 1099,관음동 1099,관음동,1,35.9484447,128.5440625
2020,대구광역시 북구 관음동 1110,관음동 1110,관음동,2,35.935938,128.5410624
2020,대구광역시 북구 관음동 1229,관음동 1229,관음동,1,35.9456653,128.5436817
2020,대구광역시 북구 관음동 1230,관음동 1230,관음동,1,35.9439829,128.5421301
2020,대구광역시 북구 관음동 1230-2,관음동 1230-2,관음동,1,35.943075,128.5420319
2020,대구광역시 북구 관음동 1230-3,관음동 1230-3,관음동,15,35.9430784,128.5422969
2020,대구광역시 북구 관음동 1231,관음동 1231,관음동,143,35.9444607,128.5429544
2020,대구광역시 북구 관음동 1232,관음동 1232,관음동,31,35.9459396,128.5467799
2020,대구광역시 북구 관음동 1233,관음동 1233,관음동,16,35.9462059,128.5453371
2020,대구광역시 북구 관음동 1233-11,관음동 1233-11,관음동,2,35.9463398,128.5459228
2020,대구광역시 북구 관음동 1233-14,관음동 1233-14,관음동,1,35.946216,128.5456126
2020,대구광역시 북구 관음동 1233-16,관음동 1233-16,관음동,1,35.9460912,128.5454165
2020,대구광역시 북구 관음동 1233-19,관음동 1233-19,관음동,1,35.9459048,128.5451219
2020,대구광역시 북구 관음동 1233-2,관음동 1233-2,관음동,1,35.9464581,128.5460962
2020,대구광역시 북구 관음동 1233-20,관음동 1233-20,관음동,2,35.9458388,128.5449568
2020,대구광역시 북구 관음동 1233-28,관음동 1233-28,관음동,1,35.9454993,128.5449826
2020,대구광역시 북구 관음동 1233-30,관음동 1233-30,관음동,1,35.9456511,128.5448372
2020,대구광역시 북구 관음동 1233-31,관음동 1233-31,관음동,4,35.9457241,128.5447652
2020,대구광역시 북구 관음동 1235-13,관음동 1235-13,관음동,1,35.9459451,128.5459897
2020,대구광역시 북구 관음동 1236,관음동 1236,관음동,3,35.9456788,128.5458296
2020,대구광역시 북구 관음동 1237,관음동 1237,관음동,1,35.9460133,128.546517
2020,대구광역시 북구 관음동 1237-11,관음동 1237-11,관음동,1,35.9451401,128.5471438
2020,대구광역시 북구 관음동 1237-14,관음동 1237-14,관음동,1,35.9453534,128.5468818
2020,대구광역시 북구 관음동 1237-9,관음동 1237-9,관음동,1,35.9453078,128.5472077
2020,대구광역시 북구 관음동 1241-14,관음동 1241-14,관음동,1,35.9450792,128.5468142
2020,대구광역시 북구 관음동 1242,관음동 1242,관음동,33,35.9451769,128.5450673
2020,대구광역시 북구 관음동 1243,관음동 1243,관음동,10,35.9446877,128.5433702
2020,대구광역시 북구 관음동 1243-11,관음동 1243-11,관음동,1,35.9447355,128.5436005
2020,대구광역시 북구 관음동 1243-2,관음동 1243-2,관음동,5,35.9454503,128.5444321
2020,대구광역시 북구 관음동 1243-20,관음동 1243-20,관음동,1,35.9438145,128.5431448
2020,대구광역시 북구 관음동 1243-21,관음동 1243-21,관음동,1,35.9437009,128.5431242
2020,대구광역시 북구 관음동 1243-3,관음동 1243-3,관음동,3,35.9453811,128.544324
2020,대구광역시 북구 관음동 1243-4,관음동 1243-4,관음동,1,35.9453129,128.5442213
2020,대구광역시 북구 관음동 1244,관음동 1244,관음동,1,35.9444753,128.5435813
2020,대구광역시 북구 관음동 1245-31,관음동 1245-31,관음동,1,35.9449346,128.5444484
2020,대구광역시 북구 관음동 1248,관음동 1248,관음동,1,35.9443479,128.5440662
2020,대구광역시 북구 관음동 1249-7,관음동 1249-7,관음동,1,35.9445668,128.545242
2020,대구광역시 북구 관음동 125,관음동 125,관음동,1,35.9472354,128.5439844
2020,대구광역시 북구 관음동 1257-12,관음동 1257-12,관음동,2,35.9434736,128.5449307
2020,대구광역시 북구 관음동 1258,관음동 1258,관음동,1,35.9434232,128.5441184
2020,대구광역시 북구 관음동 1259,관음동 1259,관음동,2,35.9436321,128.5430597
2020,대구광역시 북구 관음동 1260,관음동 1260,관음동,4,35.9428248,128.5427815
2020,대구광역시 북구 관음동 1260-15,관음동 1260-15,관음동,1,35.9420414,128.5428008
2020,대구광역시 북구 관음동 1268-22,관음동 1268-22,관음동,1,35.9430849,128.5448141
2020,대구광역시 북구 관음동 1268-23,관음동 1268-23,관음동,1,35.9431886,128.5448422
2020,대구광역시 북구 관음동 1273-9,관음동 1273-9,관음동,1,35.9417089,128.544031
2020,대구광역시 북구 관음동 1274,관음동 1274,관음동,95,35.9433157,128.5450643
2020,대구광역시 북구 관음동 1275-11,관음동 1275-11,관음동,1,35.9446944,128.5464504
2020,대구광역시 북구 관음동 1276,관음동 1276,관음동,1,35.9441849,128.5458742
2020,대구광역시 북구 관음동 1283,관음동 1283,관음동,2,35.9440716,128.5470276
2020,대구광역시 북구 관음동 1284,관음동 1284,관음동,1,35.9448997,128.5472353
2020,대구광역시 북구 관음동 1284-10,관음동 1284-10,관음동,2,35.9442443,128.5473327
2020,대구광역시 북구 관음동 1284-3,관음동 1284-3,관음동,1,35.9444412,128.5471961
2020,대구광역시 북구 관음동 1284-5,관음동 1284-5,관음동,1,35.9442518,128.5471459
2020,대구광역시 북구 관음동 1286-8,관음동 1286-8,관음동,1,35.9433663,128.5473533
2020,대구광역시 북구 관음동 1287,관음동 1287,관음동,5,35.944158,128.547499
2020,대구광역시 북구 관음동 1288,관음동 1288,관음동,1,35.9432418,128.5472355
2020,대구광역시 북구 관음동 1289,관음동 1289,관음동,5,35.9422653,128.547383
2020,대구광역시 북구 관음동 1291,관음동 1291,관음동,1,35.9423978,128.5471502
2020,대구광역시 북구 관음동 1292-5,관음동 1292-5,관음동,1,35.9418012,128.5470223
2020,대구광역시 북구 관음동 1295,관음동 1295,관음동,2,35.9422906,128.5464619
2020,대구광역시 북구 관음동 1297,관음동 1297,관음동,2,35.9414686,128.545656
2020,대구광역시 북구 관음동 1297-2,관음동 1297-2,관음동,1,35.9414876,128.5459469
2020,대구광역시 북구 관음동 1298,관음동 1298,관음동,1,35.9423049,128.54518
2020,대구광역시 북구 관음동 1302,관음동 1302,관음동,12,35.9416563,128.5436637
2020,대구광역시 북구 관음동 1303,관음동 1303,관음동,1,35.9417451,128.542891
2020,대구광역시 북구 관음동 1306,관음동 1306,관음동,1,35.9408315,128.5439737
2020,대구광역시 북구 관음동 1308-8,관음동 1308-8,관음동,1,35.9402933,128.5442639
2020,대구광역시 북구 관음동 1308-9,관음동 1308-9,관음동,1,35.9404037,128.5442717
2020,대구광역시 북구 관음동 1309-1,관음동 1309-1,관음동,1,35.9411526,128.5436786
2020,대구광역시 북구 관음동 1314,관음동 1314,관음동,1,35.9398191,128.5439253
2020,대구광역시 북구 관음동 1315-10,관음동 1315-10,관음동,1,35.9398092,128.5442395
2020,대구광역시 북구 관음동 1315-9,관음동 1315-9,관음동,1,35.9397025,128.5442335
2020,대구광역시 북구 관음동 1317,관음동 1317,관음동,9,35.9393529,128.5421138
2020,대구광역시 북구 관음동 1317-10,관음동 1317-10,관음동,3,35.9392633,128.542485
2020,대구광역시 북구 관음동 1317-11,관음동 1317-11,관음동,1,35.9392703,128.542347
2020,대구광역시 북구 관음동 1317-12,관음동 1317-12,관음동,9,35.9392742,128.5422119
2020,대구광역시 북구 관음동 1318,관음동 1318,관음동,3,35.939306,128.5430222
2020,대구광역시 북구 관음동 1319-10,관음동 1319-10,관음동,1,35.939165,128.5441965
2020,대구광역시 북구 관음동 1319-12,관음동 1319-12,관음동,1,35.9391971,128.5439126
2020,대구광역시 북구 관음동 1319-18,관음동 1319-18,관음동,2,35.9392332,128.5431236
2020,대구광역시 북구 관음동 1320,관음동 1320,관음동,70,35.9390854,128.5431504
2020,대구광역시 북구 관음동 1321,관음동 1321,관음동,30,35.9377951,128.5423664
2020,대구광역시 북구 관음동 1322,관음동 1322,관음동,6,35.9381848,128.5429619
2020,대구광역시 북구 관음동 1323,관음동 1323,관음동,1,35.9389332,128.5430994
2020,대구광역시 북구 관음동 1323-22,관음동 1323-22,관음동,1,35.9387526,128.5439656
2020,대구광역시 북구 관음동 1323-9,관음동 1323-9,관음동,3,35.9388817,128.544213
2020,대구광역시 북구 관음동 1327,관음동 1327,관음동,1,35.9367785,128.5436134
2020,대구광역시 북구 관음동 1328,관음동 1328,관음동,98,35.939064,128.5444115
2020,대구광역시 북구 관음동 1330-3,관음동 1330-3,관음동,1,35.9403438,128.5446287
2020,대구광역시 북구 관음동 1330-4,관음동 1330-4,관음동,1,35.9402572,128.5446263
2020,대구광역시 북구 관음동 1331,관음동 1331,관음동,1,35.939801,128.5448916
2020,대구광역시 북구 관음동 1332,관음동 1332,관음동,1,35.9401089,128.5446101
2020,대구광역시 북구 관음동 1335-14,관음동 1335-14,관음동,2,35.9391524,128.5450153
2020,대구광역시 북구 관음동 1335-16,관음동 1335-16,관음동,1,35.9391621,128.5447712
2020,대구광역시 북구 관음동 1335-17,관음동 1335-17,관음동,1,35.939167,128.5446484
2020,대구광역시 북구 관음동 1335-18,관음동 1335-18,관음동,2,35.9391777,128.5445303
2020,대구광역시 북구 관음동 1335-6,관음동 1335-6,관음동,1,35.9392897,128.545277
2020,대구광역시 북구 관음동 1335-8,관음동 1335-8,관음동,1,35.9392948,128.545564
2020,대구광역시 북구 관음동 1336,관음동 1336,관음동,1,35.9398841,128.5456921
2020,대구광역시 북구 관음동 1339,관음동 1339,관음동,13,35.9401028,128.5457803
2020,대구광역시 북구 관음동 1340,관음동 1340,관음동,1,35.9408812,128.5465686
2020,대구광역시 북구 관음동 1340-1,관음동 1340-1,관음동,9,35.9400982,128.5465173
2020,대구광역시 북구 관음동 1340-14,관음동 1340-14,관음동,1,35.9394235,128.5468224
2020,대구광역시 북구 관음동 1340-2,관음동 1340-2,관음동,2,35.9396777,128.5464909
2020,대구광역시 북구 관음동 1340-22,관음동 1340-22,관음동,5,35.9393345,128.5464684
2020,대구광역시 북구 관음동 1340-32,관음동 1340-32,관음동,1,35.9392042,128.5470852
2020,대구광역시 북구 관음동 1340-33,관음동 1340-33,관음동,1,35.9390613,128.5470764
2020,대구광역시 북구 관음동 1341,관음동 1341,관음동,3,35.9401001,128.54725
2020,대구광역시 북구 관음동 1342,관음동 1342,관음동,41,35.9389702,128.545826
2020,대구광역시 북구 관음동 1343,관음동 1343,관음동,1,35.9389004,128.5445643
2020,대구광역시 북구 관음동 1343-18,관음동 1343-18,관음동,1,35.938797,128.5445587
2020,대구광역시 북구 관음동 1343-2,관음동 1343-2,관음동,3,35.9388678,128.5448392
2020,대구광역시 북구 관음동 1343-4,관음동 1343-4,관음동,1,35.9388584,128.5450806
2020,대구광역시 북구 관음동 1345,관음동 1345,관음동,1,35.9388222,128.545796
2020,대구광역시 북구 관음동 1346,관음동 1346,관음동,4,35.9385487,128.5457842
2020,대구광역시 북구 관음동 1347,관음동 1347,관음동,6,35.938483,128.5445131
2020,대구광역시 북구 관음동 1349-3,관음동 1349-3,관음동,1,35.9384526,128.5455691
2020,대구광역시 북구 관음동 1350,관음동 1350,관음동,12,35.9375766,128.5460103
2020,대구광역시 북구 관음동 1357,관음동 1357,관음동,1,35.937403,128.5452424
2020,대구광역시 북구 관음동 1358,관음동 1358,관음동,1,35.9372996,128.5448774
2020,대구광역시 북구 관음동 1358-4,관음동 1358-4,관음동,1,35.9371913,128.5456465
2020,대구광역시 북구 관음동 136,관음동 136,관음동,1,35.947144,128.5423071
2020,대구광역시 북구 관음동 1360-16,관음동 1360-16,관음동,1,35.9367596,128.5457106
2020,대구광역시 북구 관음동 1360-25,관음동 1360-25,관음동,1,35.9368296,128.5445462
2020,대구광역시 북구 관음동 1364-11,관음동 1364-11,관음동,2,35.9367193,128.5460771
2020,대구광역시 북구 관음동 1364-12,관음동 1364-12,관음동,1,35.9366926,128.5461862
2020,대구광역시 북구 관음동 1364-17,관음동 1364-17,관음동,2,35.9365478,128.5468904
2020,대구광역시 북구 관음동 1364-18,관음동 1364-18,관음동,2,35.9366488,128.5468967
2020,대구광역시 북구 관음동 1365,관음동 1365,관음동,29,35.9376602,128.5470917
2020,대구광역시 북구 관음동 1366,관음동 1366,관음동,140,35.9366564,128.5442914
2020,대구광역시 북구 관음동 1367-1,관음동 1367-1,관음동,11,35.9369944,128.5411204
2020,대구광역시 북구 관음동 1368,관음동 1368,관음동,138,35.9365976,128.541312
2020,대구광역시 북구 관음동 1369,관음동 1369,관음동,1,35.9352441,128.5403362
2020,대구광역시 북구 관음동 1369-1,관음동 1369-1,관음동,3,35.9347688,128.5399859
2020,대구광역시 북구 관음동 1369-2,관음동 1369-2,관음동,6,35.9350417,128.5407269
2020,대구광역시 북구 관음동 1370,관음동 1370,관음동,49,35.9354907,128.5431289
2020,대구광역시 북구 관음동 1370-1,관음동 1370-1,관음동,20,35.934729,128.5419587
2020,대구광역시 북구 관음동 1371,관음동 1371,관음동,15,35.9352654,128.5444023
2020,대구광역시 북구 관음동 1372,관음동 1372,관음동,46,35.9352381,128.5462198
2020,대구광역시 북구 관음동 1372-1,관음동 1372-1,관음동,4,35.933709,128.5468818
2020,대구광역시 북구 관음동 1372-2,관음동 1372-2,관음동,20,35.9334225,128.5473968
2020,대구광역시 북구 관음동 1373,관음동 1373,관음동,7,35.9342516,128.5457551
2020,대구광역시 북구 관음동 1374,관음동 1374,관음동,4,35.9343809,128.5450977
2020,대구광역시 북구 관음동 1375,관음동 1375,관음동,27,35.9335095,128.5460764
2020,대구광역시 북구 관음동 1376,관음동 1376,관음동,84,35.9346579,128.5480371
2020,대구광역시 북구 관음동 1377,관음동 1377,관음동,3,35.9347733,128.5483459
2020,대구광역시 북구 관음동 1378-3,관음동 1378-3,관음동,1,35.9340649,128.5483528
2020,대구광역시 북구 관음동 1378-4,관음동 1378-4,관음동,1,35.9339066,128.5483288
2020,대구광역시 북구 관음동 1378-5,관음동 1378-5,관음동,13,35.9336614,128.5482914
2020,대구광역시 북구 관음동 1378-6,관음동 1378-6,관음동,29,35.9338556,128.5481823
2020,대구광역시 북구 관음동 1378-7,관음동 1378-7,관음동,6,35.9332473,128.5480989
2020,대구광역시 북구 관음동 1378-8,관음동 1378-8,관음동,2,35.9336624,128.5480372
2020,대구광역시 북구 관음동 1379,관음동 1379,관음동,15,35.9337851,128.548513
2020,대구광역시 북구 관음동 1380,관음동 1380,관음동,2,35.9411094,128.5475053
2020,대구광역시 북구 관음동 1381,관음동 1381,관음동,12,35.9408075,128.5486184
2020,대구광역시 북구 관음동 1383-1,관음동 1383-1,관음동,9,35.9396398,128.5484609
2020,대구광역시 북구 관음동 1383-2,관음동 1383-2,관음동,9,35.9395378,128.5473696
2020,대구광역시 북구 관음동 1383-3,관음동 1383-3,관음동,2,35.9395428,128.5493652
2020,대구광역시 북구 관음동 1383-4,관음동 1383-4,관음동,3,35.9401734,128.5497384
2020,대구광역시 북구 관음동 1384,관음동 1384,관음동,3,35.9401022,128.5473188
2020,대구광역시 북구 관음동 1385,관음동 1385,관음동,14,35.9386272,128.5482326
2020,대구광역시 북구 관음동 1386,관음동 1386,관음동,5,35.9378606,128.5480304
2020,대구광역시 북구 관음동 1386-1,관음동 1386-1,관음동,30,35.9376166,128.5472455
2020,대구광역시 북구 관음동 1386-14,관음동 1386-14,관음동,1,35.9367767,128.5487768
2020,대구광역시 북구 관음동 1386-16,관음동 1386-16,관음동,3,35.936361,128.5487103
2020,대구광역시 북구 관음동 1386-17,관음동 1386-17,관음동,2,35.9362369,128.5485658
2020,대구광역시 북구 관음동 1386-2,관음동 1386-2,관음동,6,35.9367287,128.547912
2020,대구광역시 북구 관음동 1386-3,관음동 1386-3,관음동,5,35.9363419,128.5478668
2020,대구광역시 북구 관음동 1386-4,관음동 1386-4,관음동,3,35.9373065,128.5487268
2020,대구광역시 북구 관음동 1386-5,관음동 1386-5,관음동,2,35.9381829,128.5490592
2020,대구광역시 북구 관음동 1386-6,관음동 1386-6,관음동,2,35.9379609,128.5489881
2020,대구광역시 북구 관음동 1387,관음동 1387,관음동,48,35.9376463,128.5471604
2020,대구광역시 북구 관음동 1388,관음동 1388,관음동,86,35.9362665,128.5479215
2020,대구광역시 북구 관음동 1389,관음동 1389,관음동,83,35.9355386,128.5475627
2020,대구광역시 북구 관음동 1400,관음동 1400,관음동,31,35.9359626,128.5477574
2020,대구광역시 북구 관음동 1400-1,관음동 1400-1,관음동,5,35.935967,128.5473314
2020,대구광역시 북구 관음동 1400-2,관음동 1400-2,관음동,28,35.9354092,128.5478776
2020,대구광역시 북구 관음동 1401,관음동 1401,관음동,23,35.9355546,128.5481798
2020,대구광역시 북구 관음동 1402,관음동 1402,관음동,3,35.9360137,128.5485464
2020,대구광역시 북구 관음동 1402-1,관음동 1402-1,관음동,3,35.9357836,128.5486269
2020,대구광역시 북구 관음동 1402-10,관음동 1402-10,관음동,1,35.9354605,128.5483233
2020,대구광역시 북구 관음동 1402-11,관음동 1402-11,관음동,1,35.9355733,128.5483362
2020,대구광역시 북구 관음동 1402-12,관음동 1402-12,관음동,1,35.9357685,128.5483682
2020,대구광역시 북구 관음동 1402-6,관음동 1402-6,관음동,4,35.9349686,128.5483789
2020,대구광역시 북구 관음동 1402-7,관음동 1402-7,관음동,1,35.9355726,128.5484555
2020,대구광역시 북구 관음동 1402-8,관음동 1402-8,관음동,2,35.9352433,128.5482836
2020,대구광역시 북구 관음동 1403,관음동 1403,관음동,4,35.9348325,128.5483556
2020,대구광역시 북구 관음동 1404-2,관음동 1404-2,관음동,2,35.9407132,128.5476245
2020,대구광역시 북구 관음동 149-1,관음동 149-1,관음동,1,35.9468158,128.5446328
2020,대구광역시 북구 관음동 15-2,관음동 15-2,관음동,2,35.9484953,128.5436204
2020,대구광역시 북구 관음동 151-5,관음동 151-5,관음동,1,35.9461767,128.5444611
2020,대구광역시 북구 관음동 184-4,관음동 184-4,관음동,1,35.9429993,128.5467228
2020,대구광역시 북구 관음동 187,관음동 187,관음동,1,35.9429515,128.5459618
2020,대구광역시 북구 관음동 189,관음동 189,관음동,1,35.9431758,128.545973
2020,대구광역시 북구 관음동 190-1,관음동 190-1,관음동,1,35.9433493,128.5456566
2020,대구광역시 북구 관음동 193-3,관음동 193-3,관음동,1,35.9437146,128.5453578
2020,대구광역시 북구 관음동 195-2,관음동 195-2,관음동,1,35.943176,128.5454914
2020,대구광역시 북구 관음동 195-8,관음동 195-8,관음동,1,35.9428233,128.5458639
2020,대구광역시 북구 관음동 196,관음동 196,관음동,4,35.9432987,128.5452346
2020,대구광역시 북구 관음동 206-1,관음동 206-1,관음동,1,35.9431291,128.5451763
2020,대구광역시 북구 관음동 207,관음동 207,관음동,1,35.9430853,128.5451365
2020,대구광역시 북구 관음동 209-10,관음동 209-10,관음동,1,35.9427545,128.5450321
2020,대구광역시 북구 관음동 209-7,관음동 209-7,관음동,1,35.94266,128.5450505
2020,대구광역시 북구 관음동 215,관음동 215,관음동,1,35.9426363,128.5452325
2020,대구광역시 북구 관음동 297,관음동 297,관음동,1,35.941555,128.5454177
2020,대구광역시 북구 관음동 350-1,관음동 350-1,관음동,1,35.9418753,128.5422923
2020,대구광역시 북구 관음동 351-10,관음동 351-10,관음동,1,35.9406844,128.5422966
2020,대구광역시 북구 관음동 351-6,관음동 351-6,관음동,1,35.9413534,128.5418391
2020,대구광역시 북구 관음동 351-9,관음동 351-9,관음동,25,35.9399916,128.5416154
2020,대구광역시 북구 관음동 354,관음동 354,관음동,10,35.9427169,128.5410764
2020,대구광역시 북구 관음동 363,관음동 363,관음동,1,35.9435008,128.541062
2020,대구광역시 북구 관음동 415-1,관음동 415-1,관음동,1,35.9401412,128.5421633
2020,대구광역시 북구 관음동 417-1,관음동 417-1,관음동,4,35.9398417,128.5419439
2020,대구광역시 북구 관음동 418,관음동 418,관음동,7,35.9396071,128.541818
2020,대구광역시 북구 관음동 419-1,관음동 419-1,관음동,3,35.9392136,128.5419288
2020,대구광역시 북구 관음동 477-1,관음동 477-1,관음동,1,35.937819,128.5454835
2020,대구광역시 북구 관음동 569-1,관음동 569-1,관음동,1,35.9337674,128.5475514
2020,대구광역시 북구 관음동 599,관음동 599,관음동,2,35.9376034,128.5442411
2020,대구광역시 북구 관음동 599-8,관음동 599-8,관음동,1,35.9374527,128.5437462
2020,대구광역시 북구 관음동 603,관음동 603,관음동,14,35.9370969,128.5437031
2020,대구광역시 북구 관음동 766-1,관음동 766-1,관음동,1,35.9342482,128.5402969
2020,대구광역시 북구 관음동 809-1,관음동 809-1,관음동,2,35.9363234,128.5408462
2020,대구광역시 북구 관음동 809-2,관음동 809-2,관음동,8,35.9361994,128.5408008
2020,대구광역시 북구 관음동 809-3,관음동 809-3,관음동,16,35.9361852,128.5410483
2020,대구광역시 북구 관음동 809-4,관음동 809-4,관음동,13,35.9360321,128.5409507
2020,대구광역시 북구 관음동 809-7,관음동 809-7,관음동,2,35.9361403,128.5408683
2020,대구광역시 북구 관음동 809-9,관음동 809-9,관음동,1,35.9359227,128.5408483
2020,대구광역시 북구 관음동 810-2,관음동 810-2,관음동,4,35.9362226,128.5412278
2020,대구광역시 북구 관음동 810-3,관음동 810-3,관음동,2,35.9364576,128.5410417
2020,대구광역시 북구 관음동 811,관음동 811,관음동,1,35.9366661,128.5406878
2020,대구광역시 북구 관음동 812,관음동 812,관음동,1,35.9364194,128.5406032
2020,대구광역시 북구 관음동 816,관음동 816,관음동,1,35.9365793,128.5410751
2020,대구광역시 북구 관음동 817,관음동 817,관음동,1,35.936438,128.5411571
2020,대구광역시 북구 관음동 828-1,관음동 828-1,관음동,3,35.9381083,128.5415128
2020,대구광역시 북구 관음동 832,관음동 832,관음동,1,35.937191,128.5405099
2020,대구광역시 북구 관음동 838-2,관음동 838-2,관음동,3,35.938845,128.5415255
2020,대구광역시 북구 관음동 894,관음동 894,관음동,2,35.9357254,128.5391911
2020,대구광역시 북구 관음동 904-1,관음동 904-1,관음동,1,35.9338774,128.5403523
2020,대구광역시 북구 관음동 904-2,관음동 904-2,관음동,1,35.933832,128.5404041
2020,대구광역시 북구 관음동 905-6,관음동 905-6,관음동,1,35.9337546,128.5402623
2020,대구광역시 북구 관음동 산 103,관음동 산 103,관음동,1,35.9470136,128.5347926
2020,대구광역시 북구 관음동 산 27-1,관음동 산 27-1,관음동,1,35.9464625,128.538755
2020,대구광역시 북구 관음동 산 30-3,관음동 산 30-3,관음동,2,35.9467329,128.5399179
2020,대구광역시 북구 관음동 산 31,관음동 산 31,관음동,7,35.9456521,128.5406959
2020,대구광역시 북구 관음동 산 64-21,관음동 산 64-21,관음동,1,35.9413908,128.5423777
2020,대구광역시 북구 관음동 산 72-4,관음동 산 72-4,관음동,2,35.9386006,128.5415418
2020,대구광역시 북구 관음동 산 72-5,관음동 산 72-5,관음동,3,35.9383325,128.5414912
2020,대구광역시 북구 관음동 산 84-1,관음동 산 84-1,관음동,1,35.9355333,128.540247
2020,대구광역시 북구 관음동 산 91-2,관음동 산 91-2,관음동,1,35.9337329,128.5390406
2020,대구광역시 북구 관음중앙로141,관음중앙로141,미상,1,35.9452638,128.5477961
2020,대구광역시 북구 구암동 458,구암동 458,구암동,1,35.9305242,128.56348
2020,대구광역시 북구 구암동 484-1,구암동 484-1,구암동,1,35.9308554,128.5624279
2020,대구광역시 북구 구암동 488-3,구암동 488-3,구암동,1,35.928061,128.5605807
2020,대구광역시 북구 구암동 605,구암동 605,구암동,1,35.9238126,128.5522364
2020,대구광역시 북구 구암동 606,구암동 606,구암동,2,35.9243639,128.5520068
2020,대구광역시 북구 구암동 615-13,구암동 615-13,구암동,2,35.9313142,128.564155
2020,대구광역시 북구 구암동 615-9,구암동 615-9,구암동,1,35.9316628,128.5662076
2020,대구광역시 북구 구암동 616-31,구암동 616-31,구암동,1,35.9234874,128.5520589
2020,대구광역시 북구 구암동 643-2,구암동 643-2,구암동,1,35.9270586,128.5603469
2020,대구광역시 북구 구암동 648,구암동 648,구암동,1,35.9316485,128.5552612
2020,대구광역시 북구 구암동 648-1,구암동 648-1,구암동,1,35.9315744,128.5553181
2020,대구광역시 북구 구암동 650,구암동 650,구암동,1,35.9314926,128.5568301
2020,대구광역시 북구 구암동 651,구암동 651,구암동,22,35.9312882,128.5576566
2020,대구광역시 북구 구암동 653-2,구암동 653-2,구암동,1,35.9313032,128.5560063
2020,대구광역시 북구 구암동 653-4,구암동 653-4,구암동,3,35.9312695,128.556415
2020,대구광역시 북구 구암동 654,구암동 654,구암동,1,35.9314163,128.5550503
2020,대구광역시 북구 구암동 654-1,구암동 654-1,구암동,3,35.9314004,128.555307
2020,대구광역시 북구 구암동 655,구암동 655,구암동,48,35.930313,128.5550641
2020,대구광역시 북구 구암동 655-1,구암동 655-1,구암동,1,35.9305674,128.5567604
2020,대구광역시 북구 구암동 655-2,구암동 655-2,구암동,4,35.9307413,128.5576095
2020,대구광역시 북구 구암동 655-3,구암동 655-3,구암동,3,35.9298503,128.5566067
2020,대구광역시 북구 구암동 655-4,구암동 655-4,구암동,78,35.9289467,128.5547629
2020,대구광역시 북구 구암동 656-11,구암동 656-11,구암동,2,35.9281566,128.5529319
2020,대구광역시 북구 구암동 656-7,구암동 656-7,구암동,1,35.9277519,128.5525443
2020,대구광역시 북구 구암동 657-5,구암동 657-5,구암동,1,35.9279237,128.5540268
2020,대구광역시 북구 구암동 657-6,구암동 657-6,구암동,1,35.9279369,128.5538749
2020,대구광역시 북구 구암동 658-17,구암동 658-17,구암동,1,35.9277518,128.5538377
2020,대구광역시 북구 구암동 658-8,구암동 658-8,구암동,2,35.9268381,128.5538714
2020,대구광역시 북구 구암동 659-5,구암동 659-5,구암동,1,35.9275847,128.5535831
2020,대구광역시 북구 구암동 662,구암동 662,구암동,3,35.9270244,128.5527673
2020,대구광역시 북구 구암동 663,구암동 663,구암동,1,35.9275866,128.552407
2020,대구광역시 북구 구암동 663-10,구암동 663-10,구암동,3,35.9266897,128.5518089
2020,대구광역시 북구 구암동 663-11,구암동 663-11,구암동,1,35.9267667,128.5519036
2020,대구광역시 북구 구암동 663-16,구암동 663-16,구암동,1,35.9272143,128.5522848
2020,대구광역시 북구 구암동 663-9,구암동 663-9,구암동,2,35.9267224,128.5516664
2020,대구광역시 북구 구암동 664-1,구암동 664-1,구암동,1,35.9267921,128.5523716
2020,대구광역시 북구 구암동 664-6,구암동 664-6,구암동,1,35.9267212,128.553067
2020,대구광역시 북구 구암동 664-7,구암동 664-7,구암동,29,35.9265878,128.5530468
2020,대구광역시 북구 구암동 664-8,구암동 664-8,구암동,3,35.9266014,128.5529073
2020,대구광역시 북구 구암동 664-9,구암동 664-9,구암동,1,35.9266153,128.5527666
2020,대구광역시 북구 구암동 665-5,구암동 665-5,구암동,5,35.9265187,128.5538366
2020,대구광역시 북구 구암동 665-9,구암동 665-9,구암동,2,35.926572,128.5532539
2020,대구광역시 북구 구암동 666,구암동 666,구암동,2,35.9265068,128.5514404
2020,대구광역시 북구 구암동 666-17,구암동 666-17,구암동,1,35.9264909,128.5516261
2020,대구광역시 북구 구암동 666-8,구암동 666-8,구암동,3,35.9257396,128.5508306
2020,대구광역시 북구 구암동 667,구암동 667,구암동,1,35.926448,128.5518821
2020,대구광역시 북구 구암동 667-3,구암동 667-3,구암동,1,35.9264117,128.5523557
2020,대구광역시 북구 구암동 667-4,구암동 667-4,구암동,3,35.926395,128.5525047
2020,대구광역시 북구 구암동 667-5,구암동 667-5,구암동,2,35.9262645,128.5524805
2020,대구광역시 북구 구암동 667-7,구암동 667-7,구암동,1,35.9262925,128.5521749
2020,대구광역시 북구 구암동 668-5,구암동 668-5,구암동,1,35.926084,128.5523221
2020,대구광역시 북구 구암동 668-6,구암동 668-6,구암동,7,35.9260683,128.5524652
2020,대구광역시 북구 구암동 668-7,구암동 668-7,구암동,1,35.9259317,128.5524432
2020,대구광역시 북구 구암동 669-10,구암동 669-10,구암동,1,35.9256318,128.5520952
2020,대구광역시 북구 구암동 669-8,구암동 669-8,구암동,1,35.9256052,128.5523853
2020,대구광역시 북구 구암동 669-9,구암동 669-9,구암동,1,35.925618,128.5522373
2020,대구광역시 북구 구암동 670-1,구암동 670-1,구암동,1,35.9255462,128.5508509
2020,대구광역시 북구 구암동 670-10,구암동 670-10,구암동,2,35.9254143,128.5508275
2020,대구광역시 북구 구암동 670-11,구암동 670-11,구암동,1,35.9254331,128.5506824
2020,대구광역시 북구 구암동 670-4,구암동 670-4,구암동,1,35.9255067,128.5512601
2020,대구광역시 북구 구암동 670-6,구암동 670-6,구암동,3,35.925361,128.5513811
2020,대구광역시 북구 구암동 671-5,구암동 671-5,구암동,1,35.925398,128.5523568
2020,대구광역시 북구 구암동 672,구암동 672,구암동,23,35.9257602,128.5531899
2020,대구광역시 북구 구암동 673,구암동 673,구암동,4,35.9262583,128.5540707
2020,대구광역시 북구 구암동 673-1,구암동 673-1,구암동,3,35.9261467,128.5540518
2020,대구광역시 북구 구암동 673-14,구암동 673-14,구암동,1,35.9261333,128.5542153
2020,대구광역시 북구 구암동 673-7,구암동 673-7,구암동,2,35.9254492,128.5539484
2020,대구광역시 북구 구암동 674-7,구암동 674-7,구암동,1,35.925093,128.5541885
2020,대구광역시 북구 구암동 674-9,구암동 674-9,구암동,2,35.9251237,128.5538928
2020,대구광역시 북구 구암동 678,구암동 678,구암동,3,35.9265918,128.5551535
2020,대구광역시 북구 구암동 678-9,구암동 678-9,구암동,1,35.9262086,128.5544755
2020,대구광역시 북구 구암동 679,구암동 679,구암동,1,35.9261865,128.5553301
2020,대구광역시 북구 구암동 682,구암동 682,구암동,2,35.9265525,128.5568666
2020,대구광역시 북구 구암동 685,구암동 685,구암동,4,35.9270481,128.5557287
2020,대구광역시 북구 구암동 685-6,구암동 685-6,구암동,2,35.9267233,128.555316
2020,대구광역시 북구 구암동 686,구암동 686,구암동,5,35.9272821,128.5559979
2020,대구광역시 북구 구암동 686-1,구암동 686-1,구암동,1,35.9272053,128.5560927
2020,대구광역시 북구 구암동 686-15,구암동 686-15,구암동,1,35.9271987,128.555892
2020,대구광역시 북구 구암동 686-3,구암동 686-3,구암동,1,35.9270335,128.5562936
2020,대구광역시 북구 구암동 686-5,구암동 686-5,구암동,1,35.9268617,128.5564938
2020,대구광역시 북구 구암동 686-7,구암동 686-7,구암동,3,35.9266915,128.5566892
2020,대구광역시 북구 구암동 686-8,구암동 686-8,구암동,3,35.9266065,128.5565794
2020,대구광역시 북구 구암동 687-7,구암동 687-7,구암동,4,35.927898,128.5543033
2020,대구광역시 북구 구암동 688-10,구암동 688-10,구암동,1,35.9276474,128.5553553
2020,대구광역시 북구 구암동 688-5,구암동 688-5,구암동,1,35.9275363,128.555699
2020,대구광역시 북구 구암동 688-6,구암동 688-6,구암동,5,35.9274415,128.5558053
2020,대구광역시 북구 구암동 688-7,구암동 688-7,구암동,26,35.9273574,128.5556996
2020,대구광역시 북구 구암동 689-10,구암동 689-10,구암동,1,35.9269146,128.5543288
2020,대구광역시 북구 구암동 691,구암동 691,구암동,1,35.9272671,128.5545992
2020,대구광역시 북구 구암동 692,구암동 692,구암동,1,35.9273199,128.5554017
2020,대구광역시 북구 구암동 692-10,구암동 692-10,구암동,1,35.9268144,128.5549928
2020,대구광역시 북구 구암동 692-15,구암동 692-15,구암동,4,35.9272325,128.555523
2020,대구광역시 북구 구암동 693,구암동 693,구암동,1,35.9266167,128.554168
2020,대구광역시 북구 구암동 693-2,구암동 693-2,구암동,3,35.9264849,128.5541496
2020,대구광역시 북구 구암동 693-4,구암동 693-4,구암동,1,35.9265022,128.5545873
2020,대구광역시 북구 구암동 694,구암동 694,구암동,20,35.9284519,128.5568473
2020,대구광역시 북구 구암동 694-2,구암동 694-2,구암동,4,35.927336,128.5571413
2020,대구광역시 북구 구암동 694-5,구암동 694-5,구암동,1,35.9270922,128.5578083
2020,대구광역시 북구 구암동 695,구암동 695,구암동,6,35.9306191,128.5588718
2020,대구광역시 북구 구암동 695-1,구암동 695-1,구암동,8,35.9303137,128.5601826
2020,대구광역시 북구 구암동 695-2,구암동 695-2,구암동,8,35.9295394,128.5582108
2020,대구광역시 북구 구암동 695-3,구암동 695-3,구암동,8,35.9289796,128.5592474
2020,대구광역시 북구 구암동 695-4,구암동 695-4,구암동,1,35.9284487,128.558612
2020,대구광역시 북구 구암동 695-7,구암동 695-7,구암동,1,35.9302818,128.5609831
2020,대구광역시 북구 구암동 696,구암동 696,구암동,2,35.9275022,128.5591554
2020,대구광역시 북구 구암동 700,구암동 700,구암동,1,35.926446,128.5592999
2020,대구광역시 북구 구암동 711,구암동 711,구암동,13,35.9313747,128.5564208
2020,대구광역시 북구 구암동 712,구암동 712,구암동,152,35.9311212,128.5564091
2020,대구광역시 북구 구암동 713,구암동 713,구암동,120,35.9297468,128.55751
2020,대구광역시 북구 구암동 714,구암동 714,구암동,252,35.9274158,128.5560972
2020,대구광역시 북구 구암동 715,구암동 715,구암동,102,35.9291498,128.5531534
2020,대구광역시 북구 구암동 716,구암동 716,구암동,268,35.9285125,128.55277
2020,대구광역시 북구 구암동 717,구암동 717,구암동,3,35.9275544,128.5529715
2020,대구광역시 북구 구암동 718,구암동 718,구암동,3,35.9277737,128.5528746
2020,대구광역시 북구 구암동 720,구암동 720,구암동,58,35.9275125,128.5553425
2020,대구광역시 북구 구암동 721,구암동 721,구암동,1,35.9270817,128.554905
2020,대구광역시 북구 구암동 725,구암동 725,구암동,15,35.9270804,128.5523117
2020,대구광역시 북구 구암동 726,구암동 726,구암동,8,35.9268055,128.5532995
2020,대구광역시 북구 구암동 727,구암동 727,구암동,91,35.9265061,128.5526664
2020,대구광역시 북구 구암동 728,구암동 728,구암동,8,35.926104,128.5514573
2020,대구광역시 북구 구암동 729,구암동 729,구암동,5,35.9262087,128.5520832
2020,대구광역시 북구 구암동 731,구암동 731,구암동,5,35.9255821,128.5515744
2020,대구광역시 북구 구암동 732,구암동 732,구암동,14,35.9258209,128.5525455
2020,대구광역시 북구 구암동 733,구암동 733,구암동,53,35.9258843,128.5538734
2020,대구광역시 북구 구암동 734,구암동 734,구암동,120,35.9267479,128.5550451
2020,대구광역시 북구 구암동 735,구암동 735,구암동,12,35.926827,128.556143
2020,대구광역시 북구 구암동 736,구암동 736,구암동,5,35.926348,128.5564209
2020,대구광역시 북구 구암동 737,구암동 737,구암동,5,35.9264738,128.5559922
2020,대구광역시 북구 구암동 739,구암동 739,구암동,7,35.9263554,128.5555882
2020,대구광역시 북구 구암동 744,구암동 744,구암동,5,35.9258257,128.5542849
2020,대구광역시 북구 구암동 746,구암동 746,구암동,4,35.9253189,128.5545952
2020,대구광역시 북구 구암동 747,구암동 747,구암동,143,35.9250577,128.5525728
2020,대구광역시 북구 구암동 752,구암동 752,구암동,1,35.9252557,128.5566643
2020,대구광역시 북구 구암동 754,구암동 754,구암동,2,35.9260738,128.5582837
2020,대구광역시 북구 구암동 755,구암동 755,구암동,1,35.9261541,128.5595443
2020,대구광역시 북구 구암동 759,구암동 759,구암동,2,35.9267027,128.5585373
2020,대구광역시 북구 구암동 760,구암동 760,구암동,2,35.9273668,128.5596147
2020,대구광역시 북구 구암동 761,구암동 761,구암동,2,35.9274437,128.5592494
2020,대구광역시 북구 구암동 761-1,구암동 761-1,구암동,10,35.9279995,128.5594431
2020,대구광역시 북구 구암동 761-2,구암동 761-2,구암동,52,35.9315686,128.5580156
2020,대구광역시 북구 구암동 761-3,구암동 761-3,구암동,1,35.9318245,128.5549722
2020,대구광역시 북구 구암동 762-1,구암동 762-1,구암동,17,35.9282274,128.5520164
2020,대구광역시 북구 구암동 763-2,구암동 763-2,구암동,7,35.9303434,128.5534959
2020,대구광역시 북구 구암동 765-1,구암동 765-1,구암동,4,35.9436969,128.5646145
2020,대구광역시 북구 구암동 765-2,구암동 765-2,구암동,3,35.9437406,128.5642596
2020,대구광역시 북구 구암동 765-3,구암동 765-3,구암동,1,35.9434502,128.5641538
2020,대구광역시 북구 구암동 765-4,구암동 765-4,구암동,6,35.9432165,128.564101
2020,대구광역시 북구 구암동 765-5,구암동 765-5,구암동,5,35.9429785,128.564046
2020,대구광역시 북구 구암동 765-6,구암동 765-6,구암동,6,35.9428138,128.5640139
2020,대구광역시 북구 구암동 766,구암동 766,구암동,15,35.9426619,128.5639853
2020,대구광역시 북구 구암동 767-1,구암동 767-1,구암동,1,35.9432472,128.5645529
2020,대구광역시 북구 구암동 767-2,구암동 767-2,구암동,6,35.9429507,128.5644969
2020,대구광역시 북구 구암동 767-3,구암동 767-3,구암동,16,35.9427557,128.5644604
2020,대구광역시 북구 구암동 768,구암동 768,구암동,24,35.9426055,128.5644303
2020,대구광역시 북구 구암동 769-1,구암동 769-1,구암동,24,35.9421718,128.5638926
2020,대구광역시 북구 구암동 769-3,구암동 769-3,구암동,2,35.9417789,128.5638259
2020,대구광역시 북구 구암동 769-4,구암동 769-4,구암동,3,35.9416892,128.5641899
2020,대구광역시 북구 구암동 770-1,구암동 770-1,구암동,3,35.9422361,128.5643617
2020,대구광역시 북구 구암동 770-2,구암동 770-2,구암동,4,35.9420201,128.5643243
2020,대구광역시 북구 구암동 771-1,구암동 771-1,구암동,3,35.9434078,128.5656417
2020,대구광역시 북구 구암동 771-2,구암동 771-2,구암동,5,35.9422397,128.5654871
2020,대구광역시 북구 구암동 771-3,구암동 771-3,구암동,2,35.9415691,128.5656776
2020,대구광역시 북구 구암동 771-4,구암동 771-4,구암동,1,35.9417706,128.5649387
2020,대구광역시 북구 구암동 771-5,구암동 771-5,구암동,5,35.9428373,128.5655347
2020,대구광역시 북구 구암동 772,구암동 772,구암동,2,35.9423393,128.5670948
2020,대구광역시 북구 구암동 772-3,구암동 772-3,구암동,3,35.941215,128.5672408
2020,대구광역시 북구 구암동 773,구암동 773,구암동,29,35.9423214,128.5687266
2020,대구광역시 북구 구암동 773-1,구암동 773-1,구암동,6,35.942877,128.5703437
2020,대구광역시 북구 구암동 774-9,구암동 774-9,구암동,5,35.9428163,128.5719183
2020,대구광역시 북구 구암동 775-6,구암동 775-6,구암동,10,35.9424435,128.5704808
2020,대구광역시 북구 구암동 775-9,구암동 775-9,구암동,1,35.9427519,128.5708285
2020,대구광역시 북구 구암동 780-11,구암동 780-11,구암동,6,35.9421935,128.5701948
2020,대구광역시 북구 구암동 780-12,구암동 780-12,구암동,3,35.9422881,128.5703057
2020,대구광역시 북구 구암동 780-7,구암동 780-7,구암동,6,35.9418078,128.569756
2020,대구광역시 북구 구암동 780-8,구암동 780-8,구암동,2,35.9419047,128.569864
2020,대구광역시 북구 구암동 781,구암동 781,구암동,21,35.9413729,128.5693663
2020,대구광역시 북구 구암동 783-6,구암동 783-6,구암동,1,35.9407465,128.5696463
2020,대구광역시 북구 구암동 784-1,구암동 784-1,구암동,2,35.940965,128.568815
2020,대구광역시 북구 구암동 784-5,구암동 784-5,구암동,2,35.9405504,128.5694025
2020,대구광역시 북구 구암동 784-6,구암동 784-6,구암동,2,35.9404795,128.5695225
2020,대구광역시 북구 구암동 785,구암동 785,구암동,4,35.9397066,128.567541
2020,대구광역시 북구 구암동 785-2,구암동 785-2,구암동,1,35.9407339,128.5676775
2020,대구광역시 북구 구암동 785-3,구암동 785-3,구암동,3,35.9393738,128.5685362
2020,대구광역시 북구 구암동 785-4,구암동 785-4,구암동,15,35.9388345,128.5669015
2020,대구광역시 북구 구암동 786,구암동 786,구암동,8,35.940316,128.5646303
2020,대구광역시 북구 구암동 786-1,구암동 786-1,구암동,1,35.9404214,128.5634025
2020,대구광역시 북구 구암동 786-2,구암동 786-2,구암동,1,35.9393267,128.5643874
2020,대구광역시 북구 구암동 786-3,구암동 786-3,구암동,1,35.9411768,128.5646075
2020,대구광역시 북구 구암동 786-4,구암동 786-4,구암동,1,35.9399587,128.5656828
2020,대구광역시 북구 구암동 787,구암동 787,구암동,1,35.9387136,128.5637327
2020,대구광역시 북구 구암동 787-1,구암동 787-1,구암동,4,35.9387137,128.5649369
2020,대구광역시 북구 구암동 787-2,구암동 787-2,구암동,1,35.9381012,128.5648214
2020,대구광역시 북구 구암동 787-3,구암동 787-3,구암동,6,35.9373607,128.5642831
2020,대구광역시 북구 구암동 787-7,구암동 787-7,구암동,1,35.9377118,128.5628835
2020,대구광역시 북구 구암동 788,구암동 788,구암동,32,35.937607,128.5663702
2020,대구광역시 북구 구암동 788-1,구암동 788-1,구암동,3,35.9389191,128.5659684
2020,대구광역시 북구 구암동 788-2,구암동 788-2,구암동,13,35.9372805,128.5670981
2020,대구광역시 북구 구암동 788-3,구암동 788-3,구암동,2,35.9386434,128.5659167
2020,대구광역시 북구 구암동 789,구암동 789,구암동,4,35.9354432,128.5635202
2020,대구광역시 북구 구암동 789-1,구암동 789-1,구암동,16,35.9340912,128.5632495
2020,대구광역시 북구 구암동 789-2,구암동 789-2,구암동,16,35.9342238,128.5650869
2020,대구광역시 북구 구암동 789-4,구암동 789-4,구암동,2,35.9354955,128.5655481
2020,대구광역시 북구 구암동 789-6,구암동 789-6,구암동,19,35.9346436,128.5660138
2020,대구광역시 북구 구암동 790-7,구암동 790-7,구암동,1,35.9328769,128.5620036
2020,대구광역시 북구 구암동 791-6,구암동 791-6,구암동,1,35.9317323,128.5618864
2020,대구광역시 북구 구암동 792-11,구암동 792-11,구암동,1,35.9317567,128.5630646
2020,대구광역시 북구 구암동 793-2,구암동 793-2,구암동,1,35.9332556,128.5625127
2020,대구광역시 북구 구암동 793-7,구암동 793-7,구암동,1,35.9332186,128.5631835
2020,대구광역시 북구 구암동 794-7,구암동 794-7,구암동,1,35.9320178,128.5623399
2020,대구광역시 북구 구암동 797-1,구암동 797-1,구암동,1,35.9331945,128.563564
2020,대구광역시 북구 구암동 797-2,구암동 797-2,구암동,8,35.9331891,128.5636972
2020,대구광역시 북구 구암동 801,구암동 801,구암동,3,35.9325492,128.5651608
2020,대구광역시 북구 구암동 801-1,구암동 801-1,구암동,2,35.9325261,128.5657581
2020,대구광역시 북구 구암동 802,구암동 802,구암동,2,35.9312147,128.5624479
2020,대구광역시 북구 구암동 802-1,구암동 802-1,구암동,3,35.9311463,128.5617578
2020,대구광역시 북구 구암동 804,구암동 804,구암동,3,35.9314508,128.5639016
2020,대구광역시 북구 구암동 805-4,구암동 805-4,구암동,1,35.9404982,128.5702736
2020,대구광역시 북구 구암동 807,구암동 807,구암동,3,35.9398423,128.5694505
2020,대구광역시 북구 구암동 808,구암동 808,구암동,1,35.9387812,128.5688856
2020,대구광역시 북구 구암동 808-1,구암동 808-1,구암동,2,35.938394,128.5685548
2020,대구광역시 북구 구암동 815-15,구암동 815-15,구암동,1,35.9382219,128.5683438
2020,대구광역시 북구 구암동 816-1,구암동 816-1,구암동,9,35.9371112,128.5675516
2020,대구광역시 북구 구암동 817-11,구암동 817-11,구암동,1,35.9369006,128.5673738
2020,대구광역시 북구 구암동 823-6,구암동 823-6,구암동,2,35.9352173,128.567031
2020,대구광역시 북구 구암동 824-8,구암동 824-8,구암동,1,35.9356402,128.5666548
2020,대구광역시 북구 구암동 825-1,구암동 825-1,구암동,2,35.9354207,128.5667403
2020,대구광역시 북구 구암동 825-5,구암동 825-5,구암동,1,35.9350243,128.5665349
2020,대구광역시 북구 구암동 826-1,구암동 826-1,구암동,1,35.9347754,128.5665004
2020,대구광역시 북구 구암동 826-4,구암동 826-4,구암동,1,35.9343743,128.5664387
2020,대구광역시 북구 구암동 826-6,구암동 826-6,구암동,1,35.9340851,128.5663961
2020,대구광역시 북구 구암동 830-4,구암동 830-4,구암동,1,35.933351,128.5662896
2020,대구광역시 북구 구암동 831-5,구암동 831-5,구암동,1,35.9330545,128.5662408
2020,대구광역시 북구 구암동 831-6,구암동 831-6,구암동,1,35.9325374,128.5663816
2020,대구광역시 북구 구암동 831-7,구암동 831-7,구암동,4,35.9320926,128.5662908
2020,대구광역시 북구 구암동 832,구암동 832,구암동,17,35.9435052,128.5681496
2020,대구광역시 북구 구암동 832-2,구암동 832-2,구암동,68,35.9388291,128.5629506
2020,대구광역시 북구 구암동 832-3,구암동 832-3,구암동,233,35.9419996,128.5697372
2020,대구광역시 북구 구암동 833,구암동 833,구암동,100,35.9426926,128.5646377
2020,대구광역시 북구 구암동 833-1,구암동 833-1,구암동,94,35.9426165,128.5642521
2020,대구광역시 북구 구암동 834,구암동 834,구암동,6,35.9427735,128.5713312
2020,대구광역시 북구 구암동 834-2,구암동 834-2,구암동,19,35.9416878,128.5699823
2020,대구광역시 북구 구암동 835,구암동 835,구암동,16,35.9406483,128.5700932
2020,대구광역시 북구 구암동 835-1,구암동 835-1,구암동,276,35.9351836,128.5663268
2020,대구광역시 북구 구암동 836,구암동 836,구암동,46,35.9411026,128.5665534
2020,대구광역시 북구 구암동 836-1,구암동 836-1,구암동,32,35.9386926,128.5656357
2020,대구광역시 북구 구암동 836-2,구암동 836-2,구암동,29,35.9362437,128.5644765
2020,대구광역시 북구 구암동 837,구암동 837,구암동,61,35.9333518,128.5641804
2020,대구광역시 북구 구암동 838,구암동 838,구암동,2,35.9324988,128.5633898
2020,대구광역시 북구 구암동 838-2,구암동 838-2,구암동,1,35.9324528,128.5625439
2020,대구광역시 북구 구암동 839,구암동 839,구암동,47,35.9316346,128.5639452
2020,대구광역시 북구 구암동 840-4,구암동 840-4,구암동,1,35.9370216,128.5682229
2020,대구광역시 북구 구암동 840-5,구암동 840-5,구암동,2,35.937333,128.5689354
2020,대구광역시 북구 구암동 841-4,구암동 841-4,구암동,1,35.9348776,128.567252
2020,대구광역시 북구 구암동 842,구암동 842,구암동,1,35.9340797,128.56655
2020,대구광역시 북구 구암동 842-1,구암동 842-1,구암동,4,35.9338487,128.5668981
2020,대구광역시 북구 구암동 843,구암동 843,구암동,4,35.9247635,128.5531359
2020,대구광역시 북구 구암동 844,구암동 844,구암동,16,35.9244928,128.5537059
2020,대구광역시 북구 구암동 845,구암동 845,구암동,1,35.9239241,128.5529937
2020,대구광역시 북구 구암동 846,구암동 846,구암동,1,35.9243289,128.552656
2020,대구광역시 북구 구암동 산 21,구암동 산 21,구암동,2,35.9333066,128.5683705
2020,대구광역시 북구 국우동 1079,국우동 1079,국우동,16,35.9450851,128.565347
2020,대구광역시 북구 국우동 1079-1,국우동 1079-1,국우동,5,35.9459293,128.5663626
2020,대구광역시 북구 국우동 1079-2,국우동 1079-2,국우동,2,35.9452639,128.5662265
2020,대구광역시 북구 국우동 1079-3,국우동 1079-3,국우동,3,35.9447854,128.5642326
2020,대구광역시 북구 국우동 1080,국우동 1080,국우동,40,35.9449397,128.5681468
2020,대구광역시 북구 국우동 1080-1,국우동 1080-1,국우동,1,35.9460603,128.5691759
2020,대구광역시 북구 국우동 1085,국우동 1085,국우동,7,35.9453513,128.5703962
2020,대구광역시 북구 국우동 1089-1,국우동 1089-1,국우동,1,35.9449197,128.5715306
2020,대구광역시 북구 국우동 1094-13,국우동 1094-13,국우동,1,35.9441754,128.5713999
2020,대구광역시 북구 국우동 1099-1,국우동 1099-1,국우동,1,35.9447259,128.5698944
2020,대구광역시 북구 국우동 1099-5,국우동 1099-5,국우동,1,35.9440242,128.5697623
2020,대구광역시 북구 국우동 110,국우동 110,국우동,1,35.9546373,128.5819638
2020,대구광역시 북구 국우동 1101-5,국우동 1101-5,국우동,2,35.9432411,128.5724134
2020,대구광역시 북구 국우동 1102-2,국우동 1102-2,국우동,1,35.9448112,128.5750367
2020,대구광역시 북구 국우동 1103,국우동 1103,국우동,2,35.9443724,128.5734527
2020,대구광역시 북구 국우동 1105-1,국우동 1105-1,국우동,4,35.9441581,128.5741139
2020,대구광역시 북구 국우동 1106,국우동 1106,국우동,2,35.9468894,128.5727417
2020,대구광역시 북구 국우동 1107-1,국우동 1107-1,국우동,2,35.947086,128.5732249
2020,대구광역시 북구 국우동 1107-2,국우동 1107-2,국우동,1,35.9471222,128.5733629
2020,대구광역시 북구 국우동 1107-3,국우동 1107-3,국우동,1,35.9471612,128.573499
2020,대구광역시 북구 국우동 1107-4,국우동 1107-4,국우동,2,35.9472057,128.5736338
2020,대구광역시 북구 국우동 1107-5,국우동 1107-5,국우동,1,35.9472554,128.5737662
2020,대구광역시 북구 국우동 1108-1,국우동 1108-1,국우동,2,35.9475521,128.5743852
2020,대구광역시 북구 국우동 1108-2,국우동 1108-2,국우동,2,35.9476184,128.5745031
2020,대구광역시 북구 국우동 1110,국우동 1110,국우동,4,35.9490751,128.5786663
2020,대구광역시 북구 국우동 1110-1,국우동 1110-1,국우동,1,35.9492549,128.577395
2020,대구광역시 북구 국우동 1110-2,국우동 1110-2,국우동,1,35.9485035,128.5769616
2020,대구광역시 북구 국우동 1110-3,국우동 1110-3,국우동,4,35.9478156,128.5783305
2020,대구광역시 북구 국우동 1112,국우동 1112,국우동,2,35.9476255,128.576375
2020,대구광역시 북구 국우동 1122,국우동 1122,국우동,38,35.9477433,128.5767766
2020,대구광역시 북구 국우동 1123,국우동 1123,국우동,16,35.9467282,128.5692641
2020,대구광역시 북구 국우동 1123-1,국우동 1123-1,국우동,7,35.9453052,128.5641833
2020,대구광역시 북구 국우동 1123-2,국우동 1123-2,국우동,11,35.9436426,128.5681493
2020,대구광역시 북구 국우동 1123-3,국우동 1123-3,국우동,55,35.9451421,128.5668779
2020,대구광역시 북구 국우동 1123-4,국우동 1123-4,국우동,35,35.9451809,128.5697031
2020,대구광역시 북구 국우동 1124,국우동 1124,국우동,6,35.9451372,128.5727438
2020,대구광역시 북구 국우동 1124-4,국우동 1124-4,국우동,1,35.9460242,128.5703659
2020,대구광역시 북구 국우동 1125,국우동 1125,국우동,1,35.9441106,128.5735065
2020,대구광역시 북구 국우동 1125-4,국우동 1125-4,국우동,1,35.9439899,128.5712237
2020,대구광역시 북구 국우동 1126,국우동 1126,국우동,3,35.9461387,128.5767903
2020,대구광역시 북구 국우동 1126-1,국우동 1126-1,국우동,1,35.9485502,128.5800109
2020,대구광역시 북구 국우동 1126-2,국우동 1126-2,국우동,23,35.948631,128.5760149
2020,대구광역시 북구 국우동 1126-3,국우동 1126-3,국우동,10,35.94368,128.5738361
2020,대구광역시 북구 국우동 1127,국우동 1127,국우동,3,35.9468144,128.577108
2020,대구광역시 북구 국우동 1127-1,국우동 1127-1,국우동,1,35.9469706,128.5736785
2020,대구광역시 북구 국우동 1127-2,국우동 1127-2,국우동,2,35.9470949,128.574423
2020,대구광역시 북구 국우동 1127-3,국우동 1127-3,국우동,1,35.9475279,128.5748515
2020,대구광역시 북구 국우동 1127-4,국우동 1127-4,국우동,1,35.9470235,128.5748868
2020,대구광역시 북구 국우동 466,국우동 466,국우동,1,35.9458458,128.5853336
2020,대구광역시 북구 국우동 538,국우동 538,국우동,2,35.9459796,128.5792332
2020,대구광역시 북구 국우동 581-7,국우동 581-7,국우동,1,35.9507079,128.5786214
2020,대구광역시 북구 국우동 604-4,국우동 604-4,국우동,1,35.9511444,128.5791064
2020,대구광역시 북구 국우동 644-1,국우동 644-1,국우동,1,35.9541022,128.5810101
2020,대구광역시 북구 국우동 688-3,국우동 688-3,국우동,1,35.9526119,128.580376
2020,대구광역시 북구 국우동 707,국우동 707,국우동,1,35.9519727,128.5799414
2020,대구광역시 북구 국우동 719-1,국우동 719-1,국우동,1,35.950274,128.5778696
2020,대구광역시 북구 국우동 732-1,국우동 732-1,국우동,1,35.9489686,128.5755469
2020,대구광역시 북구 국우동 756-1,국우동 756-1,국우동,1,35.9473616,128.5727095
2020,대구광역시 북구 국우동 759-1,국우동 759-1,국우동,2,35.9479078,128.5741242
2020,대구광역시 북구 국우동 산 52-1,국우동 산 52-1,국우동,1,35.9438259,128.5888807
2020,대구광역시 북구 금호동 609-26,금호동 609-26,금호동,5,35.8856956,128.5320034
2020,대구광역시 북구 금호동 609-3,금호동 609-3,금호동,1,35.8857311,128.531381
2020,대구광역시 북구 금호동 609-5,금호동 609-5,금호동,1,35.886152,128.5296233
2020,대구광역시 북구 금호동 620-6,금호동 620-6,금호동,1,35.8985408,128.5249007
2020,대구광역시 북구 금호동 736,금호동 736,금호동,1,35.8968392,128.5181298
2020,대구광역시 북구 금호동 754,금호동 754,금호동,1,35.8966157,128.5180849
2020,대구광역시 북구 금호동 793,금호동 793,금호동,2,35.8959964,128.5175931
2020,대구광역시 북구 금호동 794,금호동 794,금호동,1,35.895895,128.5172403
2020,대구광역시 북구 금호동 802,금호동 802,금호동,3,35.8954758,128.5175577
2020,대구광역시 북구 금호동 805,금호동 805,금호동,1,35.8953745,128.5189194
2020,대구광역시 북구 금호동 806,금호동 806,금호동,3,35.8953752,128.5192209
2020,대구광역시 북구 금호동 807,금호동 807,금호동,3,35.8950796,128.5171106
2020,대구광역시 북구 금호동 809,금호동 809,금호동,3,35.8949744,128.5178063
2020,대구광역시 북구 금호동 810,금호동 810,금호동,13,35.894853,128.518084
2020,대구광역시 북구 금호동 811,금호동 811,금호동,2,35.8949155,128.5182565
2020,대구광역시 북구 금호동 814,금호동 814,금호동,1,35.8949214,128.5192117
2020,대구광역시 북구 금호동 815,금호동 815,금호동,2,35.8958071,128.5203243
2020,대구광역시 북구 금호동 816,금호동 816,금호동,2,35.895404,128.51975
2020,대구광역시 북구 금호동 923,금호동 923,금호동,1,35.896734,128.5192794
2020,대구광역시 북구 금호동 924,금호동 924,금호동,1,35.8977869,128.5187663
2020,대구광역시 북구 금호동 927,금호동 927,금호동,1,35.8972916,128.5191559
2020,대구광역시 북구 금호동 928,금호동 928,금호동,1,35.8961121,128.5169738
2020,대구광역시 북구 금호동 929,금호동 929,금호동,1,35.8963303,128.5170792
2020,대구광역시 북구 금호동 930,금호동 930,금호동,2,35.8967517,128.5176906
2020,대구광역시 북구 금호동 933,금호동 933,금호동,31,35.8954895,128.516996
2020,대구광역시 북구 금호동 934,금호동 934,금호동,10,35.8960778,128.5181814
2020,대구광역시 북구 금호동 939,금호동 939,금호동,10,35.8952193,128.5194624
2020,대구광역시 북구 금호동 940,금호동 940,금호동,6,35.8949289,128.520038
2020,대구광역시 북구 금호동 941,금호동 941,금호동,3,35.8951696,128.516872
2020,대구광역시 북구 금호동 943,금호동 943,금호동,6,35.8956605,128.5213811
2020,대구광역시 북구 금호동 945,금호동 945,금호동,1,35.8967037,128.5235477
2020,대구광역시 북구 금호동 947,금호동 947,금호동,1,35.8958101,128.5238194
2020,대구광역시 북구 금호동 산 104-4,금호동 산 104-4,금호동,1,35.8934872,128.5211306
2020,대구광역시 북구 노곡동 1477-2,노곡동 1477-2,노곡동,1,35.9008351,128.5566342
2020,대구광역시 북구 노곡동 1478,노곡동 1478,노곡동,21,35.9108633,128.5626532
2020,대구광역시 북구 노곡동 281-2,노곡동 281-2,노곡동,2,35.9050389,128.5636265
2020,대구광역시 북구 노곡동 282-1,노곡동 282-1,노곡동,5,35.9053767,128.5628385
2020,대구광역시 북구 노곡동 288,노곡동 288,노곡동,1,35.9055614,128.562786
2020,대구광역시 북구 노곡동 310,노곡동 310,노곡동,1,35.9059251,128.5628292
2020,대구광역시 북구 노곡동 312,노곡동 312,노곡동,2,35.9059023,128.5631024
2020,대구광역시 북구 노곡동 314,노곡동 314,노곡동,2,35.9060592,128.5631124
2020,대구광역시 북구 노곡동 316,노곡동 316,노곡동,2,35.906088,128.5628759
2020,대구광역시 북구 노곡동 389,노곡동 389,노곡동,1,35.9050718,128.562225
2020,대구광역시 북구 노곡동 595,노곡동 595,노곡동,1,35.8983051,128.5519421
2020,대구광역시 북구 노곡동 868-2,노곡동 868-2,노곡동,1,35.9004239,128.5654459
2020,대구광역시 북구 노곡동 878,노곡동 878,노곡동,1,35.9017693,128.5653779
2020,대구광역시 북구 노곡동 886-8,노곡동 886-8,노곡동,1,35.9008881,128.5662034
2020,대구광역시 북구 노곡동 산 97-2,노곡동 산 97-2,노곡동,1,35.9053067,128.5645702
2020,대구광역시 북구 노곡동 산 98,노곡동 산 98,노곡동,1,35.9030828,128.5643917
2020,대구광역시 북구 노원동1가 1-5,노원동1가 1-5,노원동,1,35.8897974,128.5822966
2020,대구광역시 북구 노원동1가 11,노원동1가 11,노원동,3,35.8887092,128.5825227
2020,대구광역시 북구 노원동1가 11-1,노원동1가 11-1,노원동,1,35.8884506,128.582502
2020,대구광역시 북구 노원동1가 12-16,노원동1가 12-16,노원동,1,35.8876037,128.5823747
2020,대구광역시 북구 노원동1가 14-9,노원동1가 14-9,노원동,1,35.8884408,128.5814192
2020,대구광역시 북구 노원동1가 142,노원동1가 142,노원동,1,35.889906,128.5789179
2020,대구광역시 북구 노원동1가 145,노원동1가 145,노원동,1,35.8900951,128.5786333
2020,대구광역시 북구 노원동1가 169-1,노원동1가 169-1,노원동,2,35.8901661,128.5782253
2020,대구광역시 북구 노원동1가 170-1,노원동1가 170-1,노원동,1,35.890306,128.5775934
2020,대구광역시 북구 노원동1가 170-5,노원동1가 170-5,노원동,2,35.8902589,128.5778014
2020,대구광역시 북구 노원동1가 170-6,노원동1가 170-6,노원동,2,35.8902123,128.5780095
2020,대구광역시 북구 노원동1가 178,노원동1가 178,노원동,8,35.8903945,128.5772078
2020,대구광역시 북구 노원동1가 18-1,노원동1가 18-1,노원동,1,35.8896921,128.5826898
2020,대구광역시 북구 노원동1가 18-5,노원동1가 18-5,노원동,5,35.8896732,128.5766232
2020,대구광역시 북구 노원동1가 19-3,노원동1가 19-3,노원동,2,35.8901258,128.5794303
2020,대구광역시 북구 노원동1가 19-5,노원동1가 19-5,노원동,1,35.8892268,128.579551
2020,대구광역시 북구 노원동1가 272,노원동1가 272,노원동,1,35.8871155,128.5797633
2020,대구광역시 북구 노원동1가 273,노원동1가 273,노원동,16,35.8900985,128.5774568
2020,대구광역시 북구 노원동1가 333,노원동1가 333,노원동,1,35.8871887,128.5819106
2020,대구광역시 북구 노원동1가 339,노원동1가 339,노원동,5,35.8864852,128.5819454
2020,대구광역시 북구 노원동1가 341,노원동1가 341,노원동,3,35.8862522,128.5818702
2020,대구광역시 북구 노원동1가 342,노원동1가 342,노원동,6,35.8861037,128.5818792
2020,대구광역시 북구 노원동1가 343,노원동1가 343,노원동,2,35.8861417,128.581695
2020,대구광역시 북구 노원동1가 352,노원동1가 352,노원동,2,35.886582,128.5817213
2020,대구광역시 북구 노원동1가 353,노원동1가 353,노원동,1,35.8864606,128.5816828
2020,대구광역시 북구 노원동1가 354,노원동1가 354,노원동,2,35.886381,128.5816577
2020,대구광역시 북구 노원동1가 358,노원동1가 358,노원동,2,35.8858779,128.5818064
2020,대구광역시 북구 노원동1가 359,노원동1가 359,노원동,1,35.8857647,128.5817845
2020,대구광역시 북구 노원동1가 360,노원동1가 360,노원동,1,35.8857006,128.5817638
2020,대구광역시 북구 노원동1가 361,노원동1가 361,노원동,1,35.8856418,128.5817425
2020,대구광역시 북구 노원동1가 364,노원동1가 364,노원동,1,35.8859083,128.5816555
2020,대구광역시 북구 노원동1가 366-1,노원동1가 366-1,노원동,7,35.885641,128.5814976
2020,대구광역시 북구 노원동1가 369,노원동1가 369,노원동,2,35.8858789,128.5814606
2020,대구광역시 북구 노원동1가 373-1,노원동1가 373-1,노원동,1,35.8861127,128.5807498
2020,대구광역시 북구 노원동1가 374,노원동1가 374,노원동,2,35.8860193,128.5804411
2020,대구광역시 북구 노원동1가 497,노원동1가 497,노원동,2,35.8864045,128.5806827
2020,대구광역시 북구 노원동1가 5-5,노원동1가 5-5,노원동,1,35.8900171,128.5807488
2020,대구광역시 북구 노원동1가 500,노원동1가 500,노원동,1,35.8865483,128.5804693
2020,대구광역시 북구 노원동1가 509-3,노원동1가 509-3,노원동,1,35.887322,128.5805812
2020,대구광역시 북구 노원동1가 527-1,노원동1가 527-1,노원동,1,35.8866804,128.5799144
2020,대구광역시 북구 노원동1가 529,노원동1가 529,노원동,48,35.8865097,128.5822028
2020,대구광역시 북구 노원동1가 56,노원동1가 56,노원동,1,35.8921388,128.5774758
2020,대구광역시 북구 노원동1가 9-4,노원동1가 9-4,노원동,1,35.8892012,128.5818936
2020,대구광역시 북구 노원동2가 1,노원동2가 1,노원동,242,35.8908564,128.5736958
2020,대구광역시 북구 노원동2가 188-7,노원동2가 188-7,노원동,1,35.8910683,128.5737142
2020,대구광역시 북구 노원동2가 188-8,노원동2가 188-8,노원동,1,35.8910874,128.573607
2020,대구광역시 북구 노원동2가 189-4,노원동2가 189-4,노원동,1,35.8913346,128.5728018
2020,대구광역시 북구 노원동2가 201,노원동2가 201,노원동,2,35.8917054,128.5717017
2020,대구광역시 북구 노원동2가 201-1,노원동2가 201-1,노원동,11,35.8915525,128.5716494
2020,대구광역시 북구 노원동2가 203,노원동2가 203,노원동,3,35.8918077,128.5714137
2020,대구광역시 북구 노원동2가 209-11,노원동2가 209-11,노원동,18,35.8917631,128.5705594
2020,대구광역시 북구 노원동2가 211,노원동2가 211,노원동,1,35.8901595,128.5762348
2020,대구광역시 북구 노원동2가 213-2,노원동2가 213-2,노원동,1,35.8900236,128.5758949
2020,대구광역시 북구 노원동2가 224-2,노원동2가 224-2,노원동,1,35.8906445,128.57402
2020,대구광역시 북구 노원동2가 226,노원동2가 226,노원동,1,35.8895818,128.576189
2020,대구광역시 북구 노원동2가 228,노원동2가 228,노원동,1,35.8889622,128.5760289
2020,대구광역시 북구 노원동2가 239-17,노원동2가 239-17,노원동,1,35.8892458,128.574872
2020,대구광역시 북구 노원동2가 256-1,노원동2가 256-1,노원동,2,35.8878544,128.5757077
2020,대구광역시 북구 노원동2가 257-1,노원동2가 257-1,노원동,1,35.8879848,128.5754489
2020,대구광역시 북구 노원동2가 259-2,노원동2가 259-2,노원동,1,35.8882487,128.575491
2020,대구광역시 북구 노원동2가 268-1,노원동2가 268-1,노원동,1,35.8882268,128.5751004
2020,대구광역시 북구 노원동2가 278-4,노원동2가 278-4,노원동,1,35.8883932,128.57402
2020,대구광역시 북구 노원동2가 293-1,노원동2가 293-1,노원동,1,35.8908358,128.5736188
2020,대구광역시 북구 노원동2가 295-1,노원동2가 295-1,노원동,3,35.8903994,128.5733229
2020,대구광역시 북구 노원동2가 298-2,노원동2가 298-2,노원동,10,35.8909983,128.5718568
2020,대구광역시 북구 노원동2가 301,노원동2가 301,노원동,1,35.891297,128.5712677
2020,대구광역시 북구 노원동2가 309-19,노원동2가 309-19,노원동,12,35.8911045,128.5703663
2020,대구광역시 북구 노원동2가 319-4,노원동2가 319-4,노원동,1,35.8896618,128.5718073
2020,대구광역시 북구 노원동2가 32-2,노원동2가 32-2,노원동,1,35.8927167,128.5748806
2020,대구광역시 북구 노원동2가 338,노원동2가 338,노원동,4,35.8904566,128.5702458
2020,대구광역시 북구 노원동2가 368,노원동2가 368,노원동,1,35.888459,128.5720987
2020,대구광역시 북구 노원동2가 373-1,노원동2가 373-1,노원동,1,35.8886303,128.5709752
2020,대구광역시 북구 노원동2가 377-6,노원동2가 377-6,노원동,1,35.8886461,128.5704909
2020,대구광역시 북구 노원동2가 378,노원동2가 378,노원동,1,35.8887457,128.5703811
2020,대구광역시 북구 노원동2가 63-4,노원동2가 63-4,노원동,1,35.8914289,128.5754125
2020,대구광역시 북구 노원동2가 75-6,노원동2가 75-6,노원동,1,35.8904799,128.5764201
2020,대구광역시 북구 노원동2가 80,노원동2가 80,노원동,1,35.8906697,128.5759501
2020,대구광역시 북구 노원동2가 85-4,노원동2가 85-4,노원동,2,35.8908262,128.5751553
2020,대구광역시 북구 노원동2가 90-1,노원동2가 90-1,노원동,1,35.8909308,128.574776
2020,대구광역시 북구 노원동2가 95-3,노원동2가 95-3,노원동,1,35.8938118,128.5744169
2020,대구광역시 북구 노원동2가 99-3,노원동2가 99-3,노원동,1,35.8937981,128.5742725
2020,대구광역시 북구 노원동3가 1001-3,노원동3가 1001-3,노원동,3,35.8921352,128.5697086
2020,대구광역시 북구 노원동3가 1001-4,노원동3가 1001-4,노원동,36,35.8919927,128.5696591
2020,대구광역시 북구 노원동3가 1001-5,노원동3가 1001-5,노원동,14,35.8920233,128.5695279
2020,대구광역시 북구 노원동3가 1001-6,노원동3가 1001-6,노원동,4,35.8921684,128.5695702
2020,대구광역시 북구 노원동3가 1003-4,노원동3가 1003-4,노원동,50,35.8922033,128.5686383
2020,대구광역시 북구 노원동3가 1006-5,노원동3가 1006-5,노원동,1,35.8923888,128.5683429
2020,대구광역시 북구 노원동3가 1006-7,노원동3가 1006-7,노원동,3,35.8924016,128.5682273
2020,대구광역시 북구 노원동3가 1006-9,노원동3가 1006-9,노원동,55,35.8922908,128.5683193
2020,대구광역시 북구 노원동3가 1007-3,노원동3가 1007-3,노원동,2,35.8926485,128.5680734
2020,대구광역시 북구 노원동3가 1007-5,노원동3가 1007-5,노원동,12,35.8925082,128.5681882
2020,대구광역시 북구 노원동3가 1008-2,노원동3가 1008-2,노원동,1,35.8927627,128.5683695
2020,대구광역시 북구 노원동3가 1013,노원동3가 1013,노원동,1,35.8935497,128.5697431
2020,대구광역시 북구 노원동3가 1017,노원동3가 1017,노원동,1,35.8933801,128.5700904
2020,대구광역시 북구 노원동3가 1022,노원동3가 1022,노원동,78,35.8920765,128.5701674
2020,대구광역시 북구 노원동3가 1038-3,노원동3가 1038-3,노원동,1,35.8947599,128.5716703
2020,대구광역시 북구 노원동3가 1052-2,노원동3가 1052-2,노원동,1,35.8965046,128.5748614
2020,대구광역시 북구 노원동3가 1054,노원동3가 1054,노원동,1,35.8967908,128.5753533
2020,대구광역시 북구 노원동3가 1112-2,노원동3가 1112-2,노원동,1,35.8945219,128.5729028
2020,대구광역시 북구 노원동3가 1112-3,노원동3가 1112-3,노원동,1,35.894483,128.5730674
2020,대구광역시 북구 노원동3가 1115,노원동3가 1115,노원동,3,35.8942901,128.5745073
2020,대구광역시 북구 노원동3가 1115-2,노원동3가 1115-2,노원동,5,35.8941048,128.5746053
2020,대구광역시 북구 노원동3가 1135-2,노원동3가 1135-2,노원동,1,35.8948453,128.5768229
2020,대구광역시 북구 노원동3가 1142-4,노원동3가 1142-4,노원동,1,35.893986,128.5752951
2020,대구광역시 북구 노원동3가 1142-5,노원동3가 1142-5,노원동,1,35.894044,128.5750232
2020,대구광역시 북구 노원동3가 1146-2,노원동3가 1146-2,노원동,2,35.8935947,128.5771669
2020,대구광역시 북구 노원동3가 1146-3,노원동3가 1146-3,노원동,2,35.8935482,128.5773977
2020,대구광역시 북구 노원동3가 1154,노원동3가 1154,노원동,1,35.895142,128.5777855
2020,대구광역시 북구 노원동3가 1157-18,노원동3가 1157-18,노원동,2,35.8959384,128.5780309
2020,대구광역시 북구 노원동3가 1171-1,노원동3가 1171-1,노원동,1,35.8951719,128.5541061
2020,대구광역시 북구 노원동3가 1202-12,노원동3가 1202-12,노원동,1,35.901263,128.5789763
2020,대구광역시 북구 노원동3가 1203-1,노원동3가 1203-1,노원동,1,35.9007278,128.5774098
2020,대구광역시 북구 노원동3가 1205-1,노원동3가 1205-1,노원동,5,35.899477,128.5784934
2020,대구광역시 북구 노원동3가 1205-20,노원동3가 1205-20,노원동,2,35.8996159,128.578863
2020,대구광역시 북구 노원동3가 1206,노원동3가 1206,노원동,2,35.8993268,128.578195
2020,대구광역시 북구 노원동3가 1207,노원동3가 1207,노원동,10,35.9009744,128.5791215
2020,대구광역시 북구 노원동3가 1227,노원동3가 1227,노원동,68,35.8907649,128.5686641
2020,대구광역시 북구 노원동3가 1228,노원동3가 1228,노원동,3,35.8889994,128.5690628
2020,대구광역시 북구 노원동3가 1229,노원동3가 1229,노원동,81,35.8920864,128.5681865
2020,대구광역시 북구 노원동3가 1230,노원동3가 1230,노원동,357,35.8904608,128.5673697
2020,대구광역시 북구 노원동3가 13-3,노원동3가 13-3,노원동,1,35.9020077,128.574535
2020,대구광역시 북구 노원동3가 13-5,노원동3가 13-5,노원동,1,35.9020723,128.5748433
2020,대구광역시 북구 노원동3가 14,노원동3가 14,노원동,42,35.8994284,128.5697976
2020,대구광역시 북구 노원동3가 175-2,노원동3가 175-2,노원동,1,35.8987142,128.5729597
2020,대구광역시 북구 노원동3가 175-8,노원동3가 175-8,노원동,2,35.8987715,128.5729534
2020,대구광역시 북구 노원동3가 181-15,노원동3가 181-15,노원동,1,35.8960853,128.5704793
2020,대구광역시 북구 노원동3가 182-10,노원동3가 182-10,노원동,3,35.8952995,128.5715196
2020,대구광역시 북구 노원동3가 182-11,노원동3가 182-11,노원동,4,35.895783,128.572158
2020,대구광역시 북구 노원동3가 182-12,노원동3가 182-12,노원동,1,35.8955684,128.5719353
2020,대구광역시 북구 노원동3가 182-17,노원동3가 182-17,노원동,3,35.8951488,128.5712467
2020,대구광역시 북구 노원동3가 182-9,노원동3가 182-9,노원동,1,35.8956982,128.5714924
2020,대구광역시 북구 노원동3가 183-12,노원동3가 183-12,노원동,2,35.8963579,128.5724111
2020,대구광역시 북구 노원동3가 183-17,노원동3가 183-17,노원동,1,35.8963862,128.5726901
2020,대구광역시 북구 노원동3가 183-19,노원동3가 183-19,노원동,4,35.8961618,128.5728345
2020,대구광역시 북구 노원동3가 183-20,노원동3가 183-20,노원동,3,35.8962742,128.5730301
2020,대구광역시 북구 노원동3가 183-27,노원동3가 183-27,노원동,2,35.8960056,128.5725651
2020,대구광역시 북구 노원동3가 184-1,노원동3가 184-1,노원동,6,35.8968342,128.5735644
2020,대구광역시 북구 노원동3가 184-4,노원동3가 184-4,노원동,1,35.8964393,128.5732787
2020,대구광역시 북구 노원동3가 185-1,노원동3가 185-1,노원동,1,35.8973739,128.5739259
2020,대구광역시 북구 노원동3가 186,노원동3가 186,노원동,9,35.899688,128.5670624
2020,대구광역시 북구 노원동3가 187-37,노원동3가 187-37,노원동,2,35.8988201,128.5675019
2020,대구광역시 북구 노원동3가 187-44,노원동3가 187-44,노원동,1,35.8988398,128.5666326
2020,대구광역시 북구 노원동3가 187-56,노원동3가 187-56,노원동,1,35.9001481,128.5663293
2020,대구광역시 북구 노원동3가 187-62,노원동3가 187-62,노원동,1,35.9001244,128.5657857
2020,대구광역시 북구 노원동3가 191-13,노원동3가 191-13,노원동,2,35.8979972,128.5657648
2020,대구광역시 북구 노원동3가 191-4,노원동3가 191-4,노원동,2,35.8980131,128.5655987
2020,대구광역시 북구 노원동3가 20-13,노원동3가 20-13,노원동,1,35.9022019,128.5766284
2020,대구광역시 북구 노원동3가 201-1,노원동3가 201-1,노원동,1,35.8980475,128.5680222
2020,대구광역시 북구 노원동3가 201-20,노원동3가 201-20,노원동,1,35.8982628,128.5679914
2020,대구광역시 북구 노원동3가 203-1,노원동3가 203-1,노원동,1,35.897416,128.5662285
2020,대구광역시 북구 노원동3가 212,노원동3가 212,노원동,1,35.8968608,128.5691435
2020,대구광역시 북구 노원동3가 212-20,노원동3가 212-20,노원동,1,35.8969643,128.5690974
2020,대구광역시 북구 노원동3가 212-6,노원동3가 212-6,노원동,2,35.897449,128.5683061
2020,대구광역시 북구 노원동3가 214-5,노원동3가 214-5,노원동,2,35.8968179,128.5681337
2020,대구광역시 북구 노원동3가 227,노원동3가 227,노원동,2,35.8966033,128.5693112
2020,대구광역시 북구 노원동3가 227-15,노원동3가 227-15,노원동,1,35.8966899,128.5693333
2020,대구광역시 북구 노원동3가 234-21,노원동3가 234-21,노원동,1,35.8938134,128.5670842
2020,대구광역시 북구 노원동3가 234-8,노원동3가 234-8,노원동,1,35.893538,128.568175
2020,대구광역시 북구 노원동3가 234-9,노원동3가 234-9,노원동,3,35.8933949,128.5679233
2020,대구광역시 북구 노원동3가 235,노원동3가 235,노원동,2,35.8946118,128.5690155
2020,대구광역시 북구 노원동3가 236-3,노원동3가 236-3,노원동,2,35.89532,128.5705569
2020,대구광역시 북구 노원동3가 236-8,노원동3가 236-8,노원동,6,35.894901,128.5702207
2020,대구광역시 북구 노원동3가 236-9,노원동3가 236-9,노원동,2,35.8952379,128.5696299
2020,대구광역시 북구 노원동3가 237-34,노원동3가 237-34,노원동,1,35.8957735,128.564761
2020,대구광역시 북구 노원동3가 240,노원동3가 240,노원동,1,35.8975671,128.5635762
2020,대구광역시 북구 노원동3가 246-3,노원동3가 246-3,노원동,1,35.8960436,128.5615076
2020,대구광역시 북구 노원동3가 247,노원동3가 247,노원동,1,35.8959941,128.5610491
2020,대구광역시 북구 노원동3가 249-9,노원동3가 249-9,노원동,1,35.8953923,128.5605163
2020,대구광역시 북구 노원동3가 252-1,노원동3가 252-1,노원동,12,35.8937999,128.5572728
2020,대구광역시 북구 노원동3가 252-2,노원동3가 252-2,노원동,3,35.894547,128.5574486
2020,대구광역시 북구 노원동3가 252-3,노원동3가 252-3,노원동,553,35.8951542,128.5718172
2020,대구광역시 북구 노원동3가 262,노원동3가 262,노원동,1,35.8939102,128.5630176
2020,대구광역시 북구 노원동3가 31-6,노원동3가 31-6,노원동,1,35.8988225,128.5776485
2020,대구광역시 북구 노원동3가 31-8,노원동3가 31-8,노원동,1,35.8994651,128.5768759
2020,대구광역시 북구 노원동3가 31-9,노원동3가 31-9,노원동,1,35.8990724,128.5772794
2020,대구광역시 북구 노원동3가 32-1,노원동3가 32-1,노원동,1,35.8983297,128.5768513
2020,대구광역시 북구 노원동3가 33-1,노원동3가 33-1,노원동,1,35.8981465,128.576056
2020,대구광역시 북구 노원동3가 33-2,노원동3가 33-2,노원동,3,35.8982741,128.5762614
2020,대구광역시 북구 노원동3가 335-1,노원동3가 335-1,노원동,1,35.8928806,128.5672144
2020,대구광역시 북구 노원동3가 338-4,노원동3가 338-4,노원동,1,35.8928958,128.5670548
2020,대구광역시 북구 노원동3가 35-13,노원동3가 35-13,노원동,3,35.8973408,128.5748592
2020,대구광역시 북구 노원동3가 35-14,노원동3가 35-14,노원동,3,35.8974712,128.5750875
2020,대구광역시 북구 노원동3가 35-15,노원동3가 35-15,노원동,1,35.8975788,128.575276
2020,대구광역시 북구 노원동3가 35-16,노원동3가 35-16,노원동,2,35.8976322,128.5753686
2020,대구광역시 북구 노원동3가 35-2,노원동3가 35-2,노원동,1,35.8973416,128.5746044
2020,대구광역시 북구 노원동3가 37,노원동3가 37,노원동,1,35.8986735,128.5737653
2020,대구광역시 북구 노원동3가 371,노원동3가 371,노원동,1,35.8920101,128.5655311
2020,대구광역시 북구 노원동3가 373,노원동3가 373,노원동,2,35.8918689,128.5648511
2020,대구광역시 북구 노원동3가 373-2,노원동3가 373-2,노원동,1,35.8915682,128.5651259
2020,대구광역시 북구 노원동3가 373-3,노원동3가 373-3,노원동,3,35.8918475,128.5651722
2020,대구광역시 북구 노원동3가 383-3,노원동3가 383-3,노원동,1,35.8933116,128.5636399
2020,대구광역시 북구 노원동3가 384-1,노원동3가 384-1,노원동,2,35.8930695,128.5632002
2020,대구광역시 북구 노원동3가 384-2,노원동3가 384-2,노원동,2,35.8930833,128.5634351
2020,대구광역시 북구 노원동3가 384-3,노원동3가 384-3,노원동,1,35.8929235,128.5631677
2020,대구광역시 북구 노원동3가 386,노원동3가 386,노원동,1,35.8926565,128.5634503
2020,대구광역시 북구 노원동3가 405,노원동3가 405,노원동,1,35.8931254,128.5628876
2020,대구광역시 북구 노원동3가 413-4,노원동3가 413-4,노원동,1,35.8936987,128.5614717
2020,대구광역시 북구 노원동3가 415-2,노원동3가 415-2,노원동,1,35.8946526,128.5605368
2020,대구광역시 북구 노원동3가 445,노원동3가 445,노원동,1,35.8938667,128.5583455
2020,대구광역시 북구 노원동3가 471,노원동3가 471,노원동,2,35.8948401,128.5591091
2020,대구광역시 북구 노원동3가 472-2,노원동3가 472-2,노원동,1,35.8951311,128.5600936
2020,대구광역시 북구 노원동3가 48-12,노원동3가 48-12,노원동,1,35.8990678,128.5730503
2020,대구광역시 북구 노원동3가 48-2,노원동3가 48-2,노원동,2,35.8994224,128.5730861
2020,대구광역시 북구 노원동3가 48-3,노원동3가 48-3,노원동,1,35.8992996,128.5733195
2020,대구광역시 북구 노원동3가 48-4,노원동3가 48-4,노원동,1,35.8991351,128.5731251
2020,대구광역시 북구 노원동3가 48-5,노원동3가 48-5,노원동,2,35.8992362,128.5730241
2020,대구광역시 북구 노원동3가 494-1,노원동3가 494-1,노원동,1,35.8939685,128.5535799
2020,대구광역시 북구 노원동3가 506,노원동3가 506,노원동,2,35.8931447,128.5530725
2020,대구광역시 북구 노원동3가 518-2,노원동3가 518-2,노원동,1,35.8929896,128.5543189
2020,대구광역시 북구 노원동3가 520-1,노원동3가 520-1,노원동,1,35.8930918,128.5536672
2020,대구광역시 북구 노원동3가 523-3,노원동3가 523-3,노원동,3,35.8922443,128.5540172
2020,대구광역시 북구 노원동3가 523-4,노원동3가 523-4,노원동,2,35.8921195,128.5539804
2020,대구광역시 북구 노원동3가 530,노원동3가 530,노원동,1,35.8929788,128.5556098
2020,대구광역시 북구 노원동3가 531,노원동3가 531,노원동,1,35.8930743,128.5559104
2020,대구광역시 북구 노원동3가 54,노원동3가 54,노원동,1,35.9010998,128.5745681
2020,대구광역시 북구 노원동3가 543,노원동3가 543,노원동,1,35.8921572,128.5546226
2020,대구광역시 북구 노원동3가 55,노원동3가 55,노원동,1,35.9024859,128.5738065
2020,대구광역시 북구 노원동3가 558,노원동3가 558,노원동,4,35.8910001,128.5562267
2020,대구광역시 북구 노원동3가 58-46,노원동3가 58-46,노원동,1,35.9004894,128.5716766
2020,대구광역시 북구 노원동3가 59-19,노원동3가 59-19,노원동,1,35.8994597,128.5691437
2020,대구광역시 북구 노원동3가 6-2,노원동3가 6-2,노원동,1,35.9024847,128.5755235
2020,대구광역시 북구 노원동3가 6-4,노원동3가 6-4,노원동,1,35.9023489,128.5757405
2020,대구광역시 북구 노원동3가 609,노원동3가 609,노원동,4,35.8909827,128.5556898
2020,대구광역시 북구 노원동3가 61-1,노원동3가 61-1,노원동,1,35.9001292,128.5670114
2020,대구광역시 북구 노원동3가 61-12,노원동3가 61-12,노원동,1,35.900509,128.5671883
2020,대구광역시 북구 노원동3가 62-7,노원동3가 62-7,노원동,1,35.8995951,128.5674524
2020,대구광역시 북구 노원동3가 627-1,노원동3가 627-1,노원동,1,35.8927993,128.5581784
2020,대구광역시 북구 노원동3가 63-4,노원동3가 63-4,노원동,1,35.8997213,128.572218
2020,대구광역시 북구 노원동3가 641,노원동3가 641,노원동,2,35.8903077,128.5594407
2020,대구광역시 북구 노원동3가 643,노원동3가 643,노원동,2,35.8908516,128.5584433
2020,대구광역시 북구 노원동3가 659-1,노원동3가 659-1,노원동,1,35.8909987,128.5595906
2020,대구광역시 북구 노원동3가 671,노원동3가 671,노원동,1,35.8918896,128.5602839
2020,대구광역시 북구 노원동3가 673-1,노원동3가 673-1,노원동,1,35.8917238,128.5602445
2020,대구광역시 북구 노원동3가 680,노원동3가 680,노원동,2,35.8904449,128.559889
2020,대구광역시 북구 노원동3가 680-1,노원동3가 680-1,노원동,2,35.8903359,128.560006
2020,대구광역시 북구 노원동3가 681,노원동3가 681,노원동,1,35.8904063,128.5600657
2020,대구광역시 북구 노원동3가 681-4,노원동3가 681-4,노원동,1,35.8905021,128.5602823
2020,대구광역시 북구 노원동3가 685-1,노원동3가 685-1,노원동,1,35.8906257,128.5613184
2020,대구광역시 북구 노원동3가 686,노원동3가 686,노원동,1,35.8904386,128.5618024
2020,대구광역시 북구 노원동3가 687,노원동3가 687,노원동,3,35.89054,128.562015
2020,대구광역시 북구 노원동3가 688,노원동3가 688,노원동,10,35.8906668,128.5622882
2020,대구광역시 북구 노원동3가 70,노원동3가 70,노원동,2,35.8986429,128.5689766
2020,대구광역시 북구 노원동3가 726,노원동3가 726,노원동,1,35.8914066,128.5642015
2020,대구광역시 북구 노원동3가 74-15,노원동3가 74-15,노원동,1,35.8984052,128.5714824
2020,대구광역시 북구 노원동3가 74-43,노원동3가 74-43,노원동,2,35.898757,128.5725865
2020,대구광역시 북구 노원동3가 74-44,노원동3가 74-44,노원동,1,35.8989712,128.5728558
2020,대구광역시 북구 노원동3가 740-4,노원동3가 740-4,노원동,2,35.8895886,128.5646603
2020,대구광역시 북구 노원동3가 761-1,노원동3가 761-1,노원동,2,35.8894211,128.5659459
2020,대구광역시 북구 노원동3가 761-8,노원동3가 761-8,노원동,1,35.8894117,128.5656092
2020,대구광역시 북구 노원동3가 762,노원동3가 762,노원동,3,35.8893832,128.5661998
2020,대구광역시 북구 노원동3가 768-1,노원동3가 768-1,노원동,1,35.8892179,128.5675169
2020,대구광역시 북구 노원동3가 771,노원동3가 771,노원동,1,35.8892667,128.5678087
2020,대구광역시 북구 노원동3가 771-1,노원동3가 771-1,노원동,1,35.8891794,128.5676611
2020,대구광역시 북구 노원동3가 772-1,노원동3가 772-1,노원동,3,35.8891961,128.5679327
2020,대구광역시 북구 노원동3가 773,노원동3가 773,노원동,2,35.8891141,128.5680075
2020,대구광역시 북구 노원동3가 775,노원동3가 775,노원동,6,35.8890075,128.5680861
2020,대구광역시 북구 노원동3가 777-2,노원동3가 777-2,노원동,1,35.8891065,128.5683942
2020,대구광역시 북구 노원동3가 779-12,노원동3가 779-12,노원동,2,35.888973,128.5684723
2020,대구광역시 북구 노원동3가 779-13,노원동3가 779-13,노원동,1,35.8889104,128.5687918
2020,대구광역시 북구 노원동3가 783-3,노원동3가 783-3,노원동,2,35.8892139,128.5688402
2020,대구광역시 북구 노원동3가 783-5,노원동3가 783-5,노원동,2,35.8892378,128.5686888
2020,대구광역시 북구 노원동3가 784-1,노원동3가 784-1,노원동,31,35.8913465,128.5543122
2020,대구광역시 북구 노원동3가 858,노원동3가 858,노원동,1,35.889487,128.568952
2020,대구광역시 북구 노원동3가 859,노원동3가 859,노원동,1,35.8894713,128.5690486
2020,대구광역시 북구 노원동3가 866-1,노원동3가 866-1,노원동,2,35.8895042,128.5685682
2020,대구광역시 북구 노원동3가 869-5,노원동3가 869-5,노원동,2,35.8895578,128.5682246
2020,대구광역시 북구 노원동3가 884,노원동3가 884,노원동,3,35.8916834,128.5667552
2020,대구광역시 북구 노원동3가 887,노원동3가 887,노원동,1,35.8921071,128.567227
2020,대구광역시 북구 노원동3가 888,노원동3가 888,노원동,1,35.8921807,128.5673557
2020,대구광역시 북구 노원동3가 984-1,노원동3가 984-1,노원동,1,35.8900545,128.5697693
2020,대구광역시 북구 노원동3가 986,노원동3가 986,노원동,1,35.8903807,128.5697763
2020,대구광역시 북구 노원동3가 987-6,노원동3가 987-6,노원동,1,35.8904126,128.5698977
2020,대구광역시 북구 노원동3가 990-10,노원동3가 990-10,노원동,1,35.8916199,128.5700594
2020,대구광역시 북구 노원동3가 990-6,노원동3가 990-6,노원동,1,35.8914123,128.5701212
2020,대구광역시 북구 노원동3가 991-1,노원동3가 991-1,노원동,2,35.891625,128.569949
2020,대구광역시 북구 노원동3가 992-1,노원동3가 992-1,노원동,1,35.8915745,128.5695008
2020,대구광역시 북구 노원동3가 996-3,노원동3가 996-3,노원동,1,35.8919262,128.5685679
2020,대구광역시 북구 대현동 103-18,대현동 103-18,대현동,1,35.8860177,128.6111947
2020,대구광역시 북구 대현동 109-1,대현동 109-1,대현동,3,35.8857318,128.6109165
2020,대구광역시 북구 대현동 109-13,대현동 109-13,대현동,4,35.8852111,128.6121576
2020,대구광역시 북구 대현동 111-16,대현동 111-16,대현동,1,35.884942,128.6098082
2020,대구광역시 북구 대현동 112-42,대현동 112-42,대현동,1,35.8843471,128.6112097
2020,대구광역시 북구 대현동 116-4,대현동 116-4,대현동,1,35.8849049,128.6095785
2020,대구광역시 북구 대현동 14-14,대현동 14-14,대현동,2,35.8846014,128.6129627
2020,대구광역시 북구 대현동 153-11,대현동 153-11,대현동,2,35.8820676,128.611492
2020,대구광역시 북구 대현동 153-14,대현동 153-14,대현동,1,35.8823353,128.6116181
2020,대구광역시 북구 대현동 153-15,대현동 153-15,대현동,1,35.8823025,128.6117716
2020,대구광역시 북구 대현동 153-16,대현동 153-16,대현동,2,35.8821969,128.6117599
2020,대구광역시 북구 대현동 153-18,대현동 153-18,대현동,3,35.8822116,128.6111577
2020,대구광역시 북구 대현동 153-3,대현동 153-3,대현동,1,35.8820732,128.6116758
2020,대구광역시 북구 대현동 155-1,대현동 155-1,대현동,1,35.8823616,128.6108284
2020,대구광역시 북구 대현동 155-6,대현동 155-6,대현동,1,35.8825325,128.6100762
2020,대구광역시 북구 대현동 158-1,대현동 158-1,대현동,1,35.8831663,128.6081899
2020,대구광역시 북구 대현동 160-5,대현동 160-5,대현동,2,35.8833892,128.607526
2020,대구광역시 북구 대현동 161-8,대현동 161-8,대현동,1,35.8839591,128.6066296
2020,대구광역시 북구 대현동 165-5,대현동 165-5,대현동,1,35.8842046,128.6073347
2020,대구광역시 북구 대현동 169-12,대현동 169-12,대현동,3,35.8859975,128.6074323
2020,대구광역시 북구 대현동 169-3,대현동 169-3,대현동,1,35.8858431,128.6077407
2020,대구광역시 북구 대현동 17-103,대현동 17-103,대현동,1,35.8846643,128.6120077
2020,대구광역시 북구 대현동 17-58,대현동 17-58,대현동,1,35.8848428,128.6119715
2020,대구광역시 북구 대현동 17-65,대현동 17-65,대현동,1,35.8848966,128.6123614
2020,대구광역시 북구 대현동 177-22,대현동 177-22,대현동,1,35.8849862,128.607169
2020,대구광역시 북구 대현동 190-1,대현동 190-1,대현동,1,35.8846257,128.6095061
2020,대구광역시 북구 대현동 201-15,대현동 201-15,대현동,2,35.8828265,128.609561
2020,대구광역시 북구 대현동 201-26,대현동 201-26,대현동,1,35.8833233,128.6098293
2020,대구광역시 북구 대현동 206-3,대현동 206-3,대현동,2,35.8827148,128.6093741
2020,대구광역시 북구 대현동 215-2,대현동 215-2,대현동,1,35.8838529,128.6095224
2020,대구광역시 북구 대현동 217-8,대현동 217-8,대현동,1,35.8837361,128.610619
2020,대구광역시 북구 대현동 218-10,대현동 218-10,대현동,1,35.8827273,128.6116626
2020,대구광역시 북구 대현동 218-13,대현동 218-13,대현동,2,35.8825662,128.6116807
2020,대구광역시 북구 대현동 218-17,대현동 218-17,대현동,1,35.8824604,128.6117743
2020,대구광역시 북구 대현동 22-10,대현동 22-10,대현동,1,35.8851084,128.6133777
2020,대구광역시 북구 대현동 225-6,대현동 225-6,대현동,1,35.8851107,128.605423
2020,대구광역시 북구 대현동 226-1,대현동 226-1,대현동,1,35.8848526,128.6058474
2020,대구광역시 북구 대현동 226-8,대현동 226-8,대현동,1,35.884792,128.6059469
2020,대구광역시 북구 대현동 227-12,대현동 227-12,대현동,2,35.8843356,128.606157
2020,대구광역시 북구 대현동 227-16,대현동 227-16,대현동,1,35.8847838,128.6053448
2020,대구광역시 북구 대현동 227-17,대현동 227-17,대현동,1,35.88501,128.6050469
2020,대구광역시 북구 대현동 227-27,대현동 227-27,대현동,1,35.8848555,128.6054756
2020,대구광역시 북구 대현동 227-3,대현동 227-3,대현동,2,35.88451,128.6058828
2020,대구광역시 북구 대현동 227-9,대현동 227-9,대현동,1,35.8841937,128.6062765
2020,대구광역시 북구 대현동 23-2,대현동 23-2,대현동,2,35.885137,128.6137296
2020,대구광역시 북구 대현동 230-1,대현동 230-1,대현동,1,35.8863981,128.6028908
2020,대구광역시 북구 대현동 230-2,대현동 230-2,대현동,1,35.8864803,128.6026752
2020,대구광역시 북구 대현동 231-1,대현동 231-1,대현동,4,35.8867626,128.6032854
2020,대구광역시 북구 대현동 231-16,대현동 231-16,대현동,1,35.8867886,128.6031778
2020,대구광역시 북구 대현동 232-1,대현동 232-1,대현동,1,35.8859674,128.6040491
2020,대구광역시 북구 대현동 236-16,대현동 236-16,대현동,1,35.8868432,128.6034547
2020,대구광역시 북구 대현동 24-15,대현동 24-15,대현동,1,35.8851847,128.6138017
2020,대구광역시 북구 대현동 24-17,대현동 24-17,대현동,2,35.8849933,128.6137832
2020,대구광역시 북구 대현동 24-2,대현동 24-2,대현동,6,35.8850575,128.613909
2020,대구광역시 북구 대현동 24-25,대현동 24-25,대현동,3,35.8852037,128.6138604
2020,대구광역시 북구 대현동 24-3,대현동 24-3,대현동,1,35.8849249,128.6138771
2020,대구광역시 북구 대현동 24-31,대현동 24-31,대현동,2,35.8847797,128.6136211
2020,대구광역시 북구 대현동 24-43,대현동 24-43,대현동,1,35.8852443,128.6135279
2020,대구광역시 북구 대현동 24-9,대현동 24-9,대현동,1,35.8852864,128.6137922
2020,대구광역시 북구 대현동 25,대현동 25,대현동,8,35.8877391,128.6111831
2020,대구광역시 북구 대현동 25-13,대현동 25-13,대현동,2,35.8860644,128.6079139
2020,대구광역시 북구 대현동 25-41,대현동 25-41,대현동,1,35.8855214,128.6095311
2020,대구광역시 북구 대현동 25-47,대현동 25-47,대현동,1,35.8854969,128.608599
2020,대구광역시 북구 대현동 252-17,대현동 252-17,대현동,1,35.8872517,128.6029902
2020,대구광역시 북구 대현동 252-19,대현동 252-19,대현동,1,35.88714,128.6030039
2020,대구광역시 북구 대현동 258-1,대현동 258-1,대현동,57,35.8841439,128.6059475
2020,대구광역시 북구 대현동 259-2,대현동 259-2,대현동,1,35.8875627,128.6024086
2020,대구광역시 북구 대현동 259-3,대현동 259-3,대현동,1,35.8872397,128.6025019
2020,대구광역시 북구 대현동 259-7,대현동 259-7,대현동,2,35.8877074,128.6023679
2020,대구광역시 북구 대현동 260-2,대현동 260-2,대현동,1,35.8874141,128.6024513
2020,대구광역시 북구 대현동 266-2,대현동 266-2,대현동,1,35.8787652,128.6094585
2020,대구광역시 북구 대현동 267,대현동 267,대현동,1,35.8787311,128.6080278
2020,대구광역시 북구 대현동 270-11,대현동 270-11,대현동,1,35.8817743,128.6114596
2020,대구광역시 북구 대현동 270-12,대현동 270-12,대현동,1,35.8818144,128.6112365
2020,대구광역시 북구 대현동 270-3,대현동 270-3,대현동,1,35.881702,128.6115915
2020,대구광역시 북구 대현동 272-27,대현동 272-27,대현동,37,35.8819862,128.6067263
2020,대구광역시 북구 대현동 274-1,대현동 274-1,대현동,1,35.8808083,128.6111089
2020,대구광역시 북구 대현동 274-38,대현동 274-38,대현동,3,35.8812371,128.6114711
2020,대구광역시 북구 대현동 274-61,대현동 274-61,대현동,1,35.8815621,128.6113141
2020,대구광역시 북구 대현동 274-64,대현동 274-64,대현동,5,35.8808772,128.6114736
2020,대구광역시 북구 대현동 274-65,대현동 274-65,대현동,2,35.8807248,128.6112913
2020,대구광역시 북구 대현동 274-78,대현동 274-78,대현동,1,35.8810472,128.6114051
2020,대구광역시 북구 대현동 274-8,대현동 274-8,대현동,1,35.8813477,128.611364
2020,대구광역시 북구 대현동 277-2,대현동 277-2,대현동,1,35.8801544,128.6099521
2020,대구광역시 북구 대현동 277-37,대현동 277-37,대현동,1,35.8805794,128.6105104
2020,대구광역시 북구 대현동 277-42,대현동 277-42,대현동,1,35.8806222,128.6105997
2020,대구광역시 북구 대현동 277-44,대현동 277-44,대현동,1,35.8805019,128.6107206
2020,대구광역시 북구 대현동 277-51,대현동 277-51,대현동,1,35.880259,128.6107847
2020,대구광역시 북구 대현동 277-59,대현동 277-59,대현동,1,35.8800966,128.6102939
2020,대구광역시 북구 대현동 279-4,대현동 279-4,대현동,1,35.8806131,128.6102919
2020,대구광역시 북구 대현동 316-11,대현동 316-11,대현동,2,35.8790669,128.6060063
2020,대구광역시 북구 대현동 316-2,대현동 316-2,대현동,5,35.8789796,128.6057915
2020,대구광역시 북구 대현동 316-3,대현동 316-3,대현동,1,35.8790469,128.6055476
2020,대구광역시 북구 대현동 321-39,대현동 321-39,대현동,5,35.8775783,128.6065617
2020,대구광역시 북구 대현동 322-2,대현동 322-2,대현동,1,35.877813,128.6069502
2020,대구광역시 북구 대현동 333-16,대현동 333-16,대현동,1,35.8794159,128.607323
2020,대구광역시 북구 대현동 333-3,대현동 333-3,대현동,1,35.8794297,128.6071369
2020,대구광역시 북구 대현동 337-65,대현동 337-65,대현동,2,35.8786985,128.6092842
2020,대구광역시 북구 대현동 338-18,대현동 338-18,대현동,5,35.8792142,128.607902
2020,대구광역시 북구 대현동 338-26,대현동 338-26,대현동,2,35.8787482,128.6085442
2020,대구광역시 북구 대현동 340-11,대현동 340-11,대현동,3,35.8785935,128.6085278
2020,대구광역시 북구 대현동 340-16,대현동 340-16,대현동,1,35.8783879,128.6086468
2020,대구광역시 북구 대현동 340-2,대현동 340-2,대현동,2,35.8784914,128.6086423
2020,대구광역시 북구 대현동 340-4,대현동 340-4,대현동,1,35.8785751,128.6083523
2020,대구광역시 북구 대현동 389,대현동 389,대현동,2,35.8773375,128.6057179
2020,대구광역시 북구 대현동 390,대현동 390,대현동,3,35.8811356,128.6089338
2020,대구광역시 북구 대현동 390-1,대현동 390-1,대현동,5,35.8811445,128.608593
2020,대구광역시 북구 대현동 390-2,대현동 390-2,대현동,1,35.8811025,128.608388
2020,대구광역시 북구 대현동 390-22,대현동 390-22,대현동,1,35.8811136,128.6085509
2020,대구광역시 북구 대현동 390-3,대현동 390-3,대현동,1,35.8811588,128.6082312
2020,대구광역시 북구 대현동 390-31,대현동 390-31,대현동,6,35.8816947,128.6075599
2020,대구광역시 북구 대현동 393-1,대현동 393-1,대현동,2,35.881792,128.6089163
2020,대구광역시 북구 대현동 394-1,대현동 394-1,대현동,2,35.8823407,128.6076778
2020,대구광역시 북구 대현동 394-3,대현동 394-3,대현동,2,35.8819366,128.6074047
2020,대구광역시 북구 대현동 394-8,대현동 394-8,대현동,2,35.8821134,128.6074288
2020,대구광역시 북구 대현동 395-1,대현동 395-1,대현동,1,35.881761,128.6073054
2020,대구광역시 북구 대현동 395-2,대현동 395-2,대현동,2,35.881621,128.6072556
2020,대구광역시 북구 대현동 403-1,대현동 403-1,대현동,1,35.8832058,128.607135
2020,대구광역시 북구 대현동 404-4,대현동 404-4,대현동,1,35.8827408,128.6078046
2020,대구광역시 북구 대현동 404-7,대현동 404-7,대현동,1,35.8825985,128.6076766
2020,대구광역시 북구 대현동 404-8,대현동 404-8,대현동,2,35.8825286,128.6076287
2020,대구광역시 북구 대현동 405-4,대현동 405-4,대현동,1,35.8823275,128.6083344
2020,대구광역시 북구 대현동 405-7,대현동 405-7,대현동,1,35.8822535,128.6084419
2020,대구광역시 북구 대현동 405-8,대현동 405-8,대현동,1,35.8825359,128.6081305
2020,대구광역시 북구 대현동 407-1,대현동 407-1,대현동,1,35.882412,128.6090382
2020,대구광역시 북구 대현동 407-12,대현동 407-12,대현동,1,35.8822992,128.6094962
2020,대구광역시 북구 대현동 408-13,대현동 408-13,대현동,1,35.8825212,128.6087655
2020,대구광역시 북구 대현동 408-14,대현동 408-14,대현동,1,35.8825154,128.6082176
2020,대구광역시 북구 대현동 409,대현동 409,대현동,1,35.8859733,128.6022224
2020,대구광역시 북구 대현동 410,대현동 410,대현동,2,35.8856039,128.6021451
2020,대구광역시 북구 대현동 412-7,대현동 412-7,대현동,1,35.8849246,128.6042321
2020,대구광역시 북구 대현동 414-11,대현동 414-11,대현동,1,35.8850219,128.6034277
2020,대구광역시 북구 대현동 414-15,대현동 414-15,대현동,1,35.8853645,128.6028479
2020,대구광역시 북구 대현동 415-10,대현동 415-10,대현동,1,35.8839575,128.605731
2020,대구광역시 북구 대현동 415-37,대현동 415-37,대현동,1,35.883912,128.605995
2020,대구광역시 북구 대현동 415-38,대현동 415-38,대현동,1,35.8838193,128.6060852
2020,대구광역시 북구 대현동 426-49,대현동 426-49,대현동,1,35.8831749,128.6056598
2020,대구광역시 북구 대현동 428-15,대현동 428-15,대현동,5,35.8825321,128.6059326
2020,대구광역시 북구 대현동 428-2,대현동 428-2,대현동,3,35.8826979,128.6055675
2020,대구광역시 북구 대현동 430-1,대현동 430-1,대현동,13,35.8824474,128.6058667
2020,대구광역시 북구 대현동 431-11,대현동 431-11,대현동,1,35.8824741,128.6054595
2020,대구광역시 북구 대현동 431-4,대현동 431-4,대현동,2,35.8825544,128.6053872
2020,대구광역시 북구 대현동 431-8,대현동 431-8,대현동,2,35.8825052,128.6052878
2020,대구광역시 북구 대현동 433-1,대현동 433-1,대현동,3,35.8825241,128.6050339
2020,대구광역시 북구 대현동 435-48,대현동 435-48,대현동,1,35.8828345,128.6038009
2020,대구광역시 북구 대현동 438-10,대현동 438-10,대현동,9,35.8827481,128.6027731
2020,대구광역시 북구 대현동 438-13,대현동 438-13,대현동,3,35.8827178,128.6025574
2020,대구광역시 북구 대현동 438-15,대현동 438-15,대현동,2,35.8825872,128.6028039
2020,대구광역시 북구 대현동 438-3,대현동 438-3,대현동,1,35.8827006,128.6024499
2020,대구광역시 북구 대현동 439-14,대현동 439-14,대현동,1,35.8828676,128.6035575
2020,대구광역시 북구 대현동 439-16,대현동 439-16,대현동,6,35.8827675,128.6033769
2020,대구광역시 북구 대현동 439-17,대현동 439-17,대현동,4,35.8827801,128.603559
2020,대구광역시 북구 대현동 439-18,대현동 439-18,대현동,4,35.8828086,128.60346
2020,대구광역시 북구 대현동 439-19,대현동 439-19,대현동,10,35.8826767,128.6033831
2020,대구광역시 북구 대현동 439-20,대현동 439-20,대현동,3,35.882855,128.6032862
2020,대구광역시 북구 대현동 439-21,대현동 439-21,대현동,2,35.8826711,128.6032134
2020,대구광역시 북구 대현동 439-22,대현동 439-22,대현동,2,35.8827636,128.6032062
2020,대구광역시 북구 대현동 439-23,대현동 439-23,대현동,1,35.882852,128.6031994
2020,대구광역시 북구 대현동 439-28,대현동 439-28,대현동,4,35.8827441,128.6030345
2020,대구광역시 북구 대현동 439-29,대현동 439-29,대현동,5,35.8826587,128.6030401
2020,대구광역시 북구 대현동 439-30,대현동 439-30,대현동,2,35.8827036,128.6031244
2020,대구광역시 북구 대현동 439-35,대현동 439-35,대현동,9,35.8826905,128.6035556
2020,대구광역시 북구 대현동 439-36,대현동 439-36,대현동,1,35.8824995,128.603602
2020,대구광역시 북구 대현동 439-4,대현동 439-4,대현동,33,35.8825882,128.6034974
2020,대구광역시 북구 대현동 440-1,대현동 440-1,대현동,8,35.881944,128.6025928
2020,대구광역시 북구 대현동 440-14,대현동 440-14,대현동,2,35.8825576,128.6029935
2020,대구광역시 북구 대현동 440-2,대현동 440-2,대현동,2,35.8822918,128.602603
2020,대구광역시 북구 대현동 442-1,대현동 442-1,대현동,8,35.8813186,128.602854
2020,대구광역시 북구 대현동 442-16,대현동 442-16,대현동,12,35.8808113,128.6032529
2020,대구광역시 북구 대현동 442-2,대현동 442-2,대현동,16,35.8809515,128.6029725
2020,대구광역시 북구 대현동 442-4,대현동 442-4,대현동,3,35.8804806,128.6033092
2020,대구광역시 북구 대현동 442-5,대현동 442-5,대현동,38,35.8809043,128.6031287
2020,대구광역시 북구 대현동 480-4,대현동 480-4,대현동,2,35.8850096,128.6026306
2020,대구광역시 북구 대현동 485-2,대현동 485-2,대현동,4,35.881077,128.6071291
2020,대구광역시 북구 대현동 500-32,대현동 500-32,대현동,1,35.8798462,128.6040927
2020,대구광역시 북구 대현동 500-37,대현동 500-37,대현동,1,35.8799805,128.6038702
2020,대구광역시 북구 대현동 500-42,대현동 500-42,대현동,1,35.8800334,128.6049719
2020,대구광역시 북구 대현동 500-65,대현동 500-65,대현동,1,35.8799004,128.6046683
2020,대구광역시 북구 대현동 504-1,대현동 504-1,대현동,8,35.8792038,128.6055971
2020,대구광역시 북구 대현동 504-2,대현동 504-2,대현동,9,35.8793671,128.6054117
2020,대구광역시 북구 대현동 504-3,대현동 504-3,대현동,1,35.8791759,128.6054665
2020,대구광역시 북구 대현동 512,대현동 512,대현동,13,35.882974,128.6021963
2020,대구광역시 북구 대현동 521,대현동 521,대현동,31,35.8813928,128.603596
2020,대구광역시 북구 대현동 521-13,대현동 521-13,대현동,1,35.8824984,128.6031696
2020,대구광역시 북구 대현동 521-4,대현동 521-4,대현동,1,35.881534,128.6027462
2020,대구광역시 북구 대현동 524,대현동 524,대현동,7,35.8844989,128.604104
2020,대구광역시 북구 대현동 526,대현동 526,대현동,23,35.8858208,128.6072941
2020,대구광역시 북구 대현동 527,대현동 527,대현동,67,35.8801619,128.6061845
2020,대구광역시 북구 대현동 527-1,대현동 527-1,대현동,6,35.880113,128.6050057
2020,대구광역시 북구 대현동 529,대현동 529,대현동,1,35.8815353,128.6041286
2020,대구광역시 북구 대현동 530,대현동 530,대현동,2,35.8814706,128.6042263
2020,대구광역시 북구 대현동 531,대현동 531,대현동,17,35.8816336,128.6053876
2020,대구광역시 북구 대현동 532,대현동 532,대현동,36,35.8819734,128.6065618
2020,대구광역시 북구 대현동 533,대현동 533,대현동,4,35.8816051,128.6042191
2020,대구광역시 북구 대현동 535,대현동 535,대현동,34,35.8798096,128.6086527
2020,대구광역시 북구 대현동 536,대현동 536,대현동,21,35.8805399,128.6089309
2020,대구광역시 북구 대현동 538,대현동 538,대현동,2,35.879717,128.607379
2020,대구광역시 북구 도남동 719-1,도남동 719-1,도남동,1,35.9610726,128.5838883
2020,대구광역시 북구 동변동 205-2,동변동 205-2,동변동,1,35.9260733,128.6008538
2020,대구광역시 북구 동변동 275,동변동 275,동변동,1,35.9224935,128.6009035
2020,대구광역시 북구 동변동 293,동변동 293,동변동,1,35.9217961,128.6013716
2020,대구광역시 북구 동변동 304-3,동변동 304-3,동변동,1,35.9213078,128.6005954
2020,대구광역시 북구 동변동 305-2,동변동 305-2,동변동,1,35.9211461,128.6006173
2020,대구광역시 북구 동변동 310-1,동변동 310-1,동변동,1,35.9213683,128.6015929
2020,대구광역시 북구 동변동 325,동변동 325,동변동,7,35.9213262,128.6018437
2020,대구광역시 북구 동변동 331-1,동변동 331-1,동변동,1,35.921527,128.6027664
2020,대구광역시 북구 동변동 358,동변동 358,동변동,2,35.9215249,128.6043143
2020,대구광역시 북구 동변동 364-1,동변동 364-1,동변동,1,35.9211403,128.6052695
2020,대구광역시 북구 동변동 492,동변동 492,동변동,14,35.9213532,128.6019999
2020,대구광역시 북구 동변동 492-1,동변동 492-1,동변동,1,35.9215624,128.6023489
2020,대구광역시 북구 동변동 492-2,동변동 492-2,동변동,12,35.921368,128.6021048
2020,대구광역시 북구 동변동 493,동변동 493,동변동,3,35.9213163,128.6022657
2020,대구광역시 북구 동변동 493-1,동변동 493-1,동변동,2,35.9213588,128.6025179
2020,대구광역시 북구 동변동 495,동변동 495,동변동,1,35.9214143,128.6030759
2020,대구광역시 북구 동변동 496,동변동 496,동변동,1,35.9214551,128.6032498
2020,대구광역시 북구 동변동 497,동변동 497,동변동,6,35.9214583,128.6034225
2020,대구광역시 북구 동변동 497-1,동변동 497-1,동변동,4,35.9214175,128.6033104
2020,대구광역시 북구 동변동 498-1,동변동 498-1,동변동,7,35.9214477,128.6036242
2020,대구광역시 북구 동변동 498-3,동변동 498-3,동변동,5,35.9214599,128.6038365
2020,대구광역시 북구 동변동 499-1,동변동 499-1,동변동,3,35.9214131,128.6040654
2020,대구광역시 북구 동변동 500,동변동 500,동변동,3,35.9214842,128.6041173
2020,대구광역시 북구 동변동 556-1,동변동 556-1,동변동,1,35.9157011,128.6047323
2020,대구광역시 북구 동변동 599-3,동변동 599-3,동변동,1,35.9153835,128.6010036
2020,대구광역시 북구 동변동 599-5,동변동 599-5,동변동,1,35.9154016,128.6010122
2020,대구광역시 북구 동변동 617-1,동변동 617-1,동변동,29,35.9210229,128.611941
2020,대구광역시 북구 동변동 617-30,동변동 617-30,동변동,1,35.9145463,128.6034778
2020,대구광역시 북구 동변동 650-1,동변동 650-1,동변동,5,35.9208837,128.6006683
2020,대구광역시 북구 동변동 650-7,동변동 650-7,동변동,2,35.9202515,128.6007895
2020,대구광역시 북구 동변동 659,동변동 659,동변동,12,35.9214853,128.6009086
2020,대구광역시 북구 동변동 660,동변동 660,동변동,1,35.9213482,128.6012011
2020,대구광역시 북구 동변동 661,동변동 661,동변동,16,35.9216586,128.600614
2020,대구광역시 북구 동변동 662,동변동 662,동변동,1,35.9209697,128.600884
2020,대구광역시 북구 동변동 662-2,동변동 662-2,동변동,2,35.9209744,128.6011608
2020,대구광역시 북구 동변동 662-3,동변동 662-3,동변동,1,35.9209766,128.6012969
2020,대구광역시 북구 동변동 668-10,동변동 668-10,동변동,1,35.919607,128.6017691
2020,대구광역시 북구 동변동 668-6,동변동 668-6,동변동,1,35.9197582,128.6019065
2020,대구광역시 북구 동변동 668-8,동변동 668-8,동변동,1,35.9196174,128.6020632
2020,대구광역시 북구 동변동 669,동변동 669,동변동,7,35.9209941,128.6023011
2020,대구광역시 북구 동변동 669-4,동변동 669-4,동변동,3,35.9210259,128.6031144
2020,대구광역시 북구 동변동 669-5,동변동 669-5,동변동,35,35.9210312,128.6033266
2020,대구광역시 북구 동변동 669-6,동변동 669-6,동변동,1,35.9208935,128.6033587
2020,대구광역시 북구 동변동 670,동변동 670,동변동,5,35.9208677,128.6027295
2020,대구광역시 북구 동변동 674-11,동변동 674-11,동변동,2,35.9197734,128.6034193
2020,대구광역시 북구 동변동 674-18,동변동 674-18,동변동,1,35.9205771,128.6033877
2020,대구광역시 북구 동변동 674-7,동변동 674-7,동변동,1,35.9198827,128.603236
2020,대구광역시 북구 동변동 675,동변동 675,동변동,1,35.9201616,128.603091
2020,대구광역시 북구 동변동 676-6,동변동 676-6,동변동,1,35.9196504,128.6029894
2020,대구광역시 북구 동변동 677,동변동 677,동변동,9,35.9198051,128.6022136
2020,대구광역시 북구 동변동 678,동변동 678,동변동,2,35.9191981,128.6022542
2020,대구광역시 북구 동변동 679,동변동 679,동변동,20,35.9178303,128.6023568
2020,대구광역시 북구 동변동 680,동변동 680,동변동,11,35.9188352,128.6009585
2020,대구광역시 북구 동변동 681,동변동 681,동변동,156,35.9176577,128.6037152
2020,대구광역시 북구 동변동 682,동변동 682,동변동,23,35.9154563,128.6023684
2020,대구광역시 북구 동변동 683,동변동 683,동변동,2,35.9155081,128.6010977
2020,대구광역시 북구 동변동 684,동변동 684,동변동,2,35.9211399,128.6037614
2020,대구광역시 북구 동변동 684-19,동변동 684-19,동변동,3,35.9209394,128.6039242
2020,대구광역시 북구 동변동 684-20,동변동 684-20,동변동,22,35.9209067,128.6037763
2020,대구광역시 북구 동변동 684-21,동변동 684-21,동변동,2,35.9210221,128.6037651
2020,대구광역시 북구 동변동 684-8,동변동 684-8,동변동,1,35.9210431,128.6048603
2020,대구광역시 북구 동변동 685,동변동 685,동변동,12,35.9202902,128.6054415
2020,대구광역시 북구 동변동 686-10,동변동 686-10,동변동,2,35.9196712,128.6039984
2020,대구광역시 북구 동변동 686-19,동변동 686-19,동변동,1,35.9207153,128.6039584
2020,대구광역시 북구 동변동 686-3,동변동 686-3,동변동,1,35.9203608,128.6037971
2020,대구광역시 북구 동변동 686-4,동변동 686-4,동변동,1,35.9202456,128.6038013
2020,대구광역시 북구 동변동 686-8,동변동 686-8,동변동,2,35.9197849,128.6038197
2020,대구광역시 북구 동변동 686-9,동변동 686-9,동변동,1,35.9196673,128.6038281
2020,대구광역시 북구 동변동 689,동변동 689,동변동,4,35.9201679,128.6045596
2020,대구광역시 북구 동변동 690-11,동변동 690-11,동변동,11,35.9197206,128.605346
2020,대구광역시 북구 동변동 690-12,동변동 690-12,동변동,6,35.9197162,128.6052094
2020,대구광역시 북구 동변동 690-13,동변동 690-13,동변동,2,35.919712,128.6050726
2020,대구광역시 북구 동변동 690-14,동변동 690-14,동변동,1,35.9197078,128.6049357
2020,대구광역시 북구 동변동 690-15,동변동 690-15,동변동,1,35.9197036,128.6047986
2020,대구광역시 북구 동변동 690-6,동변동 690-6,동변동,1,35.9198548,128.6050667
2020,대구광역시 북구 동변동 690-7,동변동 690-7,동변동,4,35.9198591,128.6052028
2020,대구광역시 북구 동변동 690-8,동변동 690-8,동변동,2,35.9198638,128.6053385
2020,대구광역시 북구 동변동 690-9,동변동 690-9,동변동,1,35.9198668,128.6054754
2020,대구광역시 북구 동변동 691,동변동 691,동변동,2,35.9201978,128.6052378
2020,대구광역시 북구 동변동 692-10,동변동 692-10,동변동,5,35.9198434,128.6059023
2020,대구광역시 북구 동변동 692-11,동변동 692-11,동변동,1,35.9197274,128.6059018
2020,대구광역시 북구 동변동 692-12,동변동 692-12,동변동,1,35.9197235,128.605734
2020,대구광역시 북구 동변동 693,동변동 693,동변동,16,35.9195796,128.6048701
2020,대구광역시 북구 동변동 694,동변동 694,동변동,2,35.9190171,128.6043259
2020,대구광역시 북구 동변동 695,동변동 695,동변동,1,35.9190526,128.6054495
2020,대구광역시 북구 동변동 696,동변동 696,동변동,4,35.9192162,128.6060748
2020,대구광역시 북구 동변동 697,동변동 697,동변동,4,35.9174145,128.6048412
2020,대구광역시 북구 동변동 700,동변동 700,동변동,3,35.9155377,128.6043183
2020,대구광역시 북구 동변동 산 79,동변동 산 79,동변동,1,35.9193622,128.6072957
2020,대구광역시 북구 동천동 263-1,동천동 263-1,동천동,1,35.9442962,128.5541864
2020,대구광역시 북구 동천동 561,동천동 561,동천동,1,35.9384692,128.5573284
2020,대구광역시 북구 동천동 656,동천동 656,동천동,1,35.9330183,128.5552265
2020,대구광역시 북구 동천동 838-15,동천동 838-15,동천동,1,35.9380753,128.5560443
2020,대구광역시 북구 동천동 838-43,동천동 838-43,동천동,1,35.9339837,128.554766
2020,대구광역시 북구 동천동 838-5,동천동 838-5,동천동,8,35.9415633,128.5572024
2020,대구광역시 북구 동천동 838-53,동천동 838-53,동천동,9,35.9347738,128.5552579
2020,대구광역시 북구 동천동 838-54,동천동 838-54,동천동,1,35.9324023,128.5542449
2020,대구광역시 북구 동천동 838-56,동천동 838-56,동천동,1,35.9324783,128.5542553
2020,대구광역시 북구 동천동 862,동천동 862,동천동,1,35.9445807,128.5542533
2020,대구광역시 북구 동천동 872,동천동 872,동천동,18,35.9331769,128.5570438
2020,대구광역시 북구 동천동 872-1,동천동 872-1,동천동,3,35.9339467,128.55626
2020,대구광역시 북구 동천동 873,동천동 873,동천동,2,35.9323476,128.5554794
2020,대구광역시 북구 동천동 875,동천동 875,동천동,2,35.932265,128.556928
2020,대구광역시 북구 동천동 876-4,동천동 876-4,동천동,1,35.9319693,128.5575133
2020,대구광역시 북구 동천동 876-5,동천동 876-5,동천동,1,35.9321949,128.5575424
2020,대구광역시 북구 동천동 877-1,동천동 877-1,동천동,1,35.9319803,128.5571574
2020,대구광역시 북구 동천동 878,동천동 878,동천동,1,35.9321062,128.555702
2020,대구광역시 북구 동천동 880,동천동 880,동천동,2,35.933229,128.5591174
2020,대구광역시 북구 동천동 880-1,동천동 880-1,동천동,3,35.9326338,128.5605867
2020,대구광역시 북구 동천동 880-3,동천동 880-3,동천동,1,35.9321803,128.559244
2020,대구광역시 북구 동천동 880-4,동천동 880-4,동천동,1,35.9324486,128.5613954
2020,대구광역시 북구 동천동 882,동천동 882,동천동,21,35.9330602,128.5555244
2020,대구광역시 북구 동천동 883,동천동 883,동천동,92,35.9338646,128.5588811
2020,대구광역시 북구 동천동 884,동천동 884,동천동,7,35.9327862,128.5583653
2020,대구광역시 북구 동천동 885,동천동 885,동천동,14,35.9324283,128.5568255
2020,대구광역시 북구 동천동 886,동천동 886,동천동,1,35.9321907,128.5565246
2020,대구광역시 북구 동천동 887,동천동 887,동천동,24,35.9317108,128.558131
2020,대구광역시 북구 동천동 888,동천동 888,동천동,15,35.9324239,128.5616447
2020,대구광역시 북구 동천동 889,동천동 889,동천동,2,35.9457806,128.5573755
2020,대구광역시 북구 동천동 889-2,동천동 889-2,동천동,4,35.9455175,128.5569657
2020,대구광역시 북구 동천동 890,동천동 890,동천동,4,35.9454821,128.5600398
2020,대구광역시 북구 동천동 890-1,동천동 890-1,동천동,4,35.9449227,128.5608985
2020,대구광역시 북구 동천동 890-2,동천동 890-2,동천동,2,35.9454855,128.558818
2020,대구광역시 북구 동천동 891,동천동 891,동천동,25,35.9453418,128.5627009
2020,대구광역시 북구 동천동 891-1,동천동 891-1,동천동,28,35.9459137,128.5617696
2020,대구광역시 북구 동천동 891-2,동천동 891-2,동천동,7,35.9449852,128.5637658
2020,대구광역시 북구 동천동 892-1,동천동 892-1,동천동,5,35.9442628,128.5591567
2020,대구광역시 북구 동천동 892-2,동천동 892-2,동천동,3,35.9438899,128.5587341
2020,대구광역시 북구 동천동 892-3,동천동 892-3,동천동,4,35.943645,128.5586829
2020,대구광역시 북구 동천동 892-4,동천동 892-4,동천동,2,35.9434828,128.5586424
2020,대구광역시 북구 동천동 893,동천동 893,동천동,9,35.9433322,128.5586115
2020,대구광역시 북구 동천동 894-1,동천동 894-1,동천동,75,35.9441098,128.5603482
2020,대구광역시 북구 동천동 895-1,동천동 895-1,동천동,7,35.9441121,128.5613649
2020,대구광역시 북구 동천동 895-2,동천동 895-2,동천동,1,35.944067,128.5617397
2020,대구광역시 북구 동천동 895-4,동천동 895-4,동천동,7,35.9439784,128.5623972
2020,대구광역시 북구 동천동 895-5,동천동 895-5,동천동,16,35.943956,128.5626136
2020,대구광역시 북구 동천동 896,동천동 896,동천동,39,35.9427691,128.5631695
2020,대구광역시 북구 동천동 896-1,동천동 896-1,동천동,5,35.943924,128.5628593
2020,대구광역시 북구 동천동 896-2,동천동 896-2,동천동,4,35.943864,128.5633233
2020,대구광역시 북구 동천동 896-3,동천동 896-3,동천동,3,35.9435605,128.5633168
2020,대구광역시 북구 동천동 896-4,동천동 896-4,동천동,6,35.9433213,128.5632628
2020,대구광역시 북구 동천동 896-5,동천동 896-5,동천동,3,35.943081,128.5632296
2020,대구광역시 북구 동천동 896-6,동천동 896-6,동천동,5,35.9429179,128.5631987
2020,대구광역시 북구 동천동 897-1,동천동 897-1,동천동,1,35.9436056,128.5618794
2020,대구광역시 북구 동천동 897-10,동천동 897-10,동천동,7,35.943041,128.5622364
2020,대구광역시 북구 동천동 897-3,동천동 897-3,동천동,7,35.9435445,128.562356
2020,대구광역시 북구 동천동 897-4,동천동 897-4,동천동,8,35.9435214,128.5625296
2020,대구광역시 북구 동천동 897-5,동천동 897-5,동천동,2,35.9435114,128.5627491
2020,대구광역시 북구 동천동 897-7,동천동 897-7,동천동,1,35.9431278,128.5626781
2020,대구광역시 북구 동천동 897-8,동천동 897-8,동천동,1,35.9432573,128.5622812
2020,대구광역시 북구 동천동 897-9,동천동 897-9,동천동,2,35.9433111,128.5618675
2020,대구광역시 북구 동천동 898-1,동천동 898-1,동천동,16,35.9429493,128.5617445
2020,대구광역시 북구 동천동 898-2,동천동 898-2,동천동,4,35.9429173,128.5619749
2020,대구광역시 북구 동천동 898-3,동천동 898-3,동천동,3,35.9428868,128.5622071
2020,대구광역시 북구 동천동 898-4,동천동 898-4,동천동,4,35.9428569,128.5624393
2020,대구광역시 북구 동천동 898-5,동천동 898-5,동천동,4,35.9428308,128.5626688
2020,대구광역시 북구 동천동 899-1,동천동 899-1,동천동,4,35.9436416,128.5612222
2020,대구광역시 북구 동천동 899-3,동천동 899-3,동천동,2,35.9433212,128.5614443
2020,대구광역시 북구 동천동 899-4,동천동 899-4,동천동,1,35.9433512,128.5611622
2020,대구광역시 북구 동천동 899-5,동천동 899-5,동천동,4,35.9431604,128.5612419
2020,대구광역시 북구 동천동 900-1,동천동 900-1,동천동,2,35.9430187,128.5610991
2020,대구광역시 북구 동천동 900-2,동천동 900-2,동천동,9,35.9429914,128.5613764
2020,대구광역시 북구 동천동 901-1,동천동 901-1,동천동,43,35.9434881,128.5603615
2020,대구광역시 북구 동천동 901-2,동천동 901-2,동천동,5,35.9434517,128.5606327
2020,대구광역시 북구 동천동 901-3,동천동 901-3,동천동,12,35.9432496,128.5604661
2020,대구광역시 북구 동천동 902-1,동천동 902-1,동천동,9,35.9431146,128.5602902
2020,대구광역시 북구 동천동 902-2,동천동 902-2,동천동,1,35.9430802,128.5605589
2020,대구광역시 북구 동천동 903-1,동천동 903-1,동천동,1,35.9437173,128.5592085
2020,대구광역시 북구 동천동 903-2,동천동 903-2,동천동,1,35.9435458,128.5591683
2020,대구광역시 북구 동천동 903-3,동천동 903-3,동천동,1,35.9435916,128.559546
2020,대구광역시 북구 동천동 903-4,동천동 903-4,동천동,6,35.9435423,128.5599345
2020,대구광역시 북구 동천동 903-5,동천동 903-5,동천동,3,35.943368,128.5595331
2020,대구광역시 북구 동천동 904-1,동천동 904-1,동천동,7,35.9432655,128.5591065
2020,대구광역시 북구 동천동 904-3,동천동 904-3,동천동,2,35.9431975,128.5596341
2020,대구광역시 북구 동천동 904-4,동천동 904-4,동천동,2,35.9431652,128.5598976
2020,대구광역시 북구 동천동 905-1,동천동 905-1,동천동,4,35.9429533,128.5585345
2020,대구광역시 북구 동천동 905-2,동천동 905-2,동천동,2,35.9426945,128.5584857
2020,대구광역시 북구 동천동 905-3,동천동 905-3,동천동,1,35.9424341,128.5584366
2020,대구광역시 북구 동천동 906-1,동천동 906-1,동천동,3,35.9428907,128.5590361
2020,대구광역시 북구 동천동 906-2,동천동 906-2,동천동,1,35.942859,128.5592984
2020,대구광역시 북구 동천동 906-3,동천동 906-3,동천동,3,35.9428269,128.5595576
2020,대구광역시 북구 동천동 906-4,동천동 906-4,동천동,4,35.9427942,128.5598211
2020,대구광역시 북구 동천동 907-1,동천동 907-1,동천동,5,35.9424357,128.5589312
2020,대구광역시 북구 동천동 907-2,동천동 907-2,동천동,1,35.9425183,128.5591796
2020,대구광역시 북구 동천동 907-6,동천동 907-6,동천동,27,35.9423084,128.5599657
2020,대구광역시 북구 동천동 907-7,동천동 907-7,동천동,33,35.9422197,128.5597581
2020,대구광역시 북구 동천동 907-8,동천동 907-8,동천동,5,35.9422543,128.5594723
2020,대구광역시 북구 동천동 907-9,동천동 907-9,동천동,2,35.9422899,128.5591791
2020,대구광역시 북구 동천동 908-1,동천동 908-1,동천동,1,35.9427399,128.5604779
2020,대구광역시 북구 동천동 908-2,동천동 908-2,동천동,2,35.9425492,128.5604472
2020,대구광역시 북구 동천동 908-3,동천동 908-3,동천동,3,35.9423546,128.5604123
2020,대구광역시 북구 동천동 908-4,동천동 908-4,동천동,3,35.9421483,128.5603706
2020,대구광역시 북구 동천동 908-5,동천동 908-5,동천동,16,35.9422127,128.5601062
2020,대구광역시 북구 동천동 908-7,동천동 908-7,동천동,4,35.9427452,128.5602036
2020,대구광역시 북구 동천동 909-1,동천동 909-1,동천동,2,35.9426,128.5613002
2020,대구광역시 북구 동천동 909-2,동천동 909-2,동천동,1,35.9423304,128.5612531
2020,대구광역시 북구 동천동 909-6,동천동 909-6,동천동,3,35.9424748,128.5609921
2020,대구광역시 북구 동천동 909-7,동천동 909-7,동천동,2,35.9426667,128.56103
2020,대구광역시 북구 동천동 910-1,동천동 910-1,동천동,4,35.9425576,128.561704
2020,대구광역시 북구 동천동 910-3,동천동 910-3,동천동,5,35.942483,128.5622768
2020,대구광역시 북구 동천동 910-4,동천동 910-4,동천동,3,35.9424439,128.5625634
2020,대구광역시 북구 동천동 911-4,동천동 911-4,동천동,1,35.9421147,128.562287
2020,대구광역시 북구 동천동 911-5,동천동 911-5,동천동,2,35.9419755,128.5625041
2020,대구광역시 북구 동천동 911-7,동천동 911-7,동천동,1,35.9419436,128.5618834
2020,대구광역시 북구 동천동 912-1,동천동 912-1,동천동,16,35.9423754,128.5630954
2020,대구광역시 북구 동천동 912-2,동천동 912-2,동천동,5,35.9420998,128.5630467
2020,대구광역시 북구 동천동 912-3,동천동 912-3,동천동,5,35.9418329,128.5629955
2020,대구광역시 북구 동천동 913,동천동 913,동천동,51,35.9409685,128.5593093
2020,대구광역시 북구 동천동 913-1,동천동 913-1,동천동,11,35.940018,128.5586449
2020,대구광역시 북구 동천동 913-3,동천동 913-3,동천동,13,35.9396512,128.5591497
2020,대구광역시 북구 동천동 914,동천동 914,동천동,9,35.9405895,128.5616296
2020,대구광역시 북구 동천동 915,동천동 915,동천동,9,35.9379071,128.5613965
2020,대구광역시 북구 동천동 915-1,동천동 915-1,동천동,1,35.9388767,128.5607035
2020,대구광역시 북구 동천동 915-3,동천동 915-3,동천동,1,35.9381028,128.5624487
2020,대구광역시 북구 동천동 916-1,동천동 916-1,동천동,3,35.9396093,128.5582959
2020,대구광역시 북구 동천동 916-2,동천동 916-2,동천동,1,35.9395951,128.5584174
2020,대구광역시 북구 동천동 916-3,동천동 916-3,동천동,1,35.9395775,128.5585476
2020,대구광역시 북구 동천동 916-7,동천동 916-7,동천동,1,35.9394993,128.558281
2020,대구광역시 북구 동천동 918-8,동천동 918-8,동천동,3,35.9390234,128.5581428
2020,대구광역시 북구 동천동 919-9,동천동 919-9,동천동,1,35.9387153,128.5584261
2020,대구광역시 북구 동천동 921-14,동천동 921-14,동천동,1,35.939247,128.5593696
2020,대구광역시 북구 동천동 923-15,동천동 923-15,동천동,1,35.9381913,128.5595686
2020,대구광역시 북구 동천동 923-2,동천동 923-2,동천동,1,35.9380328,128.5596844
2020,대구광역시 북구 동천동 925-1,동천동 925-1,동천동,1,35.9382862,128.5589424
2020,대구광역시 북구 동천동 925-9,동천동 925-9,동천동,1,35.9376714,128.5586727
2020,대구광역시 북구 동천동 927,동천동 927,동천동,1,35.9376963,128.5583235
2020,대구광역시 북구 동천동 928-1,동천동 928-1,동천동,2,35.9383974,128.5579935
2020,대구광역시 북구 동천동 928-10,동천동 928-10,동천동,7,35.9380526,128.5575775
2020,대구광역시 북구 동천동 928-2,동천동 928-2,동천동,1,35.9382685,128.5579106
2020,대구광역시 북구 동천동 928-3,동천동 928-3,동천동,3,35.9381482,128.5578244
2020,대구광역시 북구 동천동 929-11,동천동 929-11,동천동,3,35.9374622,128.5570786
2020,대구광역시 북구 동천동 929-4,동천동 929-4,동천동,1,35.9374495,128.557655
2020,대구광역시 북구 동천동 930-1,동천동 930-1,동천동,1,35.9373428,128.5578782
2020,대구광역시 북구 동천동 931-5,동천동 931-5,동천동,1,35.9371472,128.5594757
2020,대구광역시 북구 동천동 932-16,동천동 932-16,동천동,1,35.9367962,128.5566962
2020,대구광역시 북구 동천동 932-7,동천동 932-7,동천동,1,35.9369309,128.5575621
2020,대구광역시 북구 동천동 934-5,동천동 934-5,동천동,1,35.9366284,128.5593744
2020,대구광역시 북구 동천동 935-9,동천동 935-9,동천동,2,35.9358067,128.5564665
2020,대구광역시 북구 동천동 937-11,동천동 937-11,동천동,1,35.9365741,128.5574118
2020,대구광역시 북구 동천동 938-7,동천동 938-7,동천동,1,35.9357007,128.5572588
2020,대구광역시 북구 동천동 940-4,동천동 940-4,동천동,1,35.9363617,128.5592262
2020,대구광역시 북구 동천동 942-15,동천동 942-15,동천동,1,35.9352454,128.5578695
2020,대구광역시 북구 동천동 942-16,동천동 942-16,동천동,2,35.9352619,128.5577332
2020,대구광역시 북구 동천동 945-9,동천동 945-9,동천동,1,35.9346181,128.5570496
2020,대구광역시 북구 동천동 946-12,동천동 946-12,동천동,1,35.9350323,128.5567235
2020,대구광역시 북구 동천동 947-1,동천동 947-1,동천동,1,35.9355605,128.556574
2020,대구광역시 북구 동천동 947-17,동천동 947-17,동천동,2,35.9355784,128.5564257
2020,대구광역시 북구 동천동 948-11,동천동 948-11,동천동,1,35.9343046,128.5568712
2020,대구광역시 북구 동천동 949,동천동 949,동천동,4,35.9345828,128.5579583
2020,대구광역시 북구 동천동 950,동천동 950,동천동,29,35.9352556,128.5607025
2020,대구광역시 북구 동천동 950-1,동천동 950-1,동천동,7,35.9344537,128.5592905
2020,대구광역시 북구 동천동 950-2,동천동 950-2,동천동,1,35.934998,128.5618654
2020,대구광역시 북구 동천동 951-1,동천동 951-1,동천동,11,35.9445289,128.5576625
2020,대구광역시 북구 동천동 951-2,동천동 951-2,동천동,4,35.9439845,128.5579313
2020,대구광역시 북구 동천동 951-3,동천동 951-3,동천동,1,35.9437473,128.5578944
2020,대구광역시 북구 동천동 951-4,동천동 951-4,동천동,1,35.9435912,128.5578658
2020,대구광역시 북구 동천동 952-2,동천동 952-2,동천동,2,35.9432195,128.5577976
2020,대구광역시 북구 동천동 952-3,동천동 952-3,동천동,1,35.9429907,128.557755
2020,대구광역시 북구 동천동 953-1,동천동 953-1,동천동,5,35.9440101,128.5570667
2020,대구광역시 북구 동천동 953-2,동천동 953-2,동천동,2,35.9439094,128.5573918
2020,대구광역시 북구 동천동 953-3,동천동 953-3,동천동,6,35.9437497,128.5571577
2020,대구광역시 북구 동천동 954-1,동천동 954-1,동천동,1,35.943643,128.55694
2020,대구광역시 북구 동천동 954-6,동천동 954-6,동천동,1,35.9432266,128.5567185
2020,대구광역시 북구 동천동 955-1,동천동 955-1,동천동,1,35.9429138,128.5565528
2020,대구광역시 북구 동천동 955-7,동천동 955-7,동천동,2,35.9426892,128.5565967
2020,대구광역시 북구 동천동 957,동천동 957,동천동,1,35.9422047,128.5567193
2020,대구광역시 북구 동천동 957-2,동천동 957-2,동천동,4,35.9402691,128.5579248
2020,대구광역시 북구 동천동 957-4,동천동 957-4,동천동,2,35.9398705,128.5579641
2020,대구광역시 북구 동천동 957-6,동천동 957-6,동천동,3,35.9380674,128.5571693
2020,대구광역시 북구 동천동 958,동천동 958,동천동,2,35.9362575,128.5561748
2020,대구광역시 북구 동천동 959,동천동 959,동천동,3,35.9462504,128.5610365
2020,대구광역시 북구 동천동 959-1,동천동 959-1,동천동,6,35.9455198,128.5585713
2020,대구광역시 북구 동천동 959-2,동천동 959-2,동천동,106,35.9453763,128.5612645
2020,대구광역시 북구 동천동 959-3,동천동 959-3,동천동,64,35.9450209,128.5578039
2020,대구광역시 북구 동천동 959-4,동천동 959-4,동천동,104,35.9438733,128.5637104
2020,대구광역시 북구 동천동 960,동천동 960,동천동,30,35.9433812,128.5582143
2020,대구광역시 북구 동천동 960-1,동천동 960-1,동천동,2,35.942411,128.5569574
2020,대구광역시 북구 동천동 960-2,동천동 960-2,동천동,290,35.9418996,128.5606621
2020,대구광역시 북구 동천동 961,동천동 961,동천동,44,35.9439137,128.5567505
2020,대구광역시 북구 동천동 961-1,동천동 961-1,동천동,41,35.9433808,128.5575458
2020,대구광역시 북구 동천동 962,동천동 962,동천동,76,35.9431685,128.5608464
2020,대구광역시 북구 동천동 962-1,동천동 962-1,동천동,224,35.9435371,128.5589416
2020,대구광역시 북구 동천동 962-2,동천동 962-2,동천동,54,35.9430308,128.5595258
2020,대구광역시 북구 동천동 962-3,동천동 962-3,동천동,56,35.9426652,128.559205
2020,대구광역시 북구 동천동 962-4,동천동 962-4,동천동,95,35.9433113,128.5629676
2020,대구광역시 북구 동천동 962-5,동천동 962-5,동천동,49,35.9433049,128.561627
2020,대구광역시 북구 동천동 962-6,동천동 962-6,동천동,85,35.9427141,128.5621269
2020,대구광역시 북구 동천동 962-7,동천동 962-7,동천동,46,35.9422734,128.562284
2020,대구광역시 북구 동천동 963,동천동 963,동천동,44,35.9396899,128.5581109
2020,대구광역시 북구 동천동 963-1,동천동 963-1,동천동,62,35.9368928,128.5593192
2020,대구광역시 북구 동천동 963-13,동천동 963-13,동천동,2,35.9314506,128.5616796
2020,대구광역시 북구 동천동 963-2,동천동 963-2,동천동,20,35.9393893,128.5601309
2020,대구광역시 북구 동천동 963-3,동천동 963-3,동천동,20,35.9375608,128.5625046
2020,대구광역시 북구 동천동 963-4,동천동 963-4,동천동,6,35.9334704,128.5622355
2020,대구광역시 북구 동천동 964,동천동 964,동천동,3,35.9389464,128.5583755
2020,대구광역시 북구 동천동 964-3,동천동 964-3,동천동,8,35.9384141,128.5588355
2020,대구광역시 북구 동천동 964-4,동천동 964-4,동천동,1,35.9377564,128.5585571
2020,대구광역시 북구 동천동 964-5,동천동 964-5,동천동,5,35.9379227,128.5582856
2020,대구광역시 북구 동천동 964-7,동천동 964-7,동천동,2,35.937826,128.5593803
2020,대구광역시 북구 동천동 965,동천동 965,동천동,52,35.9357478,128.5562467
2020,대구광역시 북구 동천동 965-1,동천동 965-1,동천동,8,35.9355359,128.5576386
2020,대구광역시 북구 동천동 965-2,동천동 965-2,동천동,10,35.9353847,128.559073
2020,대구광역시 북구 동천동 966,동천동 966,동천동,1,35.9362545,128.5568269
2020,대구광역시 북구 동천동 966-2,동천동 966-2,동천동,1,35.9361454,128.5576318
2020,대구광역시 북구 동천동 966-3,동천동 966-3,동천동,2,35.9356198,128.5569761
2020,대구광역시 북구 동천동 966-5,동천동 966-5,동천동,1,35.9350697,128.55701
2020,대구광역시 북구 동천동 967,동천동 967,동천동,1,35.9365085,128.5589313
2020,대구광역시 북구 동천동 967-3,동천동 967-3,동천동,15,35.935099,128.5580724
2020,대구광역시 북구 동천동 968,동천동 968,동천동,13,35.9448664,128.5559438
2020,대구광역시 북구 동천동 969-1,동천동 969-1,동천동,1,35.9442487,128.554849
2020,대구광역시 북구 동천동 969-3,동천동 969-3,동천동,1,35.9438456,128.5549091
2020,대구광역시 북구 동천동 969-5,동천동 969-5,동천동,2,35.943442,128.5551492
2020,대구광역시 북구 동천동 969-6,동천동 969-6,동천동,2,35.9432756,128.5553722
2020,대구광역시 북구 동천동 969-7,동천동 969-7,동천동,3,35.9431476,128.5556475
2020,대구광역시 북구 동천동 969-8,동천동 969-8,동천동,4,35.9430521,128.5558998
2020,대구광역시 북구 동천동 969-9,동천동 969-9,동천동,1,35.9429668,128.5561335
2020,대구광역시 북구 동천동 970-4,동천동 970-4,동천동,3,35.9436355,128.5554744
2020,대구광역시 북구 동천동 970-5,동천동 970-5,동천동,1,35.9438853,128.5553174
2020,대구광역시 북구 동천동 971-1,동천동 971-1,동천동,1,35.9436879,128.5563247
2020,대구광역시 북구 동천동 971-2,동천동 971-2,동천동,1,35.9433881,128.556185
2020,대구광역시 북구 동천동 971-5,동천동 971-5,동천동,1,35.943451,128.5558188
2020,대구광역시 북구 동천동 972,동천동 972,동천동,10,35.9442175,128.5556387
2020,대구광역시 북구 동천동 972-1,동천동 972-1,동천동,15,35.9436809,128.5552167
2020,대구광역시 북구 동천동 972-3,동천동 972-3,동천동,1,35.943939,128.5545055
2020,대구광역시 북구 동천동 972-4,동천동 972-4,동천동,1,35.9442199,128.5543893
2020,대구광역시 북구 동호동 111,동호동 111,동호동,2,35.9633149,128.5595449
2020,대구광역시 북구 동호동 127,동호동 127,동호동,2,35.96258,128.5588842
2020,대구광역시 북구 동호동 129,동호동 129,동호동,1,35.962833,128.5607165
2020,대구광역시 북구 동호동 151-1,동호동 151-1,동호동,3,35.9597193,128.5615301
2020,대구광역시 북구 동호동 151-2,동호동 151-2,동호동,1,35.9592404,128.5606293
2020,대구광역시 북구 동호동 181-16,동호동 181-16,동호동,1,35.9604673,128.5602105
2020,대구광역시 북구 동호동 181-6,동호동 181-6,동호동,4,35.958444,128.5603604
2020,대구광역시 북구 동호동 187-5,동호동 187-5,동호동,1,35.9565729,128.559709
2020,대구광역시 북구 동호동 187-9,동호동 187-9,동호동,3,35.9592204,128.5599956
2020,대구광역시 북구 동호동 191-1,동호동 191-1,동호동,1,35.9566241,128.5621676
2020,대구광역시 북구 동호동 204-17,동호동 204-17,동호동,1,35.9571321,128.560144
2020,대구광역시 북구 동호동 209-1,동호동 209-1,동호동,8,35.9584372,128.5598659
2020,대구광역시 북구 동호동 237,동호동 237,동호동,1,35.9611179,128.5578829
2020,대구광역시 북구 동호동 250,동호동 250,동호동,1,35.9616495,128.5581074
2020,대구광역시 북구 동호동 408-2,동호동 408-2,동호동,1,35.9598158,128.5539602
2020,대구광역시 북구 동호동 463-2,동호동 463-2,동호동,1,35.9582628,128.5583095
2020,대구광역시 북구 동호동 492-6,동호동 492-6,동호동,1,35.9553005,128.5588562
2020,대구광역시 북구 동호동 551-16,동호동 551-16,동호동,1,35.9582332,128.560151
2020,대구광역시 북구 매천동 164,매천동 164,매천동,1,35.912127,128.5418263
2020,대구광역시 북구 매천동 176,매천동 176,매천동,2,35.9128315,128.5417132
2020,대구광역시 북구 매천동 200-1,매천동 200-1,매천동,5,35.9087609,128.5418898
2020,대구광역시 북구 매천동 223-2,매천동 223-2,매천동,2,35.9087746,128.5416074
2020,대구광역시 북구 매천동 295,매천동 295,매천동,1,35.904066,128.545199
2020,대구광역시 북구 매천동 296,매천동 296,매천동,2,35.9050863,128.545102
2020,대구광역시 북구 매천동 296-1,매천동 296-1,매천동,5,35.9048532,128.545062
2020,대구광역시 북구 매천동 297,매천동 297,매천동,1,35.9046656,128.545023
2020,대구광역시 북구 매천동 298-2,매천동 298-2,매천동,1,35.9044914,128.5453652
2020,대구광역시 북구 매천동 302,매천동 302,매천동,1,35.9042749,128.5438329
2020,대구광역시 북구 매천동 302-9,매천동 302-9,매천동,1,35.9043315,128.5444019
2020,대구광역시 북구 매천동 303,매천동 303,매천동,1,35.9042706,128.5432651
2020,대구광역시 북구 매천동 304,매천동 304,매천동,1,35.904394,128.543291
2020,대구광역시 북구 매천동 306,매천동 306,매천동,10,35.9046874,128.5442533
2020,대구광역시 북구 매천동 308,매천동 308,매천동,1,35.9047743,128.5433609
2020,대구광역시 북구 매천동 310-2,매천동 310-2,매천동,2,35.9049023,128.543748
2020,대구광역시 북구 매천동 312,매천동 312,매천동,2,35.9050969,128.5443428
2020,대구광역시 북구 매천동 312-1,매천동 312-1,매천동,1,35.9049424,128.5444004
2020,대구광역시 북구 매천동 313,매천동 313,매천동,2,35.9051077,128.543419
2020,대구광역시 북구 매천동 314-1,매천동 314-1,매천동,2,35.905761,128.5435426
2020,대구광역시 북구 매천동 314-2,매천동 314-2,매천동,3,35.9055043,128.5434928
2020,대구광역시 북구 매천동 314-3,매천동 314-3,매천동,8,35.9052888,128.5434527
2020,대구광역시 북구 매천동 318,매천동 318,매천동,5,35.9062897,128.5435273
2020,대구광역시 북구 매천동 318-2,매천동 318-2,매천동,1,35.9060702,128.5434864
2020,대구광역시 북구 매천동 324,매천동 324,매천동,3,35.9062529,128.5437239
2020,대구광역시 북구 매천동 342-1,매천동 342-1,매천동,1,35.9069957,128.541605
2020,대구광역시 북구 매천동 354,매천동 354,매천동,1,35.9064519,128.5426885
2020,대구광역시 북구 매천동 369,매천동 369,매천동,1,35.904982,128.5416809
2020,대구광역시 북구 매천동 370,매천동 370,매천동,45,35.9039352,128.5445152
2020,대구광역시 북구 매천동 374-4,매천동 374-4,매천동,1,35.9044793,128.5415278
2020,대구광역시 북구 매천동 458-1,매천동 458-1,매천동,1,35.9063812,128.5400626
2020,대구광역시 북구 매천동 475-17,매천동 475-17,매천동,1,35.9050688,128.5408292
2020,대구광역시 북구 매천동 476-8,매천동 476-8,매천동,1,35.9045553,128.5403859
2020,대구광역시 북구 매천동 526,매천동 526,매천동,3,35.9023606,128.5401863
2020,대구광역시 북구 매천동 527-3,매천동 527-3,매천동,16,35.9025834,128.5431864
2020,대구광역시 북구 매천동 540-2,매천동 540-2,매천동,1,35.9040005,128.540726
2020,대구광역시 북구 매천동 595-2,매천동 595-2,매천동,3,35.9000771,128.5466177
2020,대구광역시 북구 매천동 612,매천동 612,매천동,1,35.9001712,128.5459417
2020,대구광역시 북구 매천동 618-1,매천동 618-1,매천동,10,35.913722,128.542512
2020,대구광역시 북구 매천동 618-121,매천동 618-121,매천동,1,35.9048711,128.5466869
2020,대구광역시 북구 매천동 618-31,매천동 618-31,매천동,1,35.8995901,128.5473312
2020,대구광역시 북구 매천동 618-55,매천동 618-55,매천동,4,35.9036745,128.5464056
2020,대구광역시 북구 매천동 618-61,매천동 618-61,매천동,1,35.9070123,128.5475887
2020,대구광역시 북구 매천동 618-70,매천동 618-70,매천동,1,35.8996993,128.5472019
2020,대구광역시 북구 매천동 618-99,매천동 618-99,매천동,4,35.9047042,128.5461209
2020,대구광역시 북구 매천동 669,매천동 669,매천동,1,35.9094734,128.5458624
2020,대구광역시 북구 매천동 673,매천동 673,매천동,2,35.9098639,128.5432611
2020,대구광역시 북구 매천동 677,매천동 677,매천동,3,35.9087726,128.5439477
2020,대구광역시 북구 매천동 677-1,매천동 677-1,매천동,175,35.9076539,128.5431197
2020,대구광역시 북구 매천동 678,매천동 678,매천동,1,35.9085062,128.5435102
2020,대구광역시 북구 매천동 679,매천동 679,매천동,1,35.9085409,128.5432541
2020,대구광역시 북구 매천동 684,매천동 684,매천동,2,35.9086289,128.5422482
2020,대구광역시 북구 매천동 686,매천동 686,매천동,3,35.9080911,128.5421398
2020,대구광역시 북구 매천동 690,매천동 690,매천동,5,35.9080795,128.5434592
2020,대구광역시 북구 매천동 692,매천동 692,매천동,4,35.9080551,128.5428636
2020,대구광역시 북구 매천동 693,매천동 693,매천동,12,35.9080937,128.5425583
2020,대구광역시 북구 매천동 703,매천동 703,매천동,1,35.9069771,128.5419048
2020,대구광역시 북구 매천동 705,매천동 705,매천동,1,35.9068801,128.5419589
2020,대구광역시 북구 매천동 706,매천동 706,매천동,1,35.9068568,128.5421549
2020,대구광역시 북구 매천동 712,매천동 712,매천동,1,35.9067101,128.5432237
2020,대구광역시 북구 매천동 718,매천동 718,매천동,2,35.9078217,128.5423897
2020,대구광역시 북구 매천동 719,매천동 719,매천동,1,35.9078033,128.5425544
2020,대구광역시 북구 매천동 720,매천동 720,매천동,1,35.9076523,128.5425275
2020,대구광역시 북구 매천동 724,매천동 724,매천동,1,35.9070207,128.5426776
2020,대구광역시 북구 매천동 727,매천동 727,매천동,4,35.9076255,128.5428778
2020,대구광역시 북구 매천동 735,매천동 735,매천동,5,35.9075973,128.5433193
2020,대구광역시 북구 매천동 737,매천동 737,매천동,1,35.9071988,128.5433346
2020,대구광역시 북구 매천동 741,매천동 741,매천동,5,35.9074481,128.5458724
2020,대구광역시 북구 매천동 745,매천동 745,매천동,1,35.9063635,128.5448955
2020,대구광역시 북구 매천동 749,매천동 749,매천동,4,35.9055032,128.5415756
2020,대구광역시 북구 매천동 750,매천동 750,매천동,9,35.9053043,128.5425345
2020,대구광역시 북구 매천동 751,매천동 751,매천동,46,35.9053281,128.5435532
2020,대구광역시 북구 매천동 753,매천동 753,매천동,18,35.9056928,128.5448274
2020,대구광역시 북구 매천동 756,매천동 756,매천동,23,35.9050388,128.5441904
2020,대구광역시 북구 복현동 100-3,복현동 100-3,복현동,1,35.900979,128.620182
2020,대구광역시 북구 복현동 101-2,복현동 101-2,복현동,2,35.9014454,128.6216765
2020,대구광역시 북구 복현동 105,복현동 105,복현동,1,35.9018983,128.6225065
2020,대구광역시 북구 복현동 106,복현동 106,복현동,1,35.9008769,128.6221654
2020,대구광역시 북구 복현동 109,복현동 109,복현동,3,35.9008484,128.6226255
2020,대구광역시 북구 복현동 109-2,복현동 109-2,복현동,1,35.9005229,128.6228074
2020,대구광역시 북구 복현동 110-4,복현동 110-4,복현동,1,35.9006258,128.6224239
2020,대구광역시 북구 복현동 113-6,복현동 113-6,복현동,1,35.9006428,128.6219573
2020,대구광역시 북구 복현동 116,복현동 116,복현동,2,35.9003665,128.6219129
2020,대구광역시 북구 복현동 125,복현동 125,복현동,1,35.9001672,128.6219546
2020,대구광역시 북구 복현동 134,복현동 134,복현동,4,35.8996634,128.6217322
2020,대구광역시 북구 복현동 146-13,복현동 146-13,복현동,6,35.9000221,128.6234313
2020,대구광역시 북구 복현동 146-15,복현동 146-15,복현동,1,35.9003412,128.6230591
2020,대구광역시 북구 복현동 15,복현동 15,복현동,1,35.905905,128.6217546
2020,대구광역시 북구 복현동 15-7,복현동 15-7,복현동,1,35.9060067,128.6216216
2020,대구광역시 북구 복현동 155,복현동 155,복현동,2,35.899867,128.6233718
2020,대구광역시 북구 복현동 157-5,복현동 157-5,복현동,4,35.899727,128.6237079
2020,대구광역시 북구 복현동 16-2,복현동 16-2,복현동,2,35.9058188,128.6212889
2020,대구광역시 북구 복현동 16-3,복현동 16-3,복현동,3,35.9057276,128.6212723
2020,대구광역시 북구 복현동 16-4,복현동 16-4,복현동,2,35.9057583,128.6213765
2020,대구광역시 북구 복현동 16-5,복현동 16-5,복현동,1,35.9057473,128.6214721
2020,대구광역시 북구 복현동 16-8,복현동 16-8,복현동,2,35.9059537,128.6214887
2020,대구광역시 북구 복현동 160-7,복현동 160-7,복현동,13,35.9006437,128.6238382
2020,대구광역시 북구 복현동 163-12,복현동 163-12,복현동,3,35.899578,128.6249929
2020,대구광역시 북구 복현동 163-28,복현동 163-28,복현동,4,35.8996919,128.6254975
2020,대구광역시 북구 복현동 163-29,복현동 163-29,복현동,1,35.8998129,128.6251441
2020,대구광역시 북구 복현동 163-6,복현동 163-6,복현동,3,35.9002629,128.6254492
2020,대구광역시 북구 복현동 17,복현동 17,복현동,3,35.9055497,128.6215318
2020,대구광역시 북구 복현동 17-10,복현동 17-10,복현동,4,35.9054985,128.6213818
2020,대구광역시 북구 복현동 17-11,복현동 17-11,복현동,1,35.9053995,128.6215773
2020,대구광역시 북구 복현동 17-2,복현동 17-2,복현동,2,35.9056397,128.621259
2020,대구광역시 북구 복현동 175-1,복현동 175-1,복현동,4,35.8993409,128.6241955
2020,대구광역시 북구 복현동 175-3,복현동 175-3,복현동,6,35.8995013,128.624212
2020,대구광역시 북구 복현동 178-1,복현동 178-1,복현동,2,35.8992703,128.6230396
2020,대구광역시 북구 복현동 18-1,복현동 18-1,복현동,1,35.9051617,128.6215271
2020,대구광역시 북구 복현동 18-3,복현동 18-3,복현동,1,35.9050637,128.6214366
2020,대구광역시 북구 복현동 19-3,복현동 19-3,복현동,1,35.9050548,128.6212468
2020,대구광역시 북구 복현동 190-1,복현동 190-1,복현동,10,35.8993849,128.6202868
2020,대구광역시 북구 복현동 190-5,복현동 190-5,복현동,3,35.8988334,128.6195818
2020,대구광역시 북구 복현동 198,복현동 198,복현동,3,35.8986882,128.618553
2020,대구광역시 북구 복현동 20-17,복현동 20-17,복현동,1,35.9053202,128.621287
2020,대구광역시 북구 복현동 20-18,복현동 20-18,복현동,1,35.9051818,128.6213678
2020,대구광역시 북구 복현동 20-4,복현동 20-4,복현동,1,35.9053234,128.6211702
2020,대구광역시 북구 복현동 20-7,복현동 20-7,복현동,2,35.9051693,128.6212815
2020,대구광역시 북구 복현동 20-8,복현동 20-8,복현동,1,35.9052516,128.6212203
2020,대구광역시 북구 복현동 200-4,복현동 200-4,복현동,1,35.8975726,128.616344
2020,대구광역시 북구 복현동 200-7,복현동 200-7,복현동,1,35.8968826,128.6168133
2020,대구광역시 북구 복현동 201-11,복현동 201-11,복현동,1,35.8964492,128.6168521
2020,대구광역시 북구 복현동 201-19,복현동 201-19,복현동,1,35.8962139,128.6175275
2020,대구광역시 북구 복현동 206-1,복현동 206-1,복현동,1,35.8969863,128.6169903
2020,대구광역시 북구 복현동 206-6,복현동 206-6,복현동,1,35.8973384,128.6169094
2020,대구광역시 북구 복현동 207-1,복현동 207-1,복현동,1,35.8972701,128.6167595
2020,대구광역시 북구 복현동 21,복현동 21,복현동,15,35.9054628,128.6207872
2020,대구광역시 북구 복현동 21-4,복현동 21-4,복현동,4,35.9059054,128.6210752
2020,대구광역시 북구 복현동 21-5,복현동 21-5,복현동,1,35.9059827,128.6209152
2020,대구광역시 북구 복현동 210-1,복현동 210-1,복현동,1,35.8976082,128.6182657
2020,대구광역시 북구 복현동 218,복현동 218,복현동,178,35.896121,128.6221138
2020,대구광역시 북구 복현동 234-11,복현동 234-11,복현동,3,35.8987537,128.6222633
2020,대구광역시 북구 복현동 234-5,복현동 234-5,복현동,7,35.8969982,128.6238837
2020,대구광역시 북구 복현동 235-1,복현동 235-1,복현동,5,35.8958308,128.6239868
2020,대구광역시 북구 복현동 235-7,복현동 235-7,복현동,14,35.8951671,128.6239822
2020,대구광역시 북구 복현동 241-1,복현동 241-1,복현동,133,35.8967966,128.6249172
2020,대구광역시 북구 복현동 241-7,복현동 241-7,복현동,16,35.8968532,128.6255204
2020,대구광역시 북구 복현동 245-14,복현동 245-14,복현동,1,35.8953514,128.6251272
2020,대구광역시 북구 복현동 245-9,복현동 245-9,복현동,1,35.8949803,128.6248167
2020,대구광역시 북구 복현동 260,복현동 260,복현동,101,35.8986383,128.6246542
2020,대구광역시 북구 복현동 261-11,복현동 261-11,복현동,2,35.8984871,128.6240164
2020,대구광역시 북구 복현동 265,복현동 265,복현동,37,35.8983552,128.6238353
2020,대구광역시 북구 복현동 265-1,복현동 265-1,복현동,13,35.8983278,128.6236626
2020,대구광역시 북구 복현동 265-10,복현동 265-10,복현동,10,35.898297,128.6240997
2020,대구광역시 북구 복현동 265-12,복현동 265-12,복현동,28,35.8982828,128.62422
2020,대구광역시 북구 복현동 265-5,복현동 265-5,복현동,48,35.8982617,128.6240101
2020,대구광역시 북구 복현동 265-6,복현동 265-6,복현동,6,35.8983864,128.6240078
2020,대구광역시 북구 복현동 266-9,복현동 266-9,복현동,1,35.8987074,128.6233037
2020,대구광역시 북구 복현동 27-11,복현동 27-11,복현동,1,35.906276,128.620556
2020,대구광역시 북구 복현동 27-12,복현동 27-12,복현동,1,35.906509,128.6206003
2020,대구광역시 북구 복현동 27-2,복현동 27-2,복현동,2,35.9062598,128.620397
2020,대구광역시 북구 복현동 270-6,복현동 270-6,복현동,1,35.8990043,128.625106
2020,대구광역시 북구 복현동 271-2,복현동 271-2,복현동,1,35.8994468,128.6253811
2020,대구광역시 북구 복현동 272-1,복현동 272-1,복현동,1,35.8995117,128.6254768
2020,대구광역시 북구 복현동 274-4,복현동 274-4,복현동,1,35.8996242,128.6259459
2020,대구광역시 북구 복현동 276,복현동 276,복현동,1,35.8995702,128.6263687
2020,대구광역시 북구 복현동 276-3,복현동 276-3,복현동,1,35.8997366,128.6264051
2020,대구광역시 북구 복현동 28-3,복현동 28-3,복현동,2,35.9065059,128.6203242
2020,대구광역시 북구 복현동 28-31,복현동 28-31,복현동,12,35.9063361,128.6212053
2020,대구광역시 북구 복현동 28-32,복현동 28-32,복현동,23,35.9061971,128.6212022
2020,대구광역시 북구 복현동 28-34,복현동 28-34,복현동,1,35.9062312,128.6207277
2020,대구광역시 북구 복현동 28-35,복현동 28-35,복현동,2,35.905943,128.6212242
2020,대구광역시 북구 복현동 28-37,복현동 28-37,복현동,4,35.9061507,128.6210543
2020,대구광역시 북구 복현동 28-38,복현동 28-38,복현동,1,35.906302,128.6207773
2020,대구광역시 북구 복현동 28-41,복현동 28-41,복현동,1,35.906098,128.6209427
2020,대구광역시 북구 복현동 28-46,복현동 28-46,복현동,7,35.9063061,128.6209634
2020,대구광역시 북구 복현동 28-54,복현동 28-54,복현동,1,35.9061971,128.6201119
2020,대구광역시 북구 복현동 28-9,복현동 28-9,복현동,2,35.9065488,128.6210298
2020,대구광역시 북구 복현동 29-2,복현동 29-2,복현동,16,35.905806,128.6200302
2020,대구광역시 북구 복현동 29-4,복현동 29-4,복현동,2,35.9060536,128.6199352
2020,대구광역시 북구 복현동 29-5,복현동 29-5,복현동,1,35.9059166,128.6197846
2020,대구광역시 북구 복현동 29-6,복현동 29-6,복현동,3,35.9057901,128.6195887
2020,대구광역시 북구 복현동 29-9,복현동 29-9,복현동,2,35.9060497,128.6202275
2020,대구광역시 북구 복현동 301-13,복현동 301-13,복현동,1,35.894413,128.6251844
2020,대구광역시 북구 복현동 301-15,복현동 301-15,복현동,1,35.8943313,128.6253154
2020,대구광역시 북구 복현동 310,복현동 310,복현동,7,35.8940058,128.630066
2020,대구광역시 북구 복현동 310-5,복현동 310-5,복현동,2,35.8935933,128.6310756
2020,대구광역시 북구 복현동 315-7,복현동 315-7,복현동,1,35.892125,128.6291001
2020,대구광역시 북구 복현동 318,복현동 318,복현동,19,35.8919082,128.626352
2020,대구광역시 북구 복현동 32-4,복현동 32-4,복현동,1,35.9047945,128.6204913
2020,대구광역시 북구 복현동 320-1,복현동 320-1,복현동,1,35.8952676,128.6196533
2020,대구광역시 북구 복현동 320-11,복현동 320-11,복현동,1,35.8953652,128.6182185
2020,대구광역시 북구 복현동 320-12,복현동 320-12,복현동,1,35.8945134,128.6193124
2020,대구광역시 북구 복현동 33,복현동 33,복현동,154,35.905291,128.6200599
2020,대구광역시 북구 복현동 33-3,복현동 33-3,복현동,42,35.904782,128.6202982
2020,대구광역시 북구 복현동 33-4,복현동 33-4,복현동,41,35.9049142,128.6200522
2020,대구광역시 북구 복현동 330-22,복현동 330-22,복현동,1,35.8947593,128.6212585
2020,대구광역시 북구 복현동 330-33,복현동 330-33,복현동,1,35.8949532,128.6217294
2020,대구광역시 북구 복현동 331-5,복현동 331-5,복현동,1,35.8943183,128.6209766
2020,대구광역시 북구 복현동 332-1,복현동 332-1,복현동,23,35.8942972,128.6221793
2020,대구광역시 북구 복현동 335-1,복현동 335-1,복현동,2,35.8950257,128.6237187
2020,대구광역시 북구 복현동 335-19,복현동 335-19,복현동,3,35.8947074,128.6234689
2020,대구광역시 북구 복현동 335-20,복현동 335-20,복현동,14,35.8946489,128.6234024
2020,대구광역시 북구 복현동 335-21,복현동 335-21,복현동,5,35.8945415,128.6233056
2020,대구광역시 북구 복현동 335-22,복현동 335-22,복현동,1,35.894474,128.6233729
2020,대구광역시 북구 복현동 335-23,복현동 335-23,복현동,1,35.894595,128.6235053
2020,대구광역시 북구 복현동 335-3,복현동 335-3,복현동,1,35.8947797,128.6235202
2020,대구광역시 북구 복현동 336-10,복현동 336-10,복현동,1,35.8940978,128.6232344
2020,대구광역시 북구 복현동 336-21,복현동 336-21,복현동,1,35.8949191,128.6241528
2020,대구광역시 북구 복현동 336-26,복현동 336-26,복현동,1,35.8946095,128.6238729
2020,대구광역시 북구 복현동 336-5,복현동 336-5,복현동,2,35.8939141,128.6231753
2020,대구광역시 북구 복현동 336-7,복현동 336-7,복현동,1,35.8943345,128.623447
2020,대구광역시 북구 복현동 337-10,복현동 337-10,복현동,2,35.8936987,128.623071
2020,대구광역시 북구 복현동 337-3,복현동 337-3,복현동,1,35.8934625,128.6227698
2020,대구광역시 북구 복현동 337-5,복현동 337-5,복현동,1,35.8931752,128.622483
2020,대구광역시 북구 복현동 338-29,복현동 338-29,복현동,1,35.8930421,128.6222699
2020,대구광역시 북구 복현동 338-9,복현동 338-9,복현동,2,35.8928177,128.6218158
2020,대구광역시 북구 복현동 340-1,복현동 340-1,복현동,3,35.8944139,128.6195417
2020,대구광역시 북구 복현동 340-2,복현동 340-2,복현동,1,35.8942948,128.6196067
2020,대구광역시 북구 복현동 340-30,복현동 340-30,복현동,6,35.8930683,128.6216117
2020,대구광역시 북구 복현동 340-35,복현동 340-35,복현동,3,35.8931319,128.6213656
2020,대구광역시 북구 복현동 360-11,복현동 360-11,복현동,2,35.8937862,128.6242964
2020,대구광역시 북구 복현동 360-12,복현동 360-12,복현동,2,35.8938698,128.624372
2020,대구광역시 북구 복현동 360-14,복현동 360-14,복현동,1,35.8939264,128.6244104
2020,대구광역시 북구 복현동 360-15,복현동 360-15,복현동,2,35.8939726,128.6244672
2020,대구광역시 북구 복현동 360-16,복현동 360-16,복현동,7,35.8939885,128.6243053
2020,대구광역시 북구 복현동 360-19,복현동 360-19,복현동,1,35.8944384,128.6247332
2020,대구광역시 북구 복현동 360-4,복현동 360-4,복현동,9,35.8938491,128.6241854
2020,대구광역시 북구 복현동 360-46,복현동 360-46,복현동,1,35.8941953,128.6242425
2020,대구광역시 북구 복현동 360-6,복현동 360-6,복현동,2,35.8939703,128.6239679
2020,대구광역시 북구 복현동 361-18,복현동 361-18,복현동,1,35.8931624,128.6234195
2020,대구광역시 북구 복현동 361-19,복현동 361-19,복현동,1,35.8933173,128.6236818
2020,대구광역시 북구 복현동 361-20,복현동 361-20,복현동,1,35.8932372,128.62361
2020,대구광역시 북구 복현동 361-22,복현동 361-22,복현동,1,35.893077,128.6234662
2020,대구광역시 북구 복현동 361-23,복현동 361-23,복현동,1,35.892997,128.6233942
2020,대구광역시 북구 복현동 361-24,복현동 361-24,복현동,3,35.8929047,128.6233089
2020,대구광역시 북구 복현동 361-26,복현동 361-26,복현동,1,35.892922,128.6235191
2020,대구광역시 북구 복현동 361-28,복현동 361-28,복현동,1,35.8930822,128.6236628
2020,대구광역시 북구 복현동 361-29,복현동 361-29,복현동,1,35.8932025,128.6237705
2020,대구광역시 북구 복현동 361-33,복현동 361-33,복현동,2,35.8937726,128.6239018
2020,대구광역시 북구 복현동 361-4,복현동 361-4,복현동,1,35.8938327,128.6237156
2020,대구광역시 북구 복현동 361-7,복현동 361-7,복현동,1,35.8934055,128.6233129
2020,대구광역시 북구 복현동 361-8,복현동 361-8,복현동,1,35.8933255,128.6232411
2020,대구광역시 북구 복현동 362-1,복현동 362-1,복현동,3,35.8936873,128.6240283
2020,대구광역시 북구 복현동 362-10,복현동 362-10,복현동,2,35.8936576,128.6241748
2020,대구광역시 북구 복현동 362-2,복현동 362-2,복현동,9,35.8934544,128.6239206
2020,대구광역시 북구 복현동 362-5,복현동 362-5,복현동,2,35.8935773,128.6241076
2020,대구광역시 북구 복현동 364-1,복현동 364-1,복현동,1,35.8925518,128.6225834
2020,대구광역시 북구 복현동 364-3,복현동 364-3,복현동,1,35.8925221,128.6227867
2020,대구광역시 북구 복현동 364-5,복현동 364-5,복현동,1,35.8924156,128.6230324
2020,대구광역시 북구 복현동 366-14,복현동 366-14,복현동,1,35.8927088,128.6241712
2020,대구광역시 북구 복현동 366-19,복현동 366-19,복현동,1,35.8925804,128.623993
2020,대구광역시 북구 복현동 368-1,복현동 368-1,복현동,17,35.8930165,128.6259793
2020,대구광역시 북구 복현동 37,복현동 37,복현동,254,35.9044823,128.6201503
2020,대구광역시 북구 복현동 37-1,복현동 37-1,복현동,48,35.9039571,128.6205392
2020,대구광역시 북구 복현동 37-3,복현동 37-3,복현동,3,35.904019,128.6206345
2020,대구광역시 북구 복현동 37-5,복현동 37-5,복현동,18,35.9041211,128.6202666
2020,대구광역시 북구 복현동 37-6,복현동 37-6,복현동,43,35.9040163,128.6203208
2020,대구광역시 북구 복현동 37-7,복현동 37-7,복현동,22,35.9045812,128.6198079
2020,대구광역시 북구 복현동 371-7,복현동 371-7,복현동,5,35.8921624,128.6259915
2020,대구광역시 북구 복현동 376-18,복현동 376-18,복현동,3,35.891474,128.6256604
2020,대구광역시 북구 복현동 376-20,복현동 376-20,복현동,5,35.8913454,128.6252856
2020,대구광역시 북구 복현동 376-26,복현동 376-26,복현동,6,35.8913937,128.6255123
2020,대구광역시 북구 복현동 376-30,복현동 376-30,복현동,1,35.8919654,128.6258809
2020,대구광역시 북구 복현동 376-32,복현동 376-32,복현동,1,35.8913356,128.6254572
2020,대구광역시 북구 복현동 38-10,복현동 38-10,복현동,1,35.9045611,128.6193707
2020,대구광역시 북구 복현동 38-11,복현동 38-11,복현동,1,35.9046738,128.619294
2020,대구광역시 북구 복현동 38-12,복현동 38-12,복현동,1,35.9047699,128.61922
2020,대구광역시 북구 복현동 38-15,복현동 38-15,복현동,1,35.9045544,128.619603
2020,대구광역시 북구 복현동 38-16,복현동 38-16,복현동,5,35.904444,128.6196787
2020,대구광역시 북구 복현동 38-19,복현동 38-19,복현동,3,35.9040341,128.6199905
2020,대구광역시 북구 복현동 38-23,복현동 38-23,복현동,1,35.9038096,128.6199516
2020,대구광역시 북구 복현동 38-24,복현동 38-24,복현동,1,35.9036877,128.6199501
2020,대구광역시 북구 복현동 38-25,복현동 38-25,복현동,3,35.9036857,128.62009
2020,대구광역시 북구 복현동 38-26,복현동 38-26,복현동,3,35.9037446,128.6201803
2020,대구광역시 북구 복현동 38-27,복현동 38-27,복현동,3,35.9037814,128.6202448
2020,대구광역시 북구 복현동 38-28,복현동 38-28,복현동,10,35.9036694,128.6202845
2020,대구광역시 북구 복현동 38-29,복현동 38-29,복현동,2,35.9039285,128.6198536
2020,대구광역시 북구 복현동 38-30,복현동 38-30,복현동,2,35.9044874,128.6195337
2020,대구광역시 북구 복현동 38-33,복현동 38-33,복현동,5,35.904213,128.6198452
2020,대구광역시 북구 복현동 38-37,복현동 38-37,복현동,3,35.9039729,128.6186023
2020,대구광역시 북구 복현동 38-51,복현동 38-51,복현동,1,35.9039304,128.619082
2020,대구광역시 북구 복현동 38-60,복현동 38-60,복현동,1,35.9039249,128.6194113
2020,대구광역시 북구 복현동 38-7,복현동 38-7,복현동,1,35.9042166,128.6196128
2020,대구광역시 북구 복현동 38-79,복현동 38-79,복현동,1,35.9042244,128.6190307
2020,대구광역시 북구 복현동 38-9,복현동 38-9,복현동,1,35.9044486,128.619448
2020,대구광역시 북구 복현동 39,복현동 39,복현동,16,35.9046658,128.6203767
2020,대구광역시 북구 복현동 39-1,복현동 39-1,복현동,1,35.9043285,128.6206655
2020,대구광역시 북구 복현동 39-15,복현동 39-15,복현동,2,35.9041133,128.6207753
2020,대구광역시 북구 복현동 39-2,복현동 39-2,복현동,1,35.9042102,128.6207092
2020,대구광역시 북구 복현동 39-3,복현동 39-3,복현동,2,35.9040535,128.6207646
2020,대구광역시 북구 복현동 39-7,복현동 39-7,복현동,26,35.9045677,128.620407
2020,대구광역시 북구 복현동 39-8,복현동 39-8,복현동,23,35.9044295,128.6204368
2020,대구광역시 북구 복현동 39-9,복현동 39-9,복현동,23,35.9045703,128.6205322
2020,대구광역시 북구 복현동 40-1,복현동 40-1,복현동,1,35.9049764,128.6207255
2020,대구광역시 북구 복현동 40-10,복현동 40-10,복현동,2,35.9048689,128.6207874
2020,대구광역시 북구 복현동 40-11,복현동 40-11,복현동,1,35.9047881,128.6208261
2020,대구광역시 북구 복현동 40-12,복현동 40-12,복현동,7,35.9047365,128.6206689
2020,대구광역시 북구 복현동 40-18,복현동 40-18,복현동,1,35.9041234,128.6210728
2020,대구광역시 북구 복현동 40-7,복현동 40-7,복현동,3,35.9045374,128.6207042
2020,대구광역시 북구 복현동 40-8,복현동 40-8,복현동,12,35.904851,128.6206062
2020,대구광역시 북구 복현동 40-9,복현동 40-9,복현동,4,35.9048255,128.6206562
2020,대구광역시 북구 복현동 400-1,복현동 400-1,복현동,1,35.8971332,128.6150484
2020,대구광역시 북구 복현동 401-2,복현동 401-2,복현동,1,35.8967896,128.6145515
2020,대구광역시 북구 복현동 401-5,복현동 401-5,복현동,1,35.8966887,128.6148606
2020,대구광역시 북구 복현동 402-1,복현동 402-1,복현동,2,35.8965846,128.6142424
2020,대구광역시 북구 복현동 402-6,복현동 402-6,복현동,1,35.8961307,128.6138054
2020,대구광역시 북구 복현동 402-8,복현동 402-8,복현동,2,35.8959071,128.6135117
2020,대구광역시 북구 복현동 404-2,복현동 404-2,복현동,1,35.8950913,128.6141368
2020,대구광역시 북구 복현동 41-1,복현동 41-1,복현동,5,35.9050286,128.6208944
2020,대구광역시 북구 복현동 41-11,복현동 41-11,복현동,3,35.9049158,128.6212782
2020,대구광역시 북구 복현동 41-5,복현동 41-5,복현동,1,35.9047006,128.6212294
2020,대구광역시 북구 복현동 41-6,복현동 41-6,복현동,14,35.9049906,128.6209652
2020,대구광역시 북구 복현동 41-7,복현동 41-7,복현동,5,35.9048994,128.6209602
2020,대구광역시 북구 복현동 41-8,복현동 41-8,복현동,2,35.9049306,128.6211125
2020,대구광역시 북구 복현동 410-10,복현동 410-10,복현동,2,35.8949124,128.6150529
2020,대구광역시 북구 복현동 410-11,복현동 410-11,복현동,1,35.8950683,128.6148492
2020,대구광역시 북구 복현동 410-7,복현동 410-7,복현동,1,35.8951528,128.6149306
2020,대구광역시 북구 복현동 413-10,복현동 413-10,복현동,1,35.8961046,128.6151751
2020,대구광역시 북구 복현동 414-1,복현동 414-1,복현동,1,35.8964732,128.6150912
2020,대구광역시 북구 복현동 415-6,복현동 415-6,복현동,1,35.8959765,128.6161659
2020,대구광역시 북구 복현동 416-1,복현동 416-1,복현동,2,35.8966607,128.6156689
2020,대구광역시 북구 복현동 417-5,복현동 417-5,복현동,1,35.8956899,128.6159782
2020,대구광역시 북구 복현동 418-1,복현동 418-1,복현동,1,35.8956217,128.61618
2020,대구광역시 북구 복현동 418-3,복현동 418-3,복현동,1,35.8951536,128.6156147
2020,대구광역시 북구 복현동 419-41,복현동 419-41,복현동,2,35.894178,128.6160623
2020,대구광역시 북구 복현동 419-43,복현동 419-43,복현동,1,35.8944709,128.6156943
2020,대구광역시 북구 복현동 421-1,복현동 421-1,복현동,1,35.8947581,128.6163166
2020,대구광역시 북구 복현동 424-3,복현동 424-3,복현동,1,35.8949931,128.6169787
2020,대구광역시 북구 복현동 426-7,복현동 426-7,복현동,1,35.8952171,128.6174959
2020,대구광역시 북구 복현동 427-1,복현동 427-1,복현동,1,35.8950196,128.6177478
2020,대구광역시 북구 복현동 427-2,복현동 427-2,복현동,26,35.8949086,128.6178872
2020,대구광역시 북구 복현동 427-5,복현동 427-5,복현동,1,35.8945739,128.6183091
2020,대구광역시 북구 복현동 427-6,복현동 427-6,복현동,1,35.8944264,128.6184951
2020,대구광역시 북구 복현동 431-1,복현동 431-1,복현동,6,35.8943164,128.6177941
2020,대구광역시 북구 복현동 433-3,복현동 433-3,복현동,1,35.8935907,128.6180479
2020,대구광역시 북구 복현동 434-8,복현동 434-8,복현동,1,35.8933324,128.6178962
2020,대구광역시 북구 복현동 436-1,복현동 436-1,복현동,2,35.8938226,128.6166806
2020,대구광역시 북구 복현동 437-3,복현동 437-3,복현동,1,35.8930329,128.616029
2020,대구광역시 북구 복현동 438-1,복현동 438-1,복현동,1,35.8933225,128.6166355
2020,대구광역시 북구 복현동 439-1,복현동 439-1,복현동,2,35.8933353,128.6172967
2020,대구광역시 북구 복현동 439-10,복현동 439-10,복현동,6,35.8928625,128.6176317
2020,대구광역시 북구 복현동 439-3,복현동 439-3,복현동,5,35.8931922,128.6176645
2020,대구광역시 북구 복현동 439-4,복현동 439-4,복현동,9,35.8929783,128.6174862
2020,대구광역시 북구 복현동 439-5,복현동 439-5,복현동,1,35.8931096,128.6174141
2020,대구광역시 북구 복현동 439-6,복현동 439-6,복현동,10,35.8931161,128.6177611
2020,대구광역시 북구 복현동 439-8,복현동 439-8,복현동,17,35.893028,128.6175867
2020,대구광역시 북구 복현동 440-3,복현동 440-3,복현동,3,35.8927437,128.6174371
2020,대구광역시 북구 복현동 440-7,복현동 440-7,복현동,1,35.8928524,128.6172082
2020,대구광역시 북구 복현동 440-8,복현동 440-8,복현동,9,35.8927967,128.6172782
2020,대구광역시 북구 복현동 440-9,복현동 440-9,복현동,3,35.8926702,128.6173514
2020,대구광역시 북구 복현동 441-1,복현동 441-1,복현동,1,35.892998,128.616684
2020,대구광역시 북구 복현동 441-5,복현동 441-5,복현동,3,35.8926919,128.6170676
2020,대구광역시 북구 복현동 441-6,복현동 441-6,복현동,4,35.8926158,128.6171652
2020,대구광역시 북구 복현동 441-8,복현동 441-8,복현동,3,35.892544,128.6172625
2020,대구광역시 북구 복현동 442-12,복현동 442-12,복현동,1,35.8923701,128.6165704
2020,대구광역시 북구 복현동 442-13,복현동 442-13,복현동,2,35.8924535,128.6166643
2020,대구광역시 북구 복현동 442-14,복현동 442-14,복현동,11,35.8924611,128.616819
2020,대구광역시 북구 복현동 442-16,복현동 442-16,복현동,6,35.8924215,128.61706
2020,대구광역시 북구 복현동 442-17,복현동 442-17,복현동,5,35.8923453,128.6169719
2020,대구광역시 북구 복현동 442-18,복현동 442-18,복현동,1,35.8926075,128.616823
2020,대구광역시 북구 복현동 442-2,복현동 442-2,복현동,3,35.8926701,128.6167431
2020,대구광역시 북구 복현동 442-3,복현동 442-3,복현동,19,35.8925455,128.6168976
2020,대구광역시 북구 복현동 443-3,복현동 443-3,복현동,31,35.8923153,128.6167296
2020,대구광역시 북구 복현동 443-4,복현동 443-4,복현동,3,35.8922616,128.6168885
2020,대구광역시 북구 복현동 443-6,복현동 443-6,복현동,2,35.8921871,128.6167954
2020,대구광역시 북구 복현동 446-5,복현동 446-5,복현동,2,35.8913439,128.6179786
2020,대구광역시 북구 복현동 447,복현동 447,복현동,88,35.8919007,128.6178519
2020,대구광역시 북구 복현동 449-2,복현동 449-2,복현동,4,35.8918786,128.6184526
2020,대구광역시 북구 복현동 450-1,복현동 450-1,복현동,2,35.8924559,128.6182629
2020,대구광역시 북구 복현동 450-10,복현동 450-10,복현동,2,35.8920589,128.6187549
2020,대구광역시 북구 복현동 450-11,복현동 450-11,복현동,2,35.891995,128.6188343
2020,대구광역시 북구 복현동 450-2,복현동 450-2,복현동,5,35.8923199,128.6184295
2020,대구광역시 북구 복현동 450-4,복현동 450-4,복현동,2,35.8921256,128.6186719
2020,대구광역시 북구 복현동 450-7,복현동 450-7,복현동,5,35.8921718,128.6185239
2020,대구광역시 북구 복현동 451-5,복현동 451-5,복현동,1,35.8921839,128.618943
2020,대구광역시 북구 복현동 451-7,복현동 451-7,복현동,1,35.8925284,128.6185137
2020,대구광역시 북구 복현동 454-1,복현동 454-1,복현동,2,35.8927659,128.6178281
2020,대구광역시 북구 복현동 454-3,복현동 454-3,복현동,1,35.8929015,128.6181011
2020,대구광역시 북구 복현동 454-4,복현동 454-4,복현동,1,35.8927343,128.6182631
2020,대구광역시 북구 복현동 454-6,복현동 454-6,복현동,3,35.8925961,128.6180029
2020,대구광역시 북구 복현동 454-7,복현동 454-7,복현동,3,35.8926925,128.6179237
2020,대구광역시 북구 복현동 455-4,복현동 455-4,복현동,1,35.8928847,128.6182565
2020,대구광역시 북구 복현동 457-9,복현동 457-9,복현동,1,35.8931893,128.619291
2020,대구광역시 북구 복현동 458-1,복현동 458-1,복현동,1,35.8939508,128.6187293
2020,대구광역시 북구 복현동 459-10,복현동 459-10,복현동,1,35.8936445,128.6196404
2020,대구광역시 북구 복현동 459-4,복현동 459-4,복현동,1,35.8938173,128.61918
2020,대구광역시 북구 복현동 459-7,복현동 459-7,복현동,3,35.8934709,128.6195071
2020,대구광역시 북구 복현동 460-1,복현동 460-1,복현동,5,35.8933546,128.6198531
2020,대구광역시 북구 복현동 460-2,복현동 460-2,복현동,1,35.8932317,128.6199571
2020,대구광역시 북구 복현동 460-5,복현동 460-5,복현동,2,35.8929621,128.6204028
2020,대구광역시 북구 복현동 460-6,복현동 460-6,복현동,3,35.8928305,128.6205565
2020,대구광역시 북구 복현동 461-1,복현동 461-1,복현동,1,35.8931821,128.6196976
2020,대구광역시 북구 복현동 461-2,복현동 461-2,복현동,1,35.8930465,128.6198145
2020,대구광역시 북구 복현동 462,복현동 462,복현동,1,35.8925775,128.6198817
2020,대구광역시 북구 복현동 464-1,복현동 464-1,복현동,1,35.8919712,128.6200005
2020,대구광역시 북구 복현동 470-1,복현동 470-1,복현동,3,35.8910125,128.619604
2020,대구광역시 북구 복현동 470-11,복현동 470-11,복현동,1,35.8907669,128.6193424
2020,대구광역시 북구 복현동 472-1,복현동 472-1,복현동,2,35.8916649,128.6204556
2020,대구광역시 북구 복현동 474-7,복현동 474-7,복현동,2,35.8920385,128.6207192
2020,대구광역시 북구 복현동 475-6,복현동 475-6,복현동,7,35.891928,128.6210617
2020,대구광역시 북구 복현동 476-8,복현동 476-8,복현동,2,35.8919908,128.6211784
2020,대구광역시 북구 복현동 476-9,복현동 476-9,복현동,1,35.8922239,128.6209081
2020,대구광역시 북구 복현동 477-4,복현동 477-4,복현동,1,35.8922241,128.6210798
2020,대구광역시 북구 복현동 477-5,복현동 477-5,복현동,3,35.892151,128.6212265
2020,대구광역시 북구 복현동 477-7,복현동 477-7,복현동,1,35.8920607,128.6213126
2020,대구광역시 북구 복현동 479-3,복현동 479-3,복현동,3,35.8925756,128.6211404
2020,대구광역시 북구 복현동 484-2,복현동 484-2,복현동,1,35.8907322,128.617836
2020,대구광역시 북구 복현동 534-1,복현동 534-1,복현동,1,35.8983493,128.6172802
2020,대구광역시 북구 복현동 536-2,복현동 536-2,복현동,2,35.8983154,128.6166104
2020,대구광역시 북구 복현동 536-30,복현동 536-30,복현동,1,35.898766,128.6164901
2020,대구광역시 북구 복현동 536-31,복현동 536-31,복현동,1,35.8980828,128.6163484
2020,대구광역시 북구 복현동 538,복현동 538,복현동,1,35.8991153,128.6169619
2020,대구광역시 북구 복현동 539-1,복현동 539-1,복현동,15,35.9048148,128.6182747
2020,대구광역시 북구 복현동 539-10,복현동 539-10,복현동,2,35.9003647,128.6180401
2020,대구광역시 북구 복현동 539-104,복현동 539-104,복현동,1,35.9056154,128.618464
2020,대구광역시 북구 복현동 539-106,복현동 539-106,복현동,13,35.9034246,128.617526
2020,대구광역시 북구 복현동 539-110,복현동 539-110,복현동,5,35.9023657,128.6172938
2020,대구광역시 북구 복현동 539-111,복현동 539-111,복현동,5,35.9014464,128.6170627
2020,대구광역시 북구 복현동 539-113,복현동 539-113,복현동,28,35.9006231,128.6169295
2020,대구광역시 북구 복현동 539-114,복현동 539-114,복현동,2,35.8997781,128.6164881
2020,대구광역시 북구 복현동 539-128,복현동 539-128,복현동,1,35.8987887,128.6155414
2020,대구광역시 북구 복현동 539-134,복현동 539-134,복현동,1,35.9040784,128.6183904
2020,대구광역시 북구 복현동 539-136,복현동 539-136,복현동,2,35.9051359,128.6193346
2020,대구광역시 북구 복현동 539-144,복현동 539-144,복현동,1,35.8981251,128.6160976
2020,대구광역시 북구 복현동 539-146,복현동 539-146,복현동,7,35.9049016,128.617567
2020,대구광역시 북구 복현동 539-150,복현동 539-150,복현동,1,35.8984143,128.6154546
2020,대구광역시 북구 복현동 539-151,복현동 539-151,복현동,2,35.8986627,128.6155362
2020,대구광역시 북구 복현동 539-17,복현동 539-17,복현동,1,35.8992276,128.6155781
2020,대구광역시 북구 복현동 539-19,복현동 539-19,복현동,2,35.9053691,128.6190347
2020,대구광역시 북구 복현동 539-7,복현동 539-7,복현동,51,35.9007539,128.615781
2020,대구광역시 북구 복현동 539-90,복현동 539-90,복현동,1,35.9020208,128.6160947
2020,대구광역시 북구 복현동 539-92,복현동 539-92,복현동,1,35.9053432,128.6180346
2020,대구광역시 북구 복현동 540-1,복현동 540-1,복현동,162,35.9028216,128.6194262
2020,대구광역시 북구 복현동 541-3,복현동 541-3,복현동,1,35.9021215,128.6160427
2020,대구광역시 북구 복현동 57-11,복현동 57-11,복현동,16,35.9031284,128.6207122
2020,대구광역시 북구 복현동 57-3,복현동 57-3,복현동,11,35.9035121,128.6212066
2020,대구광역시 북구 복현동 57-4,복현동 57-4,복현동,2,35.903083,128.6210945
2020,대구광역시 북구 복현동 570,복현동 570,복현동,2,35.8953259,128.6140308
2020,대구광역시 북구 복현동 573,복현동 573,복현동,2,35.8927398,128.6127204
2020,대구광역시 북구 복현동 58,복현동 58,복현동,59,35.9038037,128.620382
2020,대구광역시 북구 복현동 58-2,복현동 58-2,복현동,14,35.9036038,128.6206795
2020,대구광역시 북구 복현동 595-2,복현동 595-2,복현동,1,35.8937078,128.6154781
2020,대구광역시 북구 복현동 60,복현동 60,복현동,4,35.9017512,128.6207453
2020,대구광역시 북구 복현동 60-10,복현동 60-10,복현동,2,35.9028005,128.6208344
2020,대구광역시 북구 복현동 60-11,복현동 60-11,복현동,3,35.9026008,128.6209192
2020,대구광역시 북구 복현동 60-12,복현동 60-12,복현동,6,35.902565,128.6205602
2020,대구광역시 북구 복현동 608-1,복현동 608-1,복현동,3,35.8921608,128.6165651
2020,대구광역시 북구 복현동 609-37,복현동 609-37,복현동,3,35.8915986,128.6172607
2020,대구광역시 북구 복현동 609-42,복현동 609-42,복현동,1,35.89137,128.6176021
2020,대구광역시 북구 복현동 618-6,복현동 618-6,복현동,2,35.8894796,128.6166377
2020,대구광역시 북구 복현동 618-7,복현동 618-7,복현동,2,35.8893762,128.6166377
2020,대구광역시 북구 복현동 620,복현동 620,복현동,39,35.8997515,128.628139
2020,대구광역시 북구 복현동 623,복현동 623,복현동,873,35.8945826,128.6188058
2020,대구광역시 북구 복현동 623-31,복현동 623-31,복현동,9,35.8997326,128.6208288
2020,대구광역시 북구 복현동 623-4,복현동 623-4,복현동,1,35.8989216,128.6184575
2020,대구광역시 북구 복현동 625-5,복현동 625-5,복현동,11,35.9054618,128.6207086
2020,대구광역시 북구 복현동 625-6,복현동 625-6,복현동,11,35.9048406,128.6205635
2020,대구광역시 북구 복현동 625-8,복현동 625-8,복현동,4,35.9049044,128.6198301
2020,대구광역시 북구 복현동 628,복현동 628,복현동,10,35.8994573,128.6244994
2020,대구광역시 북구 복현동 638,복현동 638,복현동,1,35.9045437,128.621052
2020,대구광역시 북구 복현동 639-12,복현동 639-12,복현동,7,35.9055474,128.6183223
2020,대구광역시 북구 복현동 639-16,복현동 639-16,복현동,1,35.9056338,128.6189957
2020,대구광역시 북구 복현동 639-6,복현동 639-6,복현동,5,35.906328,128.6200757
2020,대구광역시 북구 복현동 639-7,복현동 639-7,복현동,2,35.9054656,128.6192244
2020,대구광역시 북구 복현동 639-8,복현동 639-8,복현동,1,35.9051553,128.6193914
2020,대구광역시 북구 복현동 642-4,복현동 642-4,복현동,4,35.901094,128.6215159
2020,대구광역시 북구 복현동 69,복현동 69,복현동,27,35.9027534,128.6183258
2020,대구광역시 북구 복현동 694,복현동 694,복현동,19,35.8912741,128.6278901
2020,대구광역시 북구 복현동 695,복현동 695,복현동,3,35.8919341,128.6273106
2020,대구광역시 북구 복현동 696,복현동 696,복현동,1,35.8917894,128.6271559
2020,대구광역시 북구 복현동 699,복현동 699,복현동,2,35.8902588,128.6287884
2020,대구광역시 북구 복현동 701,복현동 701,복현동,20,35.9013087,128.6191716
2020,대구광역시 북구 복현동 702,복현동 702,복현동,10,35.9008204,128.6197286
2020,대구광역시 북구 복현동 72-12,복현동 72-12,복현동,1,35.9015598,128.6181258
2020,대구광역시 북구 복현동 72-13,복현동 72-13,복현동,1,35.9011477,128.6180968
2020,대구광역시 북구 복현동 72-6,복현동 72-6,복현동,16,35.9006189,128.6189369
2020,대구광역시 북구 복현동 73,복현동 73,복현동,2,35.9009319,128.6181051
2020,대구광역시 북구 복현동 76-1,복현동 76-1,복현동,11,35.8999342,128.6185832
2020,대구광역시 북구 복현동 78-10,복현동 78-10,복현동,2,35.8990818,128.6175446
2020,대구광역시 북구 복현동 78-8,복현동 78-8,복현동,3,35.8997556,128.6175076
2020,대구광역시 북구 복현동 78-9,복현동 78-9,복현동,1,35.8996709,128.6177572
2020,대구광역시 북구 복현동 79,복현동 79,복현동,2,35.8991625,128.6184099
2020,대구광역시 북구 복현동 89-1,복현동 89-1,복현동,2,35.9001767,128.6206227
2020,대구광역시 북구 복현동 89-11,복현동 89-11,복현동,1,35.9003531,128.6198913
2020,대구광역시 북구 복현동 89-3,복현동 89-3,복현동,1,35.9000399,128.6205836
2020,대구광역시 북구 복현동 94,복현동 94,복현동,2,35.9006292,128.6218188
2020,대구광역시 북구 복현동 95,복현동 95,복현동,1,35.9006782,128.6216477
2020,대구광역시 북구 복현동 97,복현동 97,복현동,1,35.9009805,128.6216259
2020,대구광역시 북구 복현동 97-1,복현동 97-1,복현동,1,35.9008601,128.6216038
2020,대구광역시 북구 복현동 97-2,복현동 97-2,복현동,2,35.9009275,128.6217164
2020,대구광역시 북구 복현동 97-3,복현동 97-3,복현동,1,35.9008377,128.6217454
2020,대구광역시 북구 복현동 97-4,복현동 97-4,복현동,1,35.9007484,128.621807
2020,대구광역시 북구 복현동 99-1,복현동 99-1,복현동,1,35.9009631,128.6214928
2020,대구광역시 북구 복현동 99-2,복현동 99-2,복현동,1,35.901057,128.6215498
2020,대구광역시 북구 복현동 산 10-2,복현동 산 10-2,복현동,1,35.9060855,128.6216647
2020,대구광역시 북구 복현동 산 149-3,복현동 산 149-3,복현동,1,35.8923767,128.631162
2020,대구광역시 북구 복현동 산 150,복현동 산 150,복현동,2,35.8919176,128.6299819
2020,대구광역시 북구 복현동 산 19-1,복현동 산 19-1,복현동,5,35.9044267,128.6199009
2020,대구광역시 북구 복현동 산 19-19,복현동 산 19-19,복현동,72,35.9031135,128.6205389
2020,대구광역시 북구 복현동 산 19-21,복현동 산 19-21,복현동,1,35.9043067,128.6186028
2020,대구광역시 북구 복현동 산 19-24,복현동 산 19-24,복현동,2,35.9029484,128.6207321
2020,대구광역시 북구 복현동 산 19-25,복현동 산 19-25,복현동,4,35.9029079,128.6207399
2020,대구광역시 북구 복현동 산 19-9,복현동 산 19-9,복현동,2,35.9028419,128.6206639
2020,대구광역시 북구 복현동 산 21-5,복현동 산 21-5,복현동,8,35.8992456,128.6172653
2020,대구광역시 북구 복현동 산 28,복현동 산 28,복현동,3,35.891536,128.6299949
2020,대구광역시 북구 복현동 산 35-6,복현동 산 35-6,복현동,1,35.9019165,128.6214235
2020,대구광역시 북구 복현동 산 44-3,복현동 산 44-3,복현동,4,35.9000957,128.6250437
2020,대구광역시 북구 복현동 산 44-6,복현동 산 44-6,복현동,2,35.8996744,128.6233543
2020,대구광역시 북구 복현동 산 44-8,복현동 산 44-8,복현동,1,35.8999936,128.6247741
2020,대구광역시 북구 복현동 산 9-6,복현동 산 9-6,복현동,7,35.9061617,128.6213713
2020,대구광역시 북구 사수동 1004,사수동 1004,사수동,3,35.89616,128.5166902
2020,대구광역시 북구 사수동 1005,사수동 1005,사수동,1,35.8952016,128.5165546
2020,대구광역시 북구 사수동 1006,사수동 1006,사수동,5,35.8951543,128.5154073
2020,대구광역시 북구 사수동 1007,사수동 1007,사수동,8,35.8971746,128.5169732
2020,대구광역시 북구 사수동 1008,사수동 1008,사수동,45,35.8990538,128.5155129
2020,대구광역시 북구 사수동 1010,사수동 1010,사수동,16,35.9016253,128.5164095
2020,대구광역시 북구 사수동 1012,사수동 1012,사수동,1,35.901563,128.5173139
2020,대구광역시 북구 사수동 726-2,사수동 726-2,사수동,1,35.894808,128.5076243
2020,대구광역시 북구 사수동 771,사수동 771,사수동,6,35.8979203,128.5085972
2020,대구광역시 북구 사수동 772,사수동 772,사수동,2,35.8989229,128.5091795
2020,대구광역시 북구 사수동 777,사수동 777,사수동,1,35.8981053,128.5094089
2020,대구광역시 북구 사수동 784,사수동 784,사수동,13,35.900263,128.5089641
2020,대구광역시 북구 사수동 785,사수동 785,사수동,1,35.9004464,128.5099867
2020,대구광역시 북구 사수동 786,사수동 786,사수동,1,35.8996804,128.5095561
2020,대구광역시 북구 사수동 787,사수동 787,사수동,10,35.9027592,128.5117592
2020,대구광역시 북구 사수동 788,사수동 788,사수동,2,35.9030513,128.5133092
2020,대구광역시 북구 사수동 789,사수동 789,사수동,8,35.9027454,128.5149744
2020,대구광역시 북구 사수동 791,사수동 791,사수동,1,35.9016718,128.5151844
2020,대구광역시 북구 사수동 795,사수동 795,사수동,1,35.9016831,128.511718
2020,대구광역시 북구 사수동 796,사수동 796,사수동,2,35.9017416,128.5119867
2020,대구광역시 북구 사수동 798,사수동 798,사수동,1,35.9018149,128.5125073
2020,대구광역시 북구 사수동 799,사수동 799,사수동,1,35.9018297,128.5127473
2020,대구광역시 북구 사수동 800,사수동 800,사수동,6,35.9008683,128.5170691
2020,대구광역시 북구 사수동 803,사수동 803,사수동,10,35.9001559,128.5114853
2020,대구광역시 북구 사수동 808,사수동 808,사수동,1,35.900192,128.5101579
2020,대구광역시 북구 사수동 809,사수동 809,사수동,1,35.8993496,128.512897
2020,대구광역시 북구 사수동 812,사수동 812,사수동,16,35.9002914,128.5142509
2020,대구광역시 북구 사수동 813,사수동 813,사수동,3,35.9002639,128.5150761
2020,대구광역시 북구 사수동 815,사수동 815,사수동,4,35.8996382,128.5157166
2020,대구광역시 북구 사수동 817,사수동 817,사수동,2,35.9009319,128.5163035
2020,대구광역시 북구 사수동 821,사수동 821,사수동,6,35.8989814,128.5099163
2020,대구광역시 북구 사수동 822,사수동 822,사수동,2,35.8988131,128.5099047
2020,대구광역시 북구 사수동 823,사수동 823,사수동,1,35.8986405,128.509897
2020,대구광역시 북구 사수동 824,사수동 824,사수동,1,35.8984678,128.5098892
2020,대구광역시 북구 사수동 825,사수동 825,사수동,3,35.8982975,128.5098815
2020,대구광역시 북구 사수동 826,사수동 826,사수동,6,35.8989179,128.5103516
2020,대구광역시 북구 사수동 827,사수동 827,사수동,4,35.8989094,128.510631
2020,대구광역시 북구 사수동 828,사수동 828,사수동,1,35.8986404,128.5103377
2020,대구광역시 북구 사수동 829,사수동 829,사수동,1,35.8986319,128.5106199
2020,대구광역시 북구 사수동 831,사수동 831,사수동,1,35.8983276,128.5104653
2020,대구광역시 북구 사수동 833,사수동 833,사수동,16,35.8979144,128.5115761
2020,대구광역시 북구 사수동 835,사수동 835,사수동,1,35.8976287,128.5096893
2020,대구광역시 북구 사수동 837,사수동 837,사수동,33,35.8981508,128.5153874
2020,대구광역시 북구 사수동 845,사수동 845,사수동,1,35.8969206,128.5105395
2020,대구광역시 북구 사수동 850,사수동 850,사수동,3,35.8956996,128.5122992
2020,대구광역시 북구 사수동 854,사수동 854,사수동,1,35.8966097,128.5116509
2020,대구광역시 북구 사수동 856,사수동 856,사수동,2,35.8968624,128.5116777
2020,대구광역시 북구 사수동 857,사수동 857,사수동,1,35.8968615,128.5124823
2020,대구광역시 북구 사수동 873,사수동 873,사수동,1,35.8959604,128.5121394
2020,대구광역시 북구 사수동 874,사수동 874,사수동,1,35.8961028,128.5121468
2020,대구광역시 북구 사수동 881,사수동 881,사수동,2,35.896079,128.5124103
2020,대구광역시 북구 사수동 882,사수동 882,사수동,5,35.8959325,128.5124067
2020,대구광역시 북구 사수동 883,사수동 883,사수동,1,35.8959208,128.5125781
2020,대구광역시 북구 사수동 892,사수동 892,사수동,1,35.8958831,128.5128448
2020,대구광역시 북구 사수동 894,사수동 894,사수동,1,35.8960318,128.5130244
2020,대구광역시 북구 사수동 898,사수동 898,사수동,1,35.8961296,128.5136829
2020,대구광역시 북구 사수동 900,사수동 900,사수동,1,35.8970837,128.5154191
2020,대구광역시 북구 사수동 915,사수동 915,사수동,1,35.8970121,128.5165819
2020,대구광역시 북구 사수동 953,사수동 953,사수동,2,35.8960762,128.5145581
2020,대구광역시 북구 사수동 954,사수동 954,사수동,2,35.8961884,128.5149363
2020,대구광역시 북구 사수동 956,사수동 956,사수동,1,35.8960395,128.5153197
2020,대구광역시 북구 사수동 961,사수동 961,사수동,3,35.8957552,128.5150104
2020,대구광역시 북구 사수동 968,사수동 968,사수동,1,35.8952557,128.5154547
2020,대구광역시 북구 사수동 971,사수동 971,사수동,9,35.8952018,128.5163338
2020,대구광역시 북구 사수동 974,사수동 974,사수동,1,35.9002728,128.5082425
2020,대구광역시 북구 사수동 976,사수동 976,사수동,10,35.9016924,128.510768
2020,대구광역시 북구 사수동 977,사수동 977,사수동,10,35.9018875,128.5119211
2020,대구광역시 북구 사수동 979,사수동 979,사수동,36,35.8995123,128.5096534
2020,대구광역시 북구 사수동 981,사수동 981,사수동,30,35.8991916,128.5089436
2020,대구광역시 북구 사수동 982,사수동 982,사수동,28,35.8991355,128.5108109
2020,대구광역시 북구 사수동 983,사수동 983,사수동,9,35.8986322,128.5101296
2020,대구광역시 북구 사수동 984,사수동 984,사수동,14,35.898627,128.5108276
2020,대구광역시 북구 사수동 985,사수동 985,사수동,2,35.8964185,128.5095036
2020,대구광역시 북구 사수동 986,사수동 986,사수동,11,35.8951765,128.5142565
2020,대구광역시 북구 사수동 987,사수동 987,사수동,8,35.8969769,128.5120741
2020,대구광역시 북구 사수동 988,사수동 988,사수동,8,35.8963855,128.5114043
2020,대구광역시 북구 사수동 989,사수동 989,사수동,9,35.8963316,128.5131701
2020,대구광역시 북구 사수동 990,사수동 990,사수동,1,35.8962498,128.5118451
2020,대구광역시 북구 사수동 991,사수동 991,사수동,2,35.8962271,128.5122836
2020,대구광역시 북구 사수동 993,사수동 993,사수동,13,35.8963299,128.5142792
2020,대구광역시 북구 사수동 998,사수동 998,사수동,14,35.8956486,128.5148591
2020,대구광역시 북구 사수동 999,사수동 999,사수동,4,35.896384,128.5156071
2020,대구광역시 북구 사수동 산 36-23,사수동 산 36-23,사수동,1,35.8953751,128.5065216
2020,대구광역시 북구 산격3동 1408-39,산격3동 1408-39,산격동,1,35.895049,128.6053956
2020,대구광역시 북구 산격동 1009-8,산격동 1009-8,산격동,1,35.8911547,128.5989058
2020,대구광역시 북구 산격동 1023,산격동 1023,산격동,1,35.8912955,128.5970998
2020,대구광역시 북구 산격동 1060-1,산격동 1060-1,산격동,1,35.8926361,128.5971693
2020,대구광역시 북구 산격동 1139-5,산격동 1139-5,산격동,1,35.894565,128.5981748
2020,대구광역시 북구 산격동 1140-1,산격동 1140-1,산격동,1,35.8944732,128.5982138
2020,대구광역시 북구 산격동 1148-13,산격동 1148-13,산격동,1,35.8950954,128.5993155
2020,대구광역시 북구 산격동 1153-8,산격동 1153-8,산격동,1,35.8956272,128.5987867
2020,대구광역시 북구 산격동 1163-53,산격동 1163-53,산격동,1,35.8965181,128.6001092
2020,대구광역시 북구 산격동 1183-58,산격동 1183-58,산격동,1,35.8980776,128.601257
2020,대구광역시 북구 산격동 1183-73,산격동 1183-73,산격동,5,35.8981611,128.6011589
2020,대구광역시 북구 산격동 1183-74,산격동 1183-74,산격동,1,35.8981145,128.6008052
2020,대구광역시 북구 산격동 1185-1,산격동 1185-1,산격동,1,35.8980535,128.6015405
2020,대구광역시 북구 산격동 1185-51,산격동 1185-51,산격동,1,35.8972923,128.6027055
2020,대구광역시 북구 산격동 1188-3,산격동 1188-3,산격동,1,35.8986642,128.6031643
2020,대구광역시 북구 산격동 1188-46,산격동 1188-46,산격동,1,35.8977958,128.60346
2020,대구광역시 북구 산격동 1188-52,산격동 1188-52,산격동,1,35.8975315,128.6033318
2020,대구광역시 북구 산격동 119-1,산격동 119-1,산격동,1,35.9045418,128.6164181
2020,대구광역시 북구 산격동 119-2,산격동 119-2,산격동,1,35.904333,128.6163149
2020,대구광역시 북구 산격동 119-6,산격동 119-6,산격동,1,35.90321,128.6163826
2020,대구광역시 북구 산격동 1194-2,산격동 1194-2,산격동,1,35.8969211,128.6034046
2020,대구광역시 북구 산격동 1195-7,산격동 1195-7,산격동,1,35.8959846,128.6025727
2020,대구광역시 북구 산격동 1195-71,산격동 1195-71,산격동,1,35.8960332,128.6025799
2020,대구광역시 북구 산격동 1195-90,산격동 1195-90,산격동,6,35.8960163,128.6027617
2020,대구광역시 북구 산격동 1197-29,산격동 1197-29,산격동,1,35.8975745,128.6044144
2020,대구광역시 북구 산격동 1197-32,산격동 1197-32,산격동,1,35.8978173,128.6048031
2020,대구광역시 북구 산격동 120,산격동 120,산격동,2,35.9058417,128.6160137
2020,대구광역시 북구 산격동 1201-14,산격동 1201-14,산격동,1,35.9005349,128.605617
2020,대구광역시 북구 산격동 1201-30,산격동 1201-30,산격동,1,35.899797,128.6048197
2020,대구광역시 북구 산격동 1202-27,산격동 1202-27,산격동,1,35.9002216,128.6056355
2020,대구광역시 북구 산격동 1203-32,산격동 1203-32,산격동,1,35.9007914,128.6066743
2020,대구광역시 북구 산격동 1203-44,산격동 1203-44,산격동,1,35.9010954,128.6071445
2020,대구광역시 북구 산격동 1203-48,산격동 1203-48,산격동,1,35.9007588,128.6073801
2020,대구광역시 북구 산격동 1207,산격동 1207,산격동,1,35.8997199,128.6081449
2020,대구광역시 북구 산격동 1207-33,산격동 1207-33,산격동,1,35.8997908,128.6080543
2020,대구광역시 북구 산격동 1207-38,산격동 1207-38,산격동,1,35.8997993,128.6084099
2020,대구광역시 북구 산격동 1207-39,산격동 1207-39,산격동,3,35.8997609,128.6082877
2020,대구광역시 북구 산격동 1207-49,산격동 1207-49,산격동,1,35.8998762,128.6083225
2020,대구광역시 북구 산격동 1207-59,산격동 1207-59,산격동,1,35.9000057,128.6085735
2020,대구광역시 북구 산격동 1213-17,산격동 1213-17,산격동,1,35.8990936,128.6066633
2020,대구광역시 북구 산격동 1216-17,산격동 1216-17,산격동,1,35.8992493,128.6074634
2020,대구광역시 북구 산격동 1216-21,산격동 1216-21,산격동,1,35.8991429,128.6074965
2020,대구광역시 북구 산격동 1216-23,산격동 1216-23,산격동,1,35.8991006,128.6072899
2020,대구광역시 북구 산격동 1216-24,산격동 1216-24,산격동,10,35.8989777,128.6070697
2020,대구광역시 북구 산격동 1216-3,산격동 1216-3,산격동,2,35.899527,128.6079474
2020,대구광역시 북구 산격동 1216-34,산격동 1216-34,산격동,1,35.8987173,128.6071493
2020,대구광역시 북구 산격동 1216-42,산격동 1216-42,산격동,1,35.8992929,128.6075147
2020,대구광역시 북구 산격동 1216-46,산격동 1216-46,산격동,1,35.8987799,128.6072282
2020,대구광역시 북구 산격동 1216-48,산격동 1216-48,산격동,1,35.8994374,128.6078435
2020,대구광역시 북구 산격동 1217-12,산격동 1217-12,산격동,3,35.8983283,128.606318
2020,대구광역시 북구 산격동 1217-3,산격동 1217-3,산격동,1,35.8980371,128.6058673
2020,대구광역시 북구 산격동 1218-1,산격동 1218-1,산격동,4,35.8978739,128.6058903
2020,대구광역시 북구 산격동 1218-10,산격동 1218-10,산격동,1,35.8983718,128.6064803
2020,대구광역시 북구 산격동 1218-12,산격동 1218-12,산격동,2,35.8986736,128.606853
2020,대구광역시 북구 산격동 1218-13,산격동 1218-13,산격동,1,35.8985904,128.6067535
2020,대구광역시 북구 산격동 1218-15,산격동 1218-15,산격동,5,35.8985879,128.6069596
2020,대구광역시 북구 산격동 1218-16,산격동 1218-16,산격동,1,35.8984376,128.6065558
2020,대구광역시 북구 산격동 1218-2,산격동 1218-2,산격동,2,35.8979372,128.6059647
2020,대구광역시 북구 산격동 1218-21,산격동 1218-21,산격동,1,35.8978119,128.6060277
2020,대구광역시 북구 산격동 1218-3,산격동 1218-3,산격동,1,35.8980049,128.6060433
2020,대구광역시 북구 산격동 1218-4,산격동 1218-4,산격동,6,35.8980715,128.6061215
2020,대구광역시 북구 산격동 1218-5,산격동 1218-5,산격동,2,35.8981396,128.6062032
2020,대구광역시 북구 산격동 1218-6,산격동 1218-6,산격동,1,35.8982073,128.6062845
2020,대구광역시 북구 산격동 1218-8,산격동 1218-8,산격동,1,35.8982475,128.6065447
2020,대구광역시 북구 산격동 1219-10,산격동 1219-10,산격동,1,35.8978594,128.6056578
2020,대구광역시 북구 산격동 1220-11,산격동 1220-11,산격동,1,35.8974027,128.6055644
2020,대구광역시 북구 산격동 1220-2,산격동 1220-2,산격동,1,35.8972772,128.605184
2020,대구광역시 북구 산격동 1220-20,산격동 1220-20,산격동,1,35.8975845,128.605773
2020,대구광역시 북구 산격동 1220-21,산격동 1220-21,산격동,1,35.8976682,128.6058671
2020,대구광역시 북구 산격동 1220-23,산격동 1220-23,산격동,1,35.8970379,128.6052145
2020,대구광역시 북구 산격동 1220-25,산격동 1220-25,산격동,1,35.8972153,128.6052287
2020,대구광역시 북구 산격동 1220-3,산격동 1220-3,산격동,1,35.8971462,128.6053206
2020,대구광역시 북구 산격동 1220-4,산격동 1220-4,산격동,1,35.8974924,128.6054563
2020,대구광역시 북구 산격동 1220-7,산격동 1220-7,산격동,1,35.8974179,128.6053676
2020,대구광역시 북구 산격동 1224-2,산격동 1224-2,산격동,1,35.8963755,128.6039221
2020,대구광역시 북구 산격동 1227-8,산격동 1227-8,산격동,1,35.8961281,128.6048687
2020,대구광역시 북구 산격동 1228-1,산격동 1228-1,산격동,1,35.8968221,128.6051191
2020,대구광역시 북구 산격동 1228-10,산격동 1228-10,산격동,1,35.8965531,128.6049676
2020,대구광역시 북구 산격동 1228-11,산격동 1228-11,산격동,1,35.8964653,128.605029
2020,대구광역시 북구 산격동 1228-12,산격동 1228-12,산격동,1,35.8964961,128.6051191
2020,대구광역시 북구 산격동 1228-14,산격동 1228-14,산격동,1,35.8964606,128.6048508
2020,대구광역시 북구 산격동 1228-18,산격동 1228-18,산격동,1,35.8962687,128.6051015
2020,대구광역시 북구 산격동 1228-19,산격동 1228-19,산격동,3,35.8961376,128.6051069
2020,대구광역시 북구 산격동 1228-7,산격동 1228-7,산격동,1,35.8967195,128.605066
2020,대구광역시 북구 산격동 1228-8,산격동 1228-8,산격동,1,35.8966504,128.6050736
2020,대구광역시 북구 산격동 1228-9,산격동 1228-9,산격동,1,35.8965752,128.6050879
2020,대구광역시 북구 산격동 1229-15,산격동 1229-15,산격동,1,35.8963069,128.6054093
2020,대구광역시 북구 산격동 1229-16,산격동 1229-16,산격동,1,35.8962145,128.6054104
2020,대구광역시 북구 산격동 1232-1,산격동 1232-1,산격동,1,35.8983456,128.6072326
2020,대구광역시 북구 산격동 1233-3,산격동 1233-3,산격동,6,35.9000225,128.6045315
2020,대구광역시 북구 산격동 1234-8,산격동 1234-8,산격동,1,35.8978603,128.6069002
2020,대구광역시 북구 산격동 1238-12,산격동 1238-12,산격동,1,35.8995168,128.6093351
2020,대구광역시 북구 산격동 1238-14,산격동 1238-14,산격동,1,35.899571,128.6095179
2020,대구광역시 북구 산격동 1239-7,산격동 1239-7,산격동,1,35.8986529,128.6096264
2020,대구광역시 북구 산격동 1240-25,산격동 1240-25,산격동,2,35.8985244,128.6085823
2020,대구광역시 북구 산격동 1250-28,산격동 1250-28,산격동,1,35.8966579,128.6092333
2020,대구광역시 북구 산격동 1250-30,산격동 1250-30,산격동,1,35.8968667,128.6092329
2020,대구광역시 북구 산격동 1254-20,산격동 1254-20,산격동,1,35.8975573,128.6094204
2020,대구광역시 북구 산격동 1256-8,산격동 1256-8,산격동,1,35.8982476,128.6091013
2020,대구광역시 북구 산격동 1258,산격동 1258,산격동,99,35.8983937,128.6105284
2020,대구광역시 북구 산격동 1259-8,산격동 1259-8,산격동,1,35.8990563,128.6098912
2020,대구광역시 북구 산격동 1260-1,산격동 1260-1,산격동,1,35.8992868,128.610005
2020,대구광역시 북구 산격동 1260-3,산격동 1260-3,산격동,1,35.8991935,128.6103567
2020,대구광역시 북구 산격동 1260-5,산격동 1260-5,산격동,1,35.8991347,128.610653
2020,대구광역시 북구 산격동 1260-9,산격동 1260-9,산격동,2,35.8988063,128.6112645
2020,대구광역시 북구 산격동 1261-1,산격동 1261-1,산격동,1,35.898675,128.6116209
2020,대구광역시 북구 산격동 1264-1,산격동 1264-1,산격동,51,35.897955,128.6106195
2020,대구광역시 북구 산격동 1264-19,산격동 1264-19,산격동,1,35.8975519,128.6105674
2020,대구광역시 북구 산격동 1264-26,산격동 1264-26,산격동,2,35.8978733,128.6105984
2020,대구광역시 북구 산격동 1266-8,산격동 1266-8,산격동,2,35.8967339,128.6104468
2020,대구광역시 북구 산격동 1269-11,산격동 1269-11,산격동,1,35.9010538,128.6091939
2020,대구광역시 북구 산격동 1269-12,산격동 1269-12,산격동,1,35.9009537,128.6092853
2020,대구광역시 북구 산격동 1269-2,산격동 1269-2,산격동,4,35.9001191,128.6095195
2020,대구광역시 북구 산격동 1269-26,산격동 1269-26,산격동,1,35.9004654,128.6092675
2020,대구광역시 북구 산격동 1269-49,산격동 1269-49,산격동,1,35.9000792,128.6101083
2020,대구광역시 북구 산격동 1269-5,산격동 1269-5,산격동,10,35.9006478,128.6095603
2020,대구광역시 북구 산격동 1276-7,산격동 1276-7,산격동,1,35.8957384,128.6117425
2020,대구광역시 북구 산격동 1277-12,산격동 1277-12,산격동,2,35.8951688,128.6116302
2020,대구광역시 북구 산격동 1277-13,산격동 1277-13,산격동,6,35.8950112,128.6116552
2020,대구광역시 북구 산격동 1277-6,산격동 1277-6,산격동,1,35.8950842,128.6117539
2020,대구광역시 북구 산격동 1278-3,산격동 1278-3,산격동,3,35.8956576,128.6122579
2020,대구광역시 북구 산격동 1278-4,산격동 1278-4,산격동,1,35.8956057,128.6123889
2020,대구광역시 북구 산격동 1278-5,산격동 1278-5,산격동,2,35.8955384,128.6123006
2020,대구광역시 북구 산격동 1278-6,산격동 1278-6,산격동,4,35.8956268,128.61211
2020,대구광역시 북구 산격동 1278-8,산격동 1278-8,산격동,5,35.8955306,128.6120564
2020,대구광역시 북구 산격동 1278-9,산격동 1278-9,산격동,1,35.8954451,128.6121936
2020,대구광역시 북구 산격동 1279-15,산격동 1279-15,산격동,1,35.8959329,128.6123569
2020,대구광역시 북구 산격동 1279-23,산격동 1279-23,산격동,1,35.8957629,128.6123472
2020,대구광역시 북구 산격동 1279-27,산격동 1279-27,산격동,3,35.895729,128.6122585
2020,대구광역시 북구 산격동 1279-7,산격동 1279-7,산격동,1,35.8959475,128.6127745
2020,대구광역시 북구 산격동 1279-8,산격동 1279-8,산격동,1,35.8958662,128.612724
2020,대구광역시 북구 산격동 1279-9,산격동 1279-9,산격동,3,35.8959074,128.6126097
2020,대구광역시 북구 산격동 1285,산격동 1285,산격동,1,35.8976651,128.6119119
2020,대구광역시 북구 산격동 1287-4,산격동 1287-4,산격동,2,35.8977869,128.6134659
2020,대구광역시 북구 산격동 1289-28,산격동 1289-28,산격동,2,35.8974896,128.6143648
2020,대구광역시 북구 산격동 1289-33,산격동 1289-33,산격동,4,35.8970363,128.61386
2020,대구광역시 북구 산격동 1291-15,산격동 1291-15,산격동,1,35.8966631,128.6135239
2020,대구광역시 북구 산격동 1291-19,산격동 1291-19,산격동,2,35.8968147,128.6137124
2020,대구광역시 북구 산격동 1291-22,산격동 1291-22,산격동,4,35.8961587,128.6129768
2020,대구광역시 북구 산격동 1291-25,산격동 1291-25,산격동,2,35.896181,128.6127137
2020,대구광역시 북구 산격동 1291-26,산격동 1291-26,산격동,2,35.8961787,128.6128305
2020,대구광역시 북구 산격동 1291-6,산격동 1291-6,산격동,4,35.8963552,128.6130891
2020,대구광역시 북구 산격동 1291-7,산격동 1291-7,산격동,7,35.8962926,128.6128586
2020,대구광역시 북구 산격동 1304-13,산격동 1304-13,산격동,11,35.8950367,128.6115008
2020,대구광역시 북구 산격동 1304-14,산격동 1304-14,산격동,19,35.894943,128.6114753
2020,대구광역시 북구 산격동 1304-15,산격동 1304-15,산격동,1,35.8949222,128.6113494
2020,대구광역시 북구 산격동 1304-18,산격동 1304-18,산격동,1,35.8951611,128.6115078
2020,대구광역시 북구 산격동 1304-22,산격동 1304-22,산격동,1,35.8952799,128.6115063
2020,대구광역시 북구 산격동 1305-27,산격동 1305-27,산격동,1,35.896177,128.6109818
2020,대구광역시 북구 산격동 1305-29,산격동 1305-29,산격동,2,35.8960695,128.6111283
2020,대구광역시 북구 산격동 1306-60,산격동 1306-60,산격동,1,35.8955694,128.6110186
2020,대구광역시 북구 산격동 1306-61,산격동 1306-61,산격동,1,35.89557,128.6111387
2020,대구광역시 북구 산격동 1307-30,산격동 1307-30,산격동,2,35.8951415,128.6095937
2020,대구광역시 북구 산격동 1307-82,산격동 1307-82,산격동,2,35.8950206,128.61099
2020,대구광역시 북구 산격동 1307-83,산격동 1307-83,산격동,1,35.8950221,128.6111278
2020,대구광역시 북구 산격동 1308-1,산격동 1308-1,산격동,1,35.8948116,128.6110018
2020,대구광역시 북구 산격동 1308-12,산격동 1308-12,산격동,3,35.894797,128.610649
2020,대구광역시 북구 산격동 1308-13,산격동 1308-13,산격동,2,35.8948089,128.6105079
2020,대구광역시 북구 산격동 1308-22,산격동 1308-22,산격동,1,35.8946131,128.6103671
2020,대구광역시 북구 산격동 1308-23,산격동 1308-23,산격동,2,35.8947355,128.6103173
2020,대구광역시 북구 산격동 1308-3,산격동 1308-3,산격동,1,35.894619,128.6102653
2020,대구광역시 북구 산격동 1308-4,산격동 1308-4,산격동,9,35.8946482,128.6104701
2020,대구광역시 북구 산격동 1308-5,산격동 1308-5,산격동,2,35.8948424,128.6108901
2020,대구광역시 북구 산격동 1308-7,산격동 1308-7,산격동,2,35.8948486,128.6107724
2020,대구광역시 북구 산격동 1308-9,산격동 1308-9,산격동,2,35.8947295,128.6107599
2020,대구광역시 북구 산격동 1309-33,산격동 1309-33,산격동,1,35.8946817,128.6099078
2020,대구광역시 북구 산격동 1309-41,산격동 1309-41,산격동,1,35.8940783,128.6095823
2020,대구광역시 북구 산격동 1310-2,산격동 1310-2,산격동,1,35.8962143,128.6085634
2020,대구광역시 북구 산격동 1311-36,산격동 1311-36,산격동,2,35.8959083,128.609249
2020,대구광역시 북구 산격동 1311-44,산격동 1311-44,산격동,1,35.8955822,128.6093896
2020,대구광역시 북구 산격동 1312-32,산격동 1312-32,산격동,1,35.8951729,128.608279
2020,대구광역시 북구 산격동 1312-36,산격동 1312-36,산격동,2,35.8951545,128.6079236
2020,대구광역시 북구 산격동 1312-46,산격동 1312-46,산격동,1,35.8951721,128.6087212
2020,대구광역시 북구 산격동 1312-48,산격동 1312-48,산격동,3,35.8950422,128.6085824
2020,대구광역시 북구 산격동 1312-5,산격동 1312-5,산격동,4,35.8950454,128.6078108
2020,대구광역시 북구 산격동 1312-50,산격동 1312-50,산격동,3,35.8951847,128.6077673
2020,대구광역시 북구 산격동 1312-66,산격동 1312-66,산격동,1,35.8950409,128.608304
2020,대구광역시 북구 산격동 1312-72,산격동 1312-72,산격동,1,35.8951846,128.6092484
2020,대구광역시 북구 산격동 1313,산격동 1313,산격동,1,35.8948181,128.6093669
2020,대구광역시 북구 산격동 1313-64,산격동 1313-64,산격동,1,35.8939162,128.6093763
2020,대구광역시 북구 산격동 1313-67,산격동 1313-67,산격동,1,35.8940297,128.6093781
2020,대구광역시 북구 산격동 1314-1,산격동 1314-1,산격동,6,35.8947952,128.608645
2020,대구광역시 북구 산격동 1314-15,산격동 1314-15,산격동,2,35.8940321,128.608617
2020,대구광역시 북구 산격동 1314-2,산격동 1314-2,산격동,4,35.8944822,128.6086103
2020,대구광역시 북구 산격동 1314-23,산격동 1314-23,산격동,2,35.8941271,128.6086047
2020,대구광역시 북구 산격동 1314-40,산격동 1314-40,산격동,1,35.8937302,128.6086003
2020,대구광역시 북구 산격동 1314-42,산격동 1314-42,산격동,1,35.8937818,128.6083936
2020,대구광역시 북구 산격동 1314-43,산격동 1314-43,산격동,1,35.8948451,128.608499
2020,대구광역시 북구 산격동 1314-44,산격동 1314-44,산격동,1,35.8948482,128.6083516
2020,대구광역시 북구 산격동 1314-6,산격동 1314-6,산격동,1,35.8938635,128.60874
2020,대구광역시 북구 산격동 1314-65,산격동 1314-65,산격동,1,35.894624,128.6086793
2020,대구광역시 북구 산격동 1314-7,산격동 1314-7,산격동,1,35.8937299,128.6087413
2020,대구광역시 북구 산격동 1315-21,산격동 1315-21,산격동,3,35.8948399,128.6118582
2020,대구광역시 북구 산격동 1318-3,산격동 1318-3,산격동,1,35.8946764,128.6117005
2020,대구광역시 북구 산격동 1319-1,산격동 1319-1,산격동,7,35.893633,128.6103124
2020,대구광역시 북구 산격동 1321-5,산격동 1321-5,산격동,3,35.8946506,128.6110896
2020,대구광역시 북구 산격동 1324-5,산격동 1324-5,산격동,1,35.8942104,128.6105992
2020,대구광역시 북구 산격동 1325-7,산격동 1325-7,산격동,1,35.8944355,128.6104955
2020,대구광역시 북구 산격동 1326-13,산격동 1326-13,산격동,1,35.89423,128.6080213
2020,대구광역시 북구 산격동 1326-32,산격동 1326-32,산격동,1,35.8948105,128.6080047
2020,대구광역시 북구 산격동 1326-35,산격동 1326-35,산격동,2,35.8944356,128.6080254
2020,대구광역시 북구 산격동 1326-42,산격동 1326-42,산격동,2,35.894366,128.6077628
2020,대구광역시 북구 산격동 1326-48,산격동 1326-48,산격동,1,35.8948415,128.6078889
2020,대구광역시 북구 산격동 1326-7,산격동 1326-7,산격동,1,35.8944833,128.6077736
2020,대구광역시 북구 산격동 1326-8,산격동 1326-8,산격동,1,35.8948367,128.607768
2020,대구광역시 북구 산격동 1327-1,산격동 1327-1,산격동,1,35.8935378,128.609261
2020,대구광역시 북구 산격동 1327-26,산격동 1327-26,산격동,1,35.8941711,128.6103024
2020,대구광역시 북구 산격동 1328-5,산격동 1328-5,산격동,2,35.8940517,128.6106389
2020,대구광역시 북구 산격동 1329-7,산격동 1329-7,산격동,1,35.893769,128.6103284
2020,대구광역시 북구 산격동 1329-8,산격동 1329-8,산격동,1,35.893882,128.6103482
2020,대구광역시 북구 산격동 1330-1,산격동 1330-1,산격동,8,35.8936963,128.6101163
2020,대구광역시 북구 산격동 1330-3,산격동 1330-3,산격동,1,35.8936588,128.6099652
2020,대구광역시 북구 산격동 1332-1,산격동 1332-1,산격동,7,35.893621,128.6099135
2020,대구광역시 북구 산격동 1332-5,산격동 1332-5,산격동,3,35.8935287,128.6098261
2020,대구광역시 북구 산격동 1332-7,산격동 1332-7,산격동,1,35.893344,128.6098502
2020,대구광역시 북구 산격동 1332-8,산격동 1332-8,산격동,1,35.8933036,128.6096879
2020,대구광역시 북구 산격동 1335-9,산격동 1335-9,산격동,1,35.8931664,128.609452
2020,대구광역시 북구 산격동 1337-1,산격동 1337-1,산격동,1,35.8927851,128.6090426
2020,대구광역시 북구 산격동 1341-2,산격동 1341-2,산격동,1,35.8928169,128.6091644
2020,대구광역시 북구 산격동 1346,산격동 1346,산격동,14,35.892228,128.6088169
2020,대구광역시 북구 산격동 1350-1,산격동 1350-1,산격동,3,35.893577,128.6105661
2020,대구광역시 북구 산격동 1370-1,산격동 1370-1,산격동,9,35.8908861,128.609788
2020,대구광역시 북구 산격동 1374-1,산격동 1374-1,산격동,1,35.8883774,128.6034137
2020,대구광역시 북구 산격동 1377-2,산격동 1377-2,산격동,2,35.8866708,128.6015183
2020,대구광역시 북구 산격동 1379-1,산격동 1379-1,산격동,1,35.8881303,128.6001412
2020,대구광역시 북구 산격동 1382-120,산격동 1382-120,산격동,1,35.8884324,128.6027433
2020,대구광역시 북구 산격동 1382-127,산격동 1382-127,산격동,1,35.8880969,128.602314
2020,대구광역시 북구 산격동 1382-13,산격동 1382-13,산격동,2,35.8884905,128.6020105
2020,대구광역시 북구 산격동 1382-28,산격동 1382-28,산격동,2,35.888144,128.6024836
2020,대구광역시 북구 산격동 1382-3,산격동 1382-3,산격동,2,35.8890207,128.6030985
2020,대구광역시 북구 산격동 1382-64,산격동 1382-64,산격동,1,35.8885556,128.6035554
2020,대구광역시 북구 산격동 1390-7,산격동 1390-7,산격동,1,35.888795,128.6021423
2020,대구광역시 북구 산격동 1392-9,산격동 1392-9,산격동,1,35.8889446,128.6022793
2020,대구광역시 북구 산격동 1393,산격동 1393,산격동,2,35.8932511,128.6085537
2020,대구광역시 북구 산격동 1393-13,산격동 1393-13,산격동,1,35.8926257,128.608437
2020,대구광역시 북구 산격동 1393-20,산격동 1393-20,산격동,1,35.8929398,128.6086173
2020,대구광역시 북구 산격동 1393-27,산격동 1393-27,산격동,2,35.8934856,128.6084798
2020,대구광역시 북구 산격동 1393-4,산격동 1393-4,산격동,1,35.8928368,128.6085845
2020,대구광역시 북구 산격동 1393-5,산격동 1393-5,산격동,3,35.8927504,128.608607
2020,대구광역시 북구 산격동 1395-10,산격동 1395-10,산격동,2,35.8899964,128.602348
2020,대구광역시 북구 산격동 1395-11,산격동 1395-11,산격동,1,35.8899129,128.6024203
2020,대구광역시 북구 산격동 1395-7,산격동 1395-7,산격동,1,35.8900921,128.6024215
2020,대구광역시 북구 산격동 1397-15,산격동 1397-15,산격동,1,35.8926352,128.6077857
2020,대구광역시 북구 산격동 1397-18,산격동 1397-18,산격동,2,35.8932896,128.6080447
2020,대구광역시 북구 산격동 1397-35,산격동 1397-35,산격동,1,35.893511,128.60801
2020,대구광역시 북구 산격동 1397-37,산격동 1397-37,산격동,1,35.8928782,128.6079686
2020,대구광역시 북구 산격동 1399,산격동 1399,산격동,3,35.8924451,128.6086143
2020,대구광역시 북구 산격동 1399-4,산격동 1399-4,산격동,2,35.8923175,128.6082886
2020,대구광역시 북구 산격동 1399-5,산격동 1399-5,산격동,2,35.8920902,128.6084299
2020,대구광역시 북구 산격동 1399-8,산격동 1399-8,산격동,1,35.8924514,128.6084261
2020,대구광역시 북구 산격동 1399-9,산격동 1399-9,산격동,1,35.8923427,128.6086502
2020,대구광역시 북구 산격동 14-137,산격동 14-137,산격동,1,35.9101485,128.6067245
2020,대구광역시 북구 산격동 14-139,산격동 14-139,산격동,1,35.9109404,128.6051617
2020,대구광역시 북구 산격동 14-142,산격동 14-142,산격동,1,35.9102066,128.6068433
2020,대구광역시 북구 산격동 14-150,산격동 14-150,산격동,1,35.9105802,128.6091148
2020,대구광역시 북구 산격동 14-30,산격동 14-30,산격동,1,35.9115657,128.6082867
2020,대구광역시 북구 산격동 14-45,산격동 14-45,산격동,1,35.9115962,128.6048079
2020,대구광역시 북구 산격동 14-58,산격동 14-58,산격동,1,35.9112323,128.6054805
2020,대구광역시 북구 산격동 14-99,산격동 14-99,산격동,1,35.9102867,128.6070859
2020,대구광역시 북구 산격동 1400-10,산격동 1400-10,산격동,2,35.8924305,128.6079975
2020,대구광역시 북구 산격동 1400-12,산격동 1400-12,산격동,23,35.8924454,128.6077534
2020,대구광역시 북구 산격동 1400-13,산격동 1400-13,산격동,2,35.8918544,128.6079309
2020,대구광역시 북구 산격동 1400-19,산격동 1400-19,산격동,2,35.8921004,128.6079226
2020,대구광역시 북구 산격동 1400-20,산격동 1400-20,산격동,3,35.8921097,128.6080664
2020,대구광역시 북구 산격동 1400-3,산격동 1400-3,산격동,3,35.8919303,128.6077437
2020,대구광역시 북구 산격동 1401-35,산격동 1401-35,산격동,2,35.8902272,128.6031092
2020,대구광역시 북구 산격동 1404-24,산격동 1404-24,산격동,1,35.8901836,128.602757
2020,대구광역시 북구 산격동 1405-26,산격동 1405-26,산격동,1,35.8961612,128.6062934
2020,대구광역시 북구 산격동 1407-1,산격동 1407-1,산격동,1,35.8953562,128.6075642
2020,대구광역시 북구 산격동 1407-10,산격동 1407-10,산격동,6,35.8951873,128.6071687
2020,대구광역시 북구 산격동 1407-11,산격동 1407-11,산격동,5,35.8951597,128.6075645
2020,대구광역시 북구 산격동 1407-16,산격동 1407-16,산격동,13,35.8950302,128.6075657
2020,대구광역시 북구 산격동 1407-17,산격동 1407-17,산격동,6,35.8950772,128.6074847
2020,대구광역시 북구 산격동 1407-18,산격동 1407-18,산격동,2,35.8951987,128.6074021
2020,대구광역시 북구 산격동 1407-19,산격동 1407-19,산격동,26,35.8950695,128.607403
2020,대구광역시 북구 산격동 1407-22,산격동 1407-22,산격동,7,35.895113,128.6072746
2020,대구광역시 북구 산격동 1407-26,산격동 1407-26,산격동,1,35.8951224,128.6065836
2020,대구광역시 북구 산격동 1407-28,산격동 1407-28,산격동,1,35.8951898,128.6067456
2020,대구광역시 북구 산격동 1407-29,산격동 1407-29,산격동,2,35.8950627,128.6067791
2020,대구광역시 북구 산격동 1407-37,산격동 1407-37,산격동,4,35.8951715,128.6069642
2020,대구광역시 북구 산격동 1407-40,산격동 1407-40,산격동,1,35.8950728,128.6069236
2020,대구광역시 북구 산격동 1407-41,산격동 1407-41,산격동,5,35.8950678,128.6068652
2020,대구광역시 북구 산격동 1407-43,산격동 1407-43,산격동,1,35.8950785,128.6066621
2020,대구광역시 북구 산격동 1407-44,산격동 1407-44,산격동,1,35.8953063,128.6064391
2020,대구광역시 북구 산격동 1407-49,산격동 1407-49,산격동,3,35.895126,128.6064547
2020,대구광역시 북구 산격동 1407-51,산격동 1407-51,산격동,2,35.8950883,128.6063765
2020,대구광역시 북구 산격동 1407-53,산격동 1407-53,산격동,4,35.8951279,128.6062987
2020,대구광역시 북구 산격동 1407-54,산격동 1407-54,산격동,1,35.895038,128.606298
2020,대구광역시 북구 산격동 1407-56,산격동 1407-56,산격동,7,35.8951706,128.6060268
2020,대구광역시 북구 산격동 1407-6,산격동 1407-6,산격동,3,35.8952109,128.6064491
2020,대구광역시 북구 산격동 1407-61,산격동 1407-61,산격동,3,35.8951882,128.6070596
2020,대구광역시 북구 산격동 1407-62,산격동 1407-62,산격동,8,35.8950563,128.6071763
2020,대구광역시 북구 산격동 1407-63,산격동 1407-63,산격동,2,35.8950653,128.6071146
2020,대구광역시 북구 산격동 1407-64,산격동 1407-64,산격동,2,35.895058,128.6070524
2020,대구광역시 북구 산격동 1407-66,산격동 1407-66,산격동,2,35.895269,128.606169
2020,대구광역시 북구 산격동 1407-68,산격동 1407-68,산격동,3,35.8950569,128.6060271
2020,대구광역시 북구 산격동 1407-74,산격동 1407-74,산격동,9,35.8951661,128.6061703
2020,대구광역시 북구 산격동 1407-83,산격동 1407-83,산격동,1,35.8950367,128.6064543
2020,대구광역시 북구 산격동 1407-9,산격동 1407-9,산격동,2,35.8950385,128.6069703
2020,대구광역시 북구 산격동 1408-11,산격동 1408-11,산격동,1,35.8957266,128.6054291
2020,대구광역시 북구 산격동 1408-18,산격동 1408-18,산격동,5,35.8951571,128.6055497
2020,대구광역시 북구 산격동 1408-19,산격동 1408-19,산격동,7,35.8951577,128.6053945
2020,대구광역시 북구 산격동 1408-20,산격동 1408-20,산격동,3,35.8950488,128.6055504
2020,대구광역시 북구 산격동 1408-23,산격동 1408-23,산격동,5,35.8951606,128.605694
2020,대구광역시 북구 산격동 1408-27,산격동 1408-27,산격동,2,35.8950529,128.6057103
2020,대구광역시 북구 산격동 1408-39,산격동 1408-39,산격동,2,35.895049,128.6053956
2020,대구광역시 북구 산격동 1408-7,산격동 1408-7,산격동,13,35.8951381,128.6058257
2020,대구광역시 북구 산격동 1409,산격동 1409,산격동,36,35.8944233,128.606962
2020,대구광역시 북구 산격동 1409-10,산격동 1409-10,산격동,1,35.8938486,128.6068376
2020,대구광역시 북구 산격동 1409-30,산격동 1409-30,산격동,1,35.893733,128.6060163
2020,대구광역시 북구 산격동 1409-32,산격동 1409-32,산격동,5,35.8938196,128.6066793
2020,대구광역시 북구 산격동 1409-35,산격동 1409-35,산격동,3,35.8937671,128.6065075
2020,대구광역시 북구 산격동 1409-41,산격동 1409-41,산격동,1,35.8939029,128.6061803
2020,대구광역시 북구 산격동 1409-43,산격동 1409-43,산격동,2,35.8937257,128.606169
2020,대구광역시 북구 산격동 1409-44,산격동 1409-44,산격동,3,35.8938219,128.6061697
2020,대구광역시 북구 산격동 1409-5,산격동 1409-5,산격동,1,35.8939013,128.6066754
2020,대구광역시 북구 산격동 1409-52,산격동 1409-52,산격동,1,35.8938576,128.6071563
2020,대구광역시 북구 산격동 1409-55,산격동 1409-55,산격동,1,35.8938706,128.6074319
2020,대구광역시 북구 산격동 1409-56,산격동 1409-56,산격동,1,35.8938624,128.6073093
2020,대구광역시 북구 산격동 1410,산격동 1410,산격동,1,35.894787,128.6056817
2020,대구광역시 북구 산격동 1410-1,산격동 1410-1,산격동,1,35.8947182,128.6058147
2020,대구광역시 북구 산격동 1410-10,산격동 1410-10,산격동,2,35.8938474,128.6058142
2020,대구광역시 북구 산격동 1410-14,산격동 1410-14,산격동,1,35.8940759,128.6056948
2020,대구광역시 북구 산격동 1410-15,산격동 1410-15,산격동,1,35.8946608,128.6057085
2020,대구광역시 북구 산격동 1410-23,산격동 1410-23,산격동,3,35.8941869,128.6057055
2020,대구광역시 북구 산격동 1410-24,산격동 1410-24,산격동,2,35.8948657,128.6058127
2020,대구광역시 북구 산격동 1410-31,산격동 1410-31,산격동,1,35.8938646,128.605561
2020,대구광역시 북구 산격동 1410-38,산격동 1410-38,산격동,1,35.8944806,128.6054047
2020,대구광역시 북구 산격동 1410-4,산격동 1410-4,산격동,4,35.8944121,128.6056448
2020,대구광역시 북구 산격동 1410-41,산격동 1410-41,산격동,2,35.8948271,128.6054524
2020,대구광역시 북구 산격동 1410-47,산격동 1410-47,산격동,1,35.8946889,128.6054908
2020,대구광역시 북구 산격동 1410-9,산격동 1410-9,산격동,1,35.8939575,128.6058144
2020,대구광역시 북구 산격동 1411-67,산격동 1411-67,산격동,1,35.8935519,128.6075564
2020,대구광역시 북구 산격동 1411-74,산격동 1411-74,산격동,1,35.893539,128.606577
2020,대구광역시 북구 산격동 1412-34,산격동 1412-34,산격동,1,35.8927534,128.6075376
2020,대구광역시 북구 산격동 1412-8,산격동 1412-8,산격동,1,35.8929424,128.6060025
2020,대구광역시 북구 산격동 1413-13,산격동 1413-13,산격동,1,35.8927896,128.6054043
2020,대구광역시 북구 산격동 1413-14,산격동 1413-14,산격동,1,35.8926705,128.6056057
2020,대구광역시 북구 산격동 1413-15,산격동 1413-15,산격동,2,35.8926659,128.6054294
2020,대구광역시 북구 산격동 1413-24,산격동 1413-24,산격동,1,35.8930158,128.6053515
2020,대구광역시 북구 산격동 1413-5,산격동 1413-5,산격동,1,35.8928108,128.6057516
2020,대구광역시 북구 산격동 1414,산격동 1414,산격동,2,35.8924539,128.6075787
2020,대구광역시 북구 산격동 1414-6,산격동 1414-6,산격동,1,35.8922118,128.6073501
2020,대구광역시 북구 산격동 1414-61,산격동 1414-61,산격동,1,35.8924575,128.6074835
2020,대구광역시 북구 산격동 1414-87,산격동 1414-87,산격동,2,35.8924072,128.6061481
2020,대구광역시 북구 산격동 1414-88,산격동 1414-88,산격동,1,35.8924108,128.6061926
2020,대구광역시 북구 산격동 1416,산격동 1416,산격동,1,35.8919636,128.6075346
2020,대구광역시 북구 산격동 1416-1,산격동 1416-1,산격동,1,35.8919553,128.6072807
2020,대구광역시 북구 산격동 1416-44,산격동 1416-44,산격동,6,35.8916559,128.6075258
2020,대구광역시 북구 산격동 1416-49,산격동 1416-49,산격동,7,35.8918184,128.6075263
2020,대구광역시 북구 산격동 1416-55,산격동 1416-55,산격동,5,35.891955,128.6074136
2020,대구광역시 북구 산격동 1416-56,산격동 1416-56,산격동,2,35.8918445,128.6074052
2020,대구광역시 북구 산격동 1416-57,산격동 1416-57,산격동,1,35.8917251,128.6073963
2020,대구광역시 북구 산격동 1416-58,산격동 1416-58,산격동,1,35.8916981,128.6072822
2020,대구광역시 북구 산격동 1416-60,산격동 1416-60,산격동,1,35.8916189,128.6070018
2020,대구광역시 북구 산격동 1417-3,산격동 1417-3,산격동,1,35.8912227,128.6063013
2020,대구광역시 북구 산격동 1417-32,산격동 1417-32,산격동,1,35.8913661,128.6067241
2020,대구광역시 북구 산격동 1417-4,산격동 1417-4,산격동,1,35.8912504,128.6064698
2020,대구광역시 북구 산격동 1417-5,산격동 1417-5,산격동,2,35.8913104,128.6069343
2020,대구광역시 북구 산격동 1417-7,산격동 1417-7,산격동,4,35.8912271,128.6059943
2020,대구광역시 북구 산격동 1418,산격동 1418,산격동,1,35.8924687,128.6058157
2020,대구광역시 북구 산격동 1418-1,산격동 1418-1,산격동,4,35.8924831,128.6053713
2020,대구광역시 북구 산격동 1418-10,산격동 1418-10,산격동,1,35.892337,128.6053829
2020,대구광역시 북구 산격동 1418-11,산격동 1418-11,산격동,2,35.8922192,128.6053339
2020,대구광역시 북구 산격동 1418-17,산격동 1418-17,산격동,1,35.891192,128.6053616
2020,대구광역시 북구 산격동 1418-2,산격동 1418-2,산격동,2,35.8924598,128.6055621
2020,대구광역시 북구 산격동 1418-28,산격동 1418-28,산격동,1,35.8913119,128.605731
2020,대구광역시 북구 산격동 1418-3,산격동 1418-3,산격동,1,35.8916459,128.6057299
2020,대구광역시 북구 산격동 1418-5,산격동 1418-5,산격동,1,35.8911953,128.6057954
2020,대구광역시 북구 산격동 1419,산격동 1419,산격동,2,35.8908892,128.6061475
2020,대구광역시 북구 산격동 1421-18,산격동 1421-18,산격동,1,35.8919767,128.6053586
2020,대구광역시 북구 산격동 1421-78,산격동 1421-78,산격동,1,35.8923163,128.6055225
2020,대구광역시 북구 산격동 1422,산격동 1422,산격동,39,35.89595,128.6050802
2020,대구광역시 북구 산격동 1422-14,산격동 1422-14,산격동,1,35.8953543,128.605038
2020,대구광역시 북구 산격동 1422-20,산격동 1422-20,산격동,1,35.8951828,128.6049557
2020,대구광역시 북구 산격동 1422-22,산격동 1422-22,산격동,2,35.8950738,128.6048742
2020,대구광역시 북구 산격동 1422-24,산격동 1422-24,산격동,3,35.8950862,128.6046754
2020,대구광역시 북구 산격동 1422-25,산격동 1422-25,산격동,13,35.8958431,128.60508
2020,대구광역시 북구 산격동 1422-26,산격동 1422-26,산격동,7,35.8958437,128.6049288
2020,대구광역시 북구 산격동 1422-27,산격동 1422-27,산격동,6,35.8959503,128.6049299
2020,대구광역시 북구 산격동 1422-28,산격동 1422-28,산격동,2,35.8959509,128.6047958
2020,대구광역시 북구 산격동 1422-30,산격동 1422-30,산격동,1,35.8958399,128.6046588
2020,대구광역시 북구 산격동 1422-32,산격동 1422-32,산격동,1,35.8957831,128.6048819
2020,대구광역시 북구 산격동 1422-37,산격동 1422-37,산격동,1,35.8954815,128.6050997
2020,대구광역시 북구 산격동 1422-7,산격동 1422-7,산격동,1,35.8955905,128.6050423
2020,대구광역시 북구 산격동 1422-8,산격동 1422-8,산격동,1,35.8955926,128.6048477
2020,대구광역시 북구 산격동 1423-4,산격동 1423-4,산격동,1,35.8956748,128.6036345
2020,대구광역시 북구 산격동 1424-13,산격동 1424-13,산격동,1,35.8950846,128.6036928
2020,대구광역시 북구 산격동 1424-25,산격동 1424-25,산격동,2,35.8950748,128.6039129
2020,대구광역시 북구 산격동 1424-28,산격동 1424-28,산격동,1,35.8954446,128.6038603
2020,대구광역시 북구 산격동 1424-29,산격동 1424-29,산격동,1,35.8953362,128.604429
2020,대구광역시 북구 산격동 1424-42,산격동 1424-42,산격동,1,35.8952043,128.6033562
2020,대구광역시 북구 산격동 1424-43,산격동 1424-43,산격동,1,35.8950786,128.6033551
2020,대구광역시 북구 산격동 1424-45,산격동 1424-45,산격동,1,35.8952018,128.603494
2020,대구광역시 북구 산격동 1424-46,산격동 1424-46,산격동,1,35.8950763,128.6034926
2020,대구광역시 북구 산격동 1424-48,산격동 1424-48,산격동,2,35.895091,128.6030135
2020,대구광역시 북구 산격동 1424-50,산격동 1424-50,산격동,1,35.8952341,128.6030134
2020,대구광역시 북구 산격동 1424-56,산격동 1424-56,산격동,1,35.8951306,128.6041054
2020,대구광역시 북구 산격동 1424-58,산격동 1424-58,산격동,3,35.8950709,128.6042882
2020,대구광역시 북구 산격동 1424-6,산격동 1424-6,산격동,2,35.8950713,128.6044414
2020,대구광역시 북구 산격동 1425,산격동 1425,산격동,1,35.8947766,128.6049747
2020,대구광역시 북구 산격동 1425-1,산격동 1425-1,산격동,2,35.8944937,128.6050358
2020,대구광역시 북구 산격동 1425-26,산격동 1425-26,산격동,1,35.8947572,128.6046561
2020,대구광역시 북구 산격동 1425-30,산격동 1425-30,산격동,1,35.8937176,128.6049731
2020,대구광역시 북구 산격동 1425-31,산격동 1425-31,산격동,1,35.8938725,128.6048703
2020,대구광역시 북구 산격동 1425-41,산격동 1425-41,산격동,1,35.8946175,128.6049822
2020,대구광역시 북구 산격동 1425-47,산격동 1425-47,산격동,2,35.8940712,128.6050835
2020,대구광역시 북구 산격동 1425-54,산격동 1425-54,산격동,1,35.8943109,128.6050691
2020,대구광역시 북구 산격동 1425-58,산격동 1425-58,산격동,1,35.8939307,128.6047317
2020,대구광역시 북구 산격동 1426-32,산격동 1426-32,산격동,1,35.8937445,128.6040662
2020,대구광역시 북구 산격동 1427-1,산격동 1427-1,산격동,44,35.893644,128.6034382
2020,대구광역시 북구 산격동 1428-10,산격동 1428-10,산격동,2,35.8945842,128.6029802
2020,대구광역시 북구 산격동 1428-17,산격동 1428-17,산격동,15,35.8949095,128.6030693
2020,대구광역시 북구 산격동 1429,산격동 1429,산격동,1,35.8935565,128.6050506
2020,대구광역시 북구 산격동 1429-12,산격동 1429-12,산격동,1,35.8926879,128.6049837
2020,대구광역시 북구 산격동 1429-18,산격동 1429-18,산격동,1,35.8935514,128.604887
2020,대구광역시 북구 산격동 1429-31,산격동 1429-31,산격동,1,35.8930958,128.6050432
2020,대구광역시 북구 산격동 1429-32,산격동 1429-32,산격동,1,35.8934194,128.6049094
2020,대구광역시 북구 산격동 1429-33,산격동 1429-33,산격동,2,35.8933071,128.6049079
2020,대구광역시 북구 산격동 1429-34,산격동 1429-34,산격동,1,35.893193,128.6049069
2020,대구광역시 북구 산격동 1430-12,산격동 1430-12,산격동,1,35.8928016,128.6042937
2020,대구광역시 북구 산격동 1430-25,산격동 1430-25,산격동,1,35.8926489,128.6041192
2020,대구광역시 북구 산격동 1430-28,산격동 1430-28,산격동,3,35.8926766,128.6042935
2020,대구광역시 북구 산격동 1430-47,산격동 1430-47,산격동,1,35.8926712,128.6044219
2020,대구광역시 북구 산격동 1433,산격동 1433,산격동,5,35.8924935,128.6048622
2020,대구광역시 북구 산격동 1433-10,산격동 1433-10,산격동,8,35.8921751,128.6049502
2020,대구광역시 북구 산격동 1433-15,산격동 1433-15,산격동,1,35.8923884,128.6046041
2020,대구광역시 북구 산격동 1433-21,산격동 1433-21,산격동,1,35.8911961,128.6049671
2020,대구광역시 북구 산격동 1433-22,산격동 1433-22,산격동,1,35.8917084,128.6050459
2020,대구광역시 북구 산격동 1433-24,산격동 1433-24,산격동,1,35.8915798,128.6050274
2020,대구광역시 북구 산격동 1433-26,산격동 1433-26,산격동,1,35.8914566,128.6050262
2020,대구광역시 북구 산격동 1433-36,산격동 1433-36,산격동,3,35.8924035,128.6050094
2020,대구광역시 북구 산격동 1433-38,산격동 1433-38,산격동,1,35.892308,128.6050263
2020,대구광역시 북구 산격동 1433-57,산격동 1433-57,산격동,2,35.8916996,128.6049548
2020,대구광역시 북구 산격동 1433-59,산격동 1433-59,산격동,1,35.8919269,128.6050395
2020,대구광역시 북구 산격동 1437-100,산격동 1437-100,산격동,3,35.894521,128.6025447
2020,대구광역시 북구 산격동 1437-111,산격동 1437-111,산격동,1,35.8946454,128.6023263
2020,대구광역시 북구 산격동 1437-16,산격동 1437-16,산격동,1,35.8953171,128.6022305
2020,대구광역시 북구 산격동 1437-17,산격동 1437-17,산격동,1,35.8953202,128.6023831
2020,대구광역시 북구 산격동 1437-175,산격동 1437-175,산격동,9,35.8945982,128.6028084
2020,대구광역시 북구 산격동 1437-19,산격동 1437-19,산격동,1,35.8951948,128.6023842
2020,대구광역시 북구 산격동 1437-25,산격동 1437-25,산격동,1,35.8953028,128.6015901
2020,대구광역시 북구 산격동 1437-26,산격동 1437-26,산격동,1,35.8953076,128.6017395
2020,대구광역시 북구 산격동 1437-51,산격동 1437-51,산격동,3,35.8947997,128.6026792
2020,대구광역시 북구 산격동 1437-52,산격동 1437-52,산격동,1,35.8947085,128.6026777
2020,대구광역시 북구 산격동 1437-53,산격동 1437-53,산격동,1,35.8945963,128.6026712
2020,대구광역시 북구 산격동 1437-56,산격동 1437-56,산격동,1,35.8952506,128.6026913
2020,대구광역시 북구 산격동 1437-59,산격동 1437-59,산격동,1,35.8948537,128.6026805
2020,대구광역시 북구 산격동 1437-68,산격동 1437-68,산격동,1,35.8951992,128.602537
2020,대구광역시 북구 산격동 1437-98,산격동 1437-98,산격동,1,35.8951538,128.6027269
2020,대구광역시 북구 산격동 1440-1,산격동 1440-1,산격동,4,35.894472,128.6026802
2020,대구광역시 북구 산격동 1440-11,산격동 1440-11,산격동,1,35.894327,128.602765
2020,대구광역시 북구 산격동 1440-4,산격동 1440-4,산격동,2,35.8942999,128.602569
2020,대구광역시 북구 산격동 1440-5,산격동 1440-5,산격동,19,35.8943888,128.6026678
2020,대구광역시 북구 산격동 1440-9,산격동 1440-9,산격동,12,35.8944827,128.6027936
2020,대구광역시 북구 산격동 1441-5,산격동 1441-5,산격동,1,35.8891094,128.6017806
2020,대구광역시 북구 산격동 1442-12,산격동 1442-12,산격동,1,35.8908068,128.6014842
2020,대구광역시 북구 산격동 1442-4,산격동 1442-4,산격동,4,35.8907229,128.6017496
2020,대구광역시 북구 산격동 1442-54,산격동 1442-54,산격동,2,35.891005,128.6020906
2020,대구광역시 북구 산격동 1444-1,산격동 1444-1,산격동,41,35.8902659,128.6010649
2020,대구광역시 북구 산격동 1444-4,산격동 1444-4,산격동,1,35.8914533,128.6026588
2020,대구광역시 북구 산격동 1449-1,산격동 1449-1,산격동,2,35.8929562,128.6020566
2020,대구광역시 북구 산격동 1449-11,산격동 1449-11,산격동,6,35.8934492,128.6027887
2020,대구광역시 북구 산격동 1449-2,산격동 1449-2,산격동,2,35.8942052,128.6025113
2020,대구광역시 북구 산격동 1449-4,산격동 1449-4,산격동,8,35.8915756,128.6022322
2020,대구광역시 북구 산격동 1465-10,산격동 1465-10,산격동,1,35.9027503,128.6097737
2020,대구광역시 북구 산격동 1465-8,산격동 1465-8,산격동,1,35.9033208,128.6097816
2020,대구광역시 북구 산격동 1470-1,산격동 1470-1,산격동,1,35.9009386,128.6155438
2020,대구광역시 북구 산격동 1477-1,산격동 1477-1,산격동,20,35.9096178,128.6038143
2020,대구광역시 북구 산격동 1477-9,산격동 1477-9,산격동,1,35.9080895,128.6040734
2020,대구광역시 북구 산격동 1485,산격동 1485,산격동,227,35.8981657,128.6090514
2020,대구광역시 북구 산격동 1490,산격동 1490,산격동,3,35.8922996,128.6042992
2020,대구광역시 북구 산격동 1490-24,산격동 1490-24,산격동,1,35.8912085,128.604394
2020,대구광역시 북구 산격동 1490-31,산격동 1490-31,산격동,7,35.8924971,128.604241
2020,대구광역시 북구 산격동 1490-8,산격동 1490-8,산격동,1,35.892367,128.6040579
2020,대구광역시 북구 산격동 1497-45,산격동 1497-45,산격동,2,35.8925062,128.6036851
2020,대구광역시 북구 산격동 1498,산격동 1498,산격동,1,35.8924438,128.6032389
2020,대구광역시 북구 산격동 1498-12,산격동 1498-12,산격동,1,35.8906115,128.6050087
2020,대구광역시 북구 산격동 1498-138,산격동 1498-138,산격동,1,35.8920678,128.6029147
2020,대구광역시 북구 산격동 1498-187,산격동 1498-187,산격동,1,35.8910219,128.6038846
2020,대구광역시 북구 산격동 1498-188,산격동 1498-188,산격동,1,35.8909433,128.6039719
2020,대구광역시 북구 산격동 1498-198,산격동 1498-198,산격동,2,35.8906881,128.6048446
2020,대구광역시 북구 산격동 1498-2,산격동 1498-2,산격동,1,35.8921716,128.6029771
2020,대구광역시 북구 산격동 1498-200,산격동 1498-200,산격동,2,35.8908834,128.6050237
2020,대구광역시 북구 산격동 1498-45,산격동 1498-45,산격동,1,35.8905398,128.6045864
2020,대구광역시 북구 산격동 1498-57,산격동 1498-57,산격동,1,35.8919262,128.6029978
2020,대구광역시 북구 산격동 1498-8,산격동 1498-8,산격동,1,35.8909782,128.6037368
2020,대구광역시 북구 산격동 1499,산격동 1499,산격동,17,35.8927872,128.6089143
2020,대구광역시 북구 산격동 1499-1,산격동 1499-1,산격동,188,35.8939345,128.6088607
2020,대구광역시 북구 산격동 1499-10,산격동 1499-10,산격동,1,35.8903616,128.6052124
2020,대구광역시 북구 산격동 1499-2,산격동 1499-2,산격동,68,35.8931874,128.6052191
2020,대구광역시 북구 산격동 1499-3,산격동 1499-3,산격동,91,35.892755,128.604527
2020,대구광역시 북구 산격동 1502-3,산격동 1502-3,산격동,1,35.8895115,128.6033228
2020,대구광역시 북구 산격동 1510-1,산격동 1510-1,산격동,9,35.8966709,128.5951853
2020,대구광역시 북구 산격동 1510-5,산격동 1510-5,산격동,1,35.8967063,128.5941709
2020,대구광역시 북구 산격동 1510-61,산격동 1510-61,산격동,1,35.8918594,128.5954207
2020,대구광역시 북구 산격동 1519-1,산격동 1519-1,산격동,8,35.8926472,128.593302
2020,대구광역시 북구 산격동 1523,산격동 1523,산격동,6,35.8916381,128.5954314
2020,대구광역시 북구 산격동 1528-2,산격동 1528-2,산격동,1,35.8881367,128.6022731
2020,대구광역시 북구 산격동 1543,산격동 1543,산격동,13,35.9017718,128.6159259
2020,대구광역시 북구 산격동 1543-4,산격동 1543-4,산격동,1,35.9023679,128.6160105
2020,대구광역시 북구 산격동 1550,산격동 1550,산격동,5,35.9099011,128.6076049
2020,대구광역시 북구 산격동 1552,산격동 1552,산격동,1,35.9102783,128.6075248
2020,대구광역시 북구 산격동 1553,산격동 1553,산격동,3,35.9105726,128.6077146
2020,대구광역시 북구 산격동 1554,산격동 1554,산격동,2,35.9103793,128.6094422
2020,대구광역시 북구 산격동 1557,산격동 1557,산격동,2,35.9100911,128.6086656
2020,대구광역시 북구 산격동 1558,산격동 1558,산격동,3,35.9103137,128.609176
2020,대구광역시 북구 산격동 1559,산격동 1559,산격동,21,35.9087757,128.6069614
2020,대구광역시 북구 산격동 1570,산격동 1570,산격동,1,35.9106258,128.613019
2020,대구광역시 북구 산격동 1574,산격동 1574,산격동,4,35.9102402,128.614367
2020,대구광역시 북구 산격동 1575,산격동 1575,산격동,1,35.9094244,128.6133265
2020,대구광역시 북구 산격동 1577,산격동 1577,산격동,5,35.9100154,128.6122797
2020,대구광역시 북구 산격동 1578,산격동 1578,산격동,2,35.9092213,128.6122044
2020,대구광역시 북구 산격동 1579-2,산격동 1579-2,산격동,3,35.9085751,128.6114953
2020,대구광역시 북구 산격동 1580,산격동 1580,산격동,1,35.9084943,128.6105546
2020,대구광역시 북구 산격동 1582,산격동 1582,산격동,4,35.9094069,128.6111194
2020,대구광역시 북구 산격동 1604,산격동 1604,산격동,2,35.9097554,128.6092124
2020,대구광역시 북구 산격동 1606,산격동 1606,산격동,1,35.909118,128.609711
2020,대구광역시 북구 산격동 1607,산격동 1607,산격동,4,35.908645,128.6093004
2020,대구광역시 북구 산격동 1609,산격동 1609,산격동,1,35.9086301,128.6071842
2020,대구광역시 북구 산격동 1611,산격동 1611,산격동,1,35.9081135,128.6075158
2020,대구광역시 북구 산격동 1614,산격동 1614,산격동,4,35.9086187,128.6086222
2020,대구광역시 북구 산격동 1615,산격동 1615,산격동,5,35.9081485,128.6083581
2020,대구광역시 북구 산격동 1618,산격동 1618,산격동,2,35.9080829,128.6087827
2020,대구광역시 북구 산격동 1619,산격동 1619,산격동,3,35.9082404,128.6091282
2020,대구광역시 북구 산격동 1620,산격동 1620,산격동,3,35.9075068,128.6088084
2020,대구광역시 북구 산격동 1621,산격동 1621,산격동,4,35.9071136,128.6068521
2020,대구광역시 북구 산격동 1622,산격동 1622,산격동,4,35.9078059,128.6058768
2020,대구광역시 북구 산격동 1623,산격동 1623,산격동,3,35.9078348,128.6057703
2020,대구광역시 북구 산격동 1624,산격동 1624,산격동,2,35.9060284,128.6049452
2020,대구광역시 북구 산격동 1626,산격동 1626,산격동,5,35.9059951,128.605523
2020,대구광역시 북구 산격동 1628,산격동 1628,산격동,45,35.9066285,128.6086569
2020,대구광역시 북구 산격동 1629,산격동 1629,산격동,5,35.9039896,128.6058373
2020,대구광역시 북구 산격동 1632,산격동 1632,산격동,1,35.9031703,128.6074943
2020,대구광역시 북구 산격동 1633,산격동 1633,산격동,6,35.9027224,128.6068377
2020,대구광역시 북구 산격동 1636,산격동 1636,산격동,99,35.9057249,128.6129741
2020,대구광역시 북구 산격동 1639,산격동 1639,산격동,1,35.904021,128.6085868
2020,대구광역시 북구 산격동 1640,산격동 1640,산격동,3,35.9042698,128.6091458
2020,대구광역시 북구 산격동 1641,산격동 1641,산격동,5,35.9044667,128.6091196
2020,대구광역시 북구 산격동 1643,산격동 1643,산격동,1,35.9051201,128.6090463
2020,대구광역시 북구 산격동 1648,산격동 1648,산격동,1,35.9047021,128.609336
2020,대구광역시 북구 산격동 165-1,산격동 165-1,산격동,2,35.9056406,128.6135323
2020,대구광역시 북구 산격동 1650,산격동 1650,산격동,1,35.9048373,128.6084108
2020,대구광역시 북구 산격동 1651,산격동 1651,산격동,1,35.9049177,128.6085896
2020,대구광역시 북구 산격동 1658,산격동 1658,산격동,1,35.9045509,128.6078003
2020,대구광역시 북구 산격동 1661,산격동 1661,산격동,1,35.9041352,128.60808
2020,대구광역시 북구 산격동 1664,산격동 1664,산격동,34,35.9053828,128.6091415
2020,대구광역시 북구 산격동 1665,산격동 1665,산격동,1,35.9053513,128.6075295
2020,대구광역시 북구 산격동 1666,산격동 1666,산격동,9,35.9057025,128.6082889
2020,대구광역시 북구 산격동 1667,산격동 1667,산격동,5,35.9063133,128.6096437
2020,대구광역시 북구 산격동 1668,산격동 1668,산격동,24,35.9052464,128.610383
2020,대구광역시 북구 산격동 1669,산격동 1669,산격동,49,35.9062624,128.6109816
2020,대구광역시 북구 산격동 167,산격동 167,산격동,5,35.9054776,128.6131464
2020,대구광역시 북구 산격동 1670,산격동 1670,산격동,20,35.9061927,128.6117973
2020,대구광역시 북구 산격동 1671,산격동 1671,산격동,7,35.9056451,128.6118402
2020,대구광역시 북구 산격동 1672,산격동 1672,산격동,10,35.9058197,128.6122279
2020,대구광역시 북구 산격동 1673,산격동 1673,산격동,42,35.9066759,128.6119482
2020,대구광역시 북구 산격동 1674,산격동 1674,산격동,11,35.9070038,128.6112874
2020,대구광역시 북구 산격동 1674-2,산격동 1674-2,산격동,1,35.906564,128.6115392
2020,대구광역시 북구 산격동 1676,산격동 1676,산격동,35,35.9071728,128.6129712
2020,대구광역시 북구 산격동 1677,산격동 1677,산격동,10,35.9076782,128.6138734
2020,대구광역시 북구 산격동 1679,산격동 1679,산격동,1,35.9057808,128.6136161
2020,대구광역시 북구 산격동 1681,산격동 1681,산격동,6,35.9055412,128.6138155
2020,대구광역시 북구 산격동 169-1,산격동 169-1,산격동,1,35.9052467,128.613194
2020,대구광역시 북구 산격동 1690,산격동 1690,산격동,4,35.9078384,128.615887
2020,대구광역시 북구 산격동 1691,산격동 1691,산격동,2,35.9081068,128.6156979
2020,대구광역시 북구 산격동 1692,산격동 1692,산격동,2,35.9079272,128.6153946
2020,대구광역시 북구 산격동 1696,산격동 1696,산격동,4,35.9086268,128.6157212
2020,대구광역시 북구 산격동 1701,산격동 1701,산격동,1,35.9086601,128.6152513
2020,대구광역시 북구 산격동 1706,산격동 1706,산격동,1,35.9090119,128.6147725
2020,대구광역시 북구 산격동 1707,산격동 1707,산격동,2,35.9094998,128.6155986
2020,대구광역시 북구 산격동 171-1,산격동 171-1,산격동,15,35.9052961,128.613522
2020,대구광역시 북구 산격동 171-2,산격동 171-2,산격동,3,35.9049352,128.6134189
2020,대구광역시 북구 산격동 1711,산격동 1711,산격동,1,35.9090991,128.6157648
2020,대구광역시 북구 산격동 1718,산격동 1718,산격동,1,35.9081611,128.6165643
2020,대구광역시 북구 산격동 172,산격동 172,산격동,4,35.9046403,128.6134424
2020,대구광역시 북구 산격동 172-1,산격동 172-1,산격동,10,35.9044033,128.6134013
2020,대구광역시 북구 산격동 172-10,산격동 172-10,산격동,2,35.9042651,128.6134275
2020,대구광역시 북구 산격동 172-13,산격동 172-13,산격동,3,35.9048664,128.6135404
2020,대구광역시 북구 산격동 172-14,산격동 172-14,산격동,3,35.9048282,128.6134596
2020,대구광역시 북구 산격동 172-18,산격동 172-18,산격동,2,35.9028025,128.6136042
2020,대구광역시 북구 산격동 172-5,산격동 172-5,산격동,214,35.9031861,128.6135016
2020,대구광역시 북구 산격동 172-8,산격동 172-8,산격동,22,35.9042614,128.6133649
2020,대구광역시 북구 산격동 172-9,산격동 172-9,산격동,2,35.9041712,128.6133508
2020,대구광역시 북구 산격동 1726,산격동 1726,산격동,2,35.9068471,128.6172207
2020,대구광역시 북구 산격동 1727,산격동 1727,산격동,1,35.9066756,128.6173453
2020,대구광역시 북구 산격동 1728,산격동 1728,산격동,23,35.906947,128.6168915
2020,대구광역시 북구 산격동 1729,산격동 1729,산격동,4,35.9072278,128.6158825
2020,대구광역시 북구 산격동 173,산격동 173,산격동,17,35.9045833,128.6132588
2020,대구광역시 북구 산격동 1730,산격동 1730,산격동,2,35.9073806,128.6162229
2020,대구광역시 북구 산격동 1735,산격동 1735,산격동,1,35.9068699,128.6166216
2020,대구광역시 북구 산격동 1736,산격동 1736,산격동,1,35.9067359,128.6163234
2020,대구광역시 북구 산격동 1737,산격동 1737,산격동,2,35.9065818,128.6164655
2020,대구광역시 북구 산격동 1738,산격동 1738,산격동,1,35.9067046,128.616739
2020,대구광역시 북구 산격동 1739,산격동 1739,산격동,4,35.9062072,128.6167902
2020,대구광역시 북구 산격동 1740,산격동 1740,산격동,1,35.9059978,128.6171151
2020,대구광역시 북구 산격동 1743,산격동 1743,산격동,7,35.9060305,128.6163346
2020,대구광역시 북구 산격동 1745,산격동 1745,산격동,2,35.9119857,128.6133231
2020,대구광역시 북구 산격동 1755,산격동 1755,산격동,2,35.9107156,128.6135132
2020,대구광역시 북구 산격동 1756,산격동 1756,산격동,8,35.9112175,128.6150806
2020,대구광역시 북구 산격동 1773,산격동 1773,산격동,34,35.9092464,128.6166879
2020,대구광역시 북구 산격동 1775,산격동 1775,산격동,1,35.9097108,128.6160609
2020,대구광역시 북구 산격동 1778,산격동 1778,산격동,2,35.9094658,128.6162468
2020,대구광역시 북구 산격동 1779,산격동 1779,산격동,2,35.9092102,128.6164228
2020,대구광역시 북구 산격동 1780,산격동 1780,산격동,1,35.9087933,128.6167113
2020,대구광역시 북구 산격동 1782,산격동 1782,산격동,1,35.9086803,128.616431
2020,대구광역시 북구 산격동 179-1,산격동 179-1,산격동,1,35.9048116,128.6120762
2020,대구광역시 북구 산격동 179-4,산격동 179-4,산격동,1,35.9050441,128.6121081
2020,대구광역시 북구 산격동 180,산격동 180,산격동,1,35.9052956,128.6125377
2020,대구광역시 북구 산격동 180-5,산격동 180-5,산격동,1,35.905393,128.6126388
2020,대구광역시 북구 산격동 1803,산격동 1803,산격동,6,35.9071142,128.6174548
2020,대구광역시 북구 산격동 1805,산격동 1805,산격동,1,35.9078915,128.6174646
2020,대구광역시 북구 산격동 1814,산격동 1814,산격동,1,35.9071839,128.6179626
2020,대구광역시 북구 산격동 1815,산격동 1815,산격동,1,35.9069882,128.6180999
2020,대구광역시 북구 산격동 1817,산격동 1817,산격동,7,35.9062928,128.6181121
2020,대구광역시 북구 산격동 1819,산격동 1819,산격동,1,35.9057357,128.6180776
2020,대구광역시 북구 산격동 1820,산격동 1820,산격동,8,35.9059224,128.6176184
2020,대구광역시 북구 산격동 1823-1,산격동 1823-1,산격동,2,35.9055185,128.6175853
2020,대구광역시 북구 산격동 1825,산격동 1825,산격동,1,35.9054931,128.6168659
2020,대구광역시 북구 산격동 1828,산격동 1828,산격동,1,35.904928,128.6168814
2020,대구광역시 북구 산격동 1831,산격동 1831,산격동,1,35.9049609,128.617111
2020,대구광역시 북구 산격동 1836,산격동 1836,산격동,1,35.9050429,128.6167783
2020,대구광역시 북구 산격동 1838,산격동 1838,산격동,6,35.9017681,128.6079869
2020,대구광역시 북구 산격동 277-1,산격동 277-1,산격동,1,35.9044035,128.6111301
2020,대구광역시 북구 산격동 277-7,산격동 277-7,산격동,1,35.9048314,128.6116275
2020,대구광역시 북구 산격동 29,산격동 29,산격동,1,35.911834,128.6111835
2020,대구광역시 북구 산격동 29-3,산격동 29-3,산격동,2,35.9113877,128.611502
2020,대구광역시 북구 산격동 316-25,산격동 316-25,산격동,1,35.9099082,128.6052015
2020,대구광역시 북구 산격동 316-3,산격동 316-3,산격동,1,35.9095977,128.6052357
2020,대구광역시 북구 산격동 316-42,산격동 316-42,산격동,7,35.9084825,128.6042016
2020,대구광역시 북구 산격동 338-2,산격동 338-2,산격동,2,35.9075285,128.6054629
2020,대구광역시 북구 산격동 338-25,산격동 338-25,산격동,1,35.9069497,128.6049599
2020,대구광역시 북구 산격동 338-26,산격동 338-26,산격동,1,35.9073284,128.6052248
2020,대구광역시 북구 산격동 338-4,산격동 338-4,산격동,1,35.9068423,128.6050406
2020,대구광역시 북구 산격동 349-10,산격동 349-10,산격동,2,35.9059217,128.603782
2020,대구광역시 북구 산격동 420,산격동 420,산격동,7,35.9035103,128.6094264
2020,대구광역시 북구 산격동 424-1,산격동 424-1,산격동,8,35.9032256,128.6100504
2020,대구광역시 북구 산격동 424-11,산격동 424-11,산격동,1,35.9026249,128.6101513
2020,대구광역시 북구 산격동 432-6,산격동 432-6,산격동,1,35.9023949,128.610436
2020,대구광역시 북구 산격동 432-7,산격동 432-7,산격동,2,35.9023287,128.6105311
2020,대구광역시 북구 산격동 432-8,산격동 432-8,산격동,2,35.9022646,128.6106271
2020,대구광역시 북구 산격동 432-9,산격동 432-9,산격동,1,35.902208,128.610563
2020,대구광역시 북구 산격동 433-10,산격동 433-10,산격동,1,35.9019575,128.6110864
2020,대구광역시 북구 산격동 433-9,산격동 433-9,산격동,2,35.9020201,128.6109879
2020,대구광역시 북구 산격동 434-12,산격동 434-12,산격동,3,35.9025282,128.6102328
2020,대구광역시 북구 산격동 434-13,산격동 434-13,산격동,1,35.902592,128.6100975
2020,대구광역시 북구 산격동 434-3,산격동 434-3,산격동,2,35.9021612,128.6108019
2020,대구광역시 북구 산격동 435-2,산격동 435-2,산격동,2,35.9031992,128.6111655
2020,대구광역시 북구 산격동 450,산격동 450,산격동,2,35.9038958,128.6122666
2020,대구광역시 북구 산격동 462-20,산격동 462-20,산격동,129,35.9030937,128.6132446
2020,대구광역시 북구 산격동 462-21,산격동 462-21,산격동,3,35.9029898,128.6131357
2020,대구광역시 북구 산격동 462-6,산격동 462-6,산격동,1,35.9035789,128.6131895
2020,대구광역시 북구 산격동 469,산격동 469,산격동,1,35.902996,128.6122759
2020,대구광역시 북구 산격동 469-11,산격동 469-11,산격동,1,35.9022184,128.6121832
2020,대구광역시 북구 산격동 469-12,산격동 469-12,산격동,1,35.9026042,128.6120406
2020,대구광역시 북구 산격동 469-5,산격동 469-5,산격동,1,35.9028043,128.6128132
2020,대구광역시 북구 산격동 476,산격동 476,산격동,8,35.9032108,128.6130531
2020,대구광역시 북구 산격동 478-1,산격동 478-1,산격동,2,35.9022314,128.6138794
2020,대구광역시 북구 산격동 478-18,산격동 478-18,산격동,1,35.9023782,128.6137583
2020,대구광역시 북구 산격동 478-32,산격동 478-32,산격동,1,35.9026524,128.6132474
2020,대구광역시 북구 산격동 478-39,산격동 478-39,산격동,1,35.9026001,128.6135167
2020,대구광역시 북구 산격동 478-44,산격동 478-44,산격동,1,35.9025772,128.613718
2020,대구광역시 북구 산격동 478-64,산격동 478-64,산격동,1,35.9023382,128.6135318
2020,대구광역시 북구 산격동 478-70,산격동 478-70,산격동,2,35.9029615,128.6131297
2020,대구광역시 북구 산격동 478-72,산격동 478-72,산격동,6,35.9017173,128.6142814
2020,대구광역시 북구 산격동 481-1,산격동 481-1,산격동,1,35.9020874,128.6127701
2020,대구광역시 북구 산격동 481-10,산격동 481-10,산격동,1,35.9014363,128.6126802
2020,대구광역시 북구 산격동 481-14,산격동 481-14,산격동,1,35.9012131,128.6128022
2020,대구광역시 북구 산격동 481-18,산격동 481-18,산격동,2,35.9011865,128.6138698
2020,대구광역시 북구 산격동 481-26,산격동 481-26,산격동,2,35.9016261,128.6132793
2020,대구광역시 북구 산격동 481-29,산격동 481-29,산격동,2,35.9015159,128.6132482
2020,대구광역시 북구 산격동 481-42,산격동 481-42,산격동,2,35.9015034,128.6131335
2020,대구광역시 북구 산격동 481-6,산격동 481-6,산격동,1,35.9013643,128.6136785
2020,대구광역시 북구 산격동 484-6,산격동 484-6,산격동,2,35.9011598,128.6144244
2020,대구광역시 북구 산격동 485-1,산격동 485-1,산격동,2,35.90114,128.6148446
2020,대구광역시 북구 산격동 485-11,산격동 485-11,산격동,1,35.9014318,128.614223
2020,대구광역시 북구 산격동 485-14,산격동 485-14,산격동,1,35.9013416,128.6140713
2020,대구광역시 북구 산격동 485-19,산격동 485-19,산격동,5,35.9016071,128.6144819
2020,대구광역시 북구 산격동 485-2,산격동 485-2,산격동,2,35.901462,128.6145564
2020,대구광역시 북구 산격동 485-27,산격동 485-27,산격동,5,35.9014623,128.6146754
2020,대구광역시 북구 산격동 485-3,산격동 485-3,산격동,2,35.9013924,128.6144653
2020,대구광역시 북구 산격동 485-4,산격동 485-4,산격동,3,35.9013854,128.6146371
2020,대구광역시 북구 산격동 485-5,산격동 485-5,산격동,2,35.901319,128.614571
2020,대구광역시 북구 산격동 485-6,산격동 485-6,산격동,2,35.9012955,128.6147305
2020,대구광역시 북구 산격동 485-7,산격동 485-7,산격동,1,35.9012304,128.614671
2020,대구광역시 북구 산격동 485-8,산격동 485-8,산격동,1,35.9012063,128.6145244
2020,대구광역시 북구 산격동 487-31,산격동 487-31,산격동,2,35.9012661,128.6157406
2020,대구광역시 북구 산격동 488-15,산격동 488-15,산격동,1,35.900843,128.6146208
2020,대구광역시 북구 산격동 488-20,산격동 488-20,산격동,1,35.9005456,128.6147408
2020,대구광역시 북구 산격동 489-17,산격동 489-17,산격동,2,35.9007558,128.6152315
2020,대구광역시 북구 산격동 489-19,산격동 489-19,산격동,1,35.9004974,128.6152223
2020,대구광역시 북구 산격동 489-20,산격동 489-20,산격동,1,35.9004517,128.6150578
2020,대구광역시 북구 산격동 489-21,산격동 489-21,산격동,1,35.9002332,128.6151788
2020,대구광역시 북구 산격동 489-78,산격동 489-78,산격동,2,35.9000719,128.6151493
2020,대구광역시 북구 산격동 492-10,산격동 492-10,산격동,1,35.8986809,128.6148699
2020,대구광역시 북구 산격동 492-47,산격동 492-47,산격동,2,35.8980569,128.6147495
2020,대구광역시 북구 산격동 492-49,산격동 492-49,산격동,2,35.8982905,128.6147637
2020,대구광역시 북구 산격동 493,산격동 493,산격동,4,35.9003121,128.6131565
2020,대구광역시 북구 산격동 493-2,산격동 493-2,산격동,1,35.8997638,128.6136426
2020,대구광역시 북구 산격동 495-19,산격동 495-19,산격동,1,35.8989364,128.6130951
2020,대구광역시 북구 산격동 495-25,산격동 495-25,산격동,1,35.8987212,128.6135127
2020,대구광역시 북구 산격동 495-74,산격동 495-74,산격동,1,35.8990722,128.6134532
2020,대구광역시 북구 산격동 495-75,산격동 495-75,산격동,1,35.8989881,128.6134024
2020,대구광역시 북구 산격동 495-81,산격동 495-81,산격동,1,35.8989834,128.6132338
2020,대구광역시 북구 산격동 495-86,산격동 495-86,산격동,3,35.8990483,128.6131838
2020,대구광역시 북구 산격동 495-88,산격동 495-88,산격동,1,35.8987163,128.6129578
2020,대구광역시 북구 산격동 500-1,산격동 500-1,산격동,77,35.9007239,128.6109805
2020,대구광역시 북구 산격동 500-117,산격동 500-117,산격동,3,35.9030479,128.6095817
2020,대구광역시 북구 산격동 500-121,산격동 500-121,산격동,31,35.9010985,128.6124763
2020,대구광역시 북구 산격동 500-128,산격동 500-128,산격동,3,35.8989171,128.6130411
2020,대구광역시 북구 산격동 500-130,산격동 500-130,산격동,2,35.9019772,128.6092759
2020,대구광역시 북구 산격동 500-136,산격동 500-136,산격동,14,35.9025125,128.6089105
2020,대구광역시 북구 산격동 500-141,산격동 500-141,산격동,1,35.9019233,128.6110258
2020,대구광역시 북구 산격동 500-144,산격동 500-144,산격동,1,35.8998241,128.6124935
2020,대구광역시 북구 산격동 500-162,산격동 500-162,산격동,3,35.8991201,128.6129766
2020,대구광역시 북구 산격동 500-163,산격동 500-163,산격동,17,35.9010601,128.6124493
2020,대구광역시 북구 산격동 500-167,산격동 500-167,산격동,10,35.9008415,128.6124874
2020,대구광역시 북구 산격동 500-48,산격동 500-48,산격동,10,35.8988861,128.6121631
2020,대구광역시 북구 산격동 502-10,산격동 502-10,산격동,1,35.9017132,128.6125365
2020,대구광역시 북구 산격동 502-5,산격동 502-5,산격동,58,35.9014476,128.6122631
2020,대구광역시 북구 산격동 503-1,산격동 503-1,산격동,12,35.9021042,128.6113928
2020,대구광역시 북구 산격동 503-17,산격동 503-17,산격동,2,35.901682,128.6118685
2020,대구광역시 북구 산격동 503-18,산격동 503-18,산격동,1,35.9017885,128.6112003
2020,대구광역시 북구 산격동 505-6,산격동 505-6,산격동,1,35.9013027,128.6077909
2020,대구광역시 북구 산격동 505-7,산격동 505-7,산격동,4,35.902169,128.6067756
2020,대구광역시 북구 산격동 506-1,산격동 506-1,산격동,8,35.9020302,128.6061562
2020,대구광역시 북구 산격동 506-2,산격동 506-2,산격동,1,35.9023394,128.6060503
2020,대구광역시 북구 산격동 507,산격동 507,산격동,4,35.9024159,128.6064698
2020,대구광역시 북구 산격동 507-1,산격동 507-1,산격동,4,35.9023455,128.6066424
2020,대구광역시 북구 산격동 517,산격동 517,산격동,2,35.9015911,128.6040489
2020,대구광역시 북구 산격동 526-5,산격동 526-5,산격동,1,35.9008106,128.6054995
2020,대구광역시 북구 산격동 527,산격동 527,산격동,7,35.9008472,128.6049584
2020,대구광역시 북구 산격동 538-1,산격동 538-1,산격동,14,35.8997772,128.602511
2020,대구광역시 북구 산격동 539-32,산격동 539-32,산격동,1,35.8978013,128.6147384
2020,대구광역시 북구 산격동 539-39,산격동 539-39,산격동,3,35.8979308,128.6144797
2020,대구광역시 북구 산격동 56-3,산격동 56-3,산격동,4,35.9105662,128.6095075
2020,대구광역시 북구 산격동 579-4,산격동 579-4,산격동,1,35.9033691,128.6031228
2020,대구광역시 북구 산격동 59-7,산격동 59-7,산격동,1,35.9107717,128.6095086
2020,대구광역시 북구 산격동 605-9,산격동 605-9,산격동,1,35.9051555,128.6027841
2020,대구광역시 북구 산격동 610,산격동 610,산격동,1,35.9061876,128.6025764
2020,대구광역시 북구 산격동 610-1,산격동 610-1,산격동,14,35.9067124,128.6023343
2020,대구광역시 북구 산격동 628-20,산격동 628-20,산격동,1,35.9038403,128.6008816
2020,대구광역시 북구 산격동 660-13,산격동 660-13,산격동,1,35.9019796,128.5986737
2020,대구광역시 북구 산격동 661,산격동 661,산격동,1,35.9022892,128.5975779
2020,대구광역시 북구 산격동 662-3,산격동 662-3,산격동,1,35.902289,128.5979463
2020,대구광역시 북구 산격동 673,산격동 673,산격동,2,35.9053044,128.6015247
2020,대구광역시 북구 산격동 673-10,산격동 673-10,산격동,1,35.9050925,128.6012387
2020,대구광역시 북구 산격동 673-9,산격동 673-9,산격동,2,35.9051858,128.6013549
2020,대구광역시 북구 산격동 676-2,산격동 676-2,산격동,1,35.9057969,128.6011447
2020,대구광역시 북구 산격동 677-3,산격동 677-3,산격동,1,35.9056131,128.6008654
2020,대구광역시 북구 산격동 704-4,산격동 704-4,산격동,3,35.9040952,128.5968457
2020,대구광역시 북구 산격동 705-6,산격동 705-6,산격동,1,35.903178,128.5962493
2020,대구광역시 북구 산격동 712-1,산격동 712-1,산격동,1,35.9038036,128.5962564
2020,대구광역시 북구 산격동 724-12,산격동 724-12,산격동,2,35.9004024,128.5951592
2020,대구광역시 북구 산격동 727-1,산격동 727-1,산격동,1,35.9022209,128.59512
2020,대구광역시 북구 산격동 741-1,산격동 741-1,산격동,1,35.9022728,128.5967409
2020,대구광역시 북구 산격동 741-35,산격동 741-35,산격동,4,35.9020508,128.5967737
2020,대구광역시 북구 산격동 741-37,산격동 741-37,산격동,1,35.9021039,128.5970755
2020,대구광역시 북구 산격동 745-38,산격동 745-38,산격동,1,35.9007066,128.5972695
2020,대구광역시 북구 산격동 755-13,산격동 755-13,산격동,6,35.9020798,128.5964368
2020,대구광역시 북구 산격동 755-14,산격동 755-14,산격동,13,35.9014561,128.5963545
2020,대구광역시 북구 산격동 755-8,산격동 755-8,산격동,2,35.9022885,128.5965203
2020,대구광역시 북구 산격동 758-13,산격동 758-13,산격동,1,35.9016445,128.5941888
2020,대구광역시 북구 산격동 758-3,산격동 758-3,산격동,3,35.9013933,128.5947578
2020,대구광역시 북구 산격동 785-5,산격동 785-5,산격동,3,35.8976779,128.5941129
2020,대구광역시 북구 산격동 785-6,산격동 785-6,산격동,1,35.8978006,128.5941727
2020,대구광역시 북구 산격동 786-14,산격동 786-14,산격동,1,35.8979905,128.5939187
2020,대구광역시 북구 산격동 786-2,산격동 786-2,산격동,4,35.897973,128.5940402
2020,대구광역시 북구 산격동 788,산격동 788,산격동,2,35.8981254,128.5933614
2020,대구광역시 북구 산격동 788-14,산격동 788-14,산격동,1,35.8961848,128.5927306
2020,대구광역시 북구 산격동 788-29,산격동 788-29,산격동,1,35.8979214,128.5934762
2020,대구광역시 북구 산격동 788-37,산격동 788-37,산격동,2,35.8977938,128.5934234
2020,대구광역시 북구 산격동 789-4,산격동 789-4,산격동,69,35.8968668,128.5936192
2020,대구광역시 북구 산격동 790-10,산격동 790-10,산격동,2,35.897711,128.5937469
2020,대구광역시 북구 산격동 790-11,산격동 790-11,산격동,1,35.8977949,128.5937655
2020,대구광역시 북구 산격동 790-12,산격동 790-12,산격동,3,35.8978288,128.5936142
2020,대구광역시 북구 산격동 790-3,산격동 790-3,산격동,2,35.8971955,128.5943259
2020,대구광역시 북구 산격동 790-5,산격동 790-5,산격동,1,35.8978954,128.5937892
2020,대구광역시 북구 산격동 790-8,산격동 790-8,산격동,4,35.8977735,128.5938943
2020,대구광역시 북구 산격동 791-5,산격동 791-5,산격동,1,35.897621,128.5942995
2020,대구광역시 북구 산격동 793-10,산격동 793-10,산격동,1,35.8957681,128.5929758
2020,대구광역시 북구 산격동 793-104,산격동 793-104,산격동,1,35.8955829,128.5929494
2020,대구광역시 북구 산격동 793-105,산격동 793-105,산격동,5,35.8958119,128.5928204
2020,대구광역시 북구 산격동 793-49,산격동 793-49,산격동,14,35.8957339,128.5935131
2020,대구광역시 북구 산격동 793-53,산격동 793-53,산격동,1,35.8942599,128.594316
2020,대구광역시 북구 산격동 793-6,산격동 793-6,산격동,1,35.8959158,128.5930025
2020,대구광역시 북구 산격동 793-7,산격동 793-7,산격동,1,35.8955154,128.5930626
2020,대구광역시 북구 산격동 793-84,산격동 793-84,산격동,1,35.8949617,128.5937019
2020,대구광역시 북구 산격동 793-9,산격동 793-9,산격동,2,35.8954777,128.5939676
2020,대구광역시 북구 산격동 793-98,산격동 793-98,산격동,1,35.8948069,128.5942646
2020,대구광역시 북구 산격동 794-12,산격동 794-12,산격동,2,35.8954619,128.5945076
2020,대구광역시 북구 산격동 794-13,산격동 794-13,산격동,1,35.8954477,128.5943623
2020,대구광역시 북구 산격동 794-5,산격동 794-5,산격동,2,35.8951973,128.594319
2020,대구광역시 북구 산격동 794-6,산격동 794-6,산격동,3,35.8956234,128.5946793
2020,대구광역시 북구 산격동 796-24,산격동 796-24,산격동,1,35.8964445,128.5943047
2020,대구광역시 북구 산격동 796-30,산격동 796-30,산격동,1,35.8964719,128.5947284
2020,대구광역시 북구 산격동 799,산격동 799,산격동,3,35.8971328,128.5947933
2020,대구광역시 북구 산격동 800-2,산격동 800-2,산격동,1,35.8973242,128.5945182
2020,대구광역시 북구 산격동 800-5,산격동 800-5,산격동,1,35.8962316,128.5940178
2020,대구광역시 북구 산격동 801-1,산격동 801-1,산격동,1,35.8975509,128.5952606
2020,대구광역시 북구 산격동 801-10,산격동 801-10,산격동,1,35.8972226,128.5946334
2020,대구광역시 북구 산격동 801-17,산격동 801-17,산격동,1,35.8971511,128.5951048
2020,대구광역시 북구 산격동 801-4,산격동 801-4,산격동,1,35.8974461,128.5952414
2020,대구광역시 북구 산격동 801-5,산격동 801-5,산격동,4,35.8974625,128.5951155
2020,대구광역시 북구 산격동 802,산격동 802,산격동,4,35.8977041,128.5950836
2020,대구광역시 북구 산격동 802-1,산격동 802-1,산격동,1,35.8975817,128.5954429
2020,대구광역시 북구 산격동 808-3,산격동 808-3,산격동,1,35.8982369,128.5954767
2020,대구광역시 북구 산격동 810-1,산격동 810-1,산격동,2,35.898928,128.5955953
2020,대구광역시 북구 산격동 813,산격동 813,산격동,1,35.898878,128.5960466
2020,대구광역시 북구 산격동 837-19,산격동 837-19,산격동,1,35.8946696,128.5945588
2020,대구광역시 북구 산격동 840-1,산격동 840-1,산격동,1,35.8946221,128.5947182
2020,대구광역시 북구 산격동 843-8,산격동 843-8,산격동,1,35.8941463,128.5948116
2020,대구광역시 북구 산격동 848-63,산격동 848-63,산격동,1,35.8921676,128.5949629
2020,대구광역시 북구 산격동 959,산격동 959,산격동,2,35.8920413,128.5954029
2020,대구광역시 북구 산격동 978,산격동 978,산격동,2,35.8916126,128.5958967
2020,대구광역시 북구 산격동 산 10-2,산격동 산 10-2,산격동,1,35.9040878,128.6134294
2020,대구광역시 북구 산격동 산 10-4,산격동 산 10-4,산격동,2,35.9042575,128.6134556
2020,대구광역시 북구 산격동 산 120-8,산격동 산 120-8,산격동,5,35.8943248,128.6028141
2020,대구광역시 북구 산격동 산 16-12,산격동 산 16-12,산격동,1,35.9001569,128.6036536
2020,대구광역시 북구 산격동 산 16-13,산격동 산 16-13,산격동,4,35.9007992,128.6041987
2020,대구광역시 북구 산격동 산 16-8,산격동 산 16-8,산격동,13,35.9004519,128.6035108
2020,대구광역시 북구 산격동 산 17-11,산격동 산 17-11,산격동,1,35.8993885,128.602222
2020,대구광역시 북구 산격동 산 17-16,산격동 산 17-16,산격동,1,35.8995267,128.6019634
2020,대구광역시 북구 산격동 산 17-7,산격동 산 17-7,산격동,4,35.8993443,128.602826
2020,대구광역시 북구 산격동 산 18-2,산격동 산 18-2,산격동,8,35.9004938,128.6050502
2020,대구광역시 북구 산격동 산 18-3,산격동 산 18-3,산격동,23,35.900238,128.6042479
2020,대구광역시 북구 산격동 산 6-1,산격동 산 6-1,산격동,1,35.9035299,128.6155113
2020,대구광역시 북구 산격동 산 63-7,산격동 산 63-7,산격동,9,35.8993966,128.603538
2020,대구광역시 북구 산격동 산 7-10,산격동 산 7-10,산격동,6,35.9014093,128.6153985
2020,대구광역시 북구 산격동 산 70-1,산격동 산 70-1,산격동,1,35.8988456,128.6025571
2020,대구광역시 북구 산격동 산 71-1,산격동 산 71-1,산격동,1,35.8983287,128.6023322
2020,대구광역시 북구 산격동 산 71-11,산격동 산 71-11,산격동,1,35.8989094,128.6017106
2020,대구광역시 북구 산격동 산 71-12,산격동 산 71-12,산격동,2,35.8982624,128.6014203
2020,대구광역시 북구 산격동 산 71-14,산격동 산 71-14,산격동,10,35.8982669,128.601257
2020,대구광역시 북구 산격동 산 71-6,산격동 산 71-6,산격동,1,35.8989302,128.6014933
2020,대구광역시 북구 산격동 산 71-9,산격동 산 71-9,산격동,6,35.8985956,128.6014091
2020,대구광역시 북구 산격동 산 74-16,산격동 산 74-16,산격동,5,35.8982297,128.6010505
2020,대구광역시 북구 산격동 산 74-2,산격동 산 74-2,산격동,8,35.8978295,128.6011993
2020,대구광역시 북구 산격동 산 76-3,산격동 산 76-3,산격동,1,35.8967399,128.6001675
2020,대구광역시 북구 산격동 산 80-1,산격동 산 80-1,산격동,1,35.8991146,128.6020065
2020,대구광역시 북구 산격동 산 80-13,산격동 산 80-13,산격동,8,35.8992134,128.6018571
2020,대구광역시 북구 산격동 산 9-2,산격동 산 9-2,산격동,1,35.9033667,128.6145107
2020,대구광역시 북구 산격동 산18,산격동 산18,산격동,1,35.9004938,128.6050502
2020,대구광역시 북구 서변동 1000-4,서변동 1000-4,서변동,1,35.92223,128.5955654
2020,대구광역시 북구 서변동 1059-5,서변동 1059-5,서변동,1,35.9230151,128.5946209
2020,대구광역시 북구 서변동 1080,서변동 1080,서변동,1,35.9227926,128.594048
2020,대구광역시 북구 서변동 1143-2,서변동 1143-2,서변동,1,35.9219576,128.594451
2020,대구광역시 북구 서변동 1148,서변동 1148,서변동,5,35.9220606,128.5949179
2020,대구광역시 북구 서변동 1148-1,서변동 1148-1,서변동,30,35.9220928,128.5950612
2020,대구광역시 북구 서변동 1185,서변동 1185,서변동,2,35.9195716,128.5943669
2020,대구광역시 북구 서변동 124,서변동 124,서변동,1,35.9310344,128.5988294
2020,대구광역시 북구 서변동 1256,서변동 1256,서변동,1,35.9149862,128.598451
2020,대구광역시 북구 서변동 1268-3,서변동 1268-3,서변동,2,35.9156566,128.597061
2020,대구광역시 북구 서변동 1268-5,서변동 1268-5,서변동,2,35.9158052,128.5972271
2020,대구광역시 북구 서변동 1282-2,서변동 1282-2,서변동,2,35.9143213,128.5998544
2020,대구광역시 북구 서변동 1282-3,서변동 1282-3,서변동,1,35.9139345,128.6001948
2020,대구광역시 북구 서변동 1282-6,서변동 1282-6,서변동,3,35.9137881,128.6000068
2020,대구광역시 북구 서변동 1290-4,서변동 1290-4,서변동,8,35.9100472,128.59502
2020,대구광역시 북구 서변동 1573-1,서변동 1573-1,서변동,1,35.9078788,128.5932242
2020,대구광역시 북구 서변동 1630-1,서변동 1630-1,서변동,7,35.9174815,128.5999524
2020,대구광역시 북구 서변동 1630-300,서변동 1630-300,서변동,1,35.9313511,128.6026453
2020,대구광역시 북구 서변동 1652-77,서변동 1652-77,서변동,2,35.927079,128.5952224
2020,대구광역시 북구 서변동 1668-1,서변동 1668-1,서변동,4,35.9252201,128.5942033
2020,대구광역시 북구 서변동 1668-28,서변동 1668-28,서변동,1,35.9270727,128.5950862
2020,대구광역시 북구 서변동 1674-11,서변동 1674-11,서변동,1,35.9235466,128.5960403
2020,대구광역시 북구 서변동 1674-9,서변동 1674-9,서변동,1,35.923372,128.5959503
2020,대구광역시 북구 서변동 1679-1,서변동 1679-1,서변동,21,35.9223253,128.5949785
2020,대구광역시 북구 서변동 1680-14,서변동 1680-14,서변동,1,35.9220156,128.594795
2020,대구광역시 북구 서변동 1720,서변동 1720,서변동,5,35.9285616,128.5984733
2020,대구광역시 북구 서변동 1721,서변동 1721,서변동,44,35.9254567,128.5948493
2020,대구광역시 북구 서변동 1723,서변동 1723,서변동,1,35.928014,128.598542
2020,대구광역시 북구 서변동 1724,서변동 1724,서변동,15,35.9284255,128.5966837
2020,대구광역시 북구 서변동 1724-1,서변동 1724-1,서변동,2,35.9280861,128.5978364
2020,대구광역시 북구 서변동 1725,서변동 1725,서변동,9,35.9277225,128.5961379
2020,대구광역시 북구 서변동 1726,서변동 1726,서변동,306,35.9218766,128.5966313
2020,대구광역시 북구 서변동 1727,서변동 1727,서변동,1,35.9273591,128.5964939
2020,대구광역시 북구 서변동 1727-11,서변동 1727-11,서변동,2,35.9271461,128.5966807
2020,대구광역시 북구 서변동 1727-12,서변동 1727-12,서변동,2,35.9272491,128.596685
2020,대구광역시 북구 서변동 1727-13,서변동 1727-13,서변동,2,35.9273554,128.5966869
2020,대구광역시 북구 서변동 1728-1,서변동 1728-1,서변동,2,35.9273392,128.595933
2020,대구광역시 북구 서변동 1728-2,서변동 1728-2,서변동,2,35.9273366,128.5960769
2020,대구광역시 북구 서변동 1728-3,서변동 1728-3,서변동,1,35.9273322,128.5962231
2020,대구광역시 북구 서변동 1728-8,서변동 1728-8,서변동,2,35.9271879,128.5956906
2020,대구광역시 북구 서변동 1729-4,서변동 1729-4,서변동,1,35.9269427,128.596068
2020,대구광역시 북구 서변동 1729-7,서변동 1729-7,서변동,1,35.9267798,128.5960577
2020,대구광역시 북구 서변동 1730,서변동 1730,서변동,3,35.92616,128.5956438
2020,대구광역시 북구 서변동 1731,서변동 1731,서변동,9,35.926677,128.5961149
2020,대구광역시 북구 서변동 1735,서변동 1735,서변동,2,35.9248348,128.5954715
2020,대구광역시 북구 서변동 1736-7,서변동 1736-7,서변동,3,35.9245295,128.5960487
2020,대구광역시 북구 서변동 1736-8,서변동 1736-8,서변동,1,35.924634,128.5960591
2020,대구광역시 북구 서변동 1737,서변동 1737,서변동,23,35.9250407,128.5957435
2020,대구광역시 북구 서변동 1738-10,서변동 1738-10,서변동,1,35.9245506,128.5965429
2020,대구광역시 북구 서변동 1738-11,서변동 1738-11,서변동,3,35.9246556,128.5965523
2020,대구광역시 북구 서변동 1738-13,서변동 1738-13,서변동,2,35.9248677,128.5965632
2020,대구광역시 북구 서변동 1738-8,서변동 1738-8,서변동,11,35.9246615,128.5963516
2020,대구광역시 북구 서변동 1738-9,서변동 1738-9,서변동,17,35.9245545,128.5963484
2020,대구광역시 북구 서변동 1739-13,서변동 1739-13,서변동,1,35.9240209,128.5965548
2020,대구광역시 북구 서변동 1739-4,서변동 1739-4,서변동,1,35.923765,128.5963286
2020,대구광역시 북구 서변동 1739-6,서변동 1739-6,서변동,5,35.9235515,128.5963186
2020,대구광역시 북구 서변동 1741-4,서변동 1741-4,서변동,1,35.92268,128.5964824
2020,대구광역시 북구 서변동 1742-11,서변동 1742-11,서변동,1,35.9221859,128.5962948
2020,대구광역시 북구 서변동 1742-12,서변동 1742-12,서변동,1,35.9221844,128.5964496
2020,대구광역시 북구 서변동 1742-8,서변동 1742-8,서변동,3,35.9221943,128.5958542
2020,대구광역시 북구 서변동 1743,서변동 1743,서변동,9,35.9227717,128.5959395
2020,대구광역시 북구 서변동 1744,서변동 1744,서변동,130,35.9196723,128.5945799
2020,대구광역시 북구 서변동 1745,서변동 1745,서변동,8,35.921896,128.5963201
2020,대구광역시 북구 서변동 1746-5,서변동 1746-5,서변동,1,35.9212233,128.5963856
2020,대구광역시 북구 서변동 1746-6,서변동 1746-6,서변동,1,35.9213358,128.5963964
2020,대구광역시 북구 서변동 1747,서변동 1747,서변동,30,35.9215437,128.5953439
2020,대구광역시 북구 서변동 1748,서변동 1748,서변동,12,35.9215689,128.5960609
2020,대구광역시 북구 서변동 1749,서변동 1749,서변동,16,35.9205763,128.5949687
2020,대구광역시 북구 서변동 1750-8,서변동 1750-8,서변동,1,35.920118,128.595709
2020,대구광역시 북구 서변동 1751-10,서변동 1751-10,서변동,1,35.9202275,128.5963817
2020,대구광역시 북구 서변동 1751-13,서변동 1751-13,서변동,1,35.9205563,128.5963841
2020,대구광역시 북구 서변동 1751-7,서변동 1751-7,서변동,4,35.9202285,128.5961845
2020,대구광역시 북구 서변동 1751-9,서변동 1751-9,서변동,2,35.9201172,128.5963783
2020,대구광역시 북구 서변동 1752,서변동 1752,서변동,9,35.9204485,128.5960416
2020,대구광역시 북구 서변동 1753-14,서변동 1753-14,서변동,2,35.9196933,128.5947436
2020,대구광역시 북구 서변동 1754-14,서변동 1754-14,서변동,1,35.919813,128.5954183
2020,대구광역시 북구 서변동 1754-8,서변동 1754-8,서변동,1,35.9191594,128.595418
2020,대구광역시 북구 서변동 1754-9,서변동 1754-9,서변동,1,35.9192728,128.5954196
2020,대구광역시 북구 서변동 1755,서변동 1755,서변동,1,35.9199252,128.5957096
2020,대구광역시 북구 서변동 1755-8,서변동 1755-8,서변동,2,35.9191593,128.5958954
2020,대구광역시 북구 서변동 1756-10,서변동 1756-10,서변동,1,35.9193778,128.5963735
2020,대구광역시 북구 서변동 1756-15,서변동 1756-15,서변동,1,35.9199292,128.5963761
2020,대구광역시 북구 서변동 1756-5,서변동 1756-5,서변동,1,35.9193778,128.5961784
2020,대구광역시 북구 서변동 1756-8,서변동 1756-8,서변동,3,35.9191571,128.5963689
2020,대구광역시 북구 서변동 1756-9,서변동 1756-9,서변동,1,35.9192674,128.5963727
2020,대구광역시 북구 서변동 1757,서변동 1757,서변동,6,35.9193228,128.5955766
2020,대구광역시 북구 서변동 1759-11,서변동 1759-11,서변동,1,35.9189307,128.5963688
2020,대구광역시 북구 서변동 1759-5,서변동 1759-5,서변동,3,35.9183979,128.5961824
2020,대구광역시 북구 서변동 1759-6,서변동 1759-6,서변동,3,35.918398,128.5963751
2020,대구광역시 북구 서변동 1759-7,서변동 1759-7,서변동,1,35.9185065,128.5963767
2020,대구광역시 북구 서변동 1759-8,서변동 1759-8,서변동,1,35.918612,128.5963757
2020,대구광역시 북구 서변동 1760,서변동 1760,서변동,1,35.9185617,128.5950883
2020,대구광역시 북구 서변동 1761,서변동 1761,서변동,11,35.9186068,128.5960283
2020,대구광역시 북구 서변동 1762-7,서변동 1762-7,서변동,3,35.9181929,128.5963995
2020,대구광역시 북구 서변동 1763,서변동 1763,서변동,1,35.917777,128.5961022
2020,대구광역시 북구 서변동 1766,서변동 1766,서변동,14,35.9265113,128.5977294
2020,대구광역시 북구 서변동 1767,서변동 1767,서변동,1,35.9265228,128.598596
2020,대구광역시 북구 서변동 1768,서변동 1768,서변동,1,35.9257025,128.5978798
2020,대구광역시 북구 서변동 1769,서변동 1769,서변동,18,35.9250714,128.597799
2020,대구광역시 북구 서변동 1770,서변동 1770,서변동,6,35.9250919,128.5988049
2020,대구광역시 북구 서변동 1771,서변동 1771,서변동,87,35.9217709,128.598433
2020,대구광역시 북구 서변동 1772,서변동 1772,서변동,6,35.9236538,128.5976389
2020,대구광역시 북구 서변동 1775,서변동 1775,서변동,4,35.922087,128.5975459
2020,대구광역시 북구 서변동 1776,서변동 1776,서변동,2,35.9213158,128.5967932
2020,대구광역시 북구 서변동 1777,서변동 1777,서변동,1,35.9213068,128.5971035
2020,대구광역시 북구 서변동 1778,서변동 1778,서변동,2,35.9212994,128.597843
2020,대구광역시 북구 서변동 1779,서변동 1779,서변동,1,35.9243055,128.5986472
2020,대구광역시 북구 서변동 1779-8,서변동 1779-8,서변동,1,35.9232274,128.5990101
2020,대구광역시 북구 서변동 1779-9,서변동 1779-9,서변동,1,35.9230819,128.5990153
2020,대구광역시 북구 서변동 1781,서변동 1781,서변동,1,35.9235623,128.5988171
2020,대구광역시 북구 서변동 1783,서변동 1783,서변동,1,35.9226921,128.5986909
2020,대구광역시 북구 서변동 1783-3,서변동 1783-3,서변동,1,35.9223319,128.5990153
2020,대구광역시 북구 서변동 1783-5,서변동 1783-5,서변동,2,35.9220286,128.5990107
2020,대구광역시 북구 서변동 1783-6,서변동 1783-6,서변동,1,35.9218772,128.5990089
2020,대구광역시 북구 서변동 1786,서변동 1786,서변동,7,35.9213423,128.5988312
2020,대구광역시 북구 서변동 1787,서변동 1787,서변동,10,35.9208333,128.5988226
2020,대구광역시 북구 서변동 1787-1,서변동 1787-1,서변동,7,35.9205943,128.5989781
2020,대구광역시 북구 서변동 1787-10,서변동 1787-10,서변동,1,35.9191905,128.5986533
2020,대구광역시 북구 서변동 1787-2,서변동 1787-2,서변동,2,35.9204386,128.5989782
2020,대구광역시 북구 서변동 1787-9,서변동 1787-9,서변동,4,35.919272,128.5989343
2020,대구광역시 북구 서변동 1788-2,서변동 1788-2,서변동,2,35.9202572,128.5986468
2020,대구광역시 북구 서변동 1788-4,서변동 1788-4,서변동,2,35.9199866,128.5986458
2020,대구광역시 북구 서변동 1788-5,서변동 1788-5,서변동,1,35.9198511,128.598645
2020,대구광역시 북구 서변동 1788-6,서변동 1788-6,서변동,2,35.9197155,128.598644
2020,대구광역시 북구 서변동 1788-7,서변동 1788-7,서변동,2,35.9195787,128.5986428
2020,대구광역시 북구 서변동 1789,서변동 1789,서변동,17,35.9200529,128.5987617
2020,대구광역시 북구 서변동 1792,서변동 1792,서변동,2,35.9208941,128.5978401
2020,대구광역시 북구 서변동 1793,서변동 1793,서변동,47,35.9200137,128.5976001
2020,대구광역시 북구 서변동 1794,서변동 1794,서변동,14,35.9194602,128.5969332
2020,대구광역시 북구 서변동 1795,서변동 1795,서변동,27,35.9178283,128.5978175
2020,대구광역시 북구 서변동 1796,서변동 1796,서변동,2,35.916365,128.5977139
2020,대구광역시 북구 서변동 1797,서변동 1797,서변동,1,35.9175736,128.5989792
2020,대구광역시 북구 서변동 1798,서변동 1798,서변동,1,35.9155439,128.5987724
2020,대구광역시 북구 서변동 1801,서변동 1801,서변동,42,35.9211153,128.5991864
2020,대구광역시 북구 서변동 522,서변동 522,서변동,1,35.932533,128.5942576
2020,대구광역시 북구 서변동 693-2,서변동 693-2,서변동,1,35.9276455,128.5957244
2020,대구광역시 북구 서변동 746,서변동 746,서변동,2,35.9257377,128.594612
2020,대구광역시 북구 서변동 839-1,서변동 839-1,서변동,4,35.9271395,128.5953533
2020,대구광역시 북구 서변동 840,서변동 840,서변동,5,35.927311,128.5954418
2020,대구광역시 북구 서변동 840-2,서변동 840-2,서변동,4,35.9275135,128.5952674
2020,대구광역시 북구 서변동 846,서변동 846,서변동,6,35.9278338,128.5956731
2020,대구광역시 북구 서변동 847,서변동 847,서변동,1,35.9276249,128.5956299
2020,대구광역시 북구 서변동 848,서변동 848,서변동,1,35.927477,128.5955386
2020,대구광역시 북구 서변동 857,서변동 857,서변동,1,35.9275642,128.5949923
2020,대구광역시 북구 서변동 858-1,서변동 858-1,서변동,2,35.9273893,128.5952329
2020,대구광역시 북구 서변동 860-6,서변동 860-6,서변동,6,35.9269075,128.5949108
2020,대구광역시 북구 서변동 861,서변동 861,서변동,1,35.926288,128.5939885
2020,대구광역시 북구 서변동 883-1,서변동 883-1,서변동,1,35.9248637,128.5938784
2020,대구광역시 북구 서변동 950,서변동 950,서변동,1,35.9235835,128.5959623
2020,대구광역시 북구 서변동 951,서변동 951,서변동,4,35.9234566,128.5959908
2020,대구광역시 북구 서변동 963,서변동 963,서변동,1,35.9229429,128.5958422
2020,대구광역시 북구 연경동 1017,연경동 1017,연경동,1,35.9448277,128.6188782
2020,대구광역시 북구 연경동 1022-1,연경동 1022-1,연경동,1,35.9445206,128.6187105
2020,대구광역시 북구 연경동 1034-16,연경동 1034-16,연경동,1,35.9434445,128.618908
2020,대구광역시 북구 연경동 1034-2,연경동 1034-2,연경동,1,35.9435398,128.6192957
2020,대구광역시 북구 연경동 1035,연경동 1035,연경동,2,35.9435892,128.6202753
2020,대구광역시 북구 연경동 1037,연경동 1037,연경동,1,35.9431676,128.6185716
2020,대구광역시 북구 연경동 1037-1,연경동 1037-1,연경동,1,35.942875,128.6185425
2020,대구광역시 북구 연경동 1041,연경동 1041,연경동,2,35.9427601,128.6196888
2020,대구광역시 북구 연경동 1042-3,연경동 1042-3,연경동,1,35.9428391,128.6195044
2020,대구광역시 북구 연경동 1042-6,연경동 1042-6,연경동,1,35.9427353,128.6190794
2020,대구광역시 북구 연경동 1047-1,연경동 1047-1,연경동,1,35.9431762,128.6201113
2020,대구광역시 북구 연경동 1049,연경동 1049,연경동,2,35.9427625,128.6199904
2020,대구광역시 북구 연경동 1050,연경동 1050,연경동,2,35.9440743,128.6226992
2020,대구광역시 북구 연경동 1053-1,연경동 1053-1,연경동,1,35.9443895,128.624285
2020,대구광역시 북구 연경동 1073,연경동 1073,연경동,4,35.9430593,128.6244855
2020,대구광역시 북구 연경동 1078-2,연경동 1078-2,연경동,2,35.9412974,128.6227669
2020,대구광역시 북구 연경동 497,연경동 497,연경동,1,35.9441865,128.6149191
2020,대구광역시 북구 연경동 507,연경동 507,연경동,1,35.942025,128.6133622
2020,대구광역시 북구 연경동 570-1,연경동 570-1,연경동,1,35.9396439,128.613918
2020,대구광역시 북구 연경동 586,연경동 586,연경동,1,35.9409901,128.6149881
2020,대구광역시 북구 연경동 600,연경동 600,연경동,1,35.9416259,128.6145927
2020,대구광역시 북구 연경동 605-1,연경동 605-1,연경동,1,35.9418268,128.6150645
2020,대구광역시 북구 연경동 637-1,연경동 637-1,연경동,1,35.9422208,128.6152229
2020,대구광역시 북구 연경동 721-2,연경동 721-2,연경동,1,35.9435402,128.6182419
2020,대구광역시 북구 연경동 740,연경동 740,연경동,1,35.9433505,128.6183173
2020,대구광역시 북구 연경동 756,연경동 756,연경동,7,35.9425464,128.6183265
2020,대구광역시 북구 연경동 821-1,연경동 821-1,연경동,1,35.9440593,128.6254883
2020,대구광역시 북구 연경동 851,연경동 851,연경동,1,35.9416331,128.623264
2020,대구광역시 북구 연경동 879,연경동 879,연경동,1,35.9419017,128.6191566
2020,대구광역시 북구 연경동 923,연경동 923,연경동,8,35.9478372,128.6162732
2020,대구광역시 북구 연경동 924,연경동 924,연경동,2,35.946303,128.6156549
2020,대구광역시 북구 연경동 926-1,연경동 926-1,연경동,1,35.9464027,128.6172343
2020,대구광역시 북구 연경동 929,연경동 929,연경동,1,35.9465691,128.6136978
2020,대구광역시 북구 연경동 931,연경동 931,연경동,3,35.9454103,128.6141048
2020,대구광역시 북구 연경동 934,연경동 934,연경동,1,35.94423,128.6146419
2020,대구광역시 북구 연경동 935,연경동 935,연경동,1,35.9461253,128.6163816
2020,대구광역시 북구 연경동 936,연경동 936,연경동,2,35.9453719,128.6151579
2020,대구광역시 북구 연경동 937,연경동 937,연경동,1,35.9455809,128.615896
2020,대구광역시 북구 연경동 939,연경동 939,연경동,1,35.9456152,128.6174689
2020,대구광역시 북구 연경동 941,연경동 941,연경동,12,35.9472101,128.6174441
2020,대구광역시 북구 연경동 942,연경동 942,연경동,41,35.9435628,128.6146904
2020,대구광역시 북구 연경동 943,연경동 943,연경동,15,35.9441754,128.6165994
2020,대구광역시 북구 연경동 944,연경동 944,연경동,1,35.9436833,128.6149077
2020,대구광역시 북구 연경동 946,연경동 946,연경동,9,35.9435471,128.6174266
2020,대구광역시 북구 연경동 947,연경동 947,연경동,4,35.9431669,128.6156841
2020,대구광역시 북구 연경동 948,연경동 948,연경동,2,35.9425622,128.6148864
2020,대구광역시 북구 연경동 951,연경동 951,연경동,2,35.9427549,128.6165483
2020,대구광역시 북구 연경동 952-2,연경동 952-2,연경동,2,35.9431316,128.6163052
2020,대구광역시 북구 연경동 956,연경동 956,연경동,2,35.943206,128.6180182
2020,대구광역시 북구 연경동 957,연경동 957,연경동,1,35.9430511,128.6181846
2020,대구광역시 북구 연경동 960-1,연경동 960-1,연경동,2,35.9425931,128.617411
2020,대구광역시 북구 연경동 962-3,연경동 962-3,연경동,3,35.9421789,128.6153461
2020,대구광역시 북구 연경동 968,연경동 968,연경동,2,35.94294,128.6144412
2020,대구광역시 북구 연경동 980,연경동 980,연경동,29,35.9408977,128.6132171
2020,대구광역시 북구 연경동 981,연경동 981,연경동,2,35.9391697,128.6115722
2020,대구광역시 북구 연경동 983,연경동 983,연경동,1,35.9400328,128.612381
2020,대구광역시 북구 연경동 984,연경동 984,연경동,1,35.9407152,128.6133485
2020,대구광역시 북구 연경동 987,연경동 987,연경동,9,35.9403267,128.6139804
2020,대구광역시 북구 연경동 988,연경동 988,연경동,23,35.9410585,128.6154656
2020,대구광역시 북구 연경동 989,연경동 989,연경동,11,35.9412138,128.6155524
2020,대구광역시 북구 연경동 994,연경동 994,연경동,5,35.9413923,128.6170877
2020,대구광역시 북구 연경동 996,연경동 996,연경동,3,35.9473421,128.617555
2020,대구광역시 북구 연경동 997,연경동 997,연경동,2,35.9469914,128.6178186
2020,대구광역시 북구 읍내동 1010-2,읍내동 1010-2,읍내동,2,35.939327,128.5531304
2020,대구광역시 북구 읍내동 1060-10,읍내동 1060-10,읍내동,1,35.9386642,128.5548447
2020,대구광역시 북구 읍내동 1075,읍내동 1075,읍내동,3,35.9378513,128.5530241
2020,대구광역시 북구 읍내동 1075-2,읍내동 1075-2,읍내동,1,35.9379649,128.5528596
2020,대구광역시 북구 읍내동 1076-2,읍내동 1076-2,읍내동,3,35.9376855,128.5528438
2020,대구광역시 북구 읍내동 1077-1,읍내동 1077-1,읍내동,1,35.9381564,128.5525747
2020,대구광역시 북구 읍내동 1082,읍내동 1082,읍내동,1,35.9374847,128.5527814
2020,대구광역시 북구 읍내동 1123-1,읍내동 1123-1,읍내동,1,35.9327589,128.549871
2020,대구광역시 북구 읍내동 1126-2,읍내동 1126-2,읍내동,2,35.933432,128.5497246
2020,대구광역시 북구 읍내동 1130-2,읍내동 1130-2,읍내동,1,35.9342829,128.550057
2020,대구광역시 북구 읍내동 1140,읍내동 1140,읍내동,2,35.9348569,128.5505026
2020,대구광역시 북구 읍내동 1171,읍내동 1171,읍내동,43,35.9369192,128.5507232
2020,대구광역시 북구 읍내동 1180-2,읍내동 1180-2,읍내동,1,35.9383203,128.5513822
2020,대구광역시 북구 읍내동 1180-6,읍내동 1180-6,읍내동,3,35.9384072,128.5512641
2020,대구광역시 북구 읍내동 1200,읍내동 1200,읍내동,6,35.9422996,128.5507824
2020,대구광역시 북구 읍내동 1201-1,읍내동 1201-1,읍내동,2,35.9423787,128.5510155
2020,대구광역시 북구 읍내동 1204,읍내동 1204,읍내동,5,35.9426929,128.5512956
2020,대구광역시 북구 읍내동 1208-1,읍내동 1208-1,읍내동,1,35.9425098,128.5502525
2020,대구광역시 북구 읍내동 1211-2,읍내동 1211-2,읍내동,1,35.9418184,128.5502352
2020,대구광역시 북구 읍내동 1212,읍내동 1212,읍내동,15,35.9420688,128.5504786
2020,대구광역시 북구 읍내동 1214,읍내동 1214,읍내동,2,35.9416569,128.5491689
2020,대구광역시 북구 읍내동 1234-108,읍내동 1234-108,읍내동,1,35.9448435,128.5535984
2020,대구광역시 북구 읍내동 1234-125,읍내동 1234-125,읍내동,1,35.9423299,128.5553299
2020,대구광역시 북구 읍내동 1234-126,읍내동 1234-126,읍내동,8,35.9392924,128.5563844
2020,대구광역시 북구 읍내동 1234-13,읍내동 1234-13,읍내동,1,35.9467699,128.554938
2020,대구광역시 북구 읍내동 1234-132,읍내동 1234-132,읍내동,2,35.9397715,128.5567872
2020,대구광역시 북구 읍내동 1234-146,읍내동 1234-146,읍내동,3,35.9441099,128.5535754
2020,대구광역시 북구 읍내동 1234-149,읍내동 1234-149,읍내동,1,35.9467726,128.5550173
2020,대구광역시 북구 읍내동 1234-151,읍내동 1234-151,읍내동,7,35.9446348,128.5536437
2020,대구광역시 북구 읍내동 1234-155,읍내동 1234-155,읍내동,11,35.9446265,128.5537153
2020,대구광역시 북구 읍내동 1234-157,읍내동 1234-157,읍내동,1,35.9441288,128.5533451
2020,대구광역시 북구 읍내동 1234-159,읍내동 1234-159,읍내동,4,35.9405595,128.5571995
2020,대구광역시 북구 읍내동 1234-169,읍내동 1234-169,읍내동,1,35.9441987,128.553438
2020,대구광역시 북구 읍내동 1234-182,읍내동 1234-182,읍내동,1,35.9507485,128.556341
2020,대구광역시 북구 읍내동 1234-184,읍내동 1234-184,읍내동,1,35.9459511,128.5544893
2020,대구광역시 북구 읍내동 1234-186,읍내동 1234-186,읍내동,1,35.9484377,128.5551441
2020,대구광역시 북구 읍내동 1234-190,읍내동 1234-190,읍내동,1,35.9477181,128.5553646
2020,대구광역시 북구 읍내동 1234-204,읍내동 1234-204,읍내동,31,35.9515535,128.5566527
2020,대구광역시 북구 읍내동 1234-214,읍내동 1234-214,읍내동,4,35.9504161,128.5564831
2020,대구광역시 북구 읍내동 1234-42,읍내동 1234-42,읍내동,1,35.9446136,128.5534718
2020,대구광역시 북구 읍내동 1234-66,읍내동 1234-66,읍내동,1,35.9464638,128.5545676
2020,대구광역시 북구 읍내동 1234-7,읍내동 1234-7,읍내동,5,35.9493062,128.5557932
2020,대구광역시 북구 읍내동 1234-8,읍내동 1234-8,읍내동,1,35.9463201,128.5544133
2020,대구광역시 북구 읍내동 1235-6,읍내동 1235-6,읍내동,2,35.9536923,128.5543339
2020,대구광역시 북구 읍내동 1236-27,읍내동 1236-27,읍내동,1,35.9488272,128.5545908
2020,대구광역시 북구 읍내동 1236-54,읍내동 1236-54,읍내동,1,35.9497207,128.5541642
2020,대구광역시 북구 읍내동 1236-57,읍내동 1236-57,읍내동,3,35.9510877,128.5534316
2020,대구광역시 북구 읍내동 1236-59,읍내동 1236-59,읍내동,4,35.9502129,128.5527902
2020,대구광역시 북구 읍내동 1236-64,읍내동 1236-64,읍내동,3,35.9498837,128.5535042
2020,대구광역시 북구 읍내동 1236-86,읍내동 1236-86,읍내동,2,35.9540507,128.5516283
2020,대구광역시 북구 읍내동 1237,읍내동 1237,읍내동,1,35.9506788,128.5529685
2020,대구광역시 북구 읍내동 1240-1,읍내동 1240-1,읍내동,9,35.948462,128.5519964
2020,대구광역시 북구 읍내동 1240-26,읍내동 1240-26,읍내동,2,35.9385236,128.5543279
2020,대구광역시 북구 읍내동 1240-31,읍내동 1240-31,읍내동,1,35.9327966,128.5496498
2020,대구광역시 북구 읍내동 1240-41,읍내동 1240-41,읍내동,1,35.9461581,128.5506753
2020,대구광역시 북구 읍내동 1240-66,읍내동 1240-66,읍내동,17,35.9438912,128.5508738
2020,대구광역시 북구 읍내동 1240-76,읍내동 1240-76,읍내동,1,35.9441511,128.5525292
2020,대구광역시 북구 읍내동 1240-91,읍내동 1240-91,읍내동,1,35.9482863,128.5521507
2020,대구광역시 북구 읍내동 1240-92,읍내동 1240-92,읍내동,1,35.9476097,128.5543137
2020,대구광역시 북구 읍내동 1241-2,읍내동 1241-2,읍내동,1,35.9467959,128.5503905
2020,대구광역시 북구 읍내동 1273,읍내동 1273,읍내동,3,35.9478178,128.5470809
2020,대구광역시 북구 읍내동 1274,읍내동 1274,읍내동,66,35.947618,128.5471117
2020,대구광역시 북구 읍내동 1275,읍내동 1275,읍내동,12,35.9466157,128.5498573
2020,대구광역시 북구 읍내동 1276,읍내동 1276,읍내동,13,35.947836,128.5478445
2020,대구광역시 북구 읍내동 1276-1,읍내동 1276-1,읍내동,1,35.9480424,128.5483429
2020,대구광역시 북구 읍내동 1276-12,읍내동 1276-12,읍내동,1,35.9479094,128.5481585
2020,대구광역시 북구 읍내동 1276-15,읍내동 1276-15,읍내동,2,35.9476766,128.5478667
2020,대구광역시 북구 읍내동 1276-16,읍내동 1276-16,읍내동,2,35.9476165,128.547774
2020,대구광역시 북구 읍내동 1278,읍내동 1278,읍내동,12,35.9471122,128.5467321
2020,대구광역시 북구 읍내동 1278-1,읍내동 1278-1,읍내동,1,35.9473498,128.5473601
2020,대구광역시 북구 읍내동 1278-10,읍내동 1278-10,읍내동,1,35.9467714,128.5465487
2020,대구광역시 북구 읍내동 1278-11,읍내동 1278-11,읍내동,5,35.9467179,128.5463002
2020,대구광역시 북구 읍내동 1278-12,읍내동 1278-12,읍내동,2,35.9466458,128.5463701
2020,대구광역시 북구 읍내동 1278-16,읍내동 1278-16,읍내동,4,35.9463408,128.5466637
2020,대구광역시 북구 읍내동 1278-18,읍내동 1278-18,읍내동,1,35.9465369,128.546759
2020,대구광역시 북구 읍내동 1278-9,읍내동 1278-9,읍내동,1,35.9468516,128.5465155
2020,대구광역시 북구 읍내동 1279,읍내동 1279,읍내동,7,35.94709,128.5477233
2020,대구광역시 북구 읍내동 1280-6,읍내동 1280-6,읍내동,1,35.9471325,128.5478253
2020,대구광역시 북구 읍내동 1281,읍내동 1281,읍내동,3,35.9471523,128.5475166
2020,대구광역시 북구 읍내동 1281-3,읍내동 1281-3,읍내동,1,35.9469541,128.5471919
2020,대구광역시 북구 읍내동 1282,읍내동 1282,읍내동,32,35.9469414,128.5477724
2020,대구광역시 북구 읍내동 1285-12,읍내동 1285-12,읍내동,1,35.945492,128.5493994
2020,대구광역시 북구 읍내동 1288,읍내동 1288,읍내동,1,35.9465852,128.5487985
2020,대구광역시 북구 읍내동 1290,읍내동 1290,읍내동,1,35.9459257,128.5489169
2020,대구광역시 북구 읍내동 1292,읍내동 1292,읍내동,3,35.9462744,128.5484669
2020,대구광역시 북구 읍내동 1296,읍내동 1296,읍내동,2,35.9458858,128.547579
2020,대구광역시 북구 읍내동 1297-15,읍내동 1297-15,읍내동,1,35.9452593,128.548314
2020,대구광역시 북구 읍내동 1297-32,읍내동 1297-32,읍내동,1,35.9461193,128.5468728
2020,대구광역시 북구 읍내동 1297-33,읍내동 1297-33,읍내동,5,35.9461989,128.5467991
2020,대구광역시 북구 읍내동 1298,읍내동 1298,읍내동,43,35.9459508,128.5468551
2020,대구광역시 북구 읍내동 1299,읍내동 1299,읍내동,1,35.9453397,128.5484302
2020,대구광역시 북구 읍내동 1300-12,읍내동 1300-12,읍내동,1,35.9452342,128.5486516
2020,대구광역시 북구 읍내동 1301,읍내동 1301,읍내동,45,35.9450452,128.5488499
2020,대구광역시 북구 읍내동 1302,읍내동 1302,읍내동,10,35.944166,128.5475678
2020,대구광역시 북구 읍내동 1303,읍내동 1303,읍내동,8,35.944157,128.5481803
2020,대구광역시 북구 읍내동 1304,읍내동 1304,읍내동,6,35.9442712,128.5488418
2020,대구광역시 북구 읍내동 1305,읍내동 1305,읍내동,1,35.9445936,128.5494473
2020,대구광역시 북구 읍내동 1307,읍내동 1307,읍내동,4,35.9432134,128.5479392
2020,대구광역시 북구 읍내동 1308,읍내동 1308,읍내동,5,35.9427676,128.5479234
2020,대구광역시 북구 읍내동 1311,읍내동 1311,읍내동,1,35.9423249,128.5478437
2020,대구광역시 북구 읍내동 1313,읍내동 1313,읍내동,1,35.9420158,128.5478387
2020,대구광역시 북구 읍내동 1314-3,읍내동 1314-3,읍내동,3,35.9414026,128.5475326
2020,대구광역시 북구 읍내동 1315,읍내동 1315,읍내동,2,35.9422802,128.5474511
2020,대구광역시 북구 읍내동 1330,읍내동 1330,읍내동,54,35.9378107,128.5493845
2020,대구광역시 북구 읍내동 1332-5,읍내동 1332-5,읍내동,1,35.9386001,128.5498626
2020,대구광역시 북구 읍내동 1335,읍내동 1335,읍내동,2,35.938791,128.55055
2020,대구광역시 북구 읍내동 1336-11,읍내동 1336-11,읍내동,5,35.9384191,128.5507764
2020,대구광역시 북구 읍내동 1337,읍내동 1337,읍내동,20,35.9382727,128.5503828
2020,대구광역시 북구 읍내동 1338,읍내동 1338,읍내동,15,35.9371705,128.5496794
2020,대구광역시 북구 읍내동 1339,읍내동 1339,읍내동,72,35.9353514,128.5497681
2020,대구광역시 북구 읍내동 1340,읍내동 1340,읍내동,21,35.9360692,128.5494837
2020,대구광역시 북구 읍내동 1341,읍내동 1341,읍내동,22,35.9358861,128.5494496
2020,대구광역시 북구 읍내동 1341-1,읍내동 1341-1,읍내동,52,35.9356081,128.5492234
2020,대구광역시 북구 읍내동 1341-10,읍내동 1341-10,읍내동,10,35.9355324,128.5496246
2020,대구광역시 북구 읍내동 1341-11,읍내동 1341-11,읍내동,6,35.9355437,128.5494873
2020,대구광역시 북구 읍내동 1341-5,읍내동 1341-5,읍내동,1,35.9348958,128.5492971
2020,대구광역시 북구 읍내동 1341-6,읍내동 1341-6,읍내동,24,35.9353029,128.5493473
2020,대구광역시 북구 읍내동 1342,읍내동 1342,읍내동,24,35.9337712,128.548708
2020,대구광역시 북구 읍내동 1342-1,읍내동 1342-1,읍내동,1,35.934707,128.5492689
2020,대구광역시 북구 읍내동 1343,읍내동 1343,읍내동,6,35.9343151,128.5492104
2020,대구광역시 북구 읍내동 1343-10,읍내동 1343-10,읍내동,2,35.9336191,128.5491838
2020,대구광역시 북구 읍내동 1343-3,읍내동 1343-3,읍내동,1,35.9336638,128.5489147
2020,대구광역시 북구 읍내동 1343-4,읍내동 1343-4,읍내동,3,35.9334731,128.5488862
2020,대구광역시 북구 읍내동 1343-5,읍내동 1343-5,읍내동,28,35.9335294,128.5491101
2020,대구광역시 북구 읍내동 1343-6,읍내동 1343-6,읍내동,7,35.9330126,128.5490363
2020,대구광역시 북구 읍내동 1343-7,읍내동 1343-7,읍내동,2,35.933426,128.5493025
2020,대구광역시 북구 읍내동 1343-8,읍내동 1343-8,읍내동,1,35.9336074,128.5493324
2020,대구광역시 북구 읍내동 1344,읍내동 1344,읍내동,2,35.9356044,128.5503809
2020,대구광역시 북구 읍내동 1345,읍내동 1345,읍내동,1,35.9355675,128.5499315
2020,대구광역시 북구 읍내동 1346-5,읍내동 1346-5,읍내동,4,35.9340521,128.5497807
2020,대구광역시 북구 읍내동 1348,읍내동 1348,읍내동,24,35.9410765,128.5543858
2020,대구광역시 북구 읍내동 1349,읍내동 1349,읍내동,15,35.9415033,128.5566469
2020,대구광역시 북구 읍내동 1350,읍내동 1350,읍내동,102,35.9399914,128.5566519
2020,대구광역시 북구 읍내동 1350-1,읍내동 1350-1,읍내동,8,35.9409503,128.5568943
2020,대구광역시 북구 읍내동 1351,읍내동 1351,읍내동,27,35.9412006,128.5553538
2020,대구광역시 북구 읍내동 1351-1,읍내동 1351-1,읍내동,1,35.9398971,128.554117
2020,대구광역시 북구 읍내동 1351-2,읍내동 1351-2,읍내동,9,35.9401476,128.5556805
2020,대구광역시 북구 읍내동 1354,읍내동 1354,읍내동,2,35.9389921,128.5555437
2020,대구광역시 북구 읍내동 1357-8,읍내동 1357-8,읍내동,1,35.9386667,128.5557717
2020,대구광역시 북구 읍내동 1363,읍내동 1363,읍내동,1,35.9374628,128.5544789
2020,대구광역시 북구 읍내동 1364,읍내동 1364,읍내동,1,35.9374279,128.5551095
2020,대구광역시 북구 읍내동 1365,읍내동 1365,읍내동,43,35.9344837,128.5546169
2020,대구광역시 북구 읍내동 1366,읍내동 1366,읍내동,1,35.936859,128.55422
2020,대구광역시 북구 읍내동 1366-1,읍내동 1366-1,읍내동,7,35.9356264,128.5538505
2020,대구광역시 북구 읍내동 1366-2,읍내동 1366-2,읍내동,12,35.9345196,128.5535931
2020,대구광역시 북구 읍내동 1366-3,읍내동 1366-3,읍내동,22,35.9331996,128.5533551
2020,대구광역시 북구 읍내동 1367,읍내동 1367,읍내동,8,35.9350206,128.5526098
2020,대구광역시 북구 읍내동 1381-12,읍내동 1381-12,읍내동,1,35.9326005,128.5521688
2020,대구광역시 북구 읍내동 1381-13,읍내동 1381-13,읍내동,2,35.9324444,128.5521553
2020,대구광역시 북구 읍내동 1382,읍내동 1382,읍내동,13,35.9323989,128.5511646
2020,대구광역시 북구 읍내동 1395,읍내동 1395,읍내동,15,35.9351908,128.5547971
2020,대구광역시 북구 읍내동 1396,읍내동 1396,읍내동,2,35.934739,128.5548259
2020,대구광역시 북구 읍내동 1448,읍내동 1448,읍내동,1,35.9506752,128.5518438
2020,대구광역시 북구 읍내동 1449,읍내동 1449,읍내동,1,35.9545858,128.5523657
2020,대구광역시 북구 읍내동 218-1,읍내동 218-1,읍내동,1,35.9558073,128.5519726
2020,대구광역시 북구 읍내동 299-3,읍내동 299-3,읍내동,1,35.9506386,128.5528195
2020,대구광역시 북구 읍내동 300-12,읍내동 300-12,읍내동,1,35.9502184,128.5529363
2020,대구광역시 북구 읍내동 301,읍내동 301,읍내동,2,35.9503416,128.5534386
2020,대구광역시 북구 읍내동 301-1,읍내동 301-1,읍내동,2,35.9507427,128.5531542
2020,대구광역시 북구 읍내동 302-1,읍내동 302-1,읍내동,1,35.9506178,128.5533389
2020,대구광역시 북구 읍내동 304-2,읍내동 304-2,읍내동,5,35.9522506,128.553533
2020,대구광역시 북구 읍내동 308,읍내동 308,읍내동,2,35.9526928,128.5535711
2020,대구광역시 북구 읍내동 309,읍내동 309,읍내동,4,35.9530292,128.5536433
2020,대구광역시 북구 읍내동 309-2,읍내동 309-2,읍내동,4,35.9528543,128.5535325
2020,대구광역시 북구 읍내동 313-10,읍내동 313-10,읍내동,4,35.9535863,128.5531637
2020,대구광역시 북구 읍내동 316-3,읍내동 316-3,읍내동,1,35.9542387,128.5522591
2020,대구광역시 북구 읍내동 334-1,읍내동 334-1,읍내동,1,35.9542207,128.5525989
2020,대구광역시 북구 읍내동 336-1,읍내동 336-1,읍내동,1,35.954086,128.5527335
2020,대구광역시 북구 읍내동 384,읍내동 384,읍내동,2,35.9527616,128.5540528
2020,대구광역시 북구 읍내동 397-22,읍내동 397-22,읍내동,1,35.9519676,128.5547503
2020,대구광역시 북구 읍내동 400-14,읍내동 400-14,읍내동,1,35.9531686,128.554316
2020,대구광역시 북구 읍내동 405,읍내동 405,읍내동,2,35.9535471,128.5554204
2020,대구광역시 북구 읍내동 408-11,읍내동 408-11,읍내동,1,35.9533171,128.5553402
2020,대구광역시 북구 읍내동 412-1,읍내동 412-1,읍내동,1,35.9531308,128.5554991
2020,대구광역시 북구 읍내동 420-11,읍내동 420-11,읍내동,1,35.9519698,128.5553879
2020,대구광역시 북구 읍내동 421-4,읍내동 421-4,읍내동,1,35.9520597,128.5556445
2020,대구광역시 북구 읍내동 422-3,읍내동 422-3,읍내동,1,35.9519694,128.5558651
2020,대구광역시 북구 읍내동 423-1,읍내동 423-1,읍내동,1,35.9520798,128.5560972
2020,대구광역시 북구 읍내동 423-2,읍내동 423-2,읍내동,1,35.9515878,128.5563045
2020,대구광역시 북구 읍내동 423-3,읍내동 423-3,읍내동,3,35.9515562,128.5561962
2020,대구광역시 북구 읍내동 426,읍내동 426,읍내동,1,35.9509178,128.556244
2020,대구광역시 북구 읍내동 426-18,읍내동 426-18,읍내동,11,35.9511247,128.5563112
2020,대구광역시 북구 읍내동 427-1,읍내동 427-1,읍내동,4,35.9514388,128.5562773
2020,대구광역시 북구 읍내동 427-2,읍내동 427-2,읍내동,1,35.9513814,128.5562318
2020,대구광역시 북구 읍내동 430,읍내동 430,읍내동,9,35.9512183,128.5552082
2020,대구광역시 북구 읍내동 430-5,읍내동 430-5,읍내동,2,35.9511946,128.5543966
2020,대구광역시 북구 읍내동 431-5,읍내동 431-5,읍내동,1,35.9509323,128.5541077
2020,대구광역시 북구 읍내동 433-2,읍내동 433-2,읍내동,4,35.9506654,128.5541485
2020,대구광역시 북구 읍내동 434-3,읍내동 434-3,읍내동,15,35.9498214,128.5543561
2020,대구광역시 북구 읍내동 438-36,읍내동 438-36,읍내동,3,35.9497063,128.554246
2020,대구광역시 북구 읍내동 438-37,읍내동 438-37,읍내동,2,35.949673,128.5542957
2020,대구광역시 북구 읍내동 443-7,읍내동 443-7,읍내동,6,35.9496519,128.5542482
2020,대구광역시 북구 읍내동 450-3,읍내동 450-3,읍내동,1,35.9483866,128.554763
2020,대구광역시 북구 읍내동 454-19,읍내동 454-19,읍내동,2,35.947949,128.5545193
2020,대구광역시 북구 읍내동 454-20,읍내동 454-20,읍내동,2,35.947665,128.5542927
2020,대구광역시 북구 읍내동 455,읍내동 455,읍내동,4,35.9477479,128.5549125
2020,대구광역시 북구 읍내동 455-4,읍내동 455-4,읍내동,9,35.947666,128.5544373
2020,대구광역시 북구 읍내동 455-6,읍내동 455-6,읍내동,2,35.9474772,128.554681
2020,대구광역시 북구 읍내동 459-12,읍내동 459-12,읍내동,6,35.9472337,128.5552028
2020,대구광역시 북구 읍내동 459-14,읍내동 459-14,읍내동,1,35.9472987,128.5550325
2020,대구광역시 북구 읍내동 459-6,읍내동 459-6,읍내동,1,35.9473029,128.5551407
2020,대구광역시 북구 읍내동 459-7,읍내동 459-7,읍내동,1,35.9471622,128.5551261
2020,대구광역시 북구 읍내동 459-8,읍내동 459-8,읍내동,1,35.9470355,128.5550513
2020,대구광역시 북구 읍내동 466-3,읍내동 466-3,읍내동,1,35.9465054,128.554029
2020,대구광역시 북구 읍내동 468-3,읍내동 468-3,읍내동,1,35.946738,128.5535481
2020,대구광역시 북구 읍내동 479-7,읍내동 479-7,읍내동,1,35.9478432,128.5535627
2020,대구광역시 북구 읍내동 480-2,읍내동 480-2,읍내동,1,35.9477541,128.5538947
2020,대구광역시 북구 읍내동 491,읍내동 491,읍내동,10,35.9487487,128.5535498
2020,대구광역시 북구 읍내동 495-25,읍내동 495-25,읍내동,2,35.9500102,128.5529687
2020,대구광역시 북구 읍내동 496,읍내동 496,읍내동,17,35.9493984,128.552552
2020,대구광역시 북구 읍내동 497,읍내동 497,읍내동,2,35.9500178,128.5527785
2020,대구광역시 북구 읍내동 509-1,읍내동 509-1,읍내동,1,35.9483767,128.5520806
2020,대구광역시 북구 읍내동 510-3,읍내동 510-3,읍내동,2,35.9472841,128.5516552
2020,대구광역시 북구 읍내동 510-6,읍내동 510-6,읍내동,1,35.9480982,128.5520624
2020,대구광역시 북구 읍내동 522-2,읍내동 522-2,읍내동,1,35.9470185,128.5512005
2020,대구광역시 북구 읍내동 533,읍내동 533,읍내동,3,35.948088,128.5493478
2020,대구광역시 북구 읍내동 545-1,읍내동 545-1,읍내동,1,35.9485621,128.5518973
2020,대구광역시 북구 읍내동 587-1,읍내동 587-1,읍내동,1,35.9497694,128.5515147
2020,대구광역시 북구 읍내동 626-1,읍내동 626-1,읍내동,1,35.9482728,128.5476809
2020,대구광역시 북구 읍내동 652-1,읍내동 652-1,읍내동,1,35.9472438,128.5498419
2020,대구광역시 북구 읍내동 652-5,읍내동 652-5,읍내동,2,35.9469012,128.5499498
2020,대구광역시 북구 읍내동 669-1,읍내동 669-1,읍내동,1,35.9448839,128.5506586
2020,대구광역시 북구 읍내동 672,읍내동 672,읍내동,1,35.9444749,128.5507044
2020,대구광역시 북구 읍내동 678-14,읍내동 678-14,읍내동,1,35.9451423,128.5498547
2020,대구광역시 북구 읍내동 679-5,읍내동 679-5,읍내동,1,35.9451087,128.5494717
2020,대구광역시 북구 읍내동 680-20,읍내동 680-20,읍내동,1,35.9466656,128.5500299
2020,대구광역시 북구 읍내동 680-49,읍내동 680-49,읍내동,1,35.946366,128.5499907
2020,대구광역시 북구 읍내동 771-7,읍내동 771-7,읍내동,1,35.9436159,128.5506971
2020,대구광역시 북구 읍내동 779-9,읍내동 779-9,읍내동,1,35.9431342,128.5490433
2020,대구광역시 북구 읍내동 782-3,읍내동 782-3,읍내동,2,35.9433593,128.550931
2020,대구광역시 북구 읍내동 789-5,읍내동 789-5,읍내동,1,35.9439353,128.551107
2020,대구광역시 북구 읍내동 794-1,읍내동 794-1,읍내동,1,35.9450939,128.5511658
2020,대구광역시 북구 읍내동 800-27,읍내동 800-27,읍내동,1,35.9464532,128.5513426
2020,대구광역시 북구 읍내동 820-8,읍내동 820-8,읍내동,1,35.9457164,128.5539618
2020,대구광역시 북구 읍내동 865-5,읍내동 865-5,읍내동,1,35.9451104,128.5525072
2020,대구광역시 북구 읍내동 880,읍내동 880,읍내동,2,35.9445352,128.5522603
2020,대구광역시 북구 읍내동 880-10,읍내동 880-10,읍내동,1,35.9441921,128.552811
2020,대구광역시 북구 읍내동 889-3,읍내동 889-3,읍내동,1,35.9440568,128.552214
2020,대구광역시 북구 읍내동 891,읍내동 891,읍내동,1,35.9433295,128.5519263
2020,대구광역시 북구 읍내동 892,읍내동 892,읍내동,1,35.9430468,128.5522589
2020,대구광역시 북구 읍내동 933-22,읍내동 933-22,읍내동,2,35.9423827,128.5523251
2020,대구광역시 북구 읍내동 944-3,읍내동 944-3,읍내동,1,35.9411479,128.5505394
2020,대구광역시 북구 읍내동 959-3,읍내동 959-3,읍내동,1,35.9385866,128.5513748
2020,대구광역시 북구 읍내동 967-1,읍내동 967-1,읍내동,2,35.9389127,128.5522567
2020,대구광역시 북구 읍내동 967-2,읍내동 967-2,읍내동,1,35.9382562,128.553292
2020,대구광역시 북구 읍내동 967-4,읍내동 967-4,읍내동,2,35.9389296,128.5529263
2020,대구광역시 북구 읍내동 969,읍내동 969,읍내동,2,35.9390017,128.5531662
2020,대구광역시 북구 읍내동 970-1,읍내동 970-1,읍내동,1,35.9388313,128.5530182
2020,대구광역시 북구 읍내동 970-7,읍내동 970-7,읍내동,1,35.9385789,128.5528897
2020,대구광역시 북구 읍내동 991,읍내동 991,읍내동,1,35.9380752,128.5537711
2020,대구광역시 북구 조야동 100,조야동 100,조야동,3,35.9108818,128.5770442
2020,대구광역시 북구 조야동 100-5,조야동 100-5,조야동,1,35.9104615,128.5775753
2020,대구광역시 북구 조야동 102-1,조야동 102-1,조야동,1,35.9096975,128.5772788
2020,대구광역시 북구 조야동 253-18,조야동 253-18,조야동,1,35.9115066,128.576657
2020,대구광역시 북구 조야동 253-4,조야동 253-4,조야동,1,35.9113316,128.5765415
2020,대구광역시 북구 조야동 253-9,조야동 253-9,조야동,1,35.9116146,128.5766796
2020,대구광역시 북구 조야동 436-2,조야동 436-2,조야동,6,35.9158585,128.5786544
2020,대구광역시 북구 조야동 436-25,조야동 436-25,조야동,1,35.9109718,128.576582
2020,대구광역시 북구 조야동 72-2,조야동 72-2,조야동,1,35.9110979,128.5771242
2020,대구광역시 북구 조야동 76-11,조야동 76-11,조야동,3,35.9101117,128.5774363
2020,대구광역시 북구 조야동 76-3,조야동 76-3,조야동,2,35.9108961,128.5772442
2020,대구광역시 북구 조야동 76-4,조야동 76-4,조야동,1,35.9105711,128.5775304
2020,대구광역시 북구 조야동 76-8,조야동 76-8,조야동,1,35.910733,128.5772694
2020,대구광역시 북구 조야동 78-1,조야동 78-1,조야동,1,35.910321,128.577494
2020,대구광역시 북구 조야동 78-12,조야동 78-12,조야동,1,35.9099447,128.57772
2020,대구광역시 북구 조야동 78-2,조야동 78-2,조야동,2,35.9101367,128.577677
2020,대구광역시 북구 중앙대로 591,중앙대로 591,미상,1,35.8859925,128.5962442
2020,대구광역시 북구 칠곡중앙대로 126길 41,칠곡중앙대로 126길 41,미상,1,35.9481139,128.5554653
2020,대구광역시 북구 칠곡중앙대로126길 41,칠곡중앙대로126길 41,미상,2,35.9481139,128.5554653
2020,대구광역시 북구 칠성동1가 1,칠성동1가 1,칠성동,1,35.8748685,128.6014381
2020,대구광역시 북구 칠성동1가 102-7,칠성동1가 102-7,칠성동,1,35.8751945,128.6045985
2020,대구광역시 북구 칠성동1가 106-1,칠성동1가 106-1,칠성동,2,35.8749968,128.6047186
2020,대구광역시 북구 칠성동1가 107-1,칠성동1가 107-1,칠성동,2,35.8747499,128.6048542
2020,대구광역시 북구 칠성동1가 116-10,칠성동1가 116-10,칠성동,1,35.8740759,128.6055577
2020,대구광역시 북구 칠성동1가 116-4,칠성동1가 116-4,칠성동,1,35.8741451,128.6055846
2020,대구광역시 북구 칠성동1가 136-18,칠성동1가 136-18,칠성동,2,35.8752672,128.6073354
2020,대구광역시 북구 칠성동1가 139-2,칠성동1가 139-2,칠성동,3,35.8753858,128.6070557
2020,대구광역시 북구 칠성동1가 140-3,칠성동1가 140-3,칠성동,1,35.8755907,128.6065045
2020,대구광역시 북구 칠성동1가 144-1,칠성동1가 144-1,칠성동,1,35.8752938,128.6064479
2020,대구광역시 북구 칠성동1가 147-1,칠성동1가 147-1,칠성동,1,35.8757283,128.6058405
2020,대구광역시 북구 칠성동1가 147-3,칠성동1가 147-3,칠성동,1,35.8757849,128.6058945
2020,대구광역시 북구 칠성동1가 149-2,칠성동1가 149-2,칠성동,1,35.8756464,128.605799
2020,대구광역시 북구 칠성동1가 149-3,칠성동1가 149-3,칠성동,1,35.8755631,128.6057488
2020,대구광역시 북구 칠성동1가 150-1,칠성동1가 150-1,칠성동,1,35.8758846,128.605147
2020,대구광역시 북구 칠성동1가 150-2,칠성동1가 150-2,칠성동,6,35.8756169,128.6053234
2020,대구광역시 북구 칠성동1가 150-3,칠성동1가 150-3,칠성동,1,35.8758061,128.6053796
2020,대구광역시 북구 칠성동1가 151-2,칠성동1가 151-2,칠성동,2,35.8753381,128.6056569
2020,대구광역시 북구 칠성동1가 151-3,칠성동1가 151-3,칠성동,4,35.875227,128.605401
2020,대구광역시 북구 칠성동1가 153-4,칠성동1가 153-4,칠성동,2,35.8753268,128.6050893
2020,대구광역시 북구 칠성동1가 156-2,칠성동1가 156-2,칠성동,1,35.8759544,128.6050285
2020,대구광역시 북구 칠성동1가 156-3,칠성동1가 156-3,칠성동,3,35.8759392,128.6051102
2020,대구광역시 북구 칠성동1가 156-5,칠성동1가 156-5,칠성동,2,35.8758234,128.6051009
2020,대구광역시 북구 칠성동1가 16,칠성동1가 16,칠성동,4,35.8758721,128.6013739
2020,대구광역시 북구 칠성동1가 160-1,칠성동1가 160-1,칠성동,1,35.8762809,128.6039103
2020,대구광역시 북구 칠성동1가 161-1,칠성동1가 161-1,칠성동,3,35.8764046,128.6037989
2020,대구광역시 북구 칠성동1가 162-14,칠성동1가 162-14,칠성동,1,35.8763452,128.6035286
2020,대구광역시 북구 칠성동1가 162-17,칠성동1가 162-17,칠성동,1,35.8764528,128.6037574
2020,대구광역시 북구 칠성동1가 162-8,칠성동1가 162-8,칠성동,1,35.8764859,128.6034449
2020,대구광역시 북구 칠성동1가 163-1,칠성동1가 163-1,칠성동,4,35.876636,128.603548
2020,대구광역시 북구 칠성동1가 163-9,칠성동1가 163-9,칠성동,1,35.8764976,128.6037827
2020,대구광역시 북구 칠성동1가 165-4,칠성동1가 165-4,칠성동,1,35.8769234,128.6034556
2020,대구광역시 북구 칠성동1가 167-20,칠성동1가 167-20,칠성동,1,35.8763422,128.6034565
2020,대구광역시 북구 칠성동1가 171-12,칠성동1가 171-12,칠성동,2,35.8764291,128.6021649
2020,대구광역시 북구 칠성동1가 173-1,칠성동1가 173-1,칠성동,1,35.8766306,128.6023574
2020,대구광역시 북구 칠성동1가 179-4,칠성동1가 179-4,칠성동,2,35.8759851,128.6024788
2020,대구광역시 북구 칠성동1가 181-2,칠성동1가 181-2,칠성동,1,35.8760218,128.6021579
2020,대구광역시 북구 칠성동1가 184-10,칠성동1가 184-10,칠성동,1,35.8761137,128.6016678
2020,대구광역시 북구 칠성동1가 191-3,칠성동1가 191-3,칠성동,1,35.8766053,128.6015342
2020,대구광역시 북구 칠성동1가 195,칠성동1가 195,칠성동,2,35.8767441,128.6015859
2020,대구광역시 북구 칠성동1가 195-1,칠성동1가 195-1,칠성동,9,35.876715,128.6014548
2020,대구광역시 북구 칠성동1가 211,칠성동1가 211,칠성동,1,35.8763016,128.6013497
2020,대구광역시 북구 칠성동1가 212,칠성동1가 212,칠성동,3,35.8766852,128.6013577
2020,대구광역시 북구 칠성동1가 213,칠성동1가 213,칠성동,5,35.8769316,128.601366
2020,대구광역시 북구 칠성동1가 219-3,칠성동1가 219-3,칠성동,1,35.8766785,128.6014354
2020,대구광역시 북구 칠성동1가 228,칠성동1가 228,칠성동,1,35.8767166,128.6022331
2020,대구광역시 북구 칠성동1가 236-1,칠성동1가 236-1,칠성동,1,35.8771622,128.6014582
2020,대구광역시 북구 칠성동1가 275-3,칠성동1가 275-3,칠성동,2,35.8780592,128.6032399
2020,대구광역시 북구 칠성동1가 275-7,칠성동1가 275-7,칠성동,1,35.8779084,128.6033317
2020,대구광역시 북구 칠성동1가 276-1,칠성동1가 276-1,칠성동,36,35.8765069,128.6061268
2020,대구광역시 북구 칠성동1가 276-104,칠성동1가 276-104,칠성동,1,35.8774604,128.6038826
2020,대구광역시 북구 칠성동1가 276-108,칠성동1가 276-108,칠성동,2,35.8778254,128.6035982
2020,대구광역시 북구 칠성동1가 276-142,칠성동1가 276-142,칠성동,1,35.8762991,128.6052185
2020,대구광역시 북구 칠성동1가 276-152,칠성동1가 276-152,칠성동,1,35.8764267,128.6044065
2020,대구광역시 북구 칠성동1가 276-165,칠성동1가 276-165,칠성동,2,35.8766682,128.6043446
2020,대구광역시 북구 칠성동1가 276-172,칠성동1가 276-172,칠성동,1,35.8764199,128.6048956
2020,대구광역시 북구 칠성동1가 276-177,칠성동1가 276-177,칠성동,1,35.8753088,128.6078454
2020,대구광역시 북구 칠성동1가 276-186,칠성동1가 276-186,칠성동,1,35.878288,128.6032719
2020,대구광역시 북구 칠성동1가 276-36,칠성동1가 276-36,칠성동,1,35.8760538,128.6057329
2020,대구광역시 북구 칠성동1가 276-37,칠성동1가 276-37,칠성동,1,35.8760911,128.6055736
2020,대구광역시 북구 칠성동1가 276-64,칠성동1가 276-64,칠성동,25,35.8762322,128.6049328
2020,대구광역시 북구 칠성동1가 276-9,칠성동1가 276-9,칠성동,1,35.8755399,128.6073836
2020,대구광역시 북구 칠성동1가 278-1,칠성동1가 278-1,칠성동,20,35.8759894,128.6056512
2020,대구광역시 북구 칠성동1가 278-45,칠성동1가 278-45,칠성동,7,35.8776853,128.6035058
2020,대구광역시 북구 칠성동1가 279-1,칠성동1가 279-1,칠성동,111,35.8757437,128.6044568
2020,대구광역시 북구 칠성동1가 28-1,칠성동1가 28-1,칠성동,1,35.8747352,128.6027311
2020,대구광역시 북구 칠성동1가 280-24,칠성동1가 280-24,칠성동,2,35.8738997,128.6052792
2020,대구광역시 북구 칠성동1가 280-7,칠성동1가 280-7,칠성동,1,35.8739366,128.6056374
2020,대구광역시 북구 칠성동1가 281,칠성동1가 281,칠성동,8,35.8758046,128.6022406
2020,대구광역시 북구 칠성동1가 285-3,칠성동1가 285-3,칠성동,1,35.8764546,128.6014446
2020,대구광역시 북구 칠성동1가 319,칠성동1가 319,칠성동,1,35.8746932,128.6083037
2020,대구광역시 북구 칠성동1가 361-4,칠성동1가 361-4,칠성동,1,35.8741922,128.6070418
2020,대구광역시 북구 칠성동1가 75-6,칠성동1가 75-6,칠성동,1,35.8745196,128.603334
2020,대구광역시 북구 칠성동1가 9-12,칠성동1가 9-12,칠성동,1,35.8748312,128.6017915
2020,대구광역시 북구 칠성동2가 1-1,칠성동2가 1-1,칠성동,1,35.8861134,128.5855825
2020,대구광역시 북구 칠성동2가 1-2,칠성동2가 1-2,칠성동,1,35.8861394,128.5859514
2020,대구광역시 북구 칠성동2가 101-11,칠성동2가 101-11,칠성동,1,35.880457,128.5916262
2020,대구광역시 북구 칠성동2가 101-4,칠성동2가 101-4,칠성동,6,35.8809097,128.5917837
2020,대구광역시 북구 칠성동2가 104-1,칠성동2가 104-1,칠성동,1,35.8803987,128.5917953
2020,대구광역시 북구 칠성동2가 112-4,칠성동2가 112-4,칠성동,1,35.8828792,128.5931291
2020,대구광역시 북구 칠성동2가 127,칠성동2가 127,칠성동,10,35.8818672,128.5921688
2020,대구광역시 북구 칠성동2가 136-3,칠성동2가 136-3,칠성동,2,35.8807091,128.5922967
2020,대구광역시 북구 칠성동2가 138-13,칠성동2가 138-13,칠성동,1,35.8805183,128.5919116
2020,대구광역시 북구 칠성동2가 138-2,칠성동2가 138-2,칠성동,7,35.8805573,128.5921899
2020,대구광역시 북구 칠성동2가 139-12,칠성동2가 139-12,칠성동,5,35.8803987,128.5920961
2020,대구광역시 북구 칠성동2가 139-18,칠성동2가 139-18,칠성동,1,35.8799973,128.5933501
2020,대구광역시 북구 칠성동2가 139-27,칠성동2가 139-27,칠성동,2,35.8802692,128.5922428
2020,대구광역시 북구 칠성동2가 139-30,칠성동2가 139-30,칠성동,1,35.880222,128.5923308
2020,대구광역시 북구 칠성동2가 139-31,칠성동2가 139-31,칠성동,9,35.8802842,128.5921014
2020,대구광역시 북구 칠성동2가 139-32,칠성동2가 139-32,칠성동,1,35.8804503,128.5923436
2020,대구광역시 북구 칠성동2가 139-37,칠성동2가 139-37,칠성동,1,35.8800647,128.5934591
2020,대구광역시 북구 칠성동2가 140-7,칠성동2가 140-7,칠성동,2,35.8802377,128.5926442
2020,대구광역시 북구 칠성동2가 140-8,칠성동2가 140-8,칠성동,2,35.880281,128.5924932
2020,대구광역시 북구 칠성동2가 142-1,칠성동2가 142-1,칠성동,2,35.8799034,128.5937144
2020,대구광역시 북구 칠성동2가 142-13,칠성동2가 142-13,칠성동,2,35.880111,128.5926614
2020,대구광역시 북구 칠성동2가 142-15,칠성동2가 142-15,칠성동,1,35.8801266,128.5924066
2020,대구광역시 북구 칠성동2가 142-16,칠성동2가 142-16,칠성동,1,35.8800497,128.5928661
2020,대구광역시 북구 칠성동2가 142-17,칠성동2가 142-17,칠성동,2,35.8800568,128.5927468
2020,대구광역시 북구 칠성동2가 142-2,칠성동2가 142-2,칠성동,5,35.8798883,128.5932274
2020,대구광역시 북구 칠성동2가 142-50,칠성동2가 142-50,칠성동,2,35.8800631,128.5930957
2020,대구광역시 북구 칠성동2가 142-7,칠성동2가 142-7,칠성동,4,35.8801488,128.5925201
2020,대구광역시 북구 칠성동2가 146-1,칠성동2가 146-1,칠성동,1,35.880175,128.5921143
2020,대구광역시 북구 칠성동2가 146-12,칠성동2가 146-12,칠성동,2,35.8801359,128.592222
2020,대구광역시 북구 칠성동2가 146-2,칠성동2가 146-2,칠성동,14,35.8800216,128.5923584
2020,대구광역시 북구 칠성동2가 159-2,칠성동2가 159-2,칠성동,10,35.8802756,128.5909995
2020,대구광역시 북구 칠성동2가 161-5,칠성동2가 161-5,칠성동,3,35.8802851,128.5916935
2020,대구광역시 북구 칠성동2가 161-7,칠성동2가 161-7,칠성동,1,35.8802524,128.5918826
2020,대구광역시 북구 칠성동2가 161-8,칠성동2가 161-8,칠성동,2,35.8802614,128.5917913
2020,대구광역시 북구 칠성동2가 168-13,칠성동2가 168-13,칠성동,6,35.8808591,128.5908721
2020,대구광역시 북구 칠성동2가 175-6,칠성동2가 175-6,칠성동,2,35.8806079,128.589888
2020,대구광역시 북구 칠성동2가 176-16,칠성동2가 176-16,칠성동,1,35.8804875,128.5898771
2020,대구광역시 북구 칠성동2가 181-11,칠성동2가 181-11,칠성동,2,35.8788412,128.5894062
2020,대구광역시 북구 칠성동2가 2-13,칠성동2가 2-13,칠성동,1,35.8857595,128.5859985
2020,대구광역시 북구 칠성동2가 2-14,칠성동2가 2-14,칠성동,2,35.8853971,128.5862499
2020,대구광역시 북구 칠성동2가 2-17,칠성동2가 2-17,칠성동,1,35.8847303,128.5862143
2020,대구광역시 북구 칠성동2가 2-5,칠성동2가 2-5,칠성동,2,35.8846913,128.5870682
2020,대구광역시 북구 칠성동2가 2-6,칠성동2가 2-6,칠성동,1,35.8848947,128.5884495
2020,대구광역시 북구 칠성동2가 20-1,칠성동2가 20-1,칠성동,3,35.8850996,128.5898843
2020,대구광역시 북구 칠성동2가 242-19,칠성동2가 242-19,칠성동,1,35.8776695,128.589344
2020,대구광역시 북구 칠성동2가 244-19,칠성동2가 244-19,칠성동,1,35.8777607,128.5894757
2020,대구광역시 북구 칠성동2가 249-4,칠성동2가 249-4,칠성동,1,35.8787986,128.589848
2020,대구광역시 북구 칠성동2가 25-1,칠성동2가 25-1,칠성동,1,35.8854775,128.5920963
2020,대구광역시 북구 칠성동2가 289-3,칠성동2가 289-3,칠성동,1,35.8779709,128.5936258
2020,대구광역시 북구 칠성동2가 291-1,칠성동2가 291-1,칠성동,12,35.8781629,128.593072
2020,대구광역시 북구 칠성동2가 292-2,칠성동2가 292-2,칠성동,2,35.8781734,128.5944647
2020,대구광역시 북구 칠성동2가 293-1,칠성동2가 293-1,칠성동,1,35.8783994,128.5945701
2020,대구광역시 북구 칠성동2가 296-2,칠성동2가 296-2,칠성동,6,35.8790483,128.5949961
2020,대구광역시 북구 칠성동2가 296-4,칠성동2가 296-4,칠성동,1,35.8788518,128.5951886
2020,대구광역시 북구 칠성동2가 297-23,칠성동2가 297-23,칠성동,1,35.878303,128.5950444
2020,대구광역시 북구 칠성동2가 297-27,칠성동2가 297-27,칠성동,2,35.8788003,128.5949199
2020,대구광역시 북구 칠성동2가 297-5,칠성동2가 297-5,칠성동,2,35.8783657,128.5949825
2020,대구광역시 북구 칠성동2가 299-2,칠성동2가 299-2,칠성동,2,35.8782644,128.5952802
2020,대구광역시 북구 칠성동2가 299-30,칠성동2가 299-30,칠성동,1,35.8778738,128.5945198
2020,대구광역시 북구 칠성동2가 299-9,칠성동2가 299-9,칠성동,1,35.8779967,128.5948888
2020,대구광역시 북구 칠성동2가 302-100,칠성동2가 302-100,칠성동,2,35.8756206,128.60075
2020,대구광역시 북구 칠성동2가 302-105,칠성동2가 302-105,칠성동,1,35.876561,128.5994054
2020,대구광역시 북구 칠성동2가 302-106,칠성동2가 302-106,칠성동,2,35.8765442,128.5991541
2020,대구광역시 북구 칠성동2가 302-113,칠성동2가 302-113,칠성동,1,35.8762265,128.5975324
2020,대구광역시 북구 칠성동2가 302-114,칠성동2가 302-114,칠성동,5,35.8764428,128.5987037
2020,대구광역시 북구 칠성동2가 302-122,칠성동2가 302-122,칠성동,1,35.8764901,128.5966596
2020,대구광역시 북구 칠성동2가 302-124,칠성동2가 302-124,칠성동,3,35.8769931,128.5943406
2020,대구광역시 북구 칠성동2가 302-128,칠성동2가 302-128,칠성동,4,35.8776267,128.5946327
2020,대구광역시 북구 칠성동2가 302-136,칠성동2가 302-136,칠성동,11,35.877565,128.5929109
2020,대구광역시 북구 칠성동2가 302-139,칠성동2가 302-139,칠성동,18,35.8772793,128.5920985
2020,대구광역시 북구 칠성동2가 302-142,칠성동2가 302-142,칠성동,33,35.8778736,128.5922812
2020,대구광역시 북구 칠성동2가 302-155,칠성동2가 302-155,칠성동,5,35.876024,128.5955608
2020,대구광역시 북구 칠성동2가 302-197,칠성동2가 302-197,칠성동,1,35.8759552,128.5990983
2020,대구광역시 북구 칠성동2가 302-206,칠성동2가 302-206,칠성동,1,35.8759964,128.5981088
2020,대구광역시 북구 칠성동2가 302-207,칠성동2가 302-207,칠성동,1,35.8760602,128.5978116
2020,대구광역시 북구 칠성동2가 302-218,칠성동2가 302-218,칠성동,8,35.8775612,128.5902061
2020,대구광역시 북구 칠성동2가 302-219,칠성동2가 302-219,칠성동,41,35.8773711,128.5903762
2020,대구광역시 북구 칠성동2가 302-222,칠성동2가 302-222,칠성동,1,35.8761903,128.5982643
2020,대구광역시 북구 칠성동2가 302-232,칠성동2가 302-232,칠성동,1,35.8765695,128.5962731
2020,대구광역시 북구 칠성동2가 302-238,칠성동2가 302-238,칠성동,2,35.8764619,128.5968246
2020,대구광역시 북구 칠성동2가 302-239,칠성동2가 302-239,칠성동,1,35.8764652,128.596983
2020,대구광역시 북구 칠성동2가 302-241,칠성동2가 302-241,칠성동,2,35.8749888,128.6009914
2020,대구광역시 북구 칠성동2가 302-252,칠성동2가 302-252,칠성동,1,35.8775551,128.5914145
2020,대구광역시 북구 칠성동2가 302-26,칠성동2가 302-26,칠성동,1,35.8779314,128.5902809
2020,대구광역시 북구 칠성동2가 302-262,칠성동2가 302-262,칠성동,1,35.8771901,128.5916206
2020,대구광역시 북구 칠성동2가 302-263,칠성동2가 302-263,칠성동,1,35.8755026,128.6007512
2020,대구광역시 북구 칠성동2가 302-268,칠성동2가 302-268,칠성동,2,35.8776304,128.5903875
2020,대구광역시 북구 칠성동2가 302-271,칠성동2가 302-271,칠성동,2,35.8780151,128.5915451
2020,대구광역시 북구 칠성동2가 302-272,칠성동2가 302-272,칠성동,1,35.8778768,128.5915077
2020,대구광역시 북구 칠성동2가 302-276,칠성동2가 302-276,칠성동,1,35.8767651,128.5985479
2020,대구광역시 북구 칠성동2가 302-277,칠성동2가 302-277,칠성동,1,35.8767344,128.5987079
2020,대구광역시 북구 칠성동2가 302-278,칠성동2가 302-278,칠성동,1,35.876791,128.5989077
2020,대구광역시 북구 칠성동2가 302-282,칠성동2가 302-282,칠성동,1,35.8778098,128.5913995
2020,대구광역시 북구 칠성동2가 302-285,칠성동2가 302-285,칠성동,2,35.8777097,128.5919122
2020,대구광역시 북구 칠성동2가 302-297,칠성동2가 302-297,칠성동,9,35.8767884,128.5941809
2020,대구광역시 북구 칠성동2가 302-308,칠성동2가 302-308,칠성동,1,35.8768739,128.595252
2020,대구광역시 북구 칠성동2가 302-310,칠성동2가 302-310,칠성동,1,35.8768098,128.5955849
2020,대구광역시 북구 칠성동2가 302-311,칠성동2가 302-311,칠성동,3,35.87695,128.5955656
2020,대구광역시 북구 칠성동2가 302-315,칠성동2가 302-315,칠성동,1,35.8767913,128.5967477
2020,대구광역시 북구 칠성동2가 302-336,칠성동2가 302-336,칠성동,1,35.8757847,128.5993862
2020,대구광역시 북구 칠성동2가 302-348,칠성동2가 302-348,칠성동,1,35.8763983,128.5971729
2020,대구광역시 북구 칠성동2가 302-352,칠성동2가 302-352,칠성동,3,35.8766648,128.5972025
2020,대구광역시 북구 칠성동2가 302-353,칠성동2가 302-353,칠성동,3,35.8767453,128.5969857
2020,대구광역시 북구 칠성동2가 302-354,칠성동2가 302-354,칠성동,2,35.8767108,128.597205
2020,대구광역시 북구 칠성동2가 302-378,칠성동2가 302-378,칠성동,1,35.8763897,128.5957622
2020,대구광역시 북구 칠성동2가 302-381,칠성동2가 302-381,칠성동,1,35.8774249,128.5936095
2020,대구광역시 북구 칠성동2가 302-386,칠성동2가 302-386,칠성동,1,35.877713,128.5936163
2020,대구광역시 북구 칠성동2가 302-387,칠성동2가 302-387,칠성동,1,35.8776548,128.5938957
2020,대구광역시 북구 칠성동2가 302-388,칠성동2가 302-388,칠성동,1,35.8771681,128.5903779
2020,대구광역시 북구 칠성동2가 302-398,칠성동2가 302-398,칠성동,12,35.8769037,128.5910938
2020,대구광역시 북구 칠성동2가 302-400,칠성동2가 302-400,칠성동,2,35.8777947,128.5932165
2020,대구광역시 북구 칠성동2가 302-70,칠성동2가 302-70,칠성동,1,35.8769371,128.5960159
2020,대구광역시 북구 칠성동2가 302-93,칠성동2가 302-93,칠성동,28,35.8774439,128.5925378
2020,대구광역시 북구 칠성동2가 302-94,칠성동2가 302-94,칠성동,77,35.8762547,128.5985437
2020,대구광역시 북구 칠성동2가 302-95,칠성동2가 302-95,칠성동,2,35.8761657,128.6008831
2020,대구광역시 북구 칠성동2가 302-97,칠성동2가 302-97,칠성동,1,35.8754853,128.6009829
2020,대구광역시 북구 칠성동2가 302-99,칠성동2가 302-99,칠성동,1,35.8751475,128.6009802
2020,대구광역시 북구 칠성동2가 303,칠성동2가 303,칠성동,1,35.877607,128.5951193
2020,대구광역시 북구 칠성동2가 307-2,칠성동2가 307-2,칠성동,1,35.8771542,128.5954206
2020,대구광역시 북구 칠성동2가 307-3,칠성동2가 307-3,칠성동,3,35.8771346,128.5955344
2020,대구광역시 북구 칠성동2가 307-4,칠성동2가 307-4,칠성동,1,35.8771124,128.595628
2020,대구광역시 북구 칠성동2가 308-3,칠성동2가 308-3,칠성동,1,35.8770647,128.5956998
2020,대구광역시 북구 칠성동2가 310-1,칠성동2가 310-1,칠성동,5,35.8773467,128.5954986
2020,대구광역시 북구 칠성동2가 310-6,칠성동2가 310-6,칠성동,2,35.8776187,128.5956162
2020,대구광역시 북구 칠성동2가 311-1,칠성동2가 311-1,칠성동,1,35.8777832,128.5954993
2020,대구광역시 북구 칠성동2가 312-2,칠성동2가 312-2,칠성동,1,35.8778557,128.5955607
2020,대구광역시 북구 칠성동2가 312-3,칠성동2가 312-3,칠성동,1,35.8778271,128.595642
2020,대구광역시 북구 칠성동2가 312-4,칠성동2가 312-4,칠성동,1,35.8778932,128.5954492
2020,대구광역시 북구 칠성동2가 312-6,칠성동2가 312-6,칠성동,1,35.8779383,128.595253
2020,대구광역시 북구 칠성동2가 313,칠성동2가 313,칠성동,1,35.8777922,128.5957246
2020,대구광역시 북구 칠성동2가 314,칠성동2가 314,칠성동,2,35.8777579,128.5958279
2020,대구광역시 북구 칠성동2가 315-1,칠성동2가 315-1,칠성동,1,35.8779548,128.5959108
2020,대구광역시 북구 칠성동2가 315-11,칠성동2가 315-11,칠성동,1,35.8779684,128.595633
2020,대구광역시 북구 칠성동2가 315-3,칠성동2가 315-3,칠성동,2,35.8778895,128.5958133
2020,대구광역시 북구 칠성동2가 315-8,칠성동2가 315-8,칠성동,2,35.8779991,128.5958039
2020,대구광역시 북구 칠성동2가 315-9,칠성동2가 315-9,칠성동,1,35.8779909,128.5957194
2020,대구광역시 북구 칠성동2가 344-1,칠성동2가 344-1,칠성동,3,35.8796541,128.5957223
2020,대구광역시 북구 칠성동2가 344-2,칠성동2가 344-2,칠성동,10,35.8795127,128.5952896
2020,대구광역시 북구 칠성동2가 345-1,칠성동2가 345-1,칠성동,1,35.8796645,128.5953104
2020,대구광역시 북구 칠성동2가 346-4,칠성동2가 346-4,칠성동,2,35.8797078,128.5949314
2020,대구광역시 북구 칠성동2가 346-9,칠성동2가 346-9,칠성동,1,35.879959,128.5952353
2020,대구광역시 북구 칠성동2가 348-1,칠성동2가 348-1,칠성동,1,35.8799085,128.594501
2020,대구광역시 북구 칠성동2가 348-16,칠성동2가 348-16,칠성동,1,35.8798807,128.5940192
2020,대구광역시 북구 칠성동2가 348-21,칠성동2가 348-21,칠성동,1,35.8797945,128.5943056
2020,대구광역시 북구 칠성동2가 348-25,칠성동2가 348-25,칠성동,11,35.8797822,128.5945145
2020,대구광역시 북구 칠성동2가 348-3,칠성동2가 348-3,칠성동,2,35.8798856,128.5938918
2020,대구광역시 북구 칠성동2가 355-18,칠성동2가 355-18,칠성동,1,35.8805636,128.5937474
2020,대구광역시 북구 칠성동2가 355-19,칠성동2가 355-19,칠성동,1,35.8804747,128.5936942
2020,대구광역시 북구 칠성동2가 355-27,칠성동2가 355-27,칠성동,1,35.8799709,128.5935763
2020,대구광역시 북구 칠성동2가 355-8,칠성동2가 355-8,칠성동,1,35.8804689,128.5935665
2020,대구광역시 북구 칠성동2가 361-1,칠성동2가 361-1,칠성동,33,35.8808672,128.5961128
2020,대구광역시 북구 칠성동2가 369-1,칠성동2가 369-1,칠성동,1,35.8800183,128.5961756
2020,대구광역시 북구 칠성동2가 369-14,칠성동2가 369-14,칠성동,4,35.8803384,128.5954979
2020,대구광역시 북구 칠성동2가 369-3,칠성동2가 369-3,칠성동,1,35.8805342,128.5954769
2020,대구광역시 북구 칠성동2가 369-9,칠성동2가 369-9,칠성동,15,35.880111,128.5967858
2020,대구광역시 북구 칠성동2가 370-5,칠성동2가 370-5,칠성동,4,35.8799934,128.5964103
2020,대구광역시 북구 칠성동2가 378-20,칠성동2가 378-20,칠성동,9,35.8826675,128.5934722
2020,대구광역시 북구 칠성동2가 378-21,칠성동2가 378-21,칠성동,5,35.8818164,128.5958073
2020,대구광역시 북구 칠성동2가 378-22,칠성동2가 378-22,칠성동,1,35.8819308,128.5962128
2020,대구광역시 북구 칠성동2가 378-26,칠성동2가 378-26,칠성동,1,35.8823221,128.593903
2020,대구광역시 북구 칠성동2가 378-27,칠성동2가 378-27,칠성동,3,35.8817214,128.5934139
2020,대구광역시 북구 칠성동2가 381-14,칠성동2가 381-14,칠성동,1,35.8816843,128.5966406
2020,대구광역시 북구 칠성동2가 382-34,칠성동2가 382-34,칠성동,1,35.8810997,128.5974889
2020,대구광역시 북구 칠성동2가 383-2,칠성동2가 383-2,칠성동,1,35.8809343,128.5976319
2020,대구광역시 북구 칠성동2가 383-5,칠성동2가 383-5,칠성동,2,35.8807153,128.5974929
2020,대구광역시 북구 칠성동2가 384-1,칠성동2가 384-1,칠성동,1,35.8806607,128.5976438
2020,대구광역시 북구 칠성동2가 384-3,칠성동2가 384-3,칠성동,1,35.8805774,128.59755
2020,대구광역시 북구 칠성동2가 385-13,칠성동2가 385-13,칠성동,1,35.8804447,128.5976364
2020,대구광역시 북구 칠성동2가 395-1,칠성동2가 395-1,칠성동,1,35.8814839,128.5985345
2020,대구광역시 북구 칠성동2가 40-4,칠성동2가 40-4,칠성동,3,35.8832531,128.590984
2020,대구광역시 북구 칠성동2가 40-6,칠성동2가 40-6,칠성동,8,35.8832494,128.5908215
2020,대구광역시 북구 칠성동2가 400-1,칠성동2가 400-1,칠성동,1,35.8824264,128.6010489
2020,대구광역시 북구 칠성동2가 400-21,칠성동2가 400-21,칠성동,6,35.8823886,128.6008882
2020,대구광역시 북구 칠성동2가 400-3,칠성동2가 400-3,칠성동,1,35.8823089,128.6010089
2020,대구광역시 북구 칠성동2가 401-2,칠성동2가 401-2,칠성동,1,35.8817041,128.6009066
2020,대구광역시 북구 칠성동2가 403-10,칠성동2가 403-10,칠성동,1,35.8815247,128.6008583
2020,대구광역시 북구 칠성동2가 403-20,칠성동2가 403-20,칠성동,1,35.8813941,128.6008062
2020,대구광역시 북구 칠성동2가 403-24,칠성동2가 403-24,칠성동,1,35.8825545,128.5994156
2020,대구광역시 북구 칠성동2가 403-84,칠성동2가 403-84,칠성동,1,35.8816449,128.6007849
2020,대구광역시 북구 칠성동2가 403-9,칠성동2가 403-9,칠성동,1,35.8815813,128.6007623
2020,대구광역시 북구 칠성동2가 406-5,칠성동2가 406-5,칠성동,1,35.8805536,128.6011764
2020,대구광역시 북구 칠성동2가 407-8,칠성동2가 407-8,칠성동,3,35.8801952,128.6017362
2020,대구광역시 북구 칠성동2가 409-10,칠성동2가 409-10,칠성동,1,35.8783635,128.6009757
2020,대구광역시 북구 칠성동2가 409-167,칠성동2가 409-167,칠성동,1,35.8792753,128.6006885
2020,대구광역시 북구 칠성동2가 409-24,칠성동2가 409-24,칠성동,11,35.8791223,128.6025818
2020,대구광역시 북구 칠성동2가 409-26,칠성동2가 409-26,칠성동,1,35.8786637,128.5999579
2020,대구광역시 북구 칠성동2가 409-486,칠성동2가 409-486,칠성동,1,35.8787007,128.6011157
2020,대구광역시 북구 칠성동2가 409-561,칠성동2가 409-561,칠성동,1,35.8790209,128.6005185
2020,대구광역시 북구 칠성동2가 409-786,칠성동2가 409-786,칠성동,1,35.8792709,128.6019383
2020,대구광역시 북구 칠성동2가 409-836,칠성동2가 409-836,칠성동,3,35.878748,128.6012842
2020,대구광역시 북구 칠성동2가 41-8,칠성동2가 41-8,칠성동,8,35.8827632,128.5931881
2020,대구광역시 북구 칠성동2가 413-23,칠성동2가 413-23,칠성동,1,35.8792459,128.598714
2020,대구광역시 북구 칠성동2가 42-12,칠성동2가 42-12,칠성동,1,35.8829395,128.5906074
2020,대구광역시 북구 칠성동2가 438-13,칠성동2가 438-13,칠성동,1,35.8775934,128.5972371
2020,대구광역시 북구 칠성동2가 438-17,칠성동2가 438-17,칠성동,2,35.8775073,128.597269
2020,대구광역시 북구 칠성동2가 438-19,칠성동2가 438-19,칠성동,1,35.8774218,128.5974918
2020,대구광역시 북구 칠성동2가 438-20,칠성동2가 438-20,칠성동,1,35.8774367,128.5973958
2020,대구광역시 북구 칠성동2가 438-22,칠성동2가 438-22,칠성동,3,35.8773448,128.5973886
2020,대구광역시 북구 칠성동2가 438-33,칠성동2가 438-33,칠성동,1,35.8772825,128.5971039
2020,대구광역시 북구 칠성동2가 438-34,칠성동2가 438-34,칠성동,1,35.8771762,128.5972504
2020,대구광역시 북구 칠성동2가 438-35,칠성동2가 438-35,칠성동,1,35.8771929,128.5971848
2020,대구광역시 북구 칠성동2가 438-42,칠성동2가 438-42,칠성동,1,35.877352,128.5974245
2020,대구광역시 북구 칠성동2가 438-45,칠성동2가 438-45,칠성동,1,35.8773779,128.5975946
2020,대구광역시 북구 칠성동2가 438-7,칠성동2가 438-7,칠성동,2,35.8776603,128.5974081
2020,대구광역시 북구 칠성동2가 438-8,칠성동2가 438-8,칠성동,2,35.8776508,128.5975433
2020,대구광역시 북구 칠성동2가 493,칠성동2가 493,칠성동,1,35.8777388,128.5962935
2020,대구광역시 북구 칠성동2가 504,칠성동2가 504,칠성동,4,35.8770009,128.5962213
2020,대구광역시 북구 칠성동2가 526-2,칠성동2가 526-2,칠성동,1,35.8773855,128.5977323
2020,대구광역시 북구 칠성동2가 527-10,칠성동2가 527-10,칠성동,2,35.8769793,128.5972406
2020,대구광역시 북구 칠성동2가 527-12,칠성동2가 527-12,칠성동,1,35.8769094,128.5971266
2020,대구광역시 북구 칠성동2가 527-13,칠성동2가 527-13,칠성동,4,35.8768234,128.5970427
2020,대구광역시 북구 칠성동2가 527-17,칠성동2가 527-17,칠성동,1,35.8768737,128.5972141
2020,대구광역시 북구 칠성동2가 527-20,칠성동2가 527-20,칠성동,1,35.8767673,128.5972206
2020,대구광역시 북구 칠성동2가 527-4,칠성동2가 527-4,칠성동,2,35.8769006,128.5974608
2020,대구광역시 북구 칠성동2가 528-3,칠성동2가 528-3,칠성동,2,35.8768581,128.5976675
2020,대구광역시 북구 칠성동2가 529-14,칠성동2가 529-14,칠성동,1,35.8772129,128.5980641
2020,대구광역시 북구 칠성동2가 529-17,칠성동2가 529-17,칠성동,1,35.8771342,128.5975579
2020,대구광역시 북구 칠성동2가 529-2,칠성동2가 529-2,칠성동,1,35.8772871,128.5976475
2020,대구광역시 북구 칠성동2가 529-3,칠성동2가 529-3,칠성동,1,35.8772406,128.5977769
2020,대구광역시 북구 칠성동2가 538-13,칠성동2가 538-13,칠성동,3,35.8773142,128.5987439
2020,대구광역시 북구 칠성동2가 538-18,칠성동2가 538-18,칠성동,1,35.8771804,128.5990448
2020,대구광역시 북구 칠성동2가 539-22,칠성동2가 539-22,칠성동,1,35.8771529,128.5983505
2020,대구광역시 북구 칠성동2가 539-23,칠성동2가 539-23,칠성동,1,35.8771925,128.5984295
2020,대구광역시 북구 칠성동2가 541-6,칠성동2가 541-6,칠성동,1,35.8773849,128.5983607
2020,대구광역시 북구 칠성동2가 542-44,칠성동2가 542-44,칠성동,1,35.8777661,128.5993697
2020,대구광역시 북구 칠성동2가 55-3,칠성동2가 55-3,칠성동,5,35.8841029,128.5869911
2020,대구광역시 북구 칠성동2가 574-25,칠성동2가 574-25,칠성동,1,35.8767466,128.6011076
2020,대구광역시 북구 칠성동2가 575-10,칠성동2가 575-10,칠성동,1,35.8769471,128.6005114
2020,대구광역시 북구 칠성동2가 575-5,칠성동2가 575-5,칠성동,3,35.8767206,128.600902
2020,대구광역시 북구 칠성동2가 576-6,칠성동2가 576-6,칠성동,2,35.8771658,128.5999316
2020,대구광역시 북구 칠성동2가 577-15,칠성동2가 577-15,칠성동,1,35.8769098,128.6002056
2020,대구광역시 북구 칠성동2가 578-15,칠성동2가 578-15,칠성동,1,35.8769864,128.600372
2020,대구광역시 북구 칠성동2가 656-1,칠성동2가 656-1,칠성동,5,35.8816569,128.6021917
2020,대구광역시 북구 칠성동2가 659,칠성동2가 659,칠성동,2,35.8811096,128.6013435
2020,대구광역시 북구 칠성동2가 660,칠성동2가 660,칠성동,1,35.8821093,128.6001318
2020,대구광역시 북구 칠성동2가 661,칠성동2가 661,칠성동,1,35.8795222,128.5983281
2020,대구광역시 북구 칠성동2가 664-2,칠성동2가 664-2,칠성동,1,35.8805989,128.5977041
2020,대구광역시 북구 칠성동2가 681,칠성동2가 681,칠성동,2,35.8830258,128.5912722
2020,대구광역시 북구 칠성동2가 698,칠성동2가 698,칠성동,1,35.8804582,128.5899779
2020,대구광역시 북구 칠성동2가 698-2,칠성동2가 698-2,칠성동,1,35.8800105,128.5897564
2020,대구광역시 북구 칠성동2가 70-1,칠성동2가 70-1,칠성동,1,35.8807768,128.5898339
2020,대구광역시 북구 칠성동2가 702,칠성동2가 702,칠성동,1,35.8788762,128.5891926
2020,대구광역시 북구 칠성동2가 707,칠성동2가 707,칠성동,1,35.8772816,128.5888163
2020,대구광역시 북구 칠성동2가 71-3,칠성동2가 71-3,칠성동,5,35.8806192,128.5897764
2020,대구광역시 북구 칠성동2가 71-4,칠성동2가 71-4,칠성동,1,35.8805621,128.589778
2020,대구광역시 북구 칠성동2가 71-5,칠성동2가 71-5,칠성동,5,35.8806497,128.5896911
2020,대구광역시 북구 칠성동2가 71-8,칠성동2가 71-8,칠성동,3,35.880644,128.5895671
2020,대구광역시 북구 칠성동2가 711,칠성동2가 711,칠성동,18,35.8809797,128.5895423
2020,대구광역시 북구 칠성동2가 715,칠성동2가 715,칠성동,20,35.8793026,128.5915786
2020,대구광역시 북구 칠성동2가 716,칠성동2가 716,칠성동,8,35.8790547,128.5940092
2020,대구광역시 북구 칠성동2가 717,칠성동2가 717,칠성동,1,35.8783658,128.5934737
2020,대구광역시 북구 칠성동2가 718,칠성동2가 718,칠성동,3,35.8782934,128.5938165
2020,대구광역시 북구 칠성동2가 719,칠성동2가 719,칠성동,2,35.8783279,128.5941503
2020,대구광역시 북구 칠성동2가 720,칠성동2가 720,칠성동,2,35.8781351,128.5940861
2020,대구광역시 북구 칠성동2가 721,칠성동2가 721,칠성동,30,35.8791368,128.5946435
2020,대구광역시 북구 칠성동2가 722,칠성동2가 722,칠성동,2,35.8786189,128.5912088
2020,대구광역시 북구 칠성동2가 723,칠성동2가 723,칠성동,36,35.8807792,128.5968365
2020,대구광역시 북구 칠성동2가 724,칠성동2가 724,칠성동,1,35.8838602,128.5904235
2020,대구광역시 북구 칠성동2가 725,칠성동2가 725,칠성동,12,35.8838535,128.5911131
2020,대구광역시 북구 칠성동2가 726,칠성동2가 726,칠성동,5,35.8836901,128.591612
2020,대구광역시 북구 칠성동2가 727,칠성동2가 727,칠성동,2,35.8834541,128.5922552
2020,대구광역시 북구 칠성동2가 728-1,칠성동2가 728-1,칠성동,39,35.8842031,128.5919624
2020,대구광역시 북구 칠성동2가 729,칠성동2가 729,칠성동,1,35.885483,128.5909285
2020,대구광역시 북구 칠성동2가 73-11,칠성동2가 73-11,칠성동,1,35.8803551,128.5895321
2020,대구광역시 북구 칠성동2가 730,칠성동2가 730,칠성동,40,35.8853377,128.5920086
2020,대구광역시 북구 칠성동2가 731,칠성동2가 731,칠성동,6,35.8849138,128.5906874
2020,대구광역시 북구 칠성동2가 732,칠성동2가 732,칠성동,1,35.885159,128.5910094
2020,대구광역시 북구 칠성동2가 733,칠성동2가 733,칠성동,103,35.8848125,128.5915104
2020,대구광역시 북구 칠성동2가 734,칠성동2가 734,칠성동,9,35.8846809,128.5921078
2020,대구광역시 북구 칠성동2가 735,칠성동2가 735,칠성동,5,35.8843101,128.591284
2020,대구광역시 북구 칠성동2가 736,칠성동2가 736,칠성동,37,35.8770813,128.5931901
2020,대구광역시 북구 칠성동2가 81-1,칠성동2가 81-1,칠성동,1,35.8797882,128.5895117
2020,대구광역시 북구 칠성동2가 83-3,칠성동2가 83-3,칠성동,2,35.8795609,128.5894574
2020,대구광역시 북구 칠성동2가 85-1,칠성동2가 85-1,칠성동,1,35.8791643,128.5891653
2020,대구광역시 북구 칠성동2가 85-13,칠성동2가 85-13,칠성동,1,35.8789824,128.5890902
2020,대구광역시 북구 칠성동2가 85-4,칠성동2가 85-4,칠성동,1,35.8790518,128.5891565
2020,대구광역시 북구 칠성동2가 88-5,칠성동2가 88-5,칠성동,14,35.8847832,128.5848065
2020,대구광역시 북구 칠성동2가 88-7,칠성동2가 88-7,칠성동,2,35.8849066,128.5846653
2020,대구광역시 북구 칠성동2가 89,칠성동2가 89,칠성동,1,35.8852438,128.5856546
2020,대구광역시 북구 칠성동2가 89-1,칠성동2가 89-1,칠성동,2,35.8848161,128.5853099
2020,대구광역시 북구 칠성동2가 90,칠성동2가 90,칠성동,4,35.8847145,128.5858574
2020,대구광역시 북구 침산동 100-70,침산동 100-70,침산동,1,35.8831412,128.5992485
2020,대구광역시 북구 침산동 100-71,침산동 100-71,침산동,1,35.8830418,128.5993317
2020,대구광역시 북구 침산동 100-73,침산동 100-73,침산동,2,35.8832087,128.5993737
2020,대구광역시 북구 침산동 100-79,침산동 100-79,침산동,1,35.8832865,128.5997471
2020,대구광역시 북구 침산동 100-85,침산동 100-85,침산동,1,35.8830146,128.5995441
2020,대구광역시 북구 침산동 101-1,침산동 101-1,침산동,3,35.8836373,128.5978818
2020,대구광역시 북구 침산동 101-24,침산동 101-24,침산동,3,35.8829065,128.5992625
2020,대구광역시 북구 침산동 101-3,침산동 101-3,침산동,19,35.8829558,128.5985854
2020,대구광역시 북구 침산동 101-6,침산동 101-6,침산동,1,35.8833934,128.5983668
2020,대구광역시 북구 침산동 1010-3,침산동 1010-3,침산동,1,35.9004254,128.5808463
2020,대구광역시 북구 침산동 1011,침산동 1011,침산동,1,35.9001322,128.5808651
2020,대구광역시 북구 침산동 1024-1,침산동 1024-1,침산동,16,35.8992235,128.5889681
2020,대구광역시 북구 침산동 1024-2,침산동 1024-2,침산동,56,35.8990699,128.5890777
2020,대구광역시 북구 침산동 103-6,침산동 103-6,침산동,18,35.8839569,128.5971033
2020,대구광역시 북구 침산동 1034-2,침산동 1034-2,침산동,1,35.8998517,128.5797559
2020,대구광역시 북구 침산동 105-1,침산동 105-1,침산동,10,35.8859401,128.5961612
2020,대구광역시 북구 침산동 105-62,침산동 105-62,침산동,3,35.8822541,128.5959346
2020,대구광역시 북구 침산동 105-63,침산동 105-63,침산동,2,35.8820198,128.5959574
2020,대구광역시 북구 침산동 105-64,침산동 105-64,침산동,1,35.8820897,128.5960098
2020,대구광역시 북구 침산동 105-73,침산동 105-73,침산동,10,35.8857587,128.5936518
2020,대구광역시 북구 침산동 105-74,침산동 105-74,침산동,17,35.8861152,128.594857
2020,대구광역시 북구 침산동 114-1,침산동 114-1,침산동,2,35.887196,128.5962687
2020,대구광역시 북구 침산동 116-22,침산동 116-22,침산동,5,35.8875208,128.5963549
2020,대구광역시 북구 침산동 116-3,침산동 116-3,침산동,1,35.8875168,128.5961499
2020,대구광역시 북구 침산동 116-6,침산동 116-6,침산동,7,35.8877994,128.5934592
2020,대구광역시 북구 침산동 117-10,침산동 117-10,침산동,5,35.8872382,128.5948146
2020,대구광역시 북구 침산동 117-16,침산동 117-16,침산동,1,35.8880008,128.596048
2020,대구광역시 북구 침산동 117-3,침산동 117-3,침산동,7,35.8880637,128.5952774
2020,대구광역시 북구 침산동 117-4,침산동 117-4,침산동,1,35.8877814,128.5960987
2020,대구광역시 북구 침산동 117-9,침산동 117-9,침산동,26,35.8874872,128.5950777
2020,대구광역시 북구 침산동 1193-1,침산동 1193-1,침산동,1,35.8962965,128.5839526
2020,대구광역시 북구 침산동 1208,침산동 1208,침산동,27,35.8986499,128.5791342
2020,대구광역시 북구 침산동 121-5,침산동 121-5,침산동,1,35.8897426,128.595944
2020,대구광역시 북구 침산동 123-1,침산동 123-1,침산동,10,35.8894114,128.5948893
2020,대구광역시 북구 침산동 123-2,침산동 123-2,침산동,1,35.8889787,128.59573
2020,대구광역시 북구 침산동 123-3,침산동 123-3,침산동,1,35.8896972,128.5954696
2020,대구광역시 북구 침산동 126-1,침산동 126-1,침산동,1,35.8907623,128.5943613
2020,대구광역시 북구 침산동 126-11,침산동 126-11,침산동,1,35.8893538,128.5942002
2020,대구광역시 북구 침산동 126-13,침산동 126-13,침산동,1,35.8896248,128.5942078
2020,대구광역시 북구 침산동 126-15,침산동 126-15,침산동,1,35.8894315,128.5940563
2020,대구광역시 북구 침산동 13-105,침산동 13-105,침산동,1,35.8873214,128.5974525
2020,대구광역시 북구 침산동 13-30,침산동 13-30,침산동,1,35.88578,128.5983322
2020,대구광역시 북구 침산동 13-31,침산동 13-31,침산동,1,35.8856891,128.5983437
2020,대구광역시 북구 침산동 13-5,침산동 13-5,침산동,1,35.8860239,128.5980714
2020,대구광역시 북구 침산동 13-50,침산동 13-50,침산동,1,35.8867326,128.5975276
2020,대구광역시 북구 침산동 13-54,침산동 13-54,침산동,3,35.8871952,128.597732
2020,대구광역시 북구 침산동 13-71,침산동 13-71,침산동,1,35.8880032,128.5978136
2020,대구광역시 북구 침산동 133-58,침산동 133-58,침산동,1,35.8904064,128.5942706
2020,대구광역시 북구 침산동 133-78,침산동 133-78,침산동,1,35.8898109,128.5936514
2020,대구광역시 북구 침산동 1375-4,침산동 1375-4,침산동,1,35.8942821,128.5837276
2020,대구광역시 북구 침산동 1419-3,침산동 1419-3,침산동,1,35.8940254,128.5800961
2020,대구광역시 북구 침산동 145-2,침산동 145-2,침산동,1,35.8877114,128.5948655
2020,대구광역시 북구 침산동 146,침산동 146,침산동,4,35.8870687,128.5948349
2020,대구광역시 북구 침산동 15-42,침산동 15-42,침산동,1,35.8857265,128.5990799
2020,대구광역시 북구 침산동 15-48,침산동 15-48,침산동,1,35.8869019,128.5985595
2020,대구광역시 북구 침산동 15-6,침산동 15-6,침산동,3,35.8867067,128.5986372
2020,대구광역시 북구 침산동 150-1,침산동 150-1,침산동,3,35.8835679,128.5968401
2020,대구광역시 북구 침산동 1542,침산동 1542,침산동,1,35.8910862,128.5796822
2020,대구광역시 북구 침산동 156,침산동 156,침산동,2,35.8832384,128.5971749
2020,대구광역시 북구 침산동 156-10,침산동 156-10,침산동,1,35.8821842,128.5977568
2020,대구광역시 북구 침산동 156-12,침산동 156-12,침산동,7,35.8827299,128.5975697
2020,대구광역시 북구 침산동 156-17,침산동 156-17,침산동,2,35.8826518,128.5975937
2020,대구광역시 북구 침산동 156-18,침산동 156-18,침산동,2,35.883046,128.5971137
2020,대구광역시 북구 침산동 156-19,침산동 156-19,침산동,5,35.8827466,128.5972403
2020,대구광역시 북구 침산동 156-21,침산동 156-21,침산동,4,35.8829997,128.5972996
2020,대구광역시 북구 침산동 156-22,침산동 156-22,침산동,1,35.8829569,128.5974258
2020,대구광역시 북구 침산동 156-29,침산동 156-29,침산동,2,35.8824674,128.5974294
2020,대구광역시 북구 침산동 156-31,침산동 156-31,침산동,1,35.8831057,128.5977312
2020,대구광역시 북구 침산동 156-37,침산동 156-37,침산동,1,35.8825669,128.5981367
2020,대구광역시 북구 침산동 156-39,침산동 156-39,침산동,1,35.882495,128.5983514
2020,대구광역시 북구 침산동 156-4,침산동 156-4,침산동,1,35.8829461,128.597498
2020,대구광역시 북구 침산동 156-40,침산동 156-40,침산동,1,35.8824432,128.5982413
2020,대구광역시 북구 침산동 156-42,침산동 156-42,침산동,2,35.8823994,128.5984481
2020,대구광역시 북구 침산동 156-43,침산동 156-43,침산동,1,35.8822585,128.5981671
2020,대구광역시 북구 침산동 156-5,침산동 156-5,침산동,7,35.8825644,128.5976268
2020,대구광역시 북구 침산동 156-51,침산동 156-51,침산동,4,35.8826598,128.5979791
2020,대구광역시 북구 침산동 156-53,침산동 156-53,침산동,9,35.8823313,128.5979744
2020,대구광역시 북구 침산동 156-54,침산동 156-54,침산동,1,35.8821218,128.5979533
2020,대구광역시 북구 침산동 156-60,침산동 156-60,침산동,2,35.8833061,128.5972277
2020,대구광역시 북구 침산동 156-7,침산동 156-7,침산동,8,35.8828916,128.5976083
2020,대구광역시 북구 침산동 156-8,침산동 156-8,침산동,1,35.8830997,128.5973886
2020,대구광역시 북구 침산동 157-14,침산동 157-14,침산동,1,35.8823656,128.597459
2020,대구광역시 북구 침산동 157-16,침산동 157-16,침산동,1,35.8821734,128.5975639
2020,대구광역시 북구 침산동 157-8,침산동 157-8,침산동,2,35.8823396,128.5977679
2020,대구광역시 북구 침산동 1582-4,침산동 1582-4,침산동,1,35.8915968,128.5802255
2020,대구광역시 북구 침산동 1617,침산동 1617,침산동,1,35.8917352,128.580452
2020,대구광역시 북구 침산동 1643-11,침산동 1643-11,침산동,7,35.8903574,128.5828932
2020,대구광역시 북구 침산동 1643-44,침산동 1643-44,침산동,4,35.8902713,128.5829658
2020,대구광역시 북구 침산동 1645-26,침산동 1645-26,침산동,1,35.8901143,128.5833289
2020,대구광역시 북구 침산동 1645-27,침산동 1645-27,침산동,7,35.8902176,128.5832774
2020,대구광역시 북구 침산동 1660-5,침산동 1660-5,침산동,1,35.8903329,128.5809881
2020,대구광역시 북구 침산동 1662-20,침산동 1662-20,침산동,10,35.891331,128.594409
2020,대구광역시 북구 침산동 1663-123,침산동 1663-123,침산동,2,35.8881416,128.5917786
2020,대구광역시 북구 침산동 1663-128,침산동 1663-128,침산동,4,35.885534,128.59213
2020,대구광역시 북구 침산동 1663-16,침산동 1663-16,침산동,6,35.8827979,128.5976312
2020,대구광역시 북구 침산동 1663-177,침산동 1663-177,침산동,1,35.892132,128.5862569
2020,대구광역시 북구 침산동 1663-188,침산동 1663-188,침산동,2,35.889154,128.5912248
2020,대구광역시 북구 침산동 1663-21,침산동 1663-21,침산동,1,35.8840875,128.598398
2020,대구광역시 북구 침산동 1663-223,침산동 1663-223,침산동,2,35.8820203,128.5969211
2020,대구광역시 북구 침산동 1663-237,침산동 1663-237,침산동,1,35.8942952,128.5879474
2020,대구광역시 북구 침산동 1663-354,침산동 1663-354,침산동,1,35.8890835,128.5944753
2020,대구광역시 북구 침산동 1663-358,침산동 1663-358,침산동,1,35.891164,128.5917897
2020,대구광역시 북구 침산동 1663-359,침산동 1663-359,침산동,1,35.8911863,128.5921088
2020,대구광역시 북구 침산동 1663-46,침산동 1663-46,침산동,1,35.8881139,128.5970009
2020,대구광역시 북구 침산동 1663-48,침산동 1663-48,침산동,1,35.8876978,128.5970652
2020,대구광역시 북구 침산동 1663-5,침산동 1663-5,침산동,7,35.8886962,128.5973707
2020,대구광역시 북구 침산동 1663-84,침산동 1663-84,침산동,1,35.8971845,128.5886704
2020,대구광역시 북구 침산동 1663-85,침산동 1663-85,침산동,1,35.8971353,128.5886665
2020,대구광역시 북구 침산동 1663-86,침산동 1663-86,침산동,1,35.8970514,128.5886429
2020,대구광역시 북구 침산동 1664-22,침산동 1664-22,침산동,1,35.8842941,128.600224
2020,대구광역시 북구 침산동 1664-6,침산동 1664-6,침산동,1,35.887945,128.5983143
2020,대구광역시 북구 침산동 1672-22,침산동 1672-22,침산동,1,35.8911666,128.5919771
2020,대구광역시 북구 침산동 1676,침산동 1676,침산동,6,35.8904042,128.5936228
2020,대구광역시 북구 침산동 1678-3,침산동 1678-3,침산동,1,35.8874055,128.59515
2020,대구광역시 북구 침산동 1679-23,침산동 1679-23,침산동,1,35.8871444,128.5921864
2020,대구광역시 북구 침산동 1679-3,침산동 1679-3,침산동,9,35.8889341,128.5931665
2020,대구광역시 북구 침산동 168-19,침산동 168-19,침산동,2,35.8814433,128.5972854
2020,대구광역시 북구 침산동 168-31,침산동 168-31,침산동,1,35.8819339,128.5968077
2020,대구광역시 북구 침산동 168-7,침산동 168-7,침산동,1,35.8818199,128.5968708
2020,대구광역시 북구 침산동 1749,침산동 1749,침산동,6,35.8822177,128.5983612
2020,대구광역시 북구 침산동 1750,침산동 1750,침산동,20,35.8929906,128.5888237
2020,대구광역시 북구 침산동 1751,침산동 1751,침산동,1,35.8939375,128.5884097
2020,대구광역시 북구 침산동 1753,침산동 1753,침산동,2,35.891947,128.5883237
2020,대구광역시 북구 침산동 1754,침산동 1754,침산동,6,35.8928157,128.5880182
2020,대구광역시 북구 침산동 1755,침산동 1755,침산동,7,35.8870484,128.5992409
2020,대구광역시 북구 침산동 1757,침산동 1757,침산동,55,35.8839146,128.5938727
2020,대구광역시 북구 침산동 1757-1,침산동 1757-1,침산동,1,35.8827791,128.5937701
2020,대구광역시 북구 침산동 1758,침산동 1758,침산동,4,35.884029,128.5962916
2020,대구광역시 북구 침산동 1759,침산동 1759,침산동,5,35.8830577,128.595855
2020,대구광역시 북구 침산동 1759-1,침산동 1759-1,침산동,1,35.8831078,128.5966124
2020,대구광역시 북구 침산동 1760,침산동 1760,침산동,6,35.8848086,128.5947738
2020,대구광역시 북구 침산동 1761,침산동 1761,침산동,12,35.8913102,128.5923677
2020,대구광역시 북구 침산동 1762,침산동 1762,침산동,30,35.8911822,128.5919615
2020,대구광역시 북구 침산동 1765,침산동 1765,침산동,14,35.8855661,128.5912104
2020,대구광역시 북구 침산동 18-2,침산동 18-2,침산동,1,35.8866431,128.5989939
2020,대구광역시 북구 침산동 198-2,침산동 198-2,침산동,2,35.8863969,128.5921934
2020,대구광역시 북구 침산동 198-3,침산동 198-3,침산동,2,35.8860954,128.5923569
2020,대구광역시 북구 침산동 198-5,침산동 198-5,침산동,1,35.886299,128.5922107
2020,대구광역시 북구 침산동 213-1,침산동 213-1,침산동,7,35.8871593,128.5931237
2020,대구광역시 북구 침산동 213-4,침산동 213-4,침산동,4,35.8871464,128.5923193
2020,대구광역시 북구 침산동 216-1,침산동 216-1,침산동,1,35.8878961,128.5940367
2020,대구광역시 북구 침산동 218-7,침산동 218-7,침산동,1,35.8879926,128.5933568
2020,대구광역시 북구 침산동 22-100,침산동 22-100,침산동,1,35.8877779,128.5986822
2020,대구광역시 북구 침산동 22-109,침산동 22-109,침산동,1,35.8879514,128.5989534
2020,대구광역시 북구 침산동 22-111,침산동 22-111,침산동,5,35.8878418,128.5990836
2020,대구광역시 북구 침산동 22-23,침산동 22-23,침산동,1,35.8882922,128.5985973
2020,대구광역시 북구 침산동 22-25,침산동 22-25,침산동,3,35.8881411,128.5984223
2020,대구광역시 북구 침산동 22-34,침산동 22-34,침산동,1,35.8877654,128.5989661
2020,대구광역시 북구 침산동 22-38,침산동 22-38,침산동,2,35.8877384,128.5990351
2020,대구광역시 북구 침산동 22-39,침산동 22-39,침산동,5,35.887641,128.5990078
2020,대구광역시 북구 침산동 22-42,침산동 22-42,침산동,1,35.8877398,128.599199
2020,대구광역시 북구 침산동 22-43,침산동 22-43,침산동,1,35.8876309,128.5991663
2020,대구광역시 북구 침산동 22-45,침산동 22-45,침산동,1,35.8875676,128.5992703
2020,대구광역시 북구 침산동 220-3,침산동 220-3,침산동,1,35.8882194,128.5933701
2020,대구광역시 북구 침산동 221-10,침산동 221-10,침산동,1,35.8885272,128.5934968
2020,대구광역시 북구 침산동 221-8,침산동 221-8,침산동,1,35.8884168,128.5933686
2020,대구광역시 북구 침산동 222-4,침산동 222-4,침산동,2,35.8881687,128.5928324
2020,대구광역시 북구 침산동 225-2,침산동 225-2,침산동,1,35.8870811,128.5922249
2020,대구광역시 북구 침산동 226-1,침산동 226-1,침산동,9,35.8869142,128.59204
2020,대구광역시 북구 침산동 226-10,침산동 226-10,침산동,1,35.8867264,128.5922165
2020,대구광역시 북구 침산동 226-3,침산동 226-3,침산동,5,35.8866322,128.5923257
2020,대구광역시 북구 침산동 226-5,침산동 226-5,침산동,2,35.8865859,128.5922211
2020,대구광역시 북구 침산동 226-6,침산동 226-6,침산동,5,35.8865747,128.591991
2020,대구광역시 북구 침산동 226-9,침산동 226-9,침산동,4,35.8868904,128.5922205
2020,대구광역시 북구 침산동 227-1,침산동 227-1,침산동,24,35.8859752,128.5917412
2020,대구광역시 북구 침산동 227-4,침산동 227-4,침산동,2,35.8863843,128.5912054
2020,대구광역시 북구 침산동 23-2,침산동 23-2,침산동,1,35.8879318,128.5991085
2020,대구광역시 북구 침산동 233-2,침산동 233-2,침산동,1,35.8861957,128.5909479
2020,대구광역시 북구 침산동 233-3,침산동 233-3,침산동,5,35.8866643,128.5896894
2020,대구광역시 북구 침산동 233-4,침산동 233-4,침산동,51,35.8870561,128.588578
2020,대구광역시 북구 침산동 233-7,침산동 233-7,침산동,2,35.8872585,128.5905812
2020,대구광역시 북구 침산동 245-1,침산동 245-1,침산동,6,35.8874646,128.5918484
2020,대구광역시 북구 침산동 245-6,침산동 245-6,침산동,1,35.8874665,128.5915431
2020,대구광역시 북구 침산동 247-2,침산동 247-2,침산동,5,35.8873198,128.5912876
2020,대구광역시 북구 침산동 248-5,침산동 248-5,침산동,1,35.8876373,128.5918053
2020,대구광역시 북구 침산동 25-47,침산동 25-47,침산동,1,35.8862621,128.5991366
2020,대구광역시 북구 침산동 252-1,침산동 252-1,침산동,3,35.8885821,128.5895885
2020,대구광역시 북구 침산동 252-2,침산동 252-2,침산동,2,35.8880073,128.5895319
2020,대구광역시 북구 침산동 257-4,침산동 257-4,침산동,2,35.8885889,128.5898575
2020,대구광역시 북구 침산동 260-2,침산동 260-2,침산동,24,35.8881877,128.5911727
2020,대구광역시 북구 침산동 260-3,침산동 260-3,침산동,3,35.8881471,128.5916979
2020,대구광역시 북구 침산동 260-8,침산동 260-8,침산동,3,35.8880518,128.5909312
2020,대구광역시 북구 침산동 260-9,침산동 260-9,침산동,1,35.8877562,128.5909458
2020,대구광역시 북구 침산동 261-1,침산동 261-1,침산동,6,35.8879279,128.5917147
2020,대구광역시 북구 침산동 262-2,침산동 262-2,침산동,12,35.8876297,128.5921904
2020,대구광역시 북구 침산동 262-5,침산동 262-5,침산동,18,35.887271,128.5921511
2020,대구광역시 북구 침산동 265-1,침산동 265-1,침산동,1,35.8884533,128.5927079
2020,대구광역시 북구 침산동 265-11,침산동 265-11,침산동,14,35.8878253,128.592271
2020,대구광역시 북구 침산동 265-2,침산동 265-2,침산동,40,35.888093,128.5921307
2020,대구광역시 북구 침산동 265-7,침산동 265-7,침산동,3,35.8882528,128.5925881
2020,대구광역시 북구 침산동 266-11,침산동 266-11,침산동,1,35.8881408,128.5922691
2020,대구광역시 북구 침산동 266-7,침산동 266-7,침산동,2,35.8882741,128.5922675
2020,대구광역시 북구 침산동 267-4,침산동 267-4,침산동,4,35.8883406,128.5918913
2020,대구광역시 북구 침산동 267-5,침산동 267-5,침산동,18,35.8884476,128.5918266
2020,대구광역시 북구 침산동 268-1,침산동 268-1,침산동,2,35.8886118,128.5914234
2020,대구광역시 북구 침산동 268-6,침산동 268-6,침산동,2,35.8884701,128.5914206
2020,대구광역시 북구 침산동 269-10,침산동 269-10,침산동,47,35.8893031,128.5902469
2020,대구광역시 북구 침산동 269-2,침산동 269-2,침산동,7,35.8888996,128.5912375
2020,대구광역시 북구 침산동 270-1,침산동 270-1,침산동,2,35.8890143,128.5911182
2020,대구광역시 북구 침산동 277-1,침산동 277-1,침산동,36,35.8906332,128.5904145
2020,대구광역시 북구 침산동 279-2,침산동 279-2,침산동,6,35.8897147,128.590858
2020,대구광역시 북구 침산동 285-10,침산동 285-10,침산동,2,35.8890225,128.5916758
2020,대구광역시 북구 침산동 285-3,침산동 285-3,침산동,2,35.8885514,128.5916566
2020,대구광역시 북구 침산동 285-5,침산동 285-5,침산동,3,35.8887625,128.5918259
2020,대구광역시 북구 침산동 286-1,침산동 286-1,침산동,10,35.8891432,128.5924469
2020,대구광역시 북구 침산동 286-3,침산동 286-3,침산동,1,35.8886001,128.5920919
2020,대구광역시 북구 침산동 288-34,침산동 288-34,침산동,1,35.8894874,128.5926678
2020,대구광역시 북구 침산동 292-1,침산동 292-1,침산동,1,35.8899269,128.5919181
2020,대구광역시 북구 침산동 295-17,침산동 295-17,침산동,3,35.8907001,128.59086
2020,대구광역시 북구 침산동 295-18,침산동 295-18,침산동,3,35.8906361,128.5906771
2020,대구광역시 북구 침산동 295-19,침산동 295-19,침산동,1,35.8908853,128.591062
2020,대구광역시 북구 침산동 295-3,침산동 295-3,침산동,5,35.8908399,128.5905787
2020,대구광역시 북구 침산동 296-1,침산동 296-1,침산동,12,35.8904438,128.591289
2020,대구광역시 북구 침산동 296-6,침산동 296-6,침산동,3,35.8903964,128.5919868
2020,대구광역시 북구 침산동 297-2,침산동 297-2,침산동,2,35.8906482,128.5918581
2020,대구광역시 북구 침산동 298-2,침산동 298-2,침산동,1,35.890247,128.5918866
2020,대구광역시 북구 침산동 298-3,침산동 298-3,침산동,1,35.889786,128.5920447
2020,대구광역시 북구 침산동 298-8,침산동 298-8,침산동,3,35.8900016,128.5921927
2020,대구광역시 북구 침산동 299-8,침산동 299-8,침산동,1,35.8901696,128.5921306
2020,대구광역시 북구 침산동 3-1,침산동 3-1,침산동,1,35.8889439,128.5976498
2020,대구광역시 북구 침산동 3-14,침산동 3-14,침산동,1,35.8886303,128.5978437
2020,대구광역시 북구 침산동 3-6,침산동 3-6,침산동,3,35.8874416,128.5981328
2020,대구광역시 북구 침산동 3-7,침산동 3-7,침산동,1,35.8874234,128.5984536
2020,대구광역시 북구 침산동 301-7,침산동 301-7,침산동,1,35.889392,128.5929738
2020,대구광역시 북구 침산동 302-4,침산동 302-4,침산동,1,35.8897106,128.592945
2020,대구광역시 북구 침산동 302-9,침산동 302-9,침산동,4,35.8895724,128.5929773
2020,대구광역시 북구 침산동 303-10,침산동 303-10,침산동,2,35.88956,128.5930903
2020,대구광역시 북구 침산동 303-3,침산동 303-3,침산동,9,35.8897028,128.5930826
2020,대구광역시 북구 침산동 303-9,침산동 303-9,침산동,1,35.8895483,128.5932098
2020,대구광역시 북구 침산동 304-3,침산동 304-3,침산동,4,35.8897487,128.5932202
2020,대구광역시 북구 침산동 305-16,침산동 305-16,침산동,4,35.8898588,128.5930363
2020,대구광역시 북구 침산동 305-20,침산동 305-20,침산동,1,35.8898058,128.5930713
2020,대구광역시 북구 침산동 305-4,침산동 305-4,침산동,2,35.8900255,128.5927258
2020,대구광역시 북구 침산동 307-3,침산동 307-3,침산동,1,35.890319,128.5932994
2020,대구광역시 북구 침산동 308-1,침산동 308-1,침산동,1,35.8904063,128.593268
2020,대구광역시 북구 침산동 309-1,침산동 309-1,침산동,2,35.8909176,128.5937146
2020,대구광역시 북구 침산동 309-11,침산동 309-11,침산동,1,35.8907245,128.5936166
2020,대구광역시 북구 침산동 309-7,침산동 309-7,침산동,1,35.890606,128.5934415
2020,대구광역시 북구 침산동 310-11,침산동 310-11,침산동,3,35.8907092,128.593281
2020,대구광역시 북구 침산동 310-7,침산동 310-7,침산동,1,35.8909978,128.593456
2020,대구광역시 북구 침산동 312-8,침산동 312-8,침산동,1,35.8906831,128.5928781
2020,대구광역시 북구 침산동 313-12,침산동 313-12,침산동,1,35.8904045,128.5927703
2020,대구광역시 북구 침산동 313-14,침산동 313-14,침산동,3,35.8905051,128.5928344
2020,대구광역시 북구 침산동 313-2,침산동 313-2,침산동,1,35.8904531,128.5929656
2020,대구광역시 북구 침산동 314-1,침산동 314-1,침산동,1,35.8903585,128.5925602
2020,대구광역시 북구 침산동 315-3,침산동 315-3,침산동,2,35.8904837,128.5924028
2020,대구광역시 북구 침산동 317-10,침산동 317-10,침산동,1,35.890511,128.5920242
2020,대구광역시 북구 침산동 317-11,침산동 317-11,침산동,1,35.8907588,128.5919699
2020,대구광역시 북구 침산동 317-2,침산동 317-2,침산동,1,35.8902686,128.5922244
2020,대구광역시 북구 침산동 317-5,침산동 317-5,침산동,10,35.8904939,128.5921546
2020,대구광역시 북구 침산동 317-6,침산동 317-6,침산동,1,35.8907777,128.5920903
2020,대구광역시 북구 침산동 317-7,침산동 317-7,침산동,2,35.8903054,128.5921564
2020,대구광역시 북구 침산동 317-8,침산동 317-8,침산동,2,35.8909263,128.5919249
2020,대구광역시 북구 침산동 320-8,침산동 320-8,침산동,1,35.8912693,128.5922126
2020,대구광역시 북구 침산동 321-31,침산동 321-31,침산동,1,35.8914346,128.5927512
2020,대구광역시 북구 침산동 324-17,침산동 324-17,침산동,1,35.8913154,128.5918343
2020,대구광역시 북구 침산동 324-2,침산동 324-2,침산동,1,35.891435,128.591999
2020,대구광역시 북구 침산동 325-12,침산동 325-12,침산동,1,35.8914152,128.5917714
2020,대구광역시 북구 침산동 325-8,침산동 325-8,침산동,2,35.891231,128.5916895
2020,대구광역시 북구 침산동 327-5,침산동 327-5,침산동,13,35.8914382,128.5912361
2020,대구광역시 북구 침산동 328-8,침산동 328-8,침산동,2,35.8909985,128.5906974
2020,대구광역시 북구 침산동 332-10,침산동 332-10,침산동,8,35.8914829,128.5909356
2020,대구광역시 북구 침산동 332-11,침산동 332-11,침산동,2,35.8914912,128.5913494
2020,대구광역시 북구 침산동 332-14,침산동 332-14,침산동,1,35.8914856,128.5915584
2020,대구광역시 북구 침산동 332-16,침산동 332-16,침산동,2,35.891388,128.5915635
2020,대구광역시 북구 침산동 332-23,침산동 332-23,침산동,1,35.8914589,128.5917362
2020,대구광역시 북구 침산동 332-3,침산동 332-3,침산동,5,35.8915585,128.5914758
2020,대구광역시 북구 침산동 332-34,침산동 332-34,침산동,9,35.8913461,128.5914385
2020,대구광역시 북구 침산동 332-35,침산동 332-35,침산동,4,35.8916867,128.5909585
2020,대구광역시 북구 침산동 332-39,침산동 332-39,침산동,1,35.8913192,128.5916589
2020,대구광역시 북구 침산동 332-45,침산동 332-45,침산동,1,35.8912579,128.5915801
2020,대구광역시 북구 침산동 332-46,침산동 332-46,침산동,1,35.8912409,128.5914319
2020,대구광역시 북구 침산동 332-7,침산동 332-7,침산동,1,35.8915171,128.591662
2020,대구광역시 북구 침산동 332-9,침산동 332-9,침산동,2,35.8916603,128.5911251
2020,대구광역시 북구 침산동 333-2,침산동 333-2,침산동,1,35.8918141,128.5912619
2020,대구광역시 북구 침산동 333-24,침산동 333-24,침산동,1,35.8920544,128.5911238
2020,대구광역시 북구 침산동 333-3,침산동 333-3,침산동,19,35.8922775,128.5910526
2020,대구광역시 북구 침산동 333-43,침산동 333-43,침산동,2,35.8919304,128.5908616
2020,대구광역시 북구 침산동 333-54,침산동 333-54,침산동,1,35.8920466,128.5908042
2020,대구광역시 북구 침산동 335,침산동 335,침산동,5,35.8926068,128.5911211
2020,대구광역시 북구 침산동 335-1,침산동 335-1,침산동,1,35.8924441,128.5922815
2020,대구광역시 북구 침산동 335-40,침산동 335-40,침산동,2,35.8922743,128.5922798
2020,대구광역시 북구 침산동 336-11,침산동 336-11,침산동,1,35.8927029,128.5899944
2020,대구광역시 북구 침산동 336-15,침산동 336-15,침산동,1,35.8925464,128.5903139
2020,대구광역시 북구 침산동 336-19,침산동 336-19,침산동,1,35.8924852,128.5902654
2020,대구광역시 북구 침산동 336-27,침산동 336-27,침산동,1,35.8922536,128.5900821
2020,대구광역시 북구 침산동 336-33,침산동 336-33,침산동,1,35.8923704,128.5902698
2020,대구광역시 북구 침산동 336-34,침산동 336-34,침산동,1,35.8921778,128.5899866
2020,대구광역시 북구 침산동 336-40,침산동 336-40,침산동,1,35.8926736,128.5903517
2020,대구광역시 북구 침산동 338-4,침산동 338-4,침산동,1,35.8914798,128.5905215
2020,대구광역시 북구 침산동 339-11,침산동 339-11,침산동,12,35.8928675,128.5879563
2020,대구광역시 북구 침산동 339-13,침산동 339-13,침산동,1,35.8930863,128.5874895
2020,대구광역시 북구 침산동 339-2,침산동 339-2,침산동,45,35.8915235,128.5887818
2020,대구광역시 북구 침산동 339-7,침산동 339-7,침산동,2,35.8913816,128.5902614
2020,대구광역시 북구 침산동 341-1,침산동 341-1,침산동,3,35.8905339,128.5886701
2020,대구광역시 북구 침산동 341-3,침산동 341-3,침산동,1,35.8909934,128.5891383
2020,대구광역시 북구 침산동 341-4,침산동 341-4,침산동,1,35.891477,128.5896922
2020,대구광역시 북구 침산동 341-5,침산동 341-5,침산동,3,35.8910393,128.5899243
2020,대구광역시 북구 침산동 354-1,침산동 354-1,침산동,4,35.8895053,128.5888538
2020,대구광역시 북구 침산동 354-2,침산동 354-2,침산동,3,35.8888835,128.5883708
2020,대구광역시 북구 침산동 360-3,침산동 360-3,침산동,1,35.8903423,128.5868828
2020,대구광역시 북구 침산동 363-1,침산동 363-1,침산동,7,35.889692,128.5876323
2020,대구광역시 북구 침산동 363-6,침산동 363-6,침산동,1,35.8900659,128.5870385
2020,대구광역시 북구 침산동 363-7,침산동 363-7,침산동,10,35.8893771,128.5869251
2020,대구광역시 북구 침산동 364-3,침산동 364-3,침산동,1,35.8894459,128.5867103
2020,대구광역시 북구 침산동 366-3,침산동 366-3,침산동,1,35.8889401,128.5879458
2020,대구광역시 북구 침산동 369-2,침산동 369-2,침산동,3,35.8885867,128.5867517
2020,대구광역시 북구 침산동 372-3,침산동 372-3,침산동,25,35.8871321,128.5878264
2020,대구광역시 북구 침산동 374-2,침산동 374-2,침산동,3,35.8887646,128.5885971
2020,대구광역시 북구 침산동 375-1,침산동 375-1,침산동,1,35.8882166,128.5885478
2020,대구광역시 북구 침산동 375-5,침산동 375-5,침산동,1,35.8881538,128.5889001
2020,대구광역시 북구 침산동 385-10,침산동 385-10,침산동,2,35.8862744,128.5865084
2020,대구광역시 북구 침산동 4-2,침산동 4-2,침산동,3,35.8869136,128.5976016
2020,대구광역시 북구 침산동 400-1,침산동 400-1,침산동,22,35.8873716,128.5866437
2020,대구광역시 북구 침산동 400-3,침산동 400-3,침산동,24,35.8873449,128.5859177
2020,대구광역시 북구 침산동 400-4,침산동 400-4,침산동,34,35.8864085,128.5847376
2020,대구광역시 북구 침산동 400-7,침산동 400-7,침산동,4,35.8863653,128.5859783
2020,대구광역시 북구 침산동 402,침산동 402,침산동,9,35.8880388,128.5851704
2020,대구광역시 북구 침산동 414-1,침산동 414-1,침산동,3,35.8887521,128.5863589
2020,대구광역시 북구 침산동 415-10,침산동 415-10,침산동,11,35.8881317,128.5858479
2020,대구광역시 북구 침산동 415-11,침산동 415-11,침산동,2,35.8880962,128.586014
2020,대구광역시 북구 침산동 415-12,침산동 415-12,침산동,2,35.8880004,128.5858839
2020,대구광역시 북구 침산동 415-13,침산동 415-13,침산동,1,35.8879018,128.5859547
2020,대구광역시 북구 침산동 415-14,침산동 415-14,침산동,1,35.887937,128.5857894
2020,대구광역시 북구 침산동 430-1,침산동 430-1,침산동,3,35.8889375,128.58625
2020,대구광역시 북구 침산동 430-11,침산동 430-11,침산동,1,35.8882512,128.5860804
2020,대구광역시 북구 침산동 430-12,침산동 430-12,침산동,1,35.8883337,128.5860521
2020,대구광역시 북구 침산동 430-13,침산동 430-13,침산동,1,35.8887508,128.5861343
2020,대구광역시 북구 침산동 430-14,침산동 430-14,침산동,1,35.8887657,128.5860591
2020,대구광역시 북구 침산동 430-15,침산동 430-15,침산동,8,35.8889763,128.5860504
2020,대구광역시 북구 침산동 430-16,침산동 430-16,침산동,1,35.8886733,128.5860887
2020,대구광역시 북구 침산동 430-17,침산동 430-17,침산동,1,35.8885857,128.5860618
2020,대구광역시 북구 침산동 430-20,침산동 430-20,침산동,1,35.8887303,128.5858027
2020,대구광역시 북구 침산동 430-3,침산동 430-3,침산동,6,35.8884426,128.5860195
2020,대구광역시 북구 침산동 430-5,침산동 430-5,침산동,6,35.888313,128.58587
2020,대구광역시 북구 침산동 430-7,침산동 430-7,침산동,1,35.8890136,128.5858659
2020,대구광역시 북구 침산동 431-1,침산동 431-1,침산동,17,35.8893536,128.5859105
2020,대구광역시 북구 침산동 431-2,침산동 431-2,침산동,36,35.8900371,128.5860324
2020,대구광역시 북구 침산동 432-1,침산동 432-1,침산동,1,35.8894464,128.5865718
2020,대구광역시 북구 침산동 433-3,침산동 433-3,침산동,1,35.889731,128.5867109
2020,대구광역시 북구 침산동 434-3,침산동 434-3,침산동,1,35.8900111,128.5867855
2020,대구광역시 북구 침산동 447-10,침산동 447-10,침산동,6,35.8850796,128.5840847
2020,대구광역시 북구 침산동 447-15,침산동 447-15,침산동,6,35.8861703,128.5829862
2020,대구광역시 북구 침산동 447-16,침산동 447-16,침산동,10,35.8855135,128.5828192
2020,대구광역시 북구 침산동 447-2,침산동 447-2,침산동,3,35.886869,128.5833517
2020,대구광역시 북구 침산동 448-2,침산동 448-2,침산동,7,35.889724,128.5834206
2020,대구광역시 북구 침산동 448-8,침산동 448-8,침산동,1,35.8856573,128.5854756
2020,대구광역시 북구 침산동 449-16,침산동 449-16,침산동,1,35.8859367,128.5822473
2020,대구광역시 북구 침산동 449-17,침산동 449-17,침산동,2,35.8853789,128.582228
2020,대구광역시 북구 침산동 449-18,침산동 449-18,침산동,1,35.8852101,128.5822746
2020,대구광역시 북구 침산동 449-19,침산동 449-19,침산동,3,35.8853573,128.5820351
2020,대구광역시 북구 침산동 449-25,침산동 449-25,침산동,3,35.8848528,128.5834699
2020,대구광역시 북구 침산동 449-29,침산동 449-29,침산동,4,35.8856872,128.5853852
2020,대구광역시 북구 침산동 449-35,침산동 449-35,침산동,3,35.8854297,128.5821305
2020,대구광역시 북구 침산동 449-42,침산동 449-42,침산동,1,35.8860497,128.5855116
2020,대구광역시 북구 침산동 449-5,침산동 449-5,침산동,10,35.8880713,128.5828062
2020,대구광역시 북구 침산동 452-1,침산동 452-1,침산동,1,35.8901255,128.5837978
2020,대구광역시 북구 침산동 452-2,침산동 452-2,침산동,1,35.8900481,128.5836495
2020,대구광역시 북구 침산동 452-4,침산동 452-4,침산동,1,35.8901121,128.5836759
2020,대구광역시 북구 침산동 452-40,침산동 452-40,침산동,1,35.8905709,128.5842481
2020,대구광역시 북구 침산동 456-138,침산동 456-138,침산동,2,35.8905876,128.586083
2020,대구광역시 북구 침산동 456-7,침산동 456-7,침산동,6,35.8899593,128.5847612
2020,대구광역시 북구 침산동 456-8,침산동 456-8,침산동,1,35.8902001,128.58452
2020,대구광역시 북구 침산동 457-13,침산동 457-13,침산동,1,35.8898037,128.5841096
2020,대구광역시 북구 침산동 465,침산동 465,침산동,25,35.8912662,128.585728
2020,대구광역시 북구 침산동 473-5,침산동 473-5,침산동,1,35.8907816,128.5870078
2020,대구광역시 북구 침산동 476-15,침산동 476-15,침산동,1,35.8915695,128.5877126
2020,대구광역시 북구 침산동 476-47,침산동 476-47,침산동,1,35.891257,128.5869455
2020,대구광역시 북구 침산동 476-48,침산동 476-48,침산동,1,35.8911702,128.5869058
2020,대구광역시 북구 침산동 479-3,침산동 479-3,침산동,1,35.8918411,128.587818
2020,대구광역시 북구 침산동 479-32,침산동 479-32,침산동,1,35.8918851,128.5868204
2020,대구광역시 북구 침산동 479-33,침산동 479-33,침산동,1,35.8917667,128.5868634
2020,대구광역시 북구 침산동 479-35,침산동 479-35,침산동,1,35.8916398,128.5868507
2020,대구광역시 북구 침산동 480-29,침산동 480-29,침산동,1,35.8920421,128.5868359
2020,대구광역시 북구 침산동 486-2,침산동 486-2,침산동,19,35.8919182,128.5866281
2020,대구광역시 북구 침산동 486-3,침산동 486-3,침산동,1,35.892052,128.586488
2020,대구광역시 북구 침산동 489-7,침산동 489-7,침산동,1,35.8922274,128.586277
2020,대구광역시 북구 침산동 49-1,침산동 49-1,침산동,1,35.8856746,128.6002279
2020,대구광역시 북구 침산동 495-15,침산동 495-15,침산동,1,35.8926095,128.5864112
2020,대구광역시 북구 침산동 495-19,침산동 495-19,침산동,1,35.8924946,128.5864136
2020,대구광역시 북구 침산동 497-11,침산동 497-11,침산동,1,35.8930991,128.5865804
2020,대구광역시 북구 침산동 497-12,침산동 497-12,침산동,5,35.8929439,128.5864244
2020,대구광역시 북구 침산동 497-2,침산동 497-2,침산동,2,35.8932852,128.5865543
2020,대구광역시 북구 침산동 498-1,침산동 498-1,침산동,4,35.8928941,128.5867947
2020,대구광역시 북구 침산동 499-2,침산동 499-2,침산동,19,35.8936856,128.5870462
2020,대구광역시 북구 침산동 5-2,침산동 5-2,침산동,3,35.8862301,128.5977772
2020,대구광역시 북구 침산동 503-4,침산동 503-4,침산동,1,35.8943177,128.5876736
2020,대구광역시 북구 침산동 504-14,침산동 504-14,침산동,1,35.8941269,128.5869652
2020,대구광역시 북구 침산동 504-2,침산동 504-2,침산동,1,35.8941922,128.587056
2020,대구광역시 북구 침산동 504-9,침산동 504-9,침산동,4,35.8942612,128.5871128
2020,대구광역시 북구 침산동 506-1,침산동 506-1,침산동,2,35.8942355,128.587877
2020,대구광역시 북구 침산동 506-10,침산동 506-10,침산동,2,35.8938904,128.5876119
2020,대구광역시 북구 침산동 507-19,침산동 507-19,침산동,1,35.8933078,128.5878319
2020,대구광역시 북구 침산동 507-2,침산동 507-2,침산동,1,35.8938958,128.5878135
2020,대구광역시 북구 침산동 507-20,침산동 507-20,침산동,1,35.8932288,128.5878338
2020,대구광역시 북구 침산동 507-22,침산동 507-22,침산동,1,35.8931477,128.5876862
2020,대구광역시 북구 침산동 507-24,침산동 507-24,침산동,1,35.8933039,128.5876885
2020,대구광역시 북구 침산동 507-25,침산동 507-25,침산동,1,35.8933888,128.5876862
2020,대구광역시 북구 침산동 507-7,침산동 507-7,침산동,1,35.8937612,128.5877925
2020,대구광역시 북구 침산동 507-8,침산동 507-8,침산동,1,35.8936743,128.5878284
2020,대구광역시 북구 침산동 508-3,침산동 508-3,침산동,1,35.8930187,128.5878319
2020,대구광역시 북구 침산동 508-30,침산동 508-30,침산동,1,35.8927979,128.5869145
2020,대구광역시 북구 침산동 508-45,침산동 508-45,침산동,1,35.8926339,128.5871758
2020,대구광역시 북구 침산동 508-53,침산동 508-53,침산동,1,35.8925222,128.5869388
2020,대구광역시 북구 침산동 508-6,침산동 508-6,침산동,1,35.8929394,128.5878333
2020,대구광역시 북구 침산동 509-11,침산동 509-11,침산동,7,35.8921671,128.5865084
2020,대구광역시 북구 침산동 509-13,침산동 509-13,침산동,5,35.8920724,128.5863809
2020,대구광역시 북구 침산동 509-14,침산동 509-14,침산동,1,35.8920637,128.5863076
2020,대구광역시 북구 침산동 509-16,침산동 509-16,침산동,13,35.8921834,128.5864014
2020,대구광역시 북구 침산동 509-5,침산동 509-5,침산동,3,35.8922905,128.5863917
2020,대구광역시 북구 침산동 510-11,침산동 510-11,침산동,1,35.8922556,128.5868827
2020,대구광역시 북구 침산동 513-4,침산동 513-4,침산동,2,35.8926135,128.5877091
2020,대구광역시 북구 침산동 513-8,침산동 513-8,침산동,2,35.8928623,128.5878357
2020,대구광역시 북구 침산동 513-9,침산동 513-9,침산동,3,35.8927864,128.5878338
2020,대구광역시 북구 침산동 514-13,침산동 514-13,침산동,11,35.8921556,128.5878167
2020,대구광역시 북구 침산동 514-15,침산동 514-15,침산동,9,35.8920442,128.5878499
2020,대구광역시 북구 침산동 514-17,침산동 514-17,침산동,5,35.8920043,128.5877787
2020,대구광역시 북구 침산동 514-18,침산동 514-18,침산동,1,35.8920385,128.5876722
2020,대구광역시 북구 침산동 514-22,침산동 514-22,침산동,1,35.8921756,128.5876493
2020,대구광역시 북구 침산동 514-26,침산동 514-26,침산동,1,35.892279,128.5876391
2020,대구광역시 북구 침산동 514-5,침산동 514-5,침산동,2,35.8922538,128.5878706
2020,대구광역시 북구 침산동 514-7,침산동 514-7,침산동,1,35.892554,128.5878584
2020,대구광역시 북구 침산동 521-2,침산동 521-2,침산동,2,35.8918337,128.5888935
2020,대구광역시 북구 침산동 538-15,침산동 538-15,침산동,1,35.8929711,128.5908594
2020,대구광역시 북구 침산동 543-4,침산동 543-4,침산동,16,35.8934461,128.5897833
2020,대구광역시 북구 침산동 550-3,침산동 550-3,침산동,7,35.8945439,128.5887153
2020,대구광역시 북구 침산동 557-133,침산동 557-133,침산동,1,35.8944897,128.5909072
2020,대구광역시 북구 침산동 557-175,침산동 557-175,침산동,1,35.8953951,128.5905629
2020,대구광역시 북구 침산동 557-223,침산동 557-223,침산동,1,35.8940092,128.5910377
2020,대구광역시 북구 침산동 557-287,침산동 557-287,침산동,1,35.8939358,128.5910452
2020,대구광역시 북구 침산동 557-293,침산동 557-293,침산동,1,35.8945431,128.590977
2020,대구광역시 북구 침산동 557-4,침산동 557-4,침산동,1,35.8950659,128.5909969
2020,대구광역시 북구 침산동 557-44,침산동 557-44,침산동,1,35.8942449,128.5905543
2020,대구광역시 북구 침산동 557-45,침산동 557-45,침산동,1,35.8940901,128.5904828
2020,대구광역시 북구 침산동 557-58,침산동 557-58,침산동,2,35.8933711,128.5914193
2020,대구광역시 북구 침산동 557-84,침산동 557-84,침산동,1,35.8939739,128.5913251
2020,대구광역시 북구 침산동 559-7,침산동 559-7,침산동,1,35.89496,128.5897792
2020,대구광역시 북구 침산동 561,침산동 561,침산동,1,35.8955682,128.5890406
2020,대구광역시 북구 침산동 575-4,침산동 575-4,침산동,2,35.8973865,128.5888293
2020,대구광역시 북구 침산동 576-2,침산동 576-2,침산동,1,35.8964801,128.5885625
2020,대구광역시 북구 침산동 582,침산동 582,침산동,1,35.8956173,128.5900658
2020,대구광역시 북구 침산동 598-5,침산동 598-5,침산동,1,35.8961255,128.5905162
2020,대구광역시 북구 침산동 598-8,침산동 598-8,침산동,1,35.8960754,128.5907016
2020,대구광역시 북구 침산동 605-7,침산동 605-7,침산동,1,35.8969364,128.5905797
2020,대구광역시 북구 침산동 609-7,침산동 609-7,침산동,1,35.8983301,128.5888225
2020,대구광역시 북구 침산동 611,침산동 611,침산동,14,35.897955,128.5911226
2020,대구광역시 북구 침산동 616-2,침산동 616-2,침산동,3,35.8972414,128.5896512
2020,대구광역시 북구 침산동 616-3,침산동 616-3,침산동,1,35.8972601,128.5894505
2020,대구광역시 북구 침산동 618,침산동 618,침산동,3,35.8974182,128.5896259
2020,대구광역시 북구 침산동 619,침산동 619,침산동,1,35.8976534,128.5895641
2020,대구광역시 북구 침산동 620-3,침산동 620-3,침산동,4,35.8982906,128.589355
2020,대구광역시 북구 침산동 620-7,침산동 620-7,침산동,1,35.897986,128.5895501
2020,대구광역시 북구 침산동 623-1,침산동 623-1,침산동,4,35.8984961,128.59091
2020,대구광역시 북구 침산동 625-1,침산동 625-1,침산동,6,35.8982769,128.5908818
2020,대구광역시 북구 침산동 626,침산동 626,침산동,2,35.8991516,128.5914512
2020,대구광역시 북구 침산동 635-2,침산동 635-2,침산동,1,35.9004468,128.5917086
2020,대구광역시 북구 침산동 637-1,침산동 637-1,침산동,50,35.8988763,128.5908617
2020,대구광역시 북구 침산동 638-2,침산동 638-2,침산동,1,35.8988246,128.5901189
2020,대구광역시 북구 침산동 638-4,침산동 638-4,침산동,1,35.8986592,128.5903811
2020,대구광역시 북구 침산동 641-2,침산동 641-2,침산동,1,35.8985961,128.5894995
2020,대구광역시 북구 침산동 641-3,침산동 641-3,침산동,5,35.8985839,128.5892954
2020,대구광역시 북구 침산동 644-1,침산동 644-1,침산동,1,35.8994217,128.5894115
2020,대구광역시 북구 침산동 647,침산동 647,침산동,3,35.9005049,128.5884074
2020,대구광역시 북구 침산동 649-2,침산동 649-2,침산동,3,35.9003971,128.5886408
2020,대구광역시 북구 침산동 654-2,침산동 654-2,침산동,1,35.8993868,128.5911032
2020,대구광역시 북구 침산동 663-8,침산동 663-8,침산동,1,35.8997755,128.5927003
2020,대구광역시 북구 침산동 7-9,침산동 7-9,침산동,1,35.8854616,128.5975473
2020,대구광역시 북구 침산동 702-2,침산동 702-2,침산동,1,35.903381,128.5874993
2020,대구광역시 북구 침산동 750,침산동 750,침산동,1,35.9010745,128.5891163
2020,대구광역시 북구 침산동 794,침산동 794,침산동,1,35.9014488,128.5880629
2020,대구광역시 북구 침산동 81-33,침산동 81-33,침산동,1,35.8842185,128.6003615
2020,대구광역시 북구 침산동 821,침산동 821,침산동,1,35.9015998,128.5867097
2020,대구광역시 북구 침산동 83-6,침산동 83-6,침산동,1,35.8841524,128.6001467
2020,대구광역시 북구 침산동 842,침산동 842,침산동,1,35.9011769,128.5847198
2020,대구광역시 북구 침산동 848-2,침산동 848-2,침산동,1,35.9005679,128.5830149
2020,대구광역시 북구 침산동 977-2,침산동 977-2,침산동,1,35.9035699,128.579892
2020,대구광역시 북구 침산동 988-2,침산동 988-2,침산동,3,35.9035677,128.5792596
2020,대구광역시 북구 침산동 993-2,침산동 993-2,침산동,1,35.9035786,128.5787989
2020,대구광역시 북구 침산동 999,침산동 999,침산동,2,35.9030821,128.5794863
2020,대구광역시 북구 침산동 999-2,침산동 999-2,침산동,2,35.90279,128.5794959
2020,대구광역시 북구 침산동 산 15-1,침산동 산 15-1,침산동,1,35.8961265,128.5881301
2020,대구광역시 북구 침산동 산 15-2,침산동 산 15-2,침산동,5,35.8946386,128.5861038
2020,대구광역시 북구 침산동 산 15-3,침산동 산 15-3,침산동,2,35.8950521,128.5871153
2020,대구광역시 북구 침산동 산 15-5,침산동 산 15-5,침산동,1,35.8934157,128.5863581
2020,대구광역시 북구 침산동-13,침산동-13,침산동,2,35.886491,128.5982153
2020,대구광역시 북구 태전동 1000,태전동 1000,태전동,17,35.9299378,128.5524731
2020,대구광역시 북구 태전동 1001,태전동 1001,태전동,2,35.9294237,128.5522368
2020,대구광역시 북구 태전동 1002,태전동 1002,태전동,42,35.9301624,128.5513702
2020,대구광역시 북구 태전동 1003,태전동 1003,태전동,1,35.9305098,128.548388
2020,대구광역시 북구 태전동 1003-15,태전동 1003-15,태전동,1,35.9289136,128.5481176
2020,대구광역시 북구 태전동 1003-16,태전동 1003-16,태전동,1,35.9288885,128.5483083
2020,대구광역시 북구 태전동 1011,태전동 1011,태전동,1,35.9296302,128.5490315
2020,대구광역시 북구 태전동 1012-7,태전동 1012-7,태전동,1,35.9293036,128.5491131
2020,대구광역시 북구 태전동 1014-8,태전동 1014-8,태전동,1,35.9291399,128.5495738
2020,대구광역시 북구 태전동 1021-13,태전동 1021-13,태전동,1,35.9288977,128.5485071
2020,대구광역시 북구 태전동 1022,태전동 1022,태전동,1,35.9288854,128.5493875
2020,대구광역시 북구 태전동 1023-13,태전동 1023-13,태전동,1,35.928718,128.550242
2020,대구광역시 북구 태전동 1024,태전동 1024,태전동,14,35.9294322,128.5508536
2020,대구광역시 북구 태전동 1025-3,태전동 1025-3,태전동,2,35.9299892,128.5514299
2020,대구광역시 북구 태전동 1025-7,태전동 1025-7,태전동,1,35.9297446,128.5518903
2020,대구광역시 북구 태전동 1026,태전동 1026,태전동,1,35.9294554,128.5514639
2020,대구광역시 북구 태전동 1027,태전동 1027,태전동,1,35.9296245,128.5512102
2020,대구광역시 북구 태전동 1027-1,태전동 1027-1,태전동,2,35.9292683,128.5510555
2020,대구광역시 북구 태전동 1030,태전동 1030,태전동,102,35.9285981,128.5497433
2020,대구광역시 북구 태전동 1033-3,태전동 1033-3,태전동,1,35.9285065,128.5488214
2020,대구광역시 북구 태전동 1033-4,태전동 1033-4,태전동,3,35.9284932,128.5489479
2020,대구광역시 북구 태전동 1033-6,태전동 1033-6,태전동,5,35.928465,128.5492056
2020,대구광역시 북구 태전동 1034,태전동 1034,태전동,15,35.9283618,128.5493022
2020,대구광역시 북구 태전동 1035,태전동 1035,태전동,1,35.9284411,128.5494271
2020,대구광역시 북구 태전동 1035-6,태전동 1035-6,태전동,2,35.9283787,128.5503513
2020,대구광역시 북구 태전동 1037-7,태전동 1037-7,태전동,4,35.9283171,128.5514373
2020,대구광역시 북구 태전동 1049-12,태전동 1049-12,태전동,1,35.9256692,128.5482917
2020,대구광역시 북구 태전동 1049-2,태전동 1049-2,태전동,1,35.9268419,128.5478986
2020,대구광역시 북구 태전동 1049-4,태전동 1049-4,태전동,1,35.9262617,128.547695
2020,대구광역시 북구 태전동 1049-7,태전동 1049-7,태전동,1,35.9257329,128.5476301
2020,대구광역시 북구 태전동 1052,태전동 1052,태전동,1,35.9262853,128.5485066
2020,대구광역시 북구 태전동 1053-11,태전동 1053-11,태전동,1,35.9265765,128.5490153
2020,대구광역시 북구 태전동 1059-12,태전동 1059-12,태전동,1,35.9256082,128.5489309
2020,대구광역시 북구 태전동 1059-13,태전동 1059-13,태전동,1,35.9255928,128.5490741
2020,대구광역시 북구 태전동 1059-14,태전동 1059-14,태전동,1,35.9256981,128.5491722
2020,대구광역시 북구 태전동 1060,태전동 1060,태전동,3,35.9258568,128.5494457
2020,대구광역시 북구 태전동 1061,태전동 1061,태전동,1,35.9257949,128.5495078
2020,대구광역시 북구 태전동 1062,태전동 1062,태전동,51,35.9254966,128.5484072
2020,대구광역시 북구 태전동 1065-1,태전동 1065-1,태전동,3,35.9311522,128.542736
2020,대구광역시 북구 태전동 1066,태전동 1066,태전동,3,35.9322392,128.5413866
2020,대구광역시 북구 태전동 1066-23,태전동 1066-23,태전동,12,35.9313809,128.539987
2020,대구광역시 북구 태전동 1067-2,태전동 1067-2,태전동,3,35.9334634,128.5402887
2020,대구광역시 북구 태전동 1067-3,태전동 1067-3,태전동,5,35.9329573,128.5399724
2020,대구광역시 북구 태전동 1069,태전동 1069,태전동,1,35.9281328,128.5508508
2020,대구광역시 북구 태전동 1072-29,태전동 1072-29,태전동,1,35.9267624,128.5500983
2020,대구광역시 북구 태전동 1072-4,태전동 1072-4,태전동,1,35.9262223,128.5499288
2020,대구광역시 북구 태전동 1073-1,태전동 1073-1,태전동,1,35.9281981,128.5511843
2020,대구광역시 북구 태전동 1073-12,태전동 1073-12,태전동,1,35.9268826,128.550275
2020,대구광역시 북구 태전동 1073-25,태전동 1073-25,태전동,2,35.9280558,128.5514785
2020,대구광역시 북구 태전동 1073-29,태전동 1073-29,태전동,2,35.9268439,128.5504157
2020,대구광역시 북구 태전동 1073-31,태전동 1073-31,태전동,1,35.9265692,128.55028
2020,대구광역시 북구 태전동 1073-32,태전동 1073-32,태전동,3,35.9279532,128.5512394
2020,대구광역시 북구 태전동 1073-34,태전동 1073-34,태전동,1,35.9272563,128.5506528
2020,대구광역시 북구 태전동 1073-35,태전동 1073-35,태전동,3,35.9268664,128.5503189
2020,대구광역시 북구 태전동 1073-37,태전동 1073-37,태전동,1,35.927974,128.5510044
2020,대구광역시 북구 태전동 1074-2,태전동 1074-2,태전동,3,35.9253273,128.5475692
2020,대구광역시 북구 태전동 1074-26,태전동 1074-26,태전동,3,35.9252698,128.5488521
2020,대구광역시 북구 태전동 1074-27,태전동 1074-27,태전동,2,35.9252566,128.5490185
2020,대구광역시 북구 태전동 1074-4,태전동 1074-4,태전동,1,35.9253336,128.5478564
2020,대구광역시 북구 태전동 1074-41,태전동 1074-41,태전동,1,35.9253381,128.5481404
2020,대구광역시 북구 태전동 1074-5,태전동 1074-5,태전동,1,35.9253219,128.54837
2020,대구광역시 북구 태전동 1075,태전동 1075,태전동,15,35.9250652,128.5496363
2020,대구광역시 북구 태전동 1075-10,태전동 1075-10,태전동,100,35.9224966,128.5498638
2020,대구광역시 북구 태전동 1075-15,태전동 1075-15,태전동,21,35.9221581,128.5493517
2020,대구광역시 북구 태전동 1075-16,태전동 1075-16,태전동,1,35.9221248,128.5490324
2020,대구광역시 북구 태전동 1075-33,태전동 1075-33,태전동,1,35.9224168,128.5490063
2020,대구광역시 북구 태전동 1075-40,태전동 1075-40,태전동,1,35.9227379,128.5491365
2020,대구광역시 북구 태전동 1075-48,태전동 1075-48,태전동,2,35.9242182,128.5488639
2020,대구광역시 북구 태전동 1075-59,태전동 1075-59,태전동,4,35.9220143,128.5491988
2020,대구광역시 북구 태전동 1076-24,태전동 1076-24,태전동,1,35.924046,128.5499623
2020,대구광역시 북구 태전동 1076-8,태전동 1076-8,태전동,1,35.9230977,128.5503608
2020,대구광역시 북구 태전동 1079,태전동 1079,태전동,1,35.9311874,128.5534316
2020,대구광역시 북구 태전동 1083,태전동 1083,태전동,3,35.9281711,128.5516779
2020,대구광역시 북구 태전동 1085,태전동 1085,태전동,1,35.9275478,128.5513928
2020,대구광역시 북구 태전동 1091,태전동 1091,태전동,1,35.9262108,128.5503415
2020,대구광역시 북구 태전동 1100,태전동 1100,태전동,2,35.9112361,128.5439807
2020,대구광역시 북구 태전동 1100-1,태전동 1100-1,태전동,1,35.9125772,128.543494
2020,대구광역시 북구 태전동 1103,태전동 1103,태전동,16,35.9118481,128.545208
2020,대구광역시 북구 태전동 1104,태전동 1104,태전동,1,35.9129662,128.5461939
2020,대구광역시 북구 태전동 1106,태전동 1106,태전동,37,35.9114507,128.5465871
2020,대구광역시 북구 태전동 1106-1,태전동 1106-1,태전동,77,35.912544,128.547829
2020,대구광역시 북구 태전동 1106-2,태전동 1106-2,태전동,2,35.9095126,128.5473739
2020,대구광역시 북구 태전동 1107,태전동 1107,태전동,1,35.9132295,128.546893
2020,대구광역시 북구 태전동 1108,태전동 1108,태전동,1,35.9132354,128.5471797
2020,대구광역시 북구 태전동 1110,태전동 1110,태전동,2,35.9132451,128.5477355
2020,대구광역시 북구 태전동 1113,태전동 1113,태전동,1,35.9129799,128.5480711
2020,대구광역시 북구 태전동 1116,태전동 1116,태전동,1,35.9123858,128.5480656
2020,대구광역시 북구 태전동 1117,태전동 1117,태전동,1,35.9121889,128.5480634
2020,대구광역시 북구 태전동 1119,태전동 1119,태전동,1,35.9128549,128.5475964
2020,대구광역시 북구 태전동 1120,태전동 1120,태전동,1,35.9126093,128.5475976
2020,대구광역시 북구 태전동 1122,태전동 1122,태전동,1,35.9126041,128.5472996
2020,대구광역시 북구 태전동 1123,태전동 1123,태전동,2,35.9128508,128.5473016
2020,대구광역시 북구 태전동 1124,태전동 1124,태전동,3,35.912834,128.5468749
2020,대구광역시 북구 태전동 1125,태전동 1125,태전동,2,35.9125807,128.5468744
2020,대구광역시 북구 태전동 1126,태전동 1126,태전동,5,35.9123145,128.546876
2020,대구광역시 북구 태전동 1127,태전동 1127,태전동,1,35.9115281,128.5474486
2020,대구광역시 북구 태전동 1137,태전동 1137,태전동,1,35.9098854,128.5477364
2020,대구광역시 북구 태전동 1142,태전동 1142,태전동,1,35.9099893,128.5469852
2020,대구광역시 북구 태전동 1181,태전동 1181,태전동,2,35.9163973,128.5438607
2020,대구광역시 북구 태전동 1182,태전동 1182,태전동,6,35.9158283,128.5439536
2020,대구광역시 북구 태전동 1183,태전동 1183,태전동,1,35.9170946,128.5447123
2020,대구광역시 북구 태전동 1186,태전동 1186,태전동,4,35.9226376,128.5518106
2020,대구광역시 북구 태전동 1188,태전동 1188,태전동,6,35.9219486,128.5513339
2020,대구광역시 북구 태전동 1190,태전동 1190,태전동,1,35.9222061,128.5509674
2020,대구광역시 북구 태전동 1191,태전동 1191,태전동,2,35.9216151,128.5504174
2020,대구광역시 북구 태전동 1192,태전동 1192,태전동,8,35.9219039,128.5500654
2020,대구광역시 북구 태전동 1195,태전동 1195,태전동,4,35.9213005,128.5509448
2020,대구광역시 북구 태전동 1199,태전동 1199,태전동,2,35.9210533,128.5506817
2020,대구광역시 북구 태전동 1200,태전동 1200,태전동,1,35.921203,128.5505115
2020,대구광역시 북구 태전동 1201,태전동 1201,태전동,1,35.9213144,128.5505822
2020,대구광역시 북구 태전동 1202,태전동 1202,태전동,3,35.9214225,128.5506643
2020,대구광역시 북구 태전동 1203,태전동 1203,태전동,1,35.9215232,128.5507409
2020,대구광역시 북구 태전동 1207,태전동 1207,태전동,22,35.9212771,128.5503875
2020,대구광역시 북구 태전동 1208,태전동 1208,태전동,17,35.921862,128.5499656
2020,대구광역시 북구 태전동 143-3,태전동 143-3,태전동,17,35.9223275,128.5418334
2020,대구광역시 북구 태전동 148-1,태전동 148-1,태전동,1,35.9228689,128.5461186
2020,대구광역시 북구 태전동 148-15,태전동 148-15,태전동,90,35.9237375,128.5444019
2020,대구광역시 북구 태전동 148-19,태전동 148-19,태전동,1,35.9220286,128.5457355
2020,대구광역시 북구 태전동 148-2,태전동 148-2,태전동,2,35.9219398,128.5456117
2020,대구광역시 북구 태전동 148-7,태전동 148-7,태전동,3,35.9218975,128.5459683
2020,대구광역시 북구 태전동 149-3,태전동 149-3,태전동,1,35.9217636,128.5463064
2020,대구광역시 북구 태전동 151-14,태전동 151-14,태전동,1,35.9213304,128.5462908
2020,대구광역시 북구 태전동 151-7,태전동 151-7,태전동,1,35.9214631,128.5462829
2020,대구광역시 북구 태전동 151-9,태전동 151-9,태전동,3,35.9213764,128.5460769
2020,대구광역시 북구 태전동 155-27,태전동 155-27,태전동,2,35.9226023,128.5446902
2020,대구광역시 북구 태전동 155-33,태전동 155-33,태전동,1,35.9232217,128.544339
2020,대구광역시 북구 태전동 155-34,태전동 155-34,태전동,1,35.923102,128.5444155
2020,대구광역시 북구 태전동 160,태전동 160,태전동,1,35.9208138,128.5452837
2020,대구광역시 북구 태전동 160-2,태전동 160-2,태전동,1,35.9209308,128.5456201
2020,대구광역시 북구 태전동 162-31,태전동 162-31,태전동,1,35.9205941,128.5441033
2020,대구광역시 북구 태전동 162-47,태전동 162-47,태전동,1,35.9205573,128.5442468
2020,대구광역시 북구 태전동 165-3,태전동 165-3,태전동,2,35.9223777,128.5430316
2020,대구광역시 북구 태전동 166,태전동 166,태전동,1,35.9222709,128.5436486
2020,대구광역시 북구 태전동 169-6,태전동 169-6,태전동,1,35.9181777,128.5432762
2020,대구광역시 북구 태전동 179-3,태전동 179-3,태전동,1,35.9210581,128.5462877
2020,대구광역시 북구 태전동 18-2,태전동 18-2,태전동,1,35.929986,128.5331506
2020,대구광역시 북구 태전동 189-3,태전동 189-3,태전동,1,35.9208752,128.5418596
2020,대구광역시 북구 태전동 191,태전동 191,태전동,2,35.9204848,128.5420035
2020,대구광역시 북구 태전동 191-3,태전동 191-3,태전동,2,35.9203864,128.5418343
2020,대구광역시 북구 태전동 193-14,태전동 193-14,태전동,1,35.9210259,128.5423666
2020,대구광역시 북구 태전동 193-6,태전동 193-6,태전동,1,35.9208496,128.5426626
2020,대구광역시 북구 태전동 198,태전동 198,태전동,19,35.9217756,128.5425605
2020,대구광역시 북구 태전동 200-1,태전동 200-1,태전동,1,35.921115,128.5427413
2020,대구광역시 북구 태전동 204-7,태전동 204-7,태전동,1,35.9195777,128.5419789
2020,대구광역시 북구 태전동 205-1,태전동 205-1,태전동,1,35.9198667,128.5440021
2020,대구광역시 북구 태전동 205-14,태전동 205-14,태전동,15,35.9189322,128.5428982
2020,대구광역시 북구 태전동 205-44,태전동 205-44,태전동,1,35.9198588,128.5435333
2020,대구광역시 북구 태전동 205-53,태전동 205-53,태전동,3,35.9181742,128.5426974
2020,대구광역시 북구 태전동 206-15,태전동 206-15,태전동,2,35.9200246,128.5459841
2020,대구광역시 북구 태전동 206-35,태전동 206-35,태전동,1,35.9198461,128.5459335
2020,대구광역시 북구 태전동 209-16,태전동 209-16,태전동,1,35.9223443,128.5411146
2020,대구광역시 북구 태전동 209-17,태전동 209-17,태전동,1,35.9223197,128.5412552
2020,대구광역시 북구 태전동 216-4,태전동 216-4,태전동,5,35.924039,128.5419933
2020,대구광역시 북구 태전동 225-6,태전동 225-6,태전동,1,35.9249787,128.5456082
2020,대구광역시 북구 태전동 232-4,태전동 232-4,태전동,5,35.923506,128.5447197
2020,대구광역시 북구 태전동 241-1,태전동 241-1,태전동,1,35.923175,128.5458538
2020,대구광역시 북구 태전동 241-3,태전동 241-3,태전동,6,35.9232505,128.5462358
2020,대구광역시 북구 태전동 252-1,태전동 252-1,태전동,3,35.9240562,128.544589
2020,대구광역시 북구 태전동 252-16,태전동 252-16,태전동,2,35.9241631,128.544561
2020,대구광역시 북구 태전동 253-1,태전동 253-1,태전동,1,35.9255045,128.5451746
2020,대구광역시 북구 태전동 253-12,태전동 253-12,태전동,5,35.9244366,128.5445725
2020,대구광역시 북구 태전동 253-16,태전동 253-16,태전동,1,35.9244602,128.5452417
2020,대구광역시 북구 태전동 253-26,태전동 253-26,태전동,12,35.9247353,128.5440673
2020,대구광역시 북구 태전동 253-3,태전동 253-3,태전동,6,35.9254836,128.5445115
2020,대구광역시 북구 태전동 253-5,태전동 253-5,태전동,3,35.9255975,128.5440015
2020,대구광역시 북구 태전동 253-58,태전동 253-58,태전동,2,35.9242251,128.544323
2020,대구광역시 북구 태전동 253-63,태전동 253-63,태전동,4,35.9246492,128.5442992
2020,대구광역시 북구 태전동 253-66,태전동 253-66,태전동,1,35.9248621,128.5445387
2020,대구광역시 북구 태전동 253-7,태전동 253-7,태전동,1,35.9250183,128.544179
2020,대구광역시 북구 태전동 253-72,태전동 253-72,태전동,1,35.9242159,128.5445841
2020,대구광역시 북구 태전동 254-29,태전동 254-29,태전동,2,35.9252373,128.5427289
2020,대구광역시 북구 태전동 254-7,태전동 254-7,태전동,1,35.9250614,128.5429155
2020,대구광역시 북구 태전동 255-12,태전동 255-12,태전동,1,35.9241535,128.5437571
2020,대구광역시 북구 태전동 255-19,태전동 255-19,태전동,1,35.9243476,128.5424189
2020,대구광역시 북구 태전동 255-52,태전동 255-52,태전동,1,35.9241354,128.5421848
2020,대구광역시 북구 태전동 257-1,태전동 257-1,태전동,2,35.9238877,128.5439748
2020,대구광역시 북구 태전동 257-10,태전동 257-10,태전동,1,35.9232425,128.5439897
2020,대구광역시 북구 태전동 257-5,태전동 257-5,태전동,1,35.9232153,128.5440591
2020,대구광역시 북구 태전동 270-1,태전동 270-1,태전동,1,35.9248561,128.5420761
2020,대구광역시 북구 태전동 276-4,태전동 276-4,태전동,1,35.9250339,128.5413421
2020,대구광역시 북구 태전동 277-35,태전동 277-35,태전동,1,35.9248366,128.5411223
2020,대구광역시 북구 태전동 284,태전동 284,태전동,1,35.9256127,128.5409082
2020,대구광역시 북구 태전동 286,태전동 286,태전동,1,35.9257676,128.5408637
2020,대구광역시 북구 태전동 286-1,태전동 286-1,태전동,1,35.92578,128.5407104
2020,대구광역시 북구 태전동 286-2,태전동 286-2,태전동,1,35.9257841,128.5406322
2020,대구광역시 북구 태전동 297-3,태전동 297-3,태전동,2,35.9258903,128.5408922
2020,대구광역시 북구 태전동 310,태전동 310,태전동,1,35.9265516,128.5421847
2020,대구광역시 북구 태전동 310-1,태전동 310-1,태전동,1,35.9265772,128.5423208
2020,대구광역시 북구 태전동 311,태전동 311,태전동,1,35.9267534,128.5421165
2020,대구광역시 북구 태전동 311-3,태전동 311-3,태전동,1,35.9266802,128.5422291
2020,대구광역시 북구 태전동 321-2,태전동 321-2,태전동,1,35.9289159,128.5407662
2020,대구광역시 북구 태전동 327-2,태전동 327-2,태전동,3,35.9282499,128.5415195
2020,대구광역시 북구 태전동 328-1,태전동 328-1,태전동,2,35.9282697,128.5413664
2020,대구광역시 북구 태전동 328-4,태전동 328-4,태전동,1,35.9278275,128.5416702
2020,대구광역시 북구 태전동 337-3,태전동 337-3,태전동,3,35.9262544,128.5431237
2020,대구광역시 북구 태전동 337-7,태전동 337-7,태전동,3,35.9275173,128.54212
2020,대구광역시 북구 태전동 337-8,태전동 337-8,태전동,1,35.9278208,128.541868
2020,대구광역시 북구 태전동 344-1,태전동 344-1,태전동,1,35.9285493,128.5461951
2020,대구광역시 북구 태전동 364,태전동 364,태전동,1,35.9270091,128.5441214
2020,대구광역시 북구 태전동 368-17,태전동 368-17,태전동,3,35.9283672,128.5445197
2020,대구광역시 북구 태전동 368-2,태전동 368-2,태전동,2,35.9278928,128.5438159
2020,대구광역시 북구 태전동 369-2,태전동 369-2,태전동,1,35.9283478,128.544723
2020,대구광역시 북구 태전동 369-5,태전동 369-5,태전동,1,35.9284099,128.5445979
2020,대구광역시 북구 태전동 370-1,태전동 370-1,태전동,1,35.9284612,128.5455183
2020,대구광역시 북구 태전동 375,태전동 375,태전동,3,35.9292452,128.5459879
2020,대구광역시 북구 태전동 375-2,태전동 375-2,태전동,2,35.9292234,128.546215
2020,대구광역시 북구 태전동 378,태전동 378,태전동,1,35.9289018,128.5456738
2020,대구광역시 북구 태전동 379,태전동 379,태전동,1,35.9290672,128.5452839
2020,대구광역시 북구 태전동 380-4,태전동 380-4,태전동,1,35.9286429,128.5445677
2020,대구광역시 북구 태전동 382-3,태전동 382-3,태전동,1,35.9296807,128.5443
2020,대구광역시 북구 태전동 392-1,태전동 392-1,태전동,1,35.9302594,128.544107
2020,대구광역시 북구 태전동 399,태전동 399,태전동,4,35.9290664,128.5467153
2020,대구광역시 북구 태전동 400,태전동 400,태전동,3,35.9283885,128.5466695
2020,대구광역시 북구 태전동 401,태전동 401,태전동,2,35.9284263,128.5470238
2020,대구광역시 북구 태전동 401-4,태전동 401-4,태전동,1,35.9253633,128.5471098
2020,대구광역시 북구 태전동 405-15,태전동 405-15,태전동,2,35.9252961,128.5467742
2020,대구광역시 북구 태전동 407,태전동 407,태전동,1,35.9243469,128.5465655
2020,대구광역시 북구 태전동 409-1,태전동 409-1,태전동,2,35.9240917,128.5467136
2020,대구광역시 북구 태전동 409-14,태전동 409-14,태전동,2,35.9227835,128.5465265
2020,대구광역시 북구 태전동 409-2,태전동 409-2,태전동,27,35.9234007,128.5468025
2020,대구광역시 북구 태전동 409-21,태전동 409-21,태전동,2,35.923106,128.5464821
2020,대구광역시 북구 태전동 409-7,태전동 409-7,태전동,6,35.9233964,128.5462686
2020,대구광역시 북구 태전동 417-3,태전동 417-3,태전동,15,35.9238658,128.5471477
2020,대구광역시 북구 태전동 420-1,태전동 420-1,태전동,3,35.9240021,128.5473466
2020,대구광역시 북구 태전동 420-13,태전동 420-13,태전동,2,35.9242093,128.5473502
2020,대구광역시 북구 태전동 420-5,태전동 420-5,태전동,4,35.9234855,128.5477041
2020,대구광역시 북구 태전동 421-1,태전동 421-1,태전동,1,35.9243454,128.5475912
2020,대구광역시 북구 태전동 421-10,태전동 421-10,태전동,3,35.924256,128.5472435
2020,대구광역시 북구 태전동 421-3,태전동 421-3,태전동,2,35.9242308,128.547458
2020,대구광역시 북구 태전동 421-7,태전동 421-7,태전동,1,35.9246863,128.5475158
2020,대구광역시 북구 태전동 421-8,태전동 421-8,태전동,1,35.9245285,128.5475212
2020,대구광역시 북구 태전동 422-16,태전동 422-16,태전동,1,35.9226079,128.5472252
2020,대구광역시 북구 태전동 422-24,태전동 422-24,태전동,1,35.9227342,128.5475004
2020,대구광역시 북구 태전동 422-27,태전동 422-27,태전동,1,35.9228784,128.5478746
2020,대구광역시 북구 태전동 422-31,태전동 422-31,태전동,4,35.9225251,128.5475226
2020,대구광역시 북구 태전동 422-40,태전동 422-40,태전동,1,35.9222133,128.5475668
2020,대구광역시 북구 태전동 422-41,태전동 422-41,태전동,3,35.9220991,128.5475289
2020,대구광역시 북구 태전동 422-8,태전동 422-8,태전동,3,35.9228127,128.5479639
2020,대구광역시 북구 태전동 425-2,태전동 425-2,태전동,1,35.9228976,128.5482588
2020,대구광역시 북구 태전동 429,태전동 429,태전동,1,35.9229015,128.5516018
2020,대구광역시 북구 태전동 429-3,태전동 429-3,태전동,1,35.9227774,128.5513525
2020,대구광역시 북구 태전동 429-4,태전동 429-4,태전동,4,35.922704,128.5511841
2020,대구광역시 북구 태전동 442,태전동 442,태전동,2,35.9183001,128.5515233
2020,대구광역시 북구 태전동 454,태전동 454,태전동,55,35.9188402,128.5509747
2020,대구광역시 북구 태전동 456-5,태전동 456-5,태전동,1,35.9158948,128.5507826
2020,대구광역시 북구 태전동 464-2,태전동 464-2,태전동,2,35.9157063,128.5502165
2020,대구광역시 북구 태전동 466-11,태전동 466-11,태전동,1,35.9166494,128.5500752
2020,대구광역시 북구 태전동 472,태전동 472,태전동,1,35.9175748,128.5485251
2020,대구광역시 북구 태전동 472-1,태전동 472-1,태전동,2,35.9174357,128.5486881
2020,대구광역시 북구 태전동 472-3,태전동 472-3,태전동,2,35.9170484,128.5487744
2020,대구광역시 북구 태전동 474,태전동 474,태전동,1,35.9168974,128.5489684
2020,대구광역시 북구 태전동 494-7,태전동 494-7,태전동,6,35.9144218,128.5483305
2020,대구광역시 북구 태전동 496-17,태전동 496-17,태전동,2,35.9159754,128.5483045
2020,대구광역시 북구 태전동 496-7,태전동 496-7,태전동,11,35.9159944,128.5478439
2020,대구광역시 북구 태전동 497-1,태전동 497-1,태전동,2,35.9157647,128.5477377
2020,대구광역시 북구 태전동 497-2,태전동 497-2,태전동,3,35.9159245,128.547802
2020,대구광역시 북구 태전동 497-5,태전동 497-5,태전동,2,35.915917,128.5474691
2020,대구광역시 북구 태전동 498-11,태전동 498-11,태전동,5,35.9157608,128.547438
2020,대구광역시 북구 태전동 499-1,태전동 499-1,태전동,2,35.9162694,128.5476934
2020,대구광역시 북구 태전동 499-2,태전동 499-2,태전동,1,35.9163933,128.5479921
2020,대구광역시 북구 태전동 499-5,태전동 499-5,태전동,1,35.9165729,128.5475176
2020,대구광역시 북구 태전동 500-3,태전동 500-3,태전동,1,35.9175413,128.5478143
2020,대구광역시 북구 태전동 501-1,태전동 501-1,태전동,1,35.9176552,128.5472753
2020,대구광역시 북구 태전동 506-13,태전동 506-13,태전동,1,35.9160509,128.5472087
2020,대구광역시 북구 태전동 508-13,태전동 508-13,태전동,1,35.9153552,128.5462531
2020,대구광역시 북구 태전동 51-10,태전동 51-10,태전동,48,35.9322845,128.5396562
2020,대구광역시 북구 태전동 51-6,태전동 51-6,태전동,3,35.9316175,128.5393323
2020,대구광역시 북구 태전동 51-7,태전동 51-7,태전동,12,35.9315659,128.5396014
2020,대구광역시 북구 태전동 51-9,태전동 51-9,태전동,1,35.931707,128.5389603
2020,대구광역시 북구 태전동 513,태전동 513,태전동,1,35.9152102,128.5468892
2020,대구광역시 북구 태전동 514,태전동 514,태전동,3,35.9156848,128.5474123
2020,대구광역시 북구 태전동 521-1,태전동 521-1,태전동,3,35.918238,128.5477345
2020,대구광역시 북구 태전동 53,태전동 53,태전동,1,35.9301999,128.5393859
2020,대구광역시 북구 태전동 53-1,태전동 53-1,태전동,1,35.930423,128.5391871
2020,대구광역시 북구 태전동 532-1,태전동 532-1,태전동,7,35.9189151,128.5490774
2020,대구광역시 북구 태전동 532-6,태전동 532-6,태전동,1,35.9185972,128.5480439
2020,대구광역시 북구 태전동 532-9,태전동 532-9,태전동,1,35.9193076,128.5489947
2020,대구광역시 북구 태전동 540-2,태전동 540-2,태전동,1,35.917342,128.5484732
2020,대구광역시 북구 태전동 540-5,태전동 540-5,태전동,1,35.9174636,128.5492983
2020,대구광역시 북구 태전동 541-5,태전동 541-5,태전동,1,35.9184292,128.5495547
2020,대구광역시 북구 태전동 542-9,태전동 542-9,태전동,1,35.9182334,128.5494964
2020,대구광역시 북구 태전동 546-2,태전동 546-2,태전동,1,35.9183609,128.5498885
2020,대구광역시 북구 태전동 547-1,태전동 547-1,태전동,1,35.918909,128.5500823
2020,대구광역시 북구 태전동 547-5,태전동 547-5,태전동,2,35.918795,128.550019
2020,대구광역시 북구 태전동 557-1,태전동 557-1,태전동,1,35.9166298,128.5509878
2020,대구광역시 북구 태전동 56-2,태전동 56-2,태전동,2,35.9302755,128.5397122
2020,대구광역시 북구 태전동 58-1,태전동 58-1,태전동,1,35.9298528,128.5400737
2020,대구광역시 북구 태전동 58-2,태전동 58-2,태전동,1,35.9296866,128.5401061
2020,대구광역시 북구 태전동 583-3,태전동 583-3,태전동,9,35.9188079,128.5501888
2020,대구광역시 북구 태전동 583-5,태전동 583-5,태전동,7,35.9188889,128.5501733
2020,대구광역시 북구 태전동 584,태전동 584,태전동,3,35.9188657,128.5503448
2020,대구광역시 북구 태전동 584-11,태전동 584-11,태전동,1,35.9185589,128.550303
2020,대구광역시 북구 태전동 584-22,태전동 584-22,태전동,1,35.9187053,128.5501665
2020,대구광역시 북구 태전동 584-23,태전동 584-23,태전동,2,35.9189446,128.5502697
2020,대구광역시 북구 태전동 59-11,태전동 59-11,태전동,5,35.9295731,128.5401551
2020,대구광역시 북구 태전동 59-13,태전동 59-13,태전동,2,35.9293147,128.540416
2020,대구광역시 북구 태전동 59-4,태전동 59-4,태전동,1,35.9300204,128.5396219
2020,대구광역시 북구 태전동 595-1,태전동 595-1,태전동,1,35.9203676,128.55094
2020,대구광역시 북구 태전동 608-12,태전동 608-12,태전동,17,35.9218472,128.5495849
2020,대구광역시 북구 태전동 608-13,태전동 608-13,태전동,5,35.9202983,128.5482868
2020,대구광역시 북구 태전동 608-15,태전동 608-15,태전동,1,35.9195915,128.5480851
2020,대구광역시 북구 태전동 608-17,태전동 608-17,태전동,4,35.9192288,128.5479789
2020,대구광역시 북구 태전동 608-20,태전동 608-20,태전동,1,35.9194416,128.5494687
2020,대구광역시 북구 태전동 608-22,태전동 608-22,태전동,6,35.9193308,128.5488443
2020,대구광역시 북구 태전동 608-23,태전동 608-23,태전동,2,35.9191927,128.5480935
2020,대구광역시 북구 태전동 608-26,태전동 608-26,태전동,3,35.9202611,128.5483334
2020,대구광역시 북구 태전동 608-28,태전동 608-28,태전동,1,35.9193782,128.5488682
2020,대구광역시 북구 태전동 608-29,태전동 608-29,태전동,1,35.9202651,128.5482195
2020,대구광역시 북구 태전동 608-33,태전동 608-33,태전동,1,35.9193561,128.5480751
2020,대구광역시 북구 태전동 608-36,태전동 608-36,태전동,11,35.9217803,128.5499418
2020,대구광역시 북구 태전동 608-41,태전동 608-41,태전동,3,35.9195638,128.5497373
2020,대구광역시 북구 태전동 608-5,태전동 608-5,태전동,33,35.9201779,128.5491599
2020,대구광역시 북구 태전동 609-5,태전동 609-5,태전동,1,35.9210308,128.5504191
2020,대구광역시 북구 태전동 611-4,태전동 611-4,태전동,1,35.9190314,128.5503083
2020,대구광역시 북구 태전동 614-1,태전동 614-1,태전동,2,35.9191942,128.5502621
2020,대구광역시 북구 태전동 614-3,태전동 614-3,태전동,1,35.9191184,128.5505145
2020,대구광역시 북구 태전동 614-4,태전동 614-4,태전동,5,35.9190681,128.5501855
2020,대구광역시 북구 태전동 616-1,태전동 616-1,태전동,1,35.9191436,128.5500666
2020,대구광역시 북구 태전동 620-5,태전동 620-5,태전동,2,35.9186597,128.5477783
2020,대구광역시 북구 태전동 620-6,태전동 620-6,태전동,1,35.918812,128.5478593
2020,대구광역시 북구 태전동 620-7,태전동 620-7,태전동,1,35.9188189,128.547781
2020,대구광역시 북구 태전동 622,태전동 622,태전동,1,35.9206882,128.5476391
2020,대구광역시 북구 태전동 623-1,태전동 623-1,태전동,1,35.9204662,128.5472708
2020,대구광역시 북구 태전동 623-11,태전동 623-11,태전동,1,35.9204441,128.5470281
2020,대구광역시 북구 태전동 623-7,태전동 623-7,태전동,1,35.9205628,128.5469899
2020,대구광역시 북구 태전동 625-7,태전동 625-7,태전동,2,35.9219029,128.5471916
2020,대구광역시 북구 태전동 628-2,태전동 628-2,태전동,1,35.9211549,128.5478025
2020,대구광역시 북구 태전동 628-4,태전동 628-4,태전동,4,35.9216732,128.5491422
2020,대구광역시 북구 태전동 646-2,태전동 646-2,태전동,4,35.9173451,128.5456399
2020,대구광역시 북구 태전동 646-5,태전동 646-5,태전동,1,35.9173966,128.5458312
2020,대구광역시 북구 태전동 647-10,태전동 647-10,태전동,1,35.9177817,128.5458972
2020,대구광역시 북구 태전동 653-10,태전동 653-10,태전동,1,35.9165186,128.5459923
2020,대구광역시 북구 태전동 670-2,태전동 670-2,태전동,1,35.9163603,128.5453741
2020,대구광역시 북구 태전동 674-43,태전동 674-43,태전동,1,35.9167822,128.5449231
2020,대구광역시 북구 태전동 676-27,태전동 676-27,태전동,1,35.9144893,128.5429624
2020,대구광역시 북구 태전동 682-1,태전동 682-1,태전동,1,35.9181864,128.5430038
2020,대구광역시 북구 태전동 682-10,태전동 682-10,태전동,3,35.9175492,128.5425049
2020,대구광역시 북구 태전동 682-3,태전동 682-3,태전동,4,35.9182686,128.5428938
2020,대구광역시 북구 태전동 682-4,태전동 682-4,태전동,1,35.9252576,128.5421418
2020,대구광역시 북구 태전동 682-40,태전동 682-40,태전동,1,35.9175965,128.5422822
2020,대구광역시 북구 태전동 682-44,태전동 682-44,태전동,20,35.9224304,128.5419603
2020,대구광역시 북구 태전동 682-46,태전동 682-46,태전동,5,35.918394,128.5430935
2020,대구광역시 북구 태전동 683-6,태전동 683-6,태전동,1,35.9161447,128.5419907
2020,대구광역시 북구 태전동 687-51,태전동 687-51,태전동,1,35.9141304,128.5438343
2020,대구광역시 북구 태전동 687-8,태전동 687-8,태전동,3,35.9143249,128.5444002
2020,대구광역시 북구 태전동 689-5,태전동 689-5,태전동,2,35.9133761,128.5431661
2020,대구광역시 북구 태전동 695,태전동 695,태전동,5,35.9140617,128.545597
2020,대구광역시 북구 태전동 695-1,태전동 695-1,태전동,2,35.914052,128.5465298
2020,대구광역시 북구 태전동 714-12,태전동 714-12,태전동,1,35.9144738,128.5451071
2020,대구광역시 북구 태전동 716,태전동 716,태전동,44,35.9142994,128.5432828
2020,대구광역시 북구 태전동 749-22,태전동 749-22,태전동,4,35.9138607,128.546768
2020,대구광역시 북구 태전동 749-6,태전동 749-6,태전동,1,35.9148614,128.5469992
2020,대구광역시 북구 태전동 765-1,태전동 765-1,태전동,1,35.9120786,128.5483723
2020,대구광역시 북구 태전동 77-1,태전동 77-1,태전동,1,35.9292022,128.5402401
2020,대구광역시 북구 태전동 77-14,태전동 77-14,태전동,1,35.9294436,128.5396614
2020,대구광역시 북구 태전동 77-4,태전동 77-4,태전동,1,35.9289349,128.5402111
2020,대구광역시 북구 태전동 77-9,태전동 77-9,태전동,1,35.9291593,128.5405379
2020,대구광역시 북구 태전동 772-3,태전동 772-3,태전동,3,35.9127833,128.5483282
2020,대구광역시 북구 태전동 778-1,태전동 778-1,태전동,1,35.9134776,128.548225
2020,대구광역시 북구 태전동 784,태전동 784,태전동,1,35.9138474,128.548174
2020,대구광역시 북구 태전동 791-1,태전동 791-1,태전동,1,35.9148768,128.5480728
2020,대구광역시 북구 태전동 796-3,태전동 796-3,태전동,1,35.9132872,128.5488168
2020,대구광역시 북구 태전동 799-7,태전동 799-7,태전동,1,35.9121691,128.5486652
2020,대구광역시 북구 태전동 810-5,태전동 810-5,태전동,1,35.9143699,128.5495417
2020,대구광역시 북구 태전동 810-6,태전동 810-6,태전동,1,35.9143742,128.5498316
2020,대구광역시 북구 태전동 832-6,태전동 832-6,태전동,1,35.9115183,128.5488952
2020,대구광역시 북구 태전동 86-2,태전동 86-2,태전동,1,35.9271055,128.5403957
2020,대구광역시 북구 태전동 878-3,태전동 878-3,태전동,1,35.9232083,128.5517351
2020,대구광역시 북구 태전동 879-11,태전동 879-11,태전동,2,35.9169092,128.5502481
2020,대구광역시 북구 태전동 879-14,태전동 879-14,태전동,2,35.9172797,128.5498418
2020,대구광역시 북구 태전동 879-16,태전동 879-16,태전동,2,35.9196074,128.5499973
2020,대구광역시 북구 태전동 879-22,태전동 879-22,태전동,1,35.9185916,128.550052
2020,대구광역시 북구 태전동 879-23,태전동 879-23,태전동,6,35.9189835,128.5504262
2020,대구광역시 북구 태전동 879-29,태전동 879-29,태전동,1,35.9180294,128.5499723
2020,대구광역시 북구 태전동 879-51,태전동 879-51,태전동,1,35.9161279,128.5514878
2020,대구광역시 북구 태전동 879-9,태전동 879-9,태전동,2,35.9189896,128.5501114
2020,대구광역시 북구 태전동 881-10,태전동 881-10,태전동,1,35.9138692,128.5427941
2020,대구광역시 북구 태전동 881-105,태전동 881-105,태전동,4,35.9244481,128.5482503
2020,대구광역시 북구 태전동 881-108,태전동 881-108,태전동,1,35.9227039,128.548759
2020,대구광역시 북구 태전동 881-3,태전동 881-3,태전동,1,35.9183255,128.5454731
2020,대구광역시 북구 태전동 881-55,태전동 881-55,태전동,1,35.9220973,128.5488338
2020,대구광역시 북구 태전동 881-98,태전동 881-98,태전동,9,35.9200308,128.5474229
2020,대구광역시 북구 태전동 882-1,태전동 882-1,태전동,1,35.92668,128.5420008
2020,대구광역시 북구 태전동 882-7,태전동 882-7,태전동,13,35.9229777,128.5468722
2020,대구광역시 북구 태전동 887,태전동 887,태전동,11,35.9176869,128.5481544
2020,대구광역시 북구 태전동 889-4,태전동 889-4,태전동,1,35.9178998,128.5503273
2020,대구광역시 북구 태전동 889-6,태전동 889-6,태전동,1,35.9174569,128.5511839
2020,대구광역시 북구 태전동 890-1,태전동 890-1,태전동,11,35.9206285,128.5465258
2020,대구광역시 북구 태전동 890-12,태전동 890-12,태전동,1,35.9200078,128.5469204
2020,대구광역시 북구 태전동 891-14,태전동 891-14,태전동,1,35.9292462,128.5405792
2020,대구광역시 북구 태전동 891-3,태전동 891-3,태전동,1,35.9265715,128.5417491
2020,대구광역시 북구 태전동 891-5,태전동 891-5,태전동,1,35.9225108,128.5391277
2020,대구광역시 북구 태전동 893-2,태전동 893-2,태전동,1,35.9163866,128.5510504
2020,대구광역시 북구 태전동 898-5,태전동 898-5,태전동,17,35.9140565,128.5485017
2020,대구광역시 북구 태전동 907-2,태전동 907-2,태전동,4,35.9291421,128.5455913
2020,대구광역시 북구 태전동 908-3,태전동 908-3,태전동,1,35.9285577,128.5445409
2020,대구광역시 북구 태전동 912,태전동 912,태전동,1,35.9256623,128.541936
2020,대구광역시 북구 태전동 93,태전동 93,태전동,5,35.9256335,128.5407419
2020,대구광역시 북구 태전동 93-1,태전동 93-1,태전동,1,35.9256604,128.5406655
2020,대구광역시 북구 태전동 934,태전동 934,태전동,5,35.9331242,128.5469471
2020,대구광역시 북구 태전동 935,태전동 935,태전동,4,35.9332446,128.5404606
2020,대구광역시 북구 태전동 936,태전동 936,태전동,4,35.9332119,128.5415602
2020,대구광역시 북구 태전동 936-1,태전동 936-1,태전동,1,35.9327518,128.5435366
2020,대구광역시 북구 태전동 937,태전동 937,태전동,16,35.9315583,128.5444546
2020,대구광역시 북구 태전동 938,태전동 938,태전동,9,35.9324128,128.5460136
2020,대구광역시 북구 태전동 939,태전동 939,태전동,2,35.9319365,128.5477291
2020,대구광역시 북구 태전동 940,태전동 940,태전동,2,35.9325103,128.5479927
2020,대구광역시 북구 태전동 940-1,태전동 940-1,태전동,2,35.9322072,128.5479949
2020,대구광역시 북구 태전동 940-4,태전동 940-4,태전동,1,35.9317344,128.5479215
2020,대구광역시 북구 태전동 940-6,태전동 940-6,태전동,1,35.9314911,128.547911
2020,대구광역시 북구 태전동 942,태전동 942,태전동,1,35.9311273,128.5454713
2020,대구광역시 북구 태전동 943-10,태전동 943-10,태전동,1,35.9303853,128.5446468
2020,대구광역시 북구 태전동 943-11,태전동 943-11,태전동,1,35.930378,128.544822
2020,대구광역시 북구 태전동 944,태전동 944,태전동,1,35.9309239,128.5449397
2020,대구광역시 북구 태전동 945-4,태전동 945-4,태전동,1,35.9309965,128.545066
2020,대구광역시 북구 태전동 946,태전동 946,태전동,3,35.9302658,128.5449628
2020,대구광역시 북구 태전동 949-3,태전동 949-3,태전동,1,35.9300654,128.5452727
2020,대구광역시 북구 태전동 951-9,태전동 951-9,태전동,1,35.9296379,128.5448843
2020,대구광역시 북구 태전동 952,태전동 952,태전동,1,35.9303366,128.5453939
2020,대구광역시 북구 태전동 957,태전동 957,태전동,4,35.9299622,128.5460036
2020,대구광역시 북구 태전동 957-8,태전동 957-8,태전동,1,35.9297846,128.5466795
2020,대구광역시 북구 태전동 958,태전동 958,태전동,4,35.9300075,128.546865
2020,대구광역시 북구 태전동 961-11,태전동 961-11,태전동,1,35.9294248,128.5473634
2020,대구광역시 북구 태전동 961-16,태전동 961-16,태전동,1,35.9298381,128.547649
2020,대구광역시 북구 태전동 961-23,태전동 961-23,태전동,1,35.9305705,128.5477731
2020,대구광역시 북구 태전동 962,태전동 962,태전동,32,35.9294153,128.5461265
2020,대구광역시 북구 태전동 963,태전동 963,태전동,16,35.927137,128.5443284
2020,대구광역시 북구 태전동 964-12,태전동 964-12,태전동,3,35.9270189,128.5446721
2020,대구광역시 북구 태전동 968,태전동 968,태전동,2,35.9275346,128.5460672
2020,대구광역시 북구 태전동 970,태전동 970,태전동,6,35.9271569,128.5461842
2020,대구광역시 북구 태전동 972,태전동 972,태전동,3,35.9270384,128.5470689
2020,대구광역시 북구 태전동 973-3,태전동 973-3,태전동,1,35.9269133,128.5471992
2020,대구광역시 북구 태전동 974,태전동 974,태전동,2,35.9269725,128.5461085
2020,대구광역시 북구 태전동 975,태전동 975,태전동,11,35.9268009,128.5458224
2020,대구광역시 북구 태전동 976-1,태전동 976-1,태전동,1,35.9267472,128.5444268
2020,대구광역시 북구 태전동 980,태전동 980,태전동,1,35.9263273,128.5455983
2020,대구광역시 북구 태전동 981-1,태전동 981-1,태전동,1,35.9266477,128.5458938
2020,대구광역시 북구 태전동 981-2,태전동 981-2,태전동,1,35.9266307,128.546034
2020,대구광역시 북구 태전동 981-4,태전동 981-4,태전동,1,35.9265009,128.5458461
2020,대구광역시 북구 태전동 982,태전동 982,태전동,3,35.9264787,128.5463049
2020,대구광역시 북구 태전동 983,태전동 983,태전동,1,35.9266598,128.5462866
2020,대구광역시 북구 태전동 986-11,태전동 986-11,태전동,5,35.9259831,128.5454306
2020,대구광역시 북구 태전동 986-20,태전동 986-20,태전동,3,35.9260913,128.5443875
2020,대구광역시 북구 태전동 986-21,태전동 986-21,태전동,4,35.9261082,128.5442729
2020,대구광역시 북구 태전동 986-9,태전동 986-9,태전동,1,35.9261696,128.545345
2020,대구광역시 북구 태전동 987-10,태전동 987-10,태전동,1,35.9258332,128.5467785
2020,대구광역시 북구 태전동 987-19,태전동 987-19,태전동,2,35.925961,128.5456237
2020,대구광역시 북구 태전동 989,태전동 989,태전동,1,35.9265068,128.5471354
2020,대구광역시 북구 태전동 989-1,태전동 989-1,태전동,2,35.9263411,128.5471091
2020,대구광역시 북구 태전동 990,태전동 990,태전동,100,35.9257768,128.5452878
2020,대구광역시 북구 태전동 991,태전동 991,태전동,127,35.9291507,128.5478642
2020,대구광역시 북구 태전동 992,태전동 992,태전동,28,35.9322669,128.5510779
2020,대구광역시 북구 태전동 993,태전동 993,태전동,17,35.9322816,128.5489016
2020,대구광역시 북구 태전동 993-1,태전동 993-1,태전동,8,35.9317589,128.5487845
2020,대구광역시 북구 태전동 993-13,태전동 993-13,태전동,3,35.9319332,128.5486414
2020,대구광역시 북구 태전동 993-3,태전동 993-3,태전동,1,35.931699,128.5490311
2020,대구광역시 북구 태전동 993-4,태전동 993-4,태전동,1,35.9317996,128.5488911
2020,대구광역시 북구 태전동 993-6,태전동 993-6,태전동,3,35.9315098,128.5489462
2020,대구광역시 북구 태전동 995-16,태전동 995-16,태전동,1,35.9307184,128.5485756
2020,대구광역시 북구 태전동 995-3,태전동 995-3,태전동,1,35.9310768,128.5489537
2020,대구광역시 북구 태전동 996,태전동 996,태전동,42,35.9314973,128.5491657
2020,대구광역시 북구 태전동 997,태전동 997,태전동,30,35.9314042,128.5498913
2020,대구광역시 북구 태전동 997-1,태전동 997-1,태전동,9,35.9313891,128.5511632
2020,대구광역시 북구 태전동 998,태전동 998,태전동,19,35.9311897,128.5517211
2020,대구광역시 북구 태전동 999,태전동 999,태전동,6,35.9316633,128.5528519
2020,대구광역시 북구 태전동 999-1,태전동 999-1,태전동,3,35.9310026,128.5524578
2020,대구광역시 북구 태전동 999-2,태전동 999-2,태전동,18,35.9303699,128.5519351
2020,대구광역시 북구 태전동 산 17-5,태전동 산 17-5,태전동,1,35.9340827,128.5350826
2020,대구광역시 북구 태전동 산 29-1,태전동 산 29-1,태전동,1,35.9283503,128.5355326
2020,대구광역시 북구 태전동 산 3-1,태전동 산 3-1,태전동,1,35.9265053,128.5433726
2020,대구광역시 북구 태전동 산 35-7,태전동 산 35-7,태전동,1,35.9259597,128.540782
2020,대구광역시 북구 태전동 산 45-3,태전동 산 45-3,태전동,1,35.9201046,128.5407703
2020,대구광역시 북구 태전동 산 47-5,태전동 산 47-5,태전동,1,35.9208241,128.5415125
2020,대구광역시 북구 태전동 산 6-1,태전동 산 6-1,태전동,1,35.9286977,128.5420447
2020,대구광역시 북구 태전동 산 84,태전동 산 84,태전동,1,35.9331141,128.5386724
2020,대구광역시 북구 태전동 산 84-2,태전동 산 84-2,태전동,1,35.9324317,128.5392776
2020,대구광역시 북구 태전동-7,태전동-7,태전동,1,35.9288307,128.5325343
2020,대구광역시 북구 태전동1030,태전동1030,태전동,1,35.9285981,128.5497433
2020,대구광역시 북구 팔달동 1-2,팔달동 1-2,팔달동,2,35.9013226,128.5409903
2020,대구광역시 북구 팔달동 11-1,팔달동 11-1,팔달동,2,35.8971026,128.5440005
2020,대구광역시 북구 팔달동 112-1,팔달동 112-1,팔달동,1,35.8987396,128.546778
2020,대구광역시 북구 팔달동 15-15,팔달동 15-15,팔달동,1,35.8998964,128.5417298
2020,대구광역시 북구 팔달동 186-1,팔달동 186-1,팔달동,1,35.8970929,128.5465396
2020,대구광역시 북구 팔달동 186-24,팔달동 186-24,팔달동,1,35.8970368,128.5452081
2020,대구광역시 북구 팔달동 186-32,팔달동 186-32,팔달동,1,35.8969861,128.5461903
2020,대구광역시 북구 팔달동 220-9,팔달동 220-9,팔달동,5,35.8959886,128.5400331
2020,대구광역시 북구 팔달동 230-5,팔달동 230-5,팔달동,1,35.8964845,128.5399088
2020,대구광역시 북구 팔달동 235-8,팔달동 235-8,팔달동,1,35.8973052,128.5467326
2020,대구광역시 북구 팔달동 267-1,팔달동 267-1,팔달동,1,35.8959673,128.5381395
2020,대구광역시 북구 팔달동 268-1,팔달동 268-1,팔달동,1,35.8956739,128.5377185
2020,대구광역시 북구 팔달동 268-18,팔달동 268-18,팔달동,1,35.8950235,128.5373394
2020,대구광역시 북구 팔달동 27,팔달동 27,팔달동,13,35.8992716,128.5418942
2020,대구광역시 북구 팔달동 277-14,팔달동 277-14,팔달동,1,35.8948936,128.5368641
2020,대구광역시 북구 팔달동 286-12,팔달동 286-12,팔달동,2,35.8940898,128.5327299
2020,대구광역시 북구 팔달동 4-19,팔달동 4-19,팔달동,1,35.9013248,128.5413171
2020,대구광역시 북구 팔달동 4-4,팔달동 4-4,팔달동,1,35.9011915,128.5411859
2020,대구광역시 북구 팔달동 50,팔달동 50,팔달동,28,35.8985856,128.5442125
2020,대구광역시 북구 팔달동 50-1,팔달동 50-1,팔달동,5,35.900522,128.5430124
2020,대구광역시 북구 팔달동 52,팔달동 52,팔달동,13,35.8985014,128.5432755
2020,대구광역시 북구 팔달동 52-3,팔달동 52-3,팔달동,2,35.8974966,128.5441261
2020,대구광역시 북구 팔달동 524-48,팔달동 524-48,팔달동,2,35.8995181,128.5475285
2020,대구광역시 북구 팔달동 54-1,팔달동 54-1,팔달동,13,35.8998332,128.542975
2020,대구광역시 북구 팔달동 72-1,팔달동 72-1,팔달동,3,35.8974978,128.5448641
2020,대구광역시 북구 팔달동 72-2,팔달동 72-2,팔달동,1,35.8972916,128.5446117
2020,대구광역시 북구 팔달동 72-4,팔달동 72-4,팔달동,7,35.8984812,128.5443331
2020,대구광역시 북구 팔달동 72-7,팔달동 72-7,팔달동,2,35.8973093,128.5448894
2020,대구광역시 북구 팔달동 73-3,팔달동 73-3,팔달동,2,35.8975784,128.5448525
2020,대구광역시 북구 팔달동 73-4,팔달동 73-4,팔달동,4,35.897935,128.5448246
2020,대구광역시 북구 팔달동 74-3,팔달동 74-3,팔달동,2,35.8987339,128.5447512
2020,대구광역시 북구 팔달동 83-3,팔달동 83-3,팔달동,1,35.8994421,128.5446023
2020,대구광역시 북구 팔달동 85-4,팔달동 85-4,팔달동,2,35.8979833,128.5456711
2020,대구광역시 북구 팔달동 88-1,팔달동 88-1,팔달동,1,35.8974371,128.5459054
2020,대구광역시 북구 팔달동 88-15,팔달동 88-15,팔달동,1,35.8975747,128.5455535
2020,대구광역시 북구 팔달동 88-3,팔달동 88-3,팔달동,1,35.8975606,128.545377
2020,대구광역시 북구 팔달동 88-7,팔달동 88-7,팔달동,1,35.8973096,128.545908
2020,대구광역시 북구 팔달동 90-2,팔달동 90-2,팔달동,1,35.8979082,128.5463956
2020,대구광역시 북구 팔달동 산 25-2,팔달동 산 25-2,팔달동,1,35.8978971,128.5385684
2020,대구광역시 북구 팔달동 산 73,팔달동 산 73,팔달동,1,35.896541,128.538883
2020,대구광역시 북구 팔달로 95부근,팔달로 95부근,미상,1,35.8901297,128.5604992
2020,대구광역시 북구 학정동 129-2,학정동 129-2,학정동,1,35.9504379,128.5693085
2020,대구광역시 북구 학정동 135-1,학정동 135-1,학정동,1,35.9504451,128.5702378
2020,대구광역시 북구 학정동 137-1,학정동 137-1,학정동,1,35.9495755,128.5700497
2020,대구광역시 북구 학정동 143,학정동 143,학정동,1,35.9484336,128.5700973
2020,대구광역시 북구 학정동 192-5,학정동 192-5,학정동,1,35.9503662,128.5685286
2020,대구광역시 북구 학정동 272,학정동 272,학정동,5,35.950181,128.5649655
2020,대구광역시 북구 학정동 282-13,학정동 282-13,학정동,1,35.9528819,128.5652151
2020,대구광역시 북구 학정동 283-9,학정동 283-9,학정동,1,35.9522266,128.5652326
2020,대구광역시 북구 학정동 324-9,학정동 324-9,학정동,1,35.9550383,128.5667298
2020,대구광역시 북구 학정동 370-1,학정동 370-1,학정동,1,35.954834,128.5654223
2020,대구광역시 북구 학정동 370-5,학정동 370-5,학정동,5,35.954723,128.5656728
2020,대구광역시 북구 학정동 370-6,학정동 370-6,학정동,2,35.9546163,128.5653656
2020,대구광역시 북구 학정동 372-1,학정동 372-1,학정동,1,35.9551577,128.5654256
2020,대구광역시 북구 학정동 373-2,학정동 373-2,학정동,1,35.9555514,128.5658916
2020,대구광역시 북구 학정동 377-4,학정동 377-4,학정동,11,35.9559022,128.5671235
2020,대구광역시 북구 학정동 451-1,학정동 451-1,학정동,1,35.9581928,128.5662108
2020,대구광역시 북구 학정동 451-10,학정동 451-10,학정동,1,35.9571433,128.5658613
2020,대구광역시 북구 학정동 451-6,학정동 451-6,학정동,19,35.9581321,128.5652402
2020,대구광역시 북구 학정동 451-8,학정동 451-8,학정동,1,35.9584639,128.566027
2020,대구광역시 북구 학정동 452-3,학정동 452-3,학정동,6,35.9575756,128.5665382
2020,대구광역시 북구 학정동 462-1,학정동 462-1,학정동,8,35.9566136,128.5668514
2020,대구광역시 북구 학정동 464,학정동 464,학정동,1,35.9566578,128.5672824
2020,대구광역시 북구 학정동 466,학정동 466,학정동,2,35.9566384,128.5665145
2020,대구광역시 북구 학정동 468-2,학정동 468-2,학정동,1,35.9560647,128.5662123
2020,대구광역시 북구 학정동 469-8,학정동 469-8,학정동,1,35.9565438,128.5658964
2020,대구광역시 북구 학정동 469-9,학정동 469-9,학정동,1,35.9565978,128.5657513
2020,대구광역시 북구 학정동 474,학정동 474,학정동,4,35.9561481,128.5643617
2020,대구광역시 북구 학정동 474-11,학정동 474-11,학정동,1,35.9559289,128.5625434
2020,대구광역시 북구 학정동 474-5,학정동 474-5,학정동,2,35.9568868,128.5659197
2020,대구광역시 북구 학정동 485-13,학정동 485-13,학정동,1,35.9586512,128.5644077
2020,대구광역시 북구 학정동 490,학정동 490,학정동,1,35.9575393,128.5631062
2020,대구광역시 북구 학정동 515-3,학정동 515-3,학정동,1,35.954874,128.5629955
2020,대구광역시 북구 학정동 533-3,학정동 533-3,학정동,1,35.9506228,128.5649603
2020,대구광역시 북구 학정동 55,학정동 55,학정동,2,35.955116,128.5677316
2020,대구광역시 북구 학정동 629,학정동 629,학정동,1,35.9477688,128.5631325
2020,대구광역시 북구 학정동 65-1,학정동 65-1,학정동,18,35.9542205,128.5681998
2020,대구광역시 북구 학정동 752-3,학정동 752-3,학정동,1,35.9507758,128.5591209
2020,대구광역시 북구 학정동 799-2,학정동 799-2,학정동,1,35.9514993,128.5574392
2020,대구광역시 북구 학정동 825,학정동 825,학정동,1,35.9468551,128.5581252
2020,대구광역시 북구 학정동 869-4,학정동 869-4,학정동,1,35.946187,128.5569248
2020,대구광역시 북구 학정동 872-1,학정동 872-1,학정동,1,35.9463281,128.5565897
2020,대구광역시 북구 학정동 883-4,학정동 883-4,학정동,1,35.9459634,128.5557933
2020,대구광역시 북구 학정동 889-1,학정동 889-1,학정동,1,35.9560867,128.56673
2020,대구광역시 북구 학정동 889-3,학정동 889-3,학정동,2,35.9545845,128.5681154
2020,대구광역시 북구 학정동 917-1,학정동 917-1,학정동,9,35.9484244,128.5563631
2020,대구광역시 북구 학정동 921-1,학정동 921-1,학정동,1,35.9544807,128.5651037
2020,대구광역시 북구 학정동 922-1,학정동 922-1,학정동,2,35.9544891,128.5653908
2020,대구광역시 북구 학정동 924,학정동 924,학정동,3,35.9540949,128.5680238
2020,대구광역시 북구 학정동 925,학정동 925,학정동,95,35.9534982,128.5673485
2020,대구광역시 북구 학정동 925-3,학정동 925-3,학정동,1,35.9538099,128.5661724
2020,대구광역시 북구 학정동 926-1,학정동 926-1,학정동,1,35.9535824,128.5660197
2020,대구광역시 북구 학정동 926-4,학정동 926-4,학정동,1,35.9530239,128.5659101
2020,대구광역시 북구 학정동 926-5,학정동 926-5,학정동,2,35.9527854,128.5658636
2020,대구광역시 북구 학정동 926-6,학정동 926-6,학정동,2,35.9525708,128.5658216
2020,대구광역시 북구 학정동 926-8,학정동 926-8,학정동,3,35.9522658,128.5657619
2020,대구광역시 북구 학정동 926-9,학정동 926-9,학정동,2,35.9521267,128.5657387
2020,대구광역시 북구 학정동 927-2,학정동 927-2,학정동,2,35.9525213,128.5662781
2020,대구광역시 북구 학정동 927-3,학정동 927-3,학정동,1,35.9525063,128.566412
2020,대구광역시 북구 학정동 928-7,학정동 928-7,학정동,1,35.9519584,128.5674433
2020,대구광역시 북구 학정동 928-8,학정동 928-8,학정동,1,35.9520683,128.5664358
2020,대구광역시 북구 학정동 934-2,학정동 934-2,학정동,1,35.9513731,128.5682483
2020,대구광역시 북구 학정동 935-5,학정동 935-5,학정동,1,35.9509156,128.5676478
2020,대구광역시 북구 학정동 936-3,학정동 936-3,학정동,1,35.9516842,128.56708
2020,대구광역시 북구 학정동 938-1,학정동 938-1,학정동,1,35.9514821,128.5667947
2020,대구광역시 북구 학정동 938-15,학정동 938-15,학정동,1,35.9506512,128.5663878
2020,대구광역시 북구 학정동 938-18,학정동 938-18,학정동,1,35.9511864,128.5664899
2020,대구광역시 북구 학정동 938-19,학정동 938-19,학정동,1,35.9513423,128.5665196
2020,대구광역시 북구 학정동 939-3,학정동 939-3,학정동,1,35.9507099,128.5659396
2020,대구광역시 북구 학정동 940-1,학정동 940-1,학정동,1,35.951797,128.5660143
2020,대구광역시 북구 학정동 940-2,학정동 940-2,학정동,1,35.9517733,128.5662402
2020,대구광역시 북구 학정동 941-10,학정동 941-10,학정동,1,35.9503539,128.565386
2020,대구광역시 북구 학정동 941-12,학정동 941-12,학정동,1,35.9510734,128.5655452
2020,대구광역시 북구 학정동 941-2,학정동 941-2,학정동,1,35.9516747,128.565646
2020,대구광역시 북구 학정동 941-5,학정동 941-5,학정동,1,35.9511808,128.5655622
2020,대구광역시 북구 학정동 941-6,학정동 941-6,학정동,2,35.9509047,128.5655111
2020,대구광역시 북구 학정동 941-7,학정동 941-7,학정동,1,35.9507318,128.5654658
2020,대구광역시 북구 학정동 942-9,학정동 942-9,학정동,1,35.9490727,128.5651397
2020,대구광역시 북구 학정동 943-1,학정동 943-1,학정동,1,35.9488555,128.5652551
2020,대구광역시 북구 학정동 945-18,학정동 945-18,학정동,1,35.9500194,128.5662688
2020,대구광역시 북구 학정동 946-1,학정동 946-1,학정동,1,35.9487647,128.565985
2020,대구광역시 북구 학정동 947-12,학정동 947-12,학정동,1,35.949497,128.5667062
2020,대구광역시 북구 학정동 947-16,학정동 947-16,학정동,1,35.9499037,128.5671282
2020,대구광역시 북구 학정동 947-18,학정동 947-18,학정동,1,35.9488866,128.5666891
2020,대구광역시 북구 학정동 950,학정동 950,학정동,1,35.9499203,128.5680644
2020,대구광역시 북구 학정동 952,학정동 952,학정동,12,35.9542234,128.5647131
2020,대구광역시 북구 학정동 953,학정동 953,학정동,21,35.9520079,128.5654484
2020,대구광역시 북구 학정동 953-1,학정동 953-1,학정동,14,35.9537553,128.5661017
2020,대구광역시 북구 학정동 953-10,학정동 953-10,학정동,3,35.9502551,128.5678747
2020,대구광역시 북구 학정동 953-13,학정동 953-13,학정동,4,35.9497682,128.5677928
2020,대구광역시 북구 학정동 953-14,학정동 953-14,학정동,32,35.9500736,128.5673048
2020,대구광역시 북구 학정동 953-15,학정동 953-15,학정동,3,35.9515676,128.5669844
2020,대구광역시 북구 학정동 953-16,학정동 953-16,학정동,1,35.9508398,128.5668399
2020,대구광역시 북구 학정동 953-17,학정동 953-17,학정동,4,35.9501303,128.5664259
2020,대구광역시 북구 학정동 953-18,학정동 953-18,학정동,7,35.9510285,128.5662805
2020,대구광역시 북구 학정동 953-19,학정동 953-19,학정동,3,35.9502918,128.5655879
2020,대구광역시 북구 학정동 953-2,학정동 953-2,학정동,59,35.9526775,128.5662696
2020,대구광역시 북구 학정동 953-23,학정동 953-23,학정동,2,35.9494099,128.5659623
2020,대구광역시 북구 학정동 953-24,학정동 953-24,학정동,2,35.9494113,128.5665577
2020,대구광역시 북구 학정동 953-3,학정동 953-3,학정동,2,35.9523852,128.5659977
2020,대구광역시 북구 학정동 953-4,학정동 953-4,학정동,1,35.9521232,128.5659349
2020,대구광역시 북구 학정동 953-5,학정동 953-5,학정동,17,35.9520768,128.5676909
2020,대구광역시 북구 학정동 953-6,학정동 953-6,학정동,1,35.9519714,128.5684405
2020,대구광역시 북구 학정동 953-7,학정동 953-7,학정동,1,35.9516648,128.5687169
2020,대구광역시 북구 학정동 953-9,학정동 953-9,학정동,3,35.9507397,128.5679385
2020,대구광역시 북구 학정동 967-10,학정동 967-10,학정동,1,35.9490168,128.5670178
2020,대구광역시 북구 학정동 967-6,학정동 967-6,학정동,1,35.9491074,128.5674131
2020,대구광역시 북구 학정동 968,학정동 968,학정동,1,35.9487892,128.566938
2020,대구광역시 북구 학정동 968-1,학정동 968-1,학정동,1,35.9487748,128.5670898
2020,대구광역시 북구 학정동 969,학정동 969,학정동,1,35.9484163,128.5681741
2020,대구광역시 북구 학정동 971,학정동 971,학정동,1,35.94832,128.567692
2020,대구광역시 북구 학정동 971-4,학정동 971-4,학정동,4,35.9477145,128.5675665
2020,대구광역시 북구 학정동 972-1,학정동 972-1,학정동,1,35.9481643,128.5680751
2020,대구광역시 북구 학정동 973-2,학정동 973-2,학정동,1,35.9479483,128.5681482
2020,대구광역시 북구 학정동 973-3,학정동 973-3,학정동,1,35.9479746,128.568296
2020,대구광역시 북구 학정동 973-5,학정동 973-5,학정동,1,35.9477896,128.5681693
2020,대구광역시 북구 학정동 973-7,학정동 973-7,학정동,1,35.9477253,128.5678454
2020,대구광역시 북구 학정동 974-5,학정동 974-5,학정동,1,35.9482638,128.5672203
2020,대구광역시 북구 학정동 976-1,학정동 976-1,학정동,2,35.9479109,128.5671774
2020,대구광역시 북구 학정동 980,학정동 980,학정동,3,35.9474604,128.5657881
2020,대구광역시 북구 학정동 981-4,학정동 981-4,학정동,1,35.9466202,128.5651697
2020,대구광역시 북구 학정동 982,학정동 982,학정동,17,35.9471171,128.5679955
2020,대구광역시 북구 학정동 983-2,학정동 983-2,학정동,1,35.9469075,128.569312
2020,대구광역시 북구 학정동 984,학정동 984,학정동,1,35.9473786,128.5692774
2020,대구광역시 북구 학정동 985,학정동 985,학정동,12,35.9482059,128.5691077
2020,대구광역시 북구 학정동 989-10,학정동 989-10,학정동,3,35.9491277,128.5676413
2020,대구광역시 북구 학정동 989-11,학정동 989-11,학정동,1,35.9498373,128.5675167
2020,대구광역시 북구 학정동 989-12,학정동 989-12,학정동,7,35.948877,128.5672001
2020,대구광역시 북구 학정동 989-13,학정동 989-13,학정동,9,35.9481465,128.568386
2020,대구광역시 북구 학정동 989-14,학정동 989-14,학정동,1,35.9480041,128.5677678
2020,대구광역시 북구 학정동 989-15,학정동 989-15,학정동,1,35.9480516,128.5680773
2020,대구광역시 북구 학정동 989-16,학정동 989-16,학정동,18,35.9476144,128.5679969
2020,대구광역시 북구 학정동 989-17,학정동 989-17,학정동,17,35.9474542,128.5673105
2020,대구광역시 북구 학정동 989-18,학정동 989-18,학정동,1,35.9465724,128.5671901
2020,대구광역시 북구 학정동 989-20,학정동 989-20,학정동,1,35.947645,128.5646065
2020,대구광역시 북구 학정동 989-21,학정동 989-21,학정동,1,35.9481434,128.5661193
2020,대구광역시 북구 학정동 989-22,학정동 989-22,학정동,4,35.9480364,128.5670446
2020,대구광역시 북구 학정동 989-23,학정동 989-23,학정동,1,35.9476607,128.5666124
2020,대구광역시 북구 학정동 989-4,학정동 989-4,학정동,3,35.9482656,128.5699994
2020,대구광역시 북구 학정동 989-7,학정동 989-7,학정동,16,35.9486402,128.5685498
2020,대구광역시 북구 학정동 99-1,학정동 99-1,학정동,1,35.9515232,128.5690454
2021,대구광역시 북구 검단동 1-3,검단동 1-3,검단동,1,35.9177057,128.6303872
2021,대구광역시 북구 검단동 1023-3,검단동 1023-3,검단동,1,35.9121743,128.6265316
2021,대구광역시 북구 검단동 1024-3,검단동 1024-3,검단동,1,35.911922,128.6265143
2021,대구광역시 북구 검단동 1096-1,검단동 1096-1,검단동,2,35.916396,128.6266475
2021,대구광역시 북구 검단동 1128-2,검단동 1128-2,검단동,29,35.9164659,128.6285908
2021,대구광역시 북구 검단동 1128-3,검단동 1128-3,검단동,86,35.9159543,128.6290472
2021,대구광역시 북구 검단동 1128-63,검단동 1128-63,검단동,1,35.9154651,128.6295881
2021,대구광역시 북구 검단동 1145-1,검단동 1145-1,검단동,1,35.9150329,128.6267126
2021,대구광역시 북구 검단동 1229-6,검단동 1229-6,검단동,1,35.9139525,128.6294718
2021,대구광역시 북구 검단동 1236-1,검단동 1236-1,검단동,1,35.9134501,128.6289657
2021,대구광역시 북구 검단동 1280-10,검단동 1280-10,검단동,2,35.912335,128.6275163
2021,대구광역시 북구 검단동 1288,검단동 1288,검단동,2,35.912723,128.6276538
2021,대구광역시 북구 검단동 1289,검단동 1289,검단동,2,35.9126875,128.6277435
2021,대구광역시 북구 검단동 1302-11,검단동 1302-11,검단동,2,35.9128486,128.6282541
2021,대구광역시 북구 검단동 1302-5,검단동 1302-5,검단동,5,35.9129955,128.6283627
2021,대구광역시 북구 검단동 1306-1,검단동 1306-1,검단동,1,35.9127318,128.6278763
2021,대구광역시 북구 검단동 1307-1,검단동 1307-1,검단동,1,35.9128228,128.6279496
2021,대구광역시 북구 검단동 1392-1,검단동 1392-1,검단동,1,35.9142379,128.628022
2021,대구광역시 북구 검단동 1393,검단동 1393,검단동,1,35.9170989,128.6269658
2021,대구광역시 북구 검단동 1393-106,검단동 1393-106,검단동,1,35.9166054,128.6295736
2021,대구광역시 북구 검단동 1393-202,검단동 1393-202,검단동,1,35.9169207,128.620175
2021,대구광역시 북구 검단동 1393-306,검단동 1393-306,검단동,1,35.9165914,128.6288859
2021,대구광역시 북구 검단동 492-1,검단동 492-1,검단동,1,35.9147818,128.6113408
2021,대구광역시 북구 검단동 529-1,검단동 529-1,검단동,4,35.9129363,128.6144104
2021,대구광역시 북구 검단동 532-1,검단동 532-1,검단동,1,35.9141716,128.6135228
2021,대구광역시 북구 검단동 537-3,검단동 537-3,검단동,14,35.9143389,128.6134524
2021,대구광역시 북구 검단동 578-3,검단동 578-3,검단동,1,35.9116327,128.6153225
2021,대구광역시 북구 검단동 654-1,검단동 654-1,검단동,1,35.9156991,128.6188449
2021,대구광역시 북구 검단동 654-2,검단동 654-2,검단동,4,35.9126067,128.6217452
2021,대구광역시 북구 검단동 679-8,검단동 679-8,검단동,5,35.9165154,128.6263418
2021,대구광역시 북구 검단동 711,검단동 711,검단동,1,35.9153477,128.6211931
2021,대구광역시 북구 검단동 720-5,검단동 720-5,검단동,1,35.9142293,128.6213597
2021,대구광역시 북구 검단동 745-2,검단동 745-2,검단동,1,35.9139502,128.6251448
2021,대구광역시 북구 검단동 777-25,검단동 777-25,검단동,2,35.9133193,128.6241738
2021,대구광역시 북구 검단동 838-124,검단동 838-124,검단동,9,35.908169,128.6219114
2021,대구광역시 북구 검단동 838-125,검단동 838-125,검단동,3,35.9092022,128.6207309
2021,대구광역시 북구 검단동 838-4,검단동 838-4,검단동,2,35.9096527,128.621445
2021,대구광역시 북구 검단동 838-48,검단동 838-48,검단동,1,35.9108721,128.6198463
2021,대구광역시 북구 검단동 838-72,검단동 838-72,검단동,1,35.9120849,128.6189665
2021,대구광역시 북구 검단동 838-74,검단동 838-74,검단동,20,35.9130972,128.6158042
2021,대구광역시 북구 검단동 838-75,검단동 838-75,검단동,1,35.9131066,128.6196234
2021,대구광역시 북구 검단동 838-94,검단동 838-94,검단동,1,35.9147873,128.6184408
2021,대구광역시 북구 검단동 887-1,검단동 887-1,검단동,1,35.9125566,128.6152545
2021,대구광역시 북구 검단동 887-128,검단동 887-128,검단동,1,35.9118516,128.6184552
2021,대구광역시 북구 검단동 887-130,검단동 887-130,검단동,1,35.9134934,128.6172925
2021,대구광역시 북구 검단동 887-148,검단동 887-148,검단동,1,35.9085028,128.6179966
2021,대구광역시 북구 검단동 887-54,검단동 887-54,검단동,2,35.9081755,128.6180899
2021,대구광역시 북구 검단동 887-62,검단동 887-62,검단동,1,35.9088026,128.6187916
2021,대구광역시 북구 검단동 887-8,검단동 887-8,검단동,1,35.9077513,128.6197165
2021,대구광역시 북구 검단동 907-2,검단동 907-2,검단동,1,35.9083285,128.6175347
2021,대구광역시 북구 검단동 911-4,검단동 911-4,검단동,26,35.908065,128.6178061
2021,대구광역시 북구 검단동 920-1,검단동 920-1,검단동,4,35.9082699,128.6175538
2021,대구광역시 북구 검단동 936-2,검단동 936-2,검단동,1,35.9063853,128.619427
2021,대구광역시 북구 검단동 936-49,검단동 936-49,검단동,2,35.9066842,128.6187427
2021,대구광역시 북구 검단동 936-50,검단동 936-50,검단동,1,35.9059636,128.6186428
2021,대구광역시 북구 검단동 936-7,검단동 936-7,검단동,1,35.9061051,128.6188373
2021,대구광역시 북구 고성동1가 104-46,고성동1가 104-46,고성동,2,35.8793898,128.5856956
2021,대구광역시 북구 고성동1가 110-31,고성동1가 110-31,고성동,1,35.8786184,128.5840464
2021,대구광역시 북구 고성동1가 122-23,고성동1가 122-23,고성동,1,35.8794034,128.5833665
2021,대구광역시 북구 고성동1가 153-6,고성동1가 153-6,고성동,1,35.8796624,128.5821782
2021,대구광역시 북구 고성동1가 160-81,고성동1가 160-81,고성동,1,35.8789869,128.5818272
2021,대구광역시 북구 고성동1가 41-1,고성동1가 41-1,고성동,1,35.8780501,128.5882747
2021,대구광역시 북구 고성동1가 46-3,고성동1가 46-3,고성동,1,35.8785787,128.5884165
2021,대구광역시 북구 고성동1가 47,고성동1가 47,고성동,1,35.8784808,128.5883206
2021,대구광역시 북구 고성동1가 49,고성동1가 49,고성동,1,35.8784155,128.5882689
2021,대구광역시 북구 고성동1가 50-212,고성동1가 50-212,고성동,1,35.8788218,128.5884844
2021,대구광역시 북구 고성동1가 50-24,고성동1가 50-24,고성동,1,35.8787864,128.5883776
2021,대구광역시 북구 고성동1가 50-60,고성동1가 50-60,고성동,1,35.8789658,128.587886
2021,대구광역시 북구 고성동1가 80,고성동1가 80,고성동,1,35.877852,128.5879705
2021,대구광역시 북구 고성동1가 81,고성동1가 81,고성동,1,35.8778564,128.5880801
2021,대구광역시 북구 고성동1가 85-13,고성동1가 85-13,고성동,2,35.8776857,128.5881374
2021,대구광역시 북구 고성동2가 108-11,고성동2가 108-11,고성동,1,35.8799256,128.583188
2021,대구광역시 북구 고성동2가 108-17,고성동2가 108-17,고성동,4,35.8799335,128.5835859
2021,대구광역시 북구 고성동2가 108-25,고성동2가 108-25,고성동,1,35.8795739,128.5835188
2021,대구광역시 북구 고성동2가 108-26,고성동2가 108-26,고성동,1,35.8798421,128.583379
2021,대구광역시 북구 고성동2가 108-41,고성동2가 108-41,고성동,1,35.8799641,128.5830911
2021,대구광역시 북구 고성동2가 110-14,고성동2가 110-14,고성동,1,35.8798269,128.5826569
2021,대구광역시 북구 고성동2가 111-5,고성동2가 111-5,고성동,1,35.8808435,128.5825117
2021,대구광역시 북구 고성동2가 111-8,고성동2가 111-8,고성동,2,35.8807497,128.5824821
2021,대구광역시 북구 고성동2가 112-1,고성동2가 112-1,고성동,1,35.8799008,128.5822796
2021,대구광역시 북구 고성동2가 112-3,고성동2가 112-3,고성동,4,35.8804433,128.5818399
2021,대구광역시 북구 고성동2가 112-347,고성동2가 112-347,고성동,1,35.8803191,128.5824126
2021,대구광역시 북구 고성동2가 112-64,고성동2가 112-64,고성동,15,35.8799844,128.5817546
2021,대구광역시 북구 고성동2가 130,고성동2가 130,고성동,10,35.879977,128.5841457
2021,대구광역시 북구 고성동2가 130-14,고성동2가 130-14,고성동,2,35.8805137,128.5825684
2021,대구광역시 북구 고성동2가 130-19,고성동2가 130-19,고성동,4,35.8799631,128.5811922
2021,대구광역시 북구 고성동2가 31-4,고성동2가 31-4,고성동,1,35.8800846,128.5866052
2021,대구광역시 북구 고성동2가 42-4,고성동2가 42-4,고성동,1,35.8793752,128.5864623
2021,대구광역시 북구 고성동2가 57-6,고성동2가 57-6,고성동,1,35.8803394,128.5854759
2021,대구광역시 북구 고성동2가 61-1,고성동2가 61-1,고성동,1,35.8804041,128.5851848
2021,대구광역시 북구 고성동2가 76,고성동2가 76,고성동,1,35.8804464,128.5849291
2021,대구광역시 북구 고성동3가 10-1,고성동3가 10-1,고성동,1,35.883773,128.5872985
2021,대구광역시 북구 고성동3가 102-5,고성동3가 102-5,고성동,1,35.8819192,128.5827855
2021,대구광역시 북구 고성동3가 142,고성동3가 142,고성동,1,35.8815862,128.5811321
2021,대구광역시 북구 고성동3가 143,고성동3가 143,고성동,31,35.8824546,128.5826776
2021,대구광역시 북구 고성동3가 144,고성동3가 144,고성동,3,35.8827392,128.5832305
2021,대구광역시 북구 고성동3가 145,고성동3가 145,고성동,15,35.8828065,128.5845419
2021,대구광역시 북구 고성동3가 147,고성동3가 147,고성동,2,35.8822199,128.5843068
2021,대구광역시 북구 고성동3가 2,고성동3가 2,고성동,10,35.8816737,128.5874162
2021,대구광역시 북구 고성동3가 2-1,고성동3가 2-1,고성동,14,35.8821181,128.5855039
2021,대구광역시 북구 고성동3가 46,고성동3가 46,고성동,1,35.8844267,128.5832212
2021,대구광역시 북구 고성동3가 5-10,고성동3가 5-10,고성동,7,35.8827047,128.5854253
2021,대구광역시 북구 고성동3가 5-126,고성동3가 5-126,고성동,1,35.8822725,128.585424
2021,대구광역시 북구 고성동3가 5-127,고성동3가 5-127,고성동,2,35.8821931,128.5853989
2021,대구광역시 북구 고성동3가 5-128,고성동3가 5-128,고성동,5,35.8820976,128.5853679
2021,대구광역시 북구 고성동3가 5-129,고성동3가 5-129,고성동,6,35.882019,128.5853418
2021,대구광역시 북구 고성동3가 5-136,고성동3가 5-136,고성동,1,35.8822927,128.585344
2021,대구광역시 북구 고성동3가 5-139,고성동3가 5-139,고성동,2,35.8831704,128.584121
2021,대구광역시 북구 고성동3가 5-14,고성동3가 5-14,고성동,1,35.8823867,128.5847992
2021,대구광역시 북구 고성동3가 5-142,고성동3가 5-142,고성동,1,35.8822948,128.5842544
2021,대구광역시 북구 고성동3가 5-143,고성동3가 5-143,고성동,1,35.8824975,128.5835176
2021,대구광역시 북구 고성동3가 5-3,고성동3가 5-3,고성동,1,35.8830714,128.5853931
2021,대구광역시 북구 고성동3가 5-95,고성동3가 5-95,고성동,1,35.8835542,128.5836995
2021,대구광역시 북구 고성동3가 6-145,고성동3가 6-145,고성동,1,35.8820269,128.5849071
2021,대구광역시 북구 고성동3가 6-158,고성동3가 6-158,고성동,1,35.880857,128.5844629
2021,대구광역시 북구 고성동3가 6-211,고성동3가 6-211,고성동,1,35.882315,128.5838574
2021,대구광역시 북구 고성동3가 6-248,고성동3가 6-248,고성동,1,35.881877,128.5853048
2021,대구광역시 북구 고성동3가 6-281,고성동3가 6-281,고성동,1,35.8819821,128.5851639
2021,대구광역시 북구 고성동3가 6-291,고성동3가 6-291,고성동,2,35.8816503,128.58344
2021,대구광역시 북구 고성동3가 6-9,고성동3가 6-9,고성동,1,35.8820248,128.5838773
2021,대구광역시 북구 고성동3가 73,고성동3가 73,고성동,1,35.8827851,128.5830366
2021,대구광역시 북구 관음동 1231,관음동 1231,관음동,24,35.9444607,128.5429544
2021,대구광역시 북구 관음동 1232,관음동 1232,관음동,6,35.9459396,128.5467799
2021,대구광역시 북구 관음동 1233,관음동 1233,관음동,1,35.9462059,128.5453371
2021,대구광역시 북구 관음동 1233-17,관음동 1233-17,관음동,1,35.9460289,128.5453184
2021,대구광역시 북구 관음동 1233-20,관음동 1233-20,관음동,1,35.9458388,128.5449568
2021,대구광역시 북구 관음동 1233-26,관음동 1233-26,관음동,1,35.945343,128.5451356
2021,대구광역시 북구 관음동 1233-30,관음동 1233-30,관음동,1,35.9456511,128.5448372
2021,대구광역시 북구 관음동 1241-13,관음동 1241-13,관음동,1,35.9451737,128.5467162
2021,대구광역시 북구 관음동 1242,관음동 1242,관음동,4,35.9451769,128.5450673
2021,대구광역시 북구 관음동 1243,관음동 1243,관음동,2,35.9446877,128.5433702
2021,대구광역시 북구 관음동 1243-2,관음동 1243-2,관음동,1,35.9454503,128.5444321
2021,대구광역시 북구 관음동 1247,관음동 1247,관음동,1,35.9453639,128.5446723
2021,대구광역시 북구 관음동 1249-6,관음동 1249-6,관음동,1,35.9444723,128.5453279
2021,대구광역시 북구 관음동 1260,관음동 1260,관음동,1,35.9428248,128.5427815
2021,대구광역시 북구 관음동 1268-12,관음동 1268-12,관음동,1,35.9420056,128.5444963
2021,대구광역시 북구 관음동 1268-22,관음동 1268-22,관음동,1,35.9430849,128.5448141
2021,대구광역시 북구 관음동 127-9,관음동 127-9,관음동,1,35.9471239,128.5436972
2021,대구광역시 북구 관음동 1273-6,관음동 1273-6,관음동,3,35.9416068,128.5443966
2021,대구광역시 북구 관음동 1274,관음동 1274,관음동,53,35.9433157,128.5450643
2021,대구광역시 북구 관음동 1275,관음동 1275,관음동,1,35.9439612,128.5454482
2021,대구광역시 북구 관음동 1275-29,관음동 1275-29,관음동,2,35.9438786,128.545611
2021,대구광역시 북구 관음동 1275-4,관음동 1275-4,관음동,1,35.9443409,128.5456257
2021,대구광역시 북구 관음동 1282,관음동 1282,관음동,2,35.9436072,128.5458943
2021,대구광역시 북구 관음동 1287,관음동 1287,관음동,3,35.944158,128.547499
2021,대구광역시 북구 관음동 1288,관음동 1288,관음동,1,35.9432418,128.5472355
2021,대구광역시 북구 관음동 1292,관음동 1292,관음동,1,35.9423347,128.5470677
2021,대구광역시 북구 관음동 1292-2,관음동 1292-2,관음동,2,35.94213,128.5470515
2021,대구광역시 북구 관음동 1293,관음동 1293,관음동,1,35.9423983,128.5469196
2021,대구광역시 북구 관음동 1294-1,관음동 1294-1,관음동,1,35.9427057,128.5466665
2021,대구광역시 북구 관음동 1299-3,관음동 1299-3,관음동,1,35.9422573,128.5454098
2021,대구광역시 북구 관음동 1300-1,관음동 1300-1,관음동,1,35.9424306,128.5449685
2021,대구광역시 북구 관음동 1302,관음동 1302,관음동,5,35.9416563,128.5436637
2021,대구광역시 북구 관음동 1305-18,관음동 1305-18,관음동,1,35.9414065,128.5435165
2021,대구광역시 북구 관음동 1317,관음동 1317,관음동,1,35.9393529,128.5421138
2021,대구광역시 북구 관음동 1317-12,관음동 1317-12,관음동,1,35.9392742,128.5422119
2021,대구광역시 북구 관음동 1317-7,관음동 1317-7,관음동,1,35.939243,128.5428998
2021,대구광역시 북구 관음동 1317-8,관음동 1317-8,관음동,1,35.9392483,128.5427621
2021,대구광역시 북구 관음동 1318,관음동 1318,관음동,1,35.939306,128.5430222
2021,대구광역시 북구 관음동 1320,관음동 1320,관음동,54,35.9390854,128.5431504
2021,대구광역시 북구 관음동 1321,관음동 1321,관음동,3,35.9377951,128.5423664
2021,대구광역시 북구 관음동 1322,관음동 1322,관음동,3,35.9381848,128.5429619
2021,대구광역시 북구 관음동 1323,관음동 1323,관음동,2,35.9389332,128.5430994
2021,대구광역시 북구 관음동 1323-1,관음동 1323-1,관음동,3,35.9389301,128.543218
2021,대구광역시 북구 관음동 1323-22,관음동 1323-22,관음동,1,35.9387526,128.5439656
2021,대구광역시 북구 관음동 1323-6,관음동 1323-6,관음동,1,35.938904,128.5438276
2021,대구광역시 북구 관음동 1325-7,관음동 1325-7,관음동,1,35.9383339,128.543798
2021,대구광역시 북구 관음동 1328,관음동 1328,관음동,49,35.939064,128.5444115
2021,대구광역시 북구 관음동 1330-3,관음동 1330-3,관음동,1,35.9403438,128.5446287
2021,대구광역시 북구 관음동 1335-18,관음동 1335-18,관음동,1,35.9391777,128.5445303
2021,대구광역시 북구 관음동 1339,관음동 1339,관음동,4,35.9401028,128.5457803
2021,대구광역시 북구 관음동 1340,관음동 1340,관음동,5,35.9408812,128.5465686
2021,대구광역시 북구 관음동 1340-22,관음동 1340-22,관음동,1,35.9393345,128.5464684
2021,대구광역시 북구 관음동 1342,관음동 1342,관음동,6,35.9389702,128.545826
2021,대구광역시 북구 관음동 1343,관음동 1343,관음동,1,35.9389004,128.5445643
2021,대구광역시 북구 관음동 1343-17,관음동 1343-17,관음동,12,35.9386857,128.5445625
2021,대구광역시 북구 관음동 1346,관음동 1346,관음동,19,35.9385487,128.5457842
2021,대구광역시 북구 관음동 1347,관음동 1347,관음동,11,35.938483,128.5445131
2021,대구광역시 북구 관음동 1347-1,관음동 1347-1,관음동,5,35.9384908,128.5446139
2021,대구광역시 북구 관음동 1347-14,관음동 1347-14,관음동,1,35.938349,128.5445565
2021,대구광역시 북구 관음동 1360-25,관음동 1360-25,관음동,1,35.9368296,128.5445462
2021,대구광역시 북구 관음동 1364-12,관음동 1364-12,관음동,1,35.9366926,128.5461862
2021,대구광역시 북구 관음동 1364-17,관음동 1364-17,관음동,1,35.9365478,128.5468904
2021,대구광역시 북구 관음동 1365,관음동 1365,관음동,1,35.9376602,128.5470917
2021,대구광역시 북구 관음동 1366,관음동 1366,관음동,9,35.9366564,128.5442914
2021,대구광역시 북구 관음동 1367-1,관음동 1367-1,관음동,2,35.9369944,128.5411204
2021,대구광역시 북구 관음동 1368,관음동 1368,관음동,6,35.9365976,128.541312
2021,대구광역시 북구 관음동 1369-2,관음동 1369-2,관음동,1,35.9350417,128.5407269
2021,대구광역시 북구 관음동 1370,관음동 1370,관음동,3,35.9354907,128.5431289
2021,대구광역시 북구 관음동 1371,관음동 1371,관음동,8,35.9352654,128.5444023
2021,대구광역시 북구 관음동 1372,관음동 1372,관음동,6,35.9352381,128.5462198
2021,대구광역시 북구 관음동 1372-2,관음동 1372-2,관음동,9,35.9334225,128.5473968
2021,대구광역시 북구 관음동 1375,관음동 1375,관음동,2,35.9335095,128.5460764
2021,대구광역시 북구 관음동 1376,관음동 1376,관음동,10,35.9346579,128.5480371
2021,대구광역시 북구 관음동 1378-5,관음동 1378-5,관음동,4,35.9336614,128.5482914
2021,대구광역시 북구 관음동 1378-6,관음동 1378-6,관음동,21,35.9338556,128.5481823
2021,대구광역시 북구 관음동 1378-7,관음동 1378-7,관음동,3,35.9332473,128.5480989
2021,대구광역시 북구 관음동 1378-8,관음동 1378-8,관음동,2,35.9336624,128.5480372
2021,대구광역시 북구 관음동 1379,관음동 1379,관음동,4,35.9337851,128.548513
2021,대구광역시 북구 관음동 1380,관음동 1380,관음동,1,35.9411094,128.5475053
2021,대구광역시 북구 관음동 1381,관음동 1381,관음동,3,35.9408075,128.5486184
2021,대구광역시 북구 관음동 1383-1,관음동 1383-1,관음동,3,35.9396398,128.5484609
2021,대구광역시 북구 관음동 1383-2,관음동 1383-2,관음동,6,35.9395378,128.5473696
2021,대구광역시 북구 관음동 1383-4,관음동 1383-4,관음동,2,35.9401734,128.5497384
2021,대구광역시 북구 관음동 1384,관음동 1384,관음동,2,35.9401022,128.5473188
2021,대구광역시 북구 관음동 1385,관음동 1385,관음동,3,35.9386272,128.5482326
2021,대구광역시 북구 관음동 1386-1,관음동 1386-1,관음동,3,35.9376166,128.5472455
2021,대구광역시 북구 관음동 1386-14,관음동 1386-14,관음동,3,35.9367767,128.5487768
2021,대구광역시 북구 관음동 1386-15,관음동 1386-15,관음동,1,35.9365803,128.5487459
2021,대구광역시 북구 관음동 1386-2,관음동 1386-2,관음동,1,35.9367287,128.547912
2021,대구광역시 북구 관음동 1387,관음동 1387,관음동,5,35.9376463,128.5471604
2021,대구광역시 북구 관음동 1388,관음동 1388,관음동,1,35.9362665,128.5479215
2021,대구광역시 북구 관음동 1389,관음동 1389,관음동,5,35.9355386,128.5475627
2021,대구광역시 북구 관음동 1400,관음동 1400,관음동,2,35.9359626,128.5477574
2021,대구광역시 북구 관음동 1400-1,관음동 1400-1,관음동,1,35.935967,128.5473314
2021,대구광역시 북구 관음동 1400-2,관음동 1400-2,관음동,2,35.9354092,128.5478776
2021,대구광역시 북구 관음동 1401,관음동 1401,관음동,3,35.9355546,128.5481798
2021,대구광역시 북구 관음동 1402-12,관음동 1402-12,관음동,1,35.9357685,128.5483682
2021,대구광역시 북구 관음동 1402-5,관음동 1402-5,관음동,1,35.9351551,128.5485266
2021,대구광역시 북구 관음동 1402-6,관음동 1402-6,관음동,3,35.9349686,128.5483789
2021,대구광역시 북구 관음동 1402-7,관음동 1402-7,관음동,2,35.9355726,128.5484555
2021,대구광역시 북구 관음동 1402-8,관음동 1402-8,관음동,3,35.9352433,128.5482836
2021,대구광역시 북구 관음동 1403,관음동 1403,관음동,1,35.9348325,128.5483556
2021,대구광역시 북구 관음동 1404-2,관음동 1404-2,관음동,2,35.9407132,128.5476245
2021,대구광역시 북구 관음동 15-2,관음동 15-2,관음동,1,35.9484953,128.5436204
2021,대구광역시 북구 관음동 195-8,관음동 195-8,관음동,1,35.9428233,128.5458639
2021,대구광역시 북구 관음동 208,관음동 208,관음동,1,35.9430023,128.5451884
2021,대구광역시 북구 관음동 350-1,관음동 350-1,관음동,1,35.9418753,128.5422923
2021,대구광역시 북구 관음동 351-5,관음동 351-5,관음동,1,35.9415408,128.5421213
2021,대구광역시 북구 관음동 351-9,관음동 351-9,관음동,1,35.9399916,128.5416154
2021,대구광역시 북구 관음동 354,관음동 354,관음동,3,35.9427169,128.5410764
2021,대구광역시 북구 관음동 367,관음동 367,관음동,1,35.9437486,128.5399947
2021,대구광역시 북구 관음동 455-2,관음동 455-2,관음동,1,35.9401135,128.5454221
2021,대구광역시 북구 관음동 809-2,관음동 809-2,관음동,3,35.9361994,128.5408008
2021,대구광역시 북구 관음동 809-3,관음동 809-3,관음동,2,35.9361852,128.5410483
2021,대구광역시 북구 관음동 809-4,관음동 809-4,관음동,1,35.9360321,128.5409507
2021,대구광역시 북구 관음동 809-9,관음동 809-9,관음동,1,35.9359227,128.5408483
2021,대구광역시 북구 관음동 905-3,관음동 905-3,관음동,2,35.9338101,128.540047
2021,대구광역시 북구 구암동 25,구암동 25,구암동,1,35.9434435,128.5740243
2021,대구광역시 북구 구암동 414-2,구암동 414-2,구암동,1,35.9308785,128.5638922
2021,대구광역시 북구 구암동 525-6,구암동 525-6,구암동,1,35.9270181,128.5598457
2021,대구광역시 북구 구암동 526-7,구암동 526-7,구암동,1,35.9270416,128.5596857
2021,대구광역시 북구 구암동 615-13,구암동 615-13,구암동,1,35.9313142,128.564155
2021,대구광역시 북구 구암동 615-9,구암동 615-9,구암동,1,35.9316628,128.5662076
2021,대구광역시 북구 구암동 616-33,구암동 616-33,구암동,1,35.9236128,128.5519167
2021,대구광역시 북구 구암동 621-11,구암동 621-11,구암동,1,35.9393881,128.5692459
2021,대구광역시 북구 구암동 651,구암동 651,구암동,2,35.9312882,128.5576566
2021,대구광역시 북구 구암동 653-4,구암동 653-4,구암동,1,35.9312695,128.556415
2021,대구광역시 북구 구암동 654-1,구암동 654-1,구암동,1,35.9314004,128.555307
2021,대구광역시 북구 구암동 655,구암동 655,구암동,6,35.930313,128.5550641
2021,대구광역시 북구 구암동 655-1,구암동 655-1,구암동,1,35.9305674,128.5567604
2021,대구광역시 북구 구암동 655-2,구암동 655-2,구암동,1,35.9307413,128.5576095
2021,대구광역시 북구 구암동 655-3,구암동 655-3,구암동,1,35.9298503,128.5566067
2021,대구광역시 북구 구암동 655-4,구암동 655-4,구암동,9,35.9289467,128.5547629
2021,대구광역시 북구 구암동 656-10,구암동 656-10,구암동,1,35.9280846,128.5527952
2021,대구광역시 북구 구암동 666-4,구암동 666-4,구암동,1,35.9260939,128.5510906
2021,대구광역시 북구 구암동 667-5,구암동 667-5,구암동,1,35.9262645,128.5524805
2021,대구광역시 북구 구암동 672,구암동 672,구암동,1,35.9257602,128.5531899
2021,대구광역시 북구 구암동 673,구암동 673,구암동,2,35.9262583,128.5540707
2021,대구광역시 북구 구암동 673-11,구암동 673-11,구암동,1,35.9257824,128.5541617
2021,대구광역시 북구 구암동 675-5,구암동 675-5,구암동,2,35.9251177,128.5552444
2021,대구광역시 북구 구암동 678,구암동 678,구암동,1,35.9265918,128.5551535
2021,대구광역시 북구 구암동 678-12,구암동 678-12,구암동,1,35.9264133,128.5549161
2021,대구광역시 북구 구암동 686,구암동 686,구암동,2,35.9272821,128.5559979
2021,대구광역시 북구 구암동 686-1,구암동 686-1,구암동,1,35.9272053,128.5560927
2021,대구광역시 북구 구암동 686-14,구암동 686-14,구암동,2,35.9271167,128.5559835
2021,대구광역시 북구 구암동 688-6,구암동 688-6,구암동,1,35.9274415,128.5558053
2021,대구광역시 북구 구암동 688-7,구암동 688-7,구암동,1,35.9273574,128.5556996
2021,대구광역시 북구 구암동 690-10,구암동 690-10,구암동,1,35.9274856,128.5546256
2021,대구광역시 북구 구암동 692-3,구암동 692-3,구암동,1,35.9270593,128.5550639
2021,대구광역시 북구 구암동 693-2,구암동 693-2,구암동,1,35.9264849,128.5541496
2021,대구광역시 북구 구암동 693-3,구암동 693-3,구암동,1,35.9264559,128.5543964
2021,대구광역시 북구 구암동 694,구암동 694,구암동,1,35.9284519,128.5568473
2021,대구광역시 북구 구암동 695,구암동 695,구암동,1,35.9306191,128.5588718
2021,대구광역시 북구 구암동 695-1,구암동 695-1,구암동,6,35.9303137,128.5601826
2021,대구광역시 북구 구암동 695-2,구암동 695-2,구암동,1,35.9295394,128.5582108
2021,대구광역시 북구 구암동 695-3,구암동 695-3,구암동,2,35.9289796,128.5592474
2021,대구광역시 북구 구암동 702-3,구암동 702-3,구암동,1,35.9258613,128.5588572
2021,대구광역시 북구 구암동 703-2,구암동 703-2,구암동,1,35.9262244,128.5577755
2021,대구광역시 북구 구암동 705-13,구암동 705-13,구암동,1,35.9252693,128.5572584
2021,대구광역시 북구 구암동 705-16,구암동 705-16,구암동,1,35.9256169,128.5572823
2021,대구광역시 북구 구암동 711,구암동 711,구암동,4,35.9313747,128.5564208
2021,대구광역시 북구 구암동 712,구암동 712,구암동,7,35.9311212,128.5564091
2021,대구광역시 북구 구암동 713,구암동 713,구암동,6,35.9297468,128.55751
2021,대구광역시 북구 구암동 714,구암동 714,구암동,19,35.9274158,128.5560972
2021,대구광역시 북구 구암동 715,구암동 715,구암동,2,35.9291498,128.5531534
2021,대구광역시 북구 구암동 716,구암동 716,구암동,46,35.9285125,128.55277
2021,대구광역시 북구 구암동 720,구암동 720,구암동,2,35.9275125,128.5553425
2021,대구광역시 북구 구암동 723,구암동 723,구암동,1,35.927313,128.5536537
2021,대구광역시 북구 구암동 725,구암동 725,구암동,1,35.9270804,128.5523117
2021,대구광역시 북구 구암동 727,구암동 727,구암동,6,35.9265061,128.5526664
2021,대구광역시 북구 구암동 728,구암동 728,구암동,1,35.926104,128.5514573
2021,대구광역시 북구 구암동 729,구암동 729,구암동,2,35.9262087,128.5520832
2021,대구광역시 북구 구암동 732,구암동 732,구암동,4,35.9258209,128.5525455
2021,대구광역시 북구 구암동 733,구암동 733,구암동,14,35.9258843,128.5538734
2021,대구광역시 북구 구암동 734,구암동 734,구암동,18,35.9267479,128.5550451
2021,대구광역시 북구 구암동 735,구암동 735,구암동,3,35.926827,128.556143
2021,대구광역시 북구 구암동 743,구암동 743,구암동,1,35.9257208,128.555013
2021,대구광역시 북구 구암동 744,구암동 744,구암동,1,35.9258257,128.5542849
2021,대구광역시 북구 구암동 747,구암동 747,구암동,10,35.9250577,128.5525728
2021,대구광역시 북구 구암동 760,구암동 760,구암동,1,35.9273668,128.5596147
2021,대구광역시 북구 구암동 761-1,구암동 761-1,구암동,2,35.9279995,128.5594431
2021,대구광역시 북구 구암동 761-2,구암동 761-2,구암동,12,35.9315686,128.5580156
2021,대구광역시 북구 구암동 762-1,구암동 762-1,구암동,3,35.9282274,128.5520164
2021,대구광역시 북구 구암동 763-2,구암동 763-2,구암동,1,35.9303434,128.5534959
2021,대구광역시 북구 구암동 765-1,구암동 765-1,구암동,1,35.9436969,128.5646145
2021,대구광역시 북구 구암동 765-6,구암동 765-6,구암동,2,35.9428138,128.5640139
2021,대구광역시 북구 구암동 767-1,구암동 767-1,구암동,2,35.9432472,128.5645529
2021,대구광역시 북구 구암동 767-2,구암동 767-2,구암동,3,35.9429507,128.5644969
2021,대구광역시 북구 구암동 767-3,구암동 767-3,구암동,4,35.9427557,128.5644604
2021,대구광역시 북구 구암동 768,구암동 768,구암동,4,35.9426055,128.5644303
2021,대구광역시 북구 구암동 769-1,구암동 769-1,구암동,1,35.9421718,128.5638926
2021,대구광역시 북구 구암동 769-4,구암동 769-4,구암동,1,35.9416892,128.5641899
2021,대구광역시 북구 구암동 770-1,구암동 770-1,구암동,4,35.9422361,128.5643617
2021,대구광역시 북구 구암동 770-2,구암동 770-2,구암동,6,35.9420201,128.5643243
2021,대구광역시 북구 구암동 771-2,구암동 771-2,구암동,1,35.9422397,128.5654871
2021,대구광역시 북구 구암동 771-4,구암동 771-4,구암동,2,35.9417706,128.5649387
2021,대구광역시 북구 구암동 772,구암동 772,구암동,2,35.9423393,128.5670948
2021,대구광역시 북구 구암동 772-3,구암동 772-3,구암동,1,35.941215,128.5672408
2021,대구광역시 북구 구암동 773,구암동 773,구암동,5,35.9423214,128.5687266
2021,대구광역시 북구 구암동 773-1,구암동 773-1,구암동,1,35.942877,128.5703437
2021,대구광역시 북구 구암동 776-2,구암동 776-2,구암동,1,35.94256,128.57134
2021,대구광역시 북구 구암동 781,구암동 781,구암동,1,35.9413729,128.5693663
2021,대구광역시 북구 구암동 784-2,구암동 784-2,구암동,1,35.9408597,128.5689629
2021,대구광역시 북구 구암동 784-3,구암동 784-3,구암동,1,35.9407553,128.5691096
2021,대구광역시 북구 구암동 785,구암동 785,구암동,26,35.9397066,128.567541
2021,대구광역시 북구 구암동 785-3,구암동 785-3,구암동,3,35.9393738,128.5685362
2021,대구광역시 북구 구암동 785-4,구암동 785-4,구암동,4,35.9388345,128.5669015
2021,대구광역시 북구 구암동 786,구암동 786,구암동,1,35.940316,128.5646303
2021,대구광역시 북구 구암동 786-1,구암동 786-1,구암동,1,35.9404214,128.5634025
2021,대구광역시 북구 구암동 786-2,구암동 786-2,구암동,1,35.9393267,128.5643874
2021,대구광역시 북구 구암동 787-1,구암동 787-1,구암동,2,35.9387137,128.5649369
2021,대구광역시 북구 구암동 787-3,구암동 787-3,구암동,6,35.9373607,128.5642831
2021,대구광역시 북구 구암동 788,구암동 788,구암동,15,35.937607,128.5663702
2021,대구광역시 북구 구암동 788-1,구암동 788-1,구암동,1,35.9389191,128.5659684
2021,대구광역시 북구 구암동 788-2,구암동 788-2,구암동,6,35.9372805,128.5670981
2021,대구광역시 북구 구암동 788-3,구암동 788-3,구암동,1,35.9386434,128.5659167
2021,대구광역시 북구 구암동 789,구암동 789,구암동,1,35.9354432,128.5635202
2021,대구광역시 북구 구암동 789-1,구암동 789-1,구암동,5,35.9340912,128.5632495
2021,대구광역시 북구 구암동 789-2,구암동 789-2,구암동,2,35.9342238,128.5650869
2021,대구광역시 북구 구암동 789-3,구암동 789-3,구암동,2,35.9355906,128.5647821
2021,대구광역시 북구 구암동 789-4,구암동 789-4,구암동,5,35.9354955,128.5655481
2021,대구광역시 북구 구암동 789-5,구암동 789-5,구암동,1,35.9349615,128.5623662
2021,대구광역시 북구 구암동 789-6,구암동 789-6,구암동,5,35.9346436,128.5660138
2021,대구광역시 북구 구암동 799,구암동 799,구암동,2,35.9323293,128.5639242
2021,대구광역시 북구 구암동 800-11,구암동 800-11,구암동,1,35.9319418,128.5644537
2021,대구광역시 북구 구암동 800-8,구암동 800-8,구암동,1,35.9320669,128.5643428
2021,대구광역시 북구 구암동 801,구암동 801,구암동,3,35.9325492,128.5651608
2021,대구광역시 북구 구암동 802,구암동 802,구암동,4,35.9312147,128.5624479
2021,대구광역시 북구 구암동 802-1,구암동 802-1,구암동,2,35.9311463,128.5617578
2021,대구광역시 북구 구암동 803,구암동 803,구암동,1,35.931251,128.5629507
2021,대구광역시 북구 구암동 807,구암동 807,구암동,1,35.9398423,128.5694505
2021,대구광역시 북구 구암동 808,구암동 808,구암동,1,35.9387812,128.5688856
2021,대구광역시 북구 구암동 815-11,구암동 815-11,구암동,1,35.9377695,128.567972
2021,대구광역시 북구 구암동 815-9,구암동 815-9,구암동,1,35.937517,128.5677883
2021,대구광역시 북구 구암동 816-1,구암동 816-1,구암동,8,35.9371112,128.5675516
2021,대구광역시 북구 구암동 816-2,구암동 816-2,구암동,1,35.9370248,128.5677515
2021,대구광역시 북구 구암동 816-4,구암동 816-4,구암동,1,35.9369541,128.5674921
2021,대구광역시 북구 구암동 823-9,구암동 823-9,구암동,1,35.9358492,128.5671336
2021,대구광역시 북구 구암동 824-13,구암동 824-13,구암동,1,35.9362755,128.5669523
2021,대구광역시 북구 구암동 824-8,구암동 824-8,구암동,1,35.9356402,128.5666548
2021,대구광역시 북구 구암동 832,구암동 832,구암동,9,35.9435052,128.5681496
2021,대구광역시 북구 구암동 832-2,구암동 832-2,구암동,24,35.9388291,128.5629506
2021,대구광역시 북구 구암동 832-3,구암동 832-3,구암동,14,35.9419996,128.5697372
2021,대구광역시 북구 구암동 833,구암동 833,구암동,27,35.9426926,128.5646377
2021,대구광역시 북구 구암동 833-1,구암동 833-1,구암동,26,35.9426165,128.5642521
2021,대구광역시 북구 구암동 834,구암동 834,구암동,3,35.9427735,128.5713312
2021,대구광역시 북구 구암동 834-2,구암동 834-2,구암동,2,35.9416878,128.5699823
2021,대구광역시 북구 구암동 835,구암동 835,구암동,12,35.9406483,128.5700932
2021,대구광역시 북구 구암동 835-1,구암동 835-1,구암동,114,35.9351836,128.5663268
2021,대구광역시 북구 구암동 836,구암동 836,구암동,15,35.9411026,128.5665534
2021,대구광역시 북구 구암동 836-1,구암동 836-1,구암동,27,35.9386926,128.5656357
2021,대구광역시 북구 구암동 836-2,구암동 836-2,구암동,11,35.9362437,128.5644765
2021,대구광역시 북구 구암동 837,구암동 837,구암동,20,35.9333518,128.5641804
2021,대구광역시 북구 구암동 838-2,구암동 838-2,구암동,1,35.9324528,128.5625439
2021,대구광역시 북구 구암동 839,구암동 839,구암동,13,35.9316346,128.5639452
2021,대구광역시 북구 구암동 840,구암동 840,구암동,2,35.9398284,128.5696041
2021,대구광역시 북구 구암동 840-4,구암동 840-4,구암동,10,35.9370216,128.5682229
2021,대구광역시 북구 구암동 841-1,구암동 841-1,구암동,1,35.9359027,128.5680171
2021,대구광역시 북구 구암동 844,구암동 844,구암동,4,35.9244928,128.5537059
2021,대구광역시 북구 국우동 1071-1,국우동 1071-1,국우동,1,35.9507081,128.5785467
2021,대구광역시 북구 국우동 1079,국우동 1079,국우동,1,35.9450851,128.565347
2021,대구광역시 북구 국우동 1079-1,국우동 1079-1,국우동,2,35.9459293,128.5663626
2021,대구광역시 북구 국우동 1079-2,국우동 1079-2,국우동,1,35.9452639,128.5662265
2021,대구광역시 북구 국우동 1080,국우동 1080,국우동,4,35.9449397,128.5681468
2021,대구광역시 북구 국우동 1099-4,국우동 1099-4,국우동,1,35.9442242,128.5697991
2021,대구광역시 북구 국우동 1099-7,국우동 1099-7,국우동,1,35.9436275,128.5696949
2021,대구광역시 북구 국우동 1101-12,국우동 1101-12,국우동,1,35.9438117,128.5736745
2021,대구광역시 북구 국우동 1101-21,국우동 1101-21,국우동,1,35.943382,128.5712702
2021,대구광역시 북구 국우동 1103,국우동 1103,국우동,2,35.9443724,128.5734527
2021,대구광역시 북구 국우동 1108-2,국우동 1108-2,국우동,1,35.9476184,128.5745031
2021,대구광역시 북구 국우동 1110,국우동 1110,국우동,3,35.9490751,128.5786663
2021,대구광역시 북구 국우동 1110-3,국우동 1110-3,국우동,3,35.9478156,128.5783305
2021,대구광역시 북구 국우동 1112,국우동 1112,국우동,1,35.9476255,128.576375
2021,대구광역시 북구 국우동 1121,국우동 1121,국우동,1,35.9494389,128.5800478
2021,대구광역시 북구 국우동 1122,국우동 1122,국우동,4,35.9477433,128.5767766
2021,대구광역시 북구 국우동 1123,국우동 1123,국우동,5,35.9467282,128.5692641
2021,대구광역시 북구 국우동 1123-1,국우동 1123-1,국우동,1,35.9453052,128.5641833
2021,대구광역시 북구 국우동 1123-2,국우동 1123-2,국우동,8,35.9436426,128.5681493
2021,대구광역시 북구 국우동 1123-3,국우동 1123-3,국우동,18,35.9451421,128.5668779
2021,대구광역시 북구 국우동 1123-4,국우동 1123-4,국우동,14,35.9451809,128.5697031
2021,대구광역시 북구 국우동 1124,국우동 1124,국우동,2,35.9451372,128.5727438
2021,대구광역시 북구 국우동 1124-5,국우동 1124-5,국우동,1,35.9461263,128.5714475
2021,대구광역시 북구 국우동 1125,국우동 1125,국우동,1,35.9441106,128.5735065
2021,대구광역시 북구 국우동 1126-2,국우동 1126-2,국우동,4,35.948631,128.5760149
2021,대구광역시 북구 국우동 1126-3,국우동 1126-3,국우동,6,35.94368,128.5738361
2021,대구광역시 북구 국우동 300-4,국우동 300-4,국우동,1,35.9461665,128.5827533
2021,대구광역시 북구 국우동 466,국우동 466,국우동,1,35.9458458,128.5853336
2021,대구광역시 북구 국우동 476-1,국우동 476-1,국우동,1,35.9459311,128.5815483
2021,대구광역시 북구 국우동 486,국우동 486,국우동,1,35.9462864,128.5801993
2021,대구광역시 북구 국우동 566-3,국우동 566-3,국우동,1,35.9483266,128.5751606
2021,대구광역시 북구 국우동 639-5,국우동 639-5,국우동,1,35.9548439,128.580542
2021,대구광역시 북구 금호동 609-26,금호동 609-26,금호동,2,35.8856956,128.5320034
2021,대구광역시 북구 금호동 802,금호동 802,금호동,3,35.8954758,128.5175577
2021,대구광역시 북구 금호동 805,금호동 805,금호동,1,35.8953745,128.5189194
2021,대구광역시 북구 금호동 807,금호동 807,금호동,1,35.8950796,128.5171106
2021,대구광역시 북구 금호동 816,금호동 816,금호동,3,35.895404,128.51975
2021,대구광역시 북구 금호동 882,금호동 882,금호동,1,35.8950934,128.5216747
2021,대구광역시 북구 금호동 923,금호동 923,금호동,1,35.896734,128.5192794
2021,대구광역시 북구 금호동 932,금호동 932,금호동,1,35.8960776,128.5176032
2021,대구광역시 북구 금호동 933,금호동 933,금호동,11,35.8954895,128.516996
2021,대구광역시 북구 금호동 934,금호동 934,금호동,6,35.8960778,128.5181814
2021,대구광역시 북구 금호동 935,금호동 935,금호동,1,35.8965298,128.5191712
2021,대구광역시 북구 금호동 939,금호동 939,금호동,2,35.8952193,128.5194624
2021,대구광역시 북구 금호동 940,금호동 940,금호동,13,35.8949289,128.520038
2021,대구광역시 북구 금호동 941,금호동 941,금호동,1,35.8951696,128.516872
2021,대구광역시 북구 금호동 943,금호동 943,금호동,3,35.8956605,128.5213811
2021,대구광역시 북구 금호동 산 99-13,금호동 산 99-13,금호동,1,35.8939677,128.5270567
2021,대구광역시 북구 노곡동 1477-2,노곡동 1477-2,노곡동,1,35.9008351,128.5566342
2021,대구광역시 북구 노곡동 1478,노곡동 1478,노곡동,10,35.9108633,128.5626532
2021,대구광역시 북구 노곡동 1497,노곡동 1497,노곡동,1,35.9063978,128.5634091
2021,대구광역시 북구 노곡동 1501,노곡동 1501,노곡동,1,35.905554,128.5624792
2021,대구광역시 북구 노곡동 281-2,노곡동 281-2,노곡동,2,35.9050389,128.5636265
2021,대구광역시 북구 노곡동 282-1,노곡동 282-1,노곡동,1,35.9053767,128.5628385
2021,대구광역시 북구 노곡동 287,노곡동 287,노곡동,1,35.9056917,128.5630077
2021,대구광역시 북구 노곡동 289-3,노곡동 289-3,노곡동,2,35.9057013,128.5631117
2021,대구광역시 북구 노곡동 442,노곡동 442,노곡동,1,35.9038609,128.559571
2021,대구광역시 북구 노곡동 708,노곡동 708,노곡동,1,35.9002578,128.5604861
2021,대구광역시 북구 노곡동 725,노곡동 725,노곡동,1,35.8995378,128.5601389
2021,대구광역시 북구 노곡동 산 98,노곡동 산 98,노곡동,1,35.9030828,128.5643917
2021,대구광역시 북구 노원동1가 107,노원동1가 107,노원동,1,35.8902903,128.5794127
2021,대구광역시 북구 노원동1가 11-1,노원동1가 11-1,노원동,1,35.8884506,128.582502
2021,대구광역시 북구 노원동1가 12-1,노원동1가 12-1,노원동,4,35.8881945,128.5824712
2021,대구광역시 북구 노원동1가 141,노원동1가 141,노원동,2,35.8898499,128.579105
2021,대구광역시 북구 노원동1가 178,노원동1가 178,노원동,1,35.8903945,128.5772078
2021,대구광역시 북구 노원동1가 18-2,노원동1가 18-2,노원동,1,35.8892924,128.5814472
2021,대구광역시 북구 노원동1가 18-5,노원동1가 18-5,노원동,7,35.8896732,128.5766232
2021,대구광역시 북구 노원동1가 183-7,노원동1가 183-7,노원동,1,35.8896203,128.5790693
2021,대구광역시 북구 노원동1가 19-3,노원동1가 19-3,노원동,5,35.8901258,128.5794303
2021,대구광역시 북구 노원동1가 19-6,노원동1가 19-6,노원동,1,35.8883115,128.5825457
2021,대구광역시 북구 노원동1가 222-3,노원동1가 222-3,노원동,1,35.8880189,128.5763518
2021,대구광역시 북구 노원동1가 222-4,노원동1가 222-4,노원동,1,35.8879158,128.5762808
2021,대구광역시 북구 노원동1가 273,노원동1가 273,노원동,12,35.8900985,128.5774568
2021,대구광역시 북구 노원동1가 280,노원동1가 280,노원동,5,35.8896745,128.579351
2021,대구광역시 북구 노원동1가 327,노원동1가 327,노원동,1,35.8872697,128.5821824
2021,대구광역시 북구 노원동1가 336,노원동1가 336,노원동,1,35.8867711,128.5820266
2021,대구광역시 북구 노원동1가 339,노원동1가 339,노원동,1,35.8864852,128.5819454
2021,대구광역시 북구 노원동1가 360,노원동1가 360,노원동,1,35.8857006,128.5817638
2021,대구광역시 북구 노원동1가 480,노원동1가 480,노원동,1,35.886947,128.5805371
2021,대구광역시 북구 노원동1가 495,노원동1가 495,노원동,1,35.8865432,128.5806121
2021,대구광역시 북구 노원동1가 529,노원동1가 529,노원동,18,35.8865097,128.5822028
2021,대구광역시 북구 노원동2가 1,노원동2가 1,노원동,226,35.8908564,128.5736958
2021,대구광역시 북구 노원동2가 201-1,노원동2가 201-1,노원동,1,35.8915525,128.5716494
2021,대구광역시 북구 노원동2가 203,노원동2가 203,노원동,1,35.8918077,128.5714137
2021,대구광역시 북구 노원동2가 208-1,노원동2가 208-1,노원동,1,35.8921047,128.5708446
2021,대구광역시 북구 노원동2가 209-11,노원동2가 209-11,노원동,3,35.8917631,128.5705594
2021,대구광역시 북구 노원동2가 226,노원동2가 226,노원동,1,35.8895818,128.576189
2021,대구광역시 북구 노원동2가 227,노원동2가 227,노원동,1,35.8892635,128.5761179
2021,대구광역시 북구 노원동2가 246,노원동2가 246,노원동,1,35.8896331,128.5738106
2021,대구광역시 북구 노원동2가 75-4,노원동2가 75-4,노원동,1,35.8904909,128.5765229
2021,대구광역시 북구 노원동2가 85-4,노원동2가 85-4,노원동,1,35.8908262,128.5751553
2021,대구광역시 북구 노원동2가 87-4,노원동2가 87-4,노원동,1,35.8911397,128.5748879
2021,대구광역시 북구 노원동3가 1001-17,노원동3가 1001-17,노원동,1,35.8923878,128.5693197
2021,대구광역시 북구 노원동3가 1001-4,노원동3가 1001-4,노원동,6,35.8919927,128.5696591
2021,대구광역시 북구 노원동3가 1001-5,노원동3가 1001-5,노원동,17,35.8920233,128.5695279
2021,대구광역시 북구 노원동3가 1003-4,노원동3가 1003-4,노원동,29,35.8922033,128.5686383
2021,대구광역시 북구 노원동3가 1006-7,노원동3가 1006-7,노원동,2,35.8924016,128.5682273
2021,대구광역시 북구 노원동3가 1006-9,노원동3가 1006-9,노원동,36,35.8922908,128.5683193
2021,대구광역시 북구 노원동3가 1007-5,노원동3가 1007-5,노원동,3,35.8925082,128.5681882
2021,대구광역시 북구 노원동3가 1022,노원동3가 1022,노원동,25,35.8920765,128.5701674
2021,대구광역시 북구 노원동3가 1227,노원동3가 1227,노원동,26,35.8907649,128.5686641
2021,대구광역시 북구 노원동3가 1229,노원동3가 1229,노원동,85,35.8920864,128.5681865
2021,대구광역시 북구 노원동3가 1230,노원동3가 1230,노원동,489,35.8904608,128.5673697
2021,대구광역시 북구 노원동3가 14,노원동3가 14,노원동,5,35.8994284,128.5697976
2021,대구광역시 북구 노원동3가 176,노원동3가 176,노원동,1,35.8977451,128.5717358
2021,대구광역시 북구 노원동3가 182-11,노원동3가 182-11,노원동,1,35.895783,128.572158
2021,대구광역시 북구 노원동3가 186,노원동3가 186,노원동,10,35.899688,128.5670624
2021,대구광역시 북구 노원동3가 187-3,노원동3가 187-3,노원동,1,35.9004547,128.5661077
2021,대구광역시 북구 노원동3가 187-45,노원동3가 187-45,노원동,1,35.8990722,128.5673924
2021,대구광역시 북구 노원동3가 187-56,노원동3가 187-56,노원동,1,35.9001481,128.5663293
2021,대구광역시 북구 노원동3가 187-74,노원동3가 187-74,노원동,1,35.8992018,128.5671835
2021,대구광역시 북구 노원동3가 20-12,노원동3가 20-12,노원동,1,35.9020316,128.5769444
2021,대구광역시 북구 노원동3가 20-13,노원동3가 20-13,노원동,3,35.9022019,128.5766284
2021,대구광역시 북구 노원동3가 20-7,노원동3가 20-7,노원동,3,35.9014277,128.5768655
2021,대구광역시 북구 노원동3가 212-21,노원동3가 212-21,노원동,1,35.8968518,128.5692368
2021,대구광역시 북구 노원동3가 220-13,노원동3가 220-13,노원동,2,35.8950557,128.5659024
2021,대구광역시 북구 노원동3가 220-20,노원동3가 220-20,노원동,1,35.8950776,128.5661951
2021,대구광역시 북구 노원동3가 227-15,노원동3가 227-15,노원동,1,35.8966899,128.5693333
2021,대구광역시 북구 노원동3가 231,노원동3가 231,노원동,2,35.8951154,128.5673262
2021,대구광역시 북구 노원동3가 245-6,노원동3가 245-6,노원동,1,35.8962434,128.5622803
2021,대구광역시 북구 노원동3가 252-1,노원동3가 252-1,노원동,6,35.8937999,128.5572728
2021,대구광역시 북구 노원동3가 252-3,노원동3가 252-3,노원동,385,35.8951542,128.5718172
2021,대구광역시 북구 노원동3가 271-20,노원동3가 271-20,노원동,1,35.8949796,128.5656626
2021,대구광역시 북구 노원동3가 3-11,노원동3가 3-11,노원동,1,35.902793,128.5767732
2021,대구광역시 북구 노원동3가 384-4,노원동3가 384-4,노원동,1,35.8929108,128.5636001
2021,대구광역시 북구 노원동3가 443,노원동3가 443,노원동,2,35.8934414,128.5585091
2021,대구광역시 북구 노원동3가 58-46,노원동3가 58-46,노원동,1,35.9004894,128.5716766
2021,대구광역시 북구 노원동3가 60,노원동3가 60,노원동,2,35.9008129,128.5668295
2021,대구광역시 북구 노원동3가 62-6,노원동3가 62-6,노원동,1,35.8998002,128.5672821
2021,대구광역시 북구 노원동3가 641,노원동3가 641,노원동,1,35.8903077,128.5594407
2021,대구광역시 북구 노원동3가 681,노원동3가 681,노원동,1,35.8904063,128.5600657
2021,대구광역시 북구 노원동3가 722-4,노원동3가 722-4,노원동,1,35.8907452,128.5635958
2021,대구광역시 북구 노원동3가 728,노원동3가 728,노원동,1,35.8910541,128.5652375
2021,대구광역시 북구 노원동3가 731-5,노원동3가 731-5,노원동,1,35.890637,128.5649737
2021,대구광역시 북구 노원동3가 745-1,노원동3가 745-1,노원동,1,35.8903022,128.5641461
2021,대구광역시 북구 노원동3가 775,노원동3가 775,노원동,2,35.8890075,128.5680861
2021,대구광역시 북구 노원동3가 779-12,노원동3가 779-12,노원동,4,35.888973,128.5684723
2021,대구광역시 북구 노원동3가 781,노원동3가 781,노원동,2,35.8888942,128.5693782
2021,대구광역시 북구 노원동3가 782,노원동3가 782,노원동,3,35.8891401,128.5693221
2021,대구광역시 북구 노원동3가 783-3,노원동3가 783-3,노원동,2,35.8892139,128.5688402
2021,대구광역시 북구 노원동3가 784-1,노원동3가 784-1,노원동,16,35.8913465,128.5543122
2021,대구광역시 북구 대현동 109-13,대현동 109-13,대현동,12,35.8852111,128.6121576
2021,대구광역시 북구 대현동 112-40,대현동 112-40,대현동,3,35.8847645,128.6111277
2021,대구광역시 북구 대현동 155-8,대현동 155-8,대현동,1,35.8823246,128.6109912
2021,대구광역시 북구 대현동 166-1,대현동 166-1,대현동,1,35.8846675,128.6074429
2021,대구광역시 북구 대현동 166-12,대현동 166-12,대현동,2,35.8847393,128.6073332
2021,대구광역시 북구 대현동 167-5,대현동 167-5,대현동,1,35.8848927,128.6074174
2021,대구광역시 북구 대현동 168-29,대현동 168-29,대현동,1,35.8855779,128.6078075
2021,대구광역시 북구 대현동 190-3,대현동 190-3,대현동,2,35.8841876,128.609894
2021,대구광역시 북구 대현동 193-11,대현동 193-11,대현동,1,35.8843307,128.6083768
2021,대구광역시 북구 대현동 194-7,대현동 194-7,대현동,1,35.8841618,128.6083932
2021,대구광역시 북구 대현동 199-15,대현동 199-15,대현동,1,35.88266,128.6097399
2021,대구광역시 북구 대현동 200-1,대현동 200-1,대현동,1,35.8830585,128.6096871
2021,대구광역시 북구 대현동 201-26,대현동 201-26,대현동,5,35.8833233,128.6098293
2021,대구광역시 북구 대현동 205-20,대현동 205-20,대현동,1,35.8827726,128.6092026
2021,대구광역시 북구 대현동 215-2,대현동 215-2,대현동,1,35.8838529,128.6095224
2021,대구광역시 북구 대현동 222-21,대현동 222-21,대현동,1,35.884812,128.6071084
2021,대구광역시 북구 대현동 228-3,대현동 228-3,대현동,1,35.8854726,128.6044155
2021,대구광역시 북구 대현동 23-2,대현동 23-2,대현동,1,35.885137,128.6137296
2021,대구광역시 북구 대현동 231-1,대현동 231-1,대현동,5,35.8867626,128.6032854
2021,대구광역시 북구 대현동 231-19,대현동 231-19,대현동,1,35.8866966,128.6031801
2021,대구광역시 북구 대현동 236-10,대현동 236-10,대현동,1,35.8872223,128.6040972
2021,대구광역시 북구 대현동 236-15,대현동 236-15,대현동,2,35.8869771,128.6034862
2021,대구광역시 북구 대현동 236-16,대현동 236-16,대현동,5,35.8868432,128.6034547
2021,대구광역시 북구 대현동 236-8,대현동 236-8,대현동,1,35.8867329,128.6039659
2021,대구광역시 북구 대현동 24-17,대현동 24-17,대현동,1,35.8849933,128.6137832
2021,대구광역시 북구 대현동 24-2,대현동 24-2,대현동,5,35.8850575,128.613909
2021,대구광역시 북구 대현동 25,대현동 25,대현동,2,35.8877391,128.6111831
2021,대구광역시 북구 대현동 25-13,대현동 25-13,대현동,1,35.8860644,128.6079139
2021,대구광역시 북구 대현동 252-31,대현동 252-31,대현동,2,35.8869986,128.6033132
2021,대구광역시 북구 대현동 257-19,대현동 257-19,대현동,1,35.8881759,128.6032719
2021,대구광역시 북구 대현동 258-1,대현동 258-1,대현동,31,35.8841439,128.6059475
2021,대구광역시 북구 대현동 270-6,대현동 270-6,대현동,1,35.881878,128.610707
2021,대구광역시 북구 대현동 272-27,대현동 272-27,대현동,9,35.8819862,128.6067263
2021,대구광역시 북구 대현동 277-9,대현동 277-9,대현동,1,35.8800692,128.610426
2021,대구광역시 북구 대현동 316-2,대현동 316-2,대현동,4,35.8789796,128.6057915
2021,대구광역시 북구 대현동 322-13,대현동 322-13,대현동,1,35.8776383,128.6070602
2021,대구광역시 북구 대현동 322-6,대현동 322-6,대현동,1,35.8778017,128.606735
2021,대구광역시 북구 대현동 333-16,대현동 333-16,대현동,1,35.8794159,128.607323
2021,대구광역시 북구 대현동 338-18,대현동 338-18,대현동,5,35.8792142,128.607902
2021,대구광역시 북구 대현동 339-1,대현동 339-1,대현동,1,35.8791556,128.607818
2021,대구광역시 북구 대현동 339-12,대현동 339-12,대현동,1,35.8790267,128.6079728
2021,대구광역시 북구 대현동 339-3,대현동 339-3,대현동,1,35.8784328,128.6081624
2021,대구광역시 북구 대현동 340-11,대현동 340-11,대현동,1,35.8785935,128.6085278
2021,대구광역시 북구 대현동 340-16,대현동 340-16,대현동,1,35.8783879,128.6086468
2021,대구광역시 북구 대현동 340-2,대현동 340-2,대현동,4,35.8784914,128.6086423
2021,대구광역시 북구 대현동 390,대현동 390,대현동,3,35.8811356,128.6089338
2021,대구광역시 북구 대현동 390-2,대현동 390-2,대현동,1,35.8811025,128.608388
2021,대구광역시 북구 대현동 390-31,대현동 390-31,대현동,1,35.8816947,128.6075599
2021,대구광역시 북구 대현동 392-34,대현동 392-34,대현동,2,35.8820963,128.6078241
2021,대구광역시 북구 대현동 394-3,대현동 394-3,대현동,1,35.8819366,128.6074047
2021,대구광역시 북구 대현동 395-1,대현동 395-1,대현동,2,35.881761,128.6073054
2021,대구광역시 북구 대현동 395-2,대현동 395-2,대현동,2,35.881621,128.6072556
2021,대구광역시 북구 대현동 404-3,대현동 404-3,대현동,1,35.8826632,128.6079701
2021,대구광역시 북구 대현동 405-8,대현동 405-8,대현동,1,35.8825359,128.6081305
2021,대구광역시 북구 대현동 408-2,대현동 408-2,대현동,1,35.8824775,128.6086211
2021,대구광역시 북구 대현동 412-10,대현동 412-10,대현동,1,35.8853939,128.603355
2021,대구광역시 북구 대현동 435-22,대현동 435-22,대현동,1,35.8830113,128.6043198
2021,대구광역시 북구 대현동 439-36,대현동 439-36,대현동,2,35.8824995,128.603602
2021,대구광역시 북구 대현동 439-4,대현동 439-4,대현동,2,35.8825882,128.6034974
2021,대구광역시 북구 대현동 444-64,대현동 444-64,대현동,1,35.8802645,128.6040771
2021,대구광역시 북구 대현동 444-96,대현동 444-96,대현동,1,35.8802173,128.6036039
2021,대구광역시 북구 대현동 481-10,대현동 481-10,대현동,1,35.8842973,128.6025571
2021,대구광역시 북구 대현동 498-9,대현동 498-9,대현동,1,35.8803418,128.6044772
2021,대구광역시 북구 대현동 500-22,대현동 500-22,대현동,1,35.8801259,128.6041089
2021,대구광역시 북구 대현동 502-1,대현동 502-1,대현동,1,35.8789147,128.6044448
2021,대구광역시 북구 대현동 502-49,대현동 502-49,대현동,2,35.8785114,128.6050323
2021,대구광역시 북구 대현동 504-2,대현동 504-2,대현동,1,35.8793671,128.6054117
2021,대구광역시 북구 대현동 521,대현동 521,대현동,8,35.8813928,128.603596
2021,대구광역시 북구 대현동 524,대현동 524,대현동,1,35.8844989,128.604104
2021,대구광역시 북구 대현동 526,대현동 526,대현동,35,35.8858208,128.6072941
2021,대구광역시 북구 대현동 527,대현동 527,대현동,13,35.8801619,128.6061845
2021,대구광역시 북구 대현동 527-1,대현동 527-1,대현동,1,35.880113,128.6050057
2021,대구광역시 북구 대현동 531,대현동 531,대현동,1,35.8816336,128.6053876
2021,대구광역시 북구 대현동 532,대현동 532,대현동,3,35.8819734,128.6065618
2021,대구광역시 북구 대현동 533,대현동 533,대현동,1,35.8816051,128.6042191
2021,대구광역시 북구 대현동 535,대현동 535,대현동,7,35.8798096,128.6086527
2021,대구광역시 북구 대현동 536,대현동 536,대현동,3,35.8805399,128.6089309
2021,대구광역시 북구 대현동 538,대현동 538,대현동,3,35.879717,128.607379
2021,대구광역시 북구 동변동 200-50,동변동 200-50,동변동,3,35.9263694,128.6016862
2021,대구광역시 북구 동변동 277-1,동변동 277-1,동변동,1,35.9221394,128.6007053
2021,대구광역시 북구 동변동 299-1,동변동 299-1,동변동,1,35.9221045,128.6007003
2021,대구광역시 북구 동변동 305-3,동변동 305-3,동변동,1,35.9208526,128.6006923
2021,대구광역시 북구 동변동 309,동변동 309,동변동,1,35.9215991,128.6014816
2021,대구광역시 북구 동변동 497-1,동변동 497-1,동변동,1,35.9214175,128.6033104
2021,대구광역시 북구 동변동 498-1,동변동 498-1,동변동,2,35.9214477,128.6036242
2021,대구광역시 북구 동변동 498-3,동변동 498-3,동변동,4,35.9214599,128.6038365
2021,대구광역시 북구 동변동 499-1,동변동 499-1,동변동,1,35.9214131,128.6040654
2021,대구광역시 북구 동변동 540,동변동 540,동변동,1,35.9181407,128.6062741
2021,대구광역시 북구 동변동 617-1,동변동 617-1,동변동,9,35.9210229,128.611941
2021,대구광역시 북구 동변동 650-1,동변동 650-1,동변동,1,35.9208837,128.6006683
2021,대구광역시 북구 동변동 659,동변동 659,동변동,2,35.9214853,128.6009086
2021,대구광역시 북구 동변동 660,동변동 660,동변동,1,35.9213482,128.6012011
2021,대구광역시 북구 동변동 661,동변동 661,동변동,4,35.9216586,128.600614
2021,대구광역시 북구 동변동 662,동변동 662,동변동,1,35.9209697,128.600884
2021,대구광역시 북구 동변동 662-8,동변동 662-8,동변동,1,35.9209905,128.6020005
2021,대구광역시 북구 동변동 664,동변동 664,동변동,1,35.9206268,128.6009642
2021,대구광역시 북구 동변동 667,동변동 667,동변동,1,35.9202346,128.6017256
2021,대구광역시 북구 동변동 668,동변동 668,동변동,1,35.9197313,128.601033
2021,대구광역시 북구 동변동 669,동변동 669,동변동,3,35.9209941,128.6023011
2021,대구광역시 북구 동변동 669-6,동변동 669-6,동변동,2,35.9208935,128.6033587
2021,대구광역시 북구 동변동 670,동변동 670,동변동,4,35.9208677,128.6027295
2021,대구광역시 북구 동변동 677,동변동 677,동변동,12,35.9198051,128.6022136
2021,대구광역시 북구 동변동 678,동변동 678,동변동,2,35.9191981,128.6022542
2021,대구광역시 북구 동변동 679,동변동 679,동변동,3,35.9178303,128.6023568
2021,대구광역시 북구 동변동 680,동변동 680,동변동,16,35.9188352,128.6009585
2021,대구광역시 북구 동변동 681,동변동 681,동변동,78,35.9176577,128.6037152
2021,대구광역시 북구 동변동 682,동변동 682,동변동,3,35.9154563,128.6023684
2021,대구광역시 북구 동변동 683,동변동 683,동변동,3,35.9155081,128.6010977
2021,대구광역시 북구 동변동 684-11,동변동 684-11,동변동,1,35.9208069,128.604981
2021,대구광역시 북구 동변동 684-20,동변동 684-20,동변동,5,35.9209067,128.6037763
2021,대구광역시 북구 동변동 684-21,동변동 684-21,동변동,1,35.9210221,128.6037651
2021,대구광역시 북구 동변동 685,동변동 685,동변동,4,35.9202902,128.6054415
2021,대구광역시 북구 동변동 686-3,동변동 686-3,동변동,1,35.9203608,128.6037971
2021,대구광역시 북구 동변동 686-9,동변동 686-9,동변동,1,35.9196673,128.6038281
2021,대구광역시 북구 동변동 688,동변동 688,동변동,2,35.9207241,128.6046621
2021,대구광역시 북구 동변동 688-1,동변동 688-1,동변동,1,35.9206121,128.6046671
2021,대구광역시 북구 동변동 689,동변동 689,동변동,7,35.9201679,128.6045596
2021,대구광역시 북구 동변동 691,동변동 691,동변동,1,35.9201978,128.6052378
2021,대구광역시 북구 동변동 692-11,동변동 692-11,동변동,1,35.9197274,128.6059018
2021,대구광역시 북구 동변동 692-13,동변동 692-13,동변동,1,35.9198414,128.6057262
2021,대구광역시 북구 동변동 693,동변동 693,동변동,22,35.9195796,128.6048701
2021,대구광역시 북구 동변동 696,동변동 696,동변동,12,35.9192162,128.6060748
2021,대구광역시 북구 동변동 697,동변동 697,동변동,3,35.9174145,128.6048412
2021,대구광역시 북구 동변동 699,동변동 699,동변동,1,35.917494,128.6062613
2021,대구광역시 북구 동변동 699-1,동변동 699-1,동변동,1,35.9156947,128.6045751
2021,대구광역시 북구 동변동 700,동변동 700,동변동,4,35.9155377,128.6043183
2021,대구광역시 북구 동천동 264-1,동천동 264-1,동천동,1,35.9438306,128.5542129
2021,대구광역시 북구 동천동 838-5,동천동 838-5,동천동,2,35.9415633,128.5572024
2021,대구광역시 북구 동천동 838-53,동천동 838-53,동천동,1,35.9347738,128.5552579
2021,대구광역시 북구 동천동 872,동천동 872,동천동,6,35.9331769,128.5570438
2021,대구광역시 북구 동천동 873,동천동 873,동천동,2,35.9323476,128.5554794
2021,대구광역시 북구 동천동 875-1,동천동 875-1,동천동,3,35.932245,128.5571736
2021,대구광역시 북구 동천동 876-1,동천동 876-1,동천동,1,35.9321056,128.5580761
2021,대구광역시 북구 동천동 876-5,동천동 876-5,동천동,2,35.9321949,128.5575424
2021,대구광역시 북구 동천동 878-1,동천동 878-1,동천동,1,35.9320885,128.5559077
2021,대구광역시 북구 동천동 878-4,동천동 878-4,동천동,1,35.9320337,128.5565209
2021,대구광역시 북구 동천동 880-1,동천동 880-1,동천동,2,35.9326338,128.5605867
2021,대구광역시 북구 동천동 882,동천동 882,동천동,1,35.9330602,128.5555244
2021,대구광역시 북구 동천동 883,동천동 883,동천동,16,35.9338646,128.5588811
2021,대구광역시 북구 동천동 884,동천동 884,동천동,2,35.9327862,128.5583653
2021,대구광역시 북구 동천동 885,동천동 885,동천동,9,35.9324283,128.5568255
2021,대구광역시 북구 동천동 886,동천동 886,동천동,4,35.9321907,128.5565246
2021,대구광역시 북구 동천동 887,동천동 887,동천동,9,35.9317108,128.558131
2021,대구광역시 북구 동천동 888,동천동 888,동천동,2,35.9324239,128.5616447
2021,대구광역시 북구 동천동 889-2,동천동 889-2,동천동,2,35.9455175,128.5569657
2021,대구광역시 북구 동천동 890,동천동 890,동천동,11,35.9454821,128.5600398
2021,대구광역시 북구 동천동 890-1,동천동 890-1,동천동,3,35.9449227,128.5608985
2021,대구광역시 북구 동천동 891,동천동 891,동천동,7,35.9453418,128.5627009
2021,대구광역시 북구 동천동 891-1,동천동 891-1,동천동,4,35.9459137,128.5617696
2021,대구광역시 북구 동천동 892-1,동천동 892-1,동천동,1,35.9442628,128.5591567
2021,대구광역시 북구 동천동 892-2,동천동 892-2,동천동,1,35.9438899,128.5587341
2021,대구광역시 북구 동천동 892-3,동천동 892-3,동천동,1,35.943645,128.5586829
2021,대구광역시 북구 동천동 893,동천동 893,동천동,4,35.9433322,128.5586115
2021,대구광역시 북구 동천동 894-1,동천동 894-1,동천동,6,35.9441098,128.5603482
2021,대구광역시 북구 동천동 894-2,동천동 894-2,동천동,1,35.9441901,128.5597614
2021,대구광역시 북구 동천동 895-1,동천동 895-1,동천동,1,35.9441121,128.5613649
2021,대구광역시 북구 동천동 895-2,동천동 895-2,동천동,1,35.944067,128.5617397
2021,대구광역시 북구 동천동 896,동천동 896,동천동,4,35.9427691,128.5631695
2021,대구광역시 북구 동천동 896-1,동천동 896-1,동천동,4,35.943924,128.5628593
2021,대구광역시 북구 동천동 896-5,동천동 896-5,동천동,2,35.943081,128.5632296
2021,대구광역시 북구 동천동 896-6,동천동 896-6,동천동,3,35.9429179,128.5631987
2021,대구광역시 북구 동천동 897-3,동천동 897-3,동천동,1,35.9435445,128.562356
2021,대구광역시 북구 동천동 897-7,동천동 897-7,동천동,1,35.9431278,128.5626781
2021,대구광역시 북구 동천동 897-9,동천동 897-9,동천동,1,35.9433111,128.5618675
2021,대구광역시 북구 동천동 898-1,동천동 898-1,동천동,2,35.9429493,128.5617445
2021,대구광역시 북구 동천동 898-3,동천동 898-3,동천동,1,35.9428868,128.5622071
2021,대구광역시 북구 동천동 898-5,동천동 898-5,동천동,1,35.9428308,128.5626688
2021,대구광역시 북구 동천동 899-1,동천동 899-1,동천동,2,35.9436416,128.5612222
2021,대구광역시 북구 동천동 899-5,동천동 899-5,동천동,1,35.9431604,128.5612419
2021,대구광역시 북구 동천동 900-1,동천동 900-1,동천동,3,35.9430187,128.5610991
2021,대구광역시 북구 동천동 901-1,동천동 901-1,동천동,10,35.9434881,128.5603615
2021,대구광역시 북구 동천동 901-2,동천동 901-2,동천동,3,35.9434517,128.5606327
2021,대구광역시 북구 동천동 901-3,동천동 901-3,동천동,1,35.9432496,128.5604661
2021,대구광역시 북구 동천동 902-1,동천동 902-1,동천동,3,35.9431146,128.5602902
2021,대구광역시 북구 동천동 902-2,동천동 902-2,동천동,1,35.9430802,128.5605589
2021,대구광역시 북구 동천동 903-1,동천동 903-1,동천동,1,35.9437173,128.5592085
2021,대구광역시 북구 동천동 903-2,동천동 903-2,동천동,1,35.9435458,128.5591683
2021,대구광역시 북구 동천동 903-4,동천동 903-4,동천동,1,35.9435423,128.5599345
2021,대구광역시 북구 동천동 903-5,동천동 903-5,동천동,2,35.943368,128.5595331
2021,대구광역시 북구 동천동 904-1,동천동 904-1,동천동,3,35.9432655,128.5591065
2021,대구광역시 북구 동천동 904-3,동천동 904-3,동천동,1,35.9431975,128.5596341
2021,대구광역시 북구 동천동 905-1,동천동 905-1,동천동,1,35.9429533,128.5585345
2021,대구광역시 북구 동천동 905-3,동천동 905-3,동천동,3,35.9424341,128.5584366
2021,대구광역시 북구 동천동 906-1,동천동 906-1,동천동,1,35.9428907,128.5590361
2021,대구광역시 북구 동천동 906-3,동천동 906-3,동천동,2,35.9428269,128.5595576
2021,대구광역시 북구 동천동 906-4,동천동 906-4,동천동,10,35.9427942,128.5598211
2021,대구광역시 북구 동천동 907-6,동천동 907-6,동천동,3,35.9423084,128.5599657
2021,대구광역시 북구 동천동 907-7,동천동 907-7,동천동,2,35.9422197,128.5597581
2021,대구광역시 북구 동천동 908-2,동천동 908-2,동천동,1,35.9425492,128.5604472
2021,대구광역시 북구 동천동 908-7,동천동 908-7,동천동,3,35.9427452,128.5602036
2021,대구광역시 북구 동천동 909-6,동천동 909-6,동천동,1,35.9424748,128.5609921
2021,대구광역시 북구 동천동 909-7,동천동 909-7,동천동,1,35.9426667,128.56103
2021,대구광역시 북구 동천동 910-1,동천동 910-1,동천동,1,35.9425576,128.561704
2021,대구광역시 북구 동천동 910-4,동천동 910-4,동천동,1,35.9424439,128.5625634
2021,대구광역시 북구 동천동 911-5,동천동 911-5,동천동,1,35.9419755,128.5625041
2021,대구광역시 북구 동천동 912-1,동천동 912-1,동천동,3,35.9423754,128.5630954
2021,대구광역시 북구 동천동 912-2,동천동 912-2,동천동,1,35.9420998,128.5630467
2021,대구광역시 북구 동천동 912-3,동천동 912-3,동천동,2,35.9418329,128.5629955
2021,대구광역시 북구 동천동 913,동천동 913,동천동,7,35.9409685,128.5593093
2021,대구광역시 북구 동천동 913-1,동천동 913-1,동천동,7,35.940018,128.5586449
2021,대구광역시 북구 동천동 913-3,동천동 913-3,동천동,5,35.9396512,128.5591497
2021,대구광역시 북구 동천동 914,동천동 914,동천동,3,35.9405895,128.5616296
2021,대구광역시 북구 동천동 916-1,동천동 916-1,동천동,1,35.9396093,128.5582959
2021,대구광역시 북구 동천동 918-7,동천동 918-7,동천동,1,35.9386179,128.5581115
2021,대구광역시 북구 동천동 923-9,동천동 923-9,동천동,2,35.9374194,128.5594222
2021,대구광역시 북구 동천동 928-1,동천동 928-1,동천동,2,35.9383974,128.5579935
2021,대구광역시 북구 동천동 928-10,동천동 928-10,동천동,6,35.9380526,128.5575775
2021,대구광역시 북구 동천동 928-3,동천동 928-3,동천동,1,35.9381482,128.5578244
2021,대구광역시 북구 동천동 932-1,동천동 932-1,동천동,1,35.93702,128.5567958
2021,대구광역시 북구 동천동 932-2,동천동 932-2,동천동,1,35.9370105,128.556931
2021,대구광역시 북구 동천동 950,동천동 950,동천동,6,35.9352556,128.5607025
2021,대구광역시 북구 동천동 951-1,동천동 951-1,동천동,3,35.9445289,128.5576625
2021,대구광역시 북구 동천동 951-2,동천동 951-2,동천동,1,35.9439845,128.5579313
2021,대구광역시 북구 동천동 952-1,동천동 952-1,동천동,1,35.9434392,128.557838
2021,대구광역시 북구 동천동 952-2,동천동 952-2,동천동,2,35.9432195,128.5577976
2021,대구광역시 북구 동천동 952-3,동천동 952-3,동천동,23,35.9429907,128.557755
2021,대구광역시 북구 동천동 952-4,동천동 952-4,동천동,3,35.942753,128.5576957
2021,대구광역시 북구 동천동 953-1,동천동 953-1,동천동,17,35.9440101,128.5570667
2021,대구광역시 북구 동천동 953-3,동천동 953-3,동천동,2,35.9437497,128.5571577
2021,대구광역시 북구 동천동 954-2,동천동 954-2,동천동,2,35.9435471,128.5573106
2021,대구광역시 북구 동천동 954-3,동천동 954-3,동천동,6,35.9433336,128.5572621
2021,대구광역시 북구 동천동 954-4,동천동 954-4,동천동,5,35.9431087,128.5572655
2021,대구광역시 북구 동천동 954-6,동천동 954-6,동천동,3,35.9432266,128.5567185
2021,대구광역시 북구 동천동 955-3,동천동 955-3,동천동,1,35.9428255,128.5569923
2021,대구광역시 북구 동천동 955-4,동천동 955-4,동천동,1,35.9427729,128.5572251
2021,대구광역시 북구 동천동 959,동천동 959,동천동,3,35.9462504,128.5610365
2021,대구광역시 북구 동천동 959-1,동천동 959-1,동천동,1,35.9455198,128.5585713
2021,대구광역시 북구 동천동 959-2,동천동 959-2,동천동,32,35.9453763,128.5612645
2021,대구광역시 북구 동천동 959-3,동천동 959-3,동천동,19,35.9450209,128.5578039
2021,대구광역시 북구 동천동 959-4,동천동 959-4,동천동,10,35.9438733,128.5637104
2021,대구광역시 북구 동천동 960,동천동 960,동천동,10,35.9433812,128.5582143
2021,대구광역시 북구 동천동 960-1,동천동 960-1,동천동,4,35.942411,128.5569574
2021,대구광역시 북구 동천동 960-2,동천동 960-2,동천동,56,35.9418996,128.5606621
2021,대구광역시 북구 동천동 961,동천동 961,동천동,12,35.9439137,128.5567505
2021,대구광역시 북구 동천동 961-1,동천동 961-1,동천동,103,35.9433808,128.5575458
2021,대구광역시 북구 동천동 962,동천동 962,동천동,28,35.9431685,128.5608464
2021,대구광역시 북구 동천동 962-1,동천동 962-1,동천동,84,35.9435371,128.5589416
2021,대구광역시 북구 동천동 962-2,동천동 962-2,동천동,30,35.9430308,128.5595258
2021,대구광역시 북구 동천동 962-3,동천동 962-3,동천동,38,35.9426652,128.559205
2021,대구광역시 북구 동천동 962-4,동천동 962-4,동천동,29,35.9433113,128.5629676
2021,대구광역시 북구 동천동 962-5,동천동 962-5,동천동,9,35.9433049,128.561627
2021,대구광역시 북구 동천동 962-6,동천동 962-6,동천동,20,35.9427141,128.5621269
2021,대구광역시 북구 동천동 962-7,동천동 962-7,동천동,22,35.9422734,128.562284
2021,대구광역시 북구 동천동 963,동천동 963,동천동,28,35.9396899,128.5581109
2021,대구광역시 북구 동천동 963-1,동천동 963-1,동천동,18,35.9368928,128.5593192
2021,대구광역시 북구 동천동 963-13,동천동 963-13,동천동,1,35.9314506,128.5616796
2021,대구광역시 북구 동천동 963-2,동천동 963-2,동천동,14,35.9393893,128.5601309
2021,대구광역시 북구 동천동 963-3,동천동 963-3,동천동,3,35.9375608,128.5625046
2021,대구광역시 북구 동천동 964-3,동천동 964-3,동천동,6,35.9384141,128.5588355
2021,대구광역시 북구 동천동 965,동천동 965,동천동,21,35.9357478,128.5562467
2021,대구광역시 북구 동천동 965-1,동천동 965-1,동천동,3,35.9355359,128.5576386
2021,대구광역시 북구 동천동 965-2,동천동 965-2,동천동,4,35.9353847,128.559073
2021,대구광역시 북구 동천동 967-3,동천동 967-3,동천동,2,35.935099,128.5580724
2021,대구광역시 북구 동천동 968,동천동 968,동천동,5,35.9448664,128.5559438
2021,대구광역시 북구 동천동 969-1,동천동 969-1,동천동,1,35.9442487,128.554849
2021,대구광역시 북구 동천동 969-2,동천동 969-2,동천동,2,35.9440434,128.5548584
2021,대구광역시 북구 동천동 969-6,동천동 969-6,동천동,1,35.9432756,128.5553722
2021,대구광역시 북구 동천동 969-7,동천동 969-7,동천동,4,35.9431476,128.5556475
2021,대구광역시 북구 동천동 971-2,동천동 971-2,동천동,2,35.9433881,128.556185
2021,대구광역시 북구 동천동 971-5,동천동 971-5,동천동,2,35.943451,128.5558188
2021,대구광역시 북구 동천동 972,동천동 972,동천동,11,35.9442175,128.5556387
2021,대구광역시 북구 동천동 972-1,동천동 972-1,동천동,14,35.9436809,128.5552167
2021,대구광역시 북구 동천동 972-3,동천동 972-3,동천동,1,35.943939,128.5545055
2021,대구광역시 북구 동천동 972-4,동천동 972-4,동천동,1,35.9442199,128.5543893
2021,대구광역시 북구 동호동 187-5,동호동 187-5,동호동,1,35.9565729,128.559709
2021,대구광역시 북구 동호동 187-7,동호동 187-7,동호동,1,35.9582831,128.5602509
2021,대구광역시 북구 동호동 191-3,동호동 191-3,동호동,1,35.9561546,128.5622388
2021,대구광역시 북구 동호동 209-1,동호동 209-1,동호동,1,35.9584372,128.5598659
2021,대구광역시 북구 매천동 195-2,매천동 195-2,매천동,1,35.9086448,128.5411914
2021,대구광역시 북구 매천동 297,매천동 297,매천동,1,35.9046656,128.545023
2021,대구광역시 북구 매천동 303,매천동 303,매천동,1,35.9042706,128.5432651
2021,대구광역시 북구 매천동 306-2,매천동 306-2,매천동,1,35.9043951,128.5442653
2021,대구광역시 북구 매천동 310-1,매천동 310-1,매천동,1,35.9049395,128.5434635
2021,대구광역시 북구 매천동 312,매천동 312,매천동,1,35.9050969,128.5443428
2021,대구광역시 북구 매천동 316-1,매천동 316-1,매천동,2,35.9053732,128.5443985
2021,대구광역시 북구 매천동 318,매천동 318,매천동,6,35.9062897,128.5435273
2021,대구광역시 북구 매천동 318-2,매천동 318-2,매천동,1,35.9060702,128.5434864
2021,대구광역시 북구 매천동 324,매천동 324,매천동,1,35.9062529,128.5437239
2021,대구광역시 북구 매천동 359,매천동 359,매천동,1,35.9059689,128.5432722
2021,대구광역시 북구 매천동 361,매천동 361,매천동,1,35.9057996,128.5418312
2021,대구광역시 북구 매천동 370,매천동 370,매천동,8,35.9039352,128.5445152
2021,대구광역시 북구 매천동 458-1,매천동 458-1,매천동,1,35.9063812,128.5400626
2021,대구광역시 북구 매천동 478,매천동 478,매천동,1,35.905139,128.5401162
2021,대구광역시 북구 매천동 526,매천동 526,매천동,1,35.9023606,128.5401863
2021,대구광역시 북구 매천동 527-3,매천동 527-3,매천동,3,35.9025834,128.5431864
2021,대구광역시 북구 매천동 540-1,매천동 540-1,매천동,1,35.9043375,128.5403305
2021,대구광역시 북구 매천동 618-30,매천동 618-30,매천동,1,35.8997506,128.5472225
2021,대구광역시 북구 매천동 671,매천동 671,매천동,1,35.9091878,128.5447674
2021,대구광역시 북구 매천동 673,매천동 673,매천동,1,35.9098639,128.5432611
2021,대구광역시 북구 매천동 677,매천동 677,매천동,2,35.9087726,128.5439477
2021,대구광역시 북구 매천동 677-1,매천동 677-1,매천동,58,35.9076539,128.5431197
2021,대구광역시 북구 매천동 681,매천동 681,매천동,1,35.9086018,128.5427741
2021,대구광역시 북구 매천동 686,매천동 686,매천동,2,35.9080911,128.5421398
2021,대구광역시 북구 매천동 687,매천동 687,매천동,2,35.9082871,128.5425945
2021,대구광역시 북구 매천동 692,매천동 692,매천동,1,35.9080551,128.5428636
2021,대구광역시 북구 매천동 693,매천동 693,매천동,21,35.9080937,128.5425583
2021,대구광역시 북구 매천동 718,매천동 718,매천동,1,35.9078217,128.5423897
2021,대구광역시 북구 매천동 727,매천동 727,매천동,1,35.9076255,128.5428778
2021,대구광역시 북구 매천동 736,매천동 736,매천동,1,35.9073353,128.5433599
2021,대구광역시 북구 매천동 741,매천동 741,매천동,2,35.9074481,128.5458724
2021,대구광역시 북구 매천동 743,매천동 743,매천동,1,35.9082938,128.5460126
2021,대구광역시 북구 매천동 750,매천동 750,매천동,1,35.9053043,128.5425345
2021,대구광역시 북구 매천동 751,매천동 751,매천동,4,35.9053281,128.5435532
2021,대구광역시 북구 매천동 753,매천동 753,매천동,1,35.9056928,128.5448274
2021,대구광역시 북구 매천동 756,매천동 756,매천동,1,35.9050388,128.5441904
2021,대구광역시 북구 매천동 산 41,매천동 산 41,매천동,1,35.9092175,128.539487
2021,대구광역시 북구 문주길 2일대,문주길 2일대,미상,1,35.8981457,128.5249243
2021,대구광역시 북구 복현동 137,복현동 137,복현동,1,35.8995118,128.6220894
2021,대구광역시 북구 복현동 146-11,복현동 146-11,복현동,1,35.9003043,128.6229581
2021,대구광역시 북구 복현동 15-17,복현동 15-17,복현동,1,35.9063557,128.6214856
2021,대구광역시 북구 복현동 155,복현동 155,복현동,2,35.899867,128.6233718
2021,대구광역시 북구 복현동 157-5,복현동 157-5,복현동,1,35.899727,128.6237079
2021,대구광역시 북구 복현동 160-7,복현동 160-7,복현동,2,35.9006437,128.6238382
2021,대구광역시 북구 복현동 175-1,복현동 175-1,복현동,1,35.8993409,128.6241955
2021,대구광역시 북구 복현동 175-3,복현동 175-3,복현동,1,35.8995013,128.624212
2021,대구광역시 북구 복현동 178-1,복현동 178-1,복현동,1,35.8992703,128.6230396
2021,대구광역시 북구 복현동 190-5,복현동 190-5,복현동,1,35.8988334,128.6195818
2021,대구광역시 북구 복현동 201-22,복현동 201-22,복현동,4,35.8956577,128.6180303
2021,대구광역시 북구 복현동 201-3,복현동 201-3,복현동,3,35.8963933,128.6181137
2021,대구광역시 북구 복현동 206-3,복현동 206-3,복현동,3,35.8970718,128.6177097
2021,대구광역시 북구 복현동 210-1,복현동 210-1,복현동,2,35.8976082,128.6182657
2021,대구광역시 북구 복현동 214-1,복현동 214-1,복현동,1,35.8966615,128.6192188
2021,대구광역시 북구 복현동 214-20,복현동 214-20,복현동,1,35.8966044,128.6199216
2021,대구광역시 북구 복현동 218,복현동 218,복현동,14,35.896121,128.6221138
2021,대구광역시 북구 복현동 234-11,복현동 234-11,복현동,3,35.8987537,128.6222633
2021,대구광역시 북구 복현동 235-1,복현동 235-1,복현동,1,35.8958308,128.6239868
2021,대구광역시 북구 복현동 241-1,복현동 241-1,복현동,2,35.8967966,128.6249172
2021,대구광역시 북구 복현동 241-7,복현동 241-7,복현동,1,35.8968532,128.6255204
2021,대구광역시 북구 복현동 245-21,복현동 245-21,복현동,1,35.8951457,128.6253602
2021,대구광역시 북구 복현동 260,복현동 260,복현동,3,35.8986383,128.6246542
2021,대구광역시 북구 복현동 265-5,복현동 265-5,복현동,1,35.8982617,128.6240101
2021,대구광역시 북구 복현동 28-31,복현동 28-31,복현동,1,35.9063361,128.6212053
2021,대구광역시 북구 복현동 310,복현동 310,복현동,1,35.8940058,128.630066
2021,대구광역시 북구 복현동 318,복현동 318,복현동,16,35.8919082,128.626352
2021,대구광역시 북구 복현동 32-4,복현동 32-4,복현동,1,35.9047945,128.6204913
2021,대구광역시 북구 복현동 320-1,복현동 320-1,복현동,1,35.8952676,128.6196533
2021,대구광역시 북구 복현동 33,복현동 33,복현동,4,35.905291,128.6200599
2021,대구광역시 북구 복현동 33-3,복현동 33-3,복현동,2,35.904782,128.6202982
2021,대구광역시 북구 복현동 33-4,복현동 33-4,복현동,9,35.9049142,128.6200522
2021,대구광역시 북구 복현동 332-1,복현동 332-1,복현동,7,35.8942972,128.6221793
2021,대구광역시 북구 복현동 335-1,복현동 335-1,복현동,1,35.8950257,128.6237187
2021,대구광역시 북구 복현동 335-20,복현동 335-20,복현동,5,35.8946489,128.6234024
2021,대구광역시 북구 복현동 335-6,복현동 335-6,복현동,1,35.8941917,128.6230653
2021,대구광역시 북구 복현동 337-10,복현동 337-10,복현동,1,35.8936987,128.623071
2021,대구광역시 북구 복현동 338-1,복현동 338-1,복현동,1,35.8938802,128.6227101
2021,대구광역시 북구 복현동 338-8,복현동 338-8,복현동,1,35.892912,128.6219075
2021,대구광역시 북구 복현동 339-15,복현동 339-15,복현동,1,35.8940507,128.6210588
2021,대구광역시 북구 복현동 340-30,복현동 340-30,복현동,1,35.8930683,128.6216117
2021,대구광역시 북구 복현동 360-5,복현동 360-5,복현동,1,35.894035,128.6238585
2021,대구광역시 북구 복현동 361-18,복현동 361-18,복현동,1,35.8931624,128.6234195
2021,대구광역시 북구 복현동 365-23,복현동 365-23,복현동,1,35.8930805,128.6239386
2021,대구광역시 북구 복현동 368-1,복현동 368-1,복현동,1,35.8930165,128.6259793
2021,대구광역시 북구 복현동 37-1,복현동 37-1,복현동,2,35.9039571,128.6205392
2021,대구광역시 북구 복현동 375-9,복현동 375-9,복현동,1,35.8917992,128.6243817
2021,대구광역시 북구 복현동 376-18,복현동 376-18,복현동,1,35.891474,128.6256604
2021,대구광역시 북구 복현동 376-20,복현동 376-20,복현동,2,35.8913454,128.6252856
2021,대구광역시 북구 복현동 376-26,복현동 376-26,복현동,9,35.8913937,128.6255123
2021,대구광역시 북구 복현동 376-3,복현동 376-3,복현동,1,35.8918862,128.625998
2021,대구광역시 북구 복현동 38-29,복현동 38-29,복현동,1,35.9039285,128.6198536
2021,대구광역시 북구 복현동 40-8,복현동 40-8,복현동,1,35.904851,128.6206062
2021,대구광역시 북구 복현동 401-3,복현동 401-3,복현동,1,35.8966996,128.6144551
2021,대구광역시 북구 복현동 402-8,복현동 402-8,복현동,5,35.8959071,128.6135117
2021,대구광역시 북구 복현동 412-16,복현동 412-16,복현동,1,35.8954202,128.6152808
2021,대구광역시 북구 복현동 426-10,복현동 426-10,복현동,5,35.8953358,128.6173468
2021,대구광역시 북구 복현동 431-1,복현동 431-1,복현동,2,35.8943164,128.6177941
2021,대구광역시 북구 복현동 431-4,복현동 431-4,복현동,1,35.8941158,128.6181664
2021,대구광역시 북구 복현동 433-3,복현동 433-3,복현동,1,35.8935907,128.6180479
2021,대구광역시 북구 복현동 439-7,복현동 439-7,복현동,1,35.893039,128.617857
2021,대구광역시 북구 복현동 443-4,복현동 443-4,복현동,1,35.8922616,128.6168885
2021,대구광역시 북구 복현동 447,복현동 447,복현동,8,35.8919007,128.6178519
2021,대구광역시 북구 복현동 450-11,복현동 450-11,복현동,1,35.891995,128.6188343
2021,대구광역시 북구 복현동 450-12,복현동 450-12,복현동,1,35.8919446,128.6189972
2021,대구광역시 북구 복현동 450-13,복현동 450-13,복현동,1,35.8918717,128.6189053
2021,대구광역시 북구 복현동 457-5,복현동 457-5,복현동,1,35.8936108,128.6187568
2021,대구광역시 북구 복현동 457-6,복현동 457-6,복현동,1,35.8935441,128.618841
2021,대구광역시 북구 복현동 458-1,복현동 458-1,복현동,2,35.8939508,128.6187293
2021,대구광역시 북구 복현동 458-3,복현동 458-3,복현동,1,35.89374,128.6189947
2021,대구광역시 북구 복현동 459-10,복현동 459-10,복현동,1,35.8936445,128.6196404
2021,대구광역시 북구 복현동 460-6,복현동 460-6,복현동,1,35.8928305,128.6205565
2021,대구광역시 북구 복현동 461-1,복현동 461-1,복현동,1,35.8931821,128.6196976
2021,대구광역시 북구 복현동 466-1,복현동 466-1,복현동,1,35.8913773,128.6191366
2021,대구광역시 북구 복현동 479-5,복현동 479-5,복현동,1,35.8924762,128.6213308
2021,대구광역시 북구 복현동 539-106,복현동 539-106,복현동,9,35.9034246,128.617526
2021,대구광역시 북구 복현동 539-110,복현동 539-110,복현동,9,35.9023657,128.6172938
2021,대구광역시 북구 복현동 539-111,복현동 539-111,복현동,8,35.9014464,128.6170627
2021,대구광역시 북구 복현동 539-113,복현동 539-113,복현동,25,35.9006231,128.6169295
2021,대구광역시 북구 복현동 539-114,복현동 539-114,복현동,1,35.8997781,128.6164881
2021,대구광역시 북구 복현동 539-123,복현동 539-123,복현동,1,35.8980965,128.615422
2021,대구광역시 북구 복현동 539-146,복현동 539-146,복현동,3,35.9049016,128.617567
2021,대구광역시 북구 복현동 539-149,복현동 539-149,복현동,1,35.9039929,128.618306
2021,대구광역시 북구 복현동 539-150,복현동 539-150,복현동,2,35.8984143,128.6154546
2021,대구광역시 북구 복현동 539-19,복현동 539-19,복현동,1,35.9053691,128.6190347
2021,대구광역시 북구 복현동 539-7,복현동 539-7,복현동,24,35.9007539,128.615781
2021,대구광역시 북구 복현동 539-92,복현동 539-92,복현동,1,35.9053432,128.6180346
2021,대구광역시 북구 복현동 570,복현동 570,복현동,1,35.8953259,128.6140308
2021,대구광역시 북구 복현동 573-2,복현동 573-2,복현동,1,35.8904875,128.6160442
2021,대구광역시 북구 복현동 573-6,복현동 573-6,복현동,3,35.8938547,128.6141519
2021,대구광역시 북구 복현동 60,복현동 60,복현동,2,35.9017512,128.6207453
2021,대구광역시 북구 복현동 617-38,복현동 617-38,복현동,1,35.8895449,128.6172539
2021,대구광역시 북구 복현동 617-8,복현동 617-8,복현동,1,35.8902935,128.6172895
2021,대구광역시 북구 복현동 618-38,복현동 618-38,복현동,1,35.8890829,128.6166158
2021,대구광역시 북구 복현동 620,복현동 620,복현동,1,35.8997515,128.628139
2021,대구광역시 북구 복현동 623,복현동 623,복현동,217,35.8945826,128.6188058
2021,대구광역시 북구 복현동 623-31,복현동 623-31,복현동,4,35.8997326,128.6208288
2021,대구광역시 북구 복현동 625-6,복현동 625-6,복현동,5,35.9048406,128.6205635
2021,대구광역시 북구 복현동 628,복현동 628,복현동,4,35.8994573,128.6244994
2021,대구광역시 북구 복현동 639-12,복현동 639-12,복현동,1,35.9055474,128.6183223
2021,대구광역시 북구 복현동 639-6,복현동 639-6,복현동,1,35.906328,128.6200757
2021,대구광역시 북구 복현동 69,복현동 69,복현동,42,35.9027534,128.6183258
2021,대구광역시 북구 복현동 694,복현동 694,복현동,14,35.8912741,128.6278901
2021,대구광역시 북구 복현동 695,복현동 695,복현동,1,35.8919341,128.6273106
2021,대구광역시 북구 복현동 697,복현동 697,복현동,3,35.8924319,128.6269482
2021,대구광역시 북구 복현동 701,복현동 701,복현동,2,35.9013087,128.6191716
2021,대구광역시 북구 복현동 702,복현동 702,복현동,1,35.9008204,128.6197286
2021,대구광역시 북구 복현동 703,복현동 703,복현동,8,35.8976029,128.6182734
2021,대구광역시 북구 복현동 72-6,복현동 72-6,복현동,4,35.9006189,128.6189369
2021,대구광역시 북구 복현동 76-1,복현동 76-1,복현동,7,35.8999342,128.6185832
2021,대구광역시 북구 복현동 79-5,복현동 79-5,복현동,2,35.8990518,128.6176613
2021,대구광역시 북구 복현동 산 107-3,복현동 산 107-3,복현동,1,35.8952568,128.6254972
2021,대구광역시 북구 복현동 산 19-21,복현동 산 19-21,복현동,3,35.9043067,128.6186028
2021,대구광역시 북구 복현동 산 44-6,복현동 산 44-6,복현동,1,35.8996744,128.6233543
2021,대구광역시 북구 사수동 1006,사수동 1006,사수동,2,35.8951543,128.5154073
2021,대구광역시 북구 사수동 1007,사수동 1007,사수동,6,35.8971746,128.5169732
2021,대구광역시 북구 사수동 1008,사수동 1008,사수동,12,35.8990538,128.5155129
2021,대구광역시 북구 사수동 1008에서,사수동 1008에서,사수동,1,35.8990538,128.5155129
2021,대구광역시 북구 사수동 1009,사수동 1009,사수동,1,35.9003768,128.5165989
2021,대구광역시 북구 사수동 1010,사수동 1010,사수동,1,35.9016253,128.5164095
2021,대구광역시 북구 사수동 728,사수동 728,사수동,1,35.8950311,128.5082811
2021,대구광역시 북구 사수동 772,사수동 772,사수동,2,35.8989229,128.5091795
2021,대구광역시 북구 사수동 784,사수동 784,사수동,3,35.900263,128.5089641
2021,대구광역시 북구 사수동 787,사수동 787,사수동,13,35.9027592,128.5117592
2021,대구광역시 북구 사수동 793,사수동 793,사수동,2,35.9015526,128.5112961
2021,대구광역시 북구 사수동 800,사수동 800,사수동,1,35.9008683,128.5170691
2021,대구광역시 북구 사수동 803,사수동 803,사수동,2,35.9001559,128.5114853
2021,대구광역시 북구 사수동 804,사수동 804,사수동,1,35.9013643,128.5119422
2021,대구광역시 북구 사수동 811,사수동 811,사수동,1,35.8986899,128.5136198
2021,대구광역시 북구 사수동 812,사수동 812,사수동,3,35.9002914,128.5142509
2021,대구광역시 북구 사수동 815,사수동 815,사수동,1,35.8996382,128.5157166
2021,대구광역시 북구 사수동 832,사수동 832,사수동,1,35.8991371,128.5122627
2021,대구광역시 북구 사수동 833,사수동 833,사수동,11,35.8979144,128.5115761
2021,대구광역시 북구 사수동 836,사수동 836,사수동,3,35.8990475,128.5142313
2021,대구광역시 북구 사수동 837,사수동 837,사수동,3,35.8981508,128.5153874
2021,대구광역시 북구 사수동 843,사수동 843,사수동,1,35.8978299,128.5185643
2021,대구광역시 북구 사수동 855,사수동 855,사수동,1,35.8967623,128.5116579
2021,대구광역시 북구 사수동 882,사수동 882,사수동,2,35.8959325,128.5124067
2021,대구광역시 북구 사수동 898,사수동 898,사수동,4,35.8961296,128.5136829
2021,대구광역시 북구 사수동 899,사수동 899,사수동,1,35.8970845,128.5155438
2021,대구광역시 북구 사수동 908,사수동 908,사수동,12,35.8964734,128.5145945
2021,대구광역시 북구 사수동 922,사수동 922,사수동,1,35.896614,128.5154659
2021,대구광역시 북구 사수동 953,사수동 953,사수동,2,35.8960762,128.5145581
2021,대구광역시 북구 사수동 954,사수동 954,사수동,4,35.8961884,128.5149363
2021,대구광역시 북구 사수동 955,사수동 955,사수동,1,35.8960634,128.5149707
2021,대구광역시 북구 사수동 961,사수동 961,사수동,5,35.8957552,128.5150104
2021,대구광역시 북구 사수동 963,사수동 963,사수동,1,35.8956663,128.5158283
2021,대구광역시 북구 사수동 965,사수동 965,사수동,1,35.895487,128.5145348
2021,대구광역시 북구 사수동 971,사수동 971,사수동,1,35.8952018,128.5163338
2021,대구광역시 북구 사수동 976,사수동 976,사수동,6,35.9016924,128.510768
2021,대구광역시 북구 사수동 977,사수동 977,사수동,2,35.9018875,128.5119211
2021,대구광역시 북구 사수동 979,사수동 979,사수동,24,35.8995123,128.5096534
2021,대구광역시 북구 사수동 981,사수동 981,사수동,16,35.8991916,128.5089436
2021,대구광역시 북구 사수동 982,사수동 982,사수동,7,35.8991355,128.5108109
2021,대구광역시 북구 사수동 983,사수동 983,사수동,5,35.8986322,128.5101296
2021,대구광역시 북구 사수동 984,사수동 984,사수동,9,35.898627,128.5108276
2021,대구광역시 북구 사수동 986,사수동 986,사수동,11,35.8951765,128.5142565
2021,대구광역시 북구 사수동 987,사수동 987,사수동,8,35.8969769,128.5120741
2021,대구광역시 북구 사수동 989,사수동 989,사수동,5,35.8963316,128.5131701
2021,대구광역시 북구 사수동 993,사수동 993,사수동,15,35.8963299,128.5142792
2021,대구광역시 북구 사수동 994,사수동 994,사수동,17,35.8966684,128.5148463
2021,대구광역시 북구 사수동 997,사수동 997,사수동,9,35.895678,128.5145257
2021,대구광역시 북구 사수동 998,사수동 998,사수동,8,35.8956486,128.5148591
2021,대구광역시 북구 사수동 999,사수동 999,사수동,10,35.896384,128.5156071
2021,대구광역시 북구 사수동 산 36-32,사수동 산 36-32,사수동,1,35.8958071,128.5071436
2021,대구광역시 북구 산격동 1071-2,산격동 1071-2,산격동,1,35.8933902,128.5976394
2021,대구광역시 북구 산격동 1151-2,산격동 1151-2,산격동,1,35.8957065,128.5991521
2021,대구광역시 북구 산격동 1162,산격동 1162,산격동,1,35.8958328,128.5999255
2021,대구광역시 북구 산격동 1181-1,산격동 1181-1,산격동,1,35.8966507,128.5998633
2021,대구광역시 북구 산격동 1182-13,산격동 1182-13,산격동,1,35.8969276,128.6000742
2021,대구광역시 북구 산격동 1183-54,산격동 1183-54,산격동,1,35.898042,128.6010957
2021,대구광역시 북구 산격동 1185-8,산격동 1185-8,산격동,1,35.8980383,128.6016913
2021,대구광역시 북구 산격동 1185-83,산격동 1185-83,산격동,1,35.8980079,128.6018259
2021,대구광역시 북구 산격동 1185-96,산격동 1185-96,산격동,1,35.897985,128.6016297
2021,대구광역시 북구 산격동 1197-85,산격동 1197-85,산격동,1,35.8982087,128.6042026
2021,대구광역시 북구 산격동 1197-86,산격동 1197-86,산격동,1,35.8986237,128.6041811
2021,대구광역시 북구 산격동 1201-14,산격동 1201-14,산격동,1,35.9005349,128.605617
2021,대구광역시 북구 산격동 1207-27,산격동 1207-27,산격동,1,35.9004377,128.6085495
2021,대구광역시 북구 산격동 1216-34,산격동 1216-34,산격동,1,35.8987173,128.6071493
2021,대구광역시 북구 산격동 1219-4,산격동 1219-4,산격동,1,35.8976926,128.6053064
2021,대구광역시 북구 산격동 1220-11,산격동 1220-11,산격동,1,35.8974027,128.6055644
2021,대구광역시 북구 산격동 1225-3,산격동 1225-3,산격동,2,35.8958629,128.6030144
2021,대구광역시 북구 산격동 1232-1,산격동 1232-1,산격동,1,35.8983456,128.6072326
2021,대구광역시 북구 산격동 1232-16,산격동 1232-16,산격동,1,35.8977884,128.6064838
2021,대구광역시 북구 산격동 1235-26,산격동 1235-26,산격동,1,35.89888,128.6083367
2021,대구광역시 북구 산격동 1237-14,산격동 1237-14,산격동,1,35.8998398,128.6090056
2021,대구광역시 북구 산격동 1238-15,산격동 1238-15,산격동,1,35.8995033,128.6098648
2021,대구광역시 북구 산격동 1239-1,산격동 1239-1,산격동,1,35.8992025,128.6090881
2021,대구광역시 북구 산격동 1258,산격동 1258,산격동,31,35.8983937,128.6105284
2021,대구광역시 북구 산격동 1259-5,산격동 1259-5,산격동,1,35.8985981,128.6111137
2021,대구광역시 북구 산격동 1264-1,산격동 1264-1,산격동,2,35.897955,128.6106195
2021,대구광역시 북구 산격동 1266-9,산격동 1266-9,산격동,1,35.8966726,128.6105733
2021,대구광역시 북구 산격동 1267-25,산격동 1267-25,산격동,1,35.8964934,128.6100263
2021,대구광역시 북구 산격동 1267-7,산격동 1267-7,산격동,1,35.8964879,128.6105131
2021,대구광역시 북구 산격동 1268-6,산격동 1268-6,산격동,1,35.8963565,128.61088
2021,대구광역시 북구 산격동 1269-10,산격동 1269-10,산격동,2,35.9011003,128.6090525
2021,대구광역시 북구 산격동 1269-2,산격동 1269-2,산격동,2,35.9001191,128.6095195
2021,대구광역시 북구 산격동 1269-5,산격동 1269-5,산격동,4,35.9006478,128.6095603
2021,대구광역시 북구 산격동 1269-74,산격동 1269-74,산격동,2,35.9011858,128.608896
2021,대구광역시 북구 산격동 1272-1,산격동 1272-1,산격동,1,35.8999669,128.6099492
2021,대구광역시 북구 산격동 1279-21,산격동 1279-21,산격동,1,35.8957752,128.6125875
2021,대구광역시 북구 산격동 1285,산격동 1285,산격동,8,35.8976651,128.6119119
2021,대구광역시 북구 산격동 1286-6,산격동 1286-6,산격동,2,35.8975231,128.6137806
2021,대구광역시 북구 산격동 1287-4,산격동 1287-4,산격동,1,35.8977869,128.6134659
2021,대구광역시 북구 산격동 1287-6,산격동 1287-6,산격동,2,35.8978083,128.6139908
2021,대구광역시 북구 산격동 1287-8,산격동 1287-8,산격동,1,35.8977487,128.613841
2021,대구광역시 북구 산격동 1288-1,산격동 1288-1,산격동,4,35.8976618,128.6141438
2021,대구광역시 북구 산격동 1288-2,산격동 1288-2,산격동,1,35.8975731,128.61395
2021,대구광역시 북구 산격동 1289-35,산격동 1289-35,산격동,1,35.8980907,128.6140313
2021,대구광역시 북구 산격동 1291-22,산격동 1291-22,산격동,3,35.8961587,128.6129768
2021,대구광역시 북구 산격동 1291-26,산격동 1291-26,산격동,1,35.8961787,128.6128305
2021,대구광역시 북구 산격동 1304-13,산격동 1304-13,산격동,1,35.8950367,128.6115008
2021,대구광역시 북구 산격동 1304-15,산격동 1304-15,산격동,1,35.8949222,128.6113494
2021,대구광역시 북구 산격동 1307,산격동 1307,산격동,1,35.8953932,128.6111014
2021,대구광역시 북구 산격동 1307-72,산격동 1307-72,산격동,1,35.8952891,128.6107147
2021,대구광역시 북구 산격동 1312-23,산격동 1312-23,산격동,1,35.8952711,128.6077835
2021,대구광역시 북구 산격동 1312-5,산격동 1312-5,산격동,5,35.8950454,128.6078108
2021,대구광역시 북구 산격동 1312-50,산격동 1312-50,산격동,1,35.8951847,128.6077673
2021,대구광역시 북구 산격동 1312-74,산격동 1312-74,산격동,1,35.8952922,128.6093878
2021,대구광역시 북구 산격동 1314-7,산격동 1314-7,산격동,1,35.8937299,128.6087413
2021,대구광역시 북구 산격동 1315-21,산격동 1315-21,산격동,6,35.8948399,128.6118582
2021,대구광역시 북구 산격동 1318-3,산격동 1318-3,산격동,3,35.8946764,128.6117005
2021,대구광역시 북구 산격동 1319-1,산격동 1319-1,산격동,9,35.893633,128.6103124
2021,대구광역시 북구 산격동 1331-6,산격동 1331-6,산격동,1,35.8937747,128.6097069
2021,대구광역시 북구 산격동 1332-3,산격동 1332-3,산격동,1,35.8934572,128.60998
2021,대구광역시 북구 산격동 1339,산격동 1339,산격동,1,35.8925271,128.608923
2021,대구광역시 북구 산격동 1346,산격동 1346,산격동,12,35.892228,128.6088169
2021,대구광역시 북구 산격동 1370-1,산격동 1370-1,산격동,1,35.8908861,128.609788
2021,대구광역시 북구 산격동 1382-53,산격동 1382-53,산격동,1,35.8883936,128.6031926
2021,대구광역시 북구 산격동 1393,산격동 1393,산격동,3,35.8932511,128.6085537
2021,대구광역시 북구 산격동 1393-11,산격동 1393-11,산격동,1,35.8926823,128.6087329
2021,대구광역시 북구 산격동 1393-27,산격동 1393-27,산격동,1,35.8934856,128.6084798
2021,대구광역시 북구 산격동 1397-11,산격동 1397-11,산격동,1,35.8927243,128.6079708
2021,대구광역시 북구 산격동 1399-11,산격동 1399-11,산격동,3,35.8921717,128.6082784
2021,대구광역시 북구 산격동 1399-2,산격동 1399-2,산격동,1,35.8923308,128.6084284
2021,대구광역시 북구 산격동 1399-5,산격동 1399-5,산격동,3,35.8920902,128.6084299
2021,대구광역시 북구 산격동 1399-9,산격동 1399-9,산격동,1,35.8923427,128.6086502
2021,대구광역시 북구 산격동 14-19,산격동 14-19,산격동,1,35.9122154,128.6057022
2021,대구광역시 북구 산격동 14-45,산격동 14-45,산격동,1,35.9115962,128.6048079
2021,대구광역시 북구 산격동 14-75,산격동 14-75,산격동,1,35.9107899,128.6053763
2021,대구광역시 북구 산격동 1400-12,산격동 1400-12,산격동,3,35.8924454,128.6077534
2021,대구광역시 북구 산격동 1400-13,산격동 1400-13,산격동,6,35.8918544,128.6079309
2021,대구광역시 북구 산격동 1400-20,산격동 1400-20,산격동,1,35.8921097,128.6080664
2021,대구광역시 북구 산격동 1400-3,산격동 1400-3,산격동,5,35.8919303,128.6077437
2021,대구광역시 북구 산격동 1406-58,산격동 1406-58,산격동,1,35.8958132,128.6070039
2021,대구광역시 북구 산격동 1407-11,산격동 1407-11,산격동,1,35.8951597,128.6075645
2021,대구광역시 북구 산격동 1407-16,산격동 1407-16,산격동,5,35.8950302,128.6075657
2021,대구광역시 북구 산격동 1408-36,산격동 1408-36,산격동,2,35.8958205,128.6054214
2021,대구광역시 북구 산격동 1409,산격동 1409,산격동,2,35.8944233,128.606962
2021,대구광역시 북구 산격동 1409-35,산격동 1409-35,산격동,1,35.8937671,128.6065075
2021,대구광역시 북구 산격동 1409-39,산격동 1409-39,산격동,2,35.8938207,128.6063453
2021,대구광역시 북구 산격동 1410-1,산격동 1410-1,산격동,1,35.8947182,128.6058147
2021,대구광역시 북구 산격동 1410-4,산격동 1410-4,산격동,4,35.8944121,128.6056448
2021,대구광역시 북구 산격동 1411-21,산격동 1411-21,산격동,1,35.8935027,128.6063762
2021,대구광역시 북구 산격동 1411-25,산격동 1411-25,산격동,1,35.893519,128.6060125
2021,대구광역시 북구 산격동 1411-56,산격동 1411-56,산격동,2,35.8935844,128.6060166
2021,대구광역시 북구 산격동 1412-1,산격동 1412-1,산격동,1,35.892939,128.6073303
2021,대구광역시 북구 산격동 1412-34,산격동 1412-34,산격동,1,35.8927534,128.6075376
2021,대구광역시 북구 산격동 1413,산격동 1413,산격동,1,35.8935439,128.6057908
2021,대구광역시 북구 산격동 1413-6,산격동 1413-6,산격동,1,35.8926841,128.6058044
2021,대구광역시 북구 산격동 1414-53,산격동 1414-53,산격동,1,35.892124,128.6073252
2021,대구광역시 북구 산격동 1416-14,산격동 1416-14,산격동,2,35.8916194,128.6071349
2021,대구광역시 북구 산격동 1416-44,산격동 1416-44,산격동,11,35.8916559,128.6075258
2021,대구광역시 북구 산격동 1416-45,산격동 1416-45,산격동,7,35.8915946,128.6073642
2021,대구광역시 북구 산격동 1416-49,산격동 1416-49,산격동,3,35.8918184,128.6075263
2021,대구광역시 북구 산격동 1416-58,산격동 1416-58,산격동,2,35.8916981,128.6072822
2021,대구광역시 북구 산격동 1416-6,산격동 1416-6,산격동,1,35.8917259,128.6071608
2021,대구광역시 북구 산격동 1416-60,산격동 1416-60,산격동,1,35.8916189,128.6070018
2021,대구광역시 북구 산격동 1417,산격동 1417,산격동,1,35.8914756,128.6069872
2021,대구광역시 북구 산격동 1417-5,산격동 1417-5,산격동,15,35.8913104,128.6069343
2021,대구광역시 북구 산격동 1418-10,산격동 1418-10,산격동,1,35.892337,128.6053829
2021,대구광역시 북구 산격동 1419,산격동 1419,산격동,4,35.8908892,128.6061475
2021,대구광역시 북구 산격동 1419-1,산격동 1419-1,산격동,1,35.8910096,128.6060065
2021,대구광역시 북구 산격동 1420-18,산격동 1420-18,산격동,1,35.8908191,128.6053587
2021,대구광역시 북구 산격동 1421-18,산격동 1421-18,산격동,1,35.8919767,128.6053586
2021,대구광역시 북구 산격동 1422-1,산격동 1422-1,산격동,4,35.8957222,128.6050452
2021,대구광역시 북구 산격동 1422-26,산격동 1422-26,산격동,1,35.8958437,128.6049288
2021,대구광역시 북구 산격동 1422-29,산격동 1422-29,산격동,1,35.8958445,128.6047936
2021,대구광역시 북구 산격동 1422-32,산격동 1422-32,산격동,1,35.8957831,128.6048819
2021,대구광역시 북구 산격동 1422-40,산격동 1422-40,산격동,2,35.8957682,128.605046
2021,대구광역시 북구 산격동 1424-48,산격동 1424-48,산격동,2,35.895091,128.6030135
2021,대구광역시 북구 산격동 1424-50,산격동 1424-50,산격동,2,35.8952341,128.6030134
2021,대구광역시 북구 산격동 1425-54,산격동 1425-54,산격동,1,35.8943109,128.6050691
2021,대구광역시 북구 산격동 1425-9,산격동 1425-9,산격동,1,35.8942048,128.6046919
2021,대구광역시 북구 산격동 1426-18,산격동 1426-18,산격동,1,35.8941839,128.6044361
2021,대구광역시 북구 산격동 1427-1,산격동 1427-1,산격동,8,35.893644,128.6034382
2021,대구광역시 북구 산격동 1428,산격동 1428,산격동,1,35.8947785,128.6033335
2021,대구광역시 북구 산격동 1428-12,산격동 1428-12,산격동,1,35.8948122,128.602998
2021,대구광역시 북구 산격동 1429-17,산격동 1429-17,산격동,1,35.8926594,128.6046332
2021,대구광역시 북구 산격동 1429-32,산격동 1429-32,산격동,1,35.8934194,128.6049094
2021,대구광역시 북구 산격동 1430-47,산격동 1430-47,산격동,1,35.8926712,128.6044219
2021,대구광역시 북구 산격동 1433-15,산격동 1433-15,산격동,1,35.8923884,128.6046041
2021,대구광역시 북구 산격동 1433-38,산격동 1433-38,산격동,1,35.892308,128.6050263
2021,대구광역시 북구 산격동 1437-101,산격동 1437-101,산격동,1,35.8944529,128.6024102
2021,대구광역시 북구 산격동 1437-175,산격동 1437-175,산격동,3,35.8945982,128.6028084
2021,대구광역시 북구 산격동 1437-79,산격동 1437-79,산격동,1,35.8945328,128.6024099
2021,대구광역시 북구 산격동 1440-1,산격동 1440-1,산격동,1,35.894472,128.6026802
2021,대구광역시 북구 산격동 1440-11,산격동 1440-11,산격동,1,35.894327,128.602765
2021,대구광역시 북구 산격동 1440-12,산격동 1440-12,산격동,1,35.8943448,128.6027781
2021,대구광역시 북구 산격동 1440-5,산격동 1440-5,산격동,4,35.8943888,128.6026678
2021,대구광역시 북구 산격동 1440-6,산격동 1440-6,산격동,1,35.894338,128.6025584
2021,대구광역시 북구 산격동 1440-9,산격동 1440-9,산격동,5,35.8944827,128.6027936
2021,대구광역시 북구 산격동 1441-1,산격동 1441-1,산격동,1,35.8891733,128.6017619
2021,대구광역시 북구 산격동 1444-1,산격동 1444-1,산격동,16,35.8902659,128.6010649
2021,대구광역시 북구 산격동 1449-11,산격동 1449-11,산격동,5,35.8934492,128.6027887
2021,대구광역시 북구 산격동 1449-4,산격동 1449-4,산격동,17,35.8915756,128.6022322
2021,대구광역시 북구 산격동 1457-2,산격동 1457-2,산격동,1,35.8900332,128.5999722
2021,대구광역시 북구 산격동 1468,산격동 1468,산격동,1,35.9013498,128.6138662
2021,대구광역시 북구 산격동 1477-1,산격동 1477-1,산격동,2,35.9096178,128.6038143
2021,대구광역시 북구 산격동 1477-12,산격동 1477-12,산격동,1,35.9087048,128.6044738
2021,대구광역시 북구 산격동 1482-1,산격동 1482-1,산격동,1,35.9025828,128.6027176
2021,대구광역시 북구 산격동 1485,산격동 1485,산격동,141,35.8981657,128.6090514
2021,대구광역시 북구 산격동 1490,산격동 1490,산격동,2,35.8922996,128.6042992
2021,대구광역시 북구 산격동 1490-21,산격동 1490-21,산격동,1,35.8921543,128.6040494
2021,대구광역시 북구 산격동 1497-39,산격동 1497-39,산격동,1,35.8921379,128.6034976
2021,대구광역시 북구 산격동 1497-45,산격동 1497-45,산격동,1,35.8925062,128.6036851
2021,대구광역시 북구 산격동 1497-7,산격동 1497-7,산격동,1,35.8924391,128.6035633
2021,대구광역시 북구 산격동 1498,산격동 1498,산격동,2,35.8924438,128.6032389
2021,대구광역시 북구 산격동 1498-1,산격동 1498-1,산격동,1,35.8923894,128.6030063
2021,대구광역시 북구 산격동 1498-138,산격동 1498-138,산격동,1,35.8920678,128.6029147
2021,대구광역시 북구 산격동 1498-2,산격동 1498-2,산격동,1,35.8921716,128.6029771
2021,대구광역시 북구 산격동 1499,산격동 1499,산격동,12,35.8927872,128.6089143
2021,대구광역시 북구 산격동 1499-1,산격동 1499-1,산격동,136,35.8939345,128.6088607
2021,대구광역시 북구 산격동 1499-2,산격동 1499-2,산격동,90,35.8931874,128.6052191
2021,대구광역시 북구 산격동 1499-3,산격동 1499-3,산격동,32,35.892755,128.604527
2021,대구광역시 북구 산격동 1499-4,산격동 1499-4,산격동,1,35.8898735,128.6036177
2021,대구광역시 북구 산격동 1502-3,산격동 1502-3,산격동,1,35.8895115,128.6033228
2021,대구광역시 북구 산격동 1502-5,산격동 1502-5,산격동,1,35.8899256,128.6039325
2021,대구광역시 북구 산격동 1510-60,산격동 1510-60,산격동,2,35.8919897,128.5953137
2021,대구광역시 북구 산격동 1514,산격동 1514,산격동,2,35.8951609,128.5962169
2021,대구광역시 북구 산격동 1519-1,산격동 1519-1,산격동,2,35.8926472,128.593302
2021,대구광역시 북구 산격동 1543,산격동 1543,산격동,1,35.9017718,128.6159259
2021,대구광역시 북구 산격동 1545-1,산격동 1545-1,산격동,1,35.9086967,128.6064179
2021,대구광역시 북구 산격동 1559,산격동 1559,산격동,22,35.9087757,128.6069614
2021,대구광역시 북구 산격동 1560,산격동 1560,산격동,1,35.9111135,128.6119645
2021,대구광역시 북구 산격동 1571,산격동 1571,산격동,1,35.9108504,128.6132897
2021,대구광역시 북구 산격동 1574,산격동 1574,산격동,1,35.9102402,128.614367
2021,대구광역시 북구 산격동 1576,산격동 1576,산격동,1,35.9097299,128.6127323
2021,대구광역시 북구 산격동 1577,산격동 1577,산격동,2,35.9100154,128.6122797
2021,대구광역시 북구 산격동 1579-2,산격동 1579-2,산격동,3,35.9085751,128.6114953
2021,대구광역시 북구 산격동 1607,산격동 1607,산격동,1,35.908645,128.6093004
2021,대구광역시 북구 산격동 1615,산격동 1615,산격동,1,35.9081485,128.6083581
2021,대구광역시 북구 산격동 1616,산격동 1616,산격동,2,35.9077027,128.6079693
2021,대구광역시 북구 산격동 1618,산격동 1618,산격동,1,35.9080829,128.6087827
2021,대구광역시 북구 산격동 1620,산격동 1620,산격동,6,35.9075068,128.6088084
2021,대구광역시 북구 산격동 1621,산격동 1621,산격동,3,35.9071136,128.6068521
2021,대구광역시 북구 산격동 1624,산격동 1624,산격동,1,35.9060284,128.6049452
2021,대구광역시 북구 산격동 1628,산격동 1628,산격동,24,35.9066285,128.6086569
2021,대구광역시 북구 산격동 1636,산격동 1636,산격동,24,35.9057249,128.6129741
2021,대구광역시 북구 산격동 1664,산격동 1664,산격동,6,35.9053828,128.6091415
2021,대구광역시 북구 산격동 1666,산격동 1666,산격동,7,35.9057025,128.6082889
2021,대구광역시 북구 산격동 1667,산격동 1667,산격동,1,35.9063133,128.6096437
2021,대구광역시 북구 산격동 1669,산격동 1669,산격동,4,35.9062624,128.6109816
2021,대구광역시 북구 산격동 167,산격동 167,산격동,5,35.9054776,128.6131464
2021,대구광역시 북구 산격동 1670,산격동 1670,산격동,1,35.9061927,128.6117973
2021,대구광역시 북구 산격동 1671,산격동 1671,산격동,2,35.9056451,128.6118402
2021,대구광역시 북구 산격동 1672,산격동 1672,산격동,1,35.9058197,128.6122279
2021,대구광역시 북구 산격동 1673,산격동 1673,산격동,10,35.9066759,128.6119482
2021,대구광역시 북구 산격동 1674,산격동 1674,산격동,8,35.9070038,128.6112874
2021,대구광역시 북구 산격동 1676,산격동 1676,산격동,7,35.9071728,128.6129712
2021,대구광역시 북구 산격동 1701,산격동 1701,산격동,1,35.9086601,128.6152513
2021,대구광역시 북구 산격동 1715,산격동 1715,산격동,3,35.9086352,128.6159515
2021,대구광역시 북구 산격동 172-1,산격동 172-1,산격동,4,35.9044033,128.6134013
2021,대구광역시 북구 산격동 172-17,산격동 172-17,산격동,1,35.9016271,128.6145988
2021,대구광역시 북구 산격동 172-5,산격동 172-5,산격동,57,35.9031861,128.6135016
2021,대구광역시 북구 산격동 1728,산격동 1728,산격동,11,35.906947,128.6168915
2021,대구광역시 북구 산격동 1737,산격동 1737,산격동,1,35.9065818,128.6164655
2021,대구광역시 북구 산격동 1743,산격동 1743,산격동,2,35.9060305,128.6163346
2021,대구광역시 북구 산격동 1756,산격동 1756,산격동,1,35.9112175,128.6150806
2021,대구광역시 북구 산격동 1773,산격동 1773,산격동,21,35.9092464,128.6166879
2021,대구광역시 북구 산격동 1782,산격동 1782,산격동,1,35.9086803,128.616431
2021,대구광역시 북구 산격동 179-4,산격동 179-4,산격동,1,35.9050441,128.6121081
2021,대구광역시 북구 산격동 1797,산격동 1797,산격동,1,35.9072077,128.6172309
2021,대구광역시 북구 산격동 1803,산격동 1803,산격동,6,35.9071142,128.6174548
2021,대구광역시 북구 산격동 1804,산격동 1804,산격동,1,35.9078712,128.6172268
2021,대구광역시 북구 산격동 1805,산격동 1805,산격동,2,35.9078915,128.6174646
2021,대구광역시 북구 산격동 1808,산격동 1808,산격동,1,35.9076367,128.6176459
2021,대구광역시 북구 산격동 1817,산격동 1817,산격동,5,35.9062928,128.6181121
2021,대구광역시 북구 산격동 1820,산격동 1820,산격동,2,35.9059224,128.6176184
2021,대구광역시 북구 산격동 1838,산격동 1838,산격동,2,35.9017681,128.6079869
2021,대구광역시 북구 산격동 316-42,산격동 316-42,산격동,6,35.9084825,128.6042016
2021,대구광역시 북구 산격동 316-7,산격동 316-7,산격동,1,35.9093899,128.6049911
2021,대구광역시 북구 산격동 321-10,산격동 321-10,산격동,1,35.9083978,128.6059699
2021,대구광역시 북구 산격동 418-1,산격동 418-1,산격동,1,35.9036889,128.608964
2021,대구광역시 북구 산격동 451,산격동 451,산격동,1,35.90397,128.6124066
2021,대구광역시 북구 산격동 462-20,산격동 462-20,산격동,1,35.9030937,128.6132446
2021,대구광역시 북구 산격동 478-15,산격동 478-15,산격동,1,35.9021105,128.6132852
2021,대구광역시 북구 산격동 478-18,산격동 478-18,산격동,1,35.9023782,128.6137583
2021,대구광역시 북구 산격동 478-32,산격동 478-32,산격동,1,35.9026524,128.6132474
2021,대구광역시 북구 산격동 480-2,산격동 480-2,산격동,1,35.9015201,128.613748
2021,대구광역시 북구 산격동 481,산격동 481,산격동,2,35.9020615,128.6134215
2021,대구광역시 북구 산격동 485-27,산격동 485-27,산격동,2,35.9014623,128.6146754
2021,대구광역시 북구 산격동 487-31,산격동 487-31,산격동,1,35.9012661,128.6157406
2021,대구광역시 북구 산격동 488-20,산격동 488-20,산격동,1,35.9005456,128.6147408
2021,대구광역시 북구 산격동 489-19,산격동 489-19,산격동,1,35.9004974,128.6152223
2021,대구광역시 북구 산격동 489-21,산격동 489-21,산격동,1,35.9002332,128.6151788
2021,대구광역시 북구 산격동 492-47,산격동 492-47,산격동,1,35.8980569,128.6147495
2021,대구광역시 북구 산격동 493,산격동 493,산격동,2,35.9003121,128.6131565
2021,대구광역시 북구 산격동 497-38,산격동 497-38,산격동,1,35.8995702,128.6134764
2021,대구광역시 북구 산격동 500-1,산격동 500-1,산격동,8,35.9007239,128.6109805
2021,대구광역시 북구 산격동 500-108,산격동 500-108,산격동,1,35.8994927,128.6124262
2021,대구광역시 북구 산격동 500-130,산격동 500-130,산격동,2,35.9019772,128.6092759
2021,대구광역시 북구 산격동 500-136,산격동 500-136,산격동,3,35.9025125,128.6089105
2021,대구광역시 북구 산격동 500-162,산격동 500-162,산격동,2,35.8991201,128.6129766
2021,대구광역시 북구 산격동 500-48,산격동 500-48,산격동,9,35.8988861,128.6121631
2021,대구광역시 북구 산격동 502-13,산격동 502-13,산격동,1,35.9018603,128.6119735
2021,대구광역시 북구 산격동 505-6,산격동 505-6,산격동,1,35.9013027,128.6077909
2021,대구광역시 북구 산격동 506-1,산격동 506-1,산격동,1,35.9020302,128.6061562
2021,대구광역시 북구 산격동 527,산격동 527,산격동,1,35.9008472,128.6049584
2021,대구광역시 북구 산격동 539-26,산격동 539-26,산격동,1,35.8979267,128.6145157
2021,대구광역시 북구 산격동 610,산격동 610,산격동,1,35.9061876,128.6025764
2021,대구광역시 북구 산격동 610-1,산격동 610-1,산격동,2,35.9067124,128.6023343
2021,대구광역시 북구 산격동 660-4,산격동 660-4,산격동,1,35.9019864,128.597844
2021,대구광역시 북구 산격동 664-5,산격동 664-5,산격동,1,35.9026303,128.5980676
2021,대구광역시 북구 산격동 679-3,산격동 679-3,산격동,1,35.9049301,128.60008
2021,대구광역시 북구 산격동 705-1,산격동 705-1,산격동,1,35.9032101,128.5967483
2021,대구광역시 북구 산격동 707,산격동 707,산격동,1,35.9029852,128.5964957
2021,대구광역시 북구 산격동 755-14,산격동 755-14,산격동,4,35.9014561,128.5963545
2021,대구광역시 북구 산격동 758-3,산격동 758-3,산격동,2,35.9013933,128.5947578
2021,대구광역시 북구 산격동 794-25,산격동 794-25,산격동,1,35.8954564,128.5940745
2021,대구광역시 북구 산격동 799-1,산격동 799-1,산격동,1,35.896987,128.5952302
2021,대구광역시 북구 산격동 829-1,산격동 829-1,산격동,1,35.8957168,128.5949582
2021,대구광역시 북구 산격동 984-7,산격동 984-7,산격동,1,35.8920857,128.5962054
2021,대구광역시 북구 산격동 산 10-4,산격동 산 10-4,산격동,3,35.9042575,128.6134556
2021,대구광역시 북구 산격동 산 120-8,산격동 산 120-8,산격동,1,35.8943248,128.6028141
2021,대구광역시 북구 산격동 산 124-13,산격동 산 124-13,산격동,1,35.8898172,128.6001671
2021,대구광역시 북구 산격동 산 17-7,산격동 산 17-7,산격동,1,35.8993443,128.602826
2021,대구광역시 북구 산격동 산 63-7,산격동 산 63-7,산격동,1,35.8993966,128.603538
2021,대구광역시 북구 산격동 산 71-12,산격동 산 71-12,산격동,10,35.8982624,128.6014203
2021,대구광역시 북구 산격동 산 71-14,산격동 산 71-14,산격동,5,35.8982669,128.601257
2021,대구광역시 북구 산격동 산 74-16,산격동 산 74-16,산격동,1,35.8982297,128.6010505
2021,대구광역시 북구 산격동 산 74-2,산격동 산 74-2,산격동,1,35.8978295,128.6011993
2021,대구광역시 북구 산격동 산 76-3,산격동 산 76-3,산격동,1,35.8967399,128.6001675
2021,대구광역시 북구 산격동 산 9-1,산격동 산 9-1,산격동,1,35.9049502,128.6143933
2021,대구광역시 북구 서변동 1000-3,서변동 1000-3,서변동,1,35.922329,128.5955502
2021,대구광역시 북구 서변동 1148,서변동 1148,서변동,4,35.9220606,128.5949179
2021,대구광역시 북구 서변동 1148-1,서변동 1148-1,서변동,28,35.9220928,128.5950612
2021,대구광역시 북구 서변동 1149-2,서변동 1149-2,서변동,1,35.9220174,128.5952133
2021,대구광역시 북구 서변동 12,서변동 12,서변동,1,35.9386654,128.6104134
2021,대구광역시 북구 서변동 124,서변동 124,서변동,2,35.9310344,128.5988294
2021,대구광역시 북구 서변동 1290-4,서변동 1290-4,서변동,1,35.9100472,128.59502
2021,대구광역시 북구 서변동 1489-14,서변동 1489-14,서변동,1,35.9102116,128.59872
2021,대구광역시 북구 서변동 1630-1,서변동 1630-1,서변동,1,35.9174815,128.5999524
2021,대구광역시 북구 서변동 1630-267,서변동 1630-267,서변동,1,35.9298524,128.6014089
2021,대구광역시 북구 서변동 1630-268,서변동 1630-268,서변동,2,35.9345274,128.6068958
2021,대구광역시 북구 서변동 1630-300,서변동 1630-300,서변동,1,35.9313511,128.6026453
2021,대구광역시 북구 서변동 1634-1,서변동 1634-1,서변동,1,35.9393328,128.6037009
2021,대구광역시 북구 서변동 1668-1,서변동 1668-1,서변동,1,35.9252201,128.5942033
2021,대구광역시 북구 서변동 1679-1,서변동 1679-1,서변동,12,35.9223253,128.5949785
2021,대구광역시 북구 서변동 1721,서변동 1721,서변동,64,35.9254567,128.5948493
2021,대구광역시 북구 서변동 1725,서변동 1725,서변동,3,35.9277225,128.5961379
2021,대구광역시 북구 서변동 1726,서변동 1726,서변동,182,35.9218766,128.5966313
2021,대구광역시 북구 서변동 1727,서변동 1727,서변동,1,35.9273591,128.5964939
2021,대구광역시 북구 서변동 1727-7,서변동 1727-7,서변동,1,35.9267332,128.5966585
2021,대구광역시 북구 서변동 1728-3,서변동 1728-3,서변동,1,35.9273322,128.5962231
2021,대구광역시 북구 서변동 1728-8,서변동 1728-8,서변동,3,35.9271879,128.5956906
2021,대구광역시 북구 서변동 1729-7,서변동 1729-7,서변동,1,35.9267798,128.5960577
2021,대구광역시 북구 서변동 1730,서변동 1730,서변동,2,35.92616,128.5956438
2021,대구광역시 북구 서변동 1731,서변동 1731,서변동,8,35.926677,128.5961149
2021,대구광역시 북구 서변동 1733-10,서변동 1733-10,서변동,1,35.9245799,128.5950189
2021,대구광역시 북구 서변동 1733-6,서변동 1733-6,서변동,1,35.9249286,128.5949003
2021,대구광역시 북구 서변동 1733-9,서변동 1733-9,서변동,1,35.9246172,128.5948489
2021,대구광역시 북구 서변동 1737,서변동 1737,서변동,3,35.9250407,128.5957435
2021,대구광역시 북구 서변동 1738-10,서변동 1738-10,서변동,1,35.9245506,128.5965429
2021,대구광역시 북구 서변동 1738-8,서변동 1738-8,서변동,1,35.9246615,128.5963516
2021,대구광역시 북구 서변동 1738-9,서변동 1738-9,서변동,1,35.9245545,128.5963484
2021,대구광역시 북구 서변동 1739,서변동 1739,서변동,1,35.9243103,128.5964268
2021,대구광역시 북구 서변동 1739-14,서변동 1739-14,서변동,1,35.9241623,128.5965605
2021,대구광역시 북구 서변동 1740-5,서변동 1740-5,서변동,3,35.9230668,128.5962333
2021,대구광역시 북구 서변동 1741-5,서변동 1741-5,서변동,1,35.9226819,128.5963385
2021,대구광역시 북구 서변동 1741-7,서변동 1741-7,서변동,3,35.9226873,128.5960532
2021,대구광역시 북구 서변동 1742,서변동 1742,서변동,1,35.922458,128.5959564
2021,대구광역시 북구 서변동 1742-12,서변동 1742-12,서변동,3,35.9221844,128.5964496
2021,대구광역시 북구 서변동 1742-4,서변동 1742-4,서변동,1,35.9223156,128.5964534
2021,대구광역시 북구 서변동 1742-7,서변동 1742-7,서변동,2,35.9223273,128.5959203
2021,대구광역시 북구 서변동 1742-8,서변동 1742-8,서변동,7,35.9221943,128.5958542
2021,대구광역시 북구 서변동 1743,서변동 1743,서변동,34,35.9227717,128.5959395
2021,대구광역시 북구 서변동 1744,서변동 1744,서변동,63,35.9196723,128.5945799
2021,대구광역시 북구 서변동 1747,서변동 1747,서변동,6,35.9215437,128.5953439
2021,대구광역시 북구 서변동 1748,서변동 1748,서변동,8,35.9215689,128.5960609
2021,대구광역시 북구 서변동 1749,서변동 1749,서변동,2,35.9205763,128.5949687
2021,대구광역시 북구 서변동 1750,서변동 1750,서변동,5,35.9210032,128.5957039
2021,대구광역시 북구 서변동 1751-8,서변동 1751-8,서변동,1,35.920118,128.596186
2021,대구광역시 북구 서변동 1752,서변동 1752,서변동,23,35.9204485,128.5960416
2021,대구광역시 북구 서변동 1755-8,서변동 1755-8,서변동,4,35.9191593,128.5958954
2021,대구광역시 북구 서변동 1756-6,서변동 1756-6,서변동,2,35.9192674,128.5961782
2021,대구광역시 북구 서변동 1757,서변동 1757,서변동,13,35.9193228,128.5955766
2021,대구광역시 북구 서변동 1759-5,서변동 1759-5,서변동,4,35.9183979,128.5961824
2021,대구광역시 북구 서변동 1759-9,서변동 1759-9,서변동,1,35.9187174,128.5963747
2021,대구광역시 북구 서변동 1761,서변동 1761,서변동,3,35.9186068,128.5960283
2021,대구광역시 북구 서변동 1762-8,서변동 1762-8,서변동,1,35.9180524,128.5964007
2021,대구광역시 북구 서변동 1764,서변동 1764,서변동,1,35.917514,128.5962895
2021,대구광역시 북구 서변동 1766,서변동 1766,서변동,8,35.9265113,128.5977294
2021,대구광역시 북구 서변동 1768,서변동 1768,서변동,1,35.9257025,128.5978798
2021,대구광역시 북구 서변동 1769,서변동 1769,서변동,15,35.9250714,128.597799
2021,대구광역시 북구 서변동 1770,서변동 1770,서변동,1,35.9250919,128.5988049
2021,대구광역시 북구 서변동 1771,서변동 1771,서변동,138,35.9217709,128.598433
2021,대구광역시 북구 서변동 1772,서변동 1772,서변동,4,35.9236538,128.5976389
2021,대구광역시 북구 서변동 1775,서변동 1775,서변동,3,35.922087,128.5975459
2021,대구광역시 북구 서변동 1776,서변동 1776,서변동,1,35.9213158,128.5967932
2021,대구광역시 북구 서변동 1779,서변동 1779,서변동,2,35.9243055,128.5986472
2021,대구광역시 북구 서변동 1779-1,서변동 1779-1,서변동,3,35.9241545,128.598646
2021,대구광역시 북구 서변동 1779-10,서변동 1779-10,서변동,1,35.9229132,128.5990181
2021,대구광역시 북구 서변동 1779-11,서변동 1779-11,서변동,1,35.9228889,128.5986892
2021,대구광역시 북구 서변동 1780-1,서변동 1780-1,서변동,1,35.9238127,128.5986478
2021,대구광역시 북구 서변동 1780-6,서변동 1780-6,서변동,1,35.9232246,128.5986453
2021,대구광역시 북구 서변동 1781,서변동 1781,서변동,4,35.9235623,128.5988171
2021,대구광역시 북구 서변동 1782,서변동 1782,서변동,1,35.9227892,128.5988496
2021,대구광역시 북구 서변동 1783,서변동 1783,서변동,3,35.9226921,128.5986909
2021,대구광역시 북구 서변동 1784-2,서변동 1784-2,서변동,1,35.9222361,128.5986476
2021,대구광역시 북구 서변동 1784-6,서변동 1784-6,서변동,1,35.9217697,128.5986534
2021,대구광역시 북구 서변동 1786,서변동 1786,서변동,3,35.9213423,128.5988312
2021,대구광역시 북구 서변동 1787,서변동 1787,서변동,7,35.9208333,128.5988226
2021,대구광역시 북구 서변동 1787-1,서변동 1787-1,서변동,1,35.9205943,128.5989781
2021,대구광역시 북구 서변동 1787-10,서변동 1787-10,서변동,4,35.9191905,128.5986533
2021,대구광역시 북구 서변동 1787-11,서변동 1787-11,서변동,2,35.9193502,128.5986532
2021,대구광역시 북구 서변동 1787-2,서변동 1787-2,서변동,2,35.9204386,128.5989782
2021,대구광역시 북구 서변동 1787-9,서변동 1787-9,서변동,1,35.919272,128.5989343
2021,대구광역시 북구 서변동 1788,서변동 1788,서변동,1,35.9205292,128.5986466
2021,대구광역시 북구 서변동 1788-2,서변동 1788-2,서변동,1,35.9202572,128.5986468
2021,대구광역시 북구 서변동 1788-4,서변동 1788-4,서변동,1,35.9199866,128.5986458
2021,대구광역시 북구 서변동 1788-7,서변동 1788-7,서변동,1,35.9195787,128.5986428
2021,대구광역시 북구 서변동 1789,서변동 1789,서변동,9,35.9200529,128.5987617
2021,대구광역시 북구 서변동 1793,서변동 1793,서변동,16,35.9200137,128.5976001
2021,대구광역시 북구 서변동 1794,서변동 1794,서변동,1,35.9194602,128.5969332
2021,대구광역시 북구 서변동 1795,서변동 1795,서변동,39,35.9178283,128.5978175
2021,대구광역시 북구 서변동 1801,서변동 1801,서변동,30,35.9211153,128.5991864
2021,대구광역시 북구 서변동 510,서변동 510,서변동,1,35.9295702,128.597385
2021,대구광역시 북구 서변동 847,서변동 847,서변동,1,35.9276249,128.5956299
2021,대구광역시 북구 서변동 941,서변동 941,서변동,1,35.9242516,128.5961114
2021,대구광역시 북구 서변동 954-1,서변동 954-1,서변동,1,35.923294,128.5959754
2021,대구광역시 북구 서변동 970,서변동 970,서변동,1,35.9226996,128.5954762
2021,대구광역시 북구 서변동 974-4,서변동 974-4,서변동,1,35.9226992,128.5957395
2021,대구광역시 북구 서변동 산 30-1,서변동 산 30-1,서변동,1,35.9142179,128.5926971
2021,대구광역시 북구 서변동 산 52-1,서변동 산 52-1,서변동,1,35.9178761,128.5866803
2021,대구광역시 북구 연경동 1003,연경동 1003,연경동,1,35.9455604,128.6230403
2021,대구광역시 북구 연경동 1008,연경동 1008,연경동,1,35.9443164,128.6202814
2021,대구광역시 북구 연경동 1018,연경동 1018,연경동,1,35.9444501,128.6185865
2021,대구광역시 북구 연경동 1032-10,연경동 1032-10,연경동,1,35.9437909,128.6189466
2021,대구광역시 북구 연경동 1036,연경동 1036,연경동,1,35.9428243,128.6184373
2021,대구광역시 북구 연경동 1037-1,연경동 1037-1,연경동,1,35.942875,128.6185425
2021,대구광역시 북구 연경동 1038,연경동 1038,연경동,3,35.9431433,128.6199772
2021,대구광역시 북구 연경동 1040-4,연경동 1040-4,연경동,1,35.9431052,128.6198307
2021,대구광역시 북구 연경동 1046,연경동 1046,연경동,1,35.9435111,128.6204642
2021,대구광역시 북구 연경동 1047,연경동 1047,연경동,1,35.9433147,128.6200489
2021,대구광역시 북구 연경동 1047-1,연경동 1047-1,연경동,1,35.9431762,128.6201113
2021,대구광역시 북구 연경동 1048,연경동 1048,연경동,2,35.9429293,128.6200251
2021,대구광역시 북구 연경동 1049,연경동 1049,연경동,14,35.9427625,128.6199904
2021,대구광역시 북구 연경동 1050,연경동 1050,연경동,3,35.9440743,128.6226992
2021,대구광역시 북구 연경동 1052,연경동 1052,연경동,15,35.9434182,128.6241882
2021,대구광역시 북구 연경동 1055-5,연경동 1055-5,연경동,1,35.94329,128.6234416
2021,대구광역시 북구 연경동 1056,연경동 1056,연경동,2,35.9430951,128.6232026
2021,대구광역시 북구 연경동 1057,연경동 1057,연경동,2,35.9430137,128.623053
2021,대구광역시 북구 연경동 1058,연경동 1058,연경동,2,35.9434275,128.6237027
2021,대구광역시 북구 연경동 1059-6,연경동 1059-6,연경동,1,35.9437941,128.624321
2021,대구광역시 북구 연경동 1059-7,연경동 1059-7,연경동,1,35.9438581,128.6241881
2021,대구광역시 북구 연경동 1063,연경동 1063,연경동,1,35.9428383,128.623408
2021,대구광역시 북구 연경동 1067,연경동 1067,연경동,1,35.9435015,128.6244079
2021,대구광역시 북구 연경동 1072,연경동 1072,연경동,1,35.9420463,128.6222399
2021,대구광역시 북구 연경동 1073,연경동 1073,연경동,8,35.9430593,128.6244855
2021,대구광역시 북구 연경동 613,연경동 613,연경동,1,35.9405758,128.6158179
2021,대구광역시 북구 연경동 614,연경동 614,연경동,4,35.9404583,128.6158189
2021,대구광역시 북구 연경동 865-7,연경동 865-7,연경동,1,35.940307,128.6202463
2021,대구광역시 북구 연경동 922,연경동 922,연경동,1,35.9477815,128.6155949
2021,대구광역시 북구 연경동 923,연경동 923,연경동,27,35.9478372,128.6162732
2021,대구광역시 북구 연경동 924,연경동 924,연경동,2,35.946303,128.6156549
2021,대구광역시 북구 연경동 926,연경동 926,연경동,1,35.9463807,128.617002
2021,대구광역시 북구 연경동 928,연경동 928,연경동,2,35.9466305,128.6138507
2021,대구광역시 북구 연경동 929,연경동 929,연경동,2,35.9465691,128.6136978
2021,대구광역시 북구 연경동 931,연경동 931,연경동,4,35.9454103,128.6141048
2021,대구광역시 북구 연경동 935,연경동 935,연경동,7,35.9461253,128.6163816
2021,대구광역시 북구 연경동 936,연경동 936,연경동,4,35.9453719,128.6151579
2021,대구광역시 북구 연경동 937,연경동 937,연경동,2,35.9455809,128.615896
2021,대구광역시 북구 연경동 939,연경동 939,연경동,3,35.9456152,128.6174689
2021,대구광역시 북구 연경동 941,연경동 941,연경동,36,35.9472101,128.6174441
2021,대구광역시 북구 연경동 942,연경동 942,연경동,22,35.9435628,128.6146904
2021,대구광역시 북구 연경동 943,연경동 943,연경동,12,35.9441754,128.6165994
2021,대구광역시 북구 연경동 946,연경동 946,연경동,2,35.9435471,128.6174266
2021,대구광역시 북구 연경동 947,연경동 947,연경동,13,35.9431669,128.6156841
2021,대구광역시 북구 연경동 948,연경동 948,연경동,2,35.9425622,128.6148864
2021,대구광역시 북구 연경동 949-1,연경동 949-1,연경동,3,35.9424779,128.6151455
2021,대구광역시 북구 연경동 950,연경동 950,연경동,3,35.9423096,128.6151695
2021,대구광역시 북구 연경동 951,연경동 951,연경동,18,35.9427549,128.6165483
2021,대구광역시 북구 연경동 952-2,연경동 952-2,연경동,1,35.9431316,128.6163052
2021,대구광역시 북구 연경동 952-4,연경동 952-4,연경동,1,35.9427841,128.6159891
2021,대구광역시 북구 연경동 954-1,연경동 954-1,연경동,1,35.9432449,128.6171115
2021,대구광역시 북구 연경동 954-3,연경동 954-3,연경동,1,35.9429467,128.6168038
2021,대구광역시 북구 연경동 955,연경동 955,연경동,3,35.9431299,128.6174794
2021,대구광역시 북구 연경동 956,연경동 956,연경동,2,35.943206,128.6180182
2021,대구광역시 북구 연경동 958,연경동 958,연경동,1,35.9427782,128.6179891
2021,대구광역시 북구 연경동 959,연경동 959,연경동,1,35.9425431,128.6181307
2021,대구광역시 북구 연경동 961,연경동 961,연경동,2,35.9425123,128.6166959
2021,대구광역시 북구 연경동 962,연경동 962,연경동,1,35.9424688,128.6163895
2021,대구광역시 북구 연경동 962-2,연경동 962-2,연경동,3,35.9422842,128.6157176
2021,대구광역시 북구 연경동 962-3,연경동 962-3,연경동,5,35.9421789,128.6153461
2021,대구광역시 북구 연경동 965,연경동 965,연경동,4,35.9415281,128.6132826
2021,대구광역시 북구 연경동 970,연경동 970,연경동,1,35.9422282,128.6138999
2021,대구광역시 북구 연경동 980,연경동 980,연경동,8,35.9408977,128.6132171
2021,대구광역시 북구 연경동 982,연경동 982,연경동,1,35.9397925,128.6120629
2021,대구광역시 북구 연경동 984,연경동 984,연경동,2,35.9407152,128.6133485
2021,대구광역시 북구 연경동 986,연경동 986,연경동,2,35.9413977,128.6147032
2021,대구광역시 북구 연경동 987,연경동 987,연경동,9,35.9403267,128.6139804
2021,대구광역시 북구 연경동 988,연경동 988,연경동,14,35.9410585,128.6154656
2021,대구광역시 북구 연경동 989,연경동 989,연경동,5,35.9412138,128.6155524
2021,대구광역시 북구 연경동 993,연경동 993,연경동,1,35.9419878,128.6187936
2021,대구광역시 북구 연경동 994,연경동 994,연경동,7,35.9413923,128.6170877
2021,대구광역시 북구 연경동 996,연경동 996,연경동,6,35.9473421,128.617555
2021,대구광역시 북구 연경동 997,연경동 997,연경동,4,35.9469914,128.6178186
2021,대구광역시 북구 연경동 산 152,연경동 산 152,연경동,1,35.9343963,128.6119304
2021,대구광역시 북구 읍내동 1074-3,읍내동 1074-3,읍내동,2,35.9375783,128.5530799
2021,대구광역시 북구 읍내동 1171,읍내동 1171,읍내동,7,35.9369192,128.5507232
2021,대구광역시 북구 읍내동 1180-6,읍내동 1180-6,읍내동,1,35.9384072,128.5512641
2021,대구광역시 북구 읍내동 1201-1,읍내동 1201-1,읍내동,2,35.9423787,128.5510155
2021,대구광역시 북구 읍내동 1212,읍내동 1212,읍내동,6,35.9420688,128.5504786
2021,대구광역시 북구 읍내동 1234-125,읍내동 1234-125,읍내동,1,35.9423299,128.5553299
2021,대구광역시 북구 읍내동 1234-126,읍내동 1234-126,읍내동,10,35.9392924,128.5563844
2021,대구광역시 북구 읍내동 1234-149,읍내동 1234-149,읍내동,1,35.9467726,128.5550173
2021,대구광역시 북구 읍내동 1234-155,읍내동 1234-155,읍내동,7,35.9446265,128.5537153
2021,대구광역시 북구 읍내동 1234-157,읍내동 1234-157,읍내동,1,35.9441288,128.5533451
2021,대구광역시 북구 읍내동 1234-159,읍내동 1234-159,읍내동,4,35.9405595,128.5571995
2021,대구광역시 북구 읍내동 1234-169,읍내동 1234-169,읍내동,1,35.9441987,128.553438
2021,대구광역시 북구 읍내동 1234-184,읍내동 1234-184,읍내동,3,35.9459511,128.5544893
2021,대구광역시 북구 읍내동 1234-190,읍내동 1234-190,읍내동,1,35.9477181,128.5553646
2021,대구광역시 북구 읍내동 1234-204,읍내동 1234-204,읍내동,10,35.9515535,128.5566527
2021,대구광역시 북구 읍내동 1234-44,읍내동 1234-44,읍내동,1,35.9439722,128.5534583
2021,대구광역시 북구 읍내동 1235-6,읍내동 1235-6,읍내동,1,35.9536923,128.5543339
2021,대구광역시 북구 읍내동 1236-57,읍내동 1236-57,읍내동,1,35.9510877,128.5534316
2021,대구광역시 북구 읍내동 1236-60,읍내동 1236-60,읍내동,2,35.9513196,128.5526216
2021,대구광역시 북구 읍내동 1236-69,읍내동 1236-69,읍내동,1,35.95071,128.5538737
2021,대구광역시 북구 읍내동 1236-83,읍내동 1236-83,읍내동,1,35.9539701,128.5519992
2021,대구광역시 북구 읍내동 1236-85,읍내동 1236-85,읍내동,1,35.9550144,128.552109
2021,대구광역시 북구 읍내동 1237,읍내동 1237,읍내동,2,35.9506788,128.5529685
2021,대구광역시 북구 읍내동 1240-1,읍내동 1240-1,읍내동,2,35.948462,128.5519964
2021,대구광역시 북구 읍내동 1240-19,읍내동 1240-19,읍내동,1,35.9472967,128.5453695
2021,대구광역시 북구 읍내동 1240-2,읍내동 1240-2,읍내동,3,35.9449009,128.5521911
2021,대구광역시 북구 읍내동 1240-31,읍내동 1240-31,읍내동,1,35.9327966,128.5496498
2021,대구광역시 북구 읍내동 1240-62,읍내동 1240-62,읍내동,1,35.9468079,128.5533046
2021,대구광역시 북구 읍내동 1240-66,읍내동 1240-66,읍내동,11,35.9438912,128.5508738
2021,대구광역시 북구 읍내동 1240-76,읍내동 1240-76,읍내동,1,35.9441511,128.5525292
2021,대구광역시 북구 읍내동 1240-91,읍내동 1240-91,읍내동,2,35.9482863,128.5521507
2021,대구광역시 북구 읍내동 1240-95,읍내동 1240-95,읍내동,1,35.9467682,128.5500214
2021,대구광역시 북구 읍내동 1241-14,읍내동 1241-14,읍내동,1,35.9488835,128.5487429
2021,대구광역시 북구 읍내동 1274,읍내동 1274,읍내동,13,35.947618,128.5471117
2021,대구광역시 북구 읍내동 1275,읍내동 1275,읍내동,12,35.9466157,128.5498573
2021,대구광역시 북구 읍내동 1276,읍내동 1276,읍내동,1,35.947836,128.5478445
2021,대구광역시 북구 읍내동 1276-13,읍내동 1276-13,읍내동,1,35.9477967,128.5480523
2021,대구광역시 북구 읍내동 1278,읍내동 1278,읍내동,6,35.9471122,128.5467321
2021,대구광역시 북구 읍내동 1278-11,읍내동 1278-11,읍내동,1,35.9467179,128.5463002
2021,대구광역시 북구 읍내동 1278-16,읍내동 1278-16,읍내동,1,35.9463408,128.5466637
2021,대구광역시 북구 읍내동 1279,읍내동 1279,읍내동,2,35.94709,128.5477233
2021,대구광역시 북구 읍내동 1280-2,읍내동 1280-2,읍내동,1,35.9474562,128.5479818
2021,대구광역시 북구 읍내동 1281-9,읍내동 1281-9,읍내동,1,35.9467476,128.5472196
2021,대구광역시 북구 읍내동 1282,읍내동 1282,읍내동,7,35.9469414,128.5477724
2021,대구광역시 북구 읍내동 1287-15,읍내동 1287-15,읍내동,1,35.9460082,128.5490443
2021,대구광역시 북구 읍내동 1288,읍내동 1288,읍내동,1,35.9465852,128.5487985
2021,대구광역시 북구 읍내동 1290,읍내동 1290,읍내동,2,35.9459257,128.5489169
2021,대구광역시 북구 읍내동 1295-6,읍내동 1295-6,읍내동,2,35.9458339,128.5480655
2021,대구광역시 북구 읍내동 1296,읍내동 1296,읍내동,3,35.9458858,128.547579
2021,대구광역시 북구 읍내동 1297,읍내동 1297,읍내동,1,35.9463126,128.5469715
2021,대구광역시 북구 읍내동 1297-1,읍내동 1297-1,읍내동,1,35.9462355,128.54705
2021,대구광역시 북구 읍내동 1298,읍내동 1298,읍내동,5,35.9459508,128.5468551
2021,대구광역시 북구 읍내동 1301,읍내동 1301,읍내동,22,35.9450452,128.5488499
2021,대구광역시 북구 읍내동 1302,읍내동 1302,읍내동,12,35.944166,128.5475678
2021,대구광역시 북구 읍내동 1303,읍내동 1303,읍내동,2,35.944157,128.5481803
2021,대구광역시 북구 읍내동 1304,읍내동 1304,읍내동,1,35.9442712,128.5488418
2021,대구광역시 북구 읍내동 1306,읍내동 1306,읍내동,1,35.9440971,128.5499896
2021,대구광역시 북구 읍내동 1307,읍내동 1307,읍내동,1,35.9432134,128.5479392
2021,대구광역시 북구 읍내동 1315,읍내동 1315,읍내동,3,35.9422802,128.5474511
2021,대구광역시 북구 읍내동 1330,읍내동 1330,읍내동,13,35.9378107,128.5493845
2021,대구광역시 북구 읍내동 1332-1,읍내동 1332-1,읍내동,1,35.9391899,128.5499985
2021,대구광역시 북구 읍내동 1333,읍내동 1333,읍내동,1,35.9388556,128.5501637
2021,대구광역시 북구 읍내동 1334-10,읍내동 1334-10,읍내동,1,35.938442,128.550296
2021,대구광역시 북구 읍내동 1334-9,읍내동 1334-9,읍내동,1,35.9383377,128.5501855
2021,대구광역시 북구 읍내동 1335,읍내동 1335,읍내동,2,35.938791,128.55055
2021,대구광역시 북구 읍내동 1336-11,읍내동 1336-11,읍내동,2,35.9384191,128.5507764
2021,대구광역시 북구 읍내동 1337,읍내동 1337,읍내동,14,35.9382727,128.5503828
2021,대구광역시 북구 읍내동 1338,읍내동 1338,읍내동,8,35.9371705,128.5496794
2021,대구광역시 북구 읍내동 1339,읍내동 1339,읍내동,9,35.9353514,128.5497681
2021,대구광역시 북구 읍내동 1340,읍내동 1340,읍내동,2,35.9360692,128.5494837
2021,대구광역시 북구 읍내동 1341,읍내동 1341,읍내동,4,35.9358861,128.5494496
2021,대구광역시 북구 읍내동 1342,읍내동 1342,읍내동,3,35.9337712,128.548708
2021,대구광역시 북구 읍내동 1343-5,읍내동 1343-5,읍내동,9,35.9335294,128.5491101
2021,대구광역시 북구 읍내동 1343-6,읍내동 1343-6,읍내동,1,35.9330126,128.5490363
2021,대구광역시 북구 읍내동 1346-5,읍내동 1346-5,읍내동,1,35.9340521,128.5497807
2021,대구광역시 북구 읍내동 1347,읍내동 1347,읍내동,2,35.9339079,128.5497532
2021,대구광역시 북구 읍내동 1348,읍내동 1348,읍내동,4,35.9410765,128.5543858
2021,대구광역시 북구 읍내동 1350,읍내동 1350,읍내동,20,35.9399914,128.5566519
2021,대구광역시 북구 읍내동 1351,읍내동 1351,읍내동,1,35.9412006,128.5553538
2021,대구광역시 북구 읍내동 1351-1,읍내동 1351-1,읍내동,1,35.9398971,128.554117
2021,대구광역시 북구 읍내동 1351-2,읍내동 1351-2,읍내동,14,35.9401476,128.5556805
2021,대구광역시 북구 읍내동 1365,읍내동 1365,읍내동,3,35.9344837,128.5546169
2021,대구광역시 북구 읍내동 1366-1,읍내동 1366-1,읍내동,2,35.9356264,128.5538505
2021,대구광역시 북구 읍내동 1366-2,읍내동 1366-2,읍내동,5,35.9345196,128.5535931
2021,대구광역시 북구 읍내동 1366-3,읍내동 1366-3,읍내동,4,35.9331996,128.5533551
2021,대구광역시 북구 읍내동 1367,읍내동 1367,읍내동,9,35.9350206,128.5526098
2021,대구광역시 북구 읍내동 1368,읍내동 1368,읍내동,1,35.9336181,128.5506653
2021,대구광역시 북구 읍내동 1372,읍내동 1372,읍내동,1,35.9338182,128.551601
2021,대구광역시 북구 읍내동 1382,읍내동 1382,읍내동,10,35.9323989,128.5511646
2021,대구광역시 북구 읍내동 1385,읍내동 1385,읍내동,1,35.9327568,128.549458
2021,대구광역시 북구 읍내동 1448,읍내동 1448,읍내동,2,35.9506752,128.5518438
2021,대구광역시 북구 읍내동 1449,읍내동 1449,읍내동,2,35.9545858,128.5523657
2021,대구광역시 북구 읍내동 1450,읍내동 1450,읍내동,1,35.954697,128.5513443
2021,대구광역시 북구 읍내동 234,읍내동 234,읍내동,1,35.9546947,128.5516989
2021,대구광역시 북구 읍내동 251-11,읍내동 251-11,읍내동,1,35.9538853,128.5518881
2021,대구광역시 북구 읍내동 301-1,읍내동 301-1,읍내동,1,35.9507427,128.5531542
2021,대구광역시 북구 읍내동 304-2,읍내동 304-2,읍내동,1,35.9522506,128.553533
2021,대구광역시 북구 읍내동 309,읍내동 309,읍내동,2,35.9530292,128.5536433
2021,대구광역시 북구 읍내동 313-10,읍내동 313-10,읍내동,2,35.9535863,128.5531637
2021,대구광역시 북구 읍내동 316-3,읍내동 316-3,읍내동,1,35.9542387,128.5522591
2021,대구광역시 북구 읍내동 320-1,읍내동 320-1,읍내동,1,35.9549012,128.5525149
2021,대구광역시 북구 읍내동 325-1,읍내동 325-1,읍내동,1,35.9550491,128.5527885
2021,대구광역시 북구 읍내동 325-2,읍내동 325-2,읍내동,1,35.9549587,128.5526374
2021,대구광역시 북구 읍내동 327-1,읍내동 327-1,읍내동,1,35.9548019,128.5529607
2021,대구광역시 북구 읍내동 337-4,읍내동 337-4,읍내동,1,35.9539309,128.5527752
2021,대구광역시 북구 읍내동 341-4,읍내동 341-4,읍내동,1,35.9538461,128.553131
2021,대구광역시 북구 읍내동 354,읍내동 354,읍내동,1,35.9537505,128.5535669
2021,대구광역시 북구 읍내동 356-2,읍내동 356-2,읍내동,1,35.9533804,128.5532617
2021,대구광역시 북구 읍내동 371,읍내동 371,읍내동,1,35.9548045,128.5546402
2021,대구광역시 북구 읍내동 397-18,읍내동 397-18,읍내동,3,35.9521978,128.5546258
2021,대구광역시 북구 읍내동 397-22,읍내동 397-22,읍내동,4,35.9519676,128.5547503
2021,대구광역시 북구 읍내동 397-4,읍내동 397-4,읍내동,7,35.9519504,128.5547912
2021,대구광역시 북구 읍내동 397-5,읍내동 397-5,읍내동,1,35.9519676,128.5544893
2021,대구광역시 북구 읍내동 404-1,읍내동 404-1,읍내동,1,35.9537596,128.5552594
2021,대구광역시 북구 읍내동 405,읍내동 405,읍내동,1,35.9535471,128.5554204
2021,대구광역시 북구 읍내동 422-3,읍내동 422-3,읍내동,1,35.9519694,128.5558651
2021,대구광역시 북구 읍내동 423-1,읍내동 423-1,읍내동,4,35.9520798,128.5560972
2021,대구광역시 북구 읍내동 426-18,읍내동 426-18,읍내동,2,35.9511247,128.5563112
2021,대구광역시 북구 읍내동 427-2,읍내동 427-2,읍내동,1,35.9513814,128.5562318
2021,대구광역시 북구 읍내동 430,읍내동 430,읍내동,12,35.9512183,128.5552082
2021,대구광역시 북구 읍내동 430-1,읍내동 430-1,읍내동,1,35.9519842,128.555229
2021,대구광역시 북구 읍내동 430-3,읍내동 430-3,읍내동,2,35.9518232,128.5558022
2021,대구광역시 북구 읍내동 430-5,읍내동 430-5,읍내동,8,35.9511946,128.5543966
2021,대구광역시 북구 읍내동 431-5,읍내동 431-5,읍내동,3,35.9509323,128.5541077
2021,대구광역시 북구 읍내동 433-2,읍내동 433-2,읍내동,1,35.9506654,128.5541485
2021,대구광역시 북구 읍내동 434-3,읍내동 434-3,읍내동,12,35.9498214,128.5543561
2021,대구광역시 북구 읍내동 438-36,읍내동 438-36,읍내동,4,35.9497063,128.554246
2021,대구광역시 북구 읍내동 438-37,읍내동 438-37,읍내동,1,35.949673,128.5542957
2021,대구광역시 북구 읍내동 443-7,읍내동 443-7,읍내동,2,35.9496519,128.5542482
2021,대구광역시 북구 읍내동 454-19,읍내동 454-19,읍내동,3,35.947949,128.5545193
2021,대구광역시 북구 읍내동 455,읍내동 455,읍내동,3,35.9477479,128.5549125
2021,대구광역시 북구 읍내동 455-4,읍내동 455-4,읍내동,18,35.947666,128.5544373
2021,대구광역시 북구 읍내동 460-11,읍내동 460-11,읍내동,1,35.9475489,128.5543619
2021,대구광역시 북구 읍내동 466-2,읍내동 466-2,읍내동,1,35.9466336,128.5542266
2021,대구광역시 북구 읍내동 468-3,읍내동 468-3,읍내동,2,35.946738,128.5535481
2021,대구광역시 북구 읍내동 468-4,읍내동 468-4,읍내동,1,35.9464829,128.5535078
2021,대구광역시 북구 읍내동 468-8,읍내동 468-8,읍내동,1,35.9469326,128.5535479
2021,대구광역시 북구 읍내동 469-4,읍내동 469-4,읍내동,1,35.9469719,128.5533688
2021,대구광역시 북구 읍내동 479-3,읍내동 479-3,읍내동,1,35.9476822,128.5536506
2021,대구광역시 북구 읍내동 479-7,읍내동 479-7,읍내동,2,35.9478432,128.5535627
2021,대구광역시 북구 읍내동 480-2,읍내동 480-2,읍내동,1,35.9477541,128.5538947
2021,대구광역시 북구 읍내동 491,읍내동 491,읍내동,14,35.9487487,128.5535498
2021,대구광역시 북구 읍내동 496,읍내동 496,읍내동,1,35.9493984,128.552552
2021,대구광역시 북구 읍내동 516,읍내동 516,읍내동,1,35.9472448,128.5518744
2021,대구광역시 북구 읍내동 522-1,읍내동 522-1,읍내동,1,35.9468249,128.5509211
2021,대구광역시 북구 읍내동 522-2,읍내동 522-2,읍내동,2,35.9470185,128.5512005
2021,대구광역시 북구 읍내동 522-3,읍내동 522-3,읍내동,1,35.9470185,128.5509199
2021,대구광역시 북구 읍내동 533,읍내동 533,읍내동,3,35.948088,128.5493478
2021,대구광역시 북구 읍내동 549-3,읍내동 549-3,읍내동,1,35.9495421,128.5523331
2021,대구광역시 북구 읍내동 619-6,읍내동 619-6,읍내동,3,35.9487054,128.5486086
2021,대구광역시 북구 읍내동 622-7,읍내동 622-7,읍내동,1,35.948618,128.5480468
2021,대구광역시 북구 읍내동 652-5,읍내동 652-5,읍내동,1,35.9469012,128.5499498
2021,대구광역시 북구 읍내동 657-8,읍내동 657-8,읍내동,2,35.9462881,128.551062
2021,대구광역시 북구 읍내동 660-18,읍내동 660-18,읍내동,1,35.9459596,128.5508165
2021,대구광역시 북구 읍내동 669-1,읍내동 669-1,읍내동,1,35.9448839,128.5506586
2021,대구광역시 북구 읍내동 679-6,읍내동 679-6,읍내동,1,35.9452856,128.5497006
2021,대구광역시 북구 읍내동 680-20,읍내동 680-20,읍내동,1,35.9466656,128.5500299
2021,대구광역시 북구 읍내동 771-7,읍내동 771-7,읍내동,1,35.9436159,128.5506971
2021,대구광역시 북구 읍내동 784-6,읍내동 784-6,읍내동,1,35.9431824,128.5511405
2021,대구광역시 북구 읍내동 789-13,읍내동 789-13,읍내동,1,35.9441324,128.5510306
2021,대구광역시 북구 읍내동 794-1,읍내동 794-1,읍내동,2,35.9450939,128.5511658
2021,대구광역시 북구 읍내동 794-2,읍내동 794-2,읍내동,1,35.9442952,128.5514082
2021,대구광역시 북구 읍내동 799-4,읍내동 799-4,읍내동,1,35.9462103,128.5512302
2021,대구광역시 북구 읍내동 800-27,읍내동 800-27,읍내동,1,35.9464532,128.5513426
2021,대구광역시 북구 읍내동 800-7,읍내동 800-7,읍내동,1,35.946339,128.5515937
2021,대구광역시 북구 읍내동 880-7,읍내동 880-7,읍내동,1,35.9441676,128.55273
2021,대구광역시 북구 읍내동 897-1,읍내동 897-1,읍내동,1,35.9439762,128.5531792
2021,대구광역시 북구 읍내동 944-3,읍내동 944-3,읍내동,1,35.9411479,128.5505394
2021,대구광역시 북구 읍내동 955-4,읍내동 955-4,읍내동,1,35.9397463,128.550198
2021,대구광역시 북구 읍내동 955-8,읍내동 955-8,읍내동,1,35.9399353,128.550269
2021,대구광역시 북구 읍내동 955-9,읍내동 955-9,읍내동,1,35.939863,128.5502425
2021,대구광역시 북구 읍내동 967-2,읍내동 967-2,읍내동,2,35.9382562,128.553292
2021,대구광역시 북구 읍내동 994-4,읍내동 994-4,읍내동,1,35.938263,128.5537636
2021,대구광역시 북구 조야동 101-16,조야동 101-16,조야동,2,35.9091248,128.5767412
2021,대구광역시 북구 조야동 289-5,조야동 289-5,조야동,3,35.908302,128.5743749
2021,대구광역시 북구 조야동 436-2,조야동 436-2,조야동,7,35.9158585,128.5786544
2021,대구광역시 북구 조야동 436-25,조야동 436-25,조야동,2,35.9109718,128.576582
2021,대구광역시 북구 조야동 72-2,조야동 72-2,조야동,4,35.9110979,128.5771242
2021,대구광역시 북구 조야동 76-11,조야동 76-11,조야동,2,35.9101117,128.5774363
2021,대구광역시 북구 조야동 76-3,조야동 76-3,조야동,2,35.9108961,128.5772442
2021,대구광역시 북구 조야동 76-4,조야동 76-4,조야동,1,35.9105711,128.5775304
2021,대구광역시 북구 조야동 78-1,조야동 78-1,조야동,1,35.910321,128.577494
2021,대구광역시 북구 조야동 78-12,조야동 78-12,조야동,3,35.9099447,128.57772
2021,대구광역시 북구 조야동 78-2,조야동 78-2,조야동,3,35.9101367,128.577677
2021,대구광역시 북구 칠성동1가 136-17,칠성동1가 136-17,칠성동,1,35.8753158,128.6071964
2021,대구광역시 북구 칠성동1가 140-11,칠성동1가 140-11,칠성동,1,35.8754782,128.6068315
2021,대구광역시 북구 칠성동1가 147-1,칠성동1가 147-1,칠성동,1,35.8757283,128.6058405
2021,대구광역시 북구 칠성동1가 150-1,칠성동1가 150-1,칠성동,1,35.8758846,128.605147
2021,대구광역시 북구 칠성동1가 160-1,칠성동1가 160-1,칠성동,1,35.8762809,128.6039103
2021,대구광역시 북구 칠성동1가 160-4,칠성동1가 160-4,칠성동,2,35.876337,128.6036913
2021,대구광역시 북구 칠성동1가 160-6,칠성동1가 160-6,칠성동,1,35.8762662,128.6038062
2021,대구광역시 북구 칠성동1가 169-13,칠성동1가 169-13,칠성동,1,35.8763773,128.6030081
2021,대구광역시 북구 칠성동1가 169-32,칠성동1가 169-32,칠성동,1,35.8763703,128.6031624
2021,대구광역시 북구 칠성동1가 171-12,칠성동1가 171-12,칠성동,3,35.8764291,128.6021649
2021,대구광역시 북구 칠성동1가 195,칠성동1가 195,칠성동,2,35.8767441,128.6015859
2021,대구광역시 북구 칠성동1가 195-1,칠성동1가 195-1,칠성동,3,35.876715,128.6014548
2021,대구광역시 북구 칠성동1가 211,칠성동1가 211,칠성동,1,35.8763016,128.6013497
2021,대구광역시 북구 칠성동1가 213,칠성동1가 213,칠성동,5,35.8769316,128.601366
2021,대구광역시 북구 칠성동1가 222-5,칠성동1가 222-5,칠성동,1,35.8769944,128.6017234
2021,대구광역시 북구 칠성동1가 225-2,칠성동1가 225-2,칠성동,1,35.876709,128.6019418
2021,대구광역시 북구 칠성동1가 225-9,칠성동1가 225-9,칠성동,1,35.8765419,128.601964
2021,대구광역시 북구 칠성동1가 236,칠성동1가 236,칠성동,1,35.8772205,128.6016359
2021,대구광역시 북구 칠성동1가 270-1,칠성동1가 270-1,칠성동,1,35.8777536,128.6021838
2021,대구광역시 북구 칠성동1가 271-3,칠성동1가 271-3,칠성동,1,35.8778759,128.6023756
2021,대구광역시 북구 칠성동1가 273-14,칠성동1가 273-14,칠성동,1,35.8778423,128.6028752
2021,대구광역시 북구 칠성동1가 275-3,칠성동1가 275-3,칠성동,4,35.8780592,128.6032399
2021,대구광역시 북구 칠성동1가 275-4,칠성동1가 275-4,칠성동,3,35.8779798,128.6032989
2021,대구광역시 북구 칠성동1가 275-7,칠성동1가 275-7,칠성동,1,35.8779084,128.6033317
2021,대구광역시 북구 칠성동1가 276-1,칠성동1가 276-1,칠성동,4,35.8765069,128.6061268
2021,대구광역시 북구 칠성동1가 276-186,칠성동1가 276-186,칠성동,1,35.878288,128.6032719
2021,대구광역시 북구 칠성동1가 276-99,칠성동1가 276-99,칠성동,1,35.8768531,128.6044398
2021,대구광역시 북구 칠성동1가 278-1,칠성동1가 278-1,칠성동,2,35.8759894,128.6056512
2021,대구광역시 북구 칠성동1가 278-45,칠성동1가 278-45,칠성동,3,35.8776853,128.6035058
2021,대구광역시 북구 칠성동1가 279-1,칠성동1가 279-1,칠성동,34,35.8757437,128.6044568
2021,대구광역시 북구 칠성동1가 281,칠성동1가 281,칠성동,4,35.8758046,128.6022406
2021,대구광역시 북구 칠성동1가 288,칠성동1가 288,칠성동,1,35.8750825,128.6084205
2021,대구광역시 북구 칠성동1가 29-3,칠성동1가 29-3,칠성동,1,35.874659,128.6026531
2021,대구광역시 북구 칠성동1가 306,칠성동1가 306,칠성동,1,35.8748667,128.6084916
2021,대구광역시 북구 칠성동2가 1-1,칠성동2가 1-1,칠성동,2,35.8861134,128.5855825
2021,대구광역시 북구 칠성동2가 125-7,칠성동2가 125-7,칠성동,1,35.8828914,128.5913304
2021,대구광역시 북구 칠성동2가 127,칠성동2가 127,칠성동,5,35.8818672,128.5921688
2021,대구광역시 북구 칠성동2가 139-37,칠성동2가 139-37,칠성동,1,35.8800647,128.5934591
2021,대구광역시 북구 칠성동2가 142-2,칠성동2가 142-2,칠성동,3,35.8798883,128.5932274
2021,대구광역시 북구 칠성동2가 146-2,칠성동2가 146-2,칠성동,5,35.8800216,128.5923584
2021,대구광역시 북구 칠성동2가 161-7,칠성동2가 161-7,칠성동,2,35.8802524,128.5918826
2021,대구광역시 북구 칠성동2가 181-11,칠성동2가 181-11,칠성동,3,35.8788412,128.5894062
2021,대구광역시 북구 칠성동2가 2-13,칠성동2가 2-13,칠성동,3,35.8857595,128.5859985
2021,대구광역시 북구 칠성동2가 2-17,칠성동2가 2-17,칠성동,2,35.8847303,128.5862143
2021,대구광역시 북구 칠성동2가 2-4,칠성동2가 2-4,칠성동,1,35.8843891,128.5883504
2021,대구광역시 북구 칠성동2가 2-6,칠성동2가 2-6,칠성동,1,35.8848947,128.5884495
2021,대구광역시 북구 칠성동2가 20-1,칠성동2가 20-1,칠성동,2,35.8850996,128.5898843
2021,대구광역시 북구 칠성동2가 242-23,칠성동2가 242-23,칠성동,1,35.8774149,128.5890318
2021,대구광역시 북구 칠성동2가 291-1,칠성동2가 291-1,칠성동,3,35.8781629,128.593072
2021,대구광역시 북구 칠성동2가 296-3,칠성동2가 296-3,칠성동,1,35.8785379,128.5952155
2021,대구광역시 북구 칠성동2가 297-13,칠성동2가 297-13,칠성동,1,35.8785213,128.5951102
2021,대구광역시 북구 칠성동2가 297-2,칠성동2가 297-2,칠성동,1,35.8785888,128.5947615
2021,대구광역시 북구 칠성동2가 297-6,칠성동2가 297-6,칠성동,1,35.8786507,128.5950415
2021,대구광역시 북구 칠성동2가 299-2,칠성동2가 299-2,칠성동,2,35.8782644,128.5952802
2021,대구광역시 북구 칠성동2가 302-106,칠성동2가 302-106,칠성동,5,35.8765442,128.5991541
2021,대구광역시 북구 칠성동2가 302-113,칠성동2가 302-113,칠성동,1,35.8762265,128.5975324
2021,대구광역시 북구 칠성동2가 302-114,칠성동2가 302-114,칠성동,2,35.8764428,128.5987037
2021,대구광역시 북구 칠성동2가 302-121,칠성동2가 302-121,칠성동,1,35.8765906,128.5977507
2021,대구광역시 북구 칠성동2가 302-134,칠성동2가 302-134,칠성동,1,35.8778974,128.59269
2021,대구광역시 북구 칠성동2가 302-136,칠성동2가 302-136,칠성동,3,35.877565,128.5929109
2021,대구광역시 북구 칠성동2가 302-139,칠성동2가 302-139,칠성동,89,35.8772793,128.5920985
2021,대구광역시 북구 칠성동2가 302-140,칠성동2가 302-140,칠성동,3,35.8773174,128.5918178
2021,대구광역시 북구 칠성동2가 302-142,칠성동2가 302-142,칠성동,4,35.8778736,128.5922812
2021,대구광역시 북구 칠성동2가 302-155,칠성동2가 302-155,칠성동,1,35.876024,128.5955608
2021,대구광역시 북구 칠성동2가 302-197,칠성동2가 302-197,칠성동,3,35.8759552,128.5990983
2021,대구광역시 북구 칠성동2가 302-206,칠성동2가 302-206,칠성동,2,35.8759964,128.5981088
2021,대구광역시 북구 칠성동2가 302-207,칠성동2가 302-207,칠성동,1,35.8760602,128.5978116
2021,대구광역시 북구 칠성동2가 302-208,칠성동2가 302-208,칠성동,2,35.8763528,128.5966498
2021,대구광역시 북구 칠성동2가 302-210,칠성동2가 302-210,칠성동,3,35.8766409,128.5959284
2021,대구광역시 북구 칠성동2가 302-219,칠성동2가 302-219,칠성동,7,35.8773711,128.5903762
2021,대구광역시 북구 칠성동2가 302-231,칠성동2가 302-231,칠성동,1,35.8766007,128.5961149
2021,대구광역시 북구 칠성동2가 302-232,칠성동2가 302-232,칠성동,1,35.8765695,128.5962731
2021,대구광역시 북구 칠성동2가 302-233,칠성동2가 302-233,칠성동,1,35.8765378,128.5964298
2021,대구광역시 북구 칠성동2가 302-238,칠성동2가 302-238,칠성동,1,35.8764619,128.5968246
2021,대구광역시 북구 칠성동2가 302-276,칠성동2가 302-276,칠성동,1,35.8767651,128.5985479
2021,대구광역시 북구 칠성동2가 302-293,칠성동2가 302-293,칠성동,1,35.8773541,128.590879
2021,대구광역시 북구 칠성동2가 302-300,칠성동2가 302-300,칠성동,1,35.8767347,128.5944537
2021,대구광역시 북구 칠성동2가 302-339,칠성동2가 302-339,칠성동,1,35.8760317,128.5991804
2021,대구광역시 북구 칠성동2가 302-348,칠성동2가 302-348,칠성동,1,35.8763983,128.5971729
2021,대구광역시 북구 칠성동2가 302-350,칠성동2가 302-350,칠성동,1,35.8762089,128.5971265
2021,대구광역시 북구 칠성동2가 302-378,칠성동2가 302-378,칠성동,3,35.8763897,128.5957622
2021,대구광역시 북구 칠성동2가 302-398,칠성동2가 302-398,칠성동,4,35.8769037,128.5910938
2021,대구광역시 북구 칠성동2가 302-404,칠성동2가 302-404,칠성동,1,35.8766667,128.5988732
2021,대구광역시 북구 칠성동2가 302-93,칠성동2가 302-93,칠성동,77,35.8774439,128.5925378
2021,대구광역시 북구 칠성동2가 302-94,칠성동2가 302-94,칠성동,39,35.8762547,128.5985437
2021,대구광역시 북구 칠성동2가 302-95,칠성동2가 302-95,칠성동,2,35.8761657,128.6008831
2021,대구광역시 북구 칠성동2가 303,칠성동2가 303,칠성동,1,35.877607,128.5951193
2021,대구광역시 북구 칠성동2가 307-4,칠성동2가 307-4,칠성동,4,35.8771124,128.595628
2021,대구광역시 북구 칠성동2가 309,칠성동2가 309,칠성동,1,35.8771996,128.5958914
2021,대구광역시 북구 칠성동2가 310-1,칠성동2가 310-1,칠성동,3,35.8773467,128.5954986
2021,대구광역시 북구 칠성동2가 310-6,칠성동2가 310-6,칠성동,2,35.8776187,128.5956162
2021,대구광역시 북구 칠성동2가 312-10,칠성동2가 312-10,칠성동,2,35.8778674,128.5951883
2021,대구광역시 북구 칠성동2가 344-1,칠성동2가 344-1,칠성동,2,35.8796541,128.5957223
2021,대구광역시 북구 칠성동2가 344-13,칠성동2가 344-13,칠성동,1,35.8796397,128.5954885
2021,대구광역시 북구 칠성동2가 344-2,칠성동2가 344-2,칠성동,3,35.8795127,128.5952896
2021,대구광역시 북구 칠성동2가 346-11,칠성동2가 346-11,칠성동,1,35.8800432,128.5955021
2021,대구광역시 북구 칠성동2가 355-8,칠성동2가 355-8,칠성동,1,35.8804689,128.5935665
2021,대구광역시 북구 칠성동2가 361-1,칠성동2가 361-1,칠성동,69,35.8808672,128.5961128
2021,대구광역시 북구 칠성동2가 369-1,칠성동2가 369-1,칠성동,8,35.8800183,128.5961756
2021,대구광역시 북구 칠성동2가 369-14,칠성동2가 369-14,칠성동,1,35.8803384,128.5954979
2021,대구광역시 북구 칠성동2가 369-8,칠성동2가 369-8,칠성동,1,35.8801354,128.5956239
2021,대구광역시 북구 칠성동2가 369-9,칠성동2가 369-9,칠성동,17,35.880111,128.5967858
2021,대구광역시 북구 칠성동2가 370-5,칠성동2가 370-5,칠성동,8,35.8799934,128.5964103
2021,대구광역시 북구 칠성동2가 378-20,칠성동2가 378-20,칠성동,4,35.8826675,128.5934722
2021,대구광역시 북구 칠성동2가 378-27,칠성동2가 378-27,칠성동,1,35.8817214,128.5934139
2021,대구광역시 북구 칠성동2가 382-34,칠성동2가 382-34,칠성동,1,35.8810997,128.5974889
2021,대구광역시 북구 칠성동2가 386-1,칠성동2가 386-1,칠성동,1,35.8801652,128.5981227
2021,대구광역시 북구 칠성동2가 389-4,칠성동2가 389-4,칠성동,1,35.8807883,128.5977364
2021,대구광역시 북구 칠성동2가 395-1,칠성동2가 395-1,칠성동,2,35.8814839,128.5985345
2021,대구광역시 북구 칠성동2가 399-3,칠성동2가 399-3,칠성동,1,35.8833744,128.6009033
2021,대구광역시 북구 칠성동2가 403-12,칠성동2가 403-12,칠성동,1,35.8813525,128.6011436
2021,대구광역시 북구 칠성동2가 403-76,칠성동2가 403-76,칠성동,2,35.8812111,128.6010611
2021,대구광역시 북구 칠성동2가 409-24,칠성동2가 409-24,칠성동,4,35.8791223,128.6025818
2021,대구광역시 북구 칠성동2가 409-26,칠성동2가 409-26,칠성동,2,35.8786637,128.5999579
2021,대구광역시 북구 칠성동2가 409-653,칠성동2가 409-653,칠성동,1,35.8797806,128.6012403
2021,대구광역시 북구 칠성동2가 409-812,칠성동2가 409-812,칠성동,1,35.8803461,128.6013404
2021,대구광역시 북구 칠성동2가 483,칠성동2가 483,칠성동,1,35.8775522,128.596487
2021,대구광역시 북구 칠성동2가 498-8,칠성동2가 498-8,칠성동,1,35.8780378,128.5961702
2021,대구광역시 북구 칠성동2가 526-2,칠성동2가 526-2,칠성동,2,35.8773855,128.5977323
2021,대구광역시 북구 칠성동2가 527-20,칠성동2가 527-20,칠성동,1,35.8767673,128.5972206
2021,대구광역시 북구 칠성동2가 533-3,칠성동2가 533-3,칠성동,1,35.877079,128.5984868
2021,대구광역시 북구 칠성동2가 538-4,칠성동2가 538-4,칠성동,1,35.877033,128.598982
2021,대구광역시 북구 칠성동2가 539-22,칠성동2가 539-22,칠성동,2,35.8771529,128.5983505
2021,대구광역시 북구 칠성동2가 55-3,칠성동2가 55-3,칠성동,4,35.8841029,128.5869911
2021,대구광역시 북구 칠성동2가 567-34,칠성동2가 567-34,칠성동,1,35.876783,128.6012639
2021,대구광역시 북구 칠성동2가 568-21,칠성동2가 568-21,칠성동,1,35.8767193,128.6013043
2021,대구광역시 북구 칠성동2가 575-5,칠성동2가 575-5,칠성동,2,35.8767206,128.600902
2021,대구광역시 북구 칠성동2가 656-1,칠성동2가 656-1,칠성동,1,35.8816569,128.6021917
2021,대구광역시 북구 칠성동2가 659,칠성동2가 659,칠성동,1,35.8811096,128.6013435
2021,대구광역시 북구 칠성동2가 702,칠성동2가 702,칠성동,2,35.8788762,128.5891926
2021,대구광역시 북구 칠성동2가 703-3,칠성동2가 703-3,칠성동,1,35.8844929,128.5853942
2021,대구광역시 북구 칠성동2가 711,칠성동2가 711,칠성동,4,35.8809797,128.5895423
2021,대구광역시 북구 칠성동2가 715,칠성동2가 715,칠성동,1,35.8793026,128.5915786
2021,대구광역시 북구 칠성동2가 716,칠성동2가 716,칠성동,2,35.8790547,128.5940092
2021,대구광역시 북구 칠성동2가 721,칠성동2가 721,칠성동,3,35.8791368,128.5946435
2021,대구광역시 북구 칠성동2가 723,칠성동2가 723,칠성동,27,35.8807792,128.5968365
2021,대구광역시 북구 칠성동2가 724,칠성동2가 724,칠성동,1,35.8838602,128.5904235
2021,대구광역시 북구 칠성동2가 725,칠성동2가 725,칠성동,5,35.8838535,128.5911131
2021,대구광역시 북구 칠성동2가 727,칠성동2가 727,칠성동,1,35.8834541,128.5922552
2021,대구광역시 북구 칠성동2가 728,칠성동2가 728,칠성동,1,35.8852269,128.5924766
2021,대구광역시 북구 칠성동2가 728-1,칠성동2가 728-1,칠성동,31,35.8842031,128.5919624
2021,대구광역시 북구 칠성동2가 729,칠성동2가 729,칠성동,1,35.885483,128.5909285
2021,대구광역시 북구 칠성동2가 731,칠성동2가 731,칠성동,1,35.8849138,128.5906874
2021,대구광역시 북구 칠성동2가 733,칠성동2가 733,칠성동,6,35.8848125,128.5915104
2021,대구광역시 북구 칠성동2가 734,칠성동2가 734,칠성동,6,35.8846809,128.5921078
2021,대구광역시 북구 칠성동2가 735,칠성동2가 735,칠성동,3,35.8843101,128.591284
2021,대구광역시 북구 칠성동2가 736,칠성동2가 736,칠성동,6,35.8770813,128.5931901
2021,대구광역시 북구 칠성동2가 81-1,칠성동2가 81-1,칠성동,1,35.8797882,128.5895117
2021,대구광역시 북구 칠성동2가 83-1,칠성동2가 83-1,칠성동,3,35.8795889,128.5892927
2021,대구광역시 북구 칠성동2가 83-3,칠성동2가 83-3,칠성동,1,35.8795609,128.5894574
2021,대구광역시 북구 칠성동2가 84-12,칠성동2가 84-12,칠성동,2,35.8794885,128.5892588
2021,대구광역시 북구 칠성동2가 85-6,칠성동2가 85-6,칠성동,1,35.8788576,128.5890345
2021,대구광역시 북구 칠성동2가 88-5,칠성동2가 88-5,칠성동,3,35.8847832,128.5848065
2021,대구광역시 북구 칠성동2가 88-7,칠성동2가 88-7,칠성동,1,35.8849066,128.5846653
2021,대구광역시 북구 칠성동2가 89,칠성동2가 89,칠성동,10,35.8852438,128.5856546
2021,대구광역시 북구 칠성동2가 89-1,칠성동2가 89-1,칠성동,3,35.8848161,128.5853099
2021,대구광역시 북구 침산동 101-24,침산동 101-24,침산동,1,35.8829065,128.5992625
2021,대구광역시 북구 침산동 101-3,침산동 101-3,침산동,2,35.8829558,128.5985854
2021,대구광역시 북구 침산동 1024-1,침산동 1024-1,침산동,10,35.8992235,128.5889681
2021,대구광역시 북구 침산동 1024-2,침산동 1024-2,침산동,24,35.8990699,128.5890777
2021,대구광역시 북구 침산동 1025-11,침산동 1025-11,침산동,1,35.8996136,128.5810115
2021,대구광역시 북구 침산동 103-6,침산동 103-6,침산동,1,35.8839569,128.5971033
2021,대구광역시 북구 침산동 105-1,침산동 105-1,침산동,1,35.8859401,128.5961612
2021,대구광역시 북구 침산동 105-4,침산동 105-4,침산동,2,35.8848734,128.5976427
2021,대구광역시 북구 침산동 105-64,침산동 105-64,침산동,3,35.8820897,128.5960098
2021,대구광역시 북구 침산동 105-73,침산동 105-73,침산동,1,35.8857587,128.5936518
2021,대구광역시 북구 침산동 105-74,침산동 105-74,침산동,12,35.8861152,128.594857
2021,대구광역시 북구 침산동 105-83,침산동 105-83,침산동,1,35.8871746,128.5954775
2021,대구광역시 북구 침산동 1055-2,침산동 1055-2,침산동,1,35.89842,128.5793703
2021,대구광역시 북구 침산동 1058,침산동 1058,침산동,1,35.8978927,128.579193
2021,대구광역시 북구 침산동 115-1,침산동 115-1,침산동,1,35.8871279,128.5965656
2021,대구광역시 북구 침산동 116-3,침산동 116-3,침산동,1,35.8875168,128.5961499
2021,대구광역시 북구 침산동 117-10,침산동 117-10,침산동,1,35.8872382,128.5948146
2021,대구광역시 북구 침산동 117-16,침산동 117-16,침산동,8,35.8880008,128.596048
2021,대구광역시 북구 침산동 117-3,침산동 117-3,침산동,3,35.8880637,128.5952774
2021,대구광역시 북구 침산동 117-4,침산동 117-4,침산동,1,35.8877814,128.5960987
2021,대구광역시 북구 침산동 117-9,침산동 117-9,침산동,22,35.8874872,128.5950777
2021,대구광역시 북구 침산동 118-1,침산동 118-1,침산동,1,35.8894436,128.5965971
2021,대구광역시 북구 침산동 118-14,침산동 118-14,침산동,1,35.8887127,128.5967985
2021,대구광역시 북구 침산동 118-16,침산동 118-16,침산동,1,35.8889542,128.5966936
2021,대구광역시 북구 침산동 118-22,침산동 118-22,침산동,1,35.8892272,128.596472
2021,대구광역시 북구 침산동 118-25,침산동 118-25,침산동,1,35.8890192,128.5967587
2021,대구광역시 북구 침산동 118-4,침산동 118-4,침산동,2,35.8887036,128.5962728
2021,대구광역시 북구 침산동 1208,침산동 1208,침산동,15,35.8986499,128.5791342
2021,대구광역시 북구 침산동 121-1,침산동 121-1,침산동,1,35.8901931,128.5954077
2021,대구광역시 북구 침산동 121-5,침산동 121-5,침산동,1,35.8897426,128.595944
2021,대구광역시 북구 침산동 123-1,침산동 123-1,침산동,9,35.8894114,128.5948893
2021,대구광역시 북구 침산동 123-2,침산동 123-2,침산동,1,35.8889787,128.59573
2021,대구광역시 북구 침산동 123-3,침산동 123-3,침산동,58,35.8896972,128.5954696
2021,대구광역시 북구 침산동 126-1,침산동 126-1,침산동,1,35.8907623,128.5943613
2021,대구광역시 북구 침산동 13-112,침산동 13-112,침산동,1,35.885795,128.5979432
2021,대구광역시 북구 침산동 13-94,침산동 13-94,침산동,1,35.8879687,128.5980392
2021,대구광역시 북구 침산동 1323-1,침산동 1323-1,침산동,1,35.8945909,128.583579
2021,대구광역시 북구 침산동 133-11,침산동 133-11,침산동,1,35.8904767,128.593798
2021,대구광역시 북구 침산동 133-3,침산동 133-3,침산동,1,35.8904053,128.5938927
2021,대구광역시 북구 침산동 133-58,침산동 133-58,침산동,14,35.8904064,128.5942706
2021,대구광역시 북구 침산동 133-60,침산동 133-60,침산동,1,35.8905888,128.5939016
2021,대구광역시 북구 침산동 134-12,침산동 134-12,침산동,1,35.889173,128.593411
2021,대구광역시 북구 침산동 136-10,침산동 136-10,침산동,1,35.8883173,128.5940203
2021,대구광역시 북구 침산동 137-4,침산동 137-4,침산동,1,35.8879552,128.5941893
2021,대구광역시 북구 침산동 1388-25,침산동 1388-25,침산동,2,35.8939382,128.5821472
2021,대구광역시 북구 침산동 15-15,침산동 15-15,침산동,1,35.8865308,128.5987149
2021,대구광역시 북구 침산동 156-10,침산동 156-10,침산동,1,35.8821842,128.5977568
2021,대구광역시 북구 침산동 156-41,침산동 156-41,침산동,1,35.8823379,128.5983257
2021,대구광역시 북구 침산동 156-53,침산동 156-53,침산동,3,35.8823313,128.5979744
2021,대구광역시 북구 침산동 156-7,침산동 156-7,침산동,1,35.8828916,128.5976083
2021,대구광역시 북구 침산동 1662-1,침산동 1662-1,침산동,1,35.9038804,128.5784479
2021,대구광역시 북구 침산동 1662-20,침산동 1662-20,침산동,5,35.891331,128.594409
2021,대구광역시 북구 침산동 1663-1,침산동 1663-1,침산동,1,35.9037774,128.5835403
2021,대구광역시 북구 침산동 1663-123,침산동 1663-123,침산동,2,35.8881416,128.5917786
2021,대구광역시 북구 침산동 1663-188,침산동 1663-188,침산동,1,35.889154,128.5912248
2021,대구광역시 북구 침산동 1663-21,침산동 1663-21,침산동,1,35.8840875,128.598398
2021,대구광역시 북구 침산동 1663-338,침산동 1663-338,침산동,1,35.8862618,128.5855732
2021,대구광역시 북구 침산동 1663-353,침산동 1663-353,침산동,1,35.8888993,128.5946586
2021,대구광역시 북구 침산동 1663-354,침산동 1663-354,침산동,5,35.8890835,128.5944753
2021,대구광역시 북구 침산동 1663-5,침산동 1663-5,침산동,5,35.8886962,128.5973707
2021,대구광역시 북구 침산동 1664-25,침산동 1664-25,침산동,4,35.8851475,128.5996048
2021,대구광역시 북구 침산동 1665,침산동 1665,침산동,1,35.8873754,128.5995652
2021,대구광역시 북구 침산동 1676,침산동 1676,침산동,16,35.8904042,128.5936228
2021,대구광역시 북구 침산동 1678-2,침산동 1678-2,침산동,1,35.8881863,128.593848
2021,대구광역시 북구 침산동 1679-11,침산동 1679-11,침산동,1,35.8908993,128.5904574
2021,대구광역시 북구 침산동 1679-3,침산동 1679-3,침산동,3,35.8889341,128.5931665
2021,대구광역시 북구 침산동 1749,침산동 1749,침산동,3,35.8822177,128.5983612
2021,대구광역시 북구 침산동 1750,침산동 1750,침산동,7,35.8929906,128.5888237
2021,대구광역시 북구 침산동 1752,침산동 1752,침산동,1,35.8939377,128.5892476
2021,대구광역시 북구 침산동 1754,침산동 1754,침산동,5,35.8928157,128.5880182
2021,대구광역시 북구 침산동 1755,침산동 1755,침산동,2,35.8870484,128.5992409
2021,대구광역시 북구 침산동 1757,침산동 1757,침산동,12,35.8839146,128.5938727
2021,대구광역시 북구 침산동 1761,침산동 1761,침산동,5,35.8913102,128.5923677
2021,대구광역시 북구 침산동 1762,침산동 1762,침산동,9,35.8911822,128.5919615
2021,대구광역시 북구 침산동 198-2,침산동 198-2,침산동,1,35.8863969,128.5921934
2021,대구광역시 북구 침산동 211,침산동 211,침산동,2,35.8864336,128.5937344
2021,대구광역시 북구 침산동 213-1,침산동 213-1,침산동,3,35.8871593,128.5931237
2021,대구광역시 북구 침산동 213-4,침산동 213-4,침산동,2,35.8871464,128.5923193
2021,대구광역시 북구 침산동 215-2,침산동 215-2,침산동,1,35.8874343,128.5941003
2021,대구광역시 북구 침산동 22-111,침산동 22-111,침산동,2,35.8878418,128.5990836
2021,대구광역시 북구 침산동 22-38,침산동 22-38,침산동,2,35.8877384,128.5990351
2021,대구광역시 북구 침산동 22-39,침산동 22-39,침산동,1,35.887641,128.5990078
2021,대구광역시 북구 침산동 22-74,침산동 22-74,침산동,2,35.8874901,128.5989648
2021,대구광역시 북구 침산동 220-1,침산동 220-1,침산동,1,35.8880822,128.5937878
2021,대구광역시 북구 침산동 220-4,침산동 220-4,침산동,1,35.8881289,128.5932616
2021,대구광역시 북구 침산동 221-8,침산동 221-8,침산동,1,35.8884168,128.5933686
2021,대구광역시 북구 침산동 222-4,침산동 222-4,침산동,1,35.8881687,128.5928324
2021,대구광역시 북구 침산동 226-5,침산동 226-5,침산동,1,35.8865859,128.5922211
2021,대구광역시 북구 침산동 227-4,침산동 227-4,침산동,1,35.8863843,128.5912054
2021,대구광역시 북구 침산동 233-3,침산동 233-3,침산동,5,35.8866643,128.5896894
2021,대구광역시 북구 침산동 233-4,침산동 233-4,침산동,32,35.8870561,128.588578
2021,대구광역시 북구 침산동 233-7,침산동 233-7,침산동,1,35.8872585,128.5905812
2021,대구광역시 북구 침산동 24-1,침산동 24-1,침산동,1,35.8878604,128.5992373
2021,대구광역시 북구 침산동 245-1,침산동 245-1,침산동,1,35.8874646,128.5918484
2021,대구광역시 북구 침산동 247-2,침산동 247-2,침산동,1,35.8873198,128.5912876
2021,대구광역시 북구 침산동 248-5,침산동 248-5,침산동,1,35.8876373,128.5918053
2021,대구광역시 북구 침산동 25-47,침산동 25-47,침산동,1,35.8862621,128.5991366
2021,대구광역시 북구 침산동 25-7,침산동 25-7,침산동,2,35.8861366,128.6003663
2021,대구광역시 북구 침산동 252-2,침산동 252-2,침산동,1,35.8880073,128.5895319
2021,대구광역시 북구 침산동 260-2,침산동 260-2,침산동,29,35.8881877,128.5911727
2021,대구광역시 북구 침산동 260-3,침산동 260-3,침산동,6,35.8881471,128.5916979
2021,대구광역시 북구 침산동 260-8,침산동 260-8,침산동,1,35.8880518,128.5909312
2021,대구광역시 북구 침산동 261-1,침산동 261-1,침산동,4,35.8879279,128.5917147
2021,대구광역시 북구 침산동 264-4,침산동 264-4,침산동,1,35.8883445,128.5929086
2021,대구광역시 북구 침산동 265-11,침산동 265-11,침산동,2,35.8878253,128.592271
2021,대구광역시 북구 침산동 265-2,침산동 265-2,침산동,11,35.888093,128.5921307
2021,대구광역시 북구 침산동 267-4,침산동 267-4,침산동,2,35.8883406,128.5918913
2021,대구광역시 북구 침산동 267-5,침산동 267-5,침산동,1,35.8884476,128.5918266
2021,대구광역시 북구 침산동 268-6,침산동 268-6,침산동,1,35.8884701,128.5914206
2021,대구광역시 북구 침산동 269-10,침산동 269-10,침산동,9,35.8893031,128.5902469
2021,대구광역시 북구 침산동 269-2,침산동 269-2,침산동,1,35.8888996,128.5912375
2021,대구광역시 북구 침산동 270-1,침산동 270-1,침산동,1,35.8890143,128.5911182
2021,대구광역시 북구 침산동 277-1,침산동 277-1,침산동,19,35.8906332,128.5904145
2021,대구광역시 북구 침산동 279-2,침산동 279-2,침산동,2,35.8897147,128.590858
2021,대구광역시 북구 침산동 285-10,침산동 285-10,침산동,1,35.8890225,128.5916758
2021,대구광역시 북구 침산동 285-4,침산동 285-4,침산동,1,35.88924,128.591561
2021,대구광역시 북구 침산동 285-5,침산동 285-5,침산동,1,35.8887625,128.5918259
2021,대구광역시 북구 침산동 286-1,침산동 286-1,침산동,2,35.8891432,128.5924469
2021,대구광역시 북구 침산동 288-26,침산동 288-26,침산동,1,35.8895371,128.5926088
2021,대구광역시 북구 침산동 295-14,침산동 295-14,침산동,1,35.8908274,128.5912651
2021,대구광역시 북구 침산동 295-18,침산동 295-18,침산동,2,35.8906361,128.5906771
2021,대구광역시 북구 침산동 295-19,침산동 295-19,침산동,1,35.8908853,128.591062
2021,대구광역시 북구 침산동 295-3,침산동 295-3,침산동,4,35.8908399,128.5905787
2021,대구광역시 북구 침산동 296-1,침산동 296-1,침산동,2,35.8904438,128.591289
2021,대구광역시 북구 침산동 296-6,침산동 296-6,침산동,3,35.8903964,128.5919868
2021,대구광역시 북구 침산동 299-3,침산동 299-3,침산동,1,35.8899604,128.5924647
2021,대구광역시 북구 침산동 3-14,침산동 3-14,침산동,2,35.8886303,128.5978437
2021,대구광역시 북구 침산동 3-2,침산동 3-2,침산동,1,35.8884613,128.5978961
2021,대구광역시 북구 침산동 300-2,침산동 300-2,침산동,1,35.8896834,128.5926832
2021,대구광역시 북구 침산동 307-1,침산동 307-1,침산동,1,35.8903576,128.5930011
2021,대구광역시 북구 침산동 307-3,침산동 307-3,침산동,2,35.890319,128.5932994
2021,대구광역시 북구 침산동 308-1,침산동 308-1,침산동,1,35.8904063,128.593268
2021,대구광역시 북구 침산동 308-5,침산동 308-5,침산동,1,35.890185,128.5933852
2021,대구광역시 북구 침산동 308-9,침산동 308-9,침산동,2,35.890384,128.5931308
2021,대구광역시 북구 침산동 309-11,침산동 309-11,침산동,3,35.8907245,128.5936166
2021,대구광역시 북구 침산동 309-17,침산동 309-17,침산동,1,35.8904421,128.5933916
2021,대구광역시 북구 침산동 309-27,침산동 309-27,침산동,2,35.8908549,128.5936167
2021,대구광역시 북구 침산동 309-7,침산동 309-7,침산동,1,35.890606,128.5934415
2021,대구광역시 북구 침산동 313-14,침산동 313-14,침산동,1,35.8905051,128.5928344
2021,대구광역시 북구 침산동 313-2,침산동 313-2,침산동,1,35.8904531,128.5929656
2021,대구광역시 북구 침산동 314-4,침산동 314-4,침산동,1,35.890309,128.5924135
2021,대구광역시 북구 침산동 315-3,침산동 315-3,침산동,1,35.8904837,128.5924028
2021,대구광역시 북구 침산동 317-1,침산동 317-1,침산동,1,35.8909156,128.5920512
2021,대구광역시 북구 침산동 317-11,침산동 317-11,침산동,1,35.8907588,128.5919699
2021,대구광역시 북구 침산동 317-2,침산동 317-2,침산동,1,35.8902686,128.5922244
2021,대구광역시 북구 침산동 317-5,침산동 317-5,침산동,5,35.8904939,128.5921546
2021,대구광역시 북구 침산동 317-7,침산동 317-7,침산동,2,35.8903054,128.5921564
2021,대구광역시 북구 침산동 317-8,침산동 317-8,침산동,2,35.8909263,128.5919249
2021,대구광역시 북구 침산동 321,침산동 321,침산동,1,35.8915145,128.5932377
2021,대구광역시 북구 침산동 323-30,침산동 323-30,침산동,1,35.8922955,128.5916123
2021,대구광역시 북구 침산동 324-10,침산동 324-10,침산동,1,35.8911984,128.5919332
2021,대구광역시 북구 침산동 324-2,침산동 324-2,침산동,1,35.891435,128.591999
2021,대구광역시 북구 침산동 325-8,침산동 325-8,침산동,1,35.891231,128.5916895
2021,대구광역시 북구 침산동 326-5,침산동 326-5,침산동,1,35.8911622,128.5914942
2021,대구광역시 북구 침산동 326-7,침산동 326-7,침산동,1,35.8911102,128.5913552
2021,대구광역시 북구 침산동 327-5,침산동 327-5,침산동,5,35.8914382,128.5912361
2021,대구광역시 북구 침산동 329-2,침산동 329-2,침산동,2,35.8911832,128.5907069
2021,대구광역시 북구 침산동 332-11,침산동 332-11,침산동,3,35.8914912,128.5913494
2021,대구광역시 북구 침산동 332-13,침산동 332-13,침산동,1,35.8915333,128.5915363
2021,대구광역시 북구 침산동 332-15,침산동 332-15,침산동,1,35.8914373,128.5915614
2021,대구광역시 북구 침산동 332-34,침산동 332-34,침산동,2,35.8913461,128.5914385
2021,대구광역시 북구 침산동 332-39,침산동 332-39,침산동,1,35.8913192,128.5916589
2021,대구광역시 북구 침산동 332-46,침산동 332-46,침산동,2,35.8912409,128.5914319
2021,대구광역시 북구 침산동 332-7,침산동 332-7,침산동,1,35.8915171,128.591662
2021,대구광역시 북구 침산동 332-9,침산동 332-9,침산동,2,35.8916603,128.5911251
2021,대구광역시 북구 침산동 333-3,침산동 333-3,침산동,2,35.8922775,128.5910526
2021,대구광역시 북구 침산동 335,침산동 335,침산동,1,35.8926068,128.5911211
2021,대구광역시 북구 침산동 335-27,침산동 335-27,침산동,1,35.8921087,128.5922551
2021,대구광역시 북구 침산동 335-3,침산동 335-3,침산동,1,35.8924159,128.5916132
2021,대구광역시 북구 침산동 336-12,침산동 336-12,침산동,1,35.8925863,128.5900095
2021,대구광역시 북구 침산동 336-21,침산동 336-21,침산동,1,35.8924534,128.5900648
2021,대구광역시 북구 침산동 338-2,침산동 338-2,침산동,1,35.8916099,128.5899602
2021,대구광역시 북구 침산동 339-11,침산동 339-11,침산동,13,35.8928675,128.5879563
2021,대구광역시 북구 침산동 339-13,침산동 339-13,침산동,2,35.8930863,128.5874895
2021,대구광역시 북구 침산동 339-2,침산동 339-2,침산동,32,35.8915235,128.5887818
2021,대구광역시 북구 침산동 341-1,침산동 341-1,침산동,3,35.8905339,128.5886701
2021,대구광역시 북구 침산동 341-3,침산동 341-3,침산동,1,35.8909934,128.5891383
2021,대구광역시 북구 침산동 341-5,침산동 341-5,침산동,1,35.8910393,128.5899243
2021,대구광역시 북구 침산동 343-2,침산동 343-2,침산동,1,35.8912939,128.5902868
2021,대구광역시 북구 침산동 360-3,침산동 360-3,침산동,5,35.8903423,128.5868828
2021,대구광역시 북구 침산동 363-1,침산동 363-1,침산동,4,35.889692,128.5876323
2021,대구광역시 북구 침산동 363-2,침산동 363-2,침산동,2,35.8896524,128.5869785
2021,대구광역시 북구 침산동 363-7,침산동 363-7,침산동,1,35.8893771,128.5869251
2021,대구광역시 북구 침산동 366-3,침산동 366-3,침산동,1,35.8889401,128.5879458
2021,대구광역시 북구 침산동 369-2,침산동 369-2,침산동,3,35.8885867,128.5867517
2021,대구광역시 북구 침산동 372-3,침산동 372-3,침산동,3,35.8871321,128.5878264
2021,대구광역시 북구 침산동 375-5,침산동 375-5,침산동,1,35.8881538,128.5889001
2021,대구광역시 북구 침산동 385-10,침산동 385-10,침산동,3,35.8862744,128.5865084
2021,대구광역시 북구 침산동 4-2,침산동 4-2,침산동,4,35.8869136,128.5976016
2021,대구광역시 북구 침산동 400-1,침산동 400-1,침산동,8,35.8873716,128.5866437
2021,대구광역시 북구 침산동 400-3,침산동 400-3,침산동,6,35.8873449,128.5859177
2021,대구광역시 북구 침산동 400-4,침산동 400-4,침산동,1,35.8864085,128.5847376
2021,대구광역시 북구 침산동 400-7,침산동 400-7,침산동,3,35.8863653,128.5859783
2021,대구광역시 북구 침산동 402-3,침산동 402-3,침산동,1,35.8881924,128.5837639
2021,대구광역시 북구 침산동 414-1,침산동 414-1,침산동,4,35.8887521,128.5863589
2021,대구광역시 북구 침산동 431-1,침산동 431-1,침산동,7,35.8893536,128.5859105
2021,대구광역시 북구 침산동 431-2,침산동 431-2,침산동,10,35.8900371,128.5860324
2021,대구광역시 북구 침산동 433-3,침산동 433-3,침산동,9,35.889731,128.5867109
2021,대구광역시 북구 침산동 434-3,침산동 434-3,침산동,11,35.8900111,128.5867855
2021,대구광역시 북구 침산동 434-7,침산동 434-7,침산동,3,35.8901132,128.5868207
2021,대구광역시 북구 침산동 443-2,침산동 443-2,침산동,1,35.8892142,128.5840843
2021,대구광역시 북구 침산동 447-16,침산동 447-16,침산동,1,35.8855135,128.5828192
2021,대구광역시 북구 침산동 447-19,침산동 447-19,침산동,1,35.8859179,128.5836816
2021,대구광역시 북구 침산동 447-2,침산동 447-2,침산동,2,35.886869,128.5833517
2021,대구광역시 북구 침산동 447-26,침산동 447-26,침산동,1,35.8856409,128.5834435
2021,대구광역시 북구 침산동 448-2,침산동 448-2,침산동,7,35.889724,128.5834206
2021,대구광역시 북구 침산동 448-8,침산동 448-8,침산동,2,35.8856573,128.5854756
2021,대구광역시 북구 침산동 449-16,침산동 449-16,침산동,2,35.8859367,128.5822473
2021,대구광역시 북구 침산동 449-17,침산동 449-17,침산동,2,35.8853789,128.582228
2021,대구광역시 북구 침산동 449-18,침산동 449-18,침산동,1,35.8852101,128.5822746
2021,대구광역시 북구 침산동 449-5,침산동 449-5,침산동,9,35.8880713,128.5828062
2021,대구광역시 북구 침산동 452-2,침산동 452-2,침산동,2,35.8900481,128.5836495
2021,대구광역시 북구 침산동 456-7,침산동 456-7,침산동,2,35.8899593,128.5847612
2021,대구광역시 북구 침산동 456-8,침산동 456-8,침산동,9,35.8902001,128.58452
2021,대구광역시 북구 침산동 465,침산동 465,침산동,1,35.8912662,128.585728
2021,대구광역시 북구 침산동 473-5,침산동 473-5,침산동,1,35.8907816,128.5870078
2021,대구광역시 북구 침산동 476-28,침산동 476-28,침산동,1,35.8914498,128.5872597
2021,대구광역시 북구 침산동 476-46,침산동 476-46,침산동,2,35.8913182,128.5868419
2021,대구광역시 북구 침산동 479-33,침산동 479-33,침산동,1,35.8917667,128.5868634
2021,대구광역시 북구 침산동 486-2,침산동 486-2,침산동,19,35.8919182,128.5866281
2021,대구광역시 북구 침산동 486-3,침산동 486-3,침산동,1,35.892052,128.586488
2021,대구광역시 북구 침산동 498-4,침산동 498-4,침산동,1,35.8930247,128.5869218
2021,대구광역시 북구 침산동 498-7,침산동 498-7,침산동,1,35.8929132,128.5869178
2021,대구광역시 북구 침산동 499-11,침산동 499-11,침산동,1,35.893154,128.5870803
2021,대구광역시 북구 침산동 499-13,침산동 499-13,침산동,1,35.8931691,128.5869252
2021,대구광역시 북구 침산동 499-2,침산동 499-2,침산동,4,35.8936856,128.5870462
2021,대구광역시 북구 침산동 5-2,침산동 5-2,침산동,1,35.8862301,128.5977772
2021,대구광역시 북구 침산동 503-9,침산동 503-9,침산동,2,35.8939908,128.5874698
2021,대구광역시 북구 침산동 507-19,침산동 507-19,침산동,1,35.8933078,128.5878319
2021,대구광역시 북구 침산동 508-32,침산동 508-32,침산동,1,35.8925665,128.5875359
2021,대구광역시 북구 침산동 510-11,침산동 510-11,침산동,1,35.8922556,128.5868827
2021,대구광역시 북구 침산동 514-7,침산동 514-7,침산동,1,35.892554,128.5878584
2021,대구광역시 북구 침산동 543-4,침산동 543-4,침산동,7,35.8934461,128.5897833
2021,대구광역시 북구 침산동 550-3,침산동 550-3,침산동,1,35.8945439,128.5887153
2021,대구광역시 북구 침산동 557-249,침산동 557-249,침산동,1,35.8951663,128.5907801
2021,대구광역시 북구 침산동 557-258,침산동 557-258,침산동,1,35.8952544,128.5908911
2021,대구광역시 북구 침산동 557-273,침산동 557-273,침산동,1,35.8953937,128.5907972
2021,대구광역시 북구 침산동 557-292,침산동 557-292,침산동,1,35.8951842,128.5907566
2021,대구광역시 북구 침산동 557-298,침산동 557-298,침산동,1,35.8930371,128.5916556
2021,대구광역시 북구 침산동 557-4,침산동 557-4,침산동,1,35.8950659,128.5909969
2021,대구광역시 북구 침산동 557-57,침산동 557-57,침산동,2,35.8931398,128.5916528
2021,대구광역시 북구 침산동 557-84,침산동 557-84,침산동,2,35.8939739,128.5913251
2021,대구광역시 북구 침산동 561,침산동 561,침산동,1,35.8955682,128.5890406
2021,대구광역시 북구 침산동 585-6,침산동 585-6,침산동,1,35.895932,128.5907725
2021,대구광역시 북구 침산동 611,침산동 611,침산동,22,35.897955,128.5911226
2021,대구광역시 북구 침산동 623-1,침산동 623-1,침산동,2,35.8984961,128.59091
2021,대구광역시 북구 침산동 623-5,침산동 623-5,침산동,2,35.8982883,128.5908841
2021,대구광역시 북구 침산동 623-6,침산동 623-6,침산동,1,35.8981671,128.5908706
2021,대구광역시 북구 침산동 624-16,침산동 624-16,침산동,1,35.8909308,128.592099
2021,대구광역시 북구 침산동 625-1,침산동 625-1,침산동,10,35.8982769,128.5908818
2021,대구광역시 북구 침산동 626,침산동 626,침산동,5,35.8991516,128.5914512
2021,대구광역시 북구 침산동 626-3,침산동 626-3,침산동,1,35.898849,128.5915261
2021,대구광역시 북구 침산동 634-2,침산동 634-2,침산동,1,35.8986297,128.5916674
2021,대구광역시 북구 침산동 637-1,침산동 637-1,침산동,4,35.8988763,128.5908617
2021,대구광역시 북구 침산동 641-3,침산동 641-3,침산동,1,35.8985839,128.5892954
2021,대구광역시 북구 침산동 646-2,침산동 646-2,침산동,3,35.9001346,128.5886106
2021,대구광역시 북구 침산동 653,침산동 653,침산동,1,35.8993744,128.5908849
2021,대구광역시 북구 침산동 655,침산동 655,침산동,1,35.8994659,128.5913329
2021,대구광역시 북구 침산동 663-8,침산동 663-8,침산동,1,35.8997755,128.5927003
2021,대구광역시 북구 침산동 685-1,침산동 685-1,침산동,1,35.9011678,128.5912416
2021,대구광역시 북구 침산동 7-9,침산동 7-9,침산동,1,35.8854616,128.5975473
2021,대구광역시 북구 침산동 74,침산동 74,침산동,1,35.8849861,128.6002486
2021,대구광역시 북구 침산동 743-1,침산동 743-1,침산동,1,35.903729,128.5852774
2021,대구광역시 북구 침산동 841-2,침산동 841-2,침산동,1,35.9010843,128.5850712
2021,대구광역시 북구 침산동 87-13,침산동 87-13,침산동,1,35.8850319,128.5989337
2021,대구광역시 북구 침산동 977-2,침산동 977-2,침산동,1,35.9035699,128.579892
2021,대구광역시 북구 침산동 산 5-3,침산동 산 5-3,침산동,1,35.8996437,128.5858809
2021,대구광역시 북구 태전동 1000,태전동 1000,태전동,14,35.9299378,128.5524731
2021,대구광역시 북구 태전동 1001,태전동 1001,태전동,6,35.9294237,128.5522368
2021,대구광역시 북구 태전동 1002,태전동 1002,태전동,5,35.9301624,128.5513702
2021,대구광역시 북구 태전동 1003-17,태전동 1003-17,태전동,1,35.928994,128.5483257
2021,대구광역시 북구 태전동 1005,태전동 1005,태전동,2,35.9303743,128.5486689
2021,대구광역시 북구 태전동 1008-9,태전동 1008-9,태전동,1,35.9302148,128.5508598
2021,대구광역시 북구 태전동 1013,태전동 1013,태전동,1,35.929581,128.5495043
2021,대구광역시 북구 태전동 1020,태전동 1020,태전동,8,35.9289876,128.5484375
2021,대구광역시 북구 태전동 1023-12,태전동 1023-12,태전동,1,35.9287064,128.5503657
2021,대구광역시 북구 태전동 1023-13,태전동 1023-13,태전동,3,35.928718,128.550242
2021,대구광역시 북구 태전동 1024,태전동 1024,태전동,3,35.9294322,128.5508536
2021,대구광역시 북구 태전동 1025-16,태전동 1025-16,태전동,1,35.9289378,128.5514863
2021,대구광역시 북구 태전동 1025-17,태전동 1025-17,태전동,2,35.9289502,128.5512339
2021,대구광역시 북구 태전동 1027-1,태전동 1027-1,태전동,1,35.9292683,128.5510555
2021,대구광역시 북구 태전동 1029,태전동 1029,태전동,1,35.9288149,128.5508843
2021,대구광역시 북구 태전동 1029-10,태전동 1029-10,태전동,1,35.9286603,128.5508567
2021,대구광역시 북구 태전동 1029-7,태전동 1029-7,태전동,1,35.9286153,128.5512602
2021,대구광역시 북구 태전동 1030,태전동 1030,태전동,35,35.9285981,128.5497433
2021,대구광역시 북구 태전동 1031-22,태전동 1031-22,태전동,2,35.928241,128.548206
2021,대구광역시 북구 태전동 1031-25,태전동 1031-25,태전동,1,35.9285849,128.5482531
2021,대구광역시 북구 태전동 1031-3,태전동 1031-3,태전동,1,35.9282098,128.5480051
2021,대구광역시 북구 태전동 1032,태전동 1032,태전동,1,35.9284592,128.54835
2021,대구광역시 북구 태전동 1033-13,태전동 1033-13,태전동,2,35.9283606,128.5484235
2021,대구광역시 북구 태전동 1033-4,태전동 1033-4,태전동,3,35.9284932,128.5489479
2021,대구광역시 북구 태전동 1033-5,태전동 1033-5,태전동,1,35.9284796,128.5490771
2021,대구광역시 북구 태전동 1033-6,태전동 1033-6,태전동,1,35.928465,128.5492056
2021,대구광역시 북구 태전동 1035,태전동 1035,태전동,1,35.9284411,128.5494271
2021,대구광역시 북구 태전동 1035-5,태전동 1035-5,태전동,2,35.9282831,128.5501341
2021,대구광역시 북구 태전동 1037-3,태전동 1037-3,태전동,1,35.9283098,128.5508672
2021,대구광역시 북구 태전동 1037-7,태전동 1037-7,태전동,2,35.9283171,128.5514373
2021,대구광역시 북구 태전동 1049-12,태전동 1049-12,태전동,1,35.9256692,128.5482917
2021,대구광역시 북구 태전동 1049-2,태전동 1049-2,태전동,1,35.9268419,128.5478986
2021,대구광역시 북구 태전동 1050,태전동 1050,태전동,2,35.926458,128.5480649
2021,대구광역시 북구 태전동 1057-7,태전동 1057-7,태전동,1,35.9259719,128.5488211
2021,대구광역시 북구 태전동 1058,태전동 1058,태전동,1,35.9260855,128.5491696
2021,대구광역시 북구 태전동 1059-1,태전동 1059-1,태전동,1,35.9261933,128.5493615
2021,대구광역시 북구 태전동 1059-5,태전동 1059-5,태전동,1,35.9257509,128.5490171
2021,대구광역시 북구 태전동 1060,태전동 1060,태전동,2,35.9258568,128.5494457
2021,대구광역시 북구 태전동 1061,태전동 1061,태전동,1,35.9257949,128.5495078
2021,대구광역시 북구 태전동 1062,태전동 1062,태전동,10,35.9254966,128.5484072
2021,대구광역시 북구 태전동 1065-1,태전동 1065-1,태전동,1,35.9311522,128.542736
2021,대구광역시 북구 태전동 1066,태전동 1066,태전동,2,35.9322392,128.5413866
2021,대구광역시 북구 태전동 1066-23,태전동 1066-23,태전동,7,35.9313809,128.539987
2021,대구광역시 북구 태전동 1067-2,태전동 1067-2,태전동,2,35.9334634,128.5402887
2021,대구광역시 북구 태전동 1067-3,태전동 1067-3,태전동,3,35.9329573,128.5399724
2021,대구광역시 북구 태전동 1068,태전동 1068,태전동,4,35.9291283,128.54744
2021,대구광역시 북구 태전동 1069,태전동 1069,태전동,1,35.9281328,128.5508508
2021,대구광역시 북구 태전동 1073-25,태전동 1073-25,태전동,1,35.9280558,128.5514785
2021,대구광역시 북구 태전동 1073-32,태전동 1073-32,태전동,2,35.9279532,128.5512394
2021,대구광역시 북구 태전동 1073-34,태전동 1073-34,태전동,1,35.9272563,128.5506528
2021,대구광역시 북구 태전동 1075-69,태전동 1075-69,태전동,1,35.9243897,128.5488923
2021,대구광역시 북구 태전동 1081,태전동 1081,태전동,3,35.9285259,128.5518346
2021,대구광역시 북구 태전동 1083,태전동 1083,태전동,2,35.9281711,128.5516779
2021,대구광역시 북구 태전동 1100,태전동 1100,태전동,1,35.9112361,128.5439807
2021,대구광역시 북구 태전동 1102,태전동 1102,태전동,1,35.9132965,128.5448385
2021,대구광역시 북구 태전동 1103,태전동 1103,태전동,4,35.9118481,128.545208
2021,대구광역시 북구 태전동 1104,태전동 1104,태전동,1,35.9129662,128.5461939
2021,대구광역시 북구 태전동 1105,태전동 1105,태전동,1,35.9099752,128.5460319
2021,대구광역시 북구 태전동 1106,태전동 1106,태전동,18,35.9114507,128.5465871
2021,대구광역시 북구 태전동 1106-1,태전동 1106-1,태전동,52,35.912544,128.547829
2021,대구광역시 북구 태전동 1106-2,태전동 1106-2,태전동,6,35.9095126,128.5473739
2021,대구광역시 북구 태전동 1107,태전동 1107,태전동,3,35.9132295,128.546893
2021,대구광역시 북구 태전동 1108,태전동 1108,태전동,2,35.9132354,128.5471797
2021,대구광역시 북구 태전동 1110,태전동 1110,태전동,1,35.9132451,128.5477355
2021,대구광역시 북구 태전동 1111,태전동 1111,태전동,1,35.9132626,128.5478968
2021,대구광역시 북구 태전동 1113,태전동 1113,태전동,6,35.9129799,128.5480711
2021,대구광역시 북구 태전동 1114,태전동 1114,태전동,2,35.9127814,128.5480693
2021,대구광역시 북구 태전동 1119,태전동 1119,태전동,1,35.9128549,128.5475964
2021,대구광역시 북구 태전동 1126,태전동 1126,태전동,1,35.9123145,128.546876
2021,대구광역시 북구 태전동 1128,태전동 1128,태전동,5,35.9105616,128.5474772
2021,대구광역시 북구 태전동 1151,태전동 1151,태전동,2,35.9094672,128.5471227
2021,대구광역시 북구 태전동 1161,태전동 1161,태전동,1,35.9087967,128.5479278
2021,대구광역시 북구 태전동 1182,태전동 1182,태전동,1,35.9158283,128.5439536
2021,대구광역시 북구 태전동 1185,태전동 1185,태전동,2,35.9234843,128.5528949
2021,대구광역시 북구 태전동 1186,태전동 1186,태전동,1,35.9226376,128.5518106
2021,대구광역시 북구 태전동 1188,태전동 1188,태전동,1,35.9219486,128.5513339
2021,대구광역시 북구 태전동 1191,태전동 1191,태전동,1,35.9216151,128.5504174
2021,대구광역시 북구 태전동 1194,태전동 1194,태전동,1,35.9215642,128.5509229
2021,대구광역시 북구 태전동 1196,태전동 1196,태전동,1,35.9213771,128.5509667
2021,대구광역시 북구 태전동 1197,태전동 1197,태전동,1,35.9211961,128.5508578
2021,대구광역시 북구 태전동 1200,태전동 1200,태전동,1,35.921203,128.5505115
2021,대구광역시 북구 태전동 1207,태전동 1207,태전동,6,35.9212771,128.5503875
2021,대구광역시 북구 태전동 1213,태전동 1213,태전동,1,35.9291562,128.5450589
2021,대구광역시 북구 태전동 1217,태전동 1217,태전동,1,35.9292534,128.5458723
2021,대구광역시 북구 태전동 1219,태전동 1219,태전동,1,35.9292138,128.5464252
2021,대구광역시 북구 태전동 1221,태전동 1221,태전동,1,35.9289959,128.5467941
2021,대구광역시 북구 태전동 1235,태전동 1235,태전동,1,35.9293769,128.5459112
2021,대구광역시 북구 태전동 1239,태전동 1239,태전동,2,35.9286491,128.5471037
2021,대구광역시 북구 태전동 138-1,태전동 138-1,태전동,1,35.9220587,128.5398688
2021,대구광역시 북구 태전동 143-1,태전동 143-1,태전동,1,35.9218297,128.5415732
2021,대구광역시 북구 태전동 143-3,태전동 143-3,태전동,8,35.9223275,128.5418334
2021,대구광역시 북구 태전동 148-15,태전동 148-15,태전동,52,35.9237375,128.5444019
2021,대구광역시 북구 태전동 148-2,태전동 148-2,태전동,2,35.9219398,128.5456117
2021,대구광역시 북구 태전동 151-9,태전동 151-9,태전동,2,35.9213764,128.5460769
2021,대구광역시 북구 태전동 155-27,태전동 155-27,태전동,1,35.9226023,128.5446902
2021,대구광역시 북구 태전동 155-33,태전동 155-33,태전동,1,35.9232217,128.544339
2021,대구광역시 북구 태전동 165-3,태전동 165-3,태전동,1,35.9223777,128.5430316
2021,대구광역시 북구 태전동 169-2,태전동 169-2,태전동,1,35.916771,128.5430117
2021,대구광역시 북구 태전동 198,태전동 198,태전동,3,35.9217756,128.5425605
2021,대구광역시 북구 태전동 200-1,태전동 200-1,태전동,1,35.921115,128.5427413
2021,대구광역시 북구 태전동 204-12,태전동 204-12,태전동,1,35.9198407,128.5430899
2021,대구광역시 북구 태전동 204-28,태전동 204-28,태전동,1,35.9199085,128.5422892
2021,대구광역시 북구 태전동 205-14,태전동 205-14,태전동,11,35.9189322,128.5428982
2021,대구광역시 북구 태전동 207-6,태전동 207-6,태전동,4,35.9222235,128.5418313
2021,대구광역시 북구 태전동 209-10,태전동 209-10,태전동,1,35.9224588,128.541531
2021,대구광역시 북구 태전동 209-11,태전동 209-11,태전동,1,35.9224087,128.5416768
2021,대구광역시 북구 태전동 209-18,태전동 209-18,태전동,2,35.922413,128.5412436
2021,대구광역시 북구 태전동 214-41,태전동 214-41,태전동,1,35.923109,128.5412287
2021,대구광역시 북구 태전동 215-2,태전동 215-2,태전동,4,35.9238964,128.5415862
2021,대구광역시 북구 태전동 215-4,태전동 215-4,태전동,1,35.9233887,128.5417442
2021,대구광역시 북구 태전동 216-15,태전동 216-15,태전동,1,35.9233424,128.5419295
2021,대구광역시 북구 태전동 216-4,태전동 216-4,태전동,12,35.924039,128.5419933
2021,대구광역시 북구 태전동 216-6,태전동 216-6,태전동,1,35.9232323,128.5418145
2021,대구광역시 북구 태전동 217-11,태전동 217-11,태전동,1,35.9230586,128.5419153
2021,대구광역시 북구 태전동 227-1,태전동 227-1,태전동,1,35.9244306,128.5456405
2021,대구광역시 북구 태전동 232-4,태전동 232-4,태전동,2,35.923506,128.5447197
2021,대구광역시 북구 태전동 253-17,태전동 253-17,태전동,1,35.9253209,128.543922
2021,대구광역시 북구 태전동 253-5,태전동 253-5,태전동,7,35.9255975,128.5440015
2021,대구광역시 북구 태전동 254-11,태전동 254-11,태전동,1,35.9244386,128.5430904
2021,대구광역시 북구 태전동 254-29,태전동 254-29,태전동,3,35.9252373,128.5427289
2021,대구광역시 북구 태전동 254-3,태전동 254-3,태전동,1,35.9247207,128.5430575
2021,대구광역시 북구 태전동 255-19,태전동 255-19,태전동,1,35.9243476,128.5424189
2021,대구광역시 북구 태전동 255-35,태전동 255-35,태전동,2,35.9239762,128.5425647
2021,대구광역시 북구 태전동 255-4,태전동 255-4,태전동,1,35.9242221,128.5426435
2021,대구광역시 북구 태전동 255-44,태전동 255-44,태전동,1,35.924065,128.5428101
2021,대구광역시 북구 태전동 255-50,태전동 255-50,태전동,2,35.9241799,128.5422459
2021,대구광역시 북구 태전동 255-9,태전동 255-9,태전동,4,35.9239823,128.5422611
2021,대구광역시 북구 태전동 256-12,태전동 256-12,태전동,1,35.9226427,128.5421059
2021,대구광역시 북구 태전동 256-36,태전동 256-36,태전동,1,35.9226309,128.5423785
2021,대구광역시 북구 태전동 256-6,태전동 256-6,태전동,1,35.9228665,128.5421276
2021,대구광역시 북구 태전동 256-7,태전동 256-7,태전동,1,35.9232789,128.5421674
2021,대구광역시 북구 태전동 257-1,태전동 257-1,태전동,1,35.9238877,128.5439748
2021,대구광역시 북구 태전동 257-10,태전동 257-10,태전동,3,35.9232425,128.5439897
2021,대구광역시 북구 태전동 257-12,태전동 257-12,태전동,1,35.9232299,128.5439866
2021,대구광역시 북구 태전동 257-5,태전동 257-5,태전동,1,35.9232153,128.5440591
2021,대구광역시 북구 태전동 286-1,태전동 286-1,태전동,1,35.92578,128.5407104
2021,대구광역시 북구 태전동 332-3,태전동 332-3,태전동,1,35.9271712,128.5423899
2021,대구광역시 북구 태전동 337-5,태전동 337-5,태전동,1,35.9268933,128.5426398
2021,대구광역시 북구 태전동 337-7,태전동 337-7,태전동,3,35.9275173,128.54212
2021,대구광역시 북구 태전동 359-15,태전동 359-15,태전동,1,35.9243461,128.5452493
2021,대구광역시 북구 태전동 368-2,태전동 368-2,태전동,1,35.9278928,128.5438159
2021,대구광역시 북구 태전동 369-1,태전동 369-1,태전동,1,35.9283675,128.5450184
2021,대구광역시 북구 태전동 369-2,태전동 369-2,태전동,3,35.9283478,128.544723
2021,대구광역시 북구 태전동 380-2,태전동 380-2,태전동,1,35.9288798,128.5448749
2021,대구광역시 북구 태전동 380-4,태전동 380-4,태전동,1,35.9286429,128.5445677
2021,대구광역시 북구 태전동 381,태전동 381,태전동,9,35.929232,128.5448633
2021,대구광역시 북구 태전동 409-12,태전동 409-12,태전동,1,35.9227963,128.5463067
2021,대구광역시 북구 태전동 409-2,태전동 409-2,태전동,4,35.9234007,128.5468025
2021,대구광역시 북구 태전동 417-3,태전동 417-3,태전동,1,35.9238658,128.5471477
2021,대구광역시 북구 태전동 420-1,태전동 420-1,태전동,1,35.9240021,128.5473466
2021,대구광역시 북구 태전동 422-32,태전동 422-32,태전동,1,35.9224996,128.5476759
2021,대구광역시 북구 태전동 422-8,태전동 422-8,태전동,3,35.9228127,128.5479639
2021,대구광역시 북구 태전동 423-1,태전동 423-1,태전동,2,35.9224661,128.5479161
2021,대구광역시 북구 태전동 442,태전동 442,태전동,1,35.9183001,128.5515233
2021,대구광역시 북구 태전동 454,태전동 454,태전동,12,35.9188402,128.5509747
2021,대구광역시 북구 태전동 456-5,태전동 456-5,태전동,1,35.9158948,128.5507826
2021,대구광역시 북구 태전동 489,태전동 489,태전동,1,35.9152179,128.549857
2021,대구광역시 북구 태전동 494-7,태전동 494-7,태전동,1,35.9144218,128.5483305
2021,대구광역시 북구 태전동 497-3,태전동 497-3,태전동,1,35.9160768,128.5478382
2021,대구광역시 북구 태전동 498-11,태전동 498-11,태전동,1,35.9157608,128.547438
2021,대구광역시 북구 태전동 499-1,태전동 499-1,태전동,2,35.9162694,128.5476934
2021,대구광역시 북구 태전동 505-17,태전동 505-17,태전동,1,35.9164545,128.547313
2021,대구광역시 북구 태전동 506-11,태전동 506-11,태전동,1,35.9161573,128.5469838
2021,대구광역시 북구 태전동 51-10,태전동 51-10,태전동,7,35.9322845,128.5396562
2021,대구광역시 북구 태전동 51-7,태전동 51-7,태전동,1,35.9315659,128.5396014
2021,대구광역시 북구 태전동 521-1,태전동 521-1,태전동,1,35.918238,128.5477345
2021,대구광역시 북구 태전동 529,태전동 529,태전동,2,35.9175544,128.5463316
2021,대구광역시 북구 태전동 53-1,태전동 53-1,태전동,1,35.930423,128.5391871
2021,대구광역시 북구 태전동 532-1,태전동 532-1,태전동,1,35.9189151,128.5490774
2021,대구광역시 북구 태전동 532-4,태전동 532-4,태전동,3,35.9185244,128.5478455
2021,대구광역시 북구 태전동 532-6,태전동 532-6,태전동,4,35.9185972,128.5480439
2021,대구광역시 북구 태전동 584-23,태전동 584-23,태전동,1,35.9189446,128.5502697
2021,대구광역시 북구 태전동 595-2,태전동 595-2,태전동,1,35.9202173,128.5508342
2021,대구광역시 북구 태전동 608-13,태전동 608-13,태전동,1,35.9202983,128.5482868
2021,대구광역시 북구 태전동 608-17,태전동 608-17,태전동,1,35.9192288,128.5479789
2021,대구광역시 북구 태전동 608-26,태전동 608-26,태전동,1,35.9202611,128.5483334
2021,대구광역시 북구 태전동 608-28,태전동 608-28,태전동,2,35.9193782,128.5488682
2021,대구광역시 북구 태전동 608-5,태전동 608-5,태전동,3,35.9201779,128.5491599
2021,대구광역시 북구 태전동 614-4,태전동 614-4,태전동,1,35.9190681,128.5501855
2021,대구광역시 북구 태전동 620-6,태전동 620-6,태전동,2,35.918812,128.5478593
2021,대구광역시 북구 태전동 623-11,태전동 623-11,태전동,1,35.9204441,128.5470281
2021,대구광역시 북구 태전동 623-7,태전동 623-7,태전동,3,35.9205628,128.5469899
2021,대구광역시 북구 태전동 646-2,태전동 646-2,태전동,3,35.9173451,128.5456399
2021,대구광역시 북구 태전동 656-3,태전동 656-3,태전동,1,35.9154187,128.5455813
2021,대구광역시 북구 태전동 672,태전동 672,태전동,1,35.9163581,128.5450626
2021,대구광역시 북구 태전동 676-27,태전동 676-27,태전동,1,35.9144893,128.5429624
2021,대구광역시 북구 태전동 678,태전동 678,태전동,1,35.9182347,128.5438261
2021,대구광역시 북구 태전동 682-3,태전동 682-3,태전동,1,35.9182686,128.5428938
2021,대구광역시 북구 태전동 682-33,태전동 682-33,태전동,1,35.9207955,128.5459718
2021,대구광역시 북구 태전동 682-4,태전동 682-4,태전동,2,35.9252576,128.5421418
2021,대구광역시 북구 태전동 682-44,태전동 682-44,태전동,15,35.9224304,128.5419603
2021,대구광역시 북구 태전동 682-46,태전동 682-46,태전동,3,35.918394,128.5430935
2021,대구광역시 북구 태전동 686-2,태전동 686-2,태전동,1,35.9149504,128.5438405
2021,대구광역시 북구 태전동 689-5,태전동 689-5,태전동,3,35.9133761,128.5431661
2021,대구광역시 북구 태전동 695,태전동 695,태전동,6,35.9140617,128.545597
2021,대구광역시 북구 태전동 695-1,태전동 695-1,태전동,13,35.914052,128.5465298
2021,대구광역시 북구 태전동 716,태전동 716,태전동,18,35.9142994,128.5432828
2021,대구광역시 북구 태전동 749-1,태전동 749-1,태전동,1,35.9141471,128.5465692
2021,대구광역시 북구 태전동 749-22,태전동 749-22,태전동,4,35.9138607,128.546768
2021,대구광역시 북구 태전동 77,태전동 77,태전동,1,35.9297249,128.5395048
2021,대구광역시 북구 태전동 787-1,태전동 787-1,태전동,2,35.9141954,128.5478081
2021,대구광역시 북구 태전동 787-2,태전동 787-2,태전동,1,35.9143189,128.548185
2021,대구광역시 북구 태전동 879-23,태전동 879-23,태전동,1,35.9189835,128.5504262
2021,대구광역시 북구 태전동 879-51,태전동 879-51,태전동,1,35.9161279,128.5514878
2021,대구광역시 북구 태전동 881-55,태전동 881-55,태전동,1,35.9220973,128.5488338
2021,대구광역시 북구 태전동 881-60,태전동 881-60,태전동,1,35.9100201,128.548375
2021,대구광역시 북구 태전동 881-98,태전동 881-98,태전동,7,35.9200308,128.5474229
2021,대구광역시 북구 태전동 882-1,태전동 882-1,태전동,2,35.92668,128.5420008
2021,대구광역시 북구 태전동 882-7,태전동 882-7,태전동,3,35.9229777,128.5468722
2021,대구광역시 북구 태전동 887,태전동 887,태전동,6,35.9176869,128.5481544
2021,대구광역시 북구 태전동 889-4,태전동 889-4,태전동,1,35.9178998,128.5503273
2021,대구광역시 북구 태전동 889-6,태전동 889-6,태전동,1,35.9174569,128.5511839
2021,대구광역시 북구 태전동 890-1,태전동 890-1,태전동,3,35.9206285,128.5465258
2021,대구광역시 북구 태전동 898-5,태전동 898-5,태전동,5,35.9140565,128.5485017
2021,대구광역시 북구 태전동 907-2,태전동 907-2,태전동,1,35.9291421,128.5455913
2021,대구광역시 북구 태전동 908-3,태전동 908-3,태전동,6,35.9285577,128.5445409
2021,대구광역시 북구 태전동 908-5,태전동 908-5,태전동,1,35.9286343,128.544981
2021,대구광역시 북구 태전동 93,태전동 93,태전동,1,35.9256335,128.5407419
2021,대구광역시 북구 태전동 934,태전동 934,태전동,1,35.9331242,128.5469471
2021,대구광역시 북구 태전동 935,태전동 935,태전동,3,35.9332446,128.5404606
2021,대구광역시 북구 태전동 936,태전동 936,태전동,3,35.9332119,128.5415602
2021,대구광역시 북구 태전동 936-1,태전동 936-1,태전동,5,35.9327518,128.5435366
2021,대구광역시 북구 태전동 937,태전동 937,태전동,11,35.9315583,128.5444546
2021,대구광역시 북구 태전동 938,태전동 938,태전동,5,35.9324128,128.5460136
2021,대구광역시 북구 태전동 940,태전동 940,태전동,1,35.9325103,128.5479927
2021,대구광역시 북구 태전동 940-1,태전동 940-1,태전동,1,35.9322072,128.5479949
2021,대구광역시 북구 태전동 942,태전동 942,태전동,3,35.9311273,128.5454713
2021,대구광역시 북구 태전동 943-12,태전동 943-12,태전동,1,35.9305053,128.5448201
2021,대구광역시 북구 태전동 945-11,태전동 945-11,태전동,1,35.9303351,128.545264
2021,대구광역시 북구 태전동 946,태전동 946,태전동,1,35.9302658,128.5449628
2021,대구광역시 북구 태전동 947-1,태전동 947-1,태전동,1,35.9300461,128.5446303
2021,대구광역시 북구 태전동 949-3,태전동 949-3,태전동,1,35.9300654,128.5452727
2021,대구광역시 북구 태전동 951-4,태전동 951-4,태전동,1,35.9297768,128.5451792
2021,대구광역시 북구 태전동 951-6,태전동 951-6,태전동,1,35.9296062,128.5452961
2021,대구광역시 북구 태전동 952,태전동 952,태전동,1,35.9303366,128.5453939
2021,대구광역시 북구 태전동 962,태전동 962,태전동,16,35.9294153,128.5461265
2021,대구광역시 북구 태전동 963,태전동 963,태전동,7,35.927137,128.5443284
2021,대구광역시 북구 태전동 964-11,태전동 964-11,태전동,1,35.9270386,128.5444883
2021,대구광역시 북구 태전동 969-17,태전동 969-17,태전동,1,35.9272303,128.5454588
2021,대구광역시 북구 태전동 969-27,태전동 969-27,태전동,1,35.9269193,128.5456186
2021,대구광역시 북구 태전동 969-3,태전동 969-3,태전동,2,35.9275068,128.5455003
2021,대구광역시 북구 태전동 970,태전동 970,태전동,2,35.9271569,128.5461842
2021,대구광역시 북구 태전동 973-3,태전동 973-3,태전동,3,35.9269133,128.5471992
2021,대구광역시 북구 태전동 974,태전동 974,태전동,2,35.9269725,128.5461085
2021,대구광역시 북구 태전동 975,태전동 975,태전동,7,35.9268009,128.5458224
2021,대구광역시 북구 태전동 980,태전동 980,태전동,1,35.9263273,128.5455983
2021,대구광역시 북구 태전동 981-3,태전동 981-3,태전동,1,35.9264836,128.545992
2021,대구광역시 북구 태전동 981-4,태전동 981-4,태전동,1,35.9265009,128.5458461
2021,대구광역시 북구 태전동 982,태전동 982,태전동,2,35.9264787,128.5463049
2021,대구광역시 북구 태전동 983-1,태전동 983-1,태전동,1,35.9265611,128.5462681
2021,대구광역시 북구 태전동 986-11,태전동 986-11,태전동,1,35.9259831,128.5454306
2021,대구광역시 북구 태전동 986-21,태전동 986-21,태전동,1,35.9261082,128.5442729
2021,대구광역시 북구 태전동 987-10,태전동 987-10,태전동,8,35.9258332,128.5467785
2021,대구광역시 북구 태전동 987-19,태전동 987-19,태전동,7,35.925961,128.5456237
2021,대구광역시 북구 태전동 988,태전동 988,태전동,4,35.9261809,128.5469356
2021,대구광역시 북구 태전동 989,태전동 989,태전동,3,35.9265068,128.5471354
2021,대구광역시 북구 태전동 989-3,태전동 989-3,태전동,1,35.9261335,128.5470794
2021,대구광역시 북구 태전동 989-4,태전동 989-4,태전동,1,35.9260236,128.547064
2021,대구광역시 북구 태전동 989-5,태전동 989-5,태전동,1,35.9259142,128.5470491
2021,대구광역시 북구 태전동 989-7,태전동 989-7,태전동,2,35.9257917,128.5470819
2021,대구광역시 북구 태전동 990,태전동 990,태전동,82,35.9257768,128.5452878
2021,대구광역시 북구 태전동 991,태전동 991,태전동,56,35.9291507,128.5478642
2021,대구광역시 북구 태전동 992,태전동 992,태전동,10,35.9322669,128.5510779
2021,대구광역시 북구 태전동 993,태전동 993,태전동,6,35.9322816,128.5489016
2021,대구광역시 북구 태전동 993-1,태전동 993-1,태전동,9,35.9317589,128.5487845
2021,대구광역시 북구 태전동 993-13,태전동 993-13,태전동,3,35.9319332,128.5486414
2021,대구광역시 북구 태전동 993-6,태전동 993-6,태전동,1,35.9315098,128.5489462
2021,대구광역시 북구 태전동 993-9,태전동 993-9,태전동,1,35.9313205,128.5485674
2021,대구광역시 북구 태전동 996,태전동 996,태전동,8,35.9314973,128.5491657
2021,대구광역시 북구 태전동 997,태전동 997,태전동,6,35.9314042,128.5498913
2021,대구광역시 북구 태전동 997-1,태전동 997-1,태전동,9,35.9313891,128.5511632
2021,대구광역시 북구 태전동 998,태전동 998,태전동,19,35.9311897,128.5517211
2021,대구광역시 북구 태전동 999-2,태전동 999-2,태전동,6,35.9303699,128.5519351
2021,대구광역시 북구 태전동 산 1,태전동 산 1,태전동,1,35.9259314,128.5437669
2021,대구광역시 북구 태전동 산 2-1,태전동 산 2-1,태전동,1,35.9267547,128.5437907
2021,대구광역시 북구 태전동 산 7-4,태전동 산 7-4,태전동,1,35.9288992,128.5447125
2021,대구광역시 북구 팔달동 11-1,팔달동 11-1,팔달동,3,35.8971026,128.5440005
2021,대구광역시 북구 팔달동 122-7,팔달동 122-7,팔달동,1,35.8974805,128.5473981
2021,대구광역시 북구 팔달동 124-6,팔달동 124-6,팔달동,1,35.8972827,128.546982
2021,대구광역시 북구 팔달동 15-13,팔달동 15-13,팔달동,1,35.8999784,128.5418328
2021,대구광역시 북구 팔달동 186-13,팔달동 186-13,팔달동,1,35.8968738,128.5457624
2021,대구광역시 북구 팔달동 186-24,팔달동 186-24,팔달동,10,35.8970368,128.5452081
2021,대구광역시 북구 팔달동 186-31,팔달동 186-31,팔달동,1,35.8969548,128.5457219
2021,대구광역시 북구 팔달동 220-6,팔달동 220-6,팔달동,2,35.8957483,128.5419516
2021,대구광역시 북구 팔달동 268-2,팔달동 268-2,팔달동,1,35.8956034,128.5373919
2021,대구광역시 북구 팔달동 27,팔달동 27,팔달동,2,35.8992716,128.5418942
2021,대구광역시 북구 팔달동 286-12,팔달동 286-12,팔달동,1,35.8940898,128.5327299
2021,대구광역시 북구 팔달동 397-2,팔달동 397-2,팔달동,1,35.8930969,128.5307075
2021,대구광역시 북구 팔달동 50,팔달동 50,팔달동,12,35.8985856,128.5442125
2021,대구광역시 북구 팔달동 52,팔달동 52,팔달동,9,35.8985014,128.5432755
2021,대구광역시 북구 팔달동 524-21,팔달동 524-21,팔달동,1,35.8978225,128.5481455
2021,대구광역시 북구 팔달동 54-1,팔달동 54-1,팔달동,1,35.8998332,128.542975
2021,대구광역시 북구 팔달동 72-2,팔달동 72-2,팔달동,1,35.8972916,128.5446117
2021,대구광역시 북구 팔달동 72-4,팔달동 72-4,팔달동,1,35.8984812,128.5443331
2021,대구광역시 북구 팔달동 72-7,팔달동 72-7,팔달동,2,35.8973093,128.5448894
2021,대구광역시 북구 팔달동 79,팔달동 79,팔달동,1,35.8972614,128.5457495
2021,대구광역시 북구 팔달동 85-4,팔달동 85-4,팔달동,1,35.8979833,128.5456711
2021,대구광역시 북구 팔달동 88-7,팔달동 88-7,팔달동,2,35.8973096,128.545908
2021,대구광역시 북구 팔달동 94-7,팔달동 94-7,팔달동,1,35.8995613,128.5451842
2021,대구광역시 북구 학정동 135,학정동 135,학정동,2,35.9504538,128.5699837
2021,대구광역시 북구 학정동 137-2,학정동 137-2,학정동,17,35.9491539,128.5704422
2021,대구광역시 북구 학정동 143,학정동 143,학정동,1,35.9484336,128.5700973
2021,대구광역시 북구 학정동 282-13,학정동 282-13,학정동,1,35.9528819,128.5652151
2021,대구광역시 북구 학정동 324-9,학정동 324-9,학정동,1,35.9550383,128.5667298
2021,대구광역시 북구 학정동 370-5,학정동 370-5,학정동,2,35.954723,128.5656728
2021,대구광역시 북구 학정동 372-1,학정동 372-1,학정동,1,35.9551577,128.5654256
2021,대구광역시 북구 학정동 451-6,학정동 451-6,학정동,1,35.9581321,128.5652402
2021,대구광역시 북구 학정동 452-3,학정동 452-3,학정동,1,35.9575756,128.5665382
2021,대구광역시 북구 학정동 460,학정동 460,학정동,1,35.9571487,128.5673259
2021,대구광역시 북구 학정동 474,학정동 474,학정동,1,35.9561481,128.5643617
2021,대구광역시 북구 학정동 474-12,학정동 474-12,학정동,1,35.955274,128.5637408
2021,대구광역시 북구 학정동 515-3,학정동 515-3,학정동,1,35.954874,128.5629955
2021,대구광역시 북구 학정동 546-1,학정동 546-1,학정동,1,35.949447,128.5629937
2021,대구광역시 북구 학정동 55,학정동 55,학정동,2,35.955116,128.5677316
2021,대구광역시 북구 학정동 752-3,학정동 752-3,학정동,1,35.9507758,128.5591209
2021,대구광역시 북구 학정동 752-4,학정동 752-4,학정동,1,35.9516479,128.5595698
2021,대구광역시 북구 학정동 872-1,학정동 872-1,학정동,1,35.9463281,128.5565897
2021,대구광역시 북구 학정동 892-13,학정동 892-13,학정동,1,35.9576113,128.5663197
2021,대구광역시 북구 학정동 917-1,학정동 917-1,학정동,3,35.9484244,128.5563631
2021,대구광역시 북구 학정동 925,학정동 925,학정동,20,35.9534982,128.5673485
2021,대구광역시 북구 학정동 926-4,학정동 926-4,학정동,1,35.9530239,128.5659101
2021,대구광역시 북구 학정동 926-5,학정동 926-5,학정동,6,35.9527854,128.5658636
2021,대구광역시 북구 학정동 927-17,학정동 927-17,학정동,1,35.9523727,128.5675815
2021,대구광역시 북구 학정동 928-7,학정동 928-7,학정동,2,35.9519584,128.5674433
2021,대구광역시 북구 학정동 934-3,학정동 934-3,학정동,1,35.9512086,128.5682245
2021,대구광역시 북구 학정동 935-5,학정동 935-5,학정동,1,35.9509156,128.5676478
2021,대구광역시 북구 학정동 936-1,학정동 936-1,학정동,3,35.9517373,128.5665719
2021,대구광역시 북구 학정동 936-2,학정동 936-2,학정동,2,35.9517036,128.5668983
2021,대구광역시 북구 학정동 937-1,학정동 937-1,학정동,1,35.951407,128.5674187
2021,대구광역시 북구 학정동 939-3,학정동 939-3,학정동,1,35.9507099,128.5659396
2021,대구광역시 북구 학정동 940-2,학정동 940-2,학정동,1,35.9517733,128.5662402
2021,대구광역시 북구 학정동 941-13,학정동 941-13,학정동,1,35.9518393,128.5657686
2021,대구광역시 북구 학정동 943-1,학정동 943-1,학정동,1,35.9488555,128.5652551
2021,대구광역시 북구 학정동 944-15,학정동 944-15,학정동,1,35.9490949,128.5655128
2021,대구광역시 북구 학정동 945-18,학정동 945-18,학정동,2,35.9500194,128.5662688
2021,대구광역시 북구 학정동 947-7,학정동 947-7,학정동,1,35.9490473,128.5667408
2021,대구광역시 북구 학정동 950,학정동 950,학정동,1,35.9499203,128.5680644
2021,대구광역시 북구 학정동 952,학정동 952,학정동,2,35.9542234,128.5647131
2021,대구광역시 북구 학정동 953,학정동 953,학정동,4,35.9520079,128.5654484
2021,대구광역시 북구 학정동 953-14,학정동 953-14,학정동,28,35.9500736,128.5673048
2021,대구광역시 북구 학정동 953-15,학정동 953-15,학정동,1,35.9515676,128.5669844
2021,대구광역시 북구 학정동 953-17,학정동 953-17,학정동,7,35.9501303,128.5664259
2021,대구광역시 북구 학정동 953-18,학정동 953-18,학정동,9,35.9510285,128.5662805
2021,대구광역시 북구 학정동 953-19,학정동 953-19,학정동,1,35.9502918,128.5655879
2021,대구광역시 북구 학정동 953-2,학정동 953-2,학정동,36,35.9526775,128.5662696
2021,대구광역시 북구 학정동 953-23,학정동 953-23,학정동,4,35.9494099,128.5659623
2021,대구광역시 북구 학정동 953-24,학정동 953-24,학정동,1,35.9494113,128.5665577
2021,대구광역시 북구 학정동 953-5,학정동 953-5,학정동,24,35.9520768,128.5676909
2021,대구광역시 북구 학정동 953-7,학정동 953-7,학정동,7,35.9516648,128.5687169
2021,대구광역시 북구 학정동 964,학정동 964,학정동,2,35.9495922,128.5679141
2021,대구광역시 북구 학정동 966-4,학정동 966-4,학정동,1,35.948653,128.5678845
2021,대구광역시 북구 학정동 967-10,학정동 967-10,학정동,2,35.9490168,128.5670178
2021,대구광역시 북구 학정동 968-6,학정동 968-6,학정동,1,35.9486241,128.5670355
2021,대구광역시 북구 학정동 971-4,학정동 971-4,학정동,2,35.9477145,128.5675665
2021,대구광역시 북구 학정동 980,학정동 980,학정동,7,35.9474604,128.5657881
2021,대구광역시 북구 학정동 981-2,학정동 981-2,학정동,1,35.947199,128.564706
2021,대구광역시 북구 학정동 982,학정동 982,학정동,3,35.9471171,128.5679955
2021,대구광역시 북구 학정동 983-2,학정동 983-2,학정동,4,35.9469075,128.569312
2021,대구광역시 북구 학정동 985,학정동 985,학정동,3,35.9482059,128.5691077
2021,대구광역시 북구 학정동 989-10,학정동 989-10,학정동,1,35.9491277,128.5676413
2021,대구광역시 북구 학정동 989-11,학정동 989-11,학정동,1,35.9498373,128.5675167
2021,대구광역시 북구 학정동 989-12,학정동 989-12,학정동,3,35.948877,128.5672001
2021,대구광역시 북구 학정동 989-13,학정동 989-13,학정동,1,35.9481465,128.568386
2021,대구광역시 북구 학정동 989-14,학정동 989-14,학정동,1,35.9480041,128.5677678
2021,대구광역시 북구 학정동 989-16,학정동 989-16,학정동,29,35.9476144,128.5679969
2021,대구광역시 북구 학정동 989-17,학정동 989-17,학정동,22,35.9474542,128.5673105
2021,대구광역시 북구 학정동 989-20,학정동 989-20,학정동,2,35.947645,128.5646065
2021,대구광역시 북구 학정동 989-22,학정동 989-22,학정동,1,35.9480364,128.5670446
2021,대구광역시 북구 학정동 989-23,학정동 989-23,학정동,6,35.9476607,128.5666124
2021,대구광역시 북구 학정동 989-5,학정동 989-5,학정동,1,35.9469407,128.5698123
2021,대구광역시 북구 학정동 989-7,학정동 989-7,학정동,7,35.9486402,128.5685498
2021,대구광역시 북구 학정동 989-9,학정동 989-9,학정동,4,35.949069,128.5680987
