위반사항,위반일시,단속구분,과태료부과일자,데이터기준일자
주정차 금지구역,2025-02-11,주행형CCTV,2026-01-02,2026-01-02
주정차 금지구역,2025-12-07,고정형CCTV,2026-01-02,2026-01-02
주정차 금지구역,2025-02-19,고정형CCTV,2026-01-02,2026-01-02
주정차 금지구역,2025-04-25,고정형CCTV,2026-01-02,2026-01-02
주정차 금지구역,2025-05-29,고정형CCTV,2026-01-02,2026-01-02
소방시설 주변,2025-05-30,안전신문고,2026-01-02,2026-01-02
도로모퉁이,2025-06-16,안전신문고,2026-01-02,2026-01-02
주정차 금지구역,2025-07-15,고정형CCTV,2026-01-02,2026-01-02
주정차 금지구역,2025-11-03,주행형CCTV,2026-01-02,2026-01-02
주정차 금지구역,2025-11-03,주행형CCTV,2026-01-02,2026-01-02
주정차 금지구역,2025-11-03,주행형CCTV,2026-01-02,2026-01-02
주정차 금지구역,2025-11-03,주행형CCTV,2026-01-02,2026-01-02
주정차 금지구역,2025-11-03,주행형CCTV,2026-01-02,2026-01-02
주정차 금지구역,2025-11-03,주행형CCTV,2026-01-02,2026-01-02
주정차 금지구역,2025-11-03,주행형CCTV,2026-01-02,2026-01-02
주정차 금지구역,2025-11-03,주행형CCTV,2026-01-02,2026-01-02
주정차 금지구역,2025-11-03,주행형CCTV,2026-01-02,2026-01-02
주정차 금지구역,2025-11-03,주행형CCTV,2026-01-02,2026-01-02
주정차 금지구역,2025-11-03,주행형CCTV,2026-01-02,2026-01-02
주정차 금지구역,2025-11-03,주행형CCTV,2026-01-02,2026-01-02
주정차 금지구역,2025-11-03,주행형CCTV,2026-01-02,2026-01-02
주정차 금지구역,2025-11-03,주행형CCTV,2026-01-02,2026-01-02
주정차 금지구역,2025-11-03,주행형CCTV,2026-01-02,2026-01-02
주정차 금지구역,2025-11-03,주행형CCTV,2026-01-02,2026-01-02
주정차 금지구역,2025-11-03,주행형CCTV,2026-01-02,2026-01-02
주정차 금지구역,2025-11-03,주행형CCTV,2026-01-02,2026-01-02
주정차 금지구역,2025-11-03,주행형CCTV,2026-01-02,2026-01-02
주정차 금지구역,2025-11-03,주행형CCTV,2026-01-02,2026-01-02
주정차 금지구역,2025-11-03,주행형CCTV,2026-01-02,2026-01-02
주정차 금지구역,2025-11-03,주행형CCTV,2026-01-02,2026-01-02
주정차 금지구역,2025-11-03,주행형CCTV,2026-01-02,2026-01-02
주정차 금지구역,2025-11-03,주행형CCTV,2026-01-02,2026-01-02
주정차 금지구역,2025-11-03,주행형CCTV,2026-01-02,2026-01-02
주정차 금지구역,2025-11-03,주행형CCTV,2026-01-02,2026-01-02
주정차 금지구역,2025-11-03,주행형CCTV,2026-01-02,2026-01-02
주정차 금지구역,2025-11-03,주행형CCTV,2026-01-02,2026-01-02
주정차 금지구역,2025-11-03,주행형CCTV,2026-01-02,2026-01-02
주정차 금지구역,2025-11-03,주행형CCTV,2026-01-02,2026-01-02
주정차 금지구역,2025-11-03,주행형CCTV,2026-01-02,2026-01-02
주정차 금지구역,2025-11-03,주행형CCTV,2026-01-02,2026-01-02
주정차 금지구역,2025-11-03,주행형CCTV,2026-01-02,2026-01-02
주정차 금지구역,2025-11-03,주행형CCTV,2026-01-02,2026-01-02
주정차 금지구역,2025-11-03,주행형CCTV,2026-01-02,2026-01-02
주정차 금지구역,2025-11-03,고정형CCTV,2026-01-02,2026-01-02
주정차 금지구역,2025-11-03,고정형CCTV,2026-01-02,2026-01-02
주정차 금지구역,2025-11-03,고정형CCTV,2026-01-02,2026-01-02
주정차 금지구역,2025-11-03,고정형CCTV,2026-01-02,2026-01-02
주정차 금지구역,2025-11-03,고정형CCTV,2026-01-02,2026-01-02
주정차 금지구역,2025-11-03,고정형CCTV,2026-01-02,2026-01-02
주정차 금지구역,2025-11-03,고정형CCTV,2026-01-02,2026-01-02
주정차 금지구역,2025-11-03,고정형CCTV,2026-01-02,2026-01-02
주정차 금지구역,2025-11-03,고정형CCTV,2026-01-02,2026-01-02
주정차 금지구역,2025-11-03,고정형CCTV,2026-01-02,2026-01-02
주정차 금지구역,2025-11-03,고정형CCTV,2026-01-02,2026-01-02
주정차 금지구역,2025-11-03,고정형CCTV,2026-01-02,2026-01-02
주정차 금지구역,2025-11-03,고정형CCTV,2026-01-02,2026-01-02
주정차 금지구역,2025-11-03,고정형CCTV,2026-01-02,2026-01-02
주정차 금지구역,2025-11-03,고정형CCTV,2026-01-02,2026-01-02
주정차 금지구역,2025-11-03,고정형CCTV,2026-01-02,2026-01-02
주정차 금지구역,2025-11-03,고정형CCTV,2026-01-02,2026-01-02
주정차 금지구역,2025-11-03,고정형CCTV,2026-01-02,2026-01-02
어린이 보호구역,2025-11-03,고정형CCTV,2026-01-02,2026-01-02
주정차 금지구역,2025-11-03,고정형CCTV,2026-01-02,2026-01-02
주정차 금지구역,2025-11-03,고정형CCTV,2026-01-02,2026-01-02
주정차 금지구역,2025-11-03,고정형CCTV,2026-01-02,2026-01-02
주정차 금지구역,2025-11-03,고정형CCTV,2026-01-02,2026-01-02
주정차 금지구역,2025-11-01,고정형CCTV,2026-01-02,2026-01-02
소방시설 주변,2025-11-01,고정형CCTV,2026-01-02,2026-01-02
주정차 금지구역,2025-11-01,고정형CCTV,2026-01-02,2026-01-02
주정차 금지구역,2025-11-01,고정형CCTV,2026-01-02,2026-01-02
주정차 금지구역,2025-11-01,고정형CCTV,2026-01-02,2026-01-02
주정차 금지구역,2025-11-01,고정형CCTV,2026-01-02,2026-01-02
주정차 금지구역,2025-11-01,고정형CCTV,2026-01-02,2026-01-02
주정차 금지구역,2025-11-01,고정형CCTV,2026-01-02,2026-01-02
주정차 금지구역,2025-11-01,고정형CCTV,2026-01-02,2026-01-02
주정차 금지구역,2025-11-01,고정형CCTV,2026-01-02,2026-01-02
주정차 금지구역,2025-11-01,고정형CCTV,2026-01-02,2026-01-02
주정차 금지구역,2025-11-01,고정형CCTV,2026-01-02,2026-01-02
주정차 금지구역,2025-11-01,고정형CCTV,2026-01-02,2026-01-02
주정차 금지구역,2025-11-01,고정형CCTV,2026-01-02,2026-01-02
주정차 금지구역,2025-11-01,고정형CCTV,2026-01-02,2026-01-02
주정차 금지구역,2025-11-01,고정형CCTV,2026-01-02,2026-01-02
주정차 금지구역,2025-11-01,고정형CCTV,2026-01-02,2026-01-02
주정차 금지구역,2025-11-01,고정형CCTV,2026-01-02,2026-01-02
주정차 금지구역,2025-11-01,고정형CCTV,2026-01-02,2026-01-02
주정차 금지구역,2025-11-01,고정형CCTV,2026-01-02,2026-01-02
주정차 금지구역,2025-11-01,고정형CCTV,2026-01-02,2026-01-02
주정차 금지구역,2025-11-01,고정형CCTV,2026-01-02,2026-01-02
주정차 금지구역,2025-11-01,고정형CCTV,2026-01-02,2026-01-02
주정차 금지구역,2025-11-01,고정형CCTV,2026-01-02,2026-01-02
주정차 금지구역,2025-11-01,고정형CCTV,2026-01-02,2026-01-02
주정차 금지구역,2025-11-01,고정형CCTV,2026-01-02,2026-01-02
주정차 금지구역,2025-11-01,고정형CCTV,2026-01-02,2026-01-02
주정차 금지구역,2025-11-01,고정형CCTV,2026-01-02,2026-01-02
주정차 금지구역,2025-11-01,고정형CCTV,2026-01-02,2026-01-02
주정차 금지구역,2025-11-02,고정형CCTV,2026-01-02,2026-01-02
주정차 금지구역,2025-11-02,고정형CCTV,2026-01-02,2026-01-02
주정차 금지구역,2025-11-02,고정형CCTV,2026-01-02,2026-01-02
주정차 금지구역,2025-11-02,고정형CCTV,2026-01-02,2026-01-02
주정차 금지구역,2025-11-02,고정형CCTV,2026-01-02,2026-01-02
주정차 금지구역,2025-11-02,고정형CCTV,2026-01-02,2026-01-02
주정차 금지구역,2025-11-02,고정형CCTV,2026-01-02,2026-01-02
주정차 금지구역,2025-11-02,고정형CCTV,2026-01-02,2026-01-02
주정차 금지구역,2025-11-02,고정형CCTV,2026-01-02,2026-01-02
주정차 금지구역,2025-11-02,고정형CCTV,2026-01-02,2026-01-02
주정차 금지구역,2025-11-02,고정형CCTV,2026-01-02,2026-01-02
주정차 금지구역,2025-11-02,고정형CCTV,2026-01-02,2026-01-02
주정차 금지구역,2025-11-02,고정형CCTV,2026-01-02,2026-01-02
주정차 금지구역,2025-11-02,고정형CCTV,2026-01-02,2026-01-02
주정차 금지구역,2025-11-02,고정형CCTV,2026-01-02,2026-01-02
주정차 금지구역,2025-11-02,고정형CCTV,2026-01-02,2026-01-02
주정차 금지구역,2025-11-02,고정형CCTV,2026-01-02,2026-01-02
주정차 금지구역,2025-11-02,고정형CCTV,2026-01-02,2026-01-02
소방시설 주변,2025-11-02,고정형CCTV,2026-01-02,2026-01-02
주정차 금지구역,2025-11-02,고정형CCTV,2026-01-02,2026-01-02
주정차 금지구역,2025-11-02,고정형CCTV,2026-01-02,2026-01-02
주정차 금지구역,2025-11-02,고정형CCTV,2026-01-02,2026-01-02
주정차 금지구역,2025-11-02,고정형CCTV,2026-01-02,2026-01-02
주정차 금지구역,2025-11-02,고정형CCTV,2026-01-02,2026-01-02
주정차 금지구역,2025-11-02,고정형CCTV,2026-01-02,2026-01-02
주정차 금지구역,2025-11-02,고정형CCTV,2026-01-02,2026-01-02
주정차 금지구역,2025-11-02,고정형CCTV,2026-01-02,2026-01-02
주정차 금지구역,2025-11-02,고정형CCTV,2026-01-02,2026-01-02
주정차 금지구역,2025-11-02,고정형CCTV,2026-01-02,2026-01-02
주정차 금지구역,2025-11-02,고정형CCTV,2026-01-02,2026-01-02
주정차 금지구역,2025-11-02,고정형CCTV,2026-01-02,2026-01-02
주정차 금지구역,2025-11-02,고정형CCTV,2026-01-02,2026-01-02
주정차 금지구역,2025-11-02,고정형CCTV,2026-01-02,2026-01-02
주정차 금지구역,2025-11-02,고정형CCTV,2026-01-02,2026-01-02
주정차 금지구역,2025-11-02,고정형CCTV,2026-01-02,2026-01-02
주정차 금지구역,2025-11-01,고정형CCTV,2026-01-02,2026-01-02
주정차 금지구역,2025-11-01,고정형CCTV,2026-01-02,2026-01-02
주정차 금지구역,2025-11-01,고정형CCTV,2026-01-02,2026-01-02
주정차 금지구역,2025-11-01,고정형CCTV,2026-01-02,2026-01-02
주정차 금지구역,2025-11-01,고정형CCTV,2026-01-02,2026-01-02
주정차 금지구역,2025-11-01,고정형CCTV,2026-01-02,2026-01-02
주정차 금지구역,2025-11-01,고정형CCTV,2026-01-02,2026-01-02
주정차 금지구역,2025-11-01,고정형CCTV,2026-01-02,2026-01-02
주정차 금지구역,2025-11-01,고정형CCTV,2026-01-02,2026-01-02
주정차 금지구역,2025-11-01,고정형CCTV,2026-01-02,2026-01-02
주정차 금지구역,2025-11-01,고정형CCTV,2026-01-02,2026-01-02
주정차 금지구역,2025-11-01,고정형CCTV,2026-01-02,2026-01-02
주정차 금지구역,2025-11-01,고정형CCTV,2026-01-02,2026-01-02
주정차 금지구역,2025-11-01,고정형CCTV,2026-01-02,2026-01-02
주정차 금지구역,2025-11-02,고정형CCTV,2026-01-02,2026-01-02
주정차 금지구역,2025-11-02,고정형CCTV,2026-01-02,2026-01-02
주정차 금지구역,2025-11-02,고정형CCTV,2026-01-02,2026-01-02
주정차 금지구역,2025-11-02,고정형CCTV,2026-01-02,2026-01-02
주정차 금지구역,2025-11-02,고정형CCTV,2026-01-02,2026-01-02
주정차 금지구역,2025-11-02,고정형CCTV,2026-01-02,2026-01-02
주정차 금지구역,2025-11-02,고정형CCTV,2026-01-02,2026-01-02
주정차 금지구역,2025-11-02,고정형CCTV,2026-01-02,2026-01-02
주정차 금지구역,2025-11-02,고정형CCTV,2026-01-02,2026-01-02
주정차 금지구역,2025-11-02,고정형CCTV,2026-01-02,2026-01-02
주정차 금지구역,2025-11-02,고정형CCTV,2026-01-02,2026-01-02
주정차 금지구역,2025-11-02,고정형CCTV,2026-01-02,2026-01-02
주정차 금지구역,2025-11-02,고정형CCTV,2026-01-02,2026-01-02
주정차 금지구역,2025-11-02,고정형CCTV,2026-01-02,2026-01-02
주정차 금지구역,2025-11-02,고정형CCTV,2026-01-02,2026-01-02
주정차 금지구역,2025-11-02,고정형CCTV,2026-01-02,2026-01-02
주정차 금지구역,2025-11-02,고정형CCTV,2026-01-02,2026-01-02
주정차 금지구역,2025-11-02,고정형CCTV,2026-01-02,2026-01-02
주정차 금지구역,2025-11-02,고정형CCTV,2026-01-02,2026-01-02
주정차 금지구역,2025-11-02,고정형CCTV,2026-01-02,2026-01-02
주정차 금지구역,2025-11-03,고정형CCTV,2026-01-02,2026-01-02
주정차 금지구역,2025-11-03,고정형CCTV,2026-01-02,2026-01-02
주정차 금지구역,2025-11-03,고정형CCTV,2026-01-02,2026-01-02
주정차 금지구역,2025-11-03,고정형CCTV,2026-01-02,2026-01-02
주정차 금지구역,2025-11-03,고정형CCTV,2026-01-02,2026-01-02
어린이 보호구역,2025-11-03,고정형CCTV,2026-01-02,2026-01-02
주정차 금지구역,2025-11-03,고정형CCTV,2026-01-02,2026-01-02
주정차 금지구역,2025-11-03,고정형CCTV,2026-01-02,2026-01-02
주정차 금지구역,2025-11-03,고정형CCTV,2026-01-02,2026-01-02
주정차 금지구역,2025-11-03,고정형CCTV,2026-01-02,2026-01-02
주정차 금지구역,2025-11-03,고정형CCTV,2026-01-02,2026-01-02
주정차 금지구역,2025-11-03,고정형CCTV,2026-01-02,2026-01-02
주정차 금지구역,2025-11-03,고정형CCTV,2026-01-02,2026-01-02
주정차 금지구역,2025-11-03,고정형CCTV,2026-01-02,2026-01-02
주정차 금지구역,2025-11-03,고정형CCTV,2026-01-02,2026-01-02
주정차 금지구역,2025-11-03,고정형CCTV,2026-01-02,2026-01-02
주정차 금지구역,2025-11-04,고정형CCTV,2026-01-02,2026-01-02
주정차 금지구역,2025-11-04,고정형CCTV,2026-01-02,2026-01-02
주정차 금지구역,2025-11-04,고정형CCTV,2026-01-02,2026-01-02
어린이 보호구역,2025-11-04,고정형CCTV,2026-01-02,2026-01-02
주정차 금지구역,2025-11-04,고정형CCTV,2026-01-02,2026-01-02
주정차 금지구역,2025-11-04,고정형CCTV,2026-01-02,2026-01-02
주정차 금지구역,2025-11-04,고정형CCTV,2026-01-02,2026-01-02
주정차 금지구역,2025-11-04,고정형CCTV,2026-01-02,2026-01-02
주정차 금지구역,2025-11-04,고정형CCTV,2026-01-02,2026-01-02
주정차 금지구역,2025-11-04,고정형CCTV,2026-01-02,2026-01-02
주정차 금지구역,2025-11-04,고정형CCTV,2026-01-02,2026-01-02
주정차 금지구역,2025-11-04,고정형CCTV,2026-01-02,2026-01-02
주정차 금지구역,2025-11-04,고정형CCTV,2026-01-02,2026-01-02
주정차 금지구역,2025-11-04,고정형CCTV,2026-01-02,2026-01-02
어린이 보호구역,2025-11-04,고정형CCTV,2026-01-02,2026-01-02
주정차 금지구역,2025-11-04,고정형CCTV,2026-01-02,2026-01-02
주정차 금지구역,2025-11-04,고정형CCTV,2026-01-02,2026-01-02
주정차 금지구역,2025-11-05,고정형CCTV,2026-01-02,2026-01-02
주정차 금지구역,2025-11-05,고정형CCTV,2026-01-02,2026-01-02
주정차 금지구역,2025-11-05,고정형CCTV,2026-01-02,2026-01-02
주정차 금지구역,2025-11-05,고정형CCTV,2026-01-02,2026-01-02
주정차 금지구역,2025-11-05,고정형CCTV,2026-01-02,2026-01-02
주정차 금지구역,2025-11-05,고정형CCTV,2026-01-02,2026-01-02
주정차 금지구역,2025-11-05,고정형CCTV,2026-01-02,2026-01-02
주정차 금지구역,2025-11-05,고정형CCTV,2026-01-02,2026-01-02
주정차 금지구역,2025-11-05,고정형CCTV,2026-01-02,2026-01-02
주정차 금지구역,2025-11-05,고정형CCTV,2026-01-02,2026-01-02
주정차 금지구역,2025-11-05,고정형CCTV,2026-01-02,2026-01-02
주정차 금지구역,2025-11-05,고정형CCTV,2026-01-02,2026-01-02
주정차 금지구역,2025-11-05,고정형CCTV,2026-01-02,2026-01-02
주정차 금지구역,2025-11-05,고정형CCTV,2026-01-02,2026-01-02
주정차 금지구역,2025-11-05,고정형CCTV,2026-01-02,2026-01-02
주정차 금지구역,2025-11-05,고정형CCTV,2026-01-02,2026-01-02
주정차 금지구역,2025-11-05,고정형CCTV,2026-01-02,2026-01-02
주정차 금지구역,2025-11-05,고정형CCTV,2026-01-02,2026-01-02
주정차 금지구역,2025-11-05,고정형CCTV,2026-01-02,2026-01-02
주정차 금지구역,2025-11-05,고정형CCTV,2026-01-02,2026-01-02
주정차 금지구역,2025-11-05,고정형CCTV,2026-01-02,2026-01-02
주정차 금지구역,2025-11-05,고정형CCTV,2026-01-02,2026-01-02
주정차 금지구역,2025-11-05,고정형CCTV,2026-01-02,2026-01-02
주정차 금지구역,2025-11-05,고정형CCTV,2026-01-02,2026-01-02
주정차 금지구역,2025-11-05,고정형CCTV,2026-01-02,2026-01-02
어린이 보호구역,2025-11-05,고정형CCTV,2026-01-02,2026-01-02
주정차 금지구역,2025-11-05,고정형CCTV,2026-01-02,2026-01-02
주정차 금지구역,2025-11-04,고정형CCTV,2026-01-02,2026-01-02
주정차 금지구역,2025-11-04,고정형CCTV,2026-01-02,2026-01-02
주정차 금지구역,2025-11-04,고정형CCTV,2026-01-02,2026-01-02
주정차 금지구역,2025-11-04,고정형CCTV,2026-01-02,2026-01-02
주정차 금지구역,2025-11-04,고정형CCTV,2026-01-02,2026-01-02
주정차 금지구역,2025-11-04,고정형CCTV,2026-01-02,2026-01-02
주정차 금지구역,2025-11-04,고정형CCTV,2026-01-02,2026-01-02
주정차 금지구역,2025-11-04,고정형CCTV,2026-01-02,2026-01-02
주정차 금지구역,2025-11-04,고정형CCTV,2026-01-02,2026-01-02
주정차 금지구역,2025-11-04,고정형CCTV,2026-01-02,2026-01-02
주정차 금지구역,2025-11-04,고정형CCTV,2026-01-02,2026-01-02
주정차 금지구역,2025-11-04,고정형CCTV,2026-01-02,2026-01-02
주정차 금지구역,2025-11-05,주행형CCTV,2026-01-02,2026-01-02
주정차 금지구역,2025-11-04,주행형CCTV,2026-01-02,2026-01-02
주정차 금지구역,2025-11-04,주행형CCTV,2026-01-02,2026-01-02
주정차 금지구역,2025-11-05,주행형CCTV,2026-01-02,2026-01-02
주정차 금지구역,2025-11-05,주행형CCTV,2026-01-02,2026-01-02
주정차 금지구역,2025-11-05,주행형CCTV,2026-01-02,2026-01-02
주정차 금지구역,2025-11-05,주행형CCTV,2026-01-02,2026-01-02
주정차 금지구역,2025-11-05,주행형CCTV,2026-01-02,2026-01-02
주정차 금지구역,2025-11-04,주행형CCTV,2026-01-02,2026-01-02
주정차 금지구역,2025-11-04,주행형CCTV,2026-01-02,2026-01-02
주정차 금지구역,2025-11-04,주행형CCTV,2026-01-02,2026-01-02
주정차 금지구역,2025-11-04,주행형CCTV,2026-01-02,2026-01-02
주정차 금지구역,2025-11-04,주행형CCTV,2026-01-02,2026-01-02
주정차 금지구역,2025-11-05,주행형CCTV,2026-01-02,2026-01-02
주정차 금지구역,2025-11-05,주행형CCTV,2026-01-02,2026-01-02
주정차 금지구역,2025-11-05,주행형CCTV,2026-01-02,2026-01-02
주정차 금지구역,2025-11-04,주행형CCTV,2026-01-02,2026-01-02
주정차 금지구역,2025-11-05,주행형CCTV,2026-01-02,2026-01-02
주정차 금지구역,2025-11-05,주행형CCTV,2026-01-02,2026-01-02
주정차 금지구역,2025-11-05,주행형CCTV,2026-01-02,2026-01-02
주정차 금지구역,2025-11-04,주행형CCTV,2026-01-02,2026-01-02
주정차 금지구역,2025-11-05,주행형CCTV,2026-01-02,2026-01-02
주정차 금지구역,2025-11-05,주행형CCTV,2026-01-02,2026-01-02
주정차 금지구역,2025-11-05,주행형CCTV,2026-01-02,2026-01-02
주정차 금지구역,2025-11-05,주행형CCTV,2026-01-02,2026-01-02
주정차 금지구역,2025-11-05,주행형CCTV,2026-01-02,2026-01-02
주정차 금지구역,2025-11-05,주행형CCTV,2026-01-02,2026-01-02
주정차 금지구역,2025-11-05,주행형CCTV,2026-01-02,2026-01-02
주정차 금지구역,2025-11-05,주행형CCTV,2026-01-02,2026-01-02
주정차 금지구역,2025-11-05,주행형CCTV,2026-01-02,2026-01-02
주정차 금지구역,2025-11-04,주행형CCTV,2026-01-02,2026-01-02
주정차 금지구역,2025-11-05,주행형CCTV,2026-01-02,2026-01-02
주정차 금지구역,2025-11-05,주행형CCTV,2026-01-02,2026-01-02
주정차 금지구역,2025-11-04,주행형CCTV,2026-01-02,2026-01-02
주정차 금지구역,2025-11-05,주행형CCTV,2026-01-02,2026-01-02
주정차 금지구역,2025-11-05,주행형CCTV,2026-01-02,2026-01-02
주정차 금지구역,2025-11-05,주행형CCTV,2026-01-02,2026-01-02
주정차 금지구역,2025-11-05,주행형CCTV,2026-01-02,2026-01-02
주정차 금지구역,2025-11-04,주행형CCTV,2026-01-02,2026-01-02
주정차 금지구역,2025-11-05,주행형CCTV,2026-01-02,2026-01-02
주정차 금지구역,2025-11-05,주행형CCTV,2026-01-02,2026-01-02
주정차 금지구역,2025-11-05,주행형CCTV,2026-01-02,2026-01-02
주정차 금지구역,2025-11-06,고정형CCTV,2026-01-02,2026-01-02
주정차 금지구역,2025-11-06,고정형CCTV,2026-01-02,2026-01-02
주정차 금지구역,2025-11-06,고정형CCTV,2026-01-02,2026-01-02
주정차 금지구역,2025-11-06,고정형CCTV,2026-01-02,2026-01-02
주정차 금지구역,2025-11-06,고정형CCTV,2026-01-02,2026-01-02
주정차 금지구역,2025-11-06,고정형CCTV,2026-01-02,2026-01-02
주정차 금지구역,2025-11-06,고정형CCTV,2026-01-02,2026-01-02
주정차 금지구역,2025-11-06,고정형CCTV,2026-01-02,2026-01-02
주정차 금지구역,2025-11-06,고정형CCTV,2026-01-02,2026-01-02
주정차 금지구역,2025-11-06,고정형CCTV,2026-01-02,2026-01-02
주정차 금지구역,2025-11-06,고정형CCTV,2026-01-02,2026-01-02
주정차 금지구역,2025-11-06,고정형CCTV,2026-01-02,2026-01-02
주정차 금지구역,2025-11-06,고정형CCTV,2026-01-02,2026-01-02
주정차 금지구역,2025-11-06,고정형CCTV,2026-01-02,2026-01-02
주정차 금지구역,2025-11-06,고정형CCTV,2026-01-02,2026-01-02
주정차 금지구역,2025-11-06,고정형CCTV,2026-01-02,2026-01-02
주정차 금지구역,2025-11-06,고정형CCTV,2026-01-02,2026-01-02
주정차 금지구역,2025-11-06,고정형CCTV,2026-01-02,2026-01-02
주정차 금지구역,2025-11-06,고정형CCTV,2026-01-02,2026-01-02
주정차 금지구역,2025-11-06,고정형CCTV,2026-01-02,2026-01-02
주정차 금지구역,2025-11-06,고정형CCTV,2026-01-02,2026-01-02
주정차 금지구역,2025-11-06,고정형CCTV,2026-01-02,2026-01-02
주정차 금지구역,2025-11-06,고정형CCTV,2026-01-02,2026-01-02
주정차 금지구역,2025-11-06,고정형CCTV,2026-01-02,2026-01-02
주정차 금지구역,2025-11-06,고정형CCTV,2026-01-02,2026-01-02
주정차 금지구역,2025-11-06,고정형CCTV,2026-01-02,2026-01-02
주정차 금지구역,2025-11-06,고정형CCTV,2026-01-02,2026-01-02
주정차 금지구역,2025-11-06,고정형CCTV,2026-01-02,2026-01-02
주정차 금지구역,2025-11-06,고정형CCTV,2026-01-02,2026-01-02
주정차 금지구역,2025-11-06,고정형CCTV,2026-01-02,2026-01-02
주정차 금지구역,2025-11-06,고정형CCTV,2026-01-02,2026-01-02
주정차 금지구역,2025-11-06,주행형CCTV,2026-01-02,2026-01-02
주정차 금지구역,2025-11-06,주행형CCTV,2026-01-02,2026-01-02
주정차 금지구역,2025-11-06,주행형CCTV,2026-01-02,2026-01-02
주정차 금지구역,2025-11-06,주행형CCTV,2026-01-02,2026-01-02
주정차 금지구역,2025-11-06,주행형CCTV,2026-01-02,2026-01-02
주정차 금지구역,2025-11-06,주행형CCTV,2026-01-02,2026-01-02
주정차 금지구역,2025-11-06,주행형CCTV,2026-01-02,2026-01-02
주정차 금지구역,2025-11-06,주행형CCTV,2026-01-02,2026-01-02
주정차 금지구역,2025-11-06,주행형CCTV,2026-01-02,2026-01-02
주정차 금지구역,2025-11-06,주행형CCTV,2026-01-02,2026-01-02
주정차 금지구역,2025-11-06,주행형CCTV,2026-01-02,2026-01-02
주정차 금지구역,2025-11-06,주행형CCTV,2026-01-02,2026-01-02
주정차 금지구역,2025-11-06,주행형CCTV,2026-01-02,2026-01-02
주정차 금지구역,2025-11-06,주행형CCTV,2026-01-02,2026-01-02
주정차 금지구역,2025-11-06,주행형CCTV,2026-01-02,2026-01-02
주정차 금지구역,2025-11-06,주행형CCTV,2026-01-02,2026-01-02
주정차 금지구역,2025-11-06,주행형CCTV,2026-01-02,2026-01-02
보도(인도)위,2025-09-24,안전신문고,2026-01-02,2026-01-02
횡단보도,2025-09-26,안전신문고,2026-01-02,2026-01-02
횡단보도,2025-11-05,안전신문고,2026-01-02,2026-01-02
주정차 금지구역,2025-11-07,고정형CCTV,2026-01-02,2026-01-02
주정차 금지구역,2025-11-07,고정형CCTV,2026-01-02,2026-01-02
주정차 금지구역,2025-11-07,고정형CCTV,2026-01-02,2026-01-02
어린이 보호구역,2025-11-07,고정형CCTV,2026-01-02,2026-01-02
주정차 금지구역,2025-11-07,고정형CCTV,2026-01-02,2026-01-02
주정차 금지구역,2025-11-07,고정형CCTV,2026-01-02,2026-01-02
주정차 금지구역,2025-11-07,고정형CCTV,2026-01-02,2026-01-02
주정차 금지구역,2025-11-07,고정형CCTV,2026-01-02,2026-01-02
주정차 금지구역,2025-11-07,고정형CCTV,2026-01-02,2026-01-02
주정차 금지구역,2025-11-07,고정형CCTV,2026-01-02,2026-01-02
주정차 금지구역,2025-11-07,고정형CCTV,2026-01-02,2026-01-02
주정차 금지구역,2025-11-07,고정형CCTV,2026-01-02,2026-01-02
주정차 금지구역,2025-11-07,고정형CCTV,2026-01-02,2026-01-02
주정차 금지구역,2025-11-07,고정형CCTV,2026-01-02,2026-01-02
주정차 금지구역,2025-11-07,고정형CCTV,2026-01-02,2026-01-02
주정차 금지구역,2025-11-07,고정형CCTV,2026-01-02,2026-01-02
주정차 금지구역,2025-11-07,고정형CCTV,2026-01-02,2026-01-02
주정차 금지구역,2025-11-07,고정형CCTV,2026-01-02,2026-01-02
주정차 금지구역,2025-11-07,고정형CCTV,2026-01-02,2026-01-02
주정차 금지구역,2025-11-07,고정형CCTV,2026-01-02,2026-01-02
주정차 금지구역,2025-11-07,고정형CCTV,2026-01-02,2026-01-02
주정차 금지구역,2025-11-07,고정형CCTV,2026-01-02,2026-01-02
주정차 금지구역,2025-11-07,고정형CCTV,2026-01-02,2026-01-02
주정차 금지구역,2025-11-07,고정형CCTV,2026-01-02,2026-01-02
주정차 금지구역,2025-11-07,고정형CCTV,2026-01-02,2026-01-02
주정차 금지구역,2025-11-08,고정형CCTV,2026-01-02,2026-01-02
주정차 금지구역,2025-11-08,고정형CCTV,2026-01-02,2026-01-02
주정차 금지구역,2025-11-08,고정형CCTV,2026-01-02,2026-01-02
주정차 금지구역,2025-11-08,고정형CCTV,2026-01-02,2026-01-02
주정차 금지구역,2025-11-08,고정형CCTV,2026-01-02,2026-01-02
주정차 금지구역,2025-11-08,고정형CCTV,2026-01-02,2026-01-02
주정차 금지구역,2025-11-08,고정형CCTV,2026-01-02,2026-01-02
주정차 금지구역,2025-11-08,고정형CCTV,2026-01-02,2026-01-02
주정차 금지구역,2025-11-08,고정형CCTV,2026-01-02,2026-01-02
주정차 금지구역,2025-11-08,고정형CCTV,2026-01-02,2026-01-02
주정차 금지구역,2025-11-08,고정형CCTV,2026-01-02,2026-01-02
주정차 금지구역,2025-11-08,고정형CCTV,2026-01-02,2026-01-02
주정차 금지구역,2025-11-08,고정형CCTV,2026-01-02,2026-01-02
주정차 금지구역,2025-11-08,고정형CCTV,2026-01-02,2026-01-02
주정차 금지구역,2025-11-08,고정형CCTV,2026-01-02,2026-01-02
주정차 금지구역,2025-11-08,고정형CCTV,2026-01-02,2026-01-02
주정차 금지구역,2025-11-08,고정형CCTV,2026-01-02,2026-01-02
주정차 금지구역,2025-11-08,고정형CCTV,2026-01-02,2026-01-02
주정차 금지구역,2025-11-08,고정형CCTV,2026-01-02,2026-01-02
주정차 금지구역,2025-11-08,고정형CCTV,2026-01-02,2026-01-02
주정차 금지구역,2025-11-08,고정형CCTV,2026-01-02,2026-01-02
주정차 금지구역,2025-11-08,고정형CCTV,2026-01-02,2026-01-02
주정차 금지구역,2025-11-08,고정형CCTV,2026-01-02,2026-01-02
주정차 금지구역,2025-11-08,고정형CCTV,2026-01-02,2026-01-02
주정차 금지구역,2025-11-08,고정형CCTV,2026-01-02,2026-01-02
주정차 금지구역,2025-11-08,고정형CCTV,2026-01-02,2026-01-02
주정차 금지구역,2025-11-08,고정형CCTV,2026-01-02,2026-01-02
주정차 금지구역,2025-11-08,고정형CCTV,2026-01-02,2026-01-02
주정차 금지구역,2025-11-08,고정형CCTV,2026-01-02,2026-01-02
주정차 금지구역,2025-11-08,고정형CCTV,2026-01-02,2026-01-02
주정차 금지구역,2025-11-08,고정형CCTV,2026-01-02,2026-01-02
주정차 금지구역,2025-11-08,고정형CCTV,2026-01-02,2026-01-02
주정차 금지구역,2025-11-08,고정형CCTV,2026-01-02,2026-01-02
주정차 금지구역,2025-11-08,고정형CCTV,2026-01-02,2026-01-02
주정차 금지구역,2025-11-08,고정형CCTV,2026-01-02,2026-01-02
주정차 금지구역,2025-11-08,고정형CCTV,2026-01-02,2026-01-02
주정차 금지구역,2025-11-08,고정형CCTV,2026-01-02,2026-01-02
주정차 금지구역,2025-11-09,고정형CCTV,2026-01-02,2026-01-02
주정차 금지구역,2025-11-09,고정형CCTV,2026-01-02,2026-01-02
주정차 금지구역,2025-11-09,고정형CCTV,2026-01-02,2026-01-02
주정차 금지구역,2025-11-09,고정형CCTV,2026-01-02,2026-01-02
주정차 금지구역,2025-11-09,고정형CCTV,2026-01-02,2026-01-02
주정차 금지구역,2025-11-09,고정형CCTV,2026-01-02,2026-01-02
주정차 금지구역,2025-11-09,고정형CCTV,2026-01-02,2026-01-02
주정차 금지구역,2025-11-09,고정형CCTV,2026-01-02,2026-01-02
주정차 금지구역,2025-11-09,고정형CCTV,2026-01-02,2026-01-02
주정차 금지구역,2025-11-09,고정형CCTV,2026-01-02,2026-01-02
주정차 금지구역,2025-11-09,고정형CCTV,2026-01-02,2026-01-02
주정차 금지구역,2025-11-09,고정형CCTV,2026-01-02,2026-01-02
주정차 금지구역,2025-11-09,고정형CCTV,2026-01-02,2026-01-02
주정차 금지구역,2025-11-09,고정형CCTV,2026-01-02,2026-01-02
주정차 금지구역,2025-11-09,고정형CCTV,2026-01-02,2026-01-02
주정차 금지구역,2025-11-09,고정형CCTV,2026-01-02,2026-01-02
주정차 금지구역,2025-11-09,고정형CCTV,2026-01-02,2026-01-02
주정차 금지구역,2025-11-09,고정형CCTV,2026-01-02,2026-01-02
주정차 금지구역,2025-11-09,고정형CCTV,2026-01-02,2026-01-02
주정차 금지구역,2025-11-09,고정형CCTV,2026-01-02,2026-01-02
주정차 금지구역,2025-11-09,고정형CCTV,2026-01-02,2026-01-02
주정차 금지구역,2025-11-09,고정형CCTV,2026-01-02,2026-01-02
주정차 금지구역,2025-11-09,고정형CCTV,2026-01-02,2026-01-02
주정차 금지구역,2025-11-09,고정형CCTV,2026-01-02,2026-01-02
주정차 금지구역,2025-11-09,고정형CCTV,2026-01-02,2026-01-02
주정차 금지구역,2025-11-09,고정형CCTV,2026-01-02,2026-01-02
주정차 금지구역,2025-11-09,고정형CCTV,2026-01-02,2026-01-02
주정차 금지구역,2025-11-09,고정형CCTV,2026-01-02,2026-01-02
주정차 금지구역,2025-11-09,고정형CCTV,2026-01-02,2026-01-02
주정차 금지구역,2025-11-09,고정형CCTV,2026-01-02,2026-01-02
주정차 금지구역,2025-11-09,고정형CCTV,2026-01-02,2026-01-02
주정차 금지구역,2025-11-09,고정형CCTV,2026-01-02,2026-01-02
주정차 금지구역,2025-11-09,고정형CCTV,2026-01-02,2026-01-02
주정차 금지구역,2025-11-09,고정형CCTV,2026-01-02,2026-01-02
주정차 금지구역,2025-11-09,고정형CCTV,2026-01-02,2026-01-02
주정차 금지구역,2025-11-09,고정형CCTV,2026-01-02,2026-01-02
주정차 금지구역,2025-11-09,고정형CCTV,2026-01-02,2026-01-02
주정차 금지구역,2025-11-09,고정형CCTV,2026-01-02,2026-01-02
주정차 금지구역,2025-11-07,고정형CCTV,2026-01-02,2026-01-02
주정차 금지구역,2025-11-07,고정형CCTV,2026-01-02,2026-01-02
주정차 금지구역,2025-11-07,고정형CCTV,2026-01-02,2026-01-02
주정차 금지구역,2025-11-07,고정형CCTV,2026-01-02,2026-01-02
주정차 금지구역,2025-11-07,고정형CCTV,2026-01-02,2026-01-02
주정차 금지구역,2025-11-07,고정형CCTV,2026-01-02,2026-01-02
주정차 금지구역,2025-11-07,고정형CCTV,2026-01-02,2026-01-02
주정차 금지구역,2025-11-07,고정형CCTV,2026-01-02,2026-01-02
주정차 금지구역,2025-11-07,고정형CCTV,2026-01-02,2026-01-02
주정차 금지구역,2025-11-07,고정형CCTV,2026-01-02,2026-01-02
주정차 금지구역,2025-11-07,고정형CCTV,2026-01-02,2026-01-02
주정차 금지구역,2025-11-07,고정형CCTV,2026-01-02,2026-01-02
주정차 금지구역,2025-11-07,고정형CCTV,2026-01-02,2026-01-02
주정차 금지구역,2025-11-07,고정형CCTV,2026-01-02,2026-01-02
주정차 금지구역,2025-11-08,고정형CCTV,2026-01-02,2026-01-02
주정차 금지구역,2025-11-08,고정형CCTV,2026-01-02,2026-01-02
주정차 금지구역,2025-11-08,고정형CCTV,2026-01-02,2026-01-02
주정차 금지구역,2025-11-08,고정형CCTV,2026-01-02,2026-01-02
주정차 금지구역,2025-11-08,고정형CCTV,2026-01-02,2026-01-02
주정차 금지구역,2025-11-08,고정형CCTV,2026-01-02,2026-01-02
주정차 금지구역,2025-11-08,고정형CCTV,2026-01-02,2026-01-02
주정차 금지구역,2025-11-08,고정형CCTV,2026-01-02,2026-01-02
주정차 금지구역,2025-11-08,고정형CCTV,2026-01-02,2026-01-02
주정차 금지구역,2025-11-08,고정형CCTV,2026-01-02,2026-01-02
주정차 금지구역,2025-11-08,고정형CCTV,2026-01-02,2026-01-02
주정차 금지구역,2025-11-08,고정형CCTV,2026-01-02,2026-01-02
주정차 금지구역,2025-11-08,고정형CCTV,2026-01-02,2026-01-02
주정차 금지구역,2025-11-08,고정형CCTV,2026-01-02,2026-01-02
주정차 금지구역,2025-11-08,고정형CCTV,2026-01-02,2026-01-02
주정차 금지구역,2025-11-08,고정형CCTV,2026-01-02,2026-01-02
주정차 금지구역,2025-11-09,고정형CCTV,2026-01-02,2026-01-02
주정차 금지구역,2025-11-09,고정형CCTV,2026-01-02,2026-01-02
주정차 금지구역,2025-11-09,고정형CCTV,2026-01-02,2026-01-02
주정차 금지구역,2025-11-09,고정형CCTV,2026-01-02,2026-01-02
주정차 금지구역,2025-11-09,고정형CCTV,2026-01-02,2026-01-02
주정차 금지구역,2025-11-09,고정형CCTV,2026-01-02,2026-01-02
주정차 금지구역,2025-11-09,고정형CCTV,2026-01-02,2026-01-02
주정차 금지구역,2025-11-09,고정형CCTV,2026-01-02,2026-01-02
주정차 금지구역,2025-11-09,고정형CCTV,2026-01-02,2026-01-02
주정차 금지구역,2025-11-09,고정형CCTV,2026-01-02,2026-01-02
주정차 금지구역,2025-11-09,고정형CCTV,2026-01-02,2026-01-02
주정차 금지구역,2025-11-09,고정형CCTV,2026-01-02,2026-01-02
주정차 금지구역,2025-11-09,고정형CCTV,2026-01-02,2026-01-02
주정차 금지구역,2025-11-09,고정형CCTV,2026-01-02,2026-01-02
주정차 금지구역,2025-11-09,고정형CCTV,2026-01-02,2026-01-02
주정차 금지구역,2025-11-09,고정형CCTV,2026-01-02,2026-01-02
주정차 금지구역,2025-11-09,고정형CCTV,2026-01-02,2026-01-02
주정차 금지구역,2025-11-09,고정형CCTV,2026-01-02,2026-01-02
주정차 금지구역,2025-11-09,고정형CCTV,2026-01-02,2026-01-02
주정차 금지구역,2025-11-09,고정형CCTV,2026-01-02,2026-01-02
주정차 금지구역,2025-11-09,고정형CCTV,2026-01-02,2026-01-02
주정차 금지구역,2025-11-09,고정형CCTV,2026-01-02,2026-01-02
주정차 금지구역,2025-11-09,고정형CCTV,2026-01-02,2026-01-02
주정차 금지구역,2025-11-09,고정형CCTV,2026-01-02,2026-01-02
소방시설 주변,2025-09-25,안전신문고,2026-01-02,2026-01-02
버스정류장 주변,2025-09-26,안전신문고,2026-01-02,2026-01-02
횡단보도,2025-09-26,안전신문고,2026-01-02,2026-01-02
주정차 금지구역,2025-11-07,주행형CCTV,2026-01-02,2026-01-02
주정차 금지구역,2025-11-07,주행형CCTV,2026-01-02,2026-01-02
주정차 금지구역,2025-11-07,주행형CCTV,2026-01-02,2026-01-02
주정차 금지구역,2025-11-07,주행형CCTV,2026-01-02,2026-01-02
주정차 금지구역,2025-11-07,주행형CCTV,2026-01-02,2026-01-02
주정차 금지구역,2025-11-07,주행형CCTV,2026-01-02,2026-01-02
주정차 금지구역,2025-11-07,주행형CCTV,2026-01-02,2026-01-02
주정차 금지구역,2025-11-07,주행형CCTV,2026-01-02,2026-01-02
주정차 금지구역,2025-11-07,주행형CCTV,2026-01-02,2026-01-02
주정차 금지구역,2025-11-07,주행형CCTV,2026-01-02,2026-01-02
주정차 금지구역,2025-11-07,주행형CCTV,2026-01-02,2026-01-02
주정차 금지구역,2025-11-07,주행형CCTV,2026-01-02,2026-01-02
주정차 금지구역,2025-11-07,주행형CCTV,2026-01-02,2026-01-02
주정차 금지구역,2025-11-07,주행형CCTV,2026-01-02,2026-01-02
주정차 금지구역,2025-11-07,주행형CCTV,2026-01-02,2026-01-02
주정차 금지구역,2025-11-07,주행형CCTV,2026-01-02,2026-01-02
주정차 금지구역,2025-11-07,주행형CCTV,2026-01-02,2026-01-02
주정차 금지구역,2025-11-07,주행형CCTV,2026-01-02,2026-01-02
주정차 금지구역,2025-11-08,주행형CCTV,2026-01-02,2026-01-02
주정차 금지구역,2025-11-07,주행형CCTV,2026-01-02,2026-01-02
주정차 금지구역,2025-11-07,주행형CCTV,2026-01-02,2026-01-02
주정차 금지구역,2025-11-07,주행형CCTV,2026-01-02,2026-01-02
주정차 금지구역,2025-11-07,주행형CCTV,2026-01-02,2026-01-02
주정차 금지구역,2025-11-07,주행형CCTV,2026-01-02,2026-01-02
주정차 금지구역,2025-11-07,주행형CCTV,2026-01-02,2026-01-02
주정차 금지구역,2025-11-07,주행형CCTV,2026-01-02,2026-01-02
횡단보도,2025-09-26,안전신문고,2026-01-02,2026-01-02
보도(인도)위,2025-09-25,안전신문고,2026-01-02,2026-01-02
횡단보도,2025-09-26,안전신문고,2026-01-02,2026-01-02
도로모퉁이,2025-09-25,안전신문고,2026-01-02,2026-01-02
횡단보도,2025-09-26,안전신문고,2026-01-02,2026-01-02
주정차 금지구역,2025-09-25,안전신문고,2026-01-02,2026-01-02
횡단보도,2025-09-25,안전신문고,2026-01-02,2026-01-02
횡단보도,2025-09-24,안전신문고,2026-01-02,2026-01-02
도로모퉁이,2025-09-26,안전신문고,2026-01-02,2026-01-02
도로모퉁이,2025-09-26,안전신문고,2026-01-02,2026-01-02
주정차 금지구역,2025-11-10,주행형CCTV,2026-01-02,2026-01-02
주정차 금지구역,2025-11-10,주행형CCTV,2026-01-02,2026-01-02
주정차 금지구역,2025-11-10,주행형CCTV,2026-01-02,2026-01-02
주정차 금지구역,2025-11-10,주행형CCTV,2026-01-02,2026-01-02
주정차 금지구역,2025-11-10,주행형CCTV,2026-01-02,2026-01-02
주정차 금지구역,2025-11-10,주행형CCTV,2026-01-02,2026-01-02
주정차 금지구역,2025-11-10,주행형CCTV,2026-01-02,2026-01-02
주정차 금지구역,2025-11-10,주행형CCTV,2026-01-02,2026-01-02
주정차 금지구역,2025-11-10,주행형CCTV,2026-01-02,2026-01-02
주정차 금지구역,2025-11-10,주행형CCTV,2026-01-02,2026-01-02
주정차 금지구역,2025-11-10,주행형CCTV,2026-01-02,2026-01-02
주정차 금지구역,2025-11-10,주행형CCTV,2026-01-02,2026-01-02
주정차 금지구역,2025-11-10,주행형CCTV,2026-01-02,2026-01-02
주정차 금지구역,2025-11-10,주행형CCTV,2026-01-02,2026-01-02
주정차 금지구역,2025-11-10,주행형CCTV,2026-01-02,2026-01-02
주정차 금지구역,2025-11-10,주행형CCTV,2026-01-02,2026-01-02
주정차 금지구역,2025-11-10,주행형CCTV,2026-01-02,2026-01-02
주정차 금지구역,2025-11-10,주행형CCTV,2026-01-02,2026-01-02
주정차 금지구역,2025-11-10,주행형CCTV,2026-01-02,2026-01-02
주정차 금지구역,2025-11-10,주행형CCTV,2026-01-02,2026-01-02
주정차 금지구역,2025-11-10,주행형CCTV,2026-01-02,2026-01-02
주정차 금지구역,2025-11-10,주행형CCTV,2026-01-02,2026-01-02
주정차 금지구역,2025-11-10,주행형CCTV,2026-01-02,2026-01-02
주정차 금지구역,2025-11-10,주행형CCTV,2026-01-02,2026-01-02
주정차 금지구역,2025-11-10,주행형CCTV,2026-01-02,2026-01-02
주정차 금지구역,2025-11-10,주행형CCTV,2026-01-02,2026-01-02
주정차 금지구역,2025-11-10,주행형CCTV,2026-01-02,2026-01-02
주정차 금지구역,2025-11-10,주행형CCTV,2026-01-02,2026-01-02
주정차 금지구역,2025-11-10,주행형CCTV,2026-01-02,2026-01-02
주정차 금지구역,2025-11-10,주행형CCTV,2026-01-02,2026-01-02
주정차 금지구역,2025-11-10,주행형CCTV,2026-01-02,2026-01-02
주정차 금지구역,2025-11-10,주행형CCTV,2026-01-02,2026-01-02
주정차 금지구역,2025-11-10,주행형CCTV,2026-01-02,2026-01-02
주정차 금지구역,2025-11-10,주행형CCTV,2026-01-02,2026-01-02
주정차 금지구역,2025-11-10,주행형CCTV,2026-01-02,2026-01-02
주정차 금지구역,2025-11-10,주행형CCTV,2026-01-02,2026-01-02
주정차 금지구역,2025-11-10,주행형CCTV,2026-01-02,2026-01-02
주정차 금지구역,2025-11-10,주행형CCTV,2026-01-02,2026-01-02
주정차 금지구역,2025-11-10,주행형CCTV,2026-01-02,2026-01-02
주정차 금지구역,2025-11-10,주행형CCTV,2026-01-02,2026-01-02
주정차 금지구역,2025-11-10,고정형CCTV,2026-01-02,2026-01-02
주정차 금지구역,2025-11-10,고정형CCTV,2026-01-02,2026-01-02
주정차 금지구역,2025-11-10,고정형CCTV,2026-01-02,2026-01-02
주정차 금지구역,2025-11-10,고정형CCTV,2026-01-02,2026-01-02
주정차 금지구역,2025-11-10,고정형CCTV,2026-01-02,2026-01-02
주정차 금지구역,2025-11-10,고정형CCTV,2026-01-02,2026-01-02
주정차 금지구역,2025-11-10,고정형CCTV,2026-01-02,2026-01-02
주정차 금지구역,2025-11-10,고정형CCTV,2026-01-02,2026-01-02
주정차 금지구역,2025-11-10,고정형CCTV,2026-01-02,2026-01-02
주정차 금지구역,2025-11-10,고정형CCTV,2026-01-02,2026-01-02
주정차 금지구역,2025-11-10,고정형CCTV,2026-01-02,2026-01-02
주정차 금지구역,2025-11-10,고정형CCTV,2026-01-02,2026-01-02
주정차 금지구역,2025-11-10,고정형CCTV,2026-01-02,2026-01-02
주정차 금지구역,2025-11-10,고정형CCTV,2026-01-02,2026-01-02
주정차 금지구역,2025-11-10,고정형CCTV,2026-01-02,2026-01-02
주정차 금지구역,2025-11-10,고정형CCTV,2026-01-02,2026-01-02
주정차 금지구역,2025-11-10,고정형CCTV,2026-01-02,2026-01-02
주정차 금지구역,2025-11-10,고정형CCTV,2026-01-02,2026-01-02
주정차 금지구역,2025-11-10,고정형CCTV,2026-01-02,2026-01-02
주정차 금지구역,2025-11-10,고정형CCTV,2026-01-02,2026-01-02
주정차 금지구역,2025-11-10,고정형CCTV,2026-01-02,2026-01-02
주정차 금지구역,2025-11-10,고정형CCTV,2026-01-02,2026-01-02
어린이 보호구역,2025-11-10,고정형CCTV,2026-01-02,2026-01-02
주정차 금지구역,2025-11-10,고정형CCTV,2026-01-02,2026-01-02
주정차 금지구역,2025-11-10,고정형CCTV,2026-01-02,2026-01-02
주정차 금지구역,2025-11-10,고정형CCTV,2026-01-02,2026-01-02
주정차 금지구역,2025-11-10,고정형CCTV,2026-01-02,2026-01-02
주정차 금지구역,2025-11-10,고정형CCTV,2026-01-02,2026-01-02
주정차 금지구역,2025-11-10,고정형CCTV,2026-01-02,2026-01-02
주정차 금지구역,2025-11-10,고정형CCTV,2026-01-02,2026-01-02
주정차 금지구역,2025-11-10,고정형CCTV,2026-01-02,2026-01-02
주정차 금지구역,2025-11-10,고정형CCTV,2026-01-02,2026-01-02
주정차 금지구역,2025-11-10,고정형CCTV,2026-01-02,2026-01-02
주정차 금지구역,2025-11-10,고정형CCTV,2026-01-02,2026-01-02
주정차 금지구역,2025-11-10,고정형CCTV,2026-01-02,2026-01-02
주정차 금지구역,2025-11-10,고정형CCTV,2026-01-02,2026-01-02
주정차 금지구역,2025-11-10,고정형CCTV,2026-01-02,2026-01-02
주정차 금지구역,2025-11-10,고정형CCTV,2026-01-02,2026-01-02
주정차 금지구역,2025-11-10,고정형CCTV,2026-01-02,2026-01-02
주정차 금지구역,2025-11-10,고정형CCTV,2026-01-02,2026-01-02
주정차 금지구역,2025-11-10,고정형CCTV,2026-01-02,2026-01-02
주정차 금지구역,2025-11-10,고정형CCTV,2026-01-02,2026-01-02
횡단보도,2025-09-26,안전신문고,2026-01-02,2026-01-02
횡단보도,2025-09-26,안전신문고,2026-01-02,2026-01-02
도로모퉁이,2025-09-26,안전신문고,2026-01-02,2026-01-02
횡단보도,2025-09-26,안전신문고,2026-01-02,2026-01-02
주정차 금지구역,2025-11-11,주행형CCTV,2026-01-02,2026-01-02
주정차 금지구역,2025-11-11,주행형CCTV,2026-01-02,2026-01-02
주정차 금지구역,2025-11-11,주행형CCTV,2026-01-02,2026-01-02
주정차 금지구역,2025-11-11,주행형CCTV,2026-01-02,2026-01-02
주정차 금지구역,2025-11-11,주행형CCTV,2026-01-02,2026-01-02
주정차 금지구역,2025-11-11,주행형CCTV,2026-01-02,2026-01-02
주정차 금지구역,2025-11-11,주행형CCTV,2026-01-02,2026-01-02
주정차 금지구역,2025-11-11,주행형CCTV,2026-01-02,2026-01-02
주정차 금지구역,2025-11-11,주행형CCTV,2026-01-02,2026-01-02
주정차 금지구역,2025-11-11,주행형CCTV,2026-01-02,2026-01-02
주정차 금지구역,2025-11-11,주행형CCTV,2026-01-02,2026-01-02
주정차 금지구역,2025-11-11,주행형CCTV,2026-01-02,2026-01-02
주정차 금지구역,2025-11-11,주행형CCTV,2026-01-02,2026-01-02
주정차 금지구역,2025-11-11,주행형CCTV,2026-01-02,2026-01-02
주정차 금지구역,2025-11-11,주행형CCTV,2026-01-02,2026-01-02
주정차 금지구역,2025-11-11,주행형CCTV,2026-01-02,2026-01-02
주정차 금지구역,2025-11-11,주행형CCTV,2026-01-02,2026-01-02
주정차 금지구역,2025-11-11,주행형CCTV,2026-01-02,2026-01-02
주정차 금지구역,2025-11-11,주행형CCTV,2026-01-02,2026-01-02
주정차 금지구역,2025-11-11,주행형CCTV,2026-01-02,2026-01-02
주정차 금지구역,2025-11-11,주행형CCTV,2026-01-02,2026-01-02
주정차 금지구역,2025-11-11,주행형CCTV,2026-01-02,2026-01-02
주정차 금지구역,2025-11-11,주행형CCTV,2026-01-02,2026-01-02
주정차 금지구역,2025-11-11,주행형CCTV,2026-01-02,2026-01-02
주정차 금지구역,2025-11-11,주행형CCTV,2026-01-02,2026-01-02
주정차 금지구역,2025-11-11,주행형CCTV,2026-01-02,2026-01-02
주정차 금지구역,2025-11-11,주행형CCTV,2026-01-02,2026-01-02
주정차 금지구역,2025-11-11,주행형CCTV,2026-01-02,2026-01-02
주정차 금지구역,2025-11-11,주행형CCTV,2026-01-02,2026-01-02
주정차 금지구역,2025-11-11,주행형CCTV,2026-01-02,2026-01-02
주정차 금지구역,2025-11-11,주행형CCTV,2026-01-02,2026-01-02
주정차 금지구역,2025-11-11,주행형CCTV,2026-01-02,2026-01-02
주정차 금지구역,2025-11-11,주행형CCTV,2026-01-02,2026-01-02
주정차 금지구역,2025-11-11,고정형CCTV,2026-01-02,2026-01-02
주정차 금지구역,2025-11-11,고정형CCTV,2026-01-02,2026-01-02
주정차 금지구역,2025-11-11,고정형CCTV,2026-01-02,2026-01-02
주정차 금지구역,2025-11-11,고정형CCTV,2026-01-02,2026-01-02
주정차 금지구역,2025-11-11,고정형CCTV,2026-01-02,2026-01-02
주정차 금지구역,2025-11-11,고정형CCTV,2026-01-02,2026-01-02
주정차 금지구역,2025-11-11,고정형CCTV,2026-01-02,2026-01-02
주정차 금지구역,2025-11-11,고정형CCTV,2026-01-02,2026-01-02
주정차 금지구역,2025-11-11,고정형CCTV,2026-01-02,2026-01-02
어린이 보호구역,2025-11-11,고정형CCTV,2026-01-02,2026-01-02
주정차 금지구역,2025-11-11,고정형CCTV,2026-01-02,2026-01-02
주정차 금지구역,2025-11-11,고정형CCTV,2026-01-02,2026-01-02
주정차 금지구역,2025-11-11,고정형CCTV,2026-01-02,2026-01-02
주정차 금지구역,2025-11-11,고정형CCTV,2026-01-02,2026-01-02
어린이 보호구역,2025-11-11,고정형CCTV,2026-01-02,2026-01-02
주정차 금지구역,2025-11-11,고정형CCTV,2026-01-02,2026-01-02
주정차 금지구역,2025-11-11,고정형CCTV,2026-01-02,2026-01-02
주정차 금지구역,2025-11-11,고정형CCTV,2026-01-02,2026-01-02
주정차 금지구역,2025-11-11,고정형CCTV,2026-01-02,2026-01-02
주정차 금지구역,2025-11-11,고정형CCTV,2026-01-02,2026-01-02
주정차 금지구역,2025-11-11,고정형CCTV,2026-01-02,2026-01-02
주정차 금지구역,2025-11-11,고정형CCTV,2026-01-02,2026-01-02
주정차 금지구역,2025-11-11,고정형CCTV,2026-01-02,2026-01-02
주정차 금지구역,2025-11-11,고정형CCTV,2026-01-02,2026-01-02
어린이 보호구역,2025-11-11,고정형CCTV,2026-01-02,2026-01-02
주정차 금지구역,2025-11-11,고정형CCTV,2026-01-02,2026-01-02
주정차 금지구역,2025-11-11,고정형CCTV,2026-01-02,2026-01-02
주정차 금지구역,2025-11-11,고정형CCTV,2026-01-02,2026-01-02
주정차 금지구역,2025-11-11,고정형CCTV,2026-01-02,2026-01-02
주정차 금지구역,2025-11-11,고정형CCTV,2026-01-02,2026-01-02
어린이 보호구역,2025-11-11,고정형CCTV,2026-01-02,2026-01-02
주정차 금지구역,2025-11-12,고정형CCTV,2026-01-02,2026-01-02
주정차 금지구역,2025-11-12,고정형CCTV,2026-01-02,2026-01-02
주정차 금지구역,2025-11-12,고정형CCTV,2026-01-02,2026-01-02
주정차 금지구역,2025-11-12,고정형CCTV,2026-01-02,2026-01-02
주정차 금지구역,2025-11-12,고정형CCTV,2026-01-02,2026-01-02
어린이 보호구역,2025-11-12,고정형CCTV,2026-01-02,2026-01-02
주정차 금지구역,2025-11-12,고정형CCTV,2026-01-02,2026-01-02
주정차 금지구역,2025-11-12,고정형CCTV,2026-01-02,2026-01-02
주정차 금지구역,2025-11-12,고정형CCTV,2026-01-02,2026-01-02
주정차 금지구역,2025-11-12,고정형CCTV,2026-01-02,2026-01-02
주정차 금지구역,2025-11-12,고정형CCTV,2026-01-02,2026-01-02
주정차 금지구역,2025-11-12,고정형CCTV,2026-01-02,2026-01-02
주정차 금지구역,2025-11-12,고정형CCTV,2026-01-02,2026-01-02
주정차 금지구역,2025-11-12,고정형CCTV,2026-01-02,2026-01-02
어린이 보호구역,2025-11-12,고정형CCTV,2026-01-02,2026-01-02
주정차 금지구역,2025-11-12,고정형CCTV,2026-01-02,2026-01-02
주정차 금지구역,2025-11-12,고정형CCTV,2026-01-02,2026-01-02
주정차 금지구역,2025-11-12,고정형CCTV,2026-01-02,2026-01-02
주정차 금지구역,2025-11-12,고정형CCTV,2026-01-02,2026-01-02
주정차 금지구역,2025-11-12,고정형CCTV,2026-01-02,2026-01-02
어린이 보호구역,2025-11-12,고정형CCTV,2026-01-02,2026-01-02
주정차 금지구역,2025-11-12,고정형CCTV,2026-01-02,2026-01-02
주정차 금지구역,2025-11-12,고정형CCTV,2026-01-02,2026-01-02
어린이 보호구역,2025-11-12,고정형CCTV,2026-01-02,2026-01-02
주정차 금지구역,2025-11-12,고정형CCTV,2026-01-02,2026-01-02
주정차 금지구역,2025-11-12,고정형CCTV,2026-01-02,2026-01-02
주정차 금지구역,2025-11-12,고정형CCTV,2026-01-02,2026-01-02
주정차 금지구역,2025-11-12,고정형CCTV,2026-01-02,2026-01-02
주정차 금지구역,2025-11-12,고정형CCTV,2026-01-02,2026-01-02
주정차 금지구역,2025-11-12,고정형CCTV,2026-01-02,2026-01-02
주정차 금지구역,2025-11-12,고정형CCTV,2026-01-02,2026-01-02
주정차 금지구역,2025-11-12,고정형CCTV,2026-01-02,2026-01-02
주정차 금지구역,2025-11-12,주행형CCTV,2026-01-02,2026-01-02
주정차 금지구역,2025-11-12,주행형CCTV,2026-01-02,2026-01-02
주정차 금지구역,2025-11-12,주행형CCTV,2026-01-02,2026-01-02
주정차 금지구역,2025-11-12,주행형CCTV,2026-01-02,2026-01-02
주정차 금지구역,2025-11-12,주행형CCTV,2026-01-02,2026-01-02
주정차 금지구역,2025-11-12,주행형CCTV,2026-01-02,2026-01-02
주정차 금지구역,2025-11-12,주행형CCTV,2026-01-02,2026-01-02
주정차 금지구역,2025-11-12,주행형CCTV,2026-01-02,2026-01-02
주정차 금지구역,2025-11-12,주행형CCTV,2026-01-02,2026-01-02
주정차 금지구역,2025-11-12,주행형CCTV,2026-01-02,2026-01-02
주정차 금지구역,2025-11-12,주행형CCTV,2026-01-02,2026-01-02
주정차 금지구역,2025-11-12,주행형CCTV,2026-01-02,2026-01-02
주정차 금지구역,2025-11-12,주행형CCTV,2026-01-02,2026-01-02
주정차 금지구역,2025-11-12,주행형CCTV,2026-01-02,2026-01-02
주정차 금지구역,2025-11-12,주행형CCTV,2026-01-02,2026-01-02
주정차 금지구역,2025-11-12,주행형CCTV,2026-01-02,2026-01-02
주정차 금지구역,2025-11-12,주행형CCTV,2026-01-02,2026-01-02
주정차 금지구역,2025-11-12,주행형CCTV,2026-01-02,2026-01-02
주정차 금지구역,2025-11-12,주행형CCTV,2026-01-02,2026-01-02
주정차 금지구역,2025-11-12,주행형CCTV,2026-01-02,2026-01-02
주정차 금지구역,2025-11-12,주행형CCTV,2026-01-02,2026-01-02
주정차 금지구역,2025-11-12,주행형CCTV,2026-01-02,2026-01-02
주정차 금지구역,2025-11-12,주행형CCTV,2026-01-02,2026-01-02
주정차 금지구역,2025-11-12,주행형CCTV,2026-01-02,2026-01-02
주정차 금지구역,2025-11-12,주행형CCTV,2026-01-02,2026-01-02
도로모퉁이,2025-09-26,안전신문고,2026-01-02,2026-01-02
횡단보도,2025-09-26,안전신문고,2026-01-02,2026-01-02
횡단보도,2025-09-22,안전신문고,2026-01-02,2026-01-02
횡단보도,2025-09-26,안전신문고,2026-01-02,2026-01-02
횡단보도,2025-09-26,안전신문고,2026-01-02,2026-01-02
횡단보도,2025-09-26,안전신문고,2026-01-02,2026-01-02
교차로,2025-09-26,안전신문고,2026-01-02,2026-01-02
주정차 금지구역,2025-10-16,고정형CCTV,2026-01-02,2026-01-02
주정차 금지구역,2025-10-14,고정형CCTV,2026-01-02,2026-01-02
주정차 금지구역,2025-11-13,고정형CCTV,2026-01-02,2026-01-02
주정차 금지구역,2025-11-13,고정형CCTV,2026-01-02,2026-01-02
주정차 금지구역,2025-11-13,고정형CCTV,2026-01-02,2026-01-02
주정차 금지구역,2025-11-13,고정형CCTV,2026-01-02,2026-01-02
주정차 금지구역,2025-11-13,고정형CCTV,2026-01-02,2026-01-02
주정차 금지구역,2025-11-13,고정형CCTV,2026-01-02,2026-01-02
주정차 금지구역,2025-11-13,고정형CCTV,2026-01-02,2026-01-02
주정차 금지구역,2025-11-13,고정형CCTV,2026-01-02,2026-01-02
주정차 금지구역,2025-11-13,고정형CCTV,2026-01-02,2026-01-02
주정차 금지구역,2025-11-13,고정형CCTV,2026-01-02,2026-01-02
주정차 금지구역,2025-11-13,고정형CCTV,2026-01-02,2026-01-02
주정차 금지구역,2025-11-13,고정형CCTV,2026-01-02,2026-01-02
주정차 금지구역,2025-11-13,고정형CCTV,2026-01-02,2026-01-02
주정차 금지구역,2025-11-13,고정형CCTV,2026-01-02,2026-01-02
주정차 금지구역,2025-11-13,고정형CCTV,2026-01-02,2026-01-02
어린이 보호구역,2025-11-13,고정형CCTV,2026-01-02,2026-01-02
주정차 금지구역,2025-11-13,고정형CCTV,2026-01-02,2026-01-02
주정차 금지구역,2025-11-13,고정형CCTV,2026-01-02,2026-01-02
주정차 금지구역,2025-11-16,고정형CCTV,2026-01-02,2026-01-02
주정차 금지구역,2025-11-16,고정형CCTV,2026-01-02,2026-01-02
주정차 금지구역,2025-11-16,고정형CCTV,2026-01-02,2026-01-02
주정차 금지구역,2025-11-16,고정형CCTV,2026-01-02,2026-01-02
주정차 금지구역,2025-11-16,고정형CCTV,2026-01-02,2026-01-02
주정차 금지구역,2025-11-16,고정형CCTV,2026-01-02,2026-01-02
주정차 금지구역,2025-11-16,고정형CCTV,2026-01-02,2026-01-02
주정차 금지구역,2025-11-16,고정형CCTV,2026-01-02,2026-01-02
주정차 금지구역,2025-11-16,고정형CCTV,2026-01-02,2026-01-02
주정차 금지구역,2025-11-16,고정형CCTV,2026-01-02,2026-01-02
주정차 금지구역,2025-11-16,고정형CCTV,2026-01-02,2026-01-02
주정차 금지구역,2025-11-16,고정형CCTV,2026-01-02,2026-01-02
주정차 금지구역,2025-11-16,고정형CCTV,2026-01-02,2026-01-02
주정차 금지구역,2025-11-16,고정형CCTV,2026-01-02,2026-01-02
주정차 금지구역,2025-11-16,고정형CCTV,2026-01-02,2026-01-02
주정차 금지구역,2025-11-16,고정형CCTV,2026-01-02,2026-01-02
주정차 금지구역,2025-11-16,고정형CCTV,2026-01-02,2026-01-02
주정차 금지구역,2025-11-16,고정형CCTV,2026-01-02,2026-01-02
주정차 금지구역,2025-11-16,고정형CCTV,2026-01-02,2026-01-02
주정차 금지구역,2025-11-16,고정형CCTV,2026-01-02,2026-01-02
주정차 금지구역,2025-11-16,고정형CCTV,2026-01-02,2026-01-02
주정차 금지구역,2025-11-15,고정형CCTV,2026-01-02,2026-01-02
주정차 금지구역,2025-11-15,고정형CCTV,2026-01-02,2026-01-02
주정차 금지구역,2025-11-15,고정형CCTV,2026-01-02,2026-01-02
주정차 금지구역,2025-11-15,고정형CCTV,2026-01-02,2026-01-02
주정차 금지구역,2025-11-15,고정형CCTV,2026-01-02,2026-01-02
주정차 금지구역,2025-11-15,고정형CCTV,2026-01-02,2026-01-02
주정차 금지구역,2025-11-15,고정형CCTV,2026-01-02,2026-01-02
주정차 금지구역,2025-11-15,고정형CCTV,2026-01-02,2026-01-02
주정차 금지구역,2025-11-15,고정형CCTV,2026-01-02,2026-01-02
주정차 금지구역,2025-11-15,고정형CCTV,2026-01-02,2026-01-02
주정차 금지구역,2025-11-15,고정형CCTV,2026-01-02,2026-01-02
주정차 금지구역,2025-11-15,고정형CCTV,2026-01-02,2026-01-02
주정차 금지구역,2025-11-15,고정형CCTV,2026-01-02,2026-01-02
주정차 금지구역,2025-11-15,고정형CCTV,2026-01-02,2026-01-02
주정차 금지구역,2025-11-15,고정형CCTV,2026-01-02,2026-01-02
주정차 금지구역,2025-11-15,고정형CCTV,2026-01-02,2026-01-02
주정차 금지구역,2025-11-15,고정형CCTV,2026-01-02,2026-01-02
주정차 금지구역,2025-11-15,고정형CCTV,2026-01-02,2026-01-02
주정차 금지구역,2025-11-15,고정형CCTV,2026-01-02,2026-01-02
소방시설 주변,2025-11-15,고정형CCTV,2026-01-02,2026-01-02
주정차 금지구역,2025-11-15,고정형CCTV,2026-01-02,2026-01-02
주정차 금지구역,2025-11-15,고정형CCTV,2026-01-02,2026-01-02
주정차 금지구역,2025-11-15,고정형CCTV,2026-01-02,2026-01-02
주정차 금지구역,2025-11-15,고정형CCTV,2026-01-02,2026-01-02
주정차 금지구역,2025-11-13,고정형CCTV,2026-01-02,2026-01-02
어린이 보호구역,2025-11-13,고정형CCTV,2026-01-02,2026-01-02
주정차 금지구역,2025-11-13,고정형CCTV,2026-01-02,2026-01-02
어린이 보호구역,2025-11-13,고정형CCTV,2026-01-02,2026-01-02
주정차 금지구역,2025-11-14,고정형CCTV,2026-01-02,2026-01-02
어린이 보호구역,2025-11-14,고정형CCTV,2026-01-02,2026-01-02
주정차 금지구역,2025-11-14,고정형CCTV,2026-01-02,2026-01-02
주정차 금지구역,2025-11-14,고정형CCTV,2026-01-02,2026-01-02
주정차 금지구역,2025-11-14,고정형CCTV,2026-01-02,2026-01-02
주정차 금지구역,2025-11-14,고정형CCTV,2026-01-02,2026-01-02
주정차 금지구역,2025-11-14,고정형CCTV,2026-01-02,2026-01-02
주정차 금지구역,2025-11-14,고정형CCTV,2026-01-02,2026-01-02
주정차 금지구역,2025-11-14,고정형CCTV,2026-01-02,2026-01-02
주정차 금지구역,2025-11-15,고정형CCTV,2026-01-02,2026-01-02
주정차 금지구역,2025-11-15,고정형CCTV,2026-01-02,2026-01-02
주정차 금지구역,2025-11-15,고정형CCTV,2026-01-02,2026-01-02
주정차 금지구역,2025-11-15,고정형CCTV,2026-01-02,2026-01-02
주정차 금지구역,2025-11-15,고정형CCTV,2026-01-02,2026-01-02
주정차 금지구역,2025-11-15,고정형CCTV,2026-01-02,2026-01-02
주정차 금지구역,2025-11-15,고정형CCTV,2026-01-02,2026-01-02
주정차 금지구역,2025-11-13,고정형CCTV,2026-01-02,2026-01-02
주정차 금지구역,2025-11-13,고정형CCTV,2026-01-02,2026-01-02
주정차 금지구역,2025-11-13,고정형CCTV,2026-01-02,2026-01-02
어린이 보호구역,2025-11-13,고정형CCTV,2026-01-02,2026-01-02
주정차 금지구역,2025-11-13,고정형CCTV,2026-01-02,2026-01-02
주정차 금지구역,2025-11-13,고정형CCTV,2026-01-02,2026-01-02
주정차 금지구역,2025-11-13,고정형CCTV,2026-01-02,2026-01-02
주정차 금지구역,2025-11-13,고정형CCTV,2026-01-02,2026-01-02
주정차 금지구역,2025-11-13,고정형CCTV,2026-01-02,2026-01-02
주정차 금지구역,2025-11-13,고정형CCTV,2026-01-02,2026-01-02
주정차 금지구역,2025-11-13,고정형CCTV,2026-01-02,2026-01-02
주정차 금지구역,2025-11-13,고정형CCTV,2026-01-02,2026-01-02
주정차 금지구역,2025-11-13,고정형CCTV,2026-01-02,2026-01-02
어린이 보호구역,2025-11-13,고정형CCTV,2026-01-02,2026-01-02
주정차 금지구역,2025-11-13,고정형CCTV,2026-01-02,2026-01-02
주정차 금지구역,2025-11-13,고정형CCTV,2026-01-02,2026-01-02
주정차 금지구역,2025-11-13,고정형CCTV,2026-01-02,2026-01-02
주정차 금지구역,2025-11-13,고정형CCTV,2026-01-02,2026-01-02
주정차 금지구역,2025-11-14,고정형CCTV,2026-01-02,2026-01-02
주정차 금지구역,2025-11-14,고정형CCTV,2026-01-02,2026-01-02
주정차 금지구역,2025-11-14,고정형CCTV,2026-01-02,2026-01-02
주정차 금지구역,2025-11-14,고정형CCTV,2026-01-02,2026-01-02
주정차 금지구역,2025-11-14,고정형CCTV,2026-01-02,2026-01-02
어린이 보호구역,2025-11-14,고정형CCTV,2026-01-02,2026-01-02
주정차 금지구역,2025-11-14,고정형CCTV,2026-01-02,2026-01-02
주정차 금지구역,2025-11-14,고정형CCTV,2026-01-02,2026-01-02
주정차 금지구역,2025-11-14,고정형CCTV,2026-01-02,2026-01-02
주정차 금지구역,2025-11-14,고정형CCTV,2026-01-02,2026-01-02
주정차 금지구역,2025-11-14,고정형CCTV,2026-01-02,2026-01-02
주정차 금지구역,2025-11-14,고정형CCTV,2026-01-02,2026-01-02
어린이 보호구역,2025-11-14,고정형CCTV,2026-01-02,2026-01-02
주정차 금지구역,2025-11-14,고정형CCTV,2026-01-02,2026-01-02
주정차 금지구역,2025-11-14,고정형CCTV,2026-01-02,2026-01-02
주정차 금지구역,2025-11-14,고정형CCTV,2026-01-02,2026-01-02
주정차 금지구역,2025-11-16,고정형CCTV,2026-01-02,2026-01-02
주정차 금지구역,2025-11-16,고정형CCTV,2026-01-02,2026-01-02
주정차 금지구역,2025-11-16,고정형CCTV,2026-01-02,2026-01-02
주정차 금지구역,2025-11-16,고정형CCTV,2026-01-02,2026-01-02
주정차 금지구역,2025-11-16,고정형CCTV,2026-01-02,2026-01-02
주정차 금지구역,2025-11-16,고정형CCTV,2026-01-02,2026-01-02
주정차 금지구역,2025-11-16,고정형CCTV,2026-01-02,2026-01-02
주정차 금지구역,2025-11-16,고정형CCTV,2026-01-02,2026-01-02
주정차 금지구역,2025-11-16,고정형CCTV,2026-01-02,2026-01-02
주정차 금지구역,2025-11-16,고정형CCTV,2026-01-02,2026-01-02
주정차 금지구역,2025-11-16,고정형CCTV,2026-01-02,2026-01-02
주정차 금지구역,2025-11-16,고정형CCTV,2026-01-02,2026-01-02
주정차 금지구역,2025-11-16,고정형CCTV,2026-01-02,2026-01-02
주정차 금지구역,2025-11-16,고정형CCTV,2026-01-02,2026-01-02
주정차 금지구역,2025-11-16,고정형CCTV,2026-01-02,2026-01-02
주정차 금지구역,2025-11-16,고정형CCTV,2026-01-02,2026-01-02
주정차 금지구역,2025-11-16,고정형CCTV,2026-01-02,2026-01-02
주정차 금지구역,2025-11-16,고정형CCTV,2026-01-02,2026-01-02
주정차 금지구역,2025-11-16,고정형CCTV,2026-01-02,2026-01-02
주정차 금지구역,2025-11-16,고정형CCTV,2026-01-02,2026-01-02
주정차 금지구역,2025-11-16,고정형CCTV,2026-01-02,2026-01-02
주정차 금지구역,2025-11-16,고정형CCTV,2026-01-02,2026-01-02
주정차 금지구역,2025-11-16,고정형CCTV,2026-01-02,2026-01-02
주정차 금지구역,2025-11-16,고정형CCTV,2026-01-02,2026-01-02
주정차 금지구역,2025-11-16,고정형CCTV,2026-01-02,2026-01-02
주정차 금지구역,2025-11-16,고정형CCTV,2026-01-02,2026-01-02
주정차 금지구역,2025-11-16,고정형CCTV,2026-01-02,2026-01-02
주정차 금지구역,2025-11-16,고정형CCTV,2026-01-02,2026-01-02
주정차 금지구역,2025-11-16,고정형CCTV,2026-01-02,2026-01-02
주정차 금지구역,2025-11-16,고정형CCTV,2026-01-02,2026-01-02
주정차 금지구역,2025-11-16,고정형CCTV,2026-01-02,2026-01-02
주정차 금지구역,2025-11-16,고정형CCTV,2026-01-02,2026-01-02
주정차 금지구역,2025-11-16,고정형CCTV,2026-01-02,2026-01-02
주정차 금지구역,2025-11-16,고정형CCTV,2026-01-02,2026-01-02
주정차 금지구역,2025-11-16,고정형CCTV,2026-01-02,2026-01-02
주정차 금지구역,2025-10-15,고정형CCTV,2026-01-02,2026-01-02
주정차 금지구역,2025-10-21,고정형CCTV,2026-01-02,2026-01-02
주정차 금지구역,2025-10-23,고정형CCTV,2026-01-02,2026-01-02
주정차 금지구역,2025-10-15,고정형CCTV,2026-01-02,2026-01-02
도로모퉁이,2025-09-25,안전신문고,2026-01-02,2026-01-02
주정차 금지구역,2025-10-14,주행형CCTV,2026-01-02,2026-01-02
주정차 금지구역,2025-10-15,주행형CCTV,2026-01-02,2026-01-02
주정차 금지구역,2025-10-15,주행형CCTV,2026-01-02,2026-01-02
주정차 금지구역,2025-10-16,고정형CCTV,2026-01-02,2026-01-02
주정차 금지구역,2025-10-16,고정형CCTV,2026-01-02,2026-01-02
주정차 금지구역,2025-10-16,주행형CCTV,2026-01-02,2026-01-02
주정차 금지구역,2025-09-25,안전신문고,2026-01-02,2026-01-02
주정차 금지구역,2025-10-16,고정형CCTV,2026-01-02,2026-01-02
주정차 금지구역,2025-10-18,고정형CCTV,2026-01-02,2026-01-02
주정차 금지구역,2025-10-20,고정형CCTV,2026-01-02,2026-01-02
어린이 보호구역,2025-10-20,고정형CCTV,2026-01-02,2026-01-02
주정차 금지구역,2025-10-14,고정형CCTV,2026-01-02,2026-01-02
주정차 금지구역,2025-11-13,주행형CCTV,2026-01-02,2026-01-02
주정차 금지구역,2025-11-13,주행형CCTV,2026-01-02,2026-01-02
주정차 금지구역,2025-11-13,주행형CCTV,2026-01-02,2026-01-02
주정차 금지구역,2025-11-13,주행형CCTV,2026-01-02,2026-01-02
주정차 금지구역,2025-11-13,주행형CCTV,2026-01-02,2026-01-02
주정차 금지구역,2025-11-13,주행형CCTV,2026-01-02,2026-01-02
주정차 금지구역,2025-11-13,주행형CCTV,2026-01-02,2026-01-02
주정차 금지구역,2025-11-13,주행형CCTV,2026-01-02,2026-01-02
주정차 금지구역,2025-11-13,주행형CCTV,2026-01-02,2026-01-02
주정차 금지구역,2025-11-13,주행형CCTV,2026-01-02,2026-01-02
주정차 금지구역,2025-11-13,주행형CCTV,2026-01-02,2026-01-02
주정차 금지구역,2025-11-13,주행형CCTV,2026-01-02,2026-01-02
주정차 금지구역,2025-11-13,주행형CCTV,2026-01-02,2026-01-02
주정차 금지구역,2025-11-13,주행형CCTV,2026-01-02,2026-01-02
주정차 금지구역,2025-11-13,주행형CCTV,2026-01-02,2026-01-02
주정차 금지구역,2025-11-13,주행형CCTV,2026-01-02,2026-01-02
주정차 금지구역,2025-11-13,주행형CCTV,2026-01-02,2026-01-02
보도(인도)위,2025-10-04,안전신문고,2026-01-02,2026-01-02
횡단보도,2025-09-26,안전신문고,2026-01-02,2026-01-02
횡단보도,2025-09-26,안전신문고,2026-01-02,2026-01-02
횡단보도,2025-09-26,안전신문고,2026-01-02,2026-01-02
보도(인도)위,2025-11-05,안전신문고,2026-01-02,2026-01-02
보도(인도)위,2025-11-05,안전신문고,2026-01-02,2026-01-02
도로모퉁이,2025-10-08,안전신문고,2026-01-02,2026-01-02
도로모퉁이,2025-11-05,안전신문고,2026-01-02,2026-01-02
보도(인도)위,2025-11-12,안전신문고,2026-01-02,2026-01-02
도로모퉁이,2025-11-14,안전신문고,2026-01-02,2026-01-02
도로모퉁이,2025-11-12,안전신문고,2026-01-02,2026-01-02
횡단보도,2025-10-28,안전신문고,2026-01-02,2026-01-02
도로모퉁이,2025-10-18,안전신문고,2026-01-02,2026-01-02
보도(인도)위,2025-10-05,안전신문고,2026-01-02,2026-01-02
보도(인도)위,2025-10-05,안전신문고,2026-01-02,2026-01-02
횡단보도,2025-11-05,안전신문고,2026-01-02,2026-01-02
횡단보도,2025-10-25,안전신문고,2026-01-02,2026-01-02
교차로,2025-11-14,안전신문고,2026-01-02,2026-01-02
횡단보도,2025-11-14,안전신문고,2026-01-02,2026-01-02
도로모퉁이,2025-11-14,안전신문고,2026-01-02,2026-01-02
주정차 금지구역,2025-11-17,주행형CCTV,2026-01-02,2026-01-02
주정차 금지구역,2025-11-17,주행형CCTV,2026-01-02,2026-01-02
주정차 금지구역,2025-11-17,주행형CCTV,2026-01-02,2026-01-02
주정차 금지구역,2025-11-17,주행형CCTV,2026-01-02,2026-01-02
주정차 금지구역,2025-11-17,주행형CCTV,2026-01-02,2026-01-02
주정차 금지구역,2025-11-17,주행형CCTV,2026-01-02,2026-01-02
주정차 금지구역,2025-11-17,주행형CCTV,2026-01-02,2026-01-02
주정차 금지구역,2025-11-17,주행형CCTV,2026-01-02,2026-01-02
주정차 금지구역,2025-11-17,주행형CCTV,2026-01-02,2026-01-02
주정차 금지구역,2025-11-17,주행형CCTV,2026-01-02,2026-01-02
주정차 금지구역,2025-11-17,주행형CCTV,2026-01-02,2026-01-02
어린이 보호구역,2025-11-17,주행형CCTV,2026-01-02,2026-01-02
주정차 금지구역,2025-11-17,주행형CCTV,2026-01-02,2026-01-02
주정차 금지구역,2025-11-17,주행형CCTV,2026-01-02,2026-01-02
주정차 금지구역,2025-11-17,주행형CCTV,2026-01-02,2026-01-02
주정차 금지구역,2025-11-17,주행형CCTV,2026-01-02,2026-01-02
주정차 금지구역,2025-11-17,주행형CCTV,2026-01-02,2026-01-02
주정차 금지구역,2025-11-17,주행형CCTV,2026-01-02,2026-01-02
주정차 금지구역,2025-11-17,주행형CCTV,2026-01-02,2026-01-02
주정차 금지구역,2025-11-17,주행형CCTV,2026-01-02,2026-01-02
주정차 금지구역,2025-11-17,고정형CCTV,2026-01-02,2026-01-02
주정차 금지구역,2025-11-17,고정형CCTV,2026-01-02,2026-01-02
주정차 금지구역,2025-11-17,고정형CCTV,2026-01-02,2026-01-02
주정차 금지구역,2025-11-17,고정형CCTV,2026-01-02,2026-01-02
주정차 금지구역,2025-11-17,고정형CCTV,2026-01-02,2026-01-02
주정차 금지구역,2025-11-17,고정형CCTV,2026-01-02,2026-01-02
주정차 금지구역,2025-11-17,고정형CCTV,2026-01-02,2026-01-02
주정차 금지구역,2025-11-17,고정형CCTV,2026-01-02,2026-01-02
주정차 금지구역,2025-11-17,고정형CCTV,2026-01-02,2026-01-02
주정차 금지구역,2025-11-17,고정형CCTV,2026-01-02,2026-01-02
주정차 금지구역,2025-11-17,고정형CCTV,2026-01-02,2026-01-02
어린이 보호구역,2025-11-17,고정형CCTV,2026-01-02,2026-01-02
주정차 금지구역,2025-11-17,고정형CCTV,2026-01-02,2026-01-02
주정차 금지구역,2025-11-17,고정형CCTV,2026-01-02,2026-01-02
어린이 보호구역,2025-11-17,고정형CCTV,2026-01-02,2026-01-02
주정차 금지구역,2025-11-17,고정형CCTV,2026-01-02,2026-01-02
주정차 금지구역,2025-11-17,고정형CCTV,2026-01-02,2026-01-02
주정차 금지구역,2025-11-17,고정형CCTV,2026-01-02,2026-01-02
주정차 금지구역,2025-11-17,고정형CCTV,2026-01-02,2026-01-02
주정차 금지구역,2025-11-17,고정형CCTV,2026-01-02,2026-01-02
어린이 보호구역,2025-11-17,고정형CCTV,2026-01-02,2026-01-02
주정차 금지구역,2025-11-17,고정형CCTV,2026-01-02,2026-01-02
주정차 금지구역,2025-11-17,고정형CCTV,2026-01-02,2026-01-02
주정차 금지구역,2025-11-17,고정형CCTV,2026-01-02,2026-01-02
어린이 보호구역,2025-11-17,고정형CCTV,2026-01-02,2026-01-02
주정차 금지구역,2025-11-17,고정형CCTV,2026-01-02,2026-01-02
주정차 금지구역,2025-11-17,고정형CCTV,2026-01-02,2026-01-02
주정차 금지구역,2025-11-17,고정형CCTV,2026-01-02,2026-01-02
주정차 금지구역,2025-11-17,고정형CCTV,2026-01-02,2026-01-02
주정차 금지구역,2025-11-17,고정형CCTV,2026-01-02,2026-01-02
주정차 금지구역,2025-11-17,고정형CCTV,2026-01-02,2026-01-02
주정차 금지구역,2025-11-17,고정형CCTV,2026-01-02,2026-01-02
주정차 금지구역,2025-11-17,고정형CCTV,2026-01-02,2026-01-02
주정차 금지구역,2025-11-17,고정형CCTV,2026-01-02,2026-01-02
어린이 보호구역,2025-11-17,고정형CCTV,2026-01-02,2026-01-02
주정차 금지구역,2025-11-17,고정형CCTV,2026-01-02,2026-01-02
주정차 금지구역,2025-11-17,고정형CCTV,2026-01-02,2026-01-02
주정차 금지구역,2025-11-17,고정형CCTV,2026-01-02,2026-01-02
주정차 금지구역,2025-11-17,고정형CCTV,2026-01-02,2026-01-02
주정차 금지구역,2025-11-17,고정형CCTV,2026-01-02,2026-01-02
주정차 금지구역,2025-11-17,고정형CCTV,2026-01-02,2026-01-02
주정차 금지구역,2025-11-17,고정형CCTV,2026-01-02,2026-01-02
주정차 금지구역,2025-11-17,고정형CCTV,2026-01-02,2026-01-02
횡단보도,2025-11-12,안전신문고,2026-01-02,2026-01-02
횡단보도,2025-10-20,안전신문고,2026-01-02,2026-01-02
도로모퉁이,2025-11-12,안전신문고,2026-01-02,2026-01-02
횡단보도,2025-11-12,안전신문고,2026-01-02,2026-01-02
횡단보도,2025-11-12,안전신문고,2026-01-02,2026-01-02
횡단보도,2025-11-12,안전신문고,2026-01-02,2026-01-02
횡단보도,2025-11-12,안전신문고,2026-01-02,2026-01-02
횡단보도,2025-11-14,안전신문고,2026-01-02,2026-01-02
횡단보도,2025-10-16,안전신문고,2026-01-02,2026-01-02
횡단보도,2025-11-12,안전신문고,2026-01-02,2026-01-02
도로모퉁이,2025-09-27,안전신문고,2026-01-02,2026-01-02
횡단보도,2025-11-12,안전신문고,2026-01-02,2026-01-02
소방시설 주변,2025-11-11,안전신문고,2026-01-02,2026-01-02
주정차 금지구역,2025-11-12,안전신문고,2026-01-02,2026-01-02
횡단보도,2025-11-12,안전신문고,2026-01-02,2026-01-02
도로모퉁이,2025-11-12,안전신문고,2026-01-02,2026-01-02
횡단보도,2025-11-14,안전신문고,2026-01-02,2026-01-02
주정차 금지구역,2025-11-12,안전신문고,2026-01-02,2026-01-02
주정차 금지구역,2025-11-14,주행형CCTV,2026-01-02,2026-01-02
주정차 금지구역,2025-11-14,주행형CCTV,2026-01-02,2026-01-02
주정차 금지구역,2025-11-14,주행형CCTV,2026-01-02,2026-01-02
주정차 금지구역,2025-11-14,주행형CCTV,2026-01-02,2026-01-02
주정차 금지구역,2025-11-14,주행형CCTV,2026-01-02,2026-01-02
주정차 금지구역,2025-11-16,주행형CCTV,2026-01-02,2026-01-02
주정차 금지구역,2025-11-14,주행형CCTV,2026-01-02,2026-01-02
주정차 금지구역,2025-11-14,주행형CCTV,2026-01-02,2026-01-02
주정차 금지구역,2025-11-14,주행형CCTV,2026-01-02,2026-01-02
주정차 금지구역,2025-11-14,주행형CCTV,2026-01-02,2026-01-02
주정차 금지구역,2025-11-14,주행형CCTV,2026-01-02,2026-01-02
주정차 금지구역,2025-11-14,주행형CCTV,2026-01-02,2026-01-02
주정차 금지구역,2025-11-16,주행형CCTV,2026-01-02,2026-01-02
주정차 금지구역,2025-11-14,주행형CCTV,2026-01-02,2026-01-02
주정차 금지구역,2025-11-14,주행형CCTV,2026-01-02,2026-01-02
주정차 금지구역,2025-11-14,주행형CCTV,2026-01-02,2026-01-02
주정차 금지구역,2025-11-14,주행형CCTV,2026-01-02,2026-01-02
주정차 금지구역,2025-11-14,주행형CCTV,2026-01-02,2026-01-02
주정차 금지구역,2025-11-14,주행형CCTV,2026-01-02,2026-01-02
주정차 금지구역,2025-11-14,주행형CCTV,2026-01-02,2026-01-02
주정차 금지구역,2025-11-14,주행형CCTV,2026-01-02,2026-01-02
주정차 금지구역,2025-11-14,주행형CCTV,2026-01-02,2026-01-02
주정차 금지구역,2025-11-14,주행형CCTV,2026-01-02,2026-01-02
주정차 금지구역,2025-11-14,주행형CCTV,2026-01-02,2026-01-02
주정차 금지구역,2025-11-14,주행형CCTV,2026-01-02,2026-01-02
주정차 금지구역,2025-11-14,주행형CCTV,2026-01-02,2026-01-02
주정차 금지구역,2025-11-14,주행형CCTV,2026-01-02,2026-01-02
주정차 금지구역,2025-11-14,주행형CCTV,2026-01-02,2026-01-02
주정차 금지구역,2025-11-14,주행형CCTV,2026-01-02,2026-01-02
주정차 금지구역,2025-11-14,주행형CCTV,2026-01-02,2026-01-02
주정차 금지구역,2025-11-14,주행형CCTV,2026-01-02,2026-01-02
주정차 금지구역,2025-11-14,주행형CCTV,2026-01-02,2026-01-02
주정차 금지구역,2025-11-14,주행형CCTV,2026-01-02,2026-01-02
주정차 금지구역,2025-11-14,주행형CCTV,2026-01-02,2026-01-02
주정차 금지구역,2025-11-14,주행형CCTV,2026-01-02,2026-01-02
주정차 금지구역,2025-11-14,주행형CCTV,2026-01-02,2026-01-02
주정차 금지구역,2025-11-14,주행형CCTV,2026-01-02,2026-01-02
주정차 금지구역,2025-11-14,주행형CCTV,2026-01-02,2026-01-02
주정차 금지구역,2025-11-14,주행형CCTV,2026-01-02,2026-01-02
주정차 금지구역,2025-11-14,주행형CCTV,2026-01-02,2026-01-02
소방시설 주변,2025-11-12,안전신문고,2026-01-02,2026-01-02
도로모퉁이,2025-11-12,안전신문고,2026-01-02,2026-01-02
횡단보도,2025-11-12,안전신문고,2026-01-02,2026-01-02
도로모퉁이,2025-11-12,안전신문고,2026-01-02,2026-01-02
횡단보도,2025-11-12,안전신문고,2026-01-02,2026-01-02
도로모퉁이,2025-11-12,안전신문고,2026-01-02,2026-01-02
횡단보도,2025-11-12,안전신문고,2026-01-02,2026-01-02
도로모퉁이,2025-11-04,안전신문고,2026-01-02,2026-01-02
횡단보도,2025-10-06,안전신문고,2026-01-02,2026-01-02
횡단보도,2025-11-12,안전신문고,2026-01-02,2026-01-02
횡단보도,2025-11-14,안전신문고,2026-01-02,2026-01-02
횡단보도,2025-10-30,안전신문고,2026-01-02,2026-01-02
횡단보도,2025-11-05,안전신문고,2026-01-02,2026-01-02
횡단보도,2025-11-05,안전신문고,2026-01-02,2026-01-02
도로모퉁이,2025-10-03,안전신문고,2026-01-02,2026-01-02
소방시설 주변,2025-11-02,안전신문고,2026-01-02,2026-01-02
버스정류장 주변,2025-10-06,안전신문고,2026-01-02,2026-01-02
도로모퉁이,2025-10-06,안전신문고,2026-01-02,2026-01-02
횡단보도,2025-11-05,안전신문고,2026-01-02,2026-01-02
도로모퉁이,2025-10-14,안전신문고,2026-01-02,2026-01-02
보도(인도)위,2025-11-04,안전신문고,2026-01-02,2026-01-02
횡단보도,2025-11-17,안전신문고,2026-01-02,2026-01-02
도로모퉁이,2025-11-17,안전신문고,2026-01-02,2026-01-02
도로모퉁이,2025-11-05,안전신문고,2026-01-02,2026-01-02
횡단보도,2025-10-12,안전신문고,2026-01-02,2026-01-02
횡단보도,2025-11-07,안전신문고,2026-01-02,2026-01-02
보도(인도)위,2025-11-01,안전신문고,2026-01-02,2026-01-02
보도(인도)위,2025-11-07,안전신문고,2026-01-02,2026-01-02
보도(인도)위,2025-10-04,안전신문고,2026-01-02,2026-01-02
보도(인도)위,2025-11-07,안전신문고,2026-01-02,2026-01-02
횡단보도,2025-10-25,안전신문고,2026-01-02,2026-01-02
소방시설 주변,2025-10-17,안전신문고,2026-01-02,2026-01-02
횡단보도,2025-11-07,안전신문고,2026-01-02,2026-01-02
횡단보도,2025-11-08,안전신문고,2026-01-02,2026-01-02
횡단보도,2025-11-13,안전신문고,2026-01-02,2026-01-02
소방시설 주변,2025-11-13,안전신문고,2026-01-02,2026-01-02
횡단보도,2025-10-11,안전신문고,2026-01-02,2026-01-02
횡단보도,2025-10-20,안전신문고,2026-01-02,2026-01-02
도로모퉁이,2025-10-27,안전신문고,2026-01-02,2026-01-02
횡단보도,2025-11-13,안전신문고,2026-01-02,2026-01-02
횡단보도,2025-11-02,안전신문고,2026-01-02,2026-01-02
도로모퉁이,2025-11-04,안전신문고,2026-01-02,2026-01-02
도로모퉁이,2025-11-11,안전신문고,2026-01-02,2026-01-02
도로모퉁이,2025-10-21,안전신문고,2026-01-02,2026-01-02
주정차 금지구역,2025-11-05,안전신문고,2026-01-02,2026-01-02
횡단보도,2025-11-12,안전신문고,2026-01-02,2026-01-02
횡단보도,2025-11-05,안전신문고,2026-01-02,2026-01-02
보도(인도)위,2025-10-30,안전신문고,2026-01-02,2026-01-02
횡단보도,2025-11-05,안전신문고,2026-01-02,2026-01-02
보도(인도)위,2025-10-18,안전신문고,2026-01-02,2026-01-02
도로모퉁이,2025-11-07,안전신문고,2026-01-02,2026-01-02
횡단보도,2025-11-08,안전신문고,2026-01-02,2026-01-02
도로모퉁이,2025-11-08,안전신문고,2026-01-02,2026-01-02
도로모퉁이,2025-10-23,안전신문고,2026-01-02,2026-01-02
횡단보도,2025-10-25,안전신문고,2026-01-02,2026-01-02
횡단보도,2025-10-25,안전신문고,2026-01-02,2026-01-02
도로모퉁이,2025-10-30,안전신문고,2026-01-02,2026-01-02
도로모퉁이,2025-11-17,안전신문고,2026-01-02,2026-01-02
주정차 금지구역,2025-11-07,안전신문고,2026-01-02,2026-01-02
횡단보도,2025-11-07,안전신문고,2026-01-02,2026-01-02
도로모퉁이,2025-11-05,안전신문고,2026-01-02,2026-01-02
도로모퉁이,2025-11-05,안전신문고,2026-01-02,2026-01-02
도로모퉁이,2025-11-11,안전신문고,2026-01-02,2026-01-02
횡단보도,2025-11-05,안전신문고,2026-01-02,2026-01-02
소방시설 주변,2025-10-30,안전신문고,2026-01-02,2026-01-02
횡단보도,2025-11-06,안전신문고,2026-01-02,2026-01-02
소방시설 주변,2025-10-19,안전신문고,2026-01-02,2026-01-02
도로모퉁이,2025-11-06,안전신문고,2026-01-02,2026-01-02
횡단보도,2025-11-10,안전신문고,2026-01-02,2026-01-02
보도(인도)위,2025-10-17,안전신문고,2026-01-02,2026-01-02
도로모퉁이,2025-10-30,안전신문고,2026-01-02,2026-01-02
보도(인도)위,2025-11-10,안전신문고,2026-01-02,2026-01-02
횡단보도,2025-11-10,안전신문고,2026-01-02,2026-01-02
횡단보도,2025-11-10,안전신문고,2026-01-02,2026-01-02
소방시설 주변,2025-11-13,안전신문고,2026-01-02,2026-01-02
도로모퉁이,2025-11-13,안전신문고,2026-01-02,2026-01-02
보도(인도)위,2025-11-12,안전신문고,2026-01-02,2026-01-02
횡단보도,2025-11-14,안전신문고,2026-01-02,2026-01-02
보도(인도)위,2025-11-12,안전신문고,2026-01-02,2026-01-02
횡단보도,2025-11-03,안전신문고,2026-01-02,2026-01-02
보도(인도)위,2025-10-10,안전신문고,2026-01-02,2026-01-02
소방시설 주변,2025-11-07,안전신문고,2026-01-02,2026-01-02
보도(인도)위,2025-11-02,안전신문고,2026-01-02,2026-01-02
횡단보도,2025-11-05,안전신문고,2026-01-02,2026-01-02
보도(인도)위,2025-10-11,안전신문고,2026-01-02,2026-01-02
횡단보도,2025-11-02,안전신문고,2026-01-02,2026-01-02
보도(인도)위,2025-11-06,안전신문고,2026-01-02,2026-01-02
횡단보도,2025-11-09,안전신문고,2026-01-02,2026-01-02
횡단보도,2025-11-07,안전신문고,2026-01-02,2026-01-02
소방시설 주변,2025-09-26,안전신문고,2026-01-02,2026-01-02
횡단보도,2025-11-06,안전신문고,2026-01-02,2026-01-02
횡단보도,2025-11-07,안전신문고,2026-01-02,2026-01-02
보도(인도)위,2025-11-12,안전신문고,2026-01-02,2026-01-02
횡단보도,2025-10-13,안전신문고,2026-01-02,2026-01-02
보도(인도)위,2025-11-07,안전신문고,2026-01-02,2026-01-02
횡단보도,2025-11-17,안전신문고,2026-01-02,2026-01-02
횡단보도,2025-11-09,안전신문고,2026-01-02,2026-01-02
횡단보도,2025-10-24,안전신문고,2026-01-02,2026-01-02
횡단보도,2025-11-08,안전신문고,2026-01-02,2026-01-02
도로모퉁이,2025-11-08,안전신문고,2026-01-02,2026-01-02
도로모퉁이,2025-10-09,안전신문고,2026-01-02,2026-01-02
횡단보도,2025-11-08,안전신문고,2026-01-02,2026-01-02
주정차 금지구역,2025-11-18,주행형CCTV,2026-01-02,2026-01-02
주정차 금지구역,2025-11-18,주행형CCTV,2026-01-02,2026-01-02
주정차 금지구역,2025-11-18,주행형CCTV,2026-01-02,2026-01-02
주정차 금지구역,2025-11-18,주행형CCTV,2026-01-02,2026-01-02
주정차 금지구역,2025-11-18,주행형CCTV,2026-01-02,2026-01-02
주정차 금지구역,2025-11-18,주행형CCTV,2026-01-02,2026-01-02
주정차 금지구역,2025-11-18,주행형CCTV,2026-01-02,2026-01-02
주정차 금지구역,2025-11-18,주행형CCTV,2026-01-02,2026-01-02
주정차 금지구역,2025-11-18,주행형CCTV,2026-01-02,2026-01-02
주정차 금지구역,2025-11-18,주행형CCTV,2026-01-02,2026-01-02
주정차 금지구역,2025-11-18,주행형CCTV,2026-01-02,2026-01-02
주정차 금지구역,2025-11-18,주행형CCTV,2026-01-02,2026-01-02
주정차 금지구역,2025-11-18,주행형CCTV,2026-01-02,2026-01-02
주정차 금지구역,2025-11-18,주행형CCTV,2026-01-02,2026-01-02
주정차 금지구역,2025-11-18,주행형CCTV,2026-01-02,2026-01-02
주정차 금지구역,2025-11-18,주행형CCTV,2026-01-02,2026-01-02
주정차 금지구역,2025-11-18,주행형CCTV,2026-01-02,2026-01-02
주정차 금지구역,2025-11-18,주행형CCTV,2026-01-02,2026-01-02
주정차 금지구역,2025-11-18,주행형CCTV,2026-01-02,2026-01-02
주정차 금지구역,2025-11-18,주행형CCTV,2026-01-02,2026-01-02
주정차 금지구역,2025-11-18,주행형CCTV,2026-01-02,2026-01-02
주정차 금지구역,2025-11-18,주행형CCTV,2026-01-02,2026-01-02
주정차 금지구역,2025-11-18,주행형CCTV,2026-01-02,2026-01-02
주정차 금지구역,2025-11-18,주행형CCTV,2026-01-02,2026-01-02
주정차 금지구역,2025-11-18,주행형CCTV,2026-01-02,2026-01-02
주정차 금지구역,2025-11-18,주행형CCTV,2026-01-02,2026-01-02
주정차 금지구역,2025-11-18,주행형CCTV,2026-01-02,2026-01-02
주정차 금지구역,2025-11-18,주행형CCTV,2026-01-02,2026-01-02
주정차 금지구역,2025-11-18,주행형CCTV,2026-01-02,2026-01-02
주정차 금지구역,2025-11-18,주행형CCTV,2026-01-02,2026-01-02
주정차 금지구역,2025-11-18,주행형CCTV,2026-01-02,2026-01-02
주정차 금지구역,2025-11-18,주행형CCTV,2026-01-02,2026-01-02
횡단보도,2025-11-10,안전신문고,2026-01-02,2026-01-02
주정차 금지구역,2025-11-18,고정형CCTV,2026-01-02,2026-01-02
주정차 금지구역,2025-11-18,고정형CCTV,2026-01-02,2026-01-02
주정차 금지구역,2025-11-18,고정형CCTV,2026-01-02,2026-01-02
주정차 금지구역,2025-11-18,고정형CCTV,2026-01-02,2026-01-02
주정차 금지구역,2025-11-18,고정형CCTV,2026-01-02,2026-01-02
주정차 금지구역,2025-11-18,고정형CCTV,2026-01-02,2026-01-02
주정차 금지구역,2025-11-18,고정형CCTV,2026-01-02,2026-01-02
주정차 금지구역,2025-11-18,고정형CCTV,2026-01-02,2026-01-02
주정차 금지구역,2025-11-18,고정형CCTV,2026-01-02,2026-01-02
주정차 금지구역,2025-11-18,고정형CCTV,2026-01-02,2026-01-02
주정차 금지구역,2025-11-18,고정형CCTV,2026-01-02,2026-01-02
주정차 금지구역,2025-11-18,고정형CCTV,2026-01-02,2026-01-02
주정차 금지구역,2025-11-18,고정형CCTV,2026-01-02,2026-01-02
주정차 금지구역,2025-11-18,고정형CCTV,2026-01-02,2026-01-02
주정차 금지구역,2025-11-18,고정형CCTV,2026-01-02,2026-01-02
주정차 금지구역,2025-11-18,고정형CCTV,2026-01-02,2026-01-02
주정차 금지구역,2025-11-18,고정형CCTV,2026-01-02,2026-01-02
주정차 금지구역,2025-11-18,고정형CCTV,2026-01-02,2026-01-02
주정차 금지구역,2025-11-18,고정형CCTV,2026-01-02,2026-01-02
주정차 금지구역,2025-11-18,고정형CCTV,2026-01-02,2026-01-02
주정차 금지구역,2025-11-18,고정형CCTV,2026-01-02,2026-01-02
주정차 금지구역,2025-11-18,고정형CCTV,2026-01-02,2026-01-02
주정차 금지구역,2025-11-18,고정형CCTV,2026-01-02,2026-01-02
주정차 금지구역,2025-11-18,고정형CCTV,2026-01-02,2026-01-02
주정차 금지구역,2025-11-18,고정형CCTV,2026-01-02,2026-01-02
주정차 금지구역,2025-11-18,고정형CCTV,2026-01-02,2026-01-02
주정차 금지구역,2025-11-18,고정형CCTV,2026-01-02,2026-01-02
주정차 금지구역,2025-11-18,고정형CCTV,2026-01-02,2026-01-02
주정차 금지구역,2025-11-18,고정형CCTV,2026-01-02,2026-01-02
주정차 금지구역,2025-11-18,고정형CCTV,2026-01-02,2026-01-02
주정차 금지구역,2025-11-18,고정형CCTV,2026-01-02,2026-01-02
보도(인도)위,2025-11-12,안전신문고,2026-01-02,2026-01-02
도로모퉁이,2025-11-08,안전신문고,2026-01-02,2026-01-02
보도(인도)위,2025-11-12,안전신문고,2026-01-02,2026-01-02
보도(인도)위,2025-10-05,안전신문고,2026-01-02,2026-01-02
횡단보도,2025-11-15,안전신문고,2026-01-02,2026-01-02
횡단보도,2025-11-10,안전신문고,2026-01-02,2026-01-02
보도(인도)위,2025-10-06,안전신문고,2026-01-02,2026-01-02
보도(인도)위,2025-11-15,안전신문고,2026-01-02,2026-01-02
보도(인도)위,2025-11-15,안전신문고,2026-01-02,2026-01-02
횡단보도,2025-11-05,안전신문고,2026-01-02,2026-01-02
횡단보도,2025-11-13,안전신문고,2026-01-02,2026-01-02
횡단보도,2025-11-08,안전신문고,2026-01-02,2026-01-02
어린이 보호구역,2025-11-13,안전신문고,2026-01-02,2026-01-02
횡단보도,2025-11-15,안전신문고,2026-01-02,2026-01-02
보도(인도)위,2025-11-14,안전신문고,2026-01-02,2026-01-02
횡단보도,2025-11-14,안전신문고,2026-01-02,2026-01-02
소방시설 주변,2025-11-14,안전신문고,2026-01-02,2026-01-02
도로모퉁이,2025-11-13,안전신문고,2026-01-02,2026-01-02
보도(인도)위,2025-11-09,안전신문고,2026-01-02,2026-01-02
횡단보도,2025-11-15,안전신문고,2026-01-02,2026-01-02
도로모퉁이,2025-11-17,안전신문고,2026-01-02,2026-01-02
횡단보도,2025-10-01,안전신문고,2026-01-02,2026-01-02
도로모퉁이,2025-11-06,안전신문고,2026-01-02,2026-01-02
횡단보도,2025-11-14,안전신문고,2026-01-02,2026-01-02
보도(인도)위,2025-11-13,안전신문고,2026-01-02,2026-01-02
보도(인도)위,2025-11-12,안전신문고,2026-01-02,2026-01-02
도로모퉁이,2025-11-13,안전신문고,2026-01-02,2026-01-02
도로모퉁이,2025-11-13,안전신문고,2026-01-02,2026-01-02
도로모퉁이,2025-11-15,안전신문고,2026-01-02,2026-01-02
횡단보도,2025-11-08,안전신문고,2026-01-02,2026-01-02
보도(인도)위,2025-11-12,안전신문고,2026-01-02,2026-01-02
횡단보도,2025-11-14,안전신문고,2026-01-02,2026-01-02
횡단보도,2025-11-07,안전신문고,2026-01-02,2026-01-02
보도(인도)위,2025-11-07,안전신문고,2026-01-02,2026-01-02
횡단보도,2025-11-15,안전신문고,2026-01-02,2026-01-02
도로모퉁이,2025-11-09,안전신문고,2026-01-02,2026-01-02
횡단보도,2025-11-07,안전신문고,2026-01-02,2026-01-02
보도(인도)위,2025-11-09,안전신문고,2026-01-02,2026-01-02
소방시설 주변,2025-10-14,안전신문고,2026-01-02,2026-01-02
보도(인도)위,2025-11-09,안전신문고,2026-01-02,2026-01-02
횡단보도,2025-11-09,안전신문고,2026-01-02,2026-01-02
횡단보도,2025-10-18,안전신문고,2026-01-02,2026-01-02
보도(인도)위,2025-10-09,안전신문고,2026-01-02,2026-01-02
보도(인도)위,2025-10-11,안전신문고,2026-01-02,2026-01-02
버스정류장 주변,2025-11-07,안전신문고,2026-01-02,2026-01-02
횡단보도,2025-11-13,안전신문고,2026-01-02,2026-01-02
횡단보도,2025-11-13,안전신문고,2026-01-02,2026-01-02
횡단보도,2025-11-13,안전신문고,2026-01-02,2026-01-02
버스정류장 주변,2025-11-15,안전신문고,2026-01-02,2026-01-02
보도(인도)위,2025-11-13,안전신문고,2026-01-02,2026-01-02
보도(인도)위,2025-11-16,안전신문고,2026-01-02,2026-01-02
횡단보도,2025-11-07,안전신문고,2026-01-02,2026-01-02
보도(인도)위,2025-11-07,안전신문고,2026-01-02,2026-01-02
도로모퉁이,2025-11-09,안전신문고,2026-01-02,2026-01-02
보도(인도)위,2025-11-09,안전신문고,2026-01-02,2026-01-02
횡단보도,2025-11-09,안전신문고,2026-01-02,2026-01-02
보도(인도)위,2025-10-04,안전신문고,2026-01-02,2026-01-02
보도(인도)위,2025-11-09,안전신문고,2026-01-02,2026-01-02
보도(인도)위,2025-11-09,안전신문고,2026-01-02,2026-01-02
보도(인도)위,2025-11-15,안전신문고,2026-01-02,2026-01-02
주정차 금지구역,2025-11-07,안전신문고,2026-01-02,2026-01-02
횡단보도,2025-10-25,안전신문고,2026-01-02,2026-01-02
보도(인도)위,2025-10-12,안전신문고,2026-01-02,2026-01-02
횡단보도,2025-10-16,안전신문고,2026-01-02,2026-01-02
도로모퉁이,2025-11-09,안전신문고,2026-01-02,2026-01-02
횡단보도,2025-11-09,안전신문고,2026-01-02,2026-01-02
보도(인도)위,2025-11-16,안전신문고,2026-01-02,2026-01-02
횡단보도,2025-11-09,안전신문고,2026-01-02,2026-01-02
보도(인도)위,2025-11-08,안전신문고,2026-01-02,2026-01-02
도로모퉁이,2025-11-15,안전신문고,2026-01-02,2026-01-02
보도(인도)위,2025-11-05,안전신문고,2026-01-02,2026-01-02
소방시설 주변,2025-11-15,안전신문고,2026-01-02,2026-01-02
도로모퉁이,2025-11-15,안전신문고,2026-01-02,2026-01-02
도로모퉁이,2025-11-03,안전신문고,2026-01-02,2026-01-02
도로모퉁이,2025-11-01,안전신문고,2026-01-02,2026-01-02
도로모퉁이,2025-11-07,안전신문고,2026-01-02,2026-01-02
버스정류장 주변,2025-11-15,안전신문고,2026-01-02,2026-01-02
보도(인도)위,2025-11-06,안전신문고,2026-01-02,2026-01-02
보도(인도)위,2025-11-06,안전신문고,2026-01-02,2026-01-02
소방시설 주변,2025-11-19,안전신문고,2026-01-02,2026-01-02
횡단보도,2025-11-19,안전신문고,2026-01-02,2026-01-02
횡단보도,2025-11-08,안전신문고,2026-01-02,2026-01-02
보도(인도)위,2025-11-13,안전신문고,2026-01-02,2026-01-02
보도(인도)위,2025-11-17,안전신문고,2026-01-02,2026-01-02
보도(인도)위,2025-11-13,안전신문고,2026-01-02,2026-01-02
보도(인도)위,2025-11-07,안전신문고,2026-01-02,2026-01-02
횡단보도,2025-11-19,안전신문고,2026-01-02,2026-01-02
도로모퉁이,2025-11-19,안전신문고,2026-01-02,2026-01-02
횡단보도,2025-11-07,안전신문고,2026-01-02,2026-01-02
주정차 금지구역,2025-11-19,고정형CCTV,2026-01-02,2026-01-02
주정차 금지구역,2025-11-19,고정형CCTV,2026-01-02,2026-01-02
주정차 금지구역,2025-11-19,고정형CCTV,2026-01-02,2026-01-02
주정차 금지구역,2025-11-19,고정형CCTV,2026-01-02,2026-01-02
주정차 금지구역,2025-11-19,고정형CCTV,2026-01-02,2026-01-02
주정차 금지구역,2025-11-19,고정형CCTV,2026-01-02,2026-01-02
주정차 금지구역,2025-11-19,고정형CCTV,2026-01-02,2026-01-02
주정차 금지구역,2025-11-19,고정형CCTV,2026-01-02,2026-01-02
주정차 금지구역,2025-11-19,고정형CCTV,2026-01-02,2026-01-02
주정차 금지구역,2025-11-19,고정형CCTV,2026-01-02,2026-01-02
주정차 금지구역,2025-11-19,고정형CCTV,2026-01-02,2026-01-02
주정차 금지구역,2025-11-19,고정형CCTV,2026-01-02,2026-01-02
주정차 금지구역,2025-11-19,고정형CCTV,2026-01-02,2026-01-02
주정차 금지구역,2025-11-19,고정형CCTV,2026-01-02,2026-01-02
주정차 금지구역,2025-11-19,고정형CCTV,2026-01-02,2026-01-02
주정차 금지구역,2025-11-19,고정형CCTV,2026-01-02,2026-01-02
주정차 금지구역,2025-11-19,고정형CCTV,2026-01-02,2026-01-02
주정차 금지구역,2025-11-19,고정형CCTV,2026-01-02,2026-01-02
주정차 금지구역,2025-11-19,고정형CCTV,2026-01-02,2026-01-02
주정차 금지구역,2025-11-19,고정형CCTV,2026-01-02,2026-01-02
주정차 금지구역,2025-11-19,고정형CCTV,2026-01-02,2026-01-02
주정차 금지구역,2025-11-19,고정형CCTV,2026-01-02,2026-01-02
주정차 금지구역,2025-11-19,고정형CCTV,2026-01-02,2026-01-02
주정차 금지구역,2025-11-19,고정형CCTV,2026-01-02,2026-01-02
주정차 금지구역,2025-11-19,고정형CCTV,2026-01-02,2026-01-02
주정차 금지구역,2025-11-19,고정형CCTV,2026-01-02,2026-01-02
주정차 금지구역,2025-11-19,고정형CCTV,2026-01-02,2026-01-02
보도(인도)위,2025-11-19,안전신문고,2026-01-02,2026-01-02
보도(인도)위,2025-11-19,안전신문고,2026-01-02,2026-01-02
횡단보도,2025-10-27,안전신문고,2026-01-02,2026-01-02
횡단보도,2025-11-10,안전신문고,2026-01-02,2026-01-02
횡단보도,2025-11-19,안전신문고,2026-01-02,2026-01-02
횡단보도,2025-11-10,안전신문고,2026-01-02,2026-01-02
도로모퉁이,2025-09-25,안전신문고,2026-01-02,2026-01-02
횡단보도,2025-11-19,안전신문고,2026-01-02,2026-01-02
주정차 금지구역,2025-10-17,고정형CCTV,2026-01-02,2026-01-02
주정차 금지구역,2025-10-17,고정형CCTV,2026-01-02,2026-01-02
주정차 금지구역,2025-10-18,고정형CCTV,2026-01-02,2026-01-02
횡단보도,2025-11-19,안전신문고,2026-01-02,2026-01-02
주정차 금지구역,2025-10-18,주행형CCTV,2026-01-02,2026-01-02
횡단보도,2025-10-30,안전신문고,2026-01-02,2026-01-02
횡단보도,2025-11-17,안전신문고,2026-01-02,2026-01-02
횡단보도,2025-11-19,안전신문고,2026-01-02,2026-01-02
소방시설 주변,2025-11-19,안전신문고,2026-01-02,2026-01-02
횡단보도,2025-11-19,안전신문고,2026-01-02,2026-01-02
주정차 금지구역,2025-10-18,고정형CCTV,2026-01-02,2026-01-02
소방시설 주변,2025-11-19,안전신문고,2026-01-02,2026-01-02
소방시설 주변,2025-11-19,안전신문고,2026-01-02,2026-01-02
주정차 금지구역,2025-11-07,안전신문고,2026-01-02,2026-01-02
도로모퉁이,2025-11-05,안전신문고,2026-01-02,2026-01-02
주정차 금지구역,2025-10-19,고정형CCTV,2026-01-02,2026-01-02
주정차 금지구역,2025-10-19,고정형CCTV,2026-01-02,2026-01-02
횡단보도,2025-11-19,안전신문고,2026-01-02,2026-01-02
횡단보도,2025-11-17,안전신문고,2026-01-02,2026-01-02
보도(인도)위,2025-11-15,안전신문고,2026-01-02,2026-01-02
주정차 금지구역,2025-10-19,고정형CCTV,2026-01-02,2026-01-02
횡단보도,2025-11-12,안전신문고,2026-01-02,2026-01-02
도로모퉁이,2025-11-12,안전신문고,2026-01-02,2026-01-02
주정차 금지구역,2025-10-20,주행형CCTV,2026-01-02,2026-01-02
주정차 금지구역,2025-10-23,주행형CCTV,2026-01-02,2026-01-02
주정차 금지구역,2025-10-27,고정형CCTV,2026-01-02,2026-01-02
주정차 금지구역,2025-10-20,고정형CCTV,2026-01-02,2026-01-02
도로모퉁이,2025-11-18,안전신문고,2026-01-02,2026-01-02
주정차 금지구역,2025-10-28,주행형CCTV,2026-01-02,2026-01-02
도로모퉁이,2025-09-29,안전신문고,2026-01-02,2026-01-02
도로모퉁이,2025-10-21,안전신문고,2026-01-02,2026-01-02
주정차 금지구역,2025-10-20,주행형CCTV,2026-01-02,2026-01-02
도로모퉁이,2025-11-03,안전신문고,2026-01-02,2026-01-02
횡단보도,2025-11-19,안전신문고,2026-01-02,2026-01-02
소방시설 주변,2025-11-18,안전신문고,2026-01-02,2026-01-02
주정차 금지구역,2025-10-20,고정형CCTV,2026-01-02,2026-01-02
도로모퉁이,2025-10-24,안전신문고,2026-01-02,2026-01-02
도로모퉁이,2025-11-05,안전신문고,2026-01-02,2026-01-02
도로모퉁이,2025-11-05,안전신문고,2026-01-02,2026-01-02
도로모퉁이,2025-10-21,안전신문고,2026-01-02,2026-01-02
도로모퉁이,2025-10-20,안전신문고,2026-01-02,2026-01-02
소방시설 주변,2025-11-18,안전신문고,2026-01-02,2026-01-02
횡단보도,2025-10-24,안전신문고,2026-01-02,2026-01-02
소방시설 주변,2025-10-30,안전신문고,2026-01-02,2026-01-02
도로모퉁이,2025-11-19,안전신문고,2026-01-02,2026-01-02
횡단보도,2025-11-19,안전신문고,2026-01-02,2026-01-02
소방시설 주변,2025-11-17,안전신문고,2026-01-02,2026-01-02
횡단보도,2025-10-04,안전신문고,2026-01-02,2026-01-02
도로모퉁이,2025-10-20,안전신문고,2026-01-02,2026-01-02
도로모퉁이,2025-10-09,안전신문고,2026-01-02,2026-01-02
교차로,2025-11-19,안전신문고,2026-01-02,2026-01-02
횡단보도,2025-11-19,안전신문고,2026-01-02,2026-01-02
도로모퉁이,2025-10-04,안전신문고,2026-01-02,2026-01-02
도로모퉁이,2025-10-16,안전신문고,2026-01-02,2026-01-02
도로모퉁이,2025-10-09,안전신문고,2026-01-02,2026-01-02
횡단보도,2025-11-16,안전신문고,2026-01-02,2026-01-02
보도(인도)위,2025-11-19,안전신문고,2026-01-02,2026-01-02
횡단보도,2025-10-16,안전신문고,2026-01-02,2026-01-02
도로모퉁이,2025-11-19,안전신문고,2026-01-02,2026-01-02
주정차 금지구역,2025-11-19,주행형CCTV,2026-01-02,2026-01-02
주정차 금지구역,2025-11-19,주행형CCTV,2026-01-02,2026-01-02
주정차 금지구역,2025-11-19,주행형CCTV,2026-01-02,2026-01-02
주정차 금지구역,2025-11-19,주행형CCTV,2026-01-02,2026-01-02
주정차 금지구역,2025-11-19,주행형CCTV,2026-01-02,2026-01-02
주정차 금지구역,2025-11-19,주행형CCTV,2026-01-02,2026-01-02
주정차 금지구역,2025-11-19,주행형CCTV,2026-01-02,2026-01-02
주정차 금지구역,2025-11-19,주행형CCTV,2026-01-02,2026-01-02
주정차 금지구역,2025-11-19,주행형CCTV,2026-01-02,2026-01-02
주정차 금지구역,2025-11-19,주행형CCTV,2026-01-02,2026-01-02
주정차 금지구역,2025-11-19,주행형CCTV,2026-01-02,2026-01-02
주정차 금지구역,2025-11-19,주행형CCTV,2026-01-02,2026-01-02
보도(인도)위,2025-11-19,안전신문고,2026-01-02,2026-01-02
횡단보도,2025-11-07,안전신문고,2026-01-02,2026-01-02
횡단보도,2025-11-19,안전신문고,2026-01-02,2026-01-02
소방시설 주변,2025-11-19,안전신문고,2026-01-02,2026-01-02
소방시설 주변,2025-11-19,안전신문고,2026-01-02,2026-01-02
횡단보도,2025-11-19,안전신문고,2026-01-02,2026-01-02
횡단보도,2025-10-06,안전신문고,2026-01-02,2026-01-02
버스정류장 주변,2025-10-07,안전신문고,2026-01-02,2026-01-02
도로모퉁이,2025-11-13,안전신문고,2026-01-02,2026-01-02
버스정류장 주변,2025-10-06,안전신문고,2026-01-02,2026-01-02
횡단보도,2025-11-08,안전신문고,2026-01-02,2026-01-02
도로모퉁이,2025-11-09,안전신문고,2026-01-02,2026-01-02
보도(인도)위,2025-10-09,안전신문고,2026-01-02,2026-01-02
보도(인도)위,2025-10-06,안전신문고,2026-01-02,2026-01-02
보도(인도)위,2025-10-06,안전신문고,2026-01-02,2026-01-02
보도(인도)위,2025-10-22,안전신문고,2026-01-02,2026-01-02
보도(인도)위,2025-10-06,안전신문고,2026-01-02,2026-01-02
도로모퉁이,2025-10-06,안전신문고,2026-01-02,2026-01-02
교차로,2025-11-12,안전신문고,2026-01-02,2026-01-02
보도(인도)위,2025-11-03,안전신문고,2026-01-02,2026-01-02
보도(인도)위,2025-11-05,안전신문고,2026-01-02,2026-01-02
도로모퉁이,2025-11-16,안전신문고,2026-01-02,2026-01-02
횡단보도,2025-11-16,안전신문고,2026-01-02,2026-01-02
소방시설 주변,2025-11-08,안전신문고,2026-01-02,2026-01-02
보도(인도)위,2025-11-16,안전신문고,2026-01-02,2026-01-02
횡단보도,2025-11-10,안전신문고,2026-01-02,2026-01-02
보도(인도)위,2025-11-17,안전신문고,2026-01-02,2026-01-02
도로모퉁이,2025-11-11,안전신문고,2026-01-02,2026-01-02
횡단보도,2025-11-17,안전신문고,2026-01-02,2026-01-02
도로모퉁이,2025-11-12,안전신문고,2026-01-02,2026-01-02
보도(인도)위,2025-11-10,안전신문고,2026-01-02,2026-01-02
보도(인도)위,2025-11-14,안전신문고,2026-01-02,2026-01-02
횡단보도,2025-11-10,안전신문고,2026-01-02,2026-01-02
횡단보도,2025-11-08,안전신문고,2026-01-02,2026-01-02
횡단보도,2025-11-08,안전신문고,2026-01-02,2026-01-02
횡단보도,2025-11-05,안전신문고,2026-01-02,2026-01-02
횡단보도,2025-11-13,안전신문고,2026-01-02,2026-01-02
도로모퉁이,2025-11-13,안전신문고,2026-01-02,2026-01-02
도로모퉁이,2025-11-08,안전신문고,2026-01-02,2026-01-02
도로모퉁이,2025-11-13,안전신문고,2026-01-02,2026-01-02
횡단보도,2025-11-10,안전신문고,2026-01-02,2026-01-02
보도(인도)위,2025-11-13,안전신문고,2026-01-02,2026-01-02
횡단보도,2025-11-10,안전신문고,2026-01-02,2026-01-02
횡단보도,2025-10-17,안전신문고,2026-01-02,2026-01-02
횡단보도,2025-11-10,안전신문고,2026-01-02,2026-01-02
횡단보도,2025-11-05,안전신문고,2026-01-02,2026-01-02
횡단보도,2025-11-13,안전신문고,2026-01-02,2026-01-02
보도(인도)위,2025-11-13,안전신문고,2026-01-02,2026-01-02
도로모퉁이,2025-11-09,안전신문고,2026-01-02,2026-01-02
소방시설 주변,2025-09-29,안전신문고,2026-01-02,2026-01-02
횡단보도,2025-10-31,안전신문고,2026-01-02,2026-01-02
보도(인도)위,2025-10-24,안전신문고,2026-01-02,2026-01-02
횡단보도,2025-10-10,안전신문고,2026-01-02,2026-01-02
보도(인도)위,2025-11-06,안전신문고,2026-01-02,2026-01-02
도로모퉁이,2025-10-12,안전신문고,2026-01-02,2026-01-02
횡단보도,2025-11-06,안전신문고,2026-01-02,2026-01-02
소방시설 주변,2025-10-09,안전신문고,2026-01-02,2026-01-02
소방시설 주변,2025-11-17,안전신문고,2026-01-02,2026-01-02
도로모퉁이,2025-10-15,안전신문고,2026-01-02,2026-01-02
도로모퉁이,2025-10-07,안전신문고,2026-01-02,2026-01-02
보도(인도)위,2025-11-06,안전신문고,2026-01-02,2026-01-02
보도(인도)위,2025-11-06,안전신문고,2026-01-02,2026-01-02
도로모퉁이,2025-11-06,안전신문고,2026-01-02,2026-01-02
주정차 금지구역,2025-11-10,안전신문고,2026-01-02,2026-01-02
횡단보도,2025-10-08,안전신문고,2026-01-02,2026-01-02
보도(인도)위,2025-11-10,안전신문고,2026-01-02,2026-01-02
보도(인도)위,2025-11-17,안전신문고,2026-01-02,2026-01-02
주정차 금지구역,2025-11-20,주행형CCTV,2026-01-02,2026-01-02
주정차 금지구역,2025-11-20,주행형CCTV,2026-01-02,2026-01-02
주정차 금지구역,2025-11-20,주행형CCTV,2026-01-02,2026-01-02
주정차 금지구역,2025-11-20,주행형CCTV,2026-01-02,2026-01-02
주정차 금지구역,2025-11-20,주행형CCTV,2026-01-02,2026-01-02
주정차 금지구역,2025-11-20,주행형CCTV,2026-01-02,2026-01-02
주정차 금지구역,2025-11-20,주행형CCTV,2026-01-02,2026-01-02
주정차 금지구역,2025-11-20,주행형CCTV,2026-01-02,2026-01-02
주정차 금지구역,2025-11-20,주행형CCTV,2026-01-02,2026-01-02
주정차 금지구역,2025-11-20,주행형CCTV,2026-01-02,2026-01-02
주정차 금지구역,2025-11-20,주행형CCTV,2026-01-02,2026-01-02
주정차 금지구역,2025-11-20,주행형CCTV,2026-01-02,2026-01-02
주정차 금지구역,2025-11-20,주행형CCTV,2026-01-02,2026-01-02
주정차 금지구역,2025-11-20,주행형CCTV,2026-01-02,2026-01-02
주정차 금지구역,2025-11-20,주행형CCTV,2026-01-02,2026-01-02
주정차 금지구역,2025-11-20,주행형CCTV,2026-01-02,2026-01-02
주정차 금지구역,2025-11-20,주행형CCTV,2026-01-02,2026-01-02
주정차 금지구역,2025-11-20,주행형CCTV,2026-01-02,2026-01-02
주정차 금지구역,2025-11-20,주행형CCTV,2026-01-02,2026-01-02
주정차 금지구역,2025-11-20,주행형CCTV,2026-01-02,2026-01-02
주정차 금지구역,2025-11-20,주행형CCTV,2026-01-02,2026-01-02
주정차 금지구역,2025-11-20,주행형CCTV,2026-01-02,2026-01-02
주정차 금지구역,2025-11-20,주행형CCTV,2026-01-02,2026-01-02
주정차 금지구역,2025-11-20,주행형CCTV,2026-01-02,2026-01-02
주정차 금지구역,2025-11-20,주행형CCTV,2026-01-02,2026-01-02
주정차 금지구역,2025-11-20,주행형CCTV,2026-01-02,2026-01-02
주정차 금지구역,2025-11-20,고정형CCTV,2026-01-02,2026-01-02
주정차 금지구역,2025-11-20,고정형CCTV,2026-01-02,2026-01-02
주정차 금지구역,2025-11-20,고정형CCTV,2026-01-02,2026-01-02
주정차 금지구역,2025-11-20,고정형CCTV,2026-01-02,2026-01-02
주정차 금지구역,2025-11-20,고정형CCTV,2026-01-02,2026-01-02
주정차 금지구역,2025-11-20,고정형CCTV,2026-01-02,2026-01-02
주정차 금지구역,2025-11-20,고정형CCTV,2026-01-02,2026-01-02
주정차 금지구역,2025-11-20,고정형CCTV,2026-01-02,2026-01-02
주정차 금지구역,2025-11-20,고정형CCTV,2026-01-02,2026-01-02
주정차 금지구역,2025-11-20,고정형CCTV,2026-01-02,2026-01-02
주정차 금지구역,2025-11-20,고정형CCTV,2026-01-02,2026-01-02
주정차 금지구역,2025-11-20,고정형CCTV,2026-01-02,2026-01-02
주정차 금지구역,2025-11-20,고정형CCTV,2026-01-02,2026-01-02
주정차 금지구역,2025-11-20,고정형CCTV,2026-01-02,2026-01-02
주정차 금지구역,2025-11-20,고정형CCTV,2026-01-02,2026-01-02
주정차 금지구역,2025-11-20,고정형CCTV,2026-01-02,2026-01-02
주정차 금지구역,2025-11-20,고정형CCTV,2026-01-02,2026-01-02
주정차 금지구역,2025-11-20,고정형CCTV,2026-01-02,2026-01-02
주정차 금지구역,2025-11-20,고정형CCTV,2026-01-02,2026-01-02
주정차 금지구역,2025-11-20,고정형CCTV,2026-01-02,2026-01-02
주정차 금지구역,2025-11-20,고정형CCTV,2026-01-02,2026-01-02
주정차 금지구역,2025-11-20,고정형CCTV,2026-01-02,2026-01-02
주정차 금지구역,2025-11-20,고정형CCTV,2026-01-02,2026-01-02
주정차 금지구역,2025-11-20,고정형CCTV,2026-01-02,2026-01-02
주정차 금지구역,2025-11-20,고정형CCTV,2026-01-02,2026-01-02
주정차 금지구역,2025-11-20,고정형CCTV,2026-01-02,2026-01-02
주정차 금지구역,2025-11-20,고정형CCTV,2026-01-02,2026-01-02
주정차 금지구역,2025-11-20,고정형CCTV,2026-01-02,2026-01-02
주정차 금지구역,2025-11-20,고정형CCTV,2026-01-02,2026-01-02
주정차 금지구역,2025-11-20,고정형CCTV,2026-01-02,2026-01-02
주정차 금지구역,2025-11-20,고정형CCTV,2026-01-02,2026-01-02
주정차 금지구역,2025-11-20,고정형CCTV,2026-01-02,2026-01-02
횡단보도,2025-11-08,안전신문고,2026-01-02,2026-01-02
횡단보도,2025-11-09,안전신문고,2026-01-02,2026-01-02
횡단보도,2025-11-09,안전신문고,2026-01-02,2026-01-02
횡단보도,2025-11-09,안전신문고,2026-01-02,2026-01-02
횡단보도,2025-10-21,안전신문고,2026-01-02,2026-01-02
보도(인도)위,2025-11-06,안전신문고,2026-01-02,2026-01-02
횡단보도,2025-10-19,안전신문고,2026-01-02,2026-01-02
횡단보도,2025-10-19,안전신문고,2026-01-02,2026-01-02
도로모퉁이,2025-11-08,안전신문고,2026-01-02,2026-01-02
소방시설 주변,2025-11-08,안전신문고,2026-01-02,2026-01-02
소방시설 주변,2025-11-08,안전신문고,2026-01-02,2026-01-02
횡단보도,2025-11-09,안전신문고,2026-01-02,2026-01-02
횡단보도,2025-11-09,안전신문고,2026-01-02,2026-01-02
횡단보도,2025-11-06,안전신문고,2026-01-02,2026-01-02
보도(인도)위,2025-11-06,안전신문고,2026-01-02,2026-01-02
소방시설 주변,2025-10-21,안전신문고,2026-01-02,2026-01-02
횡단보도,2025-11-11,안전신문고,2026-01-02,2026-01-02
도로모퉁이,2025-11-16,안전신문고,2026-01-02,2026-01-02
횡단보도,2025-11-10,안전신문고,2026-01-02,2026-01-02
횡단보도,2025-11-10,안전신문고,2026-01-02,2026-01-02
소방시설 주변,2025-11-10,안전신문고,2026-01-02,2026-01-02
보도(인도)위,2025-11-06,안전신문고,2026-01-02,2026-01-02
소방시설 주변,2025-11-10,안전신문고,2026-01-02,2026-01-02
도로모퉁이,2025-11-10,안전신문고,2026-01-02,2026-01-02
보도(인도)위,2025-10-20,안전신문고,2026-01-02,2026-01-02
도로모퉁이,2025-10-30,안전신문고,2026-01-02,2026-01-02
도로모퉁이,2025-11-08,안전신문고,2026-01-02,2026-01-02
횡단보도,2025-11-10,안전신문고,2026-01-02,2026-01-02
횡단보도,2025-11-11,안전신문고,2026-01-02,2026-01-02
이중주차 및 대각.직각주차,2025-11-11,안전신문고,2026-01-02,2026-01-02
횡단보도,2025-11-16,안전신문고,2026-01-02,2026-01-02
횡단보도,2025-11-17,안전신문고,2026-01-02,2026-01-02
횡단보도,2025-11-10,안전신문고,2026-01-02,2026-01-02
횡단보도,2025-11-15,안전신문고,2026-01-02,2026-01-02
횡단보도,2025-10-29,안전신문고,2026-01-02,2026-01-02
횡단보도,2025-11-11,안전신문고,2026-01-02,2026-01-02
횡단보도,2025-11-17,안전신문고,2026-01-02,2026-01-02
보도(인도)위,2025-10-01,안전신문고,2026-01-02,2026-01-02
횡단보도,2025-11-15,안전신문고,2026-01-02,2026-01-02
소방시설 주변,2025-10-21,안전신문고,2026-01-02,2026-01-02
보도(인도)위,2025-11-17,안전신문고,2026-01-02,2026-01-02
횡단보도,2025-11-06,안전신문고,2026-01-02,2026-01-02
도로모퉁이,2025-11-11,안전신문고,2026-01-02,2026-01-02
도로모퉁이,2025-11-09,안전신문고,2026-01-02,2026-01-02
도로모퉁이,2025-11-10,안전신문고,2026-01-02,2026-01-02
횡단보도,2025-11-06,안전신문고,2026-01-02,2026-01-02
횡단보도,2025-11-10,안전신문고,2026-01-02,2026-01-02
횡단보도,2025-11-10,안전신문고,2026-01-02,2026-01-02
소방시설 주변,2025-11-09,안전신문고,2026-01-02,2026-01-02
횡단보도,2025-11-11,안전신문고,2026-01-02,2026-01-02
횡단보도,2025-11-16,안전신문고,2026-01-02,2026-01-02
도로모퉁이,2025-10-27,안전신문고,2026-01-02,2026-01-02
주정차 금지구역,2025-11-17,안전신문고,2026-01-02,2026-01-02
주정차 금지구역,2025-11-10,안전신문고,2026-01-02,2026-01-02
횡단보도,2025-11-16,안전신문고,2026-01-02,2026-01-02
도로모퉁이,2025-11-10,안전신문고,2026-01-02,2026-01-02
주정차 금지구역,2025-11-11,안전신문고,2026-01-02,2026-01-02
횡단보도,2025-11-08,안전신문고,2026-01-02,2026-01-02
도로모퉁이,2025-10-22,안전신문고,2026-01-02,2026-01-02
횡단보도,2025-11-16,안전신문고,2026-01-02,2026-01-02
주정차 금지구역,2025-11-11,안전신문고,2026-01-02,2026-01-02
보도(인도)위,2025-11-11,안전신문고,2026-01-02,2026-01-02
보도(인도)위,2025-11-11,안전신문고,2026-01-02,2026-01-02
횡단보도,2025-11-11,안전신문고,2026-01-02,2026-01-02
소방시설 주변,2025-11-11,안전신문고,2026-01-02,2026-01-02
보도(인도)위,2025-11-11,안전신문고,2026-01-02,2026-01-02
주정차 금지구역,2025-10-21,주행형CCTV,2026-01-02,2026-01-02
횡단보도,2025-11-11,안전신문고,2026-01-02,2026-01-02
도로모퉁이,2025-11-18,안전신문고,2026-01-02,2026-01-02
횡단보도,2025-11-15,안전신문고,2026-01-02,2026-01-02
도로모퉁이,2025-11-11,안전신문고,2026-01-02,2026-01-02
횡단보도,2025-11-16,안전신문고,2026-01-02,2026-01-02
횡단보도,2025-11-11,안전신문고,2026-01-02,2026-01-02
도로모퉁이,2025-11-16,안전신문고,2026-01-02,2026-01-02
도로모퉁이,2025-10-22,안전신문고,2026-01-02,2026-01-02
도로모퉁이,2025-11-11,안전신문고,2026-01-02,2026-01-02
보도(인도)위,2025-11-11,안전신문고,2026-01-02,2026-01-02
소방시설 주변,2025-11-11,안전신문고,2026-01-02,2026-01-02
주정차 금지구역,2025-11-11,안전신문고,2026-01-02,2026-01-02
도로모퉁이,2025-11-11,안전신문고,2026-01-02,2026-01-02
주정차 금지구역,2025-11-20,버스장착형CCTV,2026-01-02,2026-01-02
주정차 금지구역,2025-10-21,고정형CCTV,2026-01-02,2026-01-02
주정차 금지구역,2025-10-21,주행형CCTV,2026-01-02,2026-01-02
보도(인도)위,2025-11-11,안전신문고,2026-01-02,2026-01-02
횡단보도,2025-11-11,안전신문고,2026-01-02,2026-01-02
횡단보도,2025-11-18,안전신문고,2026-01-02,2026-01-02
어린이 보호구역,2025-11-18,안전신문고,2026-01-02,2026-01-02
횡단보도,2025-11-10,안전신문고,2026-01-02,2026-01-02
횡단보도,2025-10-13,안전신문고,2026-01-02,2026-01-02
횡단보도,2025-11-10,안전신문고,2026-01-02,2026-01-02
횡단보도,2025-11-05,안전신문고,2026-01-02,2026-01-02
횡단보도,2025-11-16,안전신문고,2026-01-02,2026-01-02
보도(인도)위,2025-11-10,안전신문고,2026-01-02,2026-01-02
보도(인도)위,2025-10-19,안전신문고,2026-01-02,2026-01-02
주정차 금지구역,2025-11-18,안전신문고,2026-01-02,2026-01-02
도로모퉁이,2025-11-18,안전신문고,2026-01-02,2026-01-02
도로모퉁이,2025-11-18,안전신문고,2026-01-02,2026-01-02
보도(인도)위,2025-10-19,안전신문고,2026-01-02,2026-01-02
도로모퉁이,2025-11-09,안전신문고,2026-01-02,2026-01-02
도로모퉁이,2025-11-17,안전신문고,2026-01-02,2026-01-02
횡단보도,2025-11-17,안전신문고,2026-01-02,2026-01-02
횡단보도,2025-11-08,안전신문고,2026-01-02,2026-01-02
도로모퉁이,2025-11-15,안전신문고,2026-01-02,2026-01-02
보도(인도)위,2025-11-18,안전신문고,2026-01-02,2026-01-02
보도(인도)위,2025-10-14,안전신문고,2026-01-02,2026-01-02
보도(인도)위,2025-11-10,안전신문고,2026-01-02,2026-01-02
소방시설 주변,2025-11-01,안전신문고,2026-01-02,2026-01-02
소방시설 주변,2025-11-04,안전신문고,2026-01-02,2026-01-02
횡단보도,2025-11-06,안전신문고,2026-01-02,2026-01-02
보도(인도)위,2025-11-04,안전신문고,2026-01-02,2026-01-02
버스정류장 주변,2025-11-18,안전신문고,2026-01-02,2026-01-02
도로모퉁이,2025-11-09,안전신문고,2026-01-02,2026-01-02
도로모퉁이,2025-11-08,안전신문고,2026-01-02,2026-01-02
보도(인도)위,2025-11-15,안전신문고,2026-01-02,2026-01-02
주정차 금지구역,2025-11-21,고정형CCTV,2026-01-02,2026-01-02
주정차 금지구역,2025-11-21,고정형CCTV,2026-01-02,2026-01-02
주정차 금지구역,2025-11-21,고정형CCTV,2026-01-02,2026-01-02
주정차 금지구역,2025-11-21,고정형CCTV,2026-01-02,2026-01-02
주정차 금지구역,2025-11-21,고정형CCTV,2026-01-02,2026-01-02
주정차 금지구역,2025-11-21,고정형CCTV,2026-01-02,2026-01-02
주정차 금지구역,2025-11-21,고정형CCTV,2026-01-02,2026-01-02
주정차 금지구역,2025-11-21,고정형CCTV,2026-01-02,2026-01-02
주정차 금지구역,2025-11-21,고정형CCTV,2026-01-02,2026-01-02
주정차 금지구역,2025-11-21,고정형CCTV,2026-01-02,2026-01-02
주정차 금지구역,2025-11-21,고정형CCTV,2026-01-02,2026-01-02
주정차 금지구역,2025-11-21,고정형CCTV,2026-01-02,2026-01-02
주정차 금지구역,2025-11-21,고정형CCTV,2026-01-02,2026-01-02
주정차 금지구역,2025-11-21,고정형CCTV,2026-01-02,2026-01-02
주정차 금지구역,2025-11-21,고정형CCTV,2026-01-02,2026-01-02
주정차 금지구역,2025-11-21,고정형CCTV,2026-01-02,2026-01-02
주정차 금지구역,2025-11-21,고정형CCTV,2026-01-02,2026-01-02
소방시설 주변,2025-11-21,고정형CCTV,2026-01-02,2026-01-02
주정차 금지구역,2025-11-21,고정형CCTV,2026-01-02,2026-01-02
주정차 금지구역,2025-11-21,고정형CCTV,2026-01-02,2026-01-02
주정차 금지구역,2025-11-21,고정형CCTV,2026-01-02,2026-01-02
주정차 금지구역,2025-11-21,고정형CCTV,2026-01-02,2026-01-02
주정차 금지구역,2025-11-21,고정형CCTV,2026-01-02,2026-01-02
주정차 금지구역,2025-11-21,고정형CCTV,2026-01-02,2026-01-02
주정차 금지구역,2025-11-21,고정형CCTV,2026-01-02,2026-01-02
주정차 금지구역,2025-11-21,고정형CCTV,2026-01-02,2026-01-02
주정차 금지구역,2025-11-21,고정형CCTV,2026-01-02,2026-01-02
주정차 금지구역,2025-11-21,고정형CCTV,2026-01-02,2026-01-02
주정차 금지구역,2025-11-21,고정형CCTV,2026-01-02,2026-01-02
주정차 금지구역,2025-11-21,고정형CCTV,2026-01-02,2026-01-02
주정차 금지구역,2025-11-21,고정형CCTV,2026-01-02,2026-01-02
주정차 금지구역,2025-11-21,고정형CCTV,2026-01-02,2026-01-02
주정차 금지구역,2025-11-21,고정형CCTV,2026-01-02,2026-01-02
주정차 금지구역,2025-11-21,고정형CCTV,2026-01-02,2026-01-02
주정차 금지구역,2025-11-21,고정형CCTV,2026-01-02,2026-01-02
주정차 금지구역,2025-11-21,고정형CCTV,2026-01-02,2026-01-02
주정차 금지구역,2025-11-21,고정형CCTV,2026-01-02,2026-01-02
주정차 금지구역,2025-11-21,고정형CCTV,2026-01-02,2026-01-02
주정차 금지구역,2025-11-21,고정형CCTV,2026-01-02,2026-01-02
주정차 금지구역,2025-11-21,고정형CCTV,2026-01-02,2026-01-02
주정차 금지구역,2025-11-21,고정형CCTV,2026-01-02,2026-01-02
주정차 금지구역,2025-11-21,고정형CCTV,2026-01-02,2026-01-02
주정차 금지구역,2025-11-22,고정형CCTV,2026-01-02,2026-01-02
주정차 금지구역,2025-11-22,고정형CCTV,2026-01-02,2026-01-02
주정차 금지구역,2025-11-22,고정형CCTV,2026-01-02,2026-01-02
주정차 금지구역,2025-11-22,고정형CCTV,2026-01-02,2026-01-02
주정차 금지구역,2025-11-22,고정형CCTV,2026-01-02,2026-01-02
주정차 금지구역,2025-11-22,고정형CCTV,2026-01-02,2026-01-02
주정차 금지구역,2025-11-22,고정형CCTV,2026-01-02,2026-01-02
주정차 금지구역,2025-11-22,고정형CCTV,2026-01-02,2026-01-02
주정차 금지구역,2025-11-22,고정형CCTV,2026-01-02,2026-01-02
주정차 금지구역,2025-11-22,고정형CCTV,2026-01-02,2026-01-02
주정차 금지구역,2025-11-22,고정형CCTV,2026-01-02,2026-01-02
주정차 금지구역,2025-11-22,고정형CCTV,2026-01-02,2026-01-02
주정차 금지구역,2025-11-22,고정형CCTV,2026-01-02,2026-01-02
주정차 금지구역,2025-11-22,고정형CCTV,2026-01-02,2026-01-02
주정차 금지구역,2025-11-22,고정형CCTV,2026-01-02,2026-01-02
주정차 금지구역,2025-11-22,고정형CCTV,2026-01-02,2026-01-02
주정차 금지구역,2025-11-22,고정형CCTV,2026-01-02,2026-01-02
주정차 금지구역,2025-11-22,고정형CCTV,2026-01-02,2026-01-02
주정차 금지구역,2025-11-22,고정형CCTV,2026-01-02,2026-01-02
주정차 금지구역,2025-11-22,고정형CCTV,2026-01-02,2026-01-02
주정차 금지구역,2025-11-22,고정형CCTV,2026-01-02,2026-01-02
주정차 금지구역,2025-11-22,고정형CCTV,2026-01-02,2026-01-02
주정차 금지구역,2025-11-22,고정형CCTV,2026-01-02,2026-01-02
주정차 금지구역,2025-11-22,고정형CCTV,2026-01-02,2026-01-02
주정차 금지구역,2025-11-22,고정형CCTV,2026-01-02,2026-01-02
주정차 금지구역,2025-11-22,고정형CCTV,2026-01-02,2026-01-02
주정차 금지구역,2025-11-22,고정형CCTV,2026-01-02,2026-01-02
주정차 금지구역,2025-11-22,고정형CCTV,2026-01-02,2026-01-02
주정차 금지구역,2025-11-22,고정형CCTV,2026-01-02,2026-01-02
주정차 금지구역,2025-11-22,고정형CCTV,2026-01-02,2026-01-02
주정차 금지구역,2025-11-22,고정형CCTV,2026-01-02,2026-01-02
주정차 금지구역,2025-11-22,고정형CCTV,2026-01-02,2026-01-02
주정차 금지구역,2025-11-22,고정형CCTV,2026-01-02,2026-01-02
주정차 금지구역,2025-11-22,고정형CCTV,2026-01-02,2026-01-02
주정차 금지구역,2025-11-22,고정형CCTV,2026-01-02,2026-01-02
주정차 금지구역,2025-11-22,고정형CCTV,2026-01-02,2026-01-02
주정차 금지구역,2025-11-22,고정형CCTV,2026-01-02,2026-01-02
주정차 금지구역,2025-11-22,고정형CCTV,2026-01-02,2026-01-02
주정차 금지구역,2025-11-22,고정형CCTV,2026-01-02,2026-01-02
주정차 금지구역,2025-11-22,고정형CCTV,2026-01-02,2026-01-02
주정차 금지구역,2025-11-22,고정형CCTV,2026-01-02,2026-01-02
주정차 금지구역,2025-11-22,고정형CCTV,2026-01-02,2026-01-02
주정차 금지구역,2025-11-22,고정형CCTV,2026-01-02,2026-01-02
주정차 금지구역,2025-11-22,고정형CCTV,2026-01-02,2026-01-02
주정차 금지구역,2025-11-22,고정형CCTV,2026-01-02,2026-01-02
주정차 금지구역,2025-11-22,고정형CCTV,2026-01-02,2026-01-02
주정차 금지구역,2025-11-22,고정형CCTV,2026-01-02,2026-01-02
주정차 금지구역,2025-11-22,고정형CCTV,2026-01-02,2026-01-02
주정차 금지구역,2025-11-22,고정형CCTV,2026-01-02,2026-01-02
주정차 금지구역,2025-11-23,고정형CCTV,2026-01-02,2026-01-02
주정차 금지구역,2025-11-23,고정형CCTV,2026-01-02,2026-01-02
주정차 금지구역,2025-11-23,고정형CCTV,2026-01-02,2026-01-02
주정차 금지구역,2025-11-23,고정형CCTV,2026-01-02,2026-01-02
주정차 금지구역,2025-11-23,고정형CCTV,2026-01-02,2026-01-02
주정차 금지구역,2025-11-23,고정형CCTV,2026-01-02,2026-01-02
주정차 금지구역,2025-11-23,고정형CCTV,2026-01-02,2026-01-02
주정차 금지구역,2025-11-23,고정형CCTV,2026-01-02,2026-01-02
주정차 금지구역,2025-11-23,고정형CCTV,2026-01-02,2026-01-02
주정차 금지구역,2025-11-23,고정형CCTV,2026-01-02,2026-01-02
주정차 금지구역,2025-11-23,고정형CCTV,2026-01-02,2026-01-02
주정차 금지구역,2025-11-23,고정형CCTV,2026-01-02,2026-01-02
주정차 금지구역,2025-11-23,고정형CCTV,2026-01-02,2026-01-02
주정차 금지구역,2025-11-23,고정형CCTV,2026-01-02,2026-01-02
주정차 금지구역,2025-11-23,고정형CCTV,2026-01-02,2026-01-02
주정차 금지구역,2025-11-23,고정형CCTV,2026-01-02,2026-01-02
주정차 금지구역,2025-11-23,고정형CCTV,2026-01-02,2026-01-02
주정차 금지구역,2025-11-23,고정형CCTV,2026-01-02,2026-01-02
주정차 금지구역,2025-11-23,고정형CCTV,2026-01-02,2026-01-02
주정차 금지구역,2025-11-23,고정형CCTV,2026-01-02,2026-01-02
주정차 금지구역,2025-11-23,고정형CCTV,2026-01-02,2026-01-02
주정차 금지구역,2025-11-23,고정형CCTV,2026-01-02,2026-01-02
주정차 금지구역,2025-11-23,고정형CCTV,2026-01-02,2026-01-02
주정차 금지구역,2025-11-23,고정형CCTV,2026-01-02,2026-01-02
주정차 금지구역,2025-11-23,고정형CCTV,2026-01-02,2026-01-02
주정차 금지구역,2025-11-23,고정형CCTV,2026-01-02,2026-01-02
주정차 금지구역,2025-11-23,고정형CCTV,2026-01-02,2026-01-02
주정차 금지구역,2025-11-23,고정형CCTV,2026-01-02,2026-01-02
주정차 금지구역,2025-11-23,고정형CCTV,2026-01-02,2026-01-02
주정차 금지구역,2025-11-23,고정형CCTV,2026-01-02,2026-01-02
주정차 금지구역,2025-11-23,고정형CCTV,2026-01-02,2026-01-02
주정차 금지구역,2025-11-23,고정형CCTV,2026-01-02,2026-01-02
주정차 금지구역,2025-11-23,고정형CCTV,2026-01-02,2026-01-02
주정차 금지구역,2025-11-23,고정형CCTV,2026-01-02,2026-01-02
주정차 금지구역,2025-11-23,고정형CCTV,2026-01-02,2026-01-02
주정차 금지구역,2025-11-23,고정형CCTV,2026-01-02,2026-01-02
주정차 금지구역,2025-11-23,고정형CCTV,2026-01-02,2026-01-02
주정차 금지구역,2025-11-23,고정형CCTV,2026-01-02,2026-01-02
주정차 금지구역,2025-11-23,고정형CCTV,2026-01-02,2026-01-02
주정차 금지구역,2025-11-23,고정형CCTV,2026-01-02,2026-01-02
주정차 금지구역,2025-11-23,고정형CCTV,2026-01-02,2026-01-02
주정차 금지구역,2025-11-23,고정형CCTV,2026-01-02,2026-01-02
주정차 금지구역,2025-11-23,고정형CCTV,2026-01-02,2026-01-02
주정차 금지구역,2025-11-23,고정형CCTV,2026-01-02,2026-01-02
주정차 금지구역,2025-11-23,고정형CCTV,2026-01-02,2026-01-02
주정차 금지구역,2025-11-23,고정형CCTV,2026-01-02,2026-01-02
주정차 금지구역,2025-11-23,고정형CCTV,2026-01-02,2026-01-02
주정차 금지구역,2025-11-23,고정형CCTV,2026-01-02,2026-01-02
주정차 금지구역,2025-11-23,고정형CCTV,2026-01-02,2026-01-02
주정차 금지구역,2025-11-23,고정형CCTV,2026-01-02,2026-01-02
횡단보도,2025-11-16,안전신문고,2026-01-02,2026-01-02
횡단보도,2025-10-10,안전신문고,2026-01-02,2026-01-02
도로모퉁이,2025-11-15,안전신문고,2026-01-02,2026-01-02
소방시설 주변,2025-11-15,안전신문고,2026-01-02,2026-01-02
횡단보도,2025-11-16,안전신문고,2026-01-02,2026-01-02
횡단보도,2025-11-06,안전신문고,2026-01-02,2026-01-02
도로모퉁이,2025-11-16,안전신문고,2026-01-02,2026-01-02
도로모퉁이,2025-11-06,안전신문고,2026-01-02,2026-01-02
소방시설 주변,2025-11-10,안전신문고,2026-01-02,2026-01-02
보도(인도)위,2025-11-15,안전신문고,2026-01-02,2026-01-02
보도(인도)위,2025-11-18,안전신문고,2026-01-02,2026-01-02
횡단보도,2025-11-18,안전신문고,2026-01-02,2026-01-02
횡단보도,2025-11-15,안전신문고,2026-01-02,2026-01-02
주정차 금지구역,2025-11-21,주행형CCTV,2026-01-02,2026-01-02
주정차 금지구역,2025-11-21,주행형CCTV,2026-01-02,2026-01-02
주정차 금지구역,2025-11-21,주행형CCTV,2026-01-02,2026-01-02
주정차 금지구역,2025-11-21,주행형CCTV,2026-01-02,2026-01-02
주정차 금지구역,2025-11-21,주행형CCTV,2026-01-02,2026-01-02
주정차 금지구역,2025-11-21,주행형CCTV,2026-01-02,2026-01-02
주정차 금지구역,2025-11-22,주행형CCTV,2026-01-02,2026-01-02
주정차 금지구역,2025-11-21,주행형CCTV,2026-01-02,2026-01-02
주정차 금지구역,2025-11-21,주행형CCTV,2026-01-02,2026-01-02
주정차 금지구역,2025-11-21,주행형CCTV,2026-01-02,2026-01-02
주정차 금지구역,2025-11-21,주행형CCTV,2026-01-02,2026-01-02
주정차 금지구역,2025-11-21,주행형CCTV,2026-01-02,2026-01-02
주정차 금지구역,2025-11-21,주행형CCTV,2026-01-02,2026-01-02
주정차 금지구역,2025-11-21,주행형CCTV,2026-01-02,2026-01-02
어린이 보호구역,2025-11-21,주행형CCTV,2026-01-02,2026-01-02
주정차 금지구역,2025-11-21,주행형CCTV,2026-01-02,2026-01-02
주정차 금지구역,2025-11-21,주행형CCTV,2026-01-02,2026-01-02
주정차 금지구역,2025-11-21,주행형CCTV,2026-01-02,2026-01-02
주정차 금지구역,2025-11-21,주행형CCTV,2026-01-02,2026-01-02
주정차 금지구역,2025-11-21,주행형CCTV,2026-01-02,2026-01-02
주정차 금지구역,2025-11-21,주행형CCTV,2026-01-02,2026-01-02
주정차 금지구역,2025-11-21,주행형CCTV,2026-01-02,2026-01-02
주정차 금지구역,2025-11-21,주행형CCTV,2026-01-02,2026-01-02
주정차 금지구역,2025-11-21,주행형CCTV,2026-01-02,2026-01-02
주정차 금지구역,2025-11-21,주행형CCTV,2026-01-02,2026-01-02
주정차 금지구역,2025-11-21,주행형CCTV,2026-01-02,2026-01-02
주정차 금지구역,2025-11-21,주행형CCTV,2026-01-02,2026-01-02
주정차 금지구역,2025-11-21,주행형CCTV,2026-01-02,2026-01-02
주정차 금지구역,2025-11-21,주행형CCTV,2026-01-02,2026-01-02
주정차 금지구역,2025-11-21,주행형CCTV,2026-01-02,2026-01-02
주정차 금지구역,2025-11-21,주행형CCTV,2026-01-02,2026-01-02
도로모퉁이,2025-11-17,안전신문고,2026-01-02,2026-01-02
횡단보도,2025-11-06,안전신문고,2026-01-02,2026-01-02
횡단보도,2025-11-18,안전신문고,2026-01-02,2026-01-02
횡단보도,2025-11-06,안전신문고,2026-01-02,2026-01-02
도로모퉁이,2025-11-15,안전신문고,2026-01-02,2026-01-02
보도(인도)위,2025-11-06,안전신문고,2026-01-02,2026-01-02
횡단보도,2025-10-14,안전신문고,2026-01-02,2026-01-02
횡단보도,2025-11-06,안전신문고,2026-01-02,2026-01-02
횡단보도,2025-11-06,안전신문고,2026-01-02,2026-01-02
보도(인도)위,2025-11-15,안전신문고,2026-01-02,2026-01-02
보도(인도)위,2025-11-16,안전신문고,2026-01-02,2026-01-02
도로모퉁이,2025-11-20,안전신문고,2026-01-02,2026-01-02
도로모퉁이,2025-11-20,안전신문고,2026-01-02,2026-01-02
보도(인도)위,2025-11-20,안전신문고,2026-01-02,2026-01-02
횡단보도,2025-11-20,안전신문고,2026-01-02,2026-01-02
소방시설 주변,2025-10-03,안전신문고,2026-01-02,2026-01-02
횡단보도,2025-11-06,안전신문고,2026-01-02,2026-01-02
주정차 금지구역,2025-11-01,안전신문고,2026-01-02,2026-01-02
횡단보도,2025-11-20,안전신문고,2026-01-02,2026-01-02
횡단보도,2025-10-03,안전신문고,2026-01-02,2026-01-02
보도(인도)위,2025-11-16,안전신문고,2026-01-02,2026-01-02
도로모퉁이,2025-10-25,안전신문고,2026-01-02,2026-01-02
도로모퉁이,2025-11-11,안전신문고,2026-01-02,2026-01-02
횡단보도,2025-11-20,안전신문고,2026-01-02,2026-01-02
횡단보도,2025-11-04,안전신문고,2026-01-02,2026-01-02
소방시설 주변,2025-11-16,안전신문고,2026-01-02,2026-01-02
횡단보도,2025-11-16,안전신문고,2026-01-02,2026-01-02
보도(인도)위,2025-10-07,안전신문고,2026-01-02,2026-01-02
보도(인도)위,2025-10-18,안전신문고,2026-01-02,2026-01-02
횡단보도,2025-11-15,안전신문고,2026-01-02,2026-01-02
횡단보도,2025-11-16,안전신문고,2026-01-02,2026-01-02
보도(인도)위,2025-10-13,안전신문고,2026-01-02,2026-01-02
도로모퉁이,2025-11-18,안전신문고,2026-01-02,2026-01-02
보도(인도)위,2025-10-06,안전신문고,2026-01-02,2026-01-02
횡단보도,2025-11-16,안전신문고,2026-01-02,2026-01-02
도로모퉁이,2025-11-06,안전신문고,2026-01-02,2026-01-02
횡단보도,2025-11-20,안전신문고,2026-01-02,2026-01-02
도로모퉁이,2025-11-20,안전신문고,2026-01-02,2026-01-02
횡단보도,2025-10-19,안전신문고,2026-01-02,2026-01-02
보도(인도)위,2025-10-06,안전신문고,2026-01-02,2026-01-02
버스정류장 주변,2025-11-14,안전신문고,2026-01-02,2026-01-02
횡단보도,2025-11-14,안전신문고,2026-01-02,2026-01-02
횡단보도,2025-11-05,안전신문고,2026-01-02,2026-01-02
도로모퉁이,2025-11-14,안전신문고,2026-01-02,2026-01-02
도로모퉁이,2025-11-18,안전신문고,2026-01-02,2026-01-02
횡단보도,2025-10-25,안전신문고,2026-01-02,2026-01-02
횡단보도,2025-10-28,안전신문고,2026-01-02,2026-01-02
도로모퉁이,2025-10-23,안전신문고,2026-01-02,2026-01-02
주정차 금지구역,2025-11-05,안전신문고,2026-01-02,2026-01-02
횡단보도,2025-11-14,안전신문고,2026-01-02,2026-01-02
교차로,2025-10-30,안전신문고,2026-01-02,2026-01-02
교차로,2025-10-30,안전신문고,2026-01-02,2026-01-02
보도(인도)위,2025-11-15,안전신문고,2026-01-02,2026-01-02
횡단보도,2025-10-28,안전신문고,2026-01-02,2026-01-02
도로모퉁이,2025-11-15,안전신문고,2026-01-02,2026-01-02
도로모퉁이,2025-11-15,안전신문고,2026-01-02,2026-01-02
보도(인도)위,2025-11-16,안전신문고,2026-01-02,2026-01-02
버스정류장 주변,2025-11-16,안전신문고,2026-01-02,2026-01-02
소방시설 주변,2025-11-16,안전신문고,2026-01-02,2026-01-02
도로모퉁이,2025-11-17,안전신문고,2026-01-02,2026-01-02
보도(인도)위,2025-11-20,안전신문고,2026-01-02,2026-01-02
도로모퉁이,2025-11-17,안전신문고,2026-01-02,2026-01-02
소방시설 주변,2025-11-16,안전신문고,2026-01-02,2026-01-02
보도(인도)위,2025-11-20,안전신문고,2026-01-02,2026-01-02
보도(인도)위,2025-11-20,안전신문고,2026-01-02,2026-01-02
버스정류장 주변,2025-11-16,안전신문고,2026-01-02,2026-01-02
도로모퉁이,2025-11-17,안전신문고,2026-01-02,2026-01-02
보도(인도)위,2025-11-20,안전신문고,2026-01-02,2026-01-02
횡단보도,2025-11-18,안전신문고,2026-01-02,2026-01-02
횡단보도,2025-11-20,안전신문고,2026-01-02,2026-01-02
보도(인도)위,2025-11-15,안전신문고,2026-01-02,2026-01-02
횡단보도,2025-11-20,안전신문고,2026-01-02,2026-01-02
소방시설 주변,2025-11-18,안전신문고,2026-01-02,2026-01-02
횡단보도,2025-11-18,안전신문고,2026-01-02,2026-01-02
횡단보도,2025-11-20,안전신문고,2026-01-02,2026-01-02
주정차 금지구역,2025-10-22,고정형CCTV,2026-01-02,2026-01-02
주정차 금지구역,2025-10-22,고정형CCTV,2026-01-02,2026-01-02
주정차 금지구역,2025-10-22,고정형CCTV,2026-01-02,2026-01-02
주정차 금지구역,2025-10-22,주행형CCTV,2026-01-02,2026-01-02
주정차 금지구역,2025-10-22,고정형CCTV,2026-01-02,2026-01-02
소방시설 주변,2025-10-22,고정형CCTV,2026-01-02,2026-01-02
어린이 보호구역,2025-10-23,고정형CCTV,2026-01-02,2026-01-02
주정차 금지구역,2025-10-23,고정형CCTV,2026-01-02,2026-01-02
주정차 금지구역,2025-10-23,주행형CCTV,2026-01-02,2026-01-02
횡단보도,2025-11-20,안전신문고,2026-01-02,2026-01-02
주정차 금지구역,2025-10-23,고정형CCTV,2026-01-02,2026-01-02
주정차 금지구역,2025-10-23,고정형CCTV,2026-01-02,2026-01-02
보도(인도)위,2025-11-20,안전신문고,2026-01-02,2026-01-02
어린이 보호구역,2025-10-29,고정형CCTV,2026-01-02,2026-01-02
주정차 금지구역,2025-10-23,고정형CCTV,2026-01-02,2026-01-02
주정차 금지구역,2025-10-23,고정형CCTV,2026-01-02,2026-01-02
어린이 보호구역,2025-10-23,고정형CCTV,2026-01-02,2026-01-02
어린이 보호구역,2025-10-31,고정형CCTV,2026-01-02,2026-01-02
주정차 금지구역,2025-10-23,고정형CCTV,2026-01-02,2026-01-02
주정차 금지구역,2025-10-23,고정형CCTV,2026-01-02,2026-01-02
주정차 금지구역,2025-10-24,고정형CCTV,2026-01-02,2026-01-02
주정차 금지구역,2025-10-29,고정형CCTV,2026-01-02,2026-01-02
보도(인도)위,2025-11-20,안전신문고,2026-01-02,2026-01-02
횡단보도,2025-11-15,안전신문고,2026-01-02,2026-01-02
횡단보도,2025-10-13,안전신문고,2026-01-02,2026-01-02
보도(인도)위,2025-11-18,안전신문고,2026-01-02,2026-01-02
어린이 보호구역,2025-10-24,고정형CCTV,2026-01-02,2026-01-02
주정차 금지구역,2025-10-25,고정형CCTV,2026-01-02,2026-01-02
주정차 금지구역,2025-10-24,고정형CCTV,2026-01-02,2026-01-02
주정차 금지구역,2025-10-24,고정형CCTV,2026-01-02,2026-01-02
보도(인도)위,2025-11-20,안전신문고,2026-01-02,2026-01-02
주정차 금지구역,2025-10-26,고정형CCTV,2026-01-02,2026-01-02
주정차 금지구역,2025-10-25,고정형CCTV,2026-01-02,2026-01-02
주정차 금지구역,2025-10-26,고정형CCTV,2026-01-02,2026-01-02
주정차 금지구역,2025-10-26,고정형CCTV,2026-01-02,2026-01-02
횡단보도,2025-11-16,안전신문고,2026-01-02,2026-01-02
보도(인도)위,2025-11-20,안전신문고,2026-01-02,2026-01-02
주정차 금지구역,2025-10-26,고정형CCTV,2026-01-02,2026-01-02
주정차 금지구역,2025-10-27,고정형CCTV,2026-01-02,2026-01-02
주정차 금지구역,2025-10-27,주행형CCTV,2026-01-02,2026-01-02
보도(인도)위,2025-11-20,안전신문고,2026-01-02,2026-01-02
보도(인도)위,2025-11-20,안전신문고,2026-01-02,2026-01-02
주정차 금지구역,2025-10-29,주행형CCTV,2026-01-02,2026-01-02
주정차 금지구역,2025-10-29,고정형CCTV,2026-01-02,2026-01-02
주정차 금지구역,2025-10-30,주행형CCTV,2026-01-02,2026-01-02
주정차 금지구역,2025-10-27,주행형CCTV,2026-01-02,2026-01-02
도로모퉁이,2025-11-15,안전신문고,2026-01-02,2026-01-02
주정차 금지구역,2025-10-28,고정형CCTV,2026-01-02,2026-01-02
횡단보도,2025-11-15,안전신문고,2026-01-02,2026-01-02
주정차 금지구역,2025-10-31,고정형CCTV,2026-01-02,2026-01-02
횡단보도,2025-11-16,안전신문고,2026-01-02,2026-01-02
주정차 금지구역,2025-10-30,주행형CCTV,2026-01-02,2026-01-02
주정차 금지구역,2025-10-30,주행형CCTV,2026-01-02,2026-01-02
주정차 금지구역,2025-10-31,고정형CCTV,2026-01-02,2026-01-02
주정차 금지구역,2025-10-31,고정형CCTV,2026-01-02,2026-01-02
주정차 금지구역,2025-10-31,고정형CCTV,2026-01-02,2026-01-02
주정차 금지구역,2025-10-28,고정형CCTV,2026-01-02,2026-01-02
주정차 금지구역,2025-11-24,주행형CCTV,2026-01-02,2026-01-02
주정차 금지구역,2025-11-24,주행형CCTV,2026-01-02,2026-01-02
주정차 금지구역,2025-11-24,주행형CCTV,2026-01-02,2026-01-02
주정차 금지구역,2025-11-24,주행형CCTV,2026-01-02,2026-01-02
주정차 금지구역,2025-11-24,주행형CCTV,2026-01-02,2026-01-02
주정차 금지구역,2025-11-24,주행형CCTV,2026-01-02,2026-01-02
주정차 금지구역,2025-11-24,주행형CCTV,2026-01-02,2026-01-02
주정차 금지구역,2025-11-24,주행형CCTV,2026-01-02,2026-01-02
주정차 금지구역,2025-11-24,주행형CCTV,2026-01-02,2026-01-02
주정차 금지구역,2025-11-24,주행형CCTV,2026-01-02,2026-01-02
주정차 금지구역,2025-11-24,주행형CCTV,2026-01-02,2026-01-02
주정차 금지구역,2025-11-24,주행형CCTV,2026-01-02,2026-01-02
주정차 금지구역,2025-11-24,주행형CCTV,2026-01-02,2026-01-02
주정차 금지구역,2025-11-24,주행형CCTV,2026-01-02,2026-01-02
어린이 보호구역,2025-11-24,주행형CCTV,2026-01-02,2026-01-02
주정차 금지구역,2025-11-24,주행형CCTV,2026-01-02,2026-01-02
주정차 금지구역,2025-11-24,주행형CCTV,2026-01-02,2026-01-02
주정차 금지구역,2025-11-24,고정형CCTV,2026-01-02,2026-01-02
어린이 보호구역,2025-11-24,고정형CCTV,2026-01-02,2026-01-02
주정차 금지구역,2025-11-24,고정형CCTV,2026-01-02,2026-01-02
주정차 금지구역,2025-11-24,고정형CCTV,2026-01-02,2026-01-02
주정차 금지구역,2025-11-24,고정형CCTV,2026-01-02,2026-01-02
주정차 금지구역,2025-11-24,고정형CCTV,2026-01-02,2026-01-02
주정차 금지구역,2025-11-24,고정형CCTV,2026-01-02,2026-01-02
주정차 금지구역,2025-11-24,고정형CCTV,2026-01-02,2026-01-02
주정차 금지구역,2025-11-24,고정형CCTV,2026-01-02,2026-01-02
주정차 금지구역,2025-11-24,고정형CCTV,2026-01-02,2026-01-02
주정차 금지구역,2025-11-24,고정형CCTV,2026-01-02,2026-01-02
주정차 금지구역,2025-11-24,고정형CCTV,2026-01-02,2026-01-02
주정차 금지구역,2025-11-24,고정형CCTV,2026-01-02,2026-01-02
주정차 금지구역,2025-11-24,고정형CCTV,2026-01-02,2026-01-02
주정차 금지구역,2025-11-24,고정형CCTV,2026-01-02,2026-01-02
주정차 금지구역,2025-11-24,고정형CCTV,2026-01-02,2026-01-02
주정차 금지구역,2025-11-24,고정형CCTV,2026-01-02,2026-01-02
어린이 보호구역,2025-11-24,고정형CCTV,2026-01-02,2026-01-02
주정차 금지구역,2025-11-24,고정형CCTV,2026-01-02,2026-01-02
주정차 금지구역,2025-11-24,고정형CCTV,2026-01-02,2026-01-02
주정차 금지구역,2025-11-24,고정형CCTV,2026-01-02,2026-01-02
주정차 금지구역,2025-11-24,고정형CCTV,2026-01-02,2026-01-02
주정차 금지구역,2025-11-24,고정형CCTV,2026-01-02,2026-01-02
주정차 금지구역,2025-11-24,고정형CCTV,2026-01-02,2026-01-02
주정차 금지구역,2025-11-24,고정형CCTV,2026-01-02,2026-01-02
어린이 보호구역,2025-11-24,고정형CCTV,2026-01-02,2026-01-02
주정차 금지구역,2025-11-24,고정형CCTV,2026-01-02,2026-01-02
소방시설 주변,2025-10-31,안전신문고,2026-01-02,2026-01-02
횡단보도,2025-11-20,안전신문고,2026-01-02,2026-01-02
보도(인도)위,2025-10-21,안전신문고,2026-01-02,2026-01-02
주정차 금지구역,2025-11-20,안전신문고,2026-01-02,2026-01-02
도로모퉁이,2025-11-20,안전신문고,2026-01-02,2026-01-02
횡단보도,2025-11-20,안전신문고,2026-01-02,2026-01-02
소방시설 주변,2025-11-20,안전신문고,2026-01-02,2026-01-02
도로모퉁이,2025-10-08,안전신문고,2026-01-02,2026-01-02
보도(인도)위,2025-10-08,안전신문고,2026-01-02,2026-01-02
도로모퉁이,2025-11-22,안전신문고,2026-01-02,2026-01-02
횡단보도,2025-11-22,안전신문고,2026-01-02,2026-01-02
보도(인도)위,2025-10-02,안전신문고,2026-01-02,2026-01-02
보도(인도)위,2025-11-22,안전신문고,2026-01-02,2026-01-02
도로모퉁이,2025-11-11,안전신문고,2026-01-02,2026-01-02
보도(인도)위,2025-11-23,안전신문고,2026-01-02,2026-01-02
보도(인도)위,2025-11-23,안전신문고,2026-01-02,2026-01-02
보도(인도)위,2025-11-23,안전신문고,2026-01-02,2026-01-02
보도(인도)위,2025-11-23,안전신문고,2026-01-02,2026-01-02
횡단보도,2025-11-26,안전신문고,2026-01-02,2026-01-02
주정차 금지구역,2025-11-26,안전신문고,2026-01-02,2026-01-02
보도(인도)위,2025-11-26,안전신문고,2026-01-02,2026-01-02
횡단보도,2025-11-22,안전신문고,2026-01-02,2026-01-02
횡단보도,2025-11-24,안전신문고,2026-01-02,2026-01-02
보도(인도)위,2025-11-24,안전신문고,2026-01-02,2026-01-02
버스정류장 주변,2025-11-26,안전신문고,2026-01-02,2026-01-02
주정차 금지구역,2025-11-25,주행형CCTV,2026-01-02,2026-01-02
주정차 금지구역,2025-11-25,주행형CCTV,2026-01-02,2026-01-02
주정차 금지구역,2025-11-25,주행형CCTV,2026-01-02,2026-01-02
주정차 금지구역,2025-11-25,주행형CCTV,2026-01-02,2026-01-02
주정차 금지구역,2025-11-25,주행형CCTV,2026-01-02,2026-01-02
주정차 금지구역,2025-11-25,주행형CCTV,2026-01-02,2026-01-02
주정차 금지구역,2025-11-25,주행형CCTV,2026-01-02,2026-01-02
주정차 금지구역,2025-11-25,주행형CCTV,2026-01-02,2026-01-02
주정차 금지구역,2025-11-25,주행형CCTV,2026-01-02,2026-01-02
주정차 금지구역,2025-11-25,주행형CCTV,2026-01-02,2026-01-02
주정차 금지구역,2025-11-25,주행형CCTV,2026-01-02,2026-01-02
주정차 금지구역,2025-11-25,주행형CCTV,2026-01-02,2026-01-02
주정차 금지구역,2025-11-25,주행형CCTV,2026-01-02,2026-01-02
주정차 금지구역,2025-11-25,주행형CCTV,2026-01-02,2026-01-02
주정차 금지구역,2025-11-25,주행형CCTV,2026-01-02,2026-01-02
주정차 금지구역,2025-11-25,주행형CCTV,2026-01-02,2026-01-02
주정차 금지구역,2025-11-25,주행형CCTV,2026-01-02,2026-01-02
주정차 금지구역,2025-11-25,주행형CCTV,2026-01-02,2026-01-02
주정차 금지구역,2025-11-25,주행형CCTV,2026-01-02,2026-01-02
주정차 금지구역,2025-11-25,주행형CCTV,2026-01-02,2026-01-02
주정차 금지구역,2025-11-25,고정형CCTV,2026-01-02,2026-01-02
주정차 금지구역,2025-11-25,고정형CCTV,2026-01-02,2026-01-02
어린이 보호구역,2025-11-25,고정형CCTV,2026-01-02,2026-01-02
주정차 금지구역,2025-11-25,고정형CCTV,2026-01-02,2026-01-02
주정차 금지구역,2025-11-25,고정형CCTV,2026-01-02,2026-01-02
주정차 금지구역,2025-11-25,고정형CCTV,2026-01-02,2026-01-02
주정차 금지구역,2025-11-25,고정형CCTV,2026-01-02,2026-01-02
주정차 금지구역,2025-11-25,고정형CCTV,2026-01-02,2026-01-02
주정차 금지구역,2025-11-25,고정형CCTV,2026-01-02,2026-01-02
주정차 금지구역,2025-11-25,고정형CCTV,2026-01-02,2026-01-02
주정차 금지구역,2025-11-25,고정형CCTV,2026-01-02,2026-01-02
주정차 금지구역,2025-11-25,고정형CCTV,2026-01-02,2026-01-02
어린이 보호구역,2025-11-25,고정형CCTV,2026-01-02,2026-01-02
주정차 금지구역,2025-11-25,고정형CCTV,2026-01-02,2026-01-02
주정차 금지구역,2025-11-25,고정형CCTV,2026-01-02,2026-01-02
주정차 금지구역,2025-11-25,고정형CCTV,2026-01-02,2026-01-02
주정차 금지구역,2025-11-25,고정형CCTV,2026-01-02,2026-01-02
주정차 금지구역,2025-11-25,고정형CCTV,2026-01-02,2026-01-02
어린이 보호구역,2025-11-25,고정형CCTV,2026-01-02,2026-01-02
주정차 금지구역,2025-11-25,고정형CCTV,2026-01-02,2026-01-02
주정차 금지구역,2025-11-25,고정형CCTV,2026-01-02,2026-01-02
주정차 금지구역,2025-11-25,고정형CCTV,2026-01-02,2026-01-02
주정차 금지구역,2025-11-25,고정형CCTV,2026-01-02,2026-01-02
주정차 금지구역,2025-11-25,고정형CCTV,2026-01-02,2026-01-02
주정차 금지구역,2025-11-25,고정형CCTV,2026-01-02,2026-01-02
주정차 금지구역,2025-11-25,고정형CCTV,2026-01-02,2026-01-02
주정차 금지구역,2025-11-25,고정형CCTV,2026-01-02,2026-01-02
주정차 금지구역,2025-11-25,고정형CCTV,2026-01-02,2026-01-02
주정차 금지구역,2025-11-25,고정형CCTV,2026-01-02,2026-01-02
주정차 금지구역,2025-11-25,고정형CCTV,2026-01-02,2026-01-02
주정차 금지구역,2025-11-25,고정형CCTV,2026-01-02,2026-01-02
주정차 금지구역,2025-11-25,고정형CCTV,2026-01-02,2026-01-02
소방시설 주변,2025-11-25,고정형CCTV,2026-01-02,2026-01-02
주정차 금지구역,2025-11-25,고정형CCTV,2026-01-02,2026-01-02
주정차 금지구역,2025-11-25,고정형CCTV,2026-01-02,2026-01-02
주정차 금지구역,2025-11-25,고정형CCTV,2026-01-02,2026-01-02
주정차 금지구역,2025-11-25,고정형CCTV,2026-01-02,2026-01-02
주정차 금지구역,2025-11-25,고정형CCTV,2026-01-02,2026-01-02
주정차 금지구역,2025-11-25,고정형CCTV,2026-01-02,2026-01-02
주정차 금지구역,2025-11-25,고정형CCTV,2026-01-02,2026-01-02
주정차 금지구역,2025-11-25,고정형CCTV,2026-01-02,2026-01-02
주정차 금지구역,2025-11-25,고정형CCTV,2026-01-02,2026-01-02
보도(인도)위,2025-11-26,안전신문고,2026-01-02,2026-01-02
보도(인도)위,2025-11-22,안전신문고,2026-01-02,2026-01-02
소방시설 주변,2025-11-25,안전신문고,2026-01-02,2026-01-02
횡단보도,2025-11-24,안전신문고,2026-01-02,2026-01-02
도로모퉁이,2025-11-14,안전신문고,2026-01-02,2026-01-02
횡단보도,2025-11-24,안전신문고,2026-01-02,2026-01-02
도로모퉁이,2025-11-26,안전신문고,2026-01-02,2026-01-02
보도(인도)위,2025-11-14,안전신문고,2026-01-02,2026-01-02
횡단보도,2025-11-23,안전신문고,2026-01-02,2026-01-02
보도(인도)위,2025-11-23,안전신문고,2026-01-02,2026-01-02
횡단보도,2025-11-24,안전신문고,2026-01-02,2026-01-02
주정차 금지구역,2025-11-14,안전신문고,2026-01-02,2026-01-02
횡단보도,2025-11-26,안전신문고,2026-01-02,2026-01-02
횡단보도,2025-11-26,안전신문고,2026-01-02,2026-01-02
횡단보도,2025-11-26,안전신문고,2026-01-02,2026-01-02
횡단보도,2025-11-26,안전신문고,2026-01-02,2026-01-02
소방시설 주변,2025-11-26,안전신문고,2026-01-02,2026-01-02
보도(인도)위,2025-11-22,안전신문고,2026-01-02,2026-01-02
횡단보도,2025-11-26,안전신문고,2026-01-02,2026-01-02
횡단보도,2025-11-26,안전신문고,2026-01-02,2026-01-02
횡단보도,2025-11-26,안전신문고,2026-01-02,2026-01-02
도로모퉁이,2025-11-24,안전신문고,2026-01-02,2026-01-02
횡단보도,2025-11-26,안전신문고,2026-01-02,2026-01-02
보도(인도)위,2025-11-22,안전신문고,2026-01-02,2026-01-02
도로모퉁이,2025-11-23,안전신문고,2026-01-02,2026-01-02
도로모퉁이,2025-11-20,안전신문고,2026-01-02,2026-01-02
보도(인도)위,2025-11-20,안전신문고,2026-01-02,2026-01-02
보도(인도)위,2025-11-23,안전신문고,2026-01-02,2026-01-02
보도(인도)위,2025-10-09,안전신문고,2026-01-02,2026-01-02
보도(인도)위,2025-11-20,안전신문고,2026-01-02,2026-01-02
보도(인도)위,2025-11-20,안전신문고,2026-01-02,2026-01-02
도로모퉁이,2025-11-21,안전신문고,2026-01-02,2026-01-02
도로모퉁이,2025-11-25,안전신문고,2026-01-02,2026-01-02
주정차 금지구역,2025-11-20,안전신문고,2026-01-02,2026-01-02
소방시설 주변,2025-11-24,안전신문고,2026-01-02,2026-01-02
도로모퉁이,2025-11-24,안전신문고,2026-01-02,2026-01-02
횡단보도,2025-11-24,안전신문고,2026-01-02,2026-01-02
보도(인도)위,2025-11-25,안전신문고,2026-01-02,2026-01-02
보도(인도)위,2025-11-20,안전신문고,2026-01-02,2026-01-02
보도(인도)위,2025-11-26,안전신문고,2026-01-02,2026-01-02
횡단보도,2025-11-24,안전신문고,2026-01-02,2026-01-02
도로모퉁이,2025-11-21,안전신문고,2026-01-02,2026-01-02
도로모퉁이,2025-11-21,안전신문고,2026-01-02,2026-01-02
보도(인도)위,2025-11-21,안전신문고,2026-01-02,2026-01-02
소방시설 주변,2025-11-23,안전신문고,2026-01-02,2026-01-02
횡단보도,2025-11-24,안전신문고,2026-01-02,2026-01-02
횡단보도,2025-11-22,안전신문고,2026-01-02,2026-01-02
소방시설 주변,2025-11-22,안전신문고,2026-01-02,2026-01-02
횡단보도,2025-11-23,안전신문고,2026-01-02,2026-01-02
주정차 금지구역,2025-11-26,주행형CCTV,2026-01-02,2026-01-02
주정차 금지구역,2025-11-26,주행형CCTV,2026-01-02,2026-01-02
주정차 금지구역,2025-11-26,주행형CCTV,2026-01-02,2026-01-02
주정차 금지구역,2025-11-26,주행형CCTV,2026-01-02,2026-01-02
주정차 금지구역,2025-11-26,주행형CCTV,2026-01-02,2026-01-02
주정차 금지구역,2025-11-26,주행형CCTV,2026-01-02,2026-01-02
주정차 금지구역,2025-11-26,주행형CCTV,2026-01-02,2026-01-02
주정차 금지구역,2025-11-26,주행형CCTV,2026-01-02,2026-01-02
주정차 금지구역,2025-11-26,주행형CCTV,2026-01-02,2026-01-02
주정차 금지구역,2025-11-26,주행형CCTV,2026-01-02,2026-01-02
주정차 금지구역,2025-11-26,주행형CCTV,2026-01-02,2026-01-02
주정차 금지구역,2025-11-26,주행형CCTV,2026-01-02,2026-01-02
주정차 금지구역,2025-11-26,주행형CCTV,2026-01-02,2026-01-02
주정차 금지구역,2025-11-26,주행형CCTV,2026-01-02,2026-01-02
주정차 금지구역,2025-11-26,주행형CCTV,2026-01-02,2026-01-02
주정차 금지구역,2025-11-26,주행형CCTV,2026-01-02,2026-01-02
주정차 금지구역,2025-11-26,주행형CCTV,2026-01-02,2026-01-02
주정차 금지구역,2025-11-26,주행형CCTV,2026-01-02,2026-01-02
주정차 금지구역,2025-11-26,주행형CCTV,2026-01-02,2026-01-02
주정차 금지구역,2025-11-26,주행형CCTV,2026-01-02,2026-01-02
주정차 금지구역,2025-11-26,주행형CCTV,2026-01-02,2026-01-02
주정차 금지구역,2025-11-26,주행형CCTV,2026-01-02,2026-01-02
주정차 금지구역,2025-11-26,주행형CCTV,2026-01-02,2026-01-02
주정차 금지구역,2025-11-26,주행형CCTV,2026-01-02,2026-01-02
주정차 금지구역,2025-11-26,주행형CCTV,2026-01-02,2026-01-02
주정차 금지구역,2025-11-26,주행형CCTV,2026-01-02,2026-01-02
주정차 금지구역,2025-11-26,주행형CCTV,2026-01-02,2026-01-02
주정차 금지구역,2025-11-26,주행형CCTV,2026-01-02,2026-01-02
주정차 금지구역,2025-11-26,주행형CCTV,2026-01-02,2026-01-02
주정차 금지구역,2025-11-26,주행형CCTV,2026-01-02,2026-01-02
주정차 금지구역,2025-11-26,주행형CCTV,2026-01-02,2026-01-02
주정차 금지구역,2025-11-26,주행형CCTV,2026-01-02,2026-01-02
주정차 금지구역,2025-11-26,주행형CCTV,2026-01-02,2026-01-02
주정차 금지구역,2025-11-26,고정형CCTV,2026-01-02,2026-01-02
주정차 금지구역,2025-11-26,고정형CCTV,2026-01-02,2026-01-02
주정차 금지구역,2025-11-26,고정형CCTV,2026-01-02,2026-01-02
주정차 금지구역,2025-11-26,고정형CCTV,2026-01-02,2026-01-02
주정차 금지구역,2025-11-26,고정형CCTV,2026-01-02,2026-01-02
주정차 금지구역,2025-11-26,고정형CCTV,2026-01-02,2026-01-02
주정차 금지구역,2025-11-26,고정형CCTV,2026-01-02,2026-01-02
주정차 금지구역,2025-11-26,고정형CCTV,2026-01-02,2026-01-02
주정차 금지구역,2025-11-26,고정형CCTV,2026-01-02,2026-01-02
주정차 금지구역,2025-11-26,고정형CCTV,2026-01-02,2026-01-02
주정차 금지구역,2025-11-26,고정형CCTV,2026-01-02,2026-01-02
주정차 금지구역,2025-11-26,고정형CCTV,2026-01-02,2026-01-02
주정차 금지구역,2025-11-26,고정형CCTV,2026-01-02,2026-01-02
주정차 금지구역,2025-11-26,고정형CCTV,2026-01-02,2026-01-02
주정차 금지구역,2025-11-26,고정형CCTV,2026-01-02,2026-01-02
주정차 금지구역,2025-11-26,고정형CCTV,2026-01-02,2026-01-02
주정차 금지구역,2025-11-26,고정형CCTV,2026-01-02,2026-01-02
주정차 금지구역,2025-11-26,고정형CCTV,2026-01-02,2026-01-02
주정차 금지구역,2025-11-26,고정형CCTV,2026-01-02,2026-01-02
주정차 금지구역,2025-11-26,고정형CCTV,2026-01-02,2026-01-02
주정차 금지구역,2025-11-26,고정형CCTV,2026-01-02,2026-01-02
주정차 금지구역,2025-11-26,고정형CCTV,2026-01-02,2026-01-02
주정차 금지구역,2025-11-26,고정형CCTV,2026-01-02,2026-01-02
주정차 금지구역,2025-11-26,고정형CCTV,2026-01-02,2026-01-02
어린이 보호구역,2025-11-26,고정형CCTV,2026-01-02,2026-01-02
주정차 금지구역,2025-11-26,고정형CCTV,2026-01-02,2026-01-02
주정차 금지구역,2025-11-26,고정형CCTV,2026-01-02,2026-01-02
주정차 금지구역,2025-11-26,고정형CCTV,2026-01-02,2026-01-02
보도(인도)위,2025-11-23,안전신문고,2026-01-02,2026-01-02
횡단보도,2025-11-27,안전신문고,2026-01-02,2026-01-02
보도(인도)위,2025-11-23,안전신문고,2026-01-02,2026-01-02
횡단보도,2025-11-27,안전신문고,2026-01-02,2026-01-02
도로모퉁이,2025-11-27,안전신문고,2026-01-02,2026-01-02
횡단보도,2025-11-23,안전신문고,2026-01-02,2026-01-02
보도(인도)위,2025-11-27,안전신문고,2026-01-02,2026-01-02
소방시설 주변,2025-11-20,안전신문고,2026-01-02,2026-01-02
주정차 금지구역,2025-11-01,고정형CCTV,2026-01-02,2026-01-02
도로모퉁이,2025-11-24,안전신문고,2026-01-02,2026-01-02
주정차 금지구역,2025-11-03,고정형CCTV,2026-01-02,2026-01-02
주정차 금지구역,2025-11-05,주행형CCTV,2026-01-02,2026-01-02
주정차 금지구역,2025-11-07,주행형CCTV,2026-01-02,2026-01-02
주정차 금지구역,2025-11-03,주행형CCTV,2026-01-02,2026-01-02
주정차 금지구역,2025-11-04,고정형CCTV,2026-01-02,2026-01-02
어린이 보호구역,2025-11-05,고정형CCTV,2026-01-02,2026-01-02
어린이 보호구역,2025-11-06,고정형CCTV,2026-01-02,2026-01-02
주정차 금지구역,2025-11-06,주행형CCTV,2026-01-02,2026-01-02
어린이 보호구역,2025-11-11,고정형CCTV,2026-01-02,2026-01-02
주정차 금지구역,2025-11-07,주행형CCTV,2026-01-02,2026-01-02
도로모퉁이,2025-11-23,안전신문고,2026-01-02,2026-01-02
횡단보도,2025-11-23,안전신문고,2026-01-02,2026-01-02
보도(인도)위,2025-11-27,안전신문고,2026-01-02,2026-01-02
보도(인도)위,2025-11-27,안전신문고,2026-01-02,2026-01-02
횡단보도,2025-11-24,안전신문고,2026-01-02,2026-01-02
버스정류장 주변,2025-11-27,안전신문고,2026-01-02,2026-01-02
도로모퉁이,2025-11-23,안전신문고,2026-01-02,2026-01-02
횡단보도,2025-11-24,안전신문고,2026-01-02,2026-01-02
보도(인도)위,2025-11-27,안전신문고,2026-01-02,2026-01-02
보도(인도)위,2025-11-22,안전신문고,2026-01-02,2026-01-02
횡단보도,2025-11-24,안전신문고,2026-01-02,2026-01-02
도로모퉁이,2025-11-22,안전신문고,2026-01-02,2026-01-02
도로모퉁이,2025-11-24,안전신문고,2026-01-02,2026-01-02
소방시설 주변,2025-11-24,안전신문고,2026-01-02,2026-01-02
횡단보도,2025-11-27,안전신문고,2026-01-02,2026-01-02
도로모퉁이,2025-11-24,안전신문고,2026-01-02,2026-01-02
도로모퉁이,2025-11-27,안전신문고,2026-01-02,2026-01-02
도로모퉁이,2025-11-23,안전신문고,2026-01-02,2026-01-02
주정차 금지구역,2025-11-27,주행형CCTV,2026-01-02,2026-01-02
주정차 금지구역,2025-11-27,주행형CCTV,2026-01-02,2026-01-02
주정차 금지구역,2025-11-27,주행형CCTV,2026-01-02,2026-01-02
주정차 금지구역,2025-11-27,주행형CCTV,2026-01-02,2026-01-02
주정차 금지구역,2025-11-27,주행형CCTV,2026-01-02,2026-01-02
주정차 금지구역,2025-11-27,주행형CCTV,2026-01-02,2026-01-02
주정차 금지구역,2025-11-27,주행형CCTV,2026-01-02,2026-01-02
주정차 금지구역,2025-11-27,주행형CCTV,2026-01-02,2026-01-02
주정차 금지구역,2025-11-27,주행형CCTV,2026-01-02,2026-01-02
주정차 금지구역,2025-11-27,고정형CCTV,2026-01-02,2026-01-02
주정차 금지구역,2025-11-27,고정형CCTV,2026-01-02,2026-01-02
주정차 금지구역,2025-11-27,고정형CCTV,2026-01-02,2026-01-02
주정차 금지구역,2025-11-27,고정형CCTV,2026-01-02,2026-01-02
주정차 금지구역,2025-11-27,고정형CCTV,2026-01-02,2026-01-02
주정차 금지구역,2025-11-27,고정형CCTV,2026-01-02,2026-01-02
주정차 금지구역,2025-11-27,고정형CCTV,2026-01-02,2026-01-02
주정차 금지구역,2025-11-27,고정형CCTV,2026-01-02,2026-01-02
주정차 금지구역,2025-11-27,고정형CCTV,2026-01-02,2026-01-02
주정차 금지구역,2025-11-27,고정형CCTV,2026-01-02,2026-01-02
주정차 금지구역,2025-11-27,고정형CCTV,2026-01-02,2026-01-02
주정차 금지구역,2025-11-27,고정형CCTV,2026-01-02,2026-01-02
주정차 금지구역,2025-11-27,고정형CCTV,2026-01-02,2026-01-02
어린이 보호구역,2025-11-27,고정형CCTV,2026-01-02,2026-01-02
주정차 금지구역,2025-11-27,고정형CCTV,2026-01-02,2026-01-02
주정차 금지구역,2025-11-27,고정형CCTV,2026-01-02,2026-01-02
주정차 금지구역,2025-11-27,고정형CCTV,2026-01-02,2026-01-02
주정차 금지구역,2025-11-27,고정형CCTV,2026-01-02,2026-01-02
주정차 금지구역,2025-11-27,고정형CCTV,2026-01-02,2026-01-02
어린이 보호구역,2025-11-27,고정형CCTV,2026-01-02,2026-01-02
주정차 금지구역,2025-11-27,고정형CCTV,2026-01-02,2026-01-02
주정차 금지구역,2025-11-27,고정형CCTV,2026-01-02,2026-01-02
주정차 금지구역,2025-11-27,고정형CCTV,2026-01-02,2026-01-02
주정차 금지구역,2025-11-27,고정형CCTV,2026-01-02,2026-01-02
주정차 금지구역,2025-11-27,고정형CCTV,2026-01-02,2026-01-02
주정차 금지구역,2025-11-27,고정형CCTV,2026-01-02,2026-01-02
주정차 금지구역,2025-11-27,고정형CCTV,2026-01-02,2026-01-02
주정차 금지구역,2025-11-27,고정형CCTV,2026-01-02,2026-01-02
주정차 금지구역,2025-11-27,고정형CCTV,2026-01-02,2026-01-02
주정차 금지구역,2025-11-27,고정형CCTV,2026-01-02,2026-01-02
주정차 금지구역,2025-11-27,고정형CCTV,2026-01-02,2026-01-02
주정차 금지구역,2025-11-27,고정형CCTV,2026-01-02,2026-01-02
주정차 금지구역,2025-11-27,고정형CCTV,2026-01-02,2026-01-02
주정차 금지구역,2025-11-27,고정형CCTV,2026-01-02,2026-01-02
주정차 금지구역,2025-11-27,고정형CCTV,2026-01-02,2026-01-02
주정차 금지구역,2025-11-27,고정형CCTV,2026-01-02,2026-01-02
어린이 보호구역,2025-11-27,고정형CCTV,2026-01-02,2026-01-02
주정차 금지구역,2025-11-27,고정형CCTV,2026-01-02,2026-01-02
횡단보도,2025-11-21,안전신문고,2026-01-02,2026-01-02
주정차 금지구역,2025-11-27,주행형CCTV,2026-01-02,2026-01-02
주정차 금지구역,2025-11-27,주행형CCTV,2026-01-02,2026-01-02
주정차 금지구역,2025-11-27,주행형CCTV,2026-01-02,2026-01-02
주정차 금지구역,2025-11-27,주행형CCTV,2026-01-02,2026-01-02
주정차 금지구역,2025-11-27,주행형CCTV,2026-01-02,2026-01-02
주정차 금지구역,2025-11-27,주행형CCTV,2026-01-02,2026-01-02
주정차 금지구역,2025-11-27,주행형CCTV,2026-01-02,2026-01-02
주정차 금지구역,2025-11-27,주행형CCTV,2026-01-02,2026-01-02
주정차 금지구역,2025-11-27,주행형CCTV,2026-01-02,2026-01-02
주정차 금지구역,2025-11-27,주행형CCTV,2026-01-02,2026-01-02
주정차 금지구역,2025-11-27,주행형CCTV,2026-01-02,2026-01-02
주정차 금지구역,2025-11-27,주행형CCTV,2026-01-02,2026-01-02
주정차 금지구역,2025-11-27,주행형CCTV,2026-01-02,2026-01-02
주정차 금지구역,2025-11-27,주행형CCTV,2026-01-02,2026-01-02
주정차 금지구역,2025-11-27,주행형CCTV,2026-01-02,2026-01-02
주정차 금지구역,2025-11-27,주행형CCTV,2026-01-02,2026-01-02
주정차 금지구역,2025-11-27,주행형CCTV,2026-01-02,2026-01-02
주정차 금지구역,2025-11-27,주행형CCTV,2026-01-02,2026-01-02
주정차 금지구역,2025-11-27,주행형CCTV,2026-01-02,2026-01-02
주정차 금지구역,2025-11-27,주행형CCTV,2026-01-02,2026-01-02
주정차 금지구역,2025-11-27,주행형CCTV,2026-01-02,2026-01-02
주정차 금지구역,2025-11-27,주행형CCTV,2026-01-02,2026-01-02
주정차 금지구역,2025-11-27,주행형CCTV,2026-01-02,2026-01-02
주정차 금지구역,2025-11-27,주행형CCTV,2026-01-02,2026-01-02
주정차 금지구역,2025-11-27,주행형CCTV,2026-01-02,2026-01-02
주정차 금지구역,2025-11-27,주행형CCTV,2026-01-02,2026-01-02
주정차 금지구역,2025-11-27,주행형CCTV,2026-01-02,2026-01-02
횡단보도,2025-11-24,안전신문고,2026-01-02,2026-01-02
도로모퉁이,2025-11-24,안전신문고,2026-01-02,2026-01-02
보도(인도)위,2025-11-27,안전신문고,2026-01-02,2026-01-02
보도(인도)위,2025-11-23,안전신문고,2026-01-02,2026-01-02
보도(인도)위,2025-11-27,안전신문고,2026-01-02,2026-01-02
횡단보도,2025-11-24,안전신문고,2026-01-02,2026-01-02
횡단보도,2025-11-24,안전신문고,2026-01-02,2026-01-02
주정차 금지구역,2025-11-08,고정형CCTV,2026-01-02,2026-01-02
주정차 금지구역,2025-11-08,고정형CCTV,2026-01-02,2026-01-02
주정차 금지구역,2025-11-08,고정형CCTV,2026-01-02,2026-01-02
소방시설 주변,2025-11-24,안전신문고,2026-01-02,2026-01-02
도로모퉁이,2025-11-27,안전신문고,2026-01-02,2026-01-02
횡단보도,2025-11-27,안전신문고,2026-01-02,2026-01-02
횡단보도,2025-11-27,안전신문고,2026-01-02,2026-01-02
버스정류장 주변,2025-11-23,안전신문고,2026-01-02,2026-01-02
횡단보도,2025-11-21,안전신문고,2026-01-02,2026-01-02
횡단보도,2025-11-22,안전신문고,2026-01-02,2026-01-02
횡단보도,2025-11-23,안전신문고,2026-01-02,2026-01-02
주정차 금지구역,2025-11-21,안전신문고,2026-01-02,2026-01-02
보도(인도)위,2025-11-21,안전신문고,2026-01-02,2026-01-02
횡단보도,2025-11-22,안전신문고,2026-01-02,2026-01-02
도로모퉁이,2025-11-27,안전신문고,2026-01-02,2026-01-02
소방시설 주변,2025-11-21,안전신문고,2026-01-02,2026-01-02
횡단보도,2025-11-21,안전신문고,2026-01-02,2026-01-02
횡단보도,2025-11-21,안전신문고,2026-01-02,2026-01-02
횡단보도,2025-11-23,안전신문고,2026-01-02,2026-01-02
횡단보도,2025-11-23,안전신문고,2026-01-02,2026-01-02
횡단보도,2025-11-23,안전신문고,2026-01-02,2026-01-02
횡단보도,2025-11-21,안전신문고,2026-01-02,2026-01-02
횡단보도,2025-11-21,안전신문고,2026-01-02,2026-01-02
도로모퉁이,2025-11-21,안전신문고,2026-01-02,2026-01-02
소방시설 주변,2025-11-21,안전신문고,2026-01-02,2026-01-02
소방시설 주변,2025-11-23,안전신문고,2026-01-02,2026-01-02
횡단보도,2025-11-22,안전신문고,2026-01-02,2026-01-02
주정차 금지구역,2025-11-21,안전신문고,2026-01-02,2026-01-02
횡단보도,2025-11-21,안전신문고,2026-01-02,2026-01-02
횡단보도,2025-11-21,안전신문고,2026-01-02,2026-01-02
주정차 금지구역,2025-11-21,안전신문고,2026-01-02,2026-01-02
횡단보도,2025-11-21,안전신문고,2026-01-02,2026-01-02
횡단보도,2025-11-21,안전신문고,2026-01-02,2026-01-02
보도(인도)위,2025-11-21,안전신문고,2026-01-02,2026-01-02
도로모퉁이,2025-11-21,안전신문고,2026-01-02,2026-01-02
횡단보도,2025-11-21,안전신문고,2026-01-02,2026-01-02
횡단보도,2025-11-21,안전신문고,2026-01-02,2026-01-02
도로모퉁이,2025-11-21,안전신문고,2026-01-02,2026-01-02
횡단보도,2025-11-21,안전신문고,2026-01-02,2026-01-02
보도(인도)위,2025-11-10,안전신문고,2026-01-02,2026-01-02
보도(인도)위,2025-11-25,안전신문고,2026-01-02,2026-01-02
소방시설 주변,2025-11-25,안전신문고,2026-01-02,2026-01-02
소방시설 주변,2025-11-25,안전신문고,2026-01-02,2026-01-02
주정차 금지구역,2025-11-25,안전신문고,2026-01-02,2026-01-02
주정차 금지구역,2025-11-25,안전신문고,2026-01-02,2026-01-02
소방시설 주변,2025-11-25,안전신문고,2026-01-02,2026-01-02
도로모퉁이,2025-11-25,안전신문고,2026-01-02,2026-01-02
보도(인도)위,2025-11-25,안전신문고,2026-01-02,2026-01-02
보도(인도)위,2025-11-25,안전신문고,2026-01-02,2026-01-02
소방시설 주변,2025-11-24,안전신문고,2026-01-02,2026-01-02
주정차 금지구역,2025-11-28,고정형CCTV,2026-01-02,2026-01-02
주정차 금지구역,2025-11-28,고정형CCTV,2026-01-02,2026-01-02
주정차 금지구역,2025-11-28,고정형CCTV,2026-01-02,2026-01-02
주정차 금지구역,2025-11-28,고정형CCTV,2026-01-02,2026-01-02
주정차 금지구역,2025-11-28,고정형CCTV,2026-01-02,2026-01-02
주정차 금지구역,2025-11-28,고정형CCTV,2026-01-02,2026-01-02
주정차 금지구역,2025-11-28,고정형CCTV,2026-01-02,2026-01-02
주정차 금지구역,2025-11-28,고정형CCTV,2026-01-02,2026-01-02
주정차 금지구역,2025-11-28,고정형CCTV,2026-01-02,2026-01-02
주정차 금지구역,2025-11-28,고정형CCTV,2026-01-02,2026-01-02
주정차 금지구역,2025-11-28,고정형CCTV,2026-01-02,2026-01-02
주정차 금지구역,2025-11-28,고정형CCTV,2026-01-02,2026-01-02
주정차 금지구역,2025-11-28,고정형CCTV,2026-01-02,2026-01-02
주정차 금지구역,2025-11-28,고정형CCTV,2026-01-02,2026-01-02
주정차 금지구역,2025-11-28,고정형CCTV,2026-01-02,2026-01-02
주정차 금지구역,2025-11-28,고정형CCTV,2026-01-02,2026-01-02
주정차 금지구역,2025-11-28,고정형CCTV,2026-01-02,2026-01-02
주정차 금지구역,2025-11-28,고정형CCTV,2026-01-02,2026-01-02
주정차 금지구역,2025-11-28,고정형CCTV,2026-01-02,2026-01-02
주정차 금지구역,2025-11-28,고정형CCTV,2026-01-02,2026-01-02
주정차 금지구역,2025-11-28,고정형CCTV,2026-01-02,2026-01-02
어린이 보호구역,2025-11-28,고정형CCTV,2026-01-02,2026-01-02
주정차 금지구역,2025-11-28,고정형CCTV,2026-01-02,2026-01-02
어린이 보호구역,2025-11-28,고정형CCTV,2026-01-02,2026-01-02
주정차 금지구역,2025-11-28,고정형CCTV,2026-01-02,2026-01-02
주정차 금지구역,2025-11-28,고정형CCTV,2026-01-02,2026-01-02
주정차 금지구역,2025-11-28,고정형CCTV,2026-01-02,2026-01-02
주정차 금지구역,2025-11-28,고정형CCTV,2026-01-02,2026-01-02
주정차 금지구역,2025-11-28,고정형CCTV,2026-01-02,2026-01-02
주정차 금지구역,2025-11-28,고정형CCTV,2026-01-02,2026-01-02
어린이 보호구역,2025-11-28,고정형CCTV,2026-01-02,2026-01-02
주정차 금지구역,2025-11-28,고정형CCTV,2026-01-02,2026-01-02
주정차 금지구역,2025-11-28,고정형CCTV,2026-01-02,2026-01-02
주정차 금지구역,2025-11-28,고정형CCTV,2026-01-02,2026-01-02
주정차 금지구역,2025-11-28,고정형CCTV,2026-01-02,2026-01-02
주정차 금지구역,2025-11-28,고정형CCTV,2026-01-02,2026-01-02
주정차 금지구역,2025-11-28,고정형CCTV,2026-01-02,2026-01-02
주정차 금지구역,2025-11-28,고정형CCTV,2026-01-02,2026-01-02
주정차 금지구역,2025-11-28,고정형CCTV,2026-01-02,2026-01-02
어린이 보호구역,2025-11-28,고정형CCTV,2026-01-02,2026-01-02
어린이 보호구역,2025-11-28,고정형CCTV,2026-01-02,2026-01-02
주정차 금지구역,2025-11-28,고정형CCTV,2026-01-02,2026-01-02
주정차 금지구역,2025-11-29,고정형CCTV,2026-01-02,2026-01-02
주정차 금지구역,2025-11-29,고정형CCTV,2026-01-02,2026-01-02
주정차 금지구역,2025-11-29,고정형CCTV,2026-01-02,2026-01-02
주정차 금지구역,2025-11-29,고정형CCTV,2026-01-02,2026-01-02
주정차 금지구역,2025-11-29,고정형CCTV,2026-01-02,2026-01-02
주정차 금지구역,2025-11-29,고정형CCTV,2026-01-02,2026-01-02
주정차 금지구역,2025-11-29,고정형CCTV,2026-01-02,2026-01-02
주정차 금지구역,2025-11-29,고정형CCTV,2026-01-02,2026-01-02
주정차 금지구역,2025-11-29,고정형CCTV,2026-01-02,2026-01-02
주정차 금지구역,2025-11-29,고정형CCTV,2026-01-02,2026-01-02
주정차 금지구역,2025-11-29,고정형CCTV,2026-01-02,2026-01-02
주정차 금지구역,2025-11-29,고정형CCTV,2026-01-02,2026-01-02
주정차 금지구역,2025-11-29,고정형CCTV,2026-01-02,2026-01-02
주정차 금지구역,2025-11-29,고정형CCTV,2026-01-02,2026-01-02
주정차 금지구역,2025-11-29,고정형CCTV,2026-01-02,2026-01-02
주정차 금지구역,2025-11-29,고정형CCTV,2026-01-02,2026-01-02
주정차 금지구역,2025-11-29,고정형CCTV,2026-01-02,2026-01-02
주정차 금지구역,2025-11-29,고정형CCTV,2026-01-02,2026-01-02
주정차 금지구역,2025-11-29,고정형CCTV,2026-01-02,2026-01-02
주정차 금지구역,2025-11-29,고정형CCTV,2026-01-02,2026-01-02
주정차 금지구역,2025-11-29,고정형CCTV,2026-01-02,2026-01-02
주정차 금지구역,2025-11-29,고정형CCTV,2026-01-02,2026-01-02
주정차 금지구역,2025-11-29,고정형CCTV,2026-01-02,2026-01-02
주정차 금지구역,2025-11-29,고정형CCTV,2026-01-02,2026-01-02
주정차 금지구역,2025-11-29,고정형CCTV,2026-01-02,2026-01-02
주정차 금지구역,2025-11-29,고정형CCTV,2026-01-02,2026-01-02
주정차 금지구역,2025-11-29,고정형CCTV,2026-01-02,2026-01-02
주정차 금지구역,2025-11-29,고정형CCTV,2026-01-02,2026-01-02
주정차 금지구역,2025-11-29,고정형CCTV,2026-01-02,2026-01-02
주정차 금지구역,2025-11-29,고정형CCTV,2026-01-02,2026-01-02
주정차 금지구역,2025-11-29,고정형CCTV,2026-01-02,2026-01-02
주정차 금지구역,2025-11-29,고정형CCTV,2026-01-02,2026-01-02
주정차 금지구역,2025-11-29,고정형CCTV,2026-01-02,2026-01-02
주정차 금지구역,2025-11-29,고정형CCTV,2026-01-02,2026-01-02
주정차 금지구역,2025-11-29,고정형CCTV,2026-01-02,2026-01-02
주정차 금지구역,2025-11-29,고정형CCTV,2026-01-02,2026-01-02
주정차 금지구역,2025-11-29,고정형CCTV,2026-01-02,2026-01-02
주정차 금지구역,2025-11-29,고정형CCTV,2026-01-02,2026-01-02
주정차 금지구역,2025-11-29,고정형CCTV,2026-01-02,2026-01-02
주정차 금지구역,2025-11-29,고정형CCTV,2026-01-02,2026-01-02
주정차 금지구역,2025-11-29,고정형CCTV,2026-01-02,2026-01-02
주정차 금지구역,2025-11-29,고정형CCTV,2026-01-02,2026-01-02
소방시설 주변,2025-11-29,고정형CCTV,2026-01-02,2026-01-02
주정차 금지구역,2025-11-29,고정형CCTV,2026-01-02,2026-01-02
주정차 금지구역,2025-11-29,고정형CCTV,2026-01-02,2026-01-02
주정차 금지구역,2025-11-29,고정형CCTV,2026-01-02,2026-01-02
주정차 금지구역,2025-11-29,고정형CCTV,2026-01-02,2026-01-02
주정차 금지구역,2025-11-29,고정형CCTV,2026-01-02,2026-01-02
주정차 금지구역,2025-11-29,고정형CCTV,2026-01-02,2026-01-02
주정차 금지구역,2025-11-30,고정형CCTV,2026-01-02,2026-01-02
주정차 금지구역,2025-11-30,고정형CCTV,2026-01-02,2026-01-02
주정차 금지구역,2025-11-30,고정형CCTV,2026-01-02,2026-01-02
주정차 금지구역,2025-11-30,고정형CCTV,2026-01-02,2026-01-02
주정차 금지구역,2025-11-30,고정형CCTV,2026-01-02,2026-01-02
주정차 금지구역,2025-11-30,고정형CCTV,2026-01-02,2026-01-02
주정차 금지구역,2025-11-30,고정형CCTV,2026-01-02,2026-01-02
주정차 금지구역,2025-11-30,고정형CCTV,2026-01-02,2026-01-02
주정차 금지구역,2025-11-30,고정형CCTV,2026-01-02,2026-01-02
주정차 금지구역,2025-11-30,고정형CCTV,2026-01-02,2026-01-02
주정차 금지구역,2025-11-30,고정형CCTV,2026-01-02,2026-01-02
주정차 금지구역,2025-11-30,고정형CCTV,2026-01-02,2026-01-02
주정차 금지구역,2025-11-30,고정형CCTV,2026-01-02,2026-01-02
주정차 금지구역,2025-11-30,고정형CCTV,2026-01-02,2026-01-02
주정차 금지구역,2025-11-30,고정형CCTV,2026-01-02,2026-01-02
주정차 금지구역,2025-11-30,고정형CCTV,2026-01-02,2026-01-02
주정차 금지구역,2025-11-30,고정형CCTV,2026-01-02,2026-01-02
주정차 금지구역,2025-11-30,고정형CCTV,2026-01-02,2026-01-02
주정차 금지구역,2025-11-30,고정형CCTV,2026-01-02,2026-01-02
주정차 금지구역,2025-11-30,고정형CCTV,2026-01-02,2026-01-02
주정차 금지구역,2025-11-30,고정형CCTV,2026-01-02,2026-01-02
주정차 금지구역,2025-11-30,고정형CCTV,2026-01-02,2026-01-02
주정차 금지구역,2025-11-30,고정형CCTV,2026-01-02,2026-01-02
주정차 금지구역,2025-11-30,고정형CCTV,2026-01-02,2026-01-02
주정차 금지구역,2025-11-30,고정형CCTV,2026-01-02,2026-01-02
주정차 금지구역,2025-11-30,고정형CCTV,2026-01-02,2026-01-02
주정차 금지구역,2025-11-30,고정형CCTV,2026-01-02,2026-01-02
주정차 금지구역,2025-11-30,고정형CCTV,2026-01-02,2026-01-02
주정차 금지구역,2025-11-30,고정형CCTV,2026-01-02,2026-01-02
주정차 금지구역,2025-11-30,고정형CCTV,2026-01-02,2026-01-02
주정차 금지구역,2025-11-30,고정형CCTV,2026-01-02,2026-01-02
주정차 금지구역,2025-11-30,고정형CCTV,2026-01-02,2026-01-02
주정차 금지구역,2025-11-30,고정형CCTV,2026-01-02,2026-01-02
주정차 금지구역,2025-11-30,고정형CCTV,2026-01-02,2026-01-02
주정차 금지구역,2025-11-30,고정형CCTV,2026-01-02,2026-01-02
주정차 금지구역,2025-11-30,고정형CCTV,2026-01-02,2026-01-02
주정차 금지구역,2025-11-30,고정형CCTV,2026-01-02,2026-01-02
주정차 금지구역,2025-11-30,고정형CCTV,2026-01-02,2026-01-02
주정차 금지구역,2025-11-30,고정형CCTV,2026-01-02,2026-01-02
주정차 금지구역,2025-11-30,고정형CCTV,2026-01-02,2026-01-02
주정차 금지구역,2025-11-30,고정형CCTV,2026-01-02,2026-01-02
주정차 금지구역,2025-11-30,고정형CCTV,2026-01-02,2026-01-02
주정차 금지구역,2025-11-30,고정형CCTV,2026-01-02,2026-01-02
주정차 금지구역,2025-11-30,고정형CCTV,2026-01-02,2026-01-02
주정차 금지구역,2025-11-30,고정형CCTV,2026-01-02,2026-01-02
주정차 금지구역,2025-11-30,고정형CCTV,2026-01-02,2026-01-02
주정차 금지구역,2025-11-30,고정형CCTV,2026-01-02,2026-01-02
주정차 금지구역,2025-11-30,고정형CCTV,2026-01-02,2026-01-02
주정차 금지구역,2025-11-30,고정형CCTV,2026-01-02,2026-01-02
주정차 금지구역,2025-11-30,고정형CCTV,2026-01-02,2026-01-02
주정차 금지구역,2025-11-30,고정형CCTV,2026-01-02,2026-01-02
주정차 금지구역,2025-11-30,고정형CCTV,2026-01-02,2026-01-02
주정차 금지구역,2025-11-30,고정형CCTV,2026-01-02,2026-01-02
주정차 금지구역,2025-11-30,고정형CCTV,2026-01-02,2026-01-02
주정차 금지구역,2025-11-30,고정형CCTV,2026-01-02,2026-01-02
주정차 금지구역,2025-11-30,고정형CCTV,2026-01-02,2026-01-02
주정차 금지구역,2025-11-30,고정형CCTV,2026-01-02,2026-01-02
주정차 금지구역,2025-11-30,고정형CCTV,2026-01-02,2026-01-02
횡단보도,2025-11-21,안전신문고,2026-01-02,2026-01-02
도로모퉁이,2025-11-21,안전신문고,2026-01-02,2026-01-02
주정차 금지구역,2025-11-25,안전신문고,2026-01-02,2026-01-02
주정차 금지구역,2025-11-28,주행형CCTV,2026-01-02,2026-01-02
주정차 금지구역,2025-11-30,주행형CCTV,2026-01-02,2026-01-02
주정차 금지구역,2025-11-28,주행형CCTV,2026-01-02,2026-01-02
주정차 금지구역,2025-11-28,주행형CCTV,2026-01-02,2026-01-02
주정차 금지구역,2025-11-28,주행형CCTV,2026-01-02,2026-01-02
주정차 금지구역,2025-11-30,주행형CCTV,2026-01-02,2026-01-02
주정차 금지구역,2025-11-30,주행형CCTV,2026-01-02,2026-01-02
주정차 금지구역,2025-11-28,주행형CCTV,2026-01-02,2026-01-02
주정차 금지구역,2025-11-30,주행형CCTV,2026-01-02,2026-01-02
주정차 금지구역,2025-11-28,주행형CCTV,2026-01-02,2026-01-02
주정차 금지구역,2025-11-28,주행형CCTV,2026-01-02,2026-01-02
주정차 금지구역,2025-11-28,주행형CCTV,2026-01-02,2026-01-02
주정차 금지구역,2025-11-28,주행형CCTV,2026-01-02,2026-01-02
주정차 금지구역,2025-11-28,주행형CCTV,2026-01-02,2026-01-02
주정차 금지구역,2025-11-28,주행형CCTV,2026-01-02,2026-01-02
주정차 금지구역,2025-11-28,주행형CCTV,2026-01-02,2026-01-02
주정차 금지구역,2025-11-28,주행형CCTV,2026-01-02,2026-01-02
주정차 금지구역,2025-11-28,주행형CCTV,2026-01-02,2026-01-02
주정차 금지구역,2025-11-30,주행형CCTV,2026-01-02,2026-01-02
주정차 금지구역,2025-11-28,주행형CCTV,2026-01-02,2026-01-02
주정차 금지구역,2025-11-28,주행형CCTV,2026-01-02,2026-01-02
주정차 금지구역,2025-11-28,주행형CCTV,2026-01-02,2026-01-02
주정차 금지구역,2025-11-28,주행형CCTV,2026-01-02,2026-01-02
주정차 금지구역,2025-11-28,주행형CCTV,2026-01-02,2026-01-02
주정차 금지구역,2025-11-28,주행형CCTV,2026-01-02,2026-01-02
횡단보도,2025-11-25,안전신문고,2026-01-02,2026-01-02
횡단보도,2025-11-25,안전신문고,2026-01-02,2026-01-02
도로모퉁이,2025-11-21,안전신문고,2026-01-02,2026-01-02
보도(인도)위,2025-11-25,안전신문고,2026-01-02,2026-01-02
도로모퉁이,2025-11-25,안전신문고,2026-01-02,2026-01-02
횡단보도,2025-11-21,안전신문고,2026-01-02,2026-01-02
도로모퉁이,2025-11-21,안전신문고,2026-01-02,2026-01-02
보도(인도)위,2025-11-25,안전신문고,2026-01-02,2026-01-02
보도(인도)위,2025-11-25,안전신문고,2026-01-02,2026-01-02
도로모퉁이,2025-11-25,안전신문고,2026-01-02,2026-01-02
버스정류장 주변,2025-11-23,안전신문고,2026-01-02,2026-01-02
소방시설 주변,2025-11-22,안전신문고,2026-01-02,2026-01-02
보도(인도)위,2025-11-23,안전신문고,2026-01-02,2026-01-02
보도(인도)위,2025-11-22,안전신문고,2026-01-02,2026-01-02
소방시설 주변,2025-11-22,안전신문고,2026-01-02,2026-01-02
소방시설 주변,2025-11-22,안전신문고,2026-01-02,2026-01-02
교차로,2025-11-22,안전신문고,2026-01-02,2026-01-02
횡단보도,2025-11-25,안전신문고,2026-01-02,2026-01-02
보도(인도)위,2025-11-25,안전신문고,2026-01-02,2026-01-02
횡단보도,2025-11-25,안전신문고,2026-01-02,2026-01-02
횡단보도,2025-11-22,안전신문고,2026-01-02,2026-01-02
횡단보도,2025-11-25,안전신문고,2026-01-02,2026-01-02
보도(인도)위,2025-11-22,안전신문고,2026-01-02,2026-01-02
소방시설 주변,2025-11-25,안전신문고,2026-01-02,2026-01-02
도로모퉁이,2025-11-23,안전신문고,2026-01-02,2026-01-02
보도(인도)위,2025-11-25,안전신문고,2026-01-02,2026-01-02
도로모퉁이,2025-11-24,안전신문고,2026-01-02,2026-01-02
보도(인도)위,2025-11-22,안전신문고,2026-01-02,2026-01-02
도로모퉁이,2025-11-24,안전신문고,2026-01-02,2026-01-02
횡단보도,2025-11-23,안전신문고,2026-01-02,2026-01-02
보도(인도)위,2025-11-25,안전신문고,2026-01-02,2026-01-02
도로모퉁이,2025-11-25,안전신문고,2026-01-02,2026-01-02
버스정류장 주변,2025-11-25,안전신문고,2026-01-02,2026-01-02
보도(인도)위,2025-11-30,안전신문고,2026-01-02,2026-01-02
도로모퉁이,2025-11-30,안전신문고,2026-01-02,2026-01-02
횡단보도,2025-11-30,안전신문고,2026-01-02,2026-01-02
보도(인도)위,2025-11-29,안전신문고,2026-01-02,2026-01-02
횡단보도,2025-11-29,안전신문고,2026-01-02,2026-01-02
횡단보도,2025-11-29,안전신문고,2026-01-02,2026-01-02
도로모퉁이,2025-11-29,안전신문고,2026-01-02,2026-01-02
횡단보도,2025-11-29,안전신문고,2026-01-02,2026-01-02
횡단보도,2025-11-27,안전신문고,2026-01-02,2026-01-02
보도(인도)위,2025-11-29,안전신문고,2026-01-02,2026-01-02
횡단보도,2025-11-29,안전신문고,2026-01-02,2026-01-02
횡단보도,2025-11-27,안전신문고,2026-01-02,2026-01-02
도로모퉁이,2025-11-27,안전신문고,2026-01-02,2026-01-02
도로모퉁이,2025-11-26,안전신문고,2026-01-02,2026-01-02
도로모퉁이,2025-11-27,안전신문고,2026-01-02,2026-01-02
횡단보도,2025-11-27,안전신문고,2026-01-02,2026-01-02
횡단보도,2025-11-27,안전신문고,2026-01-02,2026-01-02
횡단보도,2025-11-28,안전신문고,2026-01-02,2026-01-02
보도(인도)위,2025-11-28,안전신문고,2026-01-02,2026-01-02
주정차 금지구역,2025-11-28,안전신문고,2026-01-02,2026-01-02
주정차 금지구역,2025-11-28,안전신문고,2026-01-02,2026-01-02
보도(인도)위,2025-11-28,안전신문고,2026-01-02,2026-01-02
보도(인도)위,2025-11-28,안전신문고,2026-01-02,2026-01-02
횡단보도,2025-11-29,안전신문고,2026-01-02,2026-01-02
도로모퉁이,2025-11-29,안전신문고,2026-01-02,2026-01-02
횡단보도,2025-11-30,안전신문고,2026-01-02,2026-01-02
도로모퉁이,2025-11-30,안전신문고,2026-01-02,2026-01-02
보도(인도)위,2025-11-29,안전신문고,2026-01-02,2026-01-02
보도(인도)위,2025-11-29,안전신문고,2026-01-02,2026-01-02
보도(인도)위,2025-11-14,안전신문고,2026-01-02,2026-01-02
횡단보도,2025-11-28,안전신문고,2026-01-02,2026-01-02
보도(인도)위,2025-11-28,안전신문고,2026-01-02,2026-01-02
횡단보도,2025-11-30,안전신문고,2026-01-02,2026-01-02
교차로,2025-11-30,안전신문고,2026-01-02,2026-01-02
도로모퉁이,2025-11-29,안전신문고,2026-01-02,2026-01-02
도로모퉁이,2025-11-29,안전신문고,2026-01-02,2026-01-02
버스정류장 주변,2025-11-29,안전신문고,2026-01-02,2026-01-02
버스정류장 주변,2025-11-30,안전신문고,2026-01-02,2026-01-02
소방시설 주변,2025-11-30,안전신문고,2026-01-02,2026-01-02
횡단보도,2025-11-30,안전신문고,2026-01-02,2026-01-02
횡단보도,2025-11-30,안전신문고,2026-01-02,2026-01-02
횡단보도,2025-11-30,안전신문고,2026-01-02,2026-01-02
횡단보도,2025-11-30,안전신문고,2026-01-02,2026-01-02
보도(인도)위,2025-11-30,안전신문고,2026-01-02,2026-01-02
보도(인도)위,2025-11-30,안전신문고,2026-01-02,2026-01-02
횡단보도,2025-11-29,안전신문고,2026-01-02,2026-01-02
보도(인도)위,2025-11-29,안전신문고,2026-01-02,2026-01-02
도로모퉁이,2025-11-30,안전신문고,2026-01-02,2026-01-02
횡단보도,2025-11-29,안전신문고,2026-01-02,2026-01-02
주정차 금지구역,2025-11-09,고정형CCTV,2026-01-02,2026-01-02
주정차 금지구역,2025-11-09,고정형CCTV,2026-01-02,2026-01-02
주정차 금지구역,2025-11-09,고정형CCTV,2026-01-02,2026-01-02
주정차 금지구역,2025-11-10,주행형CCTV,2026-01-02,2026-01-02
주정차 금지구역,2025-11-10,주행형CCTV,2026-01-02,2026-01-02
보도(인도)위,2025-11-29,안전신문고,2026-01-02,2026-01-02
주정차 금지구역,2025-11-09,고정형CCTV,2026-01-02,2026-01-02
주정차 금지구역,2025-11-10,고정형CCTV,2026-01-02,2026-01-02
주정차 금지구역,2025-11-10,고정형CCTV,2026-01-02,2026-01-02
보도(인도)위,2025-11-29,안전신문고,2026-01-02,2026-01-02
주정차 금지구역,2025-11-11,고정형CCTV,2026-01-02,2026-01-02
보도(인도)위,2025-11-28,안전신문고,2026-01-02,2026-01-02
보도(인도)위,2025-11-28,안전신문고,2026-01-02,2026-01-02
주정차 금지구역,2025-11-12,주행형CCTV,2026-01-02,2026-01-02
보도(인도)위,2025-11-28,안전신문고,2026-01-02,2026-01-02
주정차 금지구역,2025-11-11,주행형CCTV,2026-01-02,2026-01-02
주정차 금지구역,2025-11-11,고정형CCTV,2026-01-02,2026-01-02
횡단보도,2025-11-29,안전신문고,2026-01-02,2026-01-02
주정차 금지구역,2025-11-13,고정형CCTV,2026-01-02,2026-01-02
주정차 금지구역,2025-11-13,주행형CCTV,2026-01-02,2026-01-02
주정차 금지구역,2025-11-14,고정형CCTV,2026-01-02,2026-01-02
주정차 금지구역,2025-11-13,고정형CCTV,2026-01-02,2026-01-02
주정차 금지구역,2025-11-14,고정형CCTV,2026-01-02,2026-01-02
주정차 금지구역,2025-11-15,고정형CCTV,2026-01-02,2026-01-02
보도(인도)위,2025-11-28,안전신문고,2026-01-02,2026-01-02
도로모퉁이,2025-11-29,안전신문고,2026-01-02,2026-01-02
횡단보도,2025-11-28,안전신문고,2026-01-02,2026-01-02
주정차 금지구역,2025-11-15,고정형CCTV,2026-01-02,2026-01-02
주정차 금지구역,2025-11-15,고정형CCTV,2026-01-02,2026-01-02
주정차 금지구역,2025-11-15,고정형CCTV,2026-01-02,2026-01-02
주정차 금지구역,2025-11-16,주행형CCTV,2026-01-02,2026-01-02
주정차 금지구역,2025-11-19,주행형CCTV,2026-01-02,2026-01-02
어린이 보호구역,2025-11-19,고정형CCTV,2026-01-02,2026-01-02
주정차 금지구역,2025-11-19,주행형CCTV,2026-01-02,2026-01-02
주정차 금지구역,2025-11-17,주행형CCTV,2026-01-02,2026-01-02
횡단보도,2025-11-28,안전신문고,2026-01-02,2026-01-02
횡단보도,2025-11-28,안전신문고,2026-01-02,2026-01-02
주정차 금지구역,2025-11-01,고정형CCTV,2026-01-02,2026-01-02
주정차 금지구역,2025-11-02,고정형CCTV,2026-01-02,2026-01-02
주정차 금지구역,2025-11-13,고정형CCTV,2026-01-02,2026-01-02
보도(인도)위,2025-11-28,안전신문고,2026-01-02,2026-01-02
횡단보도,2025-11-28,안전신문고,2026-01-02,2026-01-02
주정차 금지구역,2025-11-03,고정형CCTV,2026-01-02,2026-01-02
보도(인도)위,2025-11-28,안전신문고,2026-01-02,2026-01-02
주정차 금지구역,2025-11-03,고정형CCTV,2026-01-02,2026-01-02
주정차 금지구역,2025-11-04,고정형CCTV,2026-01-02,2026-01-02
도로모퉁이,2025-11-28,안전신문고,2026-01-02,2026-01-02
횡단보도,2025-11-28,안전신문고,2026-01-02,2026-01-02
주정차 금지구역,2025-11-05,고정형CCTV,2026-01-02,2026-01-02
횡단보도,2025-11-28,안전신문고,2026-01-02,2026-01-02
횡단보도,2025-11-29,안전신문고,2026-01-02,2026-01-02
횡단보도,2025-11-28,안전신문고,2026-01-02,2026-01-02
소방시설 주변,2025-11-30,안전신문고,2026-01-02,2026-01-02
소방시설 주변,2025-11-30,안전신문고,2026-01-02,2026-01-02
횡단보도,2025-11-28,안전신문고,2026-01-02,2026-01-02
버스정류장 주변,2025-11-30,안전신문고,2026-01-02,2026-01-02
소방시설 주변,2025-11-28,안전신문고,2026-01-02,2026-01-02
보도(인도)위,2025-11-28,안전신문고,2026-01-02,2026-01-02
횡단보도,2025-11-29,안전신문고,2026-01-02,2026-01-02
횡단보도,2025-11-29,안전신문고,2026-01-02,2026-01-02
도로모퉁이,2025-11-29,안전신문고,2026-01-02,2026-01-02
교차로,2025-11-28,안전신문고,2026-01-02,2026-01-02
소방시설 주변,2025-11-28,안전신문고,2026-01-02,2026-01-02
주정차 금지구역,2025-11-05,고정형CCTV,2026-01-02,2026-01-02
주정차 금지구역,2025-11-05,고정형CCTV,2026-01-02,2026-01-02
횡단보도,2025-11-28,안전신문고,2026-01-02,2026-01-02
주정차 금지구역,2025-11-07,고정형CCTV,2026-01-02,2026-01-02
주정차 금지구역,2025-11-11,주행형CCTV,2026-01-02,2026-01-02
도로모퉁이,2025-11-29,안전신문고,2026-01-02,2026-01-02
횡단보도,2025-11-29,안전신문고,2026-01-02,2026-01-02
횡단보도,2025-11-29,안전신문고,2026-01-02,2026-01-02
보도(인도)위,2025-11-28,안전신문고,2026-01-02,2026-01-02
도로모퉁이,2025-11-28,안전신문고,2026-01-02,2026-01-02
도로모퉁이,2025-11-30,안전신문고,2026-01-02,2026-01-02
보도(인도)위,2025-11-28,안전신문고,2026-01-02,2026-01-02
교차로,2025-11-28,안전신문고,2026-01-02,2026-01-02
교차로,2025-11-28,안전신문고,2026-01-02,2026-01-02
횡단보도,2025-11-28,안전신문고,2026-01-02,2026-01-02
횡단보도,2025-11-30,안전신문고,2026-01-02,2026-01-02
횡단보도,2025-11-28,안전신문고,2026-01-02,2026-01-02
횡단보도,2025-11-28,안전신문고,2026-01-02,2026-01-02
주정차 금지구역,2025-11-06,고정형CCTV,2026-01-02,2026-01-02
주정차 금지구역,2025-11-07,주행형CCTV,2026-01-02,2026-01-02
주정차 금지구역,2025-11-08,고정형CCTV,2026-01-02,2026-01-02
주정차 금지구역,2025-11-10,주행형CCTV,2026-01-02,2026-01-02
횡단보도,2025-11-28,안전신문고,2026-01-02,2026-01-02
횡단보도,2025-11-28,안전신문고,2026-01-02,2026-01-02
소방시설 주변,2025-11-28,안전신문고,2026-01-02,2026-01-02
도로모퉁이,2025-11-28,안전신문고,2026-01-02,2026-01-02
주정차 금지구역,2025-11-16,고정형CCTV,2026-01-02,2026-01-02
주정차 금지구역,2025-11-13,고정형CCTV,2026-01-02,2026-01-02
어린이 보호구역,2025-11-14,고정형CCTV,2026-01-02,2026-01-02
주정차 금지구역,2025-11-12,주행형CCTV,2026-01-02,2026-01-02
도로모퉁이,2025-11-29,안전신문고,2026-01-02,2026-01-02
도로모퉁이,2025-11-30,안전신문고,2026-01-02,2026-01-02
주정차 금지구역,2025-11-13,고정형CCTV,2026-01-02,2026-01-02
도로모퉁이,2025-11-30,안전신문고,2026-01-02,2026-01-02
주정차 금지구역,2025-11-16,고정형CCTV,2026-01-02,2026-01-02
횡단보도,2025-11-29,안전신문고,2026-01-02,2026-01-02
버스정류장 주변,2025-11-30,안전신문고,2026-01-02,2026-01-02
횡단보도,2025-11-29,안전신문고,2026-01-02,2026-01-02
주정차 금지구역,2025-11-17,고정형CCTV,2026-01-02,2026-01-02
주정차 금지구역,2025-11-17,주행형CCTV,2026-01-02,2026-01-02
주정차 금지구역,2025-11-18,주행형CCTV,2026-01-02,2026-01-02
주정차 금지구역,2025-11-17,고정형CCTV,2026-01-02,2026-01-02
주정차 금지구역,2025-11-18,주행형CCTV,2026-01-02,2026-01-02
주정차 금지구역,2025-11-18,고정형CCTV,2026-01-02,2026-01-02
보도(인도)위,2025-11-30,안전신문고,2026-01-02,2026-01-02
주정차 금지구역,2025-11-19,고정형CCTV,2026-01-02,2026-01-02
횡단보도,2025-11-29,안전신문고,2026-01-02,2026-01-02
소방시설 주변,2025-11-29,안전신문고,2026-01-02,2026-01-02
소방시설 주변,2025-11-30,안전신문고,2026-01-02,2026-01-02
도로모퉁이,2025-11-30,안전신문고,2026-01-02,2026-01-02
주정차 금지구역,2025-11-19,주행형CCTV,2026-01-02,2026-01-02
주정차 금지구역,2025-11-20,주행형CCTV,2026-01-02,2026-01-02
주정차 금지구역,2025-11-21,고정형CCTV,2026-01-02,2026-01-02
주정차 금지구역,2025-11-22,고정형CCTV,2026-01-02,2026-01-02
횡단보도,2025-10-06,안전신문고,2026-01-02,2026-01-02
횡단보도,2025-10-24,안전신문고,2026-01-02,2026-01-02
횡단보도,2025-10-31,안전신문고,2026-01-02,2026-01-02
주정차 금지구역,2025-11-24,고정형CCTV,2026-01-02,2026-01-02
주정차 금지구역,2025-11-24,고정형CCTV,2026-01-02,2026-01-02
주정차 금지구역,2025-11-24,고정형CCTV,2026-01-02,2026-01-02
주정차 금지구역,2025-11-25,고정형CCTV,2026-01-02,2026-01-02
주정차 금지구역,2025-11-29,고정형CCTV,2026-01-02,2026-01-02
주정차 금지구역,2025-11-26,주행형CCTV,2026-01-02,2026-01-02
주정차 금지구역,2025-11-30,고정형CCTV,2026-01-02,2026-01-02
횡단보도,2025-11-30,안전신문고,2026-01-02,2026-01-02
보도(인도)위,2025-11-29,안전신문고,2026-01-02,2026-01-02
횡단보도,2025-11-30,안전신문고,2026-01-02,2026-01-02
주정차 금지구역,2025-10-16,안전신문고,2026-01-02,2026-01-02
횡단보도,2025-10-06,안전신문고,2026-01-02,2026-01-02
도로모퉁이,2025-10-31,안전신문고,2026-01-02,2026-01-02
주정차 금지구역,2025-11-21,고정형CCTV,2026-01-02,2026-01-02
주정차 금지구역,2025-11-20,주행형CCTV,2026-01-02,2026-01-02
주정차 금지구역,2025-11-20,고정형CCTV,2026-01-02,2026-01-02
도로모퉁이,2025-10-06,안전신문고,2026-01-02,2026-01-02
보도(인도)위,2025-10-28,안전신문고,2026-01-02,2026-01-02
도로모퉁이,2025-11-06,안전신문고,2026-01-02,2026-01-02
도로모퉁이,2025-11-08,안전신문고,2026-01-02,2026-01-02
주정차 금지구역,2025-11-19,고정형CCTV,2026-01-02,2026-01-02
주정차 금지구역,2025-11-21,고정형CCTV,2026-01-02,2026-01-02
횡단보도,2025-11-07,안전신문고,2026-01-02,2026-01-02
주정차 금지구역,2025-11-21,주행형CCTV,2026-01-02,2026-01-02
어린이 보호구역,2025-11-21,고정형CCTV,2026-01-02,2026-01-02
주정차 금지구역,2025-11-21,고정형CCTV,2026-01-02,2026-01-02
주정차 금지구역,2025-11-21,주행형CCTV,2026-01-02,2026-01-02
주정차 금지구역,2025-11-21,고정형CCTV,2026-01-02,2026-01-02
주정차 금지구역,2025-11-22,고정형CCTV,2026-01-02,2026-01-02
주정차 금지구역,2025-11-22,고정형CCTV,2026-01-02,2026-01-02
주정차 금지구역,2025-11-23,고정형CCTV,2026-01-02,2026-01-02
어린이 보호구역,2025-11-24,고정형CCTV,2026-01-02,2026-01-02
어린이 보호구역,2025-11-25,고정형CCTV,2026-01-02,2026-01-02
주정차 금지구역,2025-11-24,고정형CCTV,2026-01-02,2026-01-02
주정차 금지구역,2025-11-25,주행형CCTV,2026-01-02,2026-01-02
주정차 금지구역,2025-11-25,고정형CCTV,2026-01-02,2026-01-02
주정차 금지구역,2025-11-25,주행형CCTV,2026-01-02,2026-01-02
주정차 금지구역,2025-11-25,고정형CCTV,2026-01-02,2026-01-02
주정차 금지구역,2025-11-26,고정형CCTV,2026-01-02,2026-01-02
주정차 금지구역,2025-11-23,고정형CCTV,2026-01-02,2026-01-02
주정차 금지구역,2025-11-23,고정형CCTV,2026-01-02,2026-01-02
주정차 금지구역,2025-11-24,고정형CCTV,2026-01-02,2026-01-02
주정차 금지구역,2025-11-25,고정형CCTV,2026-01-02,2026-01-02
주정차 금지구역,2025-11-25,주행형CCTV,2026-01-02,2026-01-02
주정차 금지구역,2025-11-26,고정형CCTV,2026-01-02,2026-01-02
주정차 금지구역,2025-11-26,고정형CCTV,2026-01-02,2026-01-02
주정차 금지구역,2025-11-26,주행형CCTV,2026-01-02,2026-01-02
주정차 금지구역,2025-11-27,고정형CCTV,2026-01-02,2026-01-02
어린이 보호구역,2025-11-26,고정형CCTV,2026-01-02,2026-01-02
주정차 금지구역,2025-11-26,고정형CCTV,2026-01-02,2026-01-02
주정차 금지구역,2025-11-26,주행형CCTV,2026-01-02,2026-01-02
어린이 보호구역,2025-11-27,고정형CCTV,2026-01-02,2026-01-02
어린이 보호구역,2025-11-28,고정형CCTV,2026-01-02,2026-01-02
주정차 금지구역,2025-11-28,주행형CCTV,2026-01-02,2026-01-02
주정차 금지구역,2025-11-29,고정형CCTV,2026-01-02,2026-01-02
주정차 금지구역,2025-11-30,고정형CCTV,2026-01-02,2026-01-02
주정차 금지구역,2025-11-27,주행형CCTV,2026-01-02,2026-01-02
주정차 금지구역,2025-11-28,고정형CCTV,2026-01-02,2026-01-02
주정차 금지구역,2025-11-29,고정형CCTV,2026-01-02,2026-01-02
횡단보도,2025-11-04,안전신문고,2026-01-02,2026-01-02
횡단보도,2025-11-08,안전신문고,2026-01-02,2026-01-02
주정차 금지구역,2025-11-29,고정형CCTV,2026-01-02,2026-01-02
횡단보도,2025-11-11,안전신문고,2026-01-02,2026-01-02
횡단보도,2025-11-18,안전신문고,2026-01-02,2026-01-02
주정차 금지구역,2025-11-28,고정형CCTV,2026-01-02,2026-01-02
주정차 금지구역,2025-02-14,주행형CCTV,2026-01-02,2026-01-02
주정차 금지구역,2025-02-25,주행형CCTV,2026-01-02,2026-01-02
주정차 금지구역,2025-03-20,주행형CCTV,2026-01-02,2026-01-02
주정차 금지구역,2025-03-25,주행형CCTV,2026-01-02,2026-01-02
주정차 금지구역,2025-06-26,주행형CCTV,2026-01-02,2026-01-02
주정차 금지구역,2025-01-16,주행형CCTV,2026-01-02,2026-01-02
주정차 금지구역,2025-02-25,주행형CCTV,2026-01-02,2026-01-02
주정차 금지구역,2025-03-20,주행형CCTV,2026-01-02,2026-01-02
주정차 금지구역,2025-07-24,주행형CCTV,2026-01-02,2026-01-02
주정차 금지구역,2025-08-02,고정형CCTV,2026-01-02,2026-01-02
주정차 금지구역,2025-12-05,주행형CCTV,2025-11-21,2026-01-02
주정차 금지구역,2025-12-15,고정형CCTV,2026-01-05,2026-01-02
소방시설 주변,2025-12-07,안전신문고,2026-01-06,2026-01-02
주정차 금지구역,2025-12-17,고정형CCTV,2026-01-05,2026-01-02
주정차 금지구역,2025-12-17,고정형CCTV,2026-01-06,2026-01-02
주정차 금지구역,2025-12-17,주행형CCTV,2026-01-05,2026-01-02
교차로,2025-12-03,안전신문고,2026-01-07,2026-01-02
도로모퉁이,2025-12-02,안전신문고,2026-01-07,2026-01-02
주정차 금지구역,2025-12-05,고정형CCTV,2026-01-07,2026-01-02
주정차 금지구역,2025-12-14,고정형CCTV,2026-01-06,2026-01-02
도로모퉁이,2025-12-09,안전신문고,2026-01-07,2026-01-02
주정차 금지구역,2025-12-15,고정형CCTV,2026-01-07,2026-01-02
주정차 금지구역,2025-12-04,고정형CCTV,2025-12-05,2026-01-02
주정차 금지구역,2025-12-06,고정형CCTV,2026-01-08,2026-01-02
교차로,2025-11-15,안전신문고,2026-01-08,2026-01-02
버스정류장 주변,2025-12-22,안전신문고,2026-01-08,2026-01-02
횡단보도,2025-12-20,안전신문고,2026-01-08,2026-01-02
보도(인도)위,2025-12-22,안전신문고,2026-01-08,2026-01-02
보도(인도)위,2025-12-22,안전신문고,2026-01-08,2026-01-02
보도(인도)위,2025-12-22,안전신문고,2026-02-02,2026-01-02
횡단보도,2025-12-22,안전신문고,2026-02-02,2026-01-02
횡단보도,2025-12-20,안전신문고,2026-01-08,2026-01-02
도로모퉁이,2025-12-22,안전신문고,2026-01-08,2026-01-02
보도(인도)위,2025-12-22,안전신문고,2026-01-08,2026-01-02
보도(인도)위,2025-12-22,안전신문고,2026-01-08,2026-01-02
횡단보도,2025-12-22,안전신문고,2026-02-02,2026-01-02
보도(인도)위,2025-12-22,안전신문고,2026-01-08,2026-01-02
횡단보도,2025-12-22,안전신문고,2026-01-08,2026-01-02
횡단보도,2025-12-22,안전신문고,2026-01-13,2026-01-02
횡단보도,2025-12-22,안전신문고,2026-01-08,2026-01-02
보도(인도)위,2025-12-20,안전신문고,2026-01-08,2026-01-02
보도(인도)위,2025-12-22,안전신문고,2026-02-02,2026-01-02
도로모퉁이,2025-12-22,안전신문고,2026-01-08,2026-01-02
횡단보도,2025-12-20,안전신문고,2026-02-02,2026-01-02
보도(인도)위,2025-12-22,안전신문고,2025-11-21,2026-01-02
보도(인도)위,2025-12-20,안전신문고,2026-01-08,2026-01-02
횡단보도,2025-12-22,안전신문고,2026-02-02,2026-01-02
횡단보도,2025-12-22,안전신문고,2026-01-08,2026-01-02
소방시설 주변,2025-12-22,안전신문고,2026-01-08,2026-01-02
횡단보도,2025-12-22,안전신문고,2026-01-08,2026-01-02
횡단보도,2025-12-22,안전신문고,2026-01-08,2026-01-02
횡단보도,2025-12-22,안전신문고,2026-02-02,2026-01-02
횡단보도,2025-12-22,안전신문고,2026-01-08,2026-01-02
횡단보도,2025-12-22,안전신문고,2026-01-08,2026-01-02
소방시설 주변,2025-12-22,안전신문고,2026-02-02,2026-01-02
도로모퉁이,2025-12-22,안전신문고,2026-02-02,2026-01-02
교차로,2025-12-22,안전신문고,2026-01-08,2026-01-02
보도(인도)위,2025-12-22,안전신문고,2026-02-02,2026-01-02
횡단보도,2025-12-22,안전신문고,2026-01-08,2026-01-02
횡단보도,2025-12-20,안전신문고,2026-01-08,2026-01-02
보도(인도)위,2025-12-22,안전신문고,2026-01-08,2026-01-02
횡단보도,2025-12-22,안전신문고,2026-01-08,2026-01-02
도로모퉁이,2025-12-20,안전신문고,2026-01-08,2026-01-02
보도(인도)위,2025-12-22,안전신문고,2026-02-02,2026-01-02
횡단보도,2025-12-22,안전신문고,2026-01-08,2026-01-02
보도(인도)위,2025-12-21,안전신문고,2026-01-08,2026-01-02
횡단보도,2025-12-22,안전신문고,2026-01-08,2026-01-02
횡단보도,2025-12-22,안전신문고,2026-02-02,2026-01-02
횡단보도,2025-12-22,안전신문고,2026-02-02,2026-01-02
교차로,2025-12-19,안전신문고,2026-01-08,2026-01-02
도로모퉁이,2025-12-19,안전신문고,2026-02-02,2026-01-02
횡단보도,2025-12-22,안전신문고,2026-01-08,2026-01-02
보도(인도)위,2025-12-21,안전신문고,2026-01-08,2026-01-02
횡단보도,2025-12-22,안전신문고,2026-01-08,2026-01-02
횡단보도,2025-12-22,안전신문고,2026-01-08,2026-01-02
도로모퉁이,2025-12-22,안전신문고,2026-02-02,2026-01-02
횡단보도,2025-12-20,안전신문고,2026-01-08,2026-01-02
횡단보도,2025-12-22,안전신문고,2026-01-08,2026-01-02
보도(인도)위,2025-12-20,안전신문고,2026-01-08,2026-01-02
횡단보도,2025-12-22,안전신문고,2026-01-08,2026-01-02
횡단보도,2025-12-22,안전신문고,2026-02-02,2026-01-02
보도(인도)위,2025-12-21,안전신문고,2026-01-08,2026-01-02
보도(인도)위,2025-12-22,안전신문고,2026-01-08,2026-01-02
보도(인도)위,2025-12-20,안전신문고,2026-01-08,2026-01-02
보도(인도)위,2025-12-22,안전신문고,2026-01-08,2026-01-02
보도(인도)위,2025-12-22,안전신문고,2026-01-08,2026-01-02
보도(인도)위,2025-12-19,안전신문고,2026-02-02,2026-01-02
횡단보도,2025-12-21,안전신문고,2026-01-08,2026-01-02
도로모퉁이,2025-12-21,안전신문고,2026-01-08,2026-01-02
횡단보도,2025-12-19,안전신문고,2026-01-08,2026-01-02
보도(인도)위,2025-12-19,안전신문고,2025-11-21,2026-01-02
보도(인도)위,2025-12-19,안전신문고,2026-01-08,2026-01-02
횡단보도,2025-12-19,안전신문고,2026-01-08,2026-01-02
도로모퉁이,2025-12-21,안전신문고,2026-02-02,2026-01-02
횡단보도,2025-12-21,안전신문고,2026-01-08,2026-01-02
보도(인도)위,2025-12-22,안전신문고,2026-02-02,2026-01-02
버스정류장 주변,2025-12-19,안전신문고,2026-01-08,2026-01-02
보도(인도)위,2025-12-22,안전신문고,2026-01-08,2026-01-02
도로모퉁이,2025-12-21,안전신문고,2026-01-08,2026-01-02
도로모퉁이,2025-12-22,안전신문고,2026-01-08,2026-01-02
횡단보도,2025-12-22,안전신문고,2026-01-08,2026-01-02
횡단보도,2025-12-22,안전신문고,2026-01-08,2026-01-02
보도(인도)위,2025-12-22,안전신문고,2026-01-08,2026-01-02
소방시설 주변,2025-12-19,안전신문고,2026-02-02,2026-01-02
횡단보도,2025-12-19,안전신문고,2025-11-21,2026-01-02
횡단보도,2025-12-19,안전신문고,2026-01-08,2026-01-02
횡단보도,2025-12-19,안전신문고,2026-01-08,2026-01-02
횡단보도,2025-12-19,안전신문고,2026-01-08,2026-01-02
도로모퉁이,2025-12-19,안전신문고,2026-01-08,2026-01-02
횡단보도,2025-12-19,안전신문고,2026-01-08,2026-01-02
횡단보도,2025-12-19,안전신문고,2026-02-02,2026-01-02
횡단보도,2025-12-19,안전신문고,2026-02-02,2026-01-02
버스정류장 주변,2025-12-20,안전신문고,2026-02-02,2026-01-02
버스정류장 주변,2025-12-20,안전신문고,2026-01-08,2026-01-02
보도(인도)위,2025-12-24,안전신문고,2026-01-08,2026-01-02
보도(인도)위,2025-12-24,안전신문고,2026-01-08,2026-01-02
횡단보도,2025-12-21,안전신문고,2026-02-02,2026-01-02
주정차 금지구역,2025-12-24,안전신문고,2026-02-02,2026-01-02
주정차 금지구역,2025-12-24,안전신문고,2026-01-08,2026-01-02
주정차 금지구역,2025-12-24,안전신문고,2026-01-08,2026-01-02
도로모퉁이,2025-12-24,안전신문고,2026-01-08,2026-01-02
보도(인도)위,2025-12-24,안전신문고,2026-01-08,2026-01-02
횡단보도,2025-12-20,안전신문고,2026-01-08,2026-01-02
횡단보도,2025-12-20,안전신문고,2026-01-08,2026-01-02
횡단보도,2025-12-21,안전신문고,2026-02-02,2026-01-02
주정차 금지구역,2025-12-24,안전신문고,2026-01-08,2026-01-02
소방시설 주변,2025-12-20,안전신문고,2026-02-02,2026-01-02
소방시설 주변,2025-12-24,안전신문고,2026-01-08,2026-01-02
횡단보도,2025-12-20,안전신문고,2026-01-08,2026-01-02
소방시설 주변,2025-12-24,안전신문고,2026-02-02,2026-01-02
횡단보도,2025-12-24,안전신문고,2026-01-08,2026-01-02
횡단보도,2025-12-24,안전신문고,2026-01-08,2026-01-02
보도(인도)위,2025-12-24,안전신문고,2026-01-08,2026-01-02
보도(인도)위,2025-12-24,안전신문고,2026-01-08,2026-01-02
도로모퉁이,2025-12-21,안전신문고,2026-01-08,2026-01-02
소방시설 주변,2025-12-24,안전신문고,2025-11-21,2026-01-02
보도(인도)위,2025-12-24,안전신문고,2026-01-08,2026-01-02
소방시설 주변,2025-12-24,안전신문고,2026-01-08,2026-01-02
횡단보도,2025-12-24,안전신문고,2025-11-21,2026-01-02
보도(인도)위,2025-12-24,안전신문고,2026-02-02,2026-01-02
보도(인도)위,2025-12-24,안전신문고,2025-11-21,2026-01-02
횡단보도,2025-12-24,안전신문고,2026-01-08,2026-01-02
보도(인도)위,2025-12-24,안전신문고,2026-02-02,2026-01-02
보도(인도)위,2025-12-24,안전신문고,2026-02-02,2026-01-02
보도(인도)위,2025-12-21,안전신문고,2026-02-02,2026-01-02
보도(인도)위,2025-12-24,안전신문고,2026-02-02,2026-01-02
보도(인도)위,2025-12-24,안전신문고,2026-02-02,2026-01-02
횡단보도,2025-12-24,안전신문고,2026-01-08,2026-01-02
보도(인도)위,2025-12-24,안전신문고,2026-01-08,2026-01-02
소방시설 주변,2025-12-24,안전신문고,2026-01-08,2026-01-02
보도(인도)위,2025-12-24,안전신문고,2026-01-08,2026-01-02
보도(인도)위,2025-12-24,안전신문고,2026-01-08,2026-01-02
보도(인도)위,2025-12-24,안전신문고,2026-01-08,2026-01-02
횡단보도,2025-12-24,안전신문고,2026-01-08,2026-01-02
보도(인도)위,2025-12-24,안전신문고,2026-01-08,2026-01-02
보도(인도)위,2025-12-20,안전신문고,2025-11-21,2026-01-02
보도(인도)위,2025-12-20,안전신문고,2026-01-08,2026-01-02
횡단보도,2025-12-24,안전신문고,2026-01-08,2026-01-02
횡단보도,2025-12-24,안전신문고,2026-01-08,2026-01-02
횡단보도,2025-12-24,안전신문고,2026-01-08,2026-01-02
도로모퉁이,2025-12-24,안전신문고,2026-02-02,2026-01-02
보도(인도)위,2025-12-24,안전신문고,2026-01-08,2026-01-02
도로모퉁이,2025-12-23,안전신문고,2026-01-12,2026-01-02
주정차 금지구역,2025-12-24,안전신문고,2026-01-08,2026-01-02
횡단보도,2025-12-20,안전신문고,2026-02-02,2026-01-02
보도(인도)위,2025-12-23,안전신문고,2026-02-02,2026-01-02
소방시설 주변,2025-12-23,안전신문고,2026-02-02,2026-01-02
도로모퉁이,2025-12-23,안전신문고,2026-01-12,2026-01-02
도로모퉁이,2025-12-23,안전신문고,2026-01-12,2026-01-02
보도(인도)위,2025-12-21,안전신문고,2026-01-08,2026-01-02
횡단보도,2025-12-24,안전신문고,2026-02-02,2026-01-02
횡단보도,2025-12-24,안전신문고,2026-01-08,2026-01-02
횡단보도,2025-12-20,안전신문고,2026-01-08,2026-01-02
도로모퉁이,2025-12-23,안전신문고,2026-02-02,2026-01-02
도로모퉁이,2025-12-20,안전신문고,2026-01-08,2026-01-02
도로모퉁이,2025-12-20,안전신문고,2026-01-08,2026-01-02
소방시설 주변,2025-12-19,안전신문고,2026-02-02,2026-01-02
보도(인도)위,2025-12-20,안전신문고,2026-02-02,2026-01-02
주정차 금지구역,2025-12-19,안전신문고,2026-01-08,2026-01-02
보도(인도)위,2025-12-20,안전신문고,2026-02-02,2026-01-02
주정차 금지구역,2025-12-19,안전신문고,2026-02-02,2026-01-02
주정차 금지구역,2025-12-19,안전신문고,2026-01-08,2026-01-02
보도(인도)위,2025-12-20,안전신문고,2026-01-08,2026-01-02
이중주차 및 대각.직각주차,2025-12-19,안전신문고,2026-01-08,2026-01-02
보도(인도)위,2025-12-20,안전신문고,2026-01-08,2026-01-02
교차로,2025-12-19,안전신문고,2026-01-08,2026-01-02
보도(인도)위,2025-12-20,안전신문고,2026-02-02,2026-01-02
보도(인도)위,2025-12-20,안전신문고,2026-02-02,2026-01-02
보도(인도)위,2025-12-24,안전신문고,2026-01-08,2026-01-02
보도(인도)위,2025-12-20,안전신문고,2025-11-21,2026-01-02
보도(인도)위,2025-12-24,안전신문고,2026-02-02,2026-01-02
횡단보도,2025-12-19,안전신문고,2026-01-08,2026-01-02
보도(인도)위,2025-12-20,안전신문고,2026-02-02,2026-01-02
횡단보도,2025-12-19,안전신문고,2026-02-02,2026-01-02
보도(인도)위,2025-12-19,안전신문고,2026-02-02,2026-01-02
도로모퉁이,2025-12-19,안전신문고,2026-02-02,2026-01-02
보도(인도)위,2025-12-20,안전신문고,2026-02-02,2026-01-02
보도(인도)위,2025-12-20,안전신문고,2026-01-08,2026-01-02
횡단보도,2025-12-23,안전신문고,2026-01-12,2026-01-02
횡단보도,2025-12-23,안전신문고,2026-01-12,2026-01-02
버스정류장 주변,2025-12-21,안전신문고,2026-02-02,2026-01-02
횡단보도,2025-12-21,안전신문고,2026-01-08,2026-01-02
횡단보도,2025-12-23,안전신문고,2026-01-12,2026-01-02
횡단보도,2025-12-23,안전신문고,2026-01-12,2026-01-02
횡단보도,2025-12-23,안전신문고,2026-02-02,2026-01-02
보도(인도)위,2025-12-23,안전신문고,2026-01-12,2026-01-02
횡단보도,2025-12-20,안전신문고,2026-02-02,2026-01-02
소방시설 주변,2025-12-20,안전신문고,2026-01-08,2026-01-02
보도(인도)위,2025-12-23,안전신문고,2025-11-21,2026-01-02
도로모퉁이,2025-12-23,안전신문고,2026-01-12,2026-01-02
도로모퉁이,2025-12-21,안전신문고,2026-02-02,2026-01-02
보도(인도)위,2025-12-23,안전신문고,2026-01-12,2026-01-02
보도(인도)위,2025-12-23,안전신문고,2026-02-02,2026-01-02
버스정류장 주변,2025-12-23,안전신문고,2026-02-02,2026-01-02
주정차 금지구역,2025-12-23,안전신문고,2026-01-08,2026-01-02
횡단보도,2025-12-23,안전신문고,2026-01-08,2026-01-02
버스정류장 주변,2025-12-20,안전신문고,2026-01-08,2026-01-02
버스정류장 주변,2025-12-20,안전신문고,2026-01-08,2026-01-02
횡단보도,2025-12-20,안전신문고,2026-01-08,2026-01-02
버스정류장 주변,2025-12-21,안전신문고,2026-02-02,2026-01-02
횡단보도,2025-12-21,안전신문고,2026-02-02,2026-01-02
소방시설 주변,2025-12-20,안전신문고,2026-01-08,2026-01-02
도로모퉁이,2025-12-20,안전신문고,2026-01-08,2026-01-02
도로모퉁이,2025-12-20,안전신문고,2026-02-02,2026-01-02
보도(인도)위,2025-12-20,안전신문고,2026-02-02,2026-01-02
보도(인도)위,2025-12-21,안전신문고,2025-11-21,2026-01-02
횡단보도,2025-12-23,안전신문고,2026-02-02,2026-01-02
횡단보도,2025-12-21,안전신문고,2026-01-08,2026-01-02
보도(인도)위,2025-12-20,안전신문고,2026-01-08,2026-01-02
보도(인도)위,2025-12-23,안전신문고,2026-02-02,2026-01-02
보도(인도)위,2025-12-20,안전신문고,2026-01-08,2026-01-02
소방시설 주변,2025-12-20,안전신문고,2026-01-08,2026-01-02
소방시설 주변,2025-12-23,안전신문고,2026-01-12,2026-01-02
버스정류장 주변,2025-12-21,안전신문고,2026-02-02,2026-01-02
보도(인도)위,2025-12-23,안전신문고,2026-01-12,2026-01-02
도로모퉁이,2025-12-21,안전신문고,2026-01-08,2026-01-02
보도(인도)위,2025-12-23,안전신문고,2026-02-02,2026-01-02
횡단보도,2025-12-20,안전신문고,2026-01-08,2026-01-02
버스정류장 주변,2025-12-20,안전신문고,2026-02-02,2026-01-02
횡단보도,2025-12-22,안전신문고,2026-02-02,2026-01-02
보도(인도)위,2025-12-24,안전신문고,2026-02-02,2026-01-02
보도(인도)위,2025-12-22,안전신문고,2026-01-08,2026-01-02
횡단보도,2025-12-24,안전신문고,2026-01-08,2026-01-02
보도(인도)위,2025-12-22,안전신문고,2026-02-02,2026-01-02
소방시설 주변,2025-12-24,안전신문고,2026-01-08,2026-01-02
횡단보도,2025-12-22,안전신문고,2026-02-02,2026-01-02
소방시설 주변,2025-12-22,안전신문고,2026-01-08,2026-01-02
횡단보도,2025-12-22,안전신문고,2026-01-08,2026-01-02
보도(인도)위,2025-12-22,안전신문고,2026-01-08,2026-01-02
주정차 금지구역,2025-12-24,안전신문고,2026-01-08,2026-01-02
버스정류장 주변,2025-12-20,안전신문고,2026-01-08,2026-01-02
도로모퉁이,2025-12-22,안전신문고,2026-01-08,2026-01-02
버스정류장 주변,2025-12-20,안전신문고,2025-11-21,2026-01-02
도로모퉁이,2025-12-22,안전신문고,2026-02-02,2026-01-02
도로모퉁이,2025-12-20,안전신문고,2026-01-08,2026-01-02
보도(인도)위,2025-12-24,안전신문고,2026-01-08,2026-01-02
보도(인도)위,2025-12-23,안전신문고,2026-02-02,2026-01-02
버스정류장 주변,2025-12-22,안전신문고,2026-01-08,2026-01-02
버스정류장 주변,2025-12-20,안전신문고,2026-01-08,2026-01-02
보도(인도)위,2025-12-19,안전신문고,2026-01-08,2026-01-02
횡단보도,2025-12-24,안전신문고,2026-01-08,2026-01-02
주정차 금지구역,2025-12-19,안전신문고,2026-01-08,2026-01-02
보도(인도)위,2025-12-22,안전신문고,2026-01-08,2026-01-02
횡단보도,2025-12-24,안전신문고,2026-01-08,2026-01-02
보도(인도)위,2025-12-22,안전신문고,2026-01-08,2026-01-02
보도(인도)위,2025-12-23,안전신문고,2026-02-02,2026-01-02
도로모퉁이,2025-12-22,안전신문고,2026-01-08,2026-01-02
횡단보도,2025-12-24,안전신문고,2026-01-08,2026-01-02
보도(인도)위,2025-12-22,안전신문고,2026-01-08,2026-01-02
버스정류장 주변,2025-12-20,안전신문고,2026-02-02,2026-01-02
횡단보도,2025-12-23,안전신문고,2026-01-12,2026-01-02
횡단보도,2025-12-24,안전신문고,2026-01-08,2026-01-02
버스정류장 주변,2025-12-20,안전신문고,2026-01-08,2026-01-02
보도(인도)위,2025-12-19,안전신문고,2026-02-02,2026-01-02
소방시설 주변,2025-12-22,안전신문고,2026-02-02,2026-01-02
보도(인도)위,2025-12-22,안전신문고,2026-01-29,2026-01-02
횡단보도,2025-12-21,안전신문고,2026-01-08,2026-01-02
횡단보도,2025-12-24,안전신문고,2026-01-08,2026-01-02
횡단보도,2025-12-24,안전신문고,2026-01-08,2026-01-02
횡단보도,2025-12-24,안전신문고,2025-11-21,2026-01-02
횡단보도,2025-12-24,안전신문고,2026-01-08,2026-01-02
횡단보도,2025-12-24,안전신문고,2026-01-08,2026-01-02
횡단보도,2025-12-20,안전신문고,2026-01-08,2026-01-02
횡단보도,2025-12-24,안전신문고,2026-01-08,2026-01-02
횡단보도,2025-12-21,안전신문고,2026-01-08,2026-01-02
도로모퉁이,2025-12-22,안전신문고,2026-01-08,2026-01-02
횡단보도,2025-12-24,안전신문고,2026-02-02,2026-01-02
도로모퉁이,2025-12-23,안전신문고,2026-01-12,2026-01-02
횡단보도,2025-12-25,안전신문고,2026-02-02,2026-01-02
횡단보도,2025-12-24,안전신문고,2026-01-08,2026-01-02
도로모퉁이,2025-12-21,안전신문고,2026-01-08,2026-01-02
횡단보도,2025-12-19,안전신문고,2026-02-02,2026-01-02
도로모퉁이,2025-12-21,안전신문고,2026-02-02,2026-01-02
보도(인도)위,2025-12-19,안전신문고,2026-01-08,2026-01-02
보도(인도)위,2025-12-23,안전신문고,2026-01-12,2026-01-02
횡단보도,2025-12-19,안전신문고,2026-02-02,2026-01-02
버스정류장 주변,2025-12-24,안전신문고,2026-01-08,2026-01-02
보도(인도)위,2025-12-20,안전신문고,2026-02-02,2026-01-02
횡단보도,2025-12-24,안전신문고,2026-02-02,2026-01-02
도로모퉁이,2025-12-24,안전신문고,2026-01-08,2026-01-02
소방시설 주변,2025-12-25,안전신문고,2026-01-08,2026-01-02
보도(인도)위,2025-12-20,안전신문고,2026-01-08,2026-01-02
도로모퉁이,2025-12-24,안전신문고,2026-01-08,2026-01-02
보도(인도)위,2025-12-24,안전신문고,2026-01-08,2026-01-02
횡단보도,2025-12-24,안전신문고,2026-01-08,2026-01-02
횡단보도,2025-12-25,안전신문고,2026-02-02,2026-01-02
횡단보도,2025-12-25,안전신문고,2026-02-02,2026-01-02
보도(인도)위,2025-12-23,안전신문고,2026-01-12,2026-01-02
도로모퉁이,2025-12-20,안전신문고,2026-01-08,2026-01-02
보도(인도)위,2025-12-24,안전신문고,2025-11-21,2026-01-02
소방시설 주변,2025-12-23,안전신문고,2026-01-08,2026-01-02
보도(인도)위,2025-12-24,안전신문고,2026-01-08,2026-01-02
횡단보도,2025-12-24,안전신문고,2026-01-08,2026-01-02
횡단보도,2025-12-24,안전신문고,2026-01-08,2026-01-02
보도(인도)위,2025-12-25,안전신문고,2026-01-08,2026-01-02
버스정류장 주변,2025-12-21,안전신문고,2026-02-02,2026-01-02
횡단보도,2025-12-24,안전신문고,2026-01-08,2026-01-02
도로모퉁이,2025-12-24,안전신문고,2026-02-02,2026-01-02
보도(인도)위,2025-12-24,안전신문고,2026-01-08,2026-01-02
보도(인도)위,2025-12-24,안전신문고,2026-01-08,2026-01-02
보도(인도)위,2025-12-23,안전신문고,2026-01-12,2026-01-02
도로모퉁이,2025-12-24,안전신문고,2026-02-02,2026-01-02
도로모퉁이,2025-12-24,안전신문고,2026-01-08,2026-01-02
보도(인도)위,2025-12-23,안전신문고,2026-01-12,2026-01-02
횡단보도,2025-12-20,안전신문고,2026-01-08,2026-01-02
횡단보도,2025-12-24,안전신문고,2026-02-02,2026-01-02
교차로,2025-12-24,안전신문고,2026-02-02,2026-01-02
횡단보도,2025-12-24,안전신문고,2026-01-08,2026-01-02
횡단보도,2025-12-21,안전신문고,2026-02-02,2026-01-02
횡단보도,2025-12-25,안전신문고,2026-02-02,2026-01-02
횡단보도,2025-12-25,안전신문고,2026-02-02,2026-01-02
횡단보도,2025-12-21,안전신문고,2026-02-02,2026-01-02
횡단보도,2025-12-25,안전신문고,2026-02-02,2026-01-02
도로모퉁이,2025-12-24,안전신문고,2026-02-02,2026-01-02
횡단보도,2025-12-25,안전신문고,2026-01-08,2026-01-02
도로모퉁이,2025-12-22,안전신문고,2026-01-08,2026-01-02
횡단보도,2025-12-21,안전신문고,2026-02-02,2026-01-02
횡단보도,2025-12-25,안전신문고,2026-02-02,2026-01-02
횡단보도,2025-12-21,안전신문고,2026-01-08,2026-01-02
도로모퉁이,2025-12-21,안전신문고,2026-01-08,2026-01-02
보도(인도)위,2025-12-25,안전신문고,2026-01-08,2026-01-02
횡단보도,2025-12-25,안전신문고,2026-02-02,2026-01-02
도로모퉁이,2025-12-25,안전신문고,2026-01-08,2026-01-02
도로모퉁이,2025-12-20,안전신문고,2026-01-08,2026-01-02
보도(인도)위,2025-12-25,안전신문고,2026-01-08,2026-01-02
도로모퉁이,2025-12-19,안전신문고,2026-02-02,2026-01-02
보도(인도)위,2025-12-19,안전신문고,2026-02-02,2026-01-02
도로모퉁이,2025-12-19,안전신문고,2026-01-08,2026-01-02
보도(인도)위,2025-12-19,안전신문고,2026-01-08,2026-01-02
도로모퉁이,2025-12-23,안전신문고,2026-01-12,2026-01-02
횡단보도,2025-12-25,안전신문고,2026-02-02,2026-01-02
도로모퉁이,2025-12-20,안전신문고,2026-01-08,2026-01-02
횡단보도,2025-12-24,안전신문고,2026-02-02,2026-01-02
도로모퉁이,2025-12-19,안전신문고,2026-01-08,2026-01-02
횡단보도,2025-12-25,안전신문고,2026-01-08,2026-01-02
소방시설 주변,2025-12-23,안전신문고,2026-01-12,2026-01-02
횡단보도,2025-12-25,안전신문고,2026-01-08,2026-01-02
소방시설 주변,2025-12-25,안전신문고,2026-01-08,2026-01-02
도로모퉁이,2025-12-20,안전신문고,2026-01-08,2026-01-02
보도(인도)위,2025-12-19,안전신문고,2026-01-08,2026-01-02
도로모퉁이,2025-12-25,안전신문고,2026-02-02,2026-01-02
보도(인도)위,2025-12-19,안전신문고,2026-01-08,2026-01-02
횡단보도,2025-12-21,안전신문고,2026-01-08,2026-01-02
도로모퉁이,2025-12-24,안전신문고,2026-02-02,2026-01-02
소방시설 주변,2025-12-23,안전신문고,2026-01-12,2026-01-02
소방시설 주변,2025-12-23,안전신문고,2026-01-12,2026-01-02
횡단보도,2025-12-23,안전신문고,2026-01-12,2026-01-02
보도(인도)위,2025-12-25,안전신문고,2026-01-08,2026-01-02
보도(인도)위,2025-12-19,안전신문고,2026-01-08,2026-01-02
보도(인도)위,2025-12-19,안전신문고,2026-02-02,2026-01-02
보도(인도)위,2025-12-25,안전신문고,2026-02-02,2026-01-02
횡단보도,2025-12-20,안전신문고,2026-01-08,2026-01-02
보도(인도)위,2025-12-19,안전신문고,2026-01-08,2026-01-02
도로모퉁이,2025-12-19,안전신문고,2026-02-02,2026-01-02
횡단보도,2025-12-23,안전신문고,2026-01-12,2026-01-02
도로모퉁이,2025-12-25,안전신문고,2026-02-02,2026-01-02
보도(인도)위,2025-12-20,안전신문고,2026-01-08,2026-01-02
횡단보도,2025-12-20,안전신문고,2025-11-21,2026-01-02
횡단보도,2025-12-25,안전신문고,2026-02-02,2026-01-02
보도(인도)위,2025-12-19,안전신문고,2026-01-08,2026-01-02
도로모퉁이,2025-12-25,안전신문고,2026-01-08,2026-01-02
횡단보도,2025-12-23,안전신문고,2026-01-12,2026-01-02
도로모퉁이,2025-12-23,안전신문고,2026-01-12,2026-01-02
도로모퉁이,2025-12-25,안전신문고,2026-01-08,2026-01-02
교차로,2025-12-25,안전신문고,2026-01-08,2026-01-02
횡단보도,2025-12-19,안전신문고,2026-01-08,2026-01-02
횡단보도,2025-12-20,안전신문고,2026-01-08,2026-01-02
횡단보도,2025-12-19,안전신문고,2026-01-08,2026-01-02
교차로,2025-12-25,안전신문고,2026-01-08,2026-01-02
주정차 금지구역,2025-12-19,안전신문고,2026-01-08,2026-01-02
보도(인도)위,2025-12-19,안전신문고,2026-01-08,2026-01-02
보도(인도)위,2025-12-19,안전신문고,2026-01-08,2026-01-02
횡단보도,2025-12-19,안전신문고,2026-01-08,2026-01-02
도로모퉁이,2025-12-19,안전신문고,2026-02-02,2026-01-02
횡단보도,2025-12-24,안전신문고,2026-01-08,2026-01-02
보도(인도)위,2025-12-19,안전신문고,2026-02-02,2026-01-02
도로모퉁이,2025-12-19,안전신문고,2026-01-08,2026-01-02
도로모퉁이,2025-12-23,안전신문고,2026-01-12,2026-01-02
도로모퉁이,2025-12-19,안전신문고,2026-01-08,2026-01-02
보도(인도)위,2025-12-25,안전신문고,2026-01-08,2026-01-02
도로모퉁이,2025-12-20,안전신문고,2025-11-21,2026-01-02
횡단보도,2025-12-19,안전신문고,2026-01-08,2026-01-02
횡단보도,2025-12-19,안전신문고,2026-01-08,2026-01-02
횡단보도,2025-12-25,안전신문고,2026-01-08,2026-01-02
보도(인도)위,2025-12-20,안전신문고,2026-01-08,2026-01-02
도로모퉁이,2025-12-19,안전신문고,2026-01-08,2026-01-02
횡단보도,2025-12-25,안전신문고,2026-02-02,2026-01-02
보도(인도)위,2025-12-25,안전신문고,2026-02-02,2026-01-02
보도(인도)위,2025-12-25,안전신문고,2026-01-08,2026-01-02
버스정류장 주변,2025-12-19,안전신문고,2026-02-02,2026-01-02
횡단보도,2025-12-23,안전신문고,2026-01-12,2026-01-02
횡단보도,2025-12-23,안전신문고,2026-01-12,2026-01-02
도로모퉁이,2025-12-23,안전신문고,2026-01-12,2026-01-02
횡단보도,2025-12-23,안전신문고,2026-02-02,2026-01-02
도로모퉁이,2025-12-23,안전신문고,2026-01-12,2026-01-02
보도(인도)위,2025-12-23,안전신문고,2026-01-12,2026-01-02
횡단보도,2025-12-23,안전신문고,2026-01-12,2026-01-02
횡단보도,2025-12-23,안전신문고,2026-01-12,2026-01-02
도로모퉁이,2025-12-23,안전신문고,2026-02-02,2026-01-02
주정차 금지구역,2025-12-20,안전신문고,2025-11-21,2026-01-02
횡단보도,2025-12-20,안전신문고,2026-02-02,2026-01-02
도로모퉁이,2025-12-25,안전신문고,2026-02-02,2026-01-02
횡단보도,2025-12-20,안전신문고,2025-11-21,2026-01-02
횡단보도,2025-12-25,안전신문고,2026-01-08,2026-01-02
도로모퉁이,2025-12-25,안전신문고,2026-02-02,2026-01-02
도로모퉁이,2025-12-21,안전신문고,2026-01-08,2026-01-02
횡단보도,2025-12-25,안전신문고,2026-01-08,2026-01-02
소방시설 주변,2025-12-20,안전신문고,2026-01-08,2026-01-02
도로모퉁이,2025-12-20,안전신문고,2026-02-02,2026-01-02
도로모퉁이,2025-12-20,안전신문고,2026-01-08,2026-01-02
도로모퉁이,2025-12-21,안전신문고,2026-02-02,2026-01-02
보도(인도)위,2025-12-20,안전신문고,2026-02-02,2026-01-02
횡단보도,2025-12-23,안전신문고,2026-01-12,2026-01-02
보도(인도)위,2025-12-23,안전신문고,2026-02-02,2026-01-02
횡단보도,2025-12-23,안전신문고,2026-01-12,2026-01-02
횡단보도,2025-12-23,안전신문고,2026-01-12,2026-01-02
보도(인도)위,2025-12-23,안전신문고,2026-01-12,2026-01-02
도로모퉁이,2025-12-23,안전신문고,2025-11-21,2026-01-02
횡단보도,2025-12-23,안전신문고,2026-02-02,2026-01-02
도로모퉁이,2025-12-23,안전신문고,2026-01-12,2026-01-02
횡단보도,2025-12-23,안전신문고,2026-01-12,2026-01-02
횡단보도,2025-12-20,안전신문고,2026-01-08,2026-01-02
도로모퉁이,2025-12-20,안전신문고,2026-02-02,2026-01-02
도로모퉁이,2025-12-25,안전신문고,2026-02-02,2026-01-02
횡단보도,2025-12-25,안전신문고,2026-01-08,2026-01-02
도로모퉁이,2025-12-20,안전신문고,2026-01-08,2026-01-02
횡단보도,2025-12-21,안전신문고,2026-02-02,2026-01-02
소방시설 주변,2025-12-20,안전신문고,2026-01-08,2026-01-02
도로모퉁이,2025-12-20,안전신문고,2026-02-02,2026-01-02
횡단보도,2025-12-20,안전신문고,2026-01-08,2026-01-02
보도(인도)위,2025-12-23,안전신문고,2026-01-12,2026-01-02
횡단보도,2025-12-21,안전신문고,2026-02-02,2026-01-02
도로모퉁이,2025-12-23,안전신문고,2026-01-12,2026-01-02
횡단보도,2025-12-23,안전신문고,2026-02-02,2026-01-02
횡단보도,2025-12-23,안전신문고,2026-02-02,2026-01-02
주정차 금지구역,2025-12-23,안전신문고,2026-02-02,2026-01-02
주정차 금지구역,2025-12-23,안전신문고,2026-01-08,2026-01-02
도로모퉁이,2025-12-22,안전신문고,2026-01-08,2026-01-02
도로모퉁이,2025-12-22,안전신문고,2026-01-08,2026-01-02
횡단보도,2025-12-22,안전신문고,2026-01-08,2026-01-02
도로모퉁이,2025-12-22,안전신문고,2026-01-08,2026-01-02
도로모퉁이,2025-12-22,안전신문고,2026-01-08,2026-01-02
도로모퉁이,2025-12-22,안전신문고,2026-01-08,2026-01-02
횡단보도,2025-12-23,안전신문고,2026-02-02,2026-01-02
횡단보도,2025-12-23,안전신문고,2026-01-12,2026-01-02
보도(인도)위,2025-12-23,안전신문고,2026-01-12,2026-01-02
도로모퉁이,2025-12-22,안전신문고,2026-01-08,2026-01-02
도로모퉁이,2025-12-22,안전신문고,2026-02-02,2026-01-02
도로모퉁이,2025-12-22,안전신문고,2026-02-02,2026-01-02
소방시설 주변,2025-12-23,안전신문고,2026-02-02,2026-01-02
횡단보도,2025-12-21,안전신문고,2026-01-08,2026-01-02
교차로,2025-12-19,안전신문고,2026-02-02,2026-01-02
횡단보도,2025-12-20,안전신문고,2026-01-08,2026-01-02
도로모퉁이,2025-12-21,안전신문고,2026-01-08,2026-01-02
보도(인도)위,2025-12-20,안전신문고,2026-01-08,2026-01-02
횡단보도,2025-12-21,안전신문고,2026-01-08,2026-01-02
횡단보도,2025-12-20,안전신문고,2026-01-08,2026-01-02
소방시설 주변,2025-12-20,안전신문고,2026-01-08,2026-01-02
도로모퉁이,2025-12-19,안전신문고,2026-01-08,2026-01-02
횡단보도,2025-12-20,안전신문고,2026-01-08,2026-01-02
횡단보도,2025-12-20,안전신문고,2026-01-08,2026-01-02
횡단보도,2025-12-20,안전신문고,2026-01-08,2026-01-02
횡단보도,2025-12-20,안전신문고,2026-01-08,2026-01-02
횡단보도,2025-12-20,안전신문고,2026-01-08,2026-01-02
횡단보도,2025-12-20,안전신문고,2026-02-02,2026-01-02
횡단보도,2025-12-21,안전신문고,2025-11-21,2026-01-02
횡단보도,2025-12-21,안전신문고,2026-02-02,2026-01-02
보도(인도)위,2025-12-21,안전신문고,2026-02-02,2026-01-02
도로모퉁이,2025-12-24,안전신문고,2026-01-08,2026-01-02
횡단보도,2025-12-24,안전신문고,2025-11-21,2026-01-02
횡단보도,2025-12-21,안전신문고,2026-01-08,2026-01-02
횡단보도,2025-12-25,안전신문고,2025-11-21,2026-01-02
보도(인도)위,2025-12-20,안전신문고,2026-02-02,2026-01-02
도로모퉁이,2025-12-24,안전신문고,2026-02-02,2026-01-02
횡단보도,2025-12-25,안전신문고,2026-01-08,2026-01-02
보도(인도)위,2025-12-23,안전신문고,2026-01-12,2026-01-02
횡단보도,2025-12-20,안전신문고,2026-01-08,2026-01-02
횡단보도,2025-12-20,안전신문고,2026-01-08,2026-01-02
보도(인도)위,2025-12-19,안전신문고,2026-02-02,2026-01-02
보도(인도)위,2025-12-20,안전신문고,2026-01-08,2026-01-02
도로모퉁이,2025-12-25,안전신문고,2026-01-08,2026-01-02
횡단보도,2025-12-20,안전신문고,2026-01-08,2026-01-02
도로모퉁이,2025-12-21,안전신문고,2026-02-02,2026-01-02
소방시설 주변,2025-12-23,안전신문고,2026-01-12,2026-01-02
소방시설 주변,2025-12-20,안전신문고,2025-11-21,2026-01-02
보도(인도)위,2025-12-19,안전신문고,2026-01-30,2026-01-02
소방시설 주변,2025-12-25,안전신문고,2026-01-08,2026-01-02
보도(인도)위,2025-12-19,안전신문고,2026-01-08,2026-01-02
횡단보도,2025-12-19,안전신문고,2026-01-08,2026-01-02
보도(인도)위,2025-12-23,안전신문고,2026-02-02,2026-01-02
소방시설 주변,2025-12-20,안전신문고,2026-01-08,2026-01-02
보도(인도)위,2025-12-20,안전신문고,2026-01-08,2026-01-02
보도(인도)위,2025-12-20,안전신문고,2026-01-08,2026-01-02
보도(인도)위,2025-12-20,안전신문고,2026-02-02,2026-01-02
버스정류장 주변,2025-12-25,안전신문고,2026-01-08,2026-01-02
횡단보도,2025-12-25,안전신문고,2026-01-08,2026-01-02
횡단보도,2025-12-19,안전신문고,2026-02-02,2026-01-02
교차로,2025-12-20,안전신문고,2026-01-08,2026-01-02
보도(인도)위,2025-12-19,안전신문고,2026-01-08,2026-01-02
도로모퉁이,2025-12-25,안전신문고,2026-01-08,2026-01-02
횡단보도,2025-12-19,안전신문고,2026-01-08,2026-01-02
소방시설 주변,2025-12-23,안전신문고,2026-02-02,2026-01-02
횡단보도,2025-12-20,안전신문고,2026-01-08,2026-01-02
교차로,2025-12-20,안전신문고,2026-02-02,2026-01-02
교차로,2025-12-20,안전신문고,2026-01-08,2026-01-02
횡단보도,2025-12-20,안전신문고,2026-01-08,2026-01-02
교차로,2025-12-21,안전신문고,2025-11-21,2026-01-02
도로모퉁이,2025-12-25,안전신문고,2026-02-02,2026-01-02
횡단보도,2025-12-23,안전신문고,2026-02-02,2026-01-02
횡단보도,2025-12-25,안전신문고,2026-01-08,2026-01-02
주정차 금지구역,2025-12-28,고정형CCTV,2026-01-09,2026-01-02
보도(인도)위,2025-12-25,안전신문고,2026-01-08,2026-01-02
소방시설 주변,2025-12-23,안전신문고,2026-01-12,2026-01-02
도로모퉁이,2025-12-25,안전신문고,2026-01-08,2026-01-02
교차로,2025-12-19,안전신문고,2026-01-08,2026-01-02
소방시설 주변,2025-12-23,안전신문고,2026-01-12,2026-01-02
보도(인도)위,2025-12-19,안전신문고,2026-01-08,2026-01-02
보도(인도)위,2025-12-25,안전신문고,2026-01-08,2026-01-02
버스정류장 주변,2025-12-25,안전신문고,2026-01-08,2026-01-02
횡단보도,2025-12-19,안전신문고,2026-01-08,2026-01-02
횡단보도,2025-12-21,안전신문고,2026-01-08,2026-01-02
교차로,2025-12-21,안전신문고,2026-01-08,2026-01-02
버스정류장 주변,2025-12-19,안전신문고,2026-01-08,2026-01-02
도로모퉁이,2025-12-19,안전신문고,2026-01-08,2026-01-02
교차로,2025-12-21,안전신문고,2026-02-02,2026-01-02
교차로,2025-12-19,안전신문고,2026-01-08,2026-01-02
버스정류장 주변,2025-12-21,안전신문고,2026-01-08,2026-01-02
도로모퉁이,2025-12-21,안전신문고,2026-01-08,2026-01-02
교차로,2025-12-19,안전신문고,2026-01-08,2026-01-02
소방시설 주변,2025-12-23,안전신문고,2026-01-12,2026-01-02
보도(인도)위,2025-12-20,안전신문고,2026-01-08,2026-01-02
도로모퉁이,2025-12-23,안전신문고,2026-01-12,2026-01-02
횡단보도,2025-12-20,안전신문고,2026-01-08,2026-01-02
주정차 금지구역,2025-12-19,안전신문고,2026-02-02,2026-01-02
주정차 금지구역,2025-12-19,안전신문고,2026-02-02,2026-01-02
주정차 금지구역,2025-12-19,안전신문고,2026-01-08,2026-01-02
보도(인도)위,2025-12-20,안전신문고,2026-01-08,2026-01-02
횡단보도,2025-12-20,안전신문고,2026-01-08,2026-01-02
보도(인도)위,2025-12-23,안전신문고,2026-01-12,2026-01-02
횡단보도,2025-12-19,안전신문고,2026-01-08,2026-01-02
보도(인도)위,2025-12-25,안전신문고,2026-01-08,2026-01-02
횡단보도,2025-12-23,안전신문고,2026-01-12,2026-01-02
횡단보도,2025-12-19,안전신문고,2026-01-08,2026-01-02
보도(인도)위,2025-12-23,안전신문고,2026-02-02,2026-01-02
보도(인도)위,2025-12-23,안전신문고,2026-01-08,2026-01-02
보도(인도)위,2025-12-23,안전신문고,2026-01-12,2026-01-02
도로모퉁이,2025-12-23,안전신문고,2026-01-12,2026-01-02
보도(인도)위,2025-12-23,안전신문고,2026-01-12,2026-01-02
횡단보도,2025-12-23,안전신문고,2025-11-21,2026-01-02
횡단보도,2025-12-23,안전신문고,2026-01-12,2026-01-02
횡단보도,2025-12-23,안전신문고,2025-11-21,2026-01-02
보도(인도)위,2025-12-23,안전신문고,2026-01-12,2026-01-02
도로모퉁이,2025-12-23,안전신문고,2026-01-12,2026-01-02
보도(인도)위,2025-12-23,안전신문고,2026-01-12,2026-01-02
보도(인도)위,2025-12-23,안전신문고,2026-01-12,2026-01-02
보도(인도)위,2025-12-23,안전신문고,2026-01-12,2026-01-02
보도(인도)위,2025-12-21,안전신문고,2026-01-08,2026-01-02
도로모퉁이,2025-12-20,안전신문고,2026-01-08,2026-01-02
횡단보도,2025-12-20,안전신문고,2026-01-08,2026-01-02
도로모퉁이,2025-12-20,안전신문고,2026-01-08,2026-01-02
버스정류장 주변,2025-12-20,안전신문고,2026-01-08,2026-01-02
횡단보도,2025-12-21,안전신문고,2026-01-08,2026-01-02
보도(인도)위,2025-12-20,안전신문고,2026-02-02,2026-01-02
소방시설 주변,2025-12-20,안전신문고,2026-02-02,2026-01-02
보도(인도)위,2025-12-20,안전신문고,2026-01-08,2026-01-02
보도(인도)위,2025-12-20,안전신문고,2026-02-02,2026-01-02
도로모퉁이,2025-12-21,안전신문고,2026-01-08,2026-01-02
버스정류장 주변,2025-12-21,안전신문고,2026-01-08,2026-01-02
버스정류장 주변,2025-12-21,안전신문고,2026-01-08,2026-01-02
보도(인도)위,2025-12-21,안전신문고,2026-01-08,2026-01-02
횡단보도,2025-12-20,안전신문고,2026-01-08,2026-01-02
주정차 금지구역,2025-12-24,안전신문고,2026-01-08,2026-01-02
도로모퉁이,2025-12-20,안전신문고,2026-02-02,2026-01-02
도로모퉁이,2025-12-21,안전신문고,2026-01-08,2026-01-02
횡단보도,2025-12-20,안전신문고,2026-01-08,2026-01-02
횡단보도,2025-12-20,안전신문고,2026-02-02,2026-01-02
소방시설 주변,2025-12-20,안전신문고,2026-01-08,2026-01-02
버스정류장 주변,2025-12-20,안전신문고,2026-01-08,2026-01-02
도로모퉁이,2025-12-20,안전신문고,2026-01-08,2026-01-02
소방시설 주변,2025-12-20,안전신문고,2026-01-08,2026-01-02
횡단보도,2025-12-23,안전신문고,2026-02-02,2026-01-02
보도(인도)위,2025-12-23,안전신문고,2026-01-12,2026-01-02
횡단보도,2025-12-23,안전신문고,2026-01-12,2026-01-02
횡단보도,2025-12-23,안전신문고,2026-01-12,2026-01-02
횡단보도,2025-12-23,안전신문고,2026-01-12,2026-01-02
소방시설 주변,2025-12-23,안전신문고,2026-01-12,2026-01-02
보도(인도)위,2025-12-23,안전신문고,2026-01-12,2026-01-02
보도(인도)위,2025-12-21,안전신문고,2026-01-08,2026-01-02
횡단보도,2025-12-23,안전신문고,2026-02-02,2026-01-02
보도(인도)위,2025-12-20,안전신문고,2026-01-08,2026-01-02
도로모퉁이,2025-12-23,안전신문고,2026-01-08,2026-01-02
도로모퉁이,2025-12-23,안전신문고,2026-01-12,2026-01-02
주정차 금지구역,2025-12-23,안전신문고,2026-01-08,2026-01-02
보도(인도)위,2025-12-19,안전신문고,2026-01-08,2026-01-02
보도(인도)위,2025-12-21,안전신문고,2026-01-08,2026-01-02
보도(인도)위,2025-12-19,안전신문고,2026-02-02,2026-01-02
도로모퉁이,2025-12-19,안전신문고,2026-01-08,2026-01-02
횡단보도,2025-12-19,안전신문고,2026-01-08,2026-01-02
횡단보도,2025-12-19,안전신문고,2026-01-08,2026-01-02
횡단보도,2025-12-19,안전신문고,2026-01-08,2026-01-02
횡단보도,2025-12-19,안전신문고,2026-02-02,2026-01-02
횡단보도,2025-12-19,안전신문고,2026-01-08,2026-01-02
소방시설 주변,2025-12-19,안전신문고,2026-01-08,2026-01-02
보도(인도)위,2025-12-19,안전신문고,2026-02-02,2026-01-02
도로모퉁이,2025-12-23,안전신문고,2026-02-02,2026-01-02
횡단보도,2025-12-19,안전신문고,2026-01-08,2026-01-02
교차로,2025-12-19,안전신문고,2026-01-08,2026-01-02
보도(인도)위,2025-12-19,안전신문고,2026-02-02,2026-01-02
보도(인도)위,2025-12-25,안전신문고,2026-02-02,2026-01-02
도로모퉁이,2025-12-25,안전신문고,2026-02-02,2026-01-02
횡단보도,2025-12-25,안전신문고,2026-01-08,2026-01-02
보도(인도)위,2025-12-19,안전신문고,2026-02-02,2026-01-02
보도(인도)위,2025-12-19,안전신문고,2026-02-02,2026-01-02
보도(인도)위,2025-12-18,안전신문고,2025-11-21,2026-01-02
도로모퉁이,2025-12-19,안전신문고,2026-01-08,2026-01-02
보도(인도)위,2025-12-19,안전신문고,2026-01-08,2026-01-02
횡단보도,2025-12-19,안전신문고,2026-01-08,2026-01-02
주정차 금지구역,2025-12-16,주행형CCTV,2025-11-21,2026-01-02
횡단보도,2025-12-19,안전신문고,2026-01-08,2026-01-02
보도(인도)위,2025-12-18,안전신문고,2026-02-02,2026-01-02
도로모퉁이,2025-12-23,안전신문고,2026-02-02,2026-01-02
횡단보도,2025-12-23,안전신문고,2026-02-02,2026-01-02
횡단보도,2025-12-23,안전신문고,2026-01-12,2026-01-02
횡단보도,2025-12-23,안전신문고,2026-02-02,2026-01-02
도로모퉁이,2025-12-25,안전신문고,2026-01-08,2026-01-02
주정차 금지구역,2025-12-08,주행형CCTV,2026-01-09,2026-01-02
주정차 금지구역,2025-12-17,주행형CCTV,2026-01-09,2026-01-02
주정차 금지구역,2025-12-23,주행형CCTV,2026-01-09,2026-01-02
주정차 금지구역,2025-12-02,주행형CCTV,2026-01-12,2026-01-02
횡단보도,2025-12-03,안전신문고,2026-01-12,2026-01-02
주정차 금지구역,2025-12-04,고정형CCTV,2026-01-12,2026-01-02
주정차 금지구역,2025-12-23,주행형CCTV,2026-02-02,2026-01-02
주정차 금지구역,2025-12-23,주행형CCTV,2026-01-12,2026-01-02
주정차 금지구역,2025-12-23,주행형CCTV,2026-02-02,2026-01-02
주정차 금지구역,2025-12-23,주행형CCTV,2026-01-12,2026-01-02
주정차 금지구역,2025-12-23,주행형CCTV,2026-02-02,2026-01-02
주정차 금지구역,2025-12-23,주행형CCTV,2025-01-12,2026-01-02
주정차 금지구역,2025-12-23,주행형CCTV,2026-02-02,2026-01-02
주정차 금지구역,2025-12-23,주행형CCTV,2026-02-02,2026-01-02
주정차 금지구역,2025-12-23,주행형CCTV,2026-01-12,2026-01-02
주정차 금지구역,2025-12-23,주행형CCTV,2026-02-02,2026-01-02
주정차 금지구역,2025-12-23,주행형CCTV,2026-02-02,2026-01-02
주정차 금지구역,2025-12-23,주행형CCTV,2026-02-02,2026-01-02
주정차 금지구역,2025-12-23,주행형CCTV,2026-02-02,2026-01-02
주정차 금지구역,2025-12-23,주행형CCTV,2025-11-21,2026-01-02
주정차 금지구역,2025-12-23,주행형CCTV,2026-02-02,2026-01-02
주정차 금지구역,2025-12-23,주행형CCTV,2026-02-02,2026-01-02
주정차 금지구역,2025-12-23,주행형CCTV,2026-02-02,2026-01-02
주정차 금지구역,2025-12-23,주행형CCTV,2025-11-21,2026-01-02
주정차 금지구역,2025-12-23,주행형CCTV,2026-01-12,2026-01-02
주정차 금지구역,2025-12-23,주행형CCTV,2026-02-02,2026-01-02
주정차 금지구역,2025-12-23,주행형CCTV,2026-02-02,2026-01-02
주정차 금지구역,2025-12-23,주행형CCTV,2026-02-02,2026-01-02
주정차 금지구역,2025-12-23,주행형CCTV,2026-02-02,2026-01-02
주정차 금지구역,2025-12-23,주행형CCTV,2026-01-12,2026-01-02
주정차 금지구역,2025-12-23,주행형CCTV,2026-02-02,2026-01-02
주정차 금지구역,2025-12-23,주행형CCTV,2026-02-02,2026-01-02
주정차 금지구역,2025-12-23,주행형CCTV,2026-02-02,2026-01-02
주정차 금지구역,2025-12-23,주행형CCTV,2026-02-02,2026-01-02
주정차 금지구역,2025-12-23,주행형CCTV,2026-02-02,2026-01-02
주정차 금지구역,2025-12-23,주행형CCTV,2026-02-02,2026-01-02
주정차 금지구역,2025-12-23,주행형CCTV,2026-02-02,2026-01-02
주정차 금지구역,2025-12-23,주행형CCTV,2026-02-02,2026-01-02
주정차 금지구역,2025-12-23,주행형CCTV,2026-02-02,2026-01-02
주정차 금지구역,2025-12-23,주행형CCTV,2026-02-02,2026-01-02
주정차 금지구역,2025-12-23,주행형CCTV,2025-11-21,2026-01-02
주정차 금지구역,2025-12-23,주행형CCTV,2026-01-12,2026-01-02
주정차 금지구역,2025-12-23,주행형CCTV,2026-02-02,2026-01-02
주정차 금지구역,2025-12-23,주행형CCTV,2026-02-02,2026-01-02
주정차 금지구역,2025-12-23,주행형CCTV,2026-01-12,2026-01-02
주정차 금지구역,2025-12-23,주행형CCTV,2025-11-21,2026-01-02
주정차 금지구역,2025-12-23,주행형CCTV,2026-02-02,2026-01-02
주정차 금지구역,2025-12-23,주행형CCTV,2026-02-02,2026-01-02
주정차 금지구역,2025-12-23,주행형CCTV,2026-01-23,2026-01-02
주정차 금지구역,2025-12-23,주행형CCTV,2026-02-02,2026-01-02
주정차 금지구역,2025-12-23,주행형CCTV,2026-01-15,2026-01-02
주정차 금지구역,2025-12-23,주행형CCTV,2026-02-02,2026-01-02
주정차 금지구역,2025-12-23,주행형CCTV,2026-02-02,2026-01-02
주정차 금지구역,2025-12-23,주행형CCTV,2026-02-02,2026-01-02
주정차 금지구역,2025-12-23,주행형CCTV,2026-02-02,2026-01-02
주정차 금지구역,2025-12-23,주행형CCTV,2026-01-20,2026-01-02
주정차 금지구역,2025-12-23,주행형CCTV,2025-11-21,2026-01-02
주정차 금지구역,2025-12-23,주행형CCTV,2026-02-02,2026-01-02
주정차 금지구역,2025-12-23,주행형CCTV,2026-01-12,2026-01-02
주정차 금지구역,2025-12-23,주행형CCTV,2026-01-12,2026-01-02
주정차 금지구역,2025-12-23,주행형CCTV,2026-02-02,2026-01-02
주정차 금지구역,2025-12-23,주행형CCTV,2026-02-02,2026-01-02
주정차 금지구역,2025-12-23,주행형CCTV,2026-01-12,2026-01-02
주정차 금지구역,2025-12-23,주행형CCTV,2026-01-12,2026-01-02
주정차 금지구역,2025-12-23,주행형CCTV,2026-01-12,2026-01-02
주정차 금지구역,2025-12-23,주행형CCTV,2026-02-02,2026-01-02
주정차 금지구역,2025-12-23,고정형CCTV,2026-02-02,2026-01-02
주정차 금지구역,2025-12-23,고정형CCTV,2026-02-02,2026-01-02
주정차 금지구역,2025-12-23,고정형CCTV,2026-02-02,2026-01-02
주정차 금지구역,2025-12-23,고정형CCTV,2025-11-21,2026-01-02
주정차 금지구역,2025-12-23,고정형CCTV,2026-02-02,2026-01-02
주정차 금지구역,2025-12-23,고정형CCTV,2026-02-02,2026-01-02
주정차 금지구역,2025-12-23,고정형CCTV,2026-02-02,2026-01-02
주정차 금지구역,2025-12-23,고정형CCTV,2026-01-23,2026-01-02
주정차 금지구역,2025-12-23,고정형CCTV,2025-11-21,2026-01-02
어린이 보호구역,2025-12-23,고정형CCTV,2025-11-21,2026-01-02
주정차 금지구역,2025-12-23,고정형CCTV,2026-02-02,2026-01-02
주정차 금지구역,2025-12-23,고정형CCTV,2026-01-30,2026-01-02
주정차 금지구역,2025-12-23,고정형CCTV,2026-02-02,2026-01-02
주정차 금지구역,2025-12-23,고정형CCTV,2026-02-02,2026-01-02
주정차 금지구역,2025-12-23,고정형CCTV,2026-02-02,2026-01-02
주정차 금지구역,2025-12-23,고정형CCTV,2026-02-02,2026-01-02
어린이 보호구역,2025-12-23,고정형CCTV,2026-01-12,2026-01-02
주정차 금지구역,2025-12-23,고정형CCTV,2026-02-02,2026-01-02
주정차 금지구역,2025-12-23,고정형CCTV,2026-02-02,2026-01-02
주정차 금지구역,2025-12-23,고정형CCTV,2026-02-02,2026-01-02
주정차 금지구역,2025-12-23,고정형CCTV,2026-02-02,2026-01-02
주정차 금지구역,2025-12-23,고정형CCTV,2025-11-21,2026-01-02
주정차 금지구역,2025-12-23,고정형CCTV,2025-11-21,2026-01-02
주정차 금지구역,2025-12-23,고정형CCTV,2026-02-02,2026-01-02
주정차 금지구역,2025-12-23,고정형CCTV,2026-02-02,2026-01-02
주정차 금지구역,2025-12-23,고정형CCTV,2026-02-02,2026-01-02
주정차 금지구역,2025-12-23,고정형CCTV,2026-01-12,2026-01-02
주정차 금지구역,2025-12-23,고정형CCTV,2026-02-02,2026-01-02
주정차 금지구역,2025-12-23,고정형CCTV,2026-01-12,2026-01-02
주정차 금지구역,2025-12-23,고정형CCTV,2026-02-02,2026-01-02
주정차 금지구역,2025-12-23,고정형CCTV,2026-02-02,2026-01-02
주정차 금지구역,2025-12-23,고정형CCTV,2026-01-12,2026-01-02
주정차 금지구역,2025-12-23,고정형CCTV,2026-01-12,2026-01-02
주정차 금지구역,2025-12-23,고정형CCTV,2026-02-02,2026-01-02
주정차 금지구역,2025-12-23,고정형CCTV,2026-01-12,2026-01-02
주정차 금지구역,2025-12-23,고정형CCTV,2026-02-02,2026-01-02
주정차 금지구역,2025-12-23,고정형CCTV,2026-01-12,2026-01-02
주정차 금지구역,2025-12-23,고정형CCTV,2026-01-12,2026-01-02
주정차 금지구역,2025-12-23,고정형CCTV,2025-11-21,2026-01-02
주정차 금지구역,2025-12-23,고정형CCTV,2026-02-02,2026-01-02
주정차 금지구역,2025-12-23,고정형CCTV,2026-02-02,2026-01-02
주정차 금지구역,2025-12-23,고정형CCTV,2026-01-12,2026-01-02
주정차 금지구역,2025-12-23,고정형CCTV,2026-02-02,2026-01-02
주정차 금지구역,2025-12-23,고정형CCTV,2026-02-02,2026-01-02
주정차 금지구역,2025-12-23,고정형CCTV,2026-02-02,2026-01-02
주정차 금지구역,2025-12-23,고정형CCTV,2026-02-02,2026-01-02
주정차 금지구역,2025-12-23,고정형CCTV,2026-02-02,2026-01-02
주정차 금지구역,2025-12-23,고정형CCTV,2026-02-02,2026-01-02
주정차 금지구역,2025-12-23,고정형CCTV,2025-11-21,2026-01-02
주정차 금지구역,2025-12-23,고정형CCTV,2026-02-02,2026-01-02
주정차 금지구역,2025-12-23,고정형CCTV,2026-02-02,2026-01-02
주정차 금지구역,2025-12-23,고정형CCTV,2026-02-02,2026-01-02
주정차 금지구역,2025-12-23,고정형CCTV,2026-01-12,2026-01-02
주정차 금지구역,2025-12-23,고정형CCTV,2026-02-02,2026-01-02
주정차 금지구역,2025-12-23,고정형CCTV,2025-11-21,2026-01-02
주정차 금지구역,2025-12-23,고정형CCTV,2026-02-02,2026-01-02
소방시설 주변,2025-12-23,고정형CCTV,2026-02-02,2026-01-02
주정차 금지구역,2025-12-23,고정형CCTV,2026-02-02,2026-01-02
횡단보도,2025-12-27,안전신문고,2026-02-02,2026-01-02
횡단보도,2025-12-28,안전신문고,2026-01-12,2026-01-02
보도(인도)위,2025-12-27,안전신문고,2026-01-12,2026-01-02
보도(인도)위,2025-12-27,안전신문고,2026-02-02,2026-01-02
보도(인도)위,2025-12-27,안전신문고,2026-01-12,2026-01-02
보도(인도)위,2025-12-27,안전신문고,2026-01-12,2026-01-02
횡단보도,2025-12-29,안전신문고,2026-02-02,2026-01-02
주정차 금지구역,2025-12-29,안전신문고,2026-02-02,2026-01-02
횡단보도,2025-12-28,안전신문고,2026-01-12,2026-01-02
횡단보도,2025-12-28,안전신문고,2026-02-02,2026-01-02
보도(인도)위,2025-12-27,안전신문고,2026-01-12,2026-01-02
도로모퉁이,2025-12-29,안전신문고,2026-01-12,2026-01-02
주정차 금지구역,2025-12-29,안전신문고,2026-01-12,2026-01-02
횡단보도,2025-12-29,안전신문고,2026-01-12,2026-01-02
도로모퉁이,2025-12-29,안전신문고,2026-01-12,2026-01-02
횡단보도,2025-12-28,안전신문고,2026-01-12,2026-01-02
도로모퉁이,2025-12-29,안전신문고,2026-02-02,2026-01-02
보도(인도)위,2025-12-29,안전신문고,2026-01-12,2026-01-02
횡단보도,2025-12-29,안전신문고,2026-01-12,2026-01-02
소방시설 주변,2025-12-27,안전신문고,2026-02-02,2026-01-02
보도(인도)위,2025-12-27,안전신문고,2026-01-12,2026-01-02
보도(인도)위,2025-12-29,안전신문고,2026-01-12,2026-01-02
보도(인도)위,2025-12-29,안전신문고,2026-01-12,2026-01-02
보도(인도)위,2025-12-29,안전신문고,2026-01-12,2026-01-02
횡단보도,2025-12-29,안전신문고,2025-11-21,2026-01-02
횡단보도,2025-12-27,안전신문고,2026-01-12,2026-01-02
도로모퉁이,2025-12-29,안전신문고,2026-01-12,2026-01-02
도로모퉁이,2025-12-29,안전신문고,2026-01-12,2026-01-02
보도(인도)위,2025-12-28,안전신문고,2026-01-12,2026-01-02
도로모퉁이,2025-12-29,안전신문고,2026-01-12,2026-01-02
횡단보도,2025-12-28,안전신문고,2026-01-12,2026-01-02
보도(인도)위,2025-12-29,안전신문고,2026-02-02,2026-01-02
소방시설 주변,2025-12-28,안전신문고,2026-02-02,2026-01-02
보도(인도)위,2025-12-28,안전신문고,2026-01-12,2026-01-02
보도(인도)위,2025-12-29,안전신문고,2026-01-12,2026-01-02
횡단보도,2025-12-31,안전신문고,2026-01-12,2026-01-02
횡단보도,2025-12-28,안전신문고,2026-01-12,2026-01-02
보도(인도)위,2025-12-29,안전신문고,2026-02-02,2026-01-02
보도(인도)위,2025-12-29,안전신문고,2026-01-12,2026-01-02
횡단보도,2025-12-28,안전신문고,2026-02-02,2026-01-02
주정차 금지구역,2025-12-27,안전신문고,2026-01-12,2026-01-02
보도(인도)위,2025-12-31,안전신문고,2026-02-02,2026-01-02
횡단보도,2025-12-31,안전신문고,2026-01-12,2026-01-02
보도(인도)위,2025-12-31,안전신문고,2026-01-12,2026-01-02
버스정류장 주변,2025-12-31,안전신문고,2026-02-02,2026-01-02
횡단보도,2025-12-28,안전신문고,2026-01-12,2026-01-02
도로모퉁이,2025-12-29,안전신문고,2026-02-02,2026-01-02
도로모퉁이,2025-12-27,안전신문고,2026-02-02,2026-01-02
횡단보도,2025-12-27,안전신문고,2026-01-12,2026-01-02
도로모퉁이,2025-12-27,안전신문고,2026-01-12,2026-01-02
버스정류장 주변,2025-12-31,안전신문고,2026-02-02,2026-01-02
횡단보도,2025-12-27,안전신문고,2026-02-02,2026-01-02
도로모퉁이,2025-12-31,안전신문고,2026-02-02,2026-01-02
도로모퉁이,2025-12-31,안전신문고,2026-02-02,2026-01-02
횡단보도,2025-12-31,안전신문고,2026-02-02,2026-01-02
보도(인도)위,2025-12-29,안전신문고,2026-01-12,2026-01-02
횡단보도,2025-12-28,안전신문고,2026-01-12,2026-01-02
보도(인도)위,2025-12-29,안전신문고,2026-02-02,2026-01-02
횡단보도,2025-12-27,안전신문고,2026-01-12,2026-01-02
도로모퉁이,2025-12-29,안전신문고,2026-02-02,2026-01-02
횡단보도,2025-12-29,안전신문고,2026-02-02,2026-01-02
횡단보도,2025-12-29,안전신문고,2026-01-12,2026-01-02
횡단보도,2025-12-30,안전신문고,2026-01-12,2026-01-02
도로모퉁이,2025-12-29,안전신문고,2026-02-02,2026-01-02
보도(인도)위,2025-12-28,안전신문고,2026-01-12,2026-01-02
횡단보도,2025-12-30,안전신문고,2026-02-02,2026-01-02
도로모퉁이,2025-12-30,안전신문고,2025-11-21,2026-01-02
횡단보도,2025-12-30,안전신문고,2026-01-12,2026-01-02
횡단보도,2025-12-30,안전신문고,2026-01-12,2026-01-02
횡단보도,2025-12-30,안전신문고,2026-02-02,2026-01-02
횡단보도,2025-12-29,안전신문고,2026-01-12,2026-01-02
보도(인도)위,2025-12-30,안전신문고,2026-02-02,2026-01-02
도로모퉁이,2025-12-29,안전신문고,2026-01-12,2026-01-02
횡단보도,2025-12-29,안전신문고,2026-02-02,2026-01-02
횡단보도,2025-12-29,안전신문고,2026-02-02,2026-01-02
보도(인도)위,2025-12-29,안전신문고,2026-01-12,2026-01-02
도로모퉁이,2025-12-28,안전신문고,2026-01-12,2026-01-02
횡단보도,2025-12-28,안전신문고,2026-02-02,2026-01-02
보도(인도)위,2025-12-29,안전신문고,2026-01-12,2026-01-02
도로모퉁이,2025-12-28,안전신문고,2026-01-12,2026-01-02
횡단보도,2025-12-26,안전신문고,2026-02-02,2026-01-02
소방시설 주변,2025-12-28,안전신문고,2026-01-12,2026-01-02
횡단보도,2025-12-29,안전신문고,2026-02-02,2026-01-02
소방시설 주변,2025-12-26,안전신문고,2026-01-12,2026-01-02
횡단보도,2025-12-26,안전신문고,2026-02-02,2026-01-02
주정차 금지구역,2025-12-29,안전신문고,2026-01-12,2026-01-02
횡단보도,2025-12-29,안전신문고,2026-02-02,2026-01-02
보도(인도)위,2025-12-26,안전신문고,2026-01-12,2026-01-02
횡단보도,2025-12-29,안전신문고,2026-01-12,2026-01-02
도로모퉁이,2025-12-26,안전신문고,2026-01-12,2026-01-02
횡단보도,2025-12-29,안전신문고,2026-02-02,2026-01-02
횡단보도,2025-12-29,안전신문고,2026-02-02,2026-01-02
횡단보도,2025-12-26,안전신문고,2026-02-02,2026-01-02
소방시설 주변,2025-12-29,안전신문고,2026-01-12,2026-01-02
횡단보도,2025-12-29,안전신문고,2026-01-12,2026-01-02
횡단보도,2025-12-29,안전신문고,2026-02-02,2026-01-02
횡단보도,2025-12-29,안전신문고,2026-01-12,2026-01-02
횡단보도,2025-12-29,안전신문고,2026-02-02,2026-01-02
보도(인도)위,2025-12-26,안전신문고,2026-02-02,2026-01-02
횡단보도,2025-12-26,안전신문고,2026-02-02,2026-01-02
소방시설 주변,2025-12-28,안전신문고,2026-01-12,2026-01-02
횡단보도,2025-12-29,안전신문고,2026-01-12,2026-01-02
보도(인도)위,2025-12-29,안전신문고,2026-01-12,2026-01-02
도로모퉁이,2025-12-29,안전신문고,2026-01-12,2026-01-02
도로모퉁이,2025-12-29,안전신문고,2026-01-12,2026-01-02
보도(인도)위,2025-12-26,안전신문고,2026-02-02,2026-01-02
도로모퉁이,2025-12-29,안전신문고,2026-02-02,2026-01-02
소방시설 주변,2025-12-26,안전신문고,2026-02-02,2026-01-02
횡단보도,2025-12-29,안전신문고,2026-01-12,2026-01-02
횡단보도,2025-12-29,안전신문고,2026-02-02,2026-01-02
소방시설 주변,2025-12-29,안전신문고,2026-01-12,2026-01-02
소방시설 주변,2025-12-29,안전신문고,2026-01-12,2026-01-02
횡단보도,2025-12-29,안전신문고,2025-11-21,2026-01-02
횡단보도,2025-12-29,안전신문고,2025-11-21,2026-01-02
도로모퉁이,2025-12-29,안전신문고,2026-01-12,2026-01-02
주정차 금지구역,2025-12-31,안전신문고,2026-02-02,2026-01-02
교차로,2025-12-29,안전신문고,2026-01-12,2026-01-02
주정차 금지구역,2025-12-31,안전신문고,2026-02-02,2026-01-02
도로모퉁이,2025-12-26,안전신문고,2026-02-02,2026-01-02
소방시설 주변,2025-12-31,안전신문고,2026-01-12,2026-01-02
버스정류장 주변,2025-12-29,안전신문고,2026-02-02,2026-01-02
버스정류장 주변,2025-12-29,안전신문고,2026-01-12,2026-01-02
소방시설 주변,2025-12-27,안전신문고,2026-02-02,2026-01-02
버스정류장 주변,2025-12-31,안전신문고,2026-01-12,2026-01-02
보도(인도)위,2025-12-31,안전신문고,2026-01-12,2026-01-02
보도(인도)위,2025-12-26,안전신문고,2026-01-12,2026-01-02
버스정류장 주변,2025-12-29,안전신문고,2026-01-12,2026-01-02
도로모퉁이,2025-12-29,안전신문고,2026-02-02,2026-01-02
도로모퉁이,2025-12-26,안전신문고,2026-02-02,2026-01-02
보도(인도)위,2025-12-29,안전신문고,2026-01-12,2026-01-02
횡단보도,2025-12-29,안전신문고,2026-02-02,2026-01-02
소방시설 주변,2025-12-26,안전신문고,2026-02-02,2026-01-02
횡단보도,2025-12-31,안전신문고,2026-01-12,2026-01-02
횡단보도,2025-12-27,안전신문고,2026-01-12,2026-01-02
도로모퉁이,2025-12-31,안전신문고,2026-01-12,2026-01-02
소방시설 주변,2025-12-29,안전신문고,2026-02-02,2026-01-02
도로모퉁이,2025-12-31,안전신문고,2026-02-02,2026-01-02
도로모퉁이,2025-12-26,안전신문고,2026-02-02,2026-01-02
보도(인도)위,2025-12-26,안전신문고,2026-01-12,2026-01-02
보도(인도)위,2025-12-26,안전신문고,2026-01-12,2026-01-02
도로모퉁이,2025-12-29,안전신문고,2026-01-12,2026-01-02
도로모퉁이,2025-12-28,안전신문고,2026-02-02,2026-01-02
횡단보도,2025-12-31,안전신문고,2026-02-02,2026-01-02
도로모퉁이,2025-12-31,안전신문고,2026-02-02,2026-01-02
도로모퉁이,2025-12-31,안전신문고,2026-01-12,2026-01-02
도로모퉁이,2025-12-28,안전신문고,2026-01-12,2026-01-02
횡단보도,2025-12-27,안전신문고,2026-02-02,2026-01-02
버스정류장 주변,2025-12-26,안전신문고,2026-02-02,2026-01-02
보도(인도)위,2025-12-26,안전신문고,2026-01-12,2026-01-02
횡단보도,2025-12-31,안전신문고,2026-02-02,2026-01-02
횡단보도,2025-12-31,안전신문고,2026-01-12,2026-01-02
횡단보도,2025-12-28,안전신문고,2026-02-02,2026-01-02
보도(인도)위,2025-12-31,안전신문고,2026-02-02,2026-01-02
보도(인도)위,2025-12-26,안전신문고,2026-01-12,2026-01-02
교차로,2025-12-29,안전신문고,2026-02-02,2026-01-02
주정차 금지구역,2025-12-31,안전신문고,2026-02-02,2026-01-02
보도(인도)위,2025-12-31,안전신문고,2026-01-12,2026-01-02
소방시설 주변,2025-12-28,안전신문고,2026-01-12,2026-01-02
횡단보도,2025-12-26,안전신문고,2026-01-12,2026-01-02
횡단보도,2025-12-27,안전신문고,2026-01-12,2026-01-02
횡단보도,2025-12-31,안전신문고,2025-11-21,2026-01-02
보도(인도)위,2025-12-31,안전신문고,2026-01-12,2026-01-02
보도(인도)위,2025-12-28,안전신문고,2026-02-02,2026-01-02
보도(인도)위,2025-12-26,안전신문고,2026-01-12,2026-01-02
횡단보도,2025-12-29,안전신문고,2026-02-02,2026-01-02
보도(인도)위,2025-12-26,안전신문고,2026-01-12,2026-01-02
주정차 금지구역,2025-12-31,안전신문고,2026-01-12,2026-01-02
보도(인도)위,2025-12-26,안전신문고,2026-01-12,2026-01-02
보도(인도)위,2025-12-31,안전신문고,2026-01-12,2026-01-02
보도(인도)위,2025-12-26,안전신문고,2026-02-02,2026-01-02
횡단보도,2025-12-28,안전신문고,2026-01-29,2026-01-02
도로모퉁이,2025-12-26,안전신문고,2026-02-02,2026-01-02
도로모퉁이,2025-12-26,안전신문고,2026-01-12,2026-01-02
횡단보도,2025-12-26,안전신문고,2026-01-12,2026-01-02
횡단보도,2025-12-26,안전신문고,2026-02-02,2026-01-02
주정차 금지구역,2025-12-26,안전신문고,2026-01-12,2026-01-02
횡단보도,2025-12-26,안전신문고,2026-01-12,2026-01-02
횡단보도,2025-12-26,안전신문고,2026-02-02,2026-01-02
도로모퉁이,2025-12-31,안전신문고,2025-11-21,2026-01-02
주정차 금지구역,2025-12-31,안전신문고,2026-02-02,2026-01-02
횡단보도,2025-12-31,안전신문고,2026-01-12,2026-01-02
도로모퉁이,2025-12-31,안전신문고,2026-01-12,2026-01-02
도로모퉁이,2025-12-31,안전신문고,2026-02-02,2026-01-02
주정차 금지구역,2025-12-06,고정형CCTV,2026-01-13,2026-01-02
도로모퉁이,2025-12-08,안전신문고,2026-01-13,2026-01-02
도로모퉁이,2025-10-24,안전신문고,2026-01-15,2026-01-02
주정차 금지구역,2025-12-08,안전신문고,2026-01-14,2026-01-02
주정차 금지구역,2025-12-10,안전신문고,2026-02-02,2026-01-02
주정차 금지구역,2025-12-08,안전신문고,2026-02-02,2026-01-02
주정차 금지구역,2025-12-10,주행형CCTV,2026-01-15,2026-01-02
주정차 금지구역,2025-12-18,주행형CCTV,2026-02-02,2026-01-02
보도(인도)위,2025-11-26,안전신문고,2026-01-13,2026-01-02
횡단보도,2025-11-25,안전신문고,2026-01-13,2026-01-02
도로모퉁이,2025-11-25,안전신문고,2026-01-13,2026-01-02
보도(인도)위,2025-11-20,안전신문고,2026-02-02,2026-01-02
보도(인도)위,2025-11-25,안전신문고,2026-01-13,2026-01-02
도로모퉁이,2025-11-26,안전신문고,2026-02-02,2026-01-02
버스정류장 주변,2025-11-29,안전신문고,2026-02-02,2026-01-02
보도(인도)위,2025-11-30,안전신문고,2026-01-13,2026-01-02
횡단보도,2025-12-01,안전신문고,2026-01-13,2026-01-02
주정차 금지구역,2025-12-05,주행형CCTV,2026-01-27,2026-01-02
횡단보도,2025-11-30,안전신문고,2026-01-13,2026-01-02
횡단보도,2025-12-02,안전신문고,2026-01-13,2026-01-02
보도(인도)위,2025-12-02,안전신문고,2026-01-13,2026-01-02
주정차 금지구역,2025-12-03,안전신문고,2026-01-13,2026-01-02
보도(인도)위,2025-12-04,안전신문고,2026-01-13,2026-01-02
주정차 금지구역,2025-12-08,고정형CCTV,2026-01-13,2026-01-02
주정차 금지구역,2025-12-09,주행형CCTV,2026-02-02,2026-01-02
주정차 금지구역,2025-12-15,주행형CCTV,2026-02-02,2026-01-02
횡단보도,2025-12-09,안전신문고,2026-01-13,2026-01-02
주정차 금지구역,2025-12-09,안전신문고,2026-01-13,2026-01-02
횡단보도,2025-12-09,안전신문고,2026-01-13,2026-01-02
주정차 금지구역,2025-12-10,주행형CCTV,2026-01-13,2026-01-02
주정차 금지구역,2025-12-09,고정형CCTV,2026-01-13,2026-01-02
보도(인도)위,2025-11-13,안전신문고,2026-01-13,2026-01-02
횡단보도,2025-11-20,안전신문고,2026-01-13,2026-01-02
주정차 금지구역,2025-11-21,안전신문고,2026-01-13,2026-01-02
횡단보도,2025-11-21,안전신문고,2026-01-13,2026-01-02
도로모퉁이,2025-11-20,안전신문고,2026-01-13,2026-01-02
횡단보도,2025-11-24,안전신문고,2026-01-13,2026-01-02
보도(인도)위,2025-12-01,안전신문고,2026-02-02,2026-01-02
횡단보도,2025-11-21,안전신문고,2026-01-13,2026-01-02
횡단보도,2025-11-23,안전신문고,2026-02-02,2026-01-02
소방시설 주변,2025-11-27,안전신문고,2026-01-13,2026-01-02
횡단보도,2025-11-27,안전신문고,2026-02-02,2026-01-02
주정차 금지구역,2025-11-28,안전신문고,2026-02-02,2026-01-02
보도(인도)위,2025-12-02,안전신문고,2026-01-13,2026-01-02
횡단보도,2025-12-02,안전신문고,2026-02-02,2026-01-02
횡단보도,2025-12-02,안전신문고,2026-02-02,2026-01-02
횡단보도,2025-12-02,안전신문고,2026-01-13,2026-01-02
보도(인도)위,2025-12-04,안전신문고,2026-02-02,2026-01-02
보도(인도)위,2025-12-02,안전신문고,2026-02-02,2026-01-02
횡단보도,2025-12-03,안전신문고,2026-01-13,2026-01-02
보도(인도)위,2025-12-03,안전신문고,2026-01-13,2026-01-02
횡단보도,2025-12-04,안전신문고,2026-01-13,2026-01-02
횡단보도,2025-12-05,안전신문고,2026-01-13,2026-01-02
횡단보도,2025-12-06,안전신문고,2026-01-13,2026-01-02
횡단보도,2025-12-06,안전신문고,2026-02-02,2026-01-02
횡단보도,2025-12-06,안전신문고,2026-01-13,2026-01-02
도로모퉁이,2025-12-05,안전신문고,2026-02-02,2026-01-02
보도(인도)위,2025-12-06,안전신문고,2026-02-02,2026-01-02
횡단보도,2025-12-06,안전신문고,2026-01-13,2026-01-02
보도(인도)위,2025-12-08,안전신문고,2026-01-13,2026-01-02
주정차 금지구역,2025-12-08,안전신문고,2026-02-02,2026-01-02
소방시설 주변,2025-12-08,안전신문고,2026-02-02,2026-01-02
소방시설 주변,2025-12-09,안전신문고,2026-01-13,2026-01-02
주정차 금지구역,2025-12-09,고정형CCTV,2026-02-02,2026-01-02
횡단보도,2025-12-09,안전신문고,2026-01-13,2026-01-02
주정차 금지구역,2025-12-09,고정형CCTV,2026-02-02,2026-01-02
횡단보도,2025-12-04,안전신문고,2026-01-13,2026-01-02
버스정류장 주변,2025-12-06,안전신문고,2026-02-02,2026-01-02
버스정류장 주변,2025-12-08,안전신문고,2026-01-13,2026-01-02
도로모퉁이,2025-12-07,안전신문고,2026-01-13,2026-01-02
보도(인도)위,2025-12-08,안전신문고,2026-02-02,2026-01-02
보도(인도)위,2025-12-08,안전신문고,2026-01-13,2026-01-02
버스정류장 주변,2025-12-08,안전신문고,2026-02-02,2026-01-02
주정차 금지구역,2025-12-09,고정형CCTV,2026-01-13,2026-01-02
주정차 금지구역,2025-12-09,고정형CCTV,2026-02-02,2026-01-02
주정차 금지구역,2025-12-09,주행형CCTV,2026-02-02,2026-01-02
교차로,2025-12-06,안전신문고,2026-01-13,2026-01-02
횡단보도,2025-12-07,안전신문고,2026-01-13,2026-01-02
횡단보도,2025-12-10,안전신문고,2026-02-02,2026-01-02
횡단보도,2025-12-11,안전신문고,2026-01-13,2026-01-02
보도(인도)위,2025-12-11,안전신문고,2026-01-13,2026-01-02
어린이 보호구역,2025-12-12,고정형CCTV,2026-01-13,2026-01-02
주정차 금지구역,2025-12-12,고정형CCTV,2026-02-02,2026-01-02
주정차 금지구역,2025-12-10,주행형CCTV,2026-01-13,2026-01-02
도로모퉁이,2025-12-10,안전신문고,2026-02-02,2026-01-02
주정차 금지구역,2025-12-11,고정형CCTV,2026-01-13,2026-01-02
어린이 보호구역,2025-12-12,고정형CCTV,2026-02-02,2026-01-02
횡단보도,2025-12-01,안전신문고,2026-01-16,2026-01-02
주정차 금지구역,2025-12-09,고정형CCTV,2026-01-21,2026-01-02
주정차 금지구역,2025-12-10,고정형CCTV,2026-01-21,2026-01-02
주정차 금지구역,2025-12-10,주행형CCTV,2026-01-15,2026-01-02
주정차 금지구역,2025-12-12,고정형CCTV,2026-01-21,2026-01-02
주정차 금지구역,2025-12-14,고정형CCTV,2026-01-15,2026-01-02
주정차 금지구역,2025-12-14,고정형CCTV,2026-01-16,2026-01-02
주정차 금지구역,2025-12-16,고정형CCTV,2026-01-21,2026-01-02
주정차 금지구역,2025-12-16,고정형CCTV,2026-01-16,2026-01-02
횡단보도,2025-12-15,안전신문고,2026-01-15,2026-01-02
주정차 금지구역,2025-12-02,주행형CCTV,2026-01-19,2026-01-02
도로모퉁이,2025-12-02,안전신문고,2026-01-19,2026-01-02
횡단보도,2025-12-08,안전신문고,2026-01-19,2026-01-02
소방시설 주변,2025-12-08,안전신문고,2026-01-19,2026-01-02
주정차 금지구역,2025-12-04,주행형CCTV,2026-01-20,2026-01-02
주정차 금지구역,2025-07-02,고정형CCTV,2026-02-02,2026-01-02
주정차 금지구역,2025-12-18,주행형CCTV,2026-01-20,2026-01-02
주정차 금지구역,2025-12-18,주행형CCTV,2026-01-20,2026-01-02
주정차 금지구역,2025-12-20,고정형CCTV,2026-01-20,2026-01-02
주정차 금지구역,2025-12-21,고정형CCTV,2026-01-20,2026-01-02
주정차 금지구역,2025-12-24,고정형CCTV,2026-01-20,2026-01-02
주정차 금지구역,2025-12-24,고정형CCTV,2026-01-20,2026-01-02
주정차 금지구역,2025-12-26,주행형CCTV,2026-01-20,2026-01-02
주정차 금지구역,2025-12-26,고정형CCTV,2026-01-20,2026-01-02
주정차 금지구역,2025-12-28,고정형CCTV,2026-01-20,2026-01-02
주정차 금지구역,2025-12-28,고정형CCTV,2026-01-20,2026-01-02
주정차 금지구역,2025-12-24,주행형CCTV,2026-01-20,2026-01-02
주정차 금지구역,2025-12-24,주행형CCTV,2026-01-20,2026-01-02
주정차 금지구역,2025-12-29,주행형CCTV,2026-01-20,2026-01-02
주정차 금지구역,2025-12-30,주행형CCTV,2026-01-20,2026-01-02
주정차 금지구역,2025-12-04,고정형CCTV,2026-01-21,2026-01-02
주정차 금지구역,2025-12-16,주행형CCTV,2026-01-21,2026-01-02
횡단보도,2025-12-17,안전신문고,2026-01-21,2026-01-02
주정차 금지구역,2025-12-22,주행형CCTV,2026-01-22,2026-01-02
주정차 금지구역,2025-12-26,주행형CCTV,2026-01-21,2026-01-02
주정차 금지구역,2025-12-29,주행형CCTV,2026-01-21,2026-01-02
주정차 금지구역,2025-12-06,고정형CCTV,2026-01-26,2026-01-02
주정차 금지구역,2025-12-09,고정형CCTV,2026-01-26,2026-01-02
주정차 금지구역,2025-12-13,고정형CCTV,2026-01-23,2026-01-02
소방시설 주변,2025-12-13,안전신문고,2026-01-23,2026-01-02
주정차 금지구역,2025-12-26,고정형CCTV,2026-01-23,2026-01-02
주정차 금지구역,2025-12-26,주행형CCTV,2026-01-26,2026-01-02
주정차 금지구역,2025-01-01,고정형CCTV,2025-01-02,2026-01-02
주정차 금지구역,2025-01-01,고정형CCTV,2025-03-04,2026-01-02
주정차 금지구역,2025-01-01,고정형CCTV,2025-01-02,2026-01-02
주정차 금지구역,2025-01-01,고정형CCTV,2025-01-02,2026-01-02
주정차 금지구역,2025-01-01,고정형CCTV,2025-03-04,2026-01-02
주정차 금지구역,2025-01-01,고정형CCTV,2025-03-04,2026-01-02
주정차 금지구역,2025-01-01,고정형CCTV,2025-01-02,2026-01-02
주정차 금지구역,2025-01-01,고정형CCTV,2025-03-04,2026-01-02
주정차 금지구역,2025-01-01,고정형CCTV,2025-01-02,2026-01-02
주정차 금지구역,2025-01-01,고정형CCTV,2025-03-04,2026-01-02
주정차 금지구역,2025-01-01,고정형CCTV,2025-03-04,2026-01-02
주정차 금지구역,2025-01-01,고정형CCTV,2025-03-04,2026-01-02
주정차 금지구역,2025-01-01,고정형CCTV,2025-01-02,2026-01-02
주정차 금지구역,2025-01-01,고정형CCTV,2025-01-02,2026-01-02
주정차 금지구역,2025-01-01,고정형CCTV,2025-03-04,2026-01-02
주정차 금지구역,2025-01-01,고정형CCTV,2025-01-02,2026-01-02
주정차 금지구역,2025-01-01,고정형CCTV,2025-01-02,2026-01-02
주정차 금지구역,2025-01-01,고정형CCTV,2025-01-02,2026-01-02
주정차 금지구역,2025-01-01,고정형CCTV,2025-03-04,2026-01-02
주정차 금지구역,2025-01-01,고정형CCTV,2025-01-02,2026-01-02
주정차 금지구역,2025-01-01,고정형CCTV,2025-03-04,2026-01-02
주정차 금지구역,2025-01-01,고정형CCTV,2025-01-02,2026-01-02
주정차 금지구역,2025-01-01,고정형CCTV,2025-03-04,2026-01-02
주정차 금지구역,2025-01-01,고정형CCTV,2025-01-02,2026-01-02
주정차 금지구역,2025-01-01,고정형CCTV,2025-01-02,2026-01-02
주정차 금지구역,2025-01-01,고정형CCTV,2025-01-02,2026-01-02
주정차 금지구역,2025-01-01,고정형CCTV,2025-01-02,2026-01-02
주정차 금지구역,2025-01-01,고정형CCTV,2025-01-02,2026-01-02
주정차 금지구역,2025-01-01,고정형CCTV,2025-01-02,2026-01-02
주정차 금지구역,2025-01-01,고정형CCTV,2025-01-02,2026-01-02
주정차 금지구역,2025-01-01,고정형CCTV,2025-03-04,2026-01-02
주정차 금지구역,2025-01-01,고정형CCTV,2025-01-02,2026-01-02
주정차 금지구역,2025-01-01,고정형CCTV,2025-03-04,2026-01-02
주정차 금지구역,2025-01-01,고정형CCTV,2025-01-02,2026-01-02
주정차 금지구역,2025-01-01,고정형CCTV,2025-01-02,2026-01-02
주정차 금지구역,2025-01-01,고정형CCTV,2025-01-02,2026-01-02
주정차 금지구역,2025-01-01,고정형CCTV,2025-03-04,2026-01-02
주정차 금지구역,2025-01-01,고정형CCTV,2025-01-02,2026-01-02
주정차 금지구역,2025-01-01,고정형CCTV,2025-01-02,2026-01-02
주정차 금지구역,2025-01-01,고정형CCTV,2025-01-02,2026-01-02
주정차 금지구역,2025-01-01,고정형CCTV,2025-01-02,2026-01-02
주정차 금지구역,2025-01-01,고정형CCTV,2025-03-04,2026-01-02
주정차 금지구역,2025-01-01,고정형CCTV,2025-11-21,2026-01-02
주정차 금지구역,2025-01-01,고정형CCTV,2025-01-02,2026-01-02
주정차 금지구역,2025-01-01,고정형CCTV,2025-01-02,2026-01-02
주정차 금지구역,2025-01-01,고정형CCTV,2025-01-02,2026-01-02
주정차 금지구역,2025-01-01,고정형CCTV,2025-01-02,2026-01-02
주정차 금지구역,2025-01-01,고정형CCTV,2025-03-04,2026-01-02
주정차 금지구역,2025-01-01,고정형CCTV,2025-01-02,2026-01-02
주정차 금지구역,2025-01-01,고정형CCTV,2025-03-04,2026-01-02
주정차 금지구역,2025-01-01,고정형CCTV,2025-03-04,2026-01-02
주정차 금지구역,2025-01-01,고정형CCTV,2025-01-02,2026-01-02
주정차 금지구역,2025-01-01,고정형CCTV,2025-01-02,2026-01-02
주정차 금지구역,2025-01-01,고정형CCTV,2025-01-02,2026-01-02
주정차 금지구역,2025-01-01,고정형CCTV,2025-01-02,2026-01-02
주정차 금지구역,2025-01-01,고정형CCTV,2025-01-02,2026-01-02
주정차 금지구역,2025-01-01,고정형CCTV,2025-01-02,2026-01-02
주정차 금지구역,2025-01-01,고정형CCTV,2025-03-04,2026-01-02
주정차 금지구역,2025-01-01,고정형CCTV,2025-01-02,2026-01-02
주정차 금지구역,2025-01-01,고정형CCTV,2025-01-02,2026-01-02
주정차 금지구역,2025-01-01,고정형CCTV,2025-03-04,2026-01-02
주정차 금지구역,2025-01-01,고정형CCTV,2025-01-02,2026-01-02
주정차 금지구역,2025-01-01,고정형CCTV,2025-01-02,2026-01-02
주정차 금지구역,2025-01-01,고정형CCTV,2025-03-04,2026-01-02
주정차 금지구역,2025-01-01,고정형CCTV,2025-01-02,2026-01-02
주정차 금지구역,2025-01-01,고정형CCTV,2025-11-21,2026-01-02
주정차 금지구역,2025-01-01,고정형CCTV,2025-01-02,2026-01-02
주정차 금지구역,2025-01-01,고정형CCTV,2025-01-02,2026-01-02
주정차 금지구역,2025-01-01,고정형CCTV,2025-01-02,2026-01-02
주정차 금지구역,2025-01-01,고정형CCTV,2025-11-21,2026-01-02
주정차 금지구역,2025-01-01,고정형CCTV,2025-11-21,2026-01-02
주정차 금지구역,2025-01-01,고정형CCTV,2025-01-02,2026-01-02
주정차 금지구역,2025-01-01,고정형CCTV,2025-01-02,2026-01-02
주정차 금지구역,2025-01-01,고정형CCTV,2025-03-04,2026-01-02
주정차 금지구역,2025-01-01,고정형CCTV,2025-03-04,2026-01-02
주정차 금지구역,2025-01-01,고정형CCTV,2025-01-02,2026-01-02
주정차 금지구역,2025-01-01,고정형CCTV,2025-01-02,2026-01-02
주정차 금지구역,2025-01-01,고정형CCTV,2025-01-02,2026-01-02
주정차 금지구역,2025-01-01,고정형CCTV,2025-01-02,2026-01-02
주정차 금지구역,2025-01-01,고정형CCTV,2025-03-04,2026-01-02
주정차 금지구역,2025-01-01,고정형CCTV,2025-03-04,2026-01-02
주정차 금지구역,2025-01-01,고정형CCTV,2025-01-02,2026-01-02
주정차 금지구역,2025-01-01,고정형CCTV,2025-11-21,2026-01-02
주정차 금지구역,2025-01-01,고정형CCTV,2025-01-02,2026-01-02
주정차 금지구역,2025-01-01,고정형CCTV,2025-01-02,2026-01-02
주정차 금지구역,2025-01-01,고정형CCTV,2025-03-04,2026-01-02
주정차 금지구역,2025-01-01,고정형CCTV,2025-03-04,2026-01-02
주정차 금지구역,2025-01-01,고정형CCTV,2025-01-02,2026-01-02
주정차 금지구역,2025-01-01,고정형CCTV,2025-03-04,2026-01-02
주정차 금지구역,2025-01-01,고정형CCTV,2025-01-02,2026-01-02
주정차 금지구역,2025-01-01,고정형CCTV,2025-01-02,2026-01-02
주정차 금지구역,2025-01-01,고정형CCTV,2025-01-02,2026-01-02
주정차 금지구역,2025-01-01,고정형CCTV,2025-01-02,2026-01-02
주정차 금지구역,2025-01-01,고정형CCTV,2025-11-21,2026-01-02
주정차 금지구역,2025-01-01,고정형CCTV,2025-01-02,2026-01-02
주정차 금지구역,2025-01-01,고정형CCTV,2025-01-02,2026-01-02
주정차 금지구역,2025-01-01,고정형CCTV,2025-01-02,2026-01-02
주정차 금지구역,2025-01-01,고정형CCTV,2025-01-02,2026-01-02
주정차 금지구역,2025-01-01,고정형CCTV,2025-01-02,2026-01-02
주정차 금지구역,2025-01-01,고정형CCTV,2025-11-21,2026-01-02
주정차 금지구역,2025-01-01,고정형CCTV,2025-03-04,2026-01-02
주정차 금지구역,2025-01-01,고정형CCTV,2025-01-02,2026-01-02
주정차 금지구역,2025-01-01,고정형CCTV,2025-01-02,2026-01-02
보도(인도)위,2025-01-01,안전신문고,2025-01-10,2026-01-02
횡단보도,2025-01-01,안전신문고,2025-01-10,2026-01-02
보도(인도)위,2025-01-01,안전신문고,2025-03-04,2026-01-02
횡단보도,2025-01-01,안전신문고,2025-01-10,2026-01-02
횡단보도,2025-01-01,안전신문고,2025-03-04,2026-01-02
횡단보도,2025-01-01,안전신문고,2025-01-10,2026-01-02
도로모퉁이,2025-01-01,안전신문고,2025-01-10,2026-01-02
보도(인도)위,2025-01-01,안전신문고,2025-01-10,2026-01-02
보도(인도)위,2025-01-01,안전신문고,2025-03-04,2026-01-02
횡단보도,2025-01-01,안전신문고,2025-01-10,2026-01-02
횡단보도,2025-01-01,안전신문고,2025-03-04,2026-01-02
보도(인도)위,2025-01-01,안전신문고,2025-03-04,2026-01-02
횡단보도,2025-01-01,안전신문고,2025-03-04,2026-01-02
주정차 금지구역,2025-01-02,고정형CCTV,2025-03-04,2026-01-02
주정차 금지구역,2025-01-02,고정형CCTV,2025-03-04,2026-01-02
주정차 금지구역,2025-01-02,고정형CCTV,2025-03-04,2026-01-02
주정차 금지구역,2025-01-02,고정형CCTV,2025-03-04,2026-01-02
주정차 금지구역,2025-01-02,고정형CCTV,2025-01-03,2026-01-02
주정차 금지구역,2025-01-02,고정형CCTV,2025-03-04,2026-01-02
주정차 금지구역,2025-01-02,고정형CCTV,2025-01-03,2026-01-02
주정차 금지구역,2025-01-02,고정형CCTV,2025-03-04,2026-01-02
주정차 금지구역,2025-01-02,고정형CCTV,2025-01-03,2026-01-02
주정차 금지구역,2025-01-02,고정형CCTV,2025-01-03,2026-01-02
주정차 금지구역,2025-01-02,고정형CCTV,2025-01-03,2026-01-02
주정차 금지구역,2025-01-02,고정형CCTV,2025-03-04,2026-01-02
주정차 금지구역,2025-01-02,고정형CCTV,2025-01-03,2026-01-02
주정차 금지구역,2025-01-02,고정형CCTV,2025-01-03,2026-01-02
주정차 금지구역,2025-01-02,고정형CCTV,2025-01-03,2026-01-02
주정차 금지구역,2025-01-02,고정형CCTV,2025-03-04,2026-01-02
주정차 금지구역,2025-01-02,고정형CCTV,2025-01-03,2026-01-02
주정차 금지구역,2025-01-02,고정형CCTV,2025-01-03,2026-01-02
주정차 금지구역,2025-01-02,고정형CCTV,2025-03-04,2026-01-02
주정차 금지구역,2025-01-02,고정형CCTV,2025-01-03,2026-01-02
주정차 금지구역,2025-01-02,고정형CCTV,2025-01-03,2026-01-02
주정차 금지구역,2025-01-02,고정형CCTV,2025-01-03,2026-01-02
주정차 금지구역,2025-01-02,고정형CCTV,2025-01-03,2026-01-02
주정차 금지구역,2025-01-02,고정형CCTV,2025-01-03,2026-01-02
주정차 금지구역,2025-01-02,고정형CCTV,2025-11-21,2026-01-02
주정차 금지구역,2025-01-02,고정형CCTV,2025-03-04,2026-01-02
주정차 금지구역,2025-01-02,고정형CCTV,2025-03-04,2026-01-02
주정차 금지구역,2025-01-02,고정형CCTV,2025-01-03,2026-01-02
주정차 금지구역,2025-01-02,고정형CCTV,2025-01-03,2026-01-02
주정차 금지구역,2025-01-02,고정형CCTV,2025-01-03,2026-01-02
주정차 금지구역,2025-01-02,고정형CCTV,2025-11-21,2026-01-02
주정차 금지구역,2025-01-02,고정형CCTV,2025-01-03,2026-01-02
주정차 금지구역,2025-01-02,고정형CCTV,2025-01-03,2026-01-02
주정차 금지구역,2025-01-02,고정형CCTV,2025-11-21,2026-01-02
주정차 금지구역,2025-01-02,고정형CCTV,2025-03-04,2026-01-02
주정차 금지구역,2025-01-02,고정형CCTV,2025-01-03,2026-01-02
주정차 금지구역,2025-01-02,고정형CCTV,2025-03-04,2026-01-02
주정차 금지구역,2025-01-02,고정형CCTV,2025-03-04,2026-01-02
주정차 금지구역,2025-01-02,고정형CCTV,2025-01-03,2026-01-02
주정차 금지구역,2025-01-02,고정형CCTV,2025-01-03,2026-01-02
주정차 금지구역,2025-01-02,고정형CCTV,2025-01-03,2026-01-02
주정차 금지구역,2025-01-02,고정형CCTV,2025-03-04,2026-01-02
주정차 금지구역,2025-01-02,고정형CCTV,2025-01-03,2026-01-02
주정차 금지구역,2025-01-02,고정형CCTV,2025-01-03,2026-01-02
주정차 금지구역,2025-01-02,고정형CCTV,2025-03-04,2026-01-02
주정차 금지구역,2025-01-02,고정형CCTV,2025-03-04,2026-01-02
주정차 금지구역,2025-01-02,고정형CCTV,2025-01-03,2026-01-02
주정차 금지구역,2025-01-02,고정형CCTV,2025-01-03,2026-01-02
주정차 금지구역,2025-01-02,고정형CCTV,2025-01-03,2026-01-02
주정차 금지구역,2025-01-02,고정형CCTV,2025-01-03,2026-01-02
주정차 금지구역,2025-01-02,고정형CCTV,2025-03-04,2026-01-02
주정차 금지구역,2025-01-02,고정형CCTV,2025-03-04,2026-01-02
주정차 금지구역,2025-01-02,고정형CCTV,2025-01-03,2026-01-02
주정차 금지구역,2025-01-02,고정형CCTV,2025-01-03,2026-01-02
주정차 금지구역,2025-01-02,고정형CCTV,2025-03-04,2026-01-02
주정차 금지구역,2025-01-02,고정형CCTV,2025-03-04,2026-01-02
주정차 금지구역,2025-01-02,고정형CCTV,2025-03-04,2026-01-02
주정차 금지구역,2025-01-02,고정형CCTV,2025-03-04,2026-01-02
주정차 금지구역,2025-01-02,고정형CCTV,2025-01-03,2026-01-02
주정차 금지구역,2025-01-02,고정형CCTV,2025-03-04,2026-01-02
주정차 금지구역,2025-01-02,고정형CCTV,2025-03-04,2026-01-02
주정차 금지구역,2025-01-02,고정형CCTV,2025-03-04,2026-01-02
주정차 금지구역,2025-01-02,고정형CCTV,2025-01-03,2026-01-02
주정차 금지구역,2025-01-02,고정형CCTV,2025-01-03,2026-01-02
주정차 금지구역,2025-01-02,고정형CCTV,2025-01-03,2026-01-02
주정차 금지구역,2025-01-02,고정형CCTV,2025-01-03,2026-01-02
주정차 금지구역,2025-01-02,고정형CCTV,2025-03-04,2026-01-02
주정차 금지구역,2025-01-02,고정형CCTV,2025-01-03,2026-01-02
주정차 금지구역,2025-01-02,고정형CCTV,2025-03-04,2026-01-02
주정차 금지구역,2025-01-02,고정형CCTV,2025-01-03,2026-01-02
주정차 금지구역,2025-01-02,고정형CCTV,2025-01-03,2026-01-02
주정차 금지구역,2025-01-02,고정형CCTV,2025-03-04,2026-01-02
주정차 금지구역,2025-01-02,고정형CCTV,2025-01-03,2026-01-02
주정차 금지구역,2025-01-02,고정형CCTV,2025-01-03,2026-01-02
주정차 금지구역,2025-01-02,고정형CCTV,2025-03-04,2026-01-02
주정차 금지구역,2025-01-02,고정형CCTV,2025-01-03,2026-01-02
주정차 금지구역,2025-01-02,고정형CCTV,2025-01-03,2026-01-02
주정차 금지구역,2025-01-02,고정형CCTV,2025-01-03,2026-01-02
주정차 금지구역,2025-01-02,고정형CCTV,2025-03-04,2026-01-02
주정차 금지구역,2025-01-02,고정형CCTV,2025-01-03,2026-01-02
주정차 금지구역,2025-01-02,고정형CCTV,2025-03-04,2026-01-02
주정차 금지구역,2025-01-02,고정형CCTV,2025-01-03,2026-01-02
주정차 금지구역,2025-01-02,고정형CCTV,2025-01-03,2026-01-02
주정차 금지구역,2025-01-02,고정형CCTV,2025-01-03,2026-01-02
주정차 금지구역,2025-01-02,고정형CCTV,2025-01-03,2026-01-02
주정차 금지구역,2025-01-02,고정형CCTV,2025-01-03,2026-01-02
주정차 금지구역,2025-01-02,고정형CCTV,2025-01-03,2026-01-02
주정차 금지구역,2025-01-02,고정형CCTV,2025-01-03,2026-01-02
주정차 금지구역,2025-01-02,고정형CCTV,2025-01-03,2026-01-02
주정차 금지구역,2025-01-02,고정형CCTV,2025-03-04,2026-01-02
주정차 금지구역,2025-01-02,고정형CCTV,2025-03-04,2026-01-02
주정차 금지구역,2025-01-02,고정형CCTV,2025-01-03,2026-01-02
주정차 금지구역,2025-01-02,고정형CCTV,2025-01-03,2026-01-02
주정차 금지구역,2025-01-02,고정형CCTV,2025-01-03,2026-01-02
주정차 금지구역,2025-01-02,고정형CCTV,2025-01-03,2026-01-02
주정차 금지구역,2025-01-02,고정형CCTV,2025-01-03,2026-01-02
주정차 금지구역,2025-01-02,고정형CCTV,2025-11-21,2026-01-02
주정차 금지구역,2025-01-02,고정형CCTV,2025-01-03,2026-01-02
주정차 금지구역,2025-01-02,고정형CCTV,2025-11-21,2026-01-02
주정차 금지구역,2025-01-02,고정형CCTV,2025-01-03,2026-01-02
주정차 금지구역,2025-01-02,고정형CCTV,2025-03-04,2026-01-02
주정차 금지구역,2025-01-02,고정형CCTV,2025-03-04,2026-01-02
주정차 금지구역,2025-01-02,고정형CCTV,2025-03-04,2026-01-02
주정차 금지구역,2025-01-02,고정형CCTV,2025-01-03,2026-01-02
주정차 금지구역,2025-01-02,고정형CCTV,2025-11-21,2026-01-02
주정차 금지구역,2025-01-02,고정형CCTV,2025-03-04,2026-01-02
주정차 금지구역,2025-01-02,고정형CCTV,2025-03-04,2026-01-02
주정차 금지구역,2025-01-02,고정형CCTV,2025-01-03,2026-01-02
주정차 금지구역,2025-01-02,고정형CCTV,2025-03-04,2026-01-02
주정차 금지구역,2025-01-02,고정형CCTV,2025-03-04,2026-01-02
주정차 금지구역,2025-01-02,고정형CCTV,2025-01-03,2026-01-02
주정차 금지구역,2025-01-02,고정형CCTV,2025-03-04,2026-01-02
주정차 금지구역,2025-01-02,고정형CCTV,2025-03-04,2026-01-02
주정차 금지구역,2025-01-02,고정형CCTV,2025-01-03,2026-01-02
주정차 금지구역,2025-01-02,고정형CCTV,2025-01-03,2026-01-02
주정차 금지구역,2025-01-02,고정형CCTV,2025-01-03,2026-01-02
주정차 금지구역,2025-01-02,고정형CCTV,2025-01-03,2026-01-02
주정차 금지구역,2025-01-02,고정형CCTV,2025-01-03,2026-01-02
주정차 금지구역,2025-01-02,고정형CCTV,2025-01-03,2026-01-02
주정차 금지구역,2025-01-02,고정형CCTV,2025-01-03,2026-01-02
횡단보도,2025-01-01,안전신문고,2025-03-04,2026-01-02
도로모퉁이,2025-01-01,안전신문고,2025-11-21,2026-01-02
도로모퉁이,2025-01-01,안전신문고,2025-03-04,2026-01-02
소방시설 주변,2025-01-01,안전신문고,2025-01-10,2026-01-02
횡단보도,2025-01-01,안전신문고,2025-03-04,2026-01-02
버스정류장 주변,2025-01-01,안전신문고,2025-01-10,2026-01-02
횡단보도,2025-01-01,안전신문고,2025-03-04,2026-01-02
도로모퉁이,2025-01-01,안전신문고,2025-11-21,2026-01-02
보도(인도)위,2025-01-01,안전신문고,2025-03-04,2026-01-02
횡단보도,2025-01-01,안전신문고,2025-03-04,2026-01-02
버스정류장 주변,2025-01-01,안전신문고,2025-01-10,2026-01-02
보도(인도)위,2025-01-01,안전신문고,2025-01-10,2026-01-02
횡단보도,2025-01-01,안전신문고,2025-03-04,2026-01-02
보도(인도)위,2025-01-01,안전신문고,2025-03-04,2026-01-02
주정차 금지구역,2025-01-02,주행형CCTV,2025-03-04,2026-01-02
주정차 금지구역,2025-01-02,주행형CCTV,2025-01-03,2026-01-02
주정차 금지구역,2025-01-02,주행형CCTV,2025-01-03,2026-01-02
주정차 금지구역,2025-01-02,주행형CCTV,2025-03-04,2026-01-02
주정차 금지구역,2025-01-02,주행형CCTV,2025-03-04,2026-01-02
주정차 금지구역,2025-01-02,주행형CCTV,2025-01-03,2026-01-02
주정차 금지구역,2025-01-02,주행형CCTV,2025-01-03,2026-01-02
주정차 금지구역,2025-01-02,주행형CCTV,2025-01-03,2026-01-02
주정차 금지구역,2025-01-02,주행형CCTV,2025-03-04,2026-01-02
주정차 금지구역,2025-01-02,주행형CCTV,2025-01-03,2026-01-02
주정차 금지구역,2025-01-02,주행형CCTV,2025-01-03,2026-01-02
주정차 금지구역,2025-01-02,주행형CCTV,2025-03-04,2026-01-02
주정차 금지구역,2025-01-02,주행형CCTV,2025-11-21,2026-01-02
주정차 금지구역,2025-01-02,주행형CCTV,2025-11-21,2026-01-02
주정차 금지구역,2025-01-02,주행형CCTV,2025-01-03,2026-01-02
주정차 금지구역,2025-01-02,주행형CCTV,2025-03-04,2026-01-02
주정차 금지구역,2025-01-02,주행형CCTV,2025-03-04,2026-01-02
주정차 금지구역,2025-01-02,주행형CCTV,2025-01-03,2026-01-02
주정차 금지구역,2025-01-02,주행형CCTV,2025-01-03,2026-01-02
주정차 금지구역,2025-01-02,주행형CCTV,2025-01-03,2026-01-02
주정차 금지구역,2025-01-02,주행형CCTV,2025-01-03,2026-01-02
주정차 금지구역,2025-01-02,주행형CCTV,2025-01-03,2026-01-02
주정차 금지구역,2025-01-02,주행형CCTV,2025-01-03,2026-01-02
주정차 금지구역,2025-01-02,주행형CCTV,2025-01-03,2026-01-02
주정차 금지구역,2025-01-02,주행형CCTV,2025-01-03,2026-01-02
주정차 금지구역,2025-01-02,주행형CCTV,2025-01-03,2026-01-02
주정차 금지구역,2025-01-02,주행형CCTV,2025-01-03,2026-01-02
주정차 금지구역,2025-01-02,주행형CCTV,2025-03-04,2026-01-02
주정차 금지구역,2025-01-02,주행형CCTV,2025-01-03,2026-01-02
주정차 금지구역,2025-01-02,주행형CCTV,2025-03-04,2026-01-02
주정차 금지구역,2025-01-02,주행형CCTV,2025-01-03,2026-01-02
주정차 금지구역,2025-01-02,주행형CCTV,2025-03-04,2026-01-02
주정차 금지구역,2025-01-02,주행형CCTV,2025-03-04,2026-01-02
주정차 금지구역,2025-01-02,주행형CCTV,2025-03-04,2026-01-02
주정차 금지구역,2025-01-02,주행형CCTV,2025-01-03,2026-01-02
주정차 금지구역,2025-01-02,주행형CCTV,2025-03-04,2026-01-02
주정차 금지구역,2025-01-02,주행형CCTV,2025-01-03,2026-01-02
주정차 금지구역,2025-01-02,주행형CCTV,2025-03-04,2026-01-02
주정차 금지구역,2025-01-02,주행형CCTV,2025-03-04,2026-01-02
주정차 금지구역,2025-01-02,주행형CCTV,2025-01-03,2026-01-02
주정차 금지구역,2025-01-02,주행형CCTV,2025-01-03,2026-01-02
주정차 금지구역,2025-01-02,주행형CCTV,2025-01-03,2026-01-02
주정차 금지구역,2025-01-02,주행형CCTV,2025-01-03,2026-01-02
주정차 금지구역,2025-01-02,주행형CCTV,2025-01-03,2026-01-02
주정차 금지구역,2025-01-02,주행형CCTV,2025-01-03,2026-01-02
주정차 금지구역,2025-01-02,주행형CCTV,2025-03-04,2026-01-02
주정차 금지구역,2025-01-02,주행형CCTV,2025-01-03,2026-01-02
주정차 금지구역,2025-01-02,주행형CCTV,2025-03-04,2026-01-02
주정차 금지구역,2025-01-02,주행형CCTV,2025-01-03,2026-01-02
주정차 금지구역,2025-01-02,주행형CCTV,2025-03-04,2026-01-02
주정차 금지구역,2025-01-02,주행형CCTV,2025-03-04,2026-01-02
주정차 금지구역,2025-01-02,주행형CCTV,2025-01-03,2026-01-02
주정차 금지구역,2025-01-02,주행형CCTV,2025-01-03,2026-01-02
주정차 금지구역,2025-01-02,주행형CCTV,2025-01-03,2026-01-02
주정차 금지구역,2025-01-02,주행형CCTV,2025-01-03,2026-01-02
주정차 금지구역,2025-01-02,주행형CCTV,2025-03-04,2026-01-02
주정차 금지구역,2025-01-02,주행형CCTV,2025-03-04,2026-01-02
주정차 금지구역,2025-01-02,주행형CCTV,2025-01-03,2026-01-02
주정차 금지구역,2025-01-02,주행형CCTV,2025-01-03,2026-01-02
주정차 금지구역,2025-01-02,주행형CCTV,2025-01-03,2026-01-02
주정차 금지구역,2025-01-02,주행형CCTV,2025-01-03,2026-01-02
주정차 금지구역,2025-01-02,주행형CCTV,2025-01-03,2026-01-02
주정차 금지구역,2025-01-02,주행형CCTV,2025-01-03,2026-01-02
주정차 금지구역,2025-01-02,주행형CCTV,2025-01-03,2026-01-02
주정차 금지구역,2025-01-02,주행형CCTV,2025-11-21,2026-01-02
주정차 금지구역,2025-01-02,주행형CCTV,2025-01-03,2026-01-02
주정차 금지구역,2025-01-02,주행형CCTV,2025-01-03,2026-01-02
주정차 금지구역,2025-01-02,주행형CCTV,2025-01-03,2026-01-02
주정차 금지구역,2025-01-02,주행형CCTV,2025-01-03,2026-01-02
주정차 금지구역,2025-01-02,주행형CCTV,2025-01-03,2026-01-02
주정차 금지구역,2025-01-02,주행형CCTV,2025-01-03,2026-01-02
주정차 금지구역,2025-01-02,주행형CCTV,2025-11-21,2026-01-02
주정차 금지구역,2025-01-02,주행형CCTV,2025-01-03,2026-01-02
주정차 금지구역,2025-01-02,주행형CCTV,2025-01-03,2026-01-02
주정차 금지구역,2025-01-02,주행형CCTV,2025-01-03,2026-01-02
주정차 금지구역,2025-01-02,주행형CCTV,2025-01-03,2026-01-02
주정차 금지구역,2025-01-02,주행형CCTV,2025-03-04,2026-01-02
주정차 금지구역,2025-01-02,주행형CCTV,2025-03-04,2026-01-02
주정차 금지구역,2025-01-02,주행형CCTV,2025-01-03,2026-01-02
주정차 금지구역,2025-01-02,주행형CCTV,2025-01-03,2026-01-02
주정차 금지구역,2025-01-02,주행형CCTV,2025-01-03,2026-01-02
주정차 금지구역,2025-01-02,주행형CCTV,2025-03-04,2026-01-02
주정차 금지구역,2025-01-02,주행형CCTV,2025-01-03,2026-01-02
주정차 금지구역,2025-01-02,주행형CCTV,2025-01-03,2026-01-02
주정차 금지구역,2025-01-02,주행형CCTV,2025-01-03,2026-01-02
주정차 금지구역,2025-01-02,주행형CCTV,2025-03-04,2026-01-02
주정차 금지구역,2025-01-02,주행형CCTV,2025-01-03,2026-01-02
주정차 금지구역,2025-01-02,주행형CCTV,2025-03-04,2026-01-02
주정차 금지구역,2025-01-02,주행형CCTV,2025-01-03,2026-01-02
주정차 금지구역,2025-01-02,주행형CCTV,2025-01-03,2026-01-02
주정차 금지구역,2025-01-02,주행형CCTV,2025-01-03,2026-01-02
주정차 금지구역,2025-01-02,주행형CCTV,2025-03-04,2026-01-02
주정차 금지구역,2025-01-02,주행형CCTV,2025-01-03,2026-01-02
주정차 금지구역,2025-01-02,주행형CCTV,2025-03-04,2026-01-02
주정차 금지구역,2025-01-02,주행형CCTV,2025-01-03,2026-01-02
주정차 금지구역,2025-01-02,주행형CCTV,2025-01-03,2026-01-02
주정차 금지구역,2025-01-02,주행형CCTV,2025-01-03,2026-01-02
주정차 금지구역,2025-01-02,주행형CCTV,2025-01-03,2026-01-02
주정차 금지구역,2025-01-02,주행형CCTV,2025-01-03,2026-01-02
주정차 금지구역,2025-01-02,주행형CCTV,2025-03-04,2026-01-02
주정차 금지구역,2025-01-02,주행형CCTV,2025-01-03,2026-01-02
주정차 금지구역,2025-01-02,주행형CCTV,2025-01-03,2026-01-02
주정차 금지구역,2025-01-02,주행형CCTV,2025-01-03,2026-01-02
주정차 금지구역,2025-01-02,주행형CCTV,2025-03-04,2026-01-02
주정차 금지구역,2025-01-02,주행형CCTV,2025-03-04,2026-01-02
주정차 금지구역,2025-01-02,주행형CCTV,2025-01-03,2026-01-02
주정차 금지구역,2025-01-02,주행형CCTV,2025-03-04,2026-01-02
주정차 금지구역,2025-01-02,주행형CCTV,2025-03-04,2026-01-02
주정차 금지구역,2025-01-02,주행형CCTV,2025-01-03,2026-01-02
주정차 금지구역,2025-01-02,주행형CCTV,2025-01-03,2026-01-02
주정차 금지구역,2025-01-02,주행형CCTV,2025-01-03,2026-01-02
주정차 금지구역,2025-01-02,주행형CCTV,2025-01-03,2026-01-02
주정차 금지구역,2025-01-02,주행형CCTV,2025-01-03,2026-01-02
주정차 금지구역,2025-01-02,주행형CCTV,2025-01-03,2026-01-02
주정차 금지구역,2025-01-02,주행형CCTV,2025-03-04,2026-01-02
주정차 금지구역,2025-01-02,주행형CCTV,2025-03-04,2026-01-02
주정차 금지구역,2025-01-02,주행형CCTV,2025-03-04,2026-01-02
주정차 금지구역,2025-01-02,주행형CCTV,2025-01-03,2026-01-02
주정차 금지구역,2025-01-02,주행형CCTV,2025-01-03,2026-01-02
주정차 금지구역,2025-01-02,주행형CCTV,2025-01-03,2026-01-02
주정차 금지구역,2025-01-02,주행형CCTV,2025-01-03,2026-01-02
주정차 금지구역,2025-01-02,주행형CCTV,2025-03-04,2026-01-02
주정차 금지구역,2025-01-02,주행형CCTV,2025-01-03,2026-01-02
주정차 금지구역,2025-01-02,주행형CCTV,2025-03-04,2026-01-02
주정차 금지구역,2025-01-02,주행형CCTV,2025-03-04,2026-01-02
주정차 금지구역,2025-01-02,주행형CCTV,2025-01-03,2026-01-02
주정차 금지구역,2025-01-02,주행형CCTV,2025-03-04,2026-01-02
주정차 금지구역,2025-01-02,주행형CCTV,2025-03-04,2026-01-02
주정차 금지구역,2025-01-02,주행형CCTV,2025-01-03,2026-01-02
주정차 금지구역,2025-01-02,주행형CCTV,2025-01-03,2026-01-02
주정차 금지구역,2025-01-02,주행형CCTV,2025-01-03,2026-01-02
주정차 금지구역,2025-01-02,주행형CCTV,2025-01-03,2026-01-02
주정차 금지구역,2025-01-02,주행형CCTV,2025-03-04,2026-01-02
주정차 금지구역,2025-01-02,주행형CCTV,2025-01-03,2026-01-02
주정차 금지구역,2025-01-02,주행형CCTV,2025-01-03,2026-01-02
주정차 금지구역,2025-01-02,주행형CCTV,2025-01-03,2026-01-02
주정차 금지구역,2025-01-02,주행형CCTV,2025-01-03,2026-01-02
주정차 금지구역,2025-01-02,주행형CCTV,2025-01-03,2026-01-02
주정차 금지구역,2025-01-02,주행형CCTV,2025-01-03,2026-01-02
주정차 금지구역,2025-01-02,주행형CCTV,2025-01-03,2026-01-02
주정차 금지구역,2025-01-02,주행형CCTV,2025-01-03,2026-01-02
주정차 금지구역,2025-01-02,주행형CCTV,2025-03-04,2026-01-02
주정차 금지구역,2025-01-02,주행형CCTV,2025-01-03,2026-01-02
주정차 금지구역,2025-01-02,주행형CCTV,2025-01-03,2026-01-02
주정차 금지구역,2025-01-02,주행형CCTV,2025-01-03,2026-01-02
주정차 금지구역,2025-01-02,주행형CCTV,2025-01-03,2026-01-02
주정차 금지구역,2025-01-02,주행형CCTV,2025-03-04,2026-01-02
주정차 금지구역,2025-01-02,주행형CCTV,2025-01-03,2026-01-02
주정차 금지구역,2025-01-02,주행형CCTV,2025-01-03,2026-01-02
주정차 금지구역,2025-01-02,주행형CCTV,2025-03-04,2026-01-02
주정차 금지구역,2025-01-02,주행형CCTV,2025-01-03,2026-01-02
주정차 금지구역,2025-01-02,주행형CCTV,2025-01-03,2026-01-02
주정차 금지구역,2025-01-02,주행형CCTV,2025-11-21,2026-01-02
주정차 금지구역,2025-01-02,주행형CCTV,2025-01-03,2026-01-02
주정차 금지구역,2025-01-02,주행형CCTV,2025-01-03,2026-01-02
주정차 금지구역,2025-01-02,주행형CCTV,2025-03-04,2026-01-02
주정차 금지구역,2025-01-02,주행형CCTV,2025-03-04,2026-01-02
보도(인도)위,2025-01-01,안전신문고,2025-01-10,2026-01-02
보도(인도)위,2025-01-01,안전신문고,2025-01-10,2026-01-02
횡단보도,2025-01-01,안전신문고,2025-03-04,2026-01-02
횡단보도,2025-01-01,안전신문고,2025-03-04,2026-01-02
횡단보도,2025-01-01,안전신문고,2025-01-10,2026-01-02
버스정류장 주변,2025-01-01,안전신문고,2025-01-10,2026-01-02
버스정류장 주변,2025-01-01,안전신문고,2025-01-10,2026-01-02
도로모퉁이,2025-01-01,안전신문고,2025-03-04,2026-01-02
소방시설 주변,2025-01-01,안전신문고,2025-11-21,2026-01-02
버스정류장 주변,2025-01-01,안전신문고,2025-01-10,2026-01-02
도로모퉁이,2025-01-01,안전신문고,2025-03-04,2026-01-02
보도(인도)위,2025-01-01,안전신문고,2025-01-10,2026-01-02
횡단보도,2025-01-01,안전신문고,2025-01-10,2026-01-02
도로모퉁이,2025-01-01,안전신문고,2025-01-10,2026-01-02
보도(인도)위,2025-01-01,안전신문고,2025-03-04,2026-01-02
횡단보도,2025-01-01,안전신문고,2025-03-04,2026-01-02
소방시설 주변,2025-01-01,안전신문고,2025-03-04,2026-01-02
보도(인도)위,2025-01-01,안전신문고,2025-03-04,2026-01-02
보도(인도)위,2025-01-01,안전신문고,2025-03-04,2026-01-02
도로모퉁이,2025-01-01,안전신문고,2025-01-10,2026-01-02
횡단보도,2025-01-01,안전신문고,2025-03-04,2026-01-02
보도(인도)위,2025-01-01,안전신문고,2025-01-10,2026-01-02
소방시설 주변,2025-01-01,안전신문고,2025-03-04,2026-01-02
횡단보도,2025-01-01,안전신문고,2025-01-10,2026-01-02
보도(인도)위,2025-01-01,안전신문고,2025-01-10,2026-01-02
보도(인도)위,2025-01-01,안전신문고,2025-11-21,2026-01-02
소방시설 주변,2025-01-01,안전신문고,2025-01-10,2026-01-02
소방시설 주변,2025-01-01,안전신문고,2025-03-04,2026-01-02
보도(인도)위,2025-01-01,안전신문고,2025-01-10,2026-01-02
보도(인도)위,2025-01-01,안전신문고,2025-03-04,2026-01-02
횡단보도,2025-01-01,안전신문고,2025-01-10,2026-01-02
도로모퉁이,2025-01-01,안전신문고,2025-03-04,2026-01-02
도로모퉁이,2025-01-01,안전신문고,2025-01-10,2026-01-02
소방시설 주변,2025-01-01,안전신문고,2025-01-10,2026-01-02
도로모퉁이,2025-01-01,안전신문고,2025-01-10,2026-01-02
도로모퉁이,2025-01-01,안전신문고,2025-01-10,2026-01-02
횡단보도,2025-01-01,안전신문고,2025-03-04,2026-01-02
횡단보도,2025-01-01,안전신문고,2025-03-04,2026-01-02
소방시설 주변,2025-01-01,안전신문고,2025-03-04,2026-01-02
횡단보도,2025-01-01,안전신문고,2025-01-10,2026-01-02
소방시설 주변,2025-01-01,안전신문고,2025-03-04,2026-01-02
주정차 금지구역,2025-01-03,안전신문고,2025-03-04,2026-01-02
보도(인도)위,2025-01-01,안전신문고,2025-01-10,2026-01-02
도로모퉁이,2025-01-01,안전신문고,2025-01-10,2026-01-02
도로모퉁이,2025-01-01,안전신문고,2025-01-10,2026-01-02
도로모퉁이,2025-01-01,안전신문고,2025-01-10,2026-01-02
도로모퉁이,2025-01-01,안전신문고,2025-03-04,2026-01-02
도로모퉁이,2025-01-01,안전신문고,2025-03-04,2026-01-02
도로모퉁이,2025-01-01,안전신문고,2025-01-10,2026-01-02
보도(인도)위,2025-01-01,안전신문고,2025-01-10,2026-01-02
주정차 금지구역,2025-01-03,안전신문고,2025-01-10,2026-01-02
도로모퉁이,2025-01-01,안전신문고,2025-01-10,2026-01-02
도로모퉁이,2025-01-01,안전신문고,2025-03-04,2026-01-02
보도(인도)위,2025-01-03,안전신문고,2025-01-10,2026-01-02
소방시설 주변,2025-01-01,안전신문고,2025-01-10,2026-01-02
보도(인도)위,2025-01-02,안전신문고,2025-01-10,2026-01-02
횡단보도,2025-01-01,안전신문고,2025-01-10,2026-01-02
주정차 금지구역,2025-01-03,안전신문고,2025-01-10,2026-01-02
횡단보도,2025-01-03,안전신문고,2025-01-10,2026-01-02
소방시설 주변,2025-01-04,안전신문고,2025-03-04,2026-01-02
주정차 금지구역,2025-01-03,주행형CCTV,2025-01-06,2026-01-02
주정차 금지구역,2025-01-03,주행형CCTV,2025-03-04,2026-01-02
주정차 금지구역,2025-01-03,주행형CCTV,2025-01-06,2026-01-02
주정차 금지구역,2025-01-03,주행형CCTV,2025-01-06,2026-01-02
주정차 금지구역,2025-01-03,주행형CCTV,2025-01-06,2026-01-02
주정차 금지구역,2025-01-03,주행형CCTV,2025-11-21,2026-01-02
주정차 금지구역,2025-01-03,주행형CCTV,2025-01-06,2026-01-02
주정차 금지구역,2025-01-03,주행형CCTV,2025-01-06,2026-01-02
주정차 금지구역,2025-01-03,주행형CCTV,2025-01-06,2026-01-02
주정차 금지구역,2025-01-03,주행형CCTV,2025-01-06,2026-01-02
주정차 금지구역,2025-01-03,주행형CCTV,2025-01-06,2026-01-02
주정차 금지구역,2025-01-03,주행형CCTV,2025-01-06,2026-01-02
주정차 금지구역,2025-01-03,주행형CCTV,2025-11-21,2026-01-02
주정차 금지구역,2025-01-03,주행형CCTV,2025-01-06,2026-01-02
주정차 금지구역,2025-01-03,주행형CCTV,2025-03-04,2026-01-02
주정차 금지구역,2025-01-03,주행형CCTV,2025-01-06,2026-01-02
주정차 금지구역,2025-01-03,주행형CCTV,2025-01-06,2026-01-02
주정차 금지구역,2025-01-03,주행형CCTV,2025-01-06,2026-01-02
주정차 금지구역,2025-01-03,주행형CCTV,2025-11-21,2026-01-02
주정차 금지구역,2025-01-03,주행형CCTV,2025-01-06,2026-01-02
주정차 금지구역,2025-01-03,주행형CCTV,2025-01-06,2026-01-02
주정차 금지구역,2025-01-03,주행형CCTV,2025-11-21,2026-01-02
주정차 금지구역,2025-01-03,주행형CCTV,2025-03-04,2026-01-02
주정차 금지구역,2025-01-03,주행형CCTV,2025-03-04,2026-01-02
주정차 금지구역,2025-01-03,주행형CCTV,2025-01-06,2026-01-02
주정차 금지구역,2025-01-03,주행형CCTV,2025-01-06,2026-01-02
주정차 금지구역,2025-01-03,주행형CCTV,2025-03-04,2026-01-02
주정차 금지구역,2025-01-03,주행형CCTV,2025-01-06,2026-01-02
주정차 금지구역,2025-01-03,주행형CCTV,2025-03-04,2026-01-02
주정차 금지구역,2025-01-03,주행형CCTV,2025-01-06,2026-01-02
주정차 금지구역,2025-01-03,주행형CCTV,2025-03-04,2026-01-02
주정차 금지구역,2025-01-03,주행형CCTV,2025-01-06,2026-01-02
주정차 금지구역,2025-01-03,주행형CCTV,2025-03-04,2026-01-02
주정차 금지구역,2025-01-03,주행형CCTV,2025-01-06,2026-01-02
주정차 금지구역,2025-01-03,주행형CCTV,2025-03-04,2026-01-02
주정차 금지구역,2025-01-03,주행형CCTV,2025-01-06,2026-01-02
주정차 금지구역,2025-01-03,주행형CCTV,2025-11-21,2026-01-02
주정차 금지구역,2025-01-03,주행형CCTV,2025-11-21,2026-01-02
주정차 금지구역,2025-01-03,주행형CCTV,2025-01-06,2026-01-02
주정차 금지구역,2025-01-03,주행형CCTV,2025-11-21,2026-01-02
주정차 금지구역,2025-01-03,주행형CCTV,2025-11-21,2026-01-02
주정차 금지구역,2025-01-03,주행형CCTV,2025-03-04,2026-01-02
주정차 금지구역,2025-01-03,주행형CCTV,2025-01-06,2026-01-02
주정차 금지구역,2025-01-03,주행형CCTV,2025-01-06,2026-01-02
주정차 금지구역,2025-01-03,주행형CCTV,2025-01-06,2026-01-02
주정차 금지구역,2025-01-03,주행형CCTV,2025-03-04,2026-01-02
주정차 금지구역,2025-01-03,주행형CCTV,2025-01-06,2026-01-02
주정차 금지구역,2025-01-03,주행형CCTV,2025-01-06,2026-01-02
주정차 금지구역,2025-01-03,주행형CCTV,2025-01-06,2026-01-02
주정차 금지구역,2025-01-03,주행형CCTV,2025-11-21,2026-01-02
주정차 금지구역,2025-01-03,주행형CCTV,2025-01-06,2026-01-02
주정차 금지구역,2025-01-03,주행형CCTV,2025-03-04,2026-01-02
주정차 금지구역,2025-01-03,주행형CCTV,2025-01-06,2026-01-02
주정차 금지구역,2025-01-03,주행형CCTV,2025-01-06,2026-01-02
주정차 금지구역,2025-01-03,주행형CCTV,2025-01-06,2026-01-02
주정차 금지구역,2025-01-03,주행형CCTV,2025-01-06,2026-01-02
주정차 금지구역,2025-01-03,주행형CCTV,2025-03-04,2026-01-02
주정차 금지구역,2025-01-03,주행형CCTV,2025-03-04,2026-01-02
주정차 금지구역,2025-01-03,주행형CCTV,2025-03-04,2026-01-02
주정차 금지구역,2025-01-03,주행형CCTV,2025-03-04,2026-01-02
주정차 금지구역,2025-01-03,주행형CCTV,2025-01-06,2026-01-02
주정차 금지구역,2025-01-03,주행형CCTV,2025-03-04,2026-01-02
주정차 금지구역,2025-01-03,주행형CCTV,2025-03-04,2026-01-02
주정차 금지구역,2025-01-03,주행형CCTV,2025-01-06,2026-01-02
주정차 금지구역,2025-01-03,주행형CCTV,2025-01-06,2026-01-02
주정차 금지구역,2025-01-03,주행형CCTV,2025-01-06,2026-01-02
주정차 금지구역,2025-01-03,주행형CCTV,2025-01-06,2026-01-02
주정차 금지구역,2025-01-03,주행형CCTV,2025-01-06,2026-01-02
주정차 금지구역,2025-01-03,주행형CCTV,2025-01-06,2026-01-02
주정차 금지구역,2025-01-03,주행형CCTV,2025-03-04,2026-01-02
주정차 금지구역,2025-01-03,주행형CCTV,2025-01-06,2026-01-02
주정차 금지구역,2025-01-03,주행형CCTV,2025-01-06,2026-01-02
주정차 금지구역,2025-01-03,주행형CCTV,2025-03-04,2026-01-02
주정차 금지구역,2025-01-03,주행형CCTV,2025-01-06,2026-01-02
주정차 금지구역,2025-01-03,주행형CCTV,2025-01-06,2026-01-02
주정차 금지구역,2025-01-03,주행형CCTV,2025-03-04,2026-01-02
주정차 금지구역,2025-01-03,주행형CCTV,2025-01-06,2026-01-02
주정차 금지구역,2025-01-03,주행형CCTV,2025-01-06,2026-01-02
주정차 금지구역,2025-01-03,주행형CCTV,2025-03-04,2026-01-02
주정차 금지구역,2025-01-03,주행형CCTV,2025-03-04,2026-01-02
주정차 금지구역,2025-01-03,주행형CCTV,2025-03-04,2026-01-02
주정차 금지구역,2025-01-03,주행형CCTV,2025-01-06,2026-01-02
주정차 금지구역,2025-01-03,주행형CCTV,2025-01-06,2026-01-02
주정차 금지구역,2025-01-03,주행형CCTV,2025-03-04,2026-01-02
주정차 금지구역,2025-01-03,주행형CCTV,2025-01-06,2026-01-02
주정차 금지구역,2025-01-03,주행형CCTV,2025-01-06,2026-01-02
주정차 금지구역,2025-01-03,주행형CCTV,2025-01-06,2026-01-02
주정차 금지구역,2025-01-03,주행형CCTV,2025-11-21,2026-01-02
주정차 금지구역,2025-01-03,주행형CCTV,2025-03-04,2026-01-02
주정차 금지구역,2025-01-03,주행형CCTV,2025-01-06,2026-01-02
주정차 금지구역,2025-01-03,주행형CCTV,2025-03-04,2026-01-02
주정차 금지구역,2025-01-03,주행형CCTV,2025-01-06,2026-01-02
주정차 금지구역,2025-01-03,주행형CCTV,2025-01-06,2026-01-02
주정차 금지구역,2025-01-03,주행형CCTV,2025-03-04,2026-01-02
주정차 금지구역,2025-01-03,주행형CCTV,2025-01-06,2026-01-02
주정차 금지구역,2025-01-03,주행형CCTV,2025-01-06,2026-01-02
주정차 금지구역,2025-01-03,주행형CCTV,2025-01-06,2026-01-02
주정차 금지구역,2025-01-03,주행형CCTV,2025-01-06,2026-01-02
주정차 금지구역,2025-01-03,주행형CCTV,2025-03-04,2026-01-02
주정차 금지구역,2025-01-03,주행형CCTV,2025-01-06,2026-01-02
주정차 금지구역,2025-01-03,주행형CCTV,2025-01-06,2026-01-02
주정차 금지구역,2025-01-03,주행형CCTV,2025-01-06,2026-01-02
주정차 금지구역,2025-01-03,주행형CCTV,2025-03-04,2026-01-02
주정차 금지구역,2025-01-03,주행형CCTV,2025-01-06,2026-01-02
주정차 금지구역,2025-01-03,주행형CCTV,2025-03-04,2026-01-02
주정차 금지구역,2025-01-03,주행형CCTV,2025-01-06,2026-01-02
주정차 금지구역,2025-01-03,주행형CCTV,2025-01-06,2026-01-02
주정차 금지구역,2025-01-03,주행형CCTV,2025-01-06,2026-01-02
주정차 금지구역,2025-01-03,주행형CCTV,2025-03-04,2026-01-02
주정차 금지구역,2025-01-03,주행형CCTV,2025-01-06,2026-01-02
주정차 금지구역,2025-01-03,주행형CCTV,2025-01-06,2026-01-02
주정차 금지구역,2025-01-03,주행형CCTV,2025-01-06,2026-01-02
주정차 금지구역,2025-01-03,주행형CCTV,2025-01-06,2026-01-02
주정차 금지구역,2025-01-03,주행형CCTV,2025-03-04,2026-01-02
주정차 금지구역,2025-01-03,주행형CCTV,2025-03-04,2026-01-02
주정차 금지구역,2025-01-03,주행형CCTV,2025-03-04,2026-01-02
주정차 금지구역,2025-01-03,주행형CCTV,2025-03-04,2026-01-02
주정차 금지구역,2025-01-03,주행형CCTV,2025-03-04,2026-01-02
주정차 금지구역,2025-01-03,주행형CCTV,2025-01-06,2026-01-02
주정차 금지구역,2025-01-03,주행형CCTV,2025-01-06,2026-01-02
주정차 금지구역,2025-01-03,주행형CCTV,2025-01-06,2026-01-02
주정차 금지구역,2025-01-03,주행형CCTV,2025-01-06,2026-01-02
주정차 금지구역,2025-01-03,주행형CCTV,2025-11-21,2026-01-02
주정차 금지구역,2025-01-03,주행형CCTV,2025-01-06,2026-01-02
주정차 금지구역,2025-01-03,주행형CCTV,2025-01-06,2026-01-02
주정차 금지구역,2025-01-03,주행형CCTV,2025-01-06,2026-01-02
주정차 금지구역,2025-01-03,주행형CCTV,2025-11-21,2026-01-02
주정차 금지구역,2025-01-03,주행형CCTV,2025-03-04,2026-01-02
주정차 금지구역,2025-01-03,주행형CCTV,2025-01-06,2026-01-02
주정차 금지구역,2025-01-03,주행형CCTV,2025-03-04,2026-01-02
주정차 금지구역,2025-01-03,주행형CCTV,2025-01-06,2026-01-02
주정차 금지구역,2025-01-03,주행형CCTV,2025-01-06,2026-01-02
주정차 금지구역,2025-01-03,주행형CCTV,2025-01-06,2026-01-02
주정차 금지구역,2025-01-05,주행형CCTV,2025-01-06,2026-01-02
주정차 금지구역,2025-01-03,주행형CCTV,2025-01-06,2026-01-02
주정차 금지구역,2025-01-03,주행형CCTV,2025-01-06,2026-01-02
주정차 금지구역,2025-01-05,주행형CCTV,2025-03-04,2026-01-02
주정차 금지구역,2025-01-03,주행형CCTV,2025-11-21,2026-01-02
주정차 금지구역,2025-01-03,주행형CCTV,2025-01-06,2026-01-02
주정차 금지구역,2025-01-05,주행형CCTV,2025-11-21,2026-01-02
주정차 금지구역,2025-01-05,주행형CCTV,2025-01-06,2026-01-02
주정차 금지구역,2025-01-05,주행형CCTV,2025-01-06,2026-01-02
주정차 금지구역,2025-01-05,주행형CCTV,2025-01-06,2026-01-02
주정차 금지구역,2025-01-05,주행형CCTV,2025-01-06,2026-01-02
주정차 금지구역,2025-01-03,주행형CCTV,2025-01-06,2026-01-02
주정차 금지구역,2025-01-03,주행형CCTV,2025-01-06,2026-01-02
주정차 금지구역,2025-01-03,주행형CCTV,2025-01-06,2026-01-02
주정차 금지구역,2025-01-03,주행형CCTV,2025-01-06,2026-01-02
주정차 금지구역,2025-01-03,주행형CCTV,2025-01-06,2026-01-02
주정차 금지구역,2025-01-05,주행형CCTV,2025-03-04,2026-01-02
주정차 금지구역,2025-01-03,주행형CCTV,2025-03-04,2026-01-02
주정차 금지구역,2025-01-03,주행형CCTV,2025-01-06,2026-01-02
주정차 금지구역,2025-01-05,주행형CCTV,2025-01-06,2026-01-02
주정차 금지구역,2025-01-05,주행형CCTV,2025-03-04,2026-01-02
주정차 금지구역,2025-01-03,주행형CCTV,2025-01-06,2026-01-02
주정차 금지구역,2025-01-05,주행형CCTV,2025-03-04,2026-01-02
주정차 금지구역,2025-01-05,주행형CCTV,2025-03-04,2026-01-02
주정차 금지구역,2025-01-05,주행형CCTV,2025-01-06,2026-01-02
주정차 금지구역,2025-01-05,주행형CCTV,2025-03-04,2026-01-02
주정차 금지구역,2025-01-05,주행형CCTV,2025-01-06,2026-01-02
주정차 금지구역,2025-01-05,주행형CCTV,2025-01-06,2026-01-02
주정차 금지구역,2025-01-05,주행형CCTV,2025-01-06,2026-01-02
주정차 금지구역,2025-01-05,주행형CCTV,2025-01-06,2026-01-02
주정차 금지구역,2025-01-05,주행형CCTV,2025-01-06,2026-01-02
주정차 금지구역,2025-01-03,주행형CCTV,2025-01-06,2026-01-02
주정차 금지구역,2025-01-04,고정형CCTV,2025-01-06,2026-01-02
주정차 금지구역,2025-01-04,고정형CCTV,2025-01-06,2026-01-02
주정차 금지구역,2025-01-04,고정형CCTV,2025-01-06,2026-01-02
주정차 금지구역,2025-01-04,고정형CCTV,2025-01-06,2026-01-02
주정차 금지구역,2025-01-04,고정형CCTV,2025-01-06,2026-01-02
주정차 금지구역,2025-01-04,고정형CCTV,2025-01-06,2026-01-02
주정차 금지구역,2025-01-04,고정형CCTV,2025-03-04,2026-01-02
주정차 금지구역,2025-01-04,고정형CCTV,2025-03-04,2026-01-02
주정차 금지구역,2025-01-04,고정형CCTV,2025-01-06,2026-01-02
주정차 금지구역,2025-01-04,고정형CCTV,2025-01-06,2026-01-02
주정차 금지구역,2025-01-04,고정형CCTV,2025-03-04,2026-01-02
주정차 금지구역,2025-01-04,고정형CCTV,2025-01-06,2026-01-02
주정차 금지구역,2025-01-04,고정형CCTV,2025-01-06,2026-01-02
주정차 금지구역,2025-01-04,고정형CCTV,2025-03-04,2026-01-02
주정차 금지구역,2025-01-04,고정형CCTV,2025-01-06,2026-01-02
주정차 금지구역,2025-01-04,고정형CCTV,2025-11-21,2026-01-02
주정차 금지구역,2025-01-04,고정형CCTV,2025-01-06,2026-01-02
주정차 금지구역,2025-01-04,고정형CCTV,2025-01-06,2026-01-02
주정차 금지구역,2025-01-04,고정형CCTV,2025-01-06,2026-01-02
주정차 금지구역,2025-01-04,고정형CCTV,2025-03-04,2026-01-02
주정차 금지구역,2025-01-04,고정형CCTV,2025-01-06,2026-01-02
주정차 금지구역,2025-01-04,고정형CCTV,2025-03-04,2026-01-02
주정차 금지구역,2025-01-04,고정형CCTV,2025-03-04,2026-01-02
주정차 금지구역,2025-01-04,고정형CCTV,2025-01-06,2026-01-02
주정차 금지구역,2025-01-04,고정형CCTV,2025-03-04,2026-01-02
주정차 금지구역,2025-01-04,고정형CCTV,2025-01-06,2026-01-02
주정차 금지구역,2025-01-04,고정형CCTV,2025-03-04,2026-01-02
주정차 금지구역,2025-01-04,고정형CCTV,2025-03-04,2026-01-02
주정차 금지구역,2025-01-04,고정형CCTV,2025-01-06,2026-01-02
주정차 금지구역,2025-01-04,고정형CCTV,2025-03-04,2026-01-02
주정차 금지구역,2025-01-04,고정형CCTV,2025-01-06,2026-01-02
주정차 금지구역,2025-01-04,고정형CCTV,2025-01-06,2026-01-02
주정차 금지구역,2025-01-04,고정형CCTV,2025-01-06,2026-01-02
주정차 금지구역,2025-01-04,고정형CCTV,2025-01-06,2026-01-02
주정차 금지구역,2025-01-04,고정형CCTV,2025-01-06,2026-01-02
주정차 금지구역,2025-01-04,고정형CCTV,2025-11-21,2026-01-02
주정차 금지구역,2025-01-04,고정형CCTV,2025-11-21,2026-01-02
주정차 금지구역,2025-01-04,고정형CCTV,2025-11-21,2026-01-02
주정차 금지구역,2025-01-04,고정형CCTV,2025-03-04,2026-01-02
주정차 금지구역,2025-01-04,고정형CCTV,2025-03-04,2026-01-02
주정차 금지구역,2025-01-04,고정형CCTV,2025-03-04,2026-01-02
주정차 금지구역,2025-01-04,고정형CCTV,2025-03-04,2026-01-02
주정차 금지구역,2025-01-04,고정형CCTV,2025-01-06,2026-01-02
주정차 금지구역,2025-01-04,고정형CCTV,2025-01-06,2026-01-02
주정차 금지구역,2025-01-04,고정형CCTV,2025-01-06,2026-01-02
주정차 금지구역,2025-01-04,고정형CCTV,2025-01-06,2026-01-02
주정차 금지구역,2025-01-04,고정형CCTV,2025-03-04,2026-01-02
주정차 금지구역,2025-01-04,고정형CCTV,2025-01-06,2026-01-02
주정차 금지구역,2025-01-04,고정형CCTV,2025-01-06,2026-01-02
주정차 금지구역,2025-01-04,고정형CCTV,2025-01-06,2026-01-02
주정차 금지구역,2025-01-04,고정형CCTV,2025-03-04,2026-01-02
주정차 금지구역,2025-01-04,고정형CCTV,2025-01-06,2026-01-02
주정차 금지구역,2025-01-04,고정형CCTV,2025-03-04,2026-01-02
주정차 금지구역,2025-01-04,고정형CCTV,2025-01-06,2026-01-02
주정차 금지구역,2025-01-04,고정형CCTV,2025-01-06,2026-01-02
주정차 금지구역,2025-01-04,고정형CCTV,2025-01-06,2026-01-02
주정차 금지구역,2025-01-04,고정형CCTV,2025-03-04,2026-01-02
주정차 금지구역,2025-01-04,고정형CCTV,2025-01-06,2026-01-02
주정차 금지구역,2025-01-04,고정형CCTV,2025-01-06,2026-01-02
주정차 금지구역,2025-01-04,고정형CCTV,2025-01-06,2026-01-02
주정차 금지구역,2025-01-04,고정형CCTV,2025-01-06,2026-01-02
주정차 금지구역,2025-01-04,고정형CCTV,2025-01-06,2026-01-02
주정차 금지구역,2025-01-04,고정형CCTV,2025-01-06,2026-01-02
주정차 금지구역,2025-01-04,고정형CCTV,2025-01-06,2026-01-02
주정차 금지구역,2025-01-04,고정형CCTV,2025-11-21,2026-01-02
주정차 금지구역,2025-01-04,고정형CCTV,2025-03-04,2026-01-02
주정차 금지구역,2025-01-04,고정형CCTV,2025-01-06,2026-01-02
주정차 금지구역,2025-01-04,고정형CCTV,2025-01-06,2026-01-02
주정차 금지구역,2025-01-04,고정형CCTV,2025-01-06,2026-01-02
주정차 금지구역,2025-01-04,고정형CCTV,2025-01-06,2026-01-02
주정차 금지구역,2025-01-04,고정형CCTV,2025-03-04,2026-01-02
주정차 금지구역,2025-01-04,고정형CCTV,2025-01-06,2026-01-02
주정차 금지구역,2025-01-04,고정형CCTV,2025-01-06,2026-01-02
주정차 금지구역,2025-01-04,고정형CCTV,2025-03-04,2026-01-02
주정차 금지구역,2025-01-04,고정형CCTV,2025-01-06,2026-01-02
주정차 금지구역,2025-01-04,고정형CCTV,2025-01-06,2026-01-02
주정차 금지구역,2025-01-04,고정형CCTV,2025-01-06,2026-01-02
주정차 금지구역,2025-01-04,고정형CCTV,2025-03-04,2026-01-02
주정차 금지구역,2025-01-04,고정형CCTV,2025-03-04,2026-01-02
주정차 금지구역,2025-01-04,고정형CCTV,2025-01-06,2026-01-02
주정차 금지구역,2025-01-04,고정형CCTV,2025-01-06,2026-01-02
주정차 금지구역,2025-01-04,고정형CCTV,2025-01-06,2026-01-02
주정차 금지구역,2025-01-04,고정형CCTV,2025-01-06,2026-01-02
주정차 금지구역,2025-01-04,고정형CCTV,2025-03-04,2026-01-02
주정차 금지구역,2025-01-04,고정형CCTV,2025-01-06,2026-01-02
주정차 금지구역,2025-01-04,고정형CCTV,2025-01-06,2026-01-02
주정차 금지구역,2025-01-04,고정형CCTV,2025-01-06,2026-01-02
주정차 금지구역,2025-01-04,고정형CCTV,2025-03-04,2026-01-02
주정차 금지구역,2025-01-04,고정형CCTV,2025-03-04,2026-01-02
주정차 금지구역,2025-01-04,고정형CCTV,2025-01-06,2026-01-02
주정차 금지구역,2025-01-04,고정형CCTV,2025-01-06,2026-01-02
주정차 금지구역,2025-01-04,고정형CCTV,2025-01-06,2026-01-02
주정차 금지구역,2025-01-04,고정형CCTV,2025-01-06,2026-01-02
주정차 금지구역,2025-01-04,고정형CCTV,2025-01-06,2026-01-02
주정차 금지구역,2025-01-04,고정형CCTV,2025-01-06,2026-01-02
주정차 금지구역,2025-01-04,고정형CCTV,2025-01-06,2026-01-02
주정차 금지구역,2025-01-04,고정형CCTV,2025-01-06,2026-01-02
주정차 금지구역,2025-01-04,고정형CCTV,2025-01-06,2026-01-02
주정차 금지구역,2025-01-04,고정형CCTV,2025-01-06,2026-01-02
주정차 금지구역,2025-01-04,고정형CCTV,2025-01-06,2026-01-02
주정차 금지구역,2025-01-04,고정형CCTV,2025-01-06,2026-01-02
주정차 금지구역,2025-01-04,고정형CCTV,2025-01-06,2026-01-02
주정차 금지구역,2025-01-04,고정형CCTV,2025-03-04,2026-01-02
주정차 금지구역,2025-01-04,고정형CCTV,2025-01-06,2026-01-02
주정차 금지구역,2025-01-04,고정형CCTV,2025-01-06,2026-01-02
주정차 금지구역,2025-01-04,고정형CCTV,2025-01-06,2026-01-02
주정차 금지구역,2025-01-04,고정형CCTV,2025-03-04,2026-01-02
주정차 금지구역,2025-01-04,고정형CCTV,2025-03-04,2026-01-02
주정차 금지구역,2025-01-04,고정형CCTV,2025-03-04,2026-01-02
주정차 금지구역,2025-01-04,고정형CCTV,2025-03-04,2026-01-02
주정차 금지구역,2025-01-04,고정형CCTV,2025-03-04,2026-01-02
주정차 금지구역,2025-01-04,고정형CCTV,2025-01-06,2026-01-02
주정차 금지구역,2025-01-04,고정형CCTV,2025-01-06,2026-01-02
주정차 금지구역,2025-01-04,고정형CCTV,2025-01-06,2026-01-02
주정차 금지구역,2025-01-04,고정형CCTV,2025-03-04,2026-01-02
주정차 금지구역,2025-01-04,고정형CCTV,2025-03-04,2026-01-02
주정차 금지구역,2025-01-04,고정형CCTV,2025-11-21,2026-01-02
주정차 금지구역,2025-01-04,고정형CCTV,2025-01-06,2026-01-02
주정차 금지구역,2025-01-04,고정형CCTV,2025-01-06,2026-01-02
주정차 금지구역,2025-01-04,고정형CCTV,2025-03-04,2026-01-02
주정차 금지구역,2025-01-04,고정형CCTV,2025-01-06,2026-01-02
주정차 금지구역,2025-01-04,고정형CCTV,2025-01-06,2026-01-02
주정차 금지구역,2025-01-04,고정형CCTV,2025-03-04,2026-01-02
주정차 금지구역,2025-01-04,고정형CCTV,2025-03-04,2026-01-02
주정차 금지구역,2025-01-04,고정형CCTV,2025-03-04,2026-01-02
주정차 금지구역,2025-01-04,고정형CCTV,2025-01-06,2026-01-02
주정차 금지구역,2025-01-04,고정형CCTV,2025-01-06,2026-01-02
주정차 금지구역,2025-01-04,고정형CCTV,2025-01-06,2026-01-02
주정차 금지구역,2025-01-04,고정형CCTV,2025-01-06,2026-01-02
주정차 금지구역,2025-01-04,고정형CCTV,2025-01-06,2026-01-02
주정차 금지구역,2025-01-03,고정형CCTV,2025-01-06,2026-01-02
주정차 금지구역,2025-01-03,고정형CCTV,2025-01-06,2026-01-02
주정차 금지구역,2025-01-03,고정형CCTV,2025-01-06,2026-01-02
주정차 금지구역,2025-01-03,고정형CCTV,2025-01-06,2026-01-02
주정차 금지구역,2025-01-03,고정형CCTV,2025-01-06,2026-01-02
주정차 금지구역,2025-01-03,고정형CCTV,2025-11-21,2026-01-02
주정차 금지구역,2025-01-03,고정형CCTV,2025-02-04,2026-01-02
주정차 금지구역,2025-01-03,고정형CCTV,2025-03-04,2026-01-02
주정차 금지구역,2025-01-03,고정형CCTV,2025-01-06,2026-01-02
주정차 금지구역,2025-01-03,고정형CCTV,2025-01-06,2026-01-02
주정차 금지구역,2025-01-03,고정형CCTV,2025-01-06,2026-01-02
주정차 금지구역,2025-01-03,고정형CCTV,2025-01-06,2026-01-02
주정차 금지구역,2025-01-03,고정형CCTV,2025-01-06,2026-01-02
주정차 금지구역,2025-01-03,고정형CCTV,2025-01-06,2026-01-02
주정차 금지구역,2025-01-03,고정형CCTV,2025-11-21,2026-01-02
주정차 금지구역,2025-01-03,고정형CCTV,2025-03-04,2026-01-02
주정차 금지구역,2025-01-03,고정형CCTV,2025-01-06,2026-01-02
주정차 금지구역,2025-01-03,고정형CCTV,2025-11-21,2026-01-02
주정차 금지구역,2025-01-03,고정형CCTV,2025-01-06,2026-01-02
주정차 금지구역,2025-01-03,고정형CCTV,2025-11-21,2026-01-02
주정차 금지구역,2025-01-03,고정형CCTV,2025-01-06,2026-01-02
주정차 금지구역,2025-01-03,고정형CCTV,2025-11-21,2026-01-02
주정차 금지구역,2025-01-03,고정형CCTV,2025-01-06,2026-01-02
주정차 금지구역,2025-01-03,고정형CCTV,2025-01-06,2026-01-02
주정차 금지구역,2025-01-03,고정형CCTV,2025-01-06,2026-01-02
주정차 금지구역,2025-01-03,고정형CCTV,2025-03-04,2026-01-02
주정차 금지구역,2025-01-03,고정형CCTV,2025-03-04,2026-01-02
주정차 금지구역,2025-01-03,고정형CCTV,2025-03-04,2026-01-02
주정차 금지구역,2025-01-03,고정형CCTV,2025-01-06,2026-01-02
주정차 금지구역,2025-01-03,고정형CCTV,2025-01-06,2026-01-02
주정차 금지구역,2025-01-03,고정형CCTV,2025-01-06,2026-01-02
주정차 금지구역,2025-01-03,고정형CCTV,2025-01-06,2026-01-02
주정차 금지구역,2025-01-03,고정형CCTV,2025-01-06,2026-01-02
주정차 금지구역,2025-01-03,고정형CCTV,2025-01-06,2026-01-02
주정차 금지구역,2025-01-03,고정형CCTV,2025-01-06,2026-01-02
주정차 금지구역,2025-01-03,고정형CCTV,2025-01-06,2026-01-02
주정차 금지구역,2025-01-03,고정형CCTV,2025-01-06,2026-01-02
주정차 금지구역,2025-01-03,고정형CCTV,2025-01-06,2026-01-02
주정차 금지구역,2025-01-03,고정형CCTV,2025-01-06,2026-01-02
주정차 금지구역,2025-01-03,고정형CCTV,2025-03-04,2026-01-02
주정차 금지구역,2025-01-03,고정형CCTV,2025-01-06,2026-01-02
주정차 금지구역,2025-01-03,고정형CCTV,2025-03-04,2026-01-02
주정차 금지구역,2025-01-03,고정형CCTV,2025-01-06,2026-01-02
주정차 금지구역,2025-01-03,고정형CCTV,2025-03-04,2026-01-02
주정차 금지구역,2025-01-03,고정형CCTV,2025-03-04,2026-01-02
주정차 금지구역,2025-01-03,고정형CCTV,2025-01-06,2026-01-02
주정차 금지구역,2025-01-03,고정형CCTV,2025-03-04,2026-01-02
주정차 금지구역,2025-01-03,고정형CCTV,2025-03-04,2026-01-02
주정차 금지구역,2025-01-03,고정형CCTV,2025-01-06,2026-01-02
주정차 금지구역,2025-01-03,고정형CCTV,2025-03-04,2026-01-02
주정차 금지구역,2025-01-03,고정형CCTV,2025-01-06,2026-01-02
주정차 금지구역,2025-01-03,고정형CCTV,2025-01-06,2026-01-02
주정차 금지구역,2025-01-03,고정형CCTV,2025-03-04,2026-01-02
주정차 금지구역,2025-01-03,고정형CCTV,2025-03-04,2026-01-02
주정차 금지구역,2025-01-03,고정형CCTV,2025-01-06,2026-01-02
주정차 금지구역,2025-01-03,고정형CCTV,2025-01-06,2026-01-02
주정차 금지구역,2025-01-03,고정형CCTV,2025-01-06,2026-01-02
주정차 금지구역,2025-01-03,고정형CCTV,2025-01-06,2026-01-02
주정차 금지구역,2025-01-03,고정형CCTV,2025-01-06,2026-01-02
주정차 금지구역,2025-01-03,고정형CCTV,2025-03-04,2026-01-02
주정차 금지구역,2025-01-03,고정형CCTV,2025-01-06,2026-01-02
주정차 금지구역,2025-01-03,고정형CCTV,2025-03-04,2026-01-02
주정차 금지구역,2025-01-03,고정형CCTV,2025-01-06,2026-01-02
주정차 금지구역,2025-01-03,고정형CCTV,2025-01-06,2026-01-02
주정차 금지구역,2025-01-03,고정형CCTV,2025-01-06,2026-01-02
주정차 금지구역,2025-01-03,고정형CCTV,2025-01-06,2026-01-02
주정차 금지구역,2025-01-03,고정형CCTV,2025-03-04,2026-01-02
주정차 금지구역,2025-01-03,고정형CCTV,2025-01-06,2026-01-02
주정차 금지구역,2025-01-03,고정형CCTV,2025-01-06,2026-01-02
주정차 금지구역,2025-01-03,고정형CCTV,2025-03-04,2026-01-02
주정차 금지구역,2025-01-03,고정형CCTV,2025-03-04,2026-01-02
주정차 금지구역,2025-01-03,고정형CCTV,2025-03-04,2026-01-02
주정차 금지구역,2025-01-03,고정형CCTV,2025-01-06,2026-01-02
주정차 금지구역,2025-01-03,고정형CCTV,2025-03-04,2026-01-02
주정차 금지구역,2025-01-03,고정형CCTV,2025-01-06,2026-01-02
주정차 금지구역,2025-01-03,고정형CCTV,2025-03-04,2026-01-02
주정차 금지구역,2025-01-03,고정형CCTV,2025-01-06,2026-01-02
주정차 금지구역,2025-01-03,고정형CCTV,2025-03-04,2026-01-02
주정차 금지구역,2025-01-03,고정형CCTV,2025-01-06,2026-01-02
주정차 금지구역,2025-01-03,고정형CCTV,2025-01-06,2026-01-02
주정차 금지구역,2025-01-03,고정형CCTV,2025-01-06,2026-01-02
주정차 금지구역,2025-01-03,고정형CCTV,2025-01-06,2026-01-02
주정차 금지구역,2025-01-03,고정형CCTV,2025-01-06,2026-01-02
주정차 금지구역,2025-01-03,고정형CCTV,2025-01-06,2026-01-02
주정차 금지구역,2025-01-03,고정형CCTV,2025-03-04,2026-01-02
주정차 금지구역,2025-01-03,고정형CCTV,2025-01-06,2026-01-02
주정차 금지구역,2025-01-03,고정형CCTV,2025-01-06,2026-01-02
주정차 금지구역,2025-01-03,고정형CCTV,2025-03-04,2026-01-02
주정차 금지구역,2025-01-03,고정형CCTV,2025-01-06,2026-01-02
주정차 금지구역,2025-01-03,고정형CCTV,2025-03-04,2026-01-02
주정차 금지구역,2025-01-03,고정형CCTV,2025-01-06,2026-01-02
주정차 금지구역,2025-01-03,고정형CCTV,2025-01-06,2026-01-02
주정차 금지구역,2025-01-03,고정형CCTV,2025-01-06,2026-01-02
주정차 금지구역,2025-01-03,고정형CCTV,2025-03-04,2026-01-02
주정차 금지구역,2025-01-03,고정형CCTV,2025-03-04,2026-01-02
주정차 금지구역,2025-01-03,고정형CCTV,2025-01-06,2026-01-02
주정차 금지구역,2025-01-03,고정형CCTV,2025-03-04,2026-01-02
주정차 금지구역,2025-01-03,고정형CCTV,2025-01-06,2026-01-02
주정차 금지구역,2025-01-03,고정형CCTV,2025-03-04,2026-01-02
주정차 금지구역,2025-01-03,고정형CCTV,2025-01-06,2026-01-02
주정차 금지구역,2025-01-03,고정형CCTV,2025-01-06,2026-01-02
주정차 금지구역,2025-01-03,고정형CCTV,2025-01-06,2026-01-02
주정차 금지구역,2025-01-03,고정형CCTV,2025-01-06,2026-01-02
주정차 금지구역,2025-01-05,고정형CCTV,2025-01-06,2026-01-02
주정차 금지구역,2025-01-05,고정형CCTV,2025-01-06,2026-01-02
주정차 금지구역,2025-01-05,고정형CCTV,2025-01-06,2026-01-02
주정차 금지구역,2025-01-05,고정형CCTV,2025-01-06,2026-01-02
주정차 금지구역,2025-01-05,고정형CCTV,2025-01-06,2026-01-02
주정차 금지구역,2025-01-05,고정형CCTV,2025-01-06,2026-01-02
주정차 금지구역,2025-01-05,고정형CCTV,2025-01-06,2026-01-02
주정차 금지구역,2025-01-05,고정형CCTV,2025-01-06,2026-01-02
주정차 금지구역,2025-01-05,고정형CCTV,2025-01-06,2026-01-02
주정차 금지구역,2025-01-05,고정형CCTV,2025-01-06,2026-01-02
주정차 금지구역,2025-01-05,고정형CCTV,2025-01-06,2026-01-02
주정차 금지구역,2025-01-05,고정형CCTV,2025-01-06,2026-01-02
주정차 금지구역,2025-01-05,고정형CCTV,2025-01-06,2026-01-02
주정차 금지구역,2025-01-05,고정형CCTV,2025-03-04,2026-01-02
주정차 금지구역,2025-01-05,고정형CCTV,2025-01-06,2026-01-02
주정차 금지구역,2025-01-05,고정형CCTV,2025-03-04,2026-01-02
주정차 금지구역,2025-01-05,고정형CCTV,2025-03-04,2026-01-02
주정차 금지구역,2025-01-05,고정형CCTV,2025-01-06,2026-01-02
주정차 금지구역,2025-01-05,고정형CCTV,2025-03-04,2026-01-02
주정차 금지구역,2025-01-05,고정형CCTV,2025-01-06,2026-01-02
주정차 금지구역,2025-01-05,고정형CCTV,2025-11-21,2026-01-02
주정차 금지구역,2025-01-05,고정형CCTV,2025-01-06,2026-01-02
주정차 금지구역,2025-01-05,고정형CCTV,2025-01-06,2026-01-02
주정차 금지구역,2025-01-05,고정형CCTV,2025-01-06,2026-01-02
주정차 금지구역,2025-01-05,고정형CCTV,2025-01-06,2026-01-02
주정차 금지구역,2025-01-05,고정형CCTV,2025-03-04,2026-01-02
주정차 금지구역,2025-01-05,고정형CCTV,2025-01-06,2026-01-02
주정차 금지구역,2025-01-05,고정형CCTV,2025-01-06,2026-01-02
주정차 금지구역,2025-01-05,고정형CCTV,2025-03-04,2026-01-02
주정차 금지구역,2025-01-05,고정형CCTV,2025-03-04,2026-01-02
주정차 금지구역,2025-01-05,고정형CCTV,2025-01-06,2026-01-02
주정차 금지구역,2025-01-05,고정형CCTV,2025-03-04,2026-01-02
주정차 금지구역,2025-01-05,고정형CCTV,2025-03-04,2026-01-02
주정차 금지구역,2025-01-05,고정형CCTV,2025-03-04,2026-01-02
주정차 금지구역,2025-01-05,고정형CCTV,2025-01-06,2026-01-02
주정차 금지구역,2025-01-05,고정형CCTV,2025-01-06,2026-01-02
소방시설 주변,2025-01-05,고정형CCTV,2025-11-21,2026-01-02
주정차 금지구역,2025-01-05,고정형CCTV,2025-01-06,2026-01-02
주정차 금지구역,2025-01-05,고정형CCTV,2025-03-04,2026-01-02
주정차 금지구역,2025-01-05,고정형CCTV,2025-01-06,2026-01-02
주정차 금지구역,2025-01-05,고정형CCTV,2025-01-06,2026-01-02
주정차 금지구역,2025-01-05,고정형CCTV,2025-03-04,2026-01-02
주정차 금지구역,2025-01-05,고정형CCTV,2025-01-06,2026-01-02
주정차 금지구역,2025-01-05,고정형CCTV,2025-01-06,2026-01-02
주정차 금지구역,2025-01-05,고정형CCTV,2025-01-06,2026-01-02
주정차 금지구역,2025-01-05,고정형CCTV,2025-01-06,2026-01-02
주정차 금지구역,2025-01-05,고정형CCTV,2025-03-04,2026-01-02
주정차 금지구역,2025-01-05,고정형CCTV,2025-11-21,2026-01-02
주정차 금지구역,2025-01-05,고정형CCTV,2025-01-06,2026-01-02
주정차 금지구역,2025-01-05,고정형CCTV,2025-03-04,2026-01-02
주정차 금지구역,2025-01-05,고정형CCTV,2025-03-04,2026-01-02
주정차 금지구역,2025-01-05,고정형CCTV,2025-01-06,2026-01-02
주정차 금지구역,2025-01-05,고정형CCTV,2025-01-06,2026-01-02
주정차 금지구역,2025-01-05,고정형CCTV,2025-03-04,2026-01-02
주정차 금지구역,2025-01-05,고정형CCTV,2025-01-06,2026-01-02
주정차 금지구역,2025-01-05,고정형CCTV,2025-11-21,2026-01-02
주정차 금지구역,2025-01-05,고정형CCTV,2025-03-04,2026-01-02
주정차 금지구역,2025-01-05,고정형CCTV,2025-03-04,2026-01-02
주정차 금지구역,2025-01-05,고정형CCTV,2025-01-06,2026-01-02
주정차 금지구역,2025-01-05,고정형CCTV,2025-01-06,2026-01-02
주정차 금지구역,2025-01-05,고정형CCTV,2025-01-06,2026-01-02
주정차 금지구역,2025-01-05,고정형CCTV,2025-03-04,2026-01-02
주정차 금지구역,2025-01-05,고정형CCTV,2025-01-06,2026-01-02
주정차 금지구역,2025-01-05,고정형CCTV,2025-01-06,2026-01-02
주정차 금지구역,2025-01-05,고정형CCTV,2025-03-04,2026-01-02
주정차 금지구역,2025-01-05,고정형CCTV,2025-01-06,2026-01-02
주정차 금지구역,2025-01-05,고정형CCTV,2025-01-06,2026-01-02
주정차 금지구역,2025-01-05,고정형CCTV,2025-01-06,2026-01-02
주정차 금지구역,2025-01-05,고정형CCTV,2025-01-06,2026-01-02
주정차 금지구역,2025-01-05,고정형CCTV,2025-03-04,2026-01-02
주정차 금지구역,2025-01-05,고정형CCTV,2025-01-06,2026-01-02
주정차 금지구역,2025-01-05,고정형CCTV,2025-01-06,2026-01-02
주정차 금지구역,2025-01-05,고정형CCTV,2025-01-06,2026-01-02
주정차 금지구역,2025-01-05,고정형CCTV,2025-01-06,2026-01-02
주정차 금지구역,2025-01-05,고정형CCTV,2025-01-06,2026-01-02
주정차 금지구역,2025-01-05,고정형CCTV,2025-03-04,2026-01-02
주정차 금지구역,2025-01-05,고정형CCTV,2025-03-04,2026-01-02
주정차 금지구역,2025-01-05,고정형CCTV,2025-01-06,2026-01-02
주정차 금지구역,2025-01-05,고정형CCTV,2025-01-06,2026-01-02
주정차 금지구역,2025-01-05,고정형CCTV,2025-11-21,2026-01-02
주정차 금지구역,2025-01-05,고정형CCTV,2025-01-06,2026-01-02
주정차 금지구역,2025-01-05,고정형CCTV,2025-01-06,2026-01-02
주정차 금지구역,2025-01-05,고정형CCTV,2025-03-04,2026-01-02
주정차 금지구역,2025-01-05,고정형CCTV,2025-01-06,2026-01-02
주정차 금지구역,2025-01-05,고정형CCTV,2025-03-04,2026-01-02
주정차 금지구역,2025-01-05,고정형CCTV,2025-01-06,2026-01-02
주정차 금지구역,2025-01-05,고정형CCTV,2025-01-06,2026-01-02
주정차 금지구역,2025-01-05,고정형CCTV,2025-03-04,2026-01-02
주정차 금지구역,2025-01-05,고정형CCTV,2025-01-06,2026-01-02
주정차 금지구역,2025-01-05,고정형CCTV,2025-01-06,2026-01-02
주정차 금지구역,2025-01-05,고정형CCTV,2025-01-06,2026-01-02
주정차 금지구역,2025-01-05,고정형CCTV,2025-03-04,2026-01-02
주정차 금지구역,2025-01-05,고정형CCTV,2025-01-06,2026-01-02
주정차 금지구역,2025-01-05,고정형CCTV,2025-01-06,2026-01-02
주정차 금지구역,2025-01-05,고정형CCTV,2025-03-04,2026-01-02
주정차 금지구역,2025-01-05,고정형CCTV,2025-01-06,2026-01-02
소방시설 주변,2025-01-05,고정형CCTV,2025-03-04,2026-01-02
주정차 금지구역,2025-01-05,고정형CCTV,2025-11-21,2026-01-02
주정차 금지구역,2025-01-05,고정형CCTV,2025-01-06,2026-01-02
주정차 금지구역,2025-01-05,고정형CCTV,2025-03-04,2026-01-02
주정차 금지구역,2025-01-05,고정형CCTV,2025-01-06,2026-01-02
주정차 금지구역,2025-01-05,고정형CCTV,2025-01-06,2026-01-02
주정차 금지구역,2025-01-05,고정형CCTV,2025-01-06,2026-01-02
주정차 금지구역,2025-01-05,고정형CCTV,2025-03-04,2026-01-02
주정차 금지구역,2025-01-05,고정형CCTV,2025-11-21,2026-01-02
주정차 금지구역,2025-01-05,고정형CCTV,2025-03-04,2026-01-02
주정차 금지구역,2025-01-05,고정형CCTV,2025-01-06,2026-01-02
주정차 금지구역,2025-01-05,고정형CCTV,2025-01-06,2026-01-02
주정차 금지구역,2025-01-05,고정형CCTV,2025-01-06,2026-01-02
주정차 금지구역,2025-01-05,고정형CCTV,2025-11-21,2026-01-02
주정차 금지구역,2025-01-05,고정형CCTV,2025-01-06,2026-01-02
주정차 금지구역,2025-01-05,고정형CCTV,2025-01-06,2026-01-02
주정차 금지구역,2025-01-05,고정형CCTV,2025-03-04,2026-01-02
주정차 금지구역,2025-01-05,고정형CCTV,2025-03-04,2026-01-02
주정차 금지구역,2025-01-05,고정형CCTV,2025-01-06,2026-01-02
주정차 금지구역,2025-01-05,고정형CCTV,2025-01-06,2026-01-02
주정차 금지구역,2025-01-05,고정형CCTV,2025-01-06,2026-01-02
주정차 금지구역,2025-01-05,고정형CCTV,2025-01-06,2026-01-02
주정차 금지구역,2025-01-05,고정형CCTV,2025-03-04,2026-01-02
주정차 금지구역,2025-01-05,고정형CCTV,2025-01-06,2026-01-02
주정차 금지구역,2025-01-05,고정형CCTV,2025-11-21,2026-01-02
주정차 금지구역,2025-01-05,고정형CCTV,2025-01-06,2026-01-02
주정차 금지구역,2025-01-05,고정형CCTV,2025-03-04,2026-01-02
주정차 금지구역,2025-01-05,고정형CCTV,2025-03-04,2026-01-02
주정차 금지구역,2025-01-05,고정형CCTV,2025-01-06,2026-01-02
주정차 금지구역,2025-01-05,고정형CCTV,2025-01-06,2026-01-02
주정차 금지구역,2025-01-05,고정형CCTV,2025-03-04,2026-01-02
주정차 금지구역,2025-01-05,고정형CCTV,2025-03-04,2026-01-02
주정차 금지구역,2025-01-05,고정형CCTV,2025-01-06,2026-01-02
주정차 금지구역,2025-01-05,고정형CCTV,2025-01-06,2026-01-02
주정차 금지구역,2025-01-05,고정형CCTV,2025-01-06,2026-01-02
주정차 금지구역,2025-01-05,고정형CCTV,2025-03-04,2026-01-02
주정차 금지구역,2025-01-05,고정형CCTV,2025-01-06,2026-01-02
주정차 금지구역,2025-01-05,고정형CCTV,2025-01-06,2026-01-02
주정차 금지구역,2025-01-05,고정형CCTV,2025-01-06,2026-01-02
주정차 금지구역,2025-01-05,고정형CCTV,2025-03-04,2026-01-02
주정차 금지구역,2025-01-05,고정형CCTV,2025-03-04,2026-01-02
주정차 금지구역,2025-01-05,고정형CCTV,2025-01-06,2026-01-02
주정차 금지구역,2025-01-05,고정형CCTV,2025-03-04,2026-01-02
주정차 금지구역,2025-01-05,고정형CCTV,2025-03-04,2026-01-02
주정차 금지구역,2025-01-05,고정형CCTV,2025-01-06,2026-01-02
주정차 금지구역,2025-01-05,고정형CCTV,2025-03-04,2026-01-02
주정차 금지구역,2025-01-05,고정형CCTV,2025-01-06,2026-01-02
주정차 금지구역,2025-01-05,고정형CCTV,2025-01-06,2026-01-02
주정차 금지구역,2025-01-05,고정형CCTV,2025-01-06,2026-01-02
주정차 금지구역,2025-01-05,고정형CCTV,2025-01-06,2026-01-02
주정차 금지구역,2025-01-05,고정형CCTV,2025-01-06,2026-01-02
주정차 금지구역,2025-01-05,고정형CCTV,2025-01-06,2026-01-02
주정차 금지구역,2025-01-05,고정형CCTV,2025-01-06,2026-01-02
주정차 금지구역,2025-01-05,고정형CCTV,2025-03-04,2026-01-02
주정차 금지구역,2025-01-05,고정형CCTV,2025-03-04,2026-01-02
주정차 금지구역,2025-01-05,고정형CCTV,2025-01-06,2026-01-02
주정차 금지구역,2025-01-05,고정형CCTV,2025-01-06,2026-01-02
주정차 금지구역,2025-01-05,고정형CCTV,2025-01-06,2026-01-02
주정차 금지구역,2025-01-05,고정형CCTV,2025-01-06,2026-01-02
주정차 금지구역,2025-01-05,고정형CCTV,2025-01-06,2026-01-02
주정차 금지구역,2025-01-05,고정형CCTV,2025-01-06,2026-01-02
주정차 금지구역,2025-01-05,고정형CCTV,2025-01-06,2026-01-02
주정차 금지구역,2025-01-05,고정형CCTV,2025-03-04,2026-01-02
주정차 금지구역,2025-01-05,고정형CCTV,2025-01-06,2026-01-02
주정차 금지구역,2025-01-05,고정형CCTV,2025-01-06,2026-01-02
주정차 금지구역,2025-01-05,고정형CCTV,2025-01-06,2026-01-02
주정차 금지구역,2025-01-05,고정형CCTV,2025-03-04,2026-01-02
주정차 금지구역,2025-01-05,고정형CCTV,2025-01-06,2026-01-02
주정차 금지구역,2025-01-05,고정형CCTV,2025-01-06,2026-01-02
주정차 금지구역,2025-01-05,고정형CCTV,2025-03-04,2026-01-02
주정차 금지구역,2025-01-05,고정형CCTV,2025-01-06,2026-01-02
주정차 금지구역,2025-01-05,고정형CCTV,2025-03-04,2026-01-02
주정차 금지구역,2025-01-05,고정형CCTV,2025-01-06,2026-01-02
주정차 금지구역,2025-01-05,고정형CCTV,2025-03-04,2026-01-02
주정차 금지구역,2025-01-05,고정형CCTV,2025-01-06,2026-01-02
도로모퉁이,2025-01-03,안전신문고,2025-03-04,2026-01-02
보도(인도)위,2025-01-04,안전신문고,2025-01-14,2026-01-02
횡단보도,2025-01-04,안전신문고,2025-11-21,2026-01-02
도로모퉁이,2025-01-04,안전신문고,2025-01-14,2026-01-02
보도(인도)위,2025-01-04,안전신문고,2025-01-14,2026-01-02
보도(인도)위,2025-01-02,안전신문고,2025-01-10,2026-01-02
보도(인도)위,2025-01-02,안전신문고,2025-01-10,2026-01-02
보도(인도)위,2025-01-04,안전신문고,2025-03-04,2026-01-02
보도(인도)위,2025-01-04,안전신문고,2025-01-14,2026-01-02
보도(인도)위,2025-01-02,안전신문고,2025-01-10,2026-01-02
보도(인도)위,2025-01-03,안전신문고,2025-01-10,2026-01-02
횡단보도,2025-01-04,안전신문고,2025-01-14,2026-01-02
횡단보도,2025-01-03,안전신문고,2025-03-04,2026-01-02
횡단보도,2025-01-03,안전신문고,2025-01-10,2026-01-02
횡단보도,2025-01-03,안전신문고,2025-01-10,2026-01-02
횡단보도,2025-01-03,안전신문고,2025-11-21,2026-01-02
소방시설 주변,2025-01-03,안전신문고,2025-01-10,2026-01-02
보도(인도)위,2025-01-03,안전신문고,2025-11-21,2026-01-02
횡단보도,2025-01-03,안전신문고,2025-01-10,2026-01-02
횡단보도,2025-01-04,안전신문고,2025-01-14,2026-01-02
주정차 금지구역,2025-01-06,고정형CCTV,2025-01-07,2026-01-02
주정차 금지구역,2025-01-06,고정형CCTV,2025-01-07,2026-01-02
주정차 금지구역,2025-01-06,고정형CCTV,2025-03-04,2026-01-02
주정차 금지구역,2025-01-06,고정형CCTV,2025-03-04,2026-01-02
주정차 금지구역,2025-01-06,고정형CCTV,2025-01-07,2026-01-02
주정차 금지구역,2025-01-06,고정형CCTV,2025-01-07,2026-01-02
주정차 금지구역,2025-01-06,고정형CCTV,2025-03-04,2026-01-02
주정차 금지구역,2025-01-06,고정형CCTV,2025-01-07,2026-01-02
주정차 금지구역,2025-01-06,고정형CCTV,2025-01-07,2026-01-02
주정차 금지구역,2025-01-06,고정형CCTV,2025-01-07,2026-01-02
주정차 금지구역,2025-01-06,고정형CCTV,2025-01-07,2026-01-02
주정차 금지구역,2025-01-06,고정형CCTV,2025-03-04,2026-01-02
주정차 금지구역,2025-01-06,고정형CCTV,2025-01-07,2026-01-02
주정차 금지구역,2025-01-06,고정형CCTV,2025-03-04,2026-01-02
주정차 금지구역,2025-01-06,고정형CCTV,2025-03-04,2026-01-02
주정차 금지구역,2025-01-06,고정형CCTV,2025-01-07,2026-01-02
주정차 금지구역,2025-01-06,고정형CCTV,2025-01-07,2026-01-02
주정차 금지구역,2025-01-06,고정형CCTV,2025-01-07,2026-01-02
주정차 금지구역,2025-01-06,고정형CCTV,2025-03-04,2026-01-02
주정차 금지구역,2025-01-06,고정형CCTV,2025-11-21,2026-01-02
주정차 금지구역,2025-01-06,고정형CCTV,2025-01-07,2026-01-02
주정차 금지구역,2025-01-06,고정형CCTV,2025-03-04,2026-01-02
주정차 금지구역,2025-01-06,고정형CCTV,2025-01-07,2026-01-02
주정차 금지구역,2025-01-06,고정형CCTV,2025-01-07,2026-01-02
주정차 금지구역,2025-01-06,고정형CCTV,2025-01-07,2026-01-02
주정차 금지구역,2025-01-06,고정형CCTV,2025-01-07,2026-01-02
주정차 금지구역,2025-01-06,고정형CCTV,2025-11-21,2026-01-02
주정차 금지구역,2025-01-06,고정형CCTV,2025-01-07,2026-01-02
주정차 금지구역,2025-01-06,고정형CCTV,2025-01-07,2026-01-02
주정차 금지구역,2025-01-06,고정형CCTV,2025-01-07,2026-01-02
주정차 금지구역,2025-01-06,고정형CCTV,2025-03-04,2026-01-02
주정차 금지구역,2025-01-06,고정형CCTV,2025-01-07,2026-01-02
주정차 금지구역,2025-01-06,고정형CCTV,2025-01-07,2026-01-02
주정차 금지구역,2025-01-06,고정형CCTV,2025-03-04,2026-01-02
주정차 금지구역,2025-01-06,고정형CCTV,2025-01-07,2026-01-02
주정차 금지구역,2025-01-06,고정형CCTV,2025-01-07,2026-01-02
주정차 금지구역,2025-01-06,고정형CCTV,2025-01-07,2026-01-02
주정차 금지구역,2025-01-06,고정형CCTV,2025-03-04,2026-01-02
주정차 금지구역,2025-01-06,고정형CCTV,2025-03-04,2026-01-02
소방시설 주변,2025-01-06,고정형CCTV,2025-01-07,2026-01-02
주정차 금지구역,2025-01-06,고정형CCTV,2025-01-07,2026-01-02
주정차 금지구역,2025-01-06,고정형CCTV,2025-01-07,2026-01-02
주정차 금지구역,2025-01-06,고정형CCTV,2025-01-07,2026-01-02
주정차 금지구역,2025-01-06,고정형CCTV,2025-01-07,2026-01-02
주정차 금지구역,2025-01-06,고정형CCTV,2025-01-07,2026-01-02
주정차 금지구역,2025-01-06,고정형CCTV,2025-01-07,2026-01-02
주정차 금지구역,2025-01-06,고정형CCTV,2025-03-04,2026-01-02
주정차 금지구역,2025-01-06,고정형CCTV,2025-01-07,2026-01-02
주정차 금지구역,2025-01-06,고정형CCTV,2025-01-07,2026-01-02
주정차 금지구역,2025-01-06,고정형CCTV,2025-01-07,2026-01-02
주정차 금지구역,2025-01-06,고정형CCTV,2025-01-07,2026-01-02
주정차 금지구역,2025-01-06,고정형CCTV,2025-01-07,2026-01-02
주정차 금지구역,2025-01-06,고정형CCTV,2025-01-07,2026-01-02
주정차 금지구역,2025-01-06,고정형CCTV,2025-03-04,2026-01-02
주정차 금지구역,2025-01-06,고정형CCTV,2025-01-07,2026-01-02
주정차 금지구역,2025-01-06,고정형CCTV,2025-01-07,2026-01-02
주정차 금지구역,2025-01-06,고정형CCTV,2025-01-07,2026-01-02
주정차 금지구역,2025-01-06,고정형CCTV,2025-03-04,2026-01-02
주정차 금지구역,2025-01-06,고정형CCTV,2025-01-07,2026-01-02
주정차 금지구역,2025-01-06,고정형CCTV,2025-01-07,2026-01-02
주정차 금지구역,2025-01-06,고정형CCTV,2025-03-04,2026-01-02
주정차 금지구역,2025-01-06,고정형CCTV,2025-01-07,2026-01-02
주정차 금지구역,2025-01-06,고정형CCTV,2025-01-07,2026-01-02
주정차 금지구역,2025-01-06,고정형CCTV,2025-01-07,2026-01-02
주정차 금지구역,2025-01-06,고정형CCTV,2025-01-07,2026-01-02
주정차 금지구역,2025-01-06,고정형CCTV,2025-03-04,2026-01-02
주정차 금지구역,2025-01-06,고정형CCTV,2025-01-07,2026-01-02
주정차 금지구역,2025-01-06,고정형CCTV,2025-01-07,2026-01-02
주정차 금지구역,2025-01-06,고정형CCTV,2025-03-04,2026-01-02
주정차 금지구역,2025-01-06,고정형CCTV,2025-01-07,2026-01-02
주정차 금지구역,2025-01-06,고정형CCTV,2025-01-07,2026-01-02
주정차 금지구역,2025-01-06,고정형CCTV,2025-03-04,2026-01-02
주정차 금지구역,2025-01-06,고정형CCTV,2025-01-07,2026-01-02
주정차 금지구역,2025-01-06,고정형CCTV,2025-01-07,2026-01-02
주정차 금지구역,2025-01-06,고정형CCTV,2025-01-07,2026-01-02
주정차 금지구역,2025-01-06,고정형CCTV,2025-01-07,2026-01-02
주정차 금지구역,2025-01-06,고정형CCTV,2025-03-04,2026-01-02
주정차 금지구역,2025-01-06,고정형CCTV,2025-03-04,2026-01-02
주정차 금지구역,2025-01-06,고정형CCTV,2025-03-04,2026-01-02
주정차 금지구역,2025-01-06,고정형CCTV,2025-01-07,2026-01-02
주정차 금지구역,2025-01-06,고정형CCTV,2025-03-04,2026-01-02
주정차 금지구역,2025-01-06,고정형CCTV,2025-01-07,2026-01-02
주정차 금지구역,2025-01-06,고정형CCTV,2025-01-07,2026-01-02
주정차 금지구역,2025-01-06,고정형CCTV,2025-01-07,2026-01-02
주정차 금지구역,2025-01-06,고정형CCTV,2025-01-07,2026-01-02
주정차 금지구역,2025-01-06,고정형CCTV,2025-01-07,2026-01-02
주정차 금지구역,2025-01-06,고정형CCTV,2025-01-07,2026-01-02
주정차 금지구역,2025-01-06,고정형CCTV,2025-03-04,2026-01-02
주정차 금지구역,2025-01-06,고정형CCTV,2025-03-04,2026-01-02
주정차 금지구역,2025-01-06,고정형CCTV,2025-03-04,2026-01-02
주정차 금지구역,2025-01-06,고정형CCTV,2025-01-07,2026-01-02
주정차 금지구역,2025-01-06,고정형CCTV,2025-01-07,2026-01-02
주정차 금지구역,2025-01-06,고정형CCTV,2025-01-07,2026-01-02
주정차 금지구역,2025-01-06,고정형CCTV,2025-03-04,2026-01-02
주정차 금지구역,2025-01-06,고정형CCTV,2025-03-04,2026-01-02
주정차 금지구역,2025-01-06,고정형CCTV,2025-11-21,2026-01-02
주정차 금지구역,2025-01-06,고정형CCTV,2025-01-07,2026-01-02
주정차 금지구역,2025-01-06,고정형CCTV,2025-03-04,2026-01-02
주정차 금지구역,2025-01-06,고정형CCTV,2025-11-21,2026-01-02
주정차 금지구역,2025-01-06,고정형CCTV,2025-03-04,2026-01-02
주정차 금지구역,2025-01-06,고정형CCTV,2025-11-21,2026-01-02
주정차 금지구역,2025-01-06,고정형CCTV,2025-03-04,2026-01-02
주정차 금지구역,2025-01-06,고정형CCTV,2025-01-07,2026-01-02
주정차 금지구역,2025-01-06,고정형CCTV,2025-03-04,2026-01-02
주정차 금지구역,2025-01-06,고정형CCTV,2025-01-07,2026-01-02
주정차 금지구역,2025-01-06,고정형CCTV,2025-03-04,2026-01-02
주정차 금지구역,2025-01-06,고정형CCTV,2025-01-07,2026-01-02
소방시설 주변,2025-01-06,고정형CCTV,2025-01-07,2026-01-02
주정차 금지구역,2025-01-06,고정형CCTV,2025-03-04,2026-01-02
주정차 금지구역,2025-01-06,고정형CCTV,2025-03-04,2026-01-02
주정차 금지구역,2025-01-06,고정형CCTV,2025-01-07,2026-01-02
주정차 금지구역,2025-01-06,고정형CCTV,2025-11-21,2026-01-02
주정차 금지구역,2025-01-06,고정형CCTV,2025-01-07,2026-01-02
주정차 금지구역,2025-01-06,고정형CCTV,2025-01-07,2026-01-02
주정차 금지구역,2025-01-06,고정형CCTV,2025-01-07,2026-01-02
주정차 금지구역,2025-01-06,고정형CCTV,2025-03-04,2026-01-02
주정차 금지구역,2025-01-06,고정형CCTV,2025-01-07,2026-01-02
주정차 금지구역,2025-01-06,고정형CCTV,2025-03-04,2026-01-02
주정차 금지구역,2025-01-06,고정형CCTV,2025-01-07,2026-01-02
주정차 금지구역,2025-01-06,고정형CCTV,2025-01-07,2026-01-02
주정차 금지구역,2025-01-06,고정형CCTV,2025-01-07,2026-01-02
주정차 금지구역,2025-01-06,고정형CCTV,2025-01-07,2026-01-02
주정차 금지구역,2025-01-06,고정형CCTV,2025-01-07,2026-01-02
주정차 금지구역,2025-01-06,고정형CCTV,2025-01-07,2026-01-02
주정차 금지구역,2025-01-06,고정형CCTV,2025-01-07,2026-01-02
횡단보도,2025-01-04,안전신문고,2025-01-14,2026-01-02
횡단보도,2025-01-04,안전신문고,2025-01-14,2026-01-02
도로모퉁이,2025-01-03,안전신문고,2025-01-10,2026-01-02
횡단보도,2025-01-03,안전신문고,2025-01-10,2026-01-02
횡단보도,2025-01-04,안전신문고,2025-01-14,2026-01-02
보도(인도)위,2025-01-04,안전신문고,2025-01-14,2026-01-02
횡단보도,2025-01-03,안전신문고,2025-03-04,2026-01-02
보도(인도)위,2025-01-04,안전신문고,2025-03-04,2026-01-02
보도(인도)위,2025-01-04,안전신문고,2025-03-04,2026-01-02
도로모퉁이,2025-01-04,안전신문고,2025-01-14,2026-01-02
보도(인도)위,2025-01-04,안전신문고,2025-01-14,2026-01-02
보도(인도)위,2025-01-03,안전신문고,2025-01-10,2026-01-02
횡단보도,2025-01-04,안전신문고,2025-03-04,2026-01-02
횡단보도,2025-01-04,안전신문고,2025-03-04,2026-01-02
주정차 금지구역,2025-01-03,안전신문고,2025-01-10,2026-01-02
도로모퉁이,2025-01-04,안전신문고,2025-01-14,2026-01-02
도로모퉁이,2025-01-04,안전신문고,2025-01-14,2026-01-02
주정차 금지구역,2025-01-04,안전신문고,2025-03-04,2026-01-02
도로모퉁이,2025-01-02,안전신문고,2025-01-10,2026-01-02
횡단보도,2025-01-04,안전신문고,2025-01-14,2026-01-02
주정차 금지구역,2025-01-06,주행형CCTV,2025-01-07,2026-01-02
주정차 금지구역,2025-01-06,주행형CCTV,2025-03-04,2026-01-02
주정차 금지구역,2025-01-06,주행형CCTV,2025-01-07,2026-01-02
주정차 금지구역,2025-01-06,주행형CCTV,2025-03-04,2026-01-02
주정차 금지구역,2025-01-06,주행형CCTV,2025-01-07,2026-01-02
주정차 금지구역,2025-01-06,주행형CCTV,2025-03-04,2026-01-02
주정차 금지구역,2025-01-06,주행형CCTV,2025-01-07,2026-01-02
주정차 금지구역,2025-01-06,주행형CCTV,2025-03-04,2026-01-02
주정차 금지구역,2025-01-06,주행형CCTV,2025-03-04,2026-01-02
주정차 금지구역,2025-01-06,주행형CCTV,2025-01-07,2026-01-02
주정차 금지구역,2025-01-06,주행형CCTV,2025-01-07,2026-01-02
주정차 금지구역,2025-01-06,주행형CCTV,2025-01-07,2026-01-02
주정차 금지구역,2025-01-06,주행형CCTV,2025-03-04,2026-01-02
주정차 금지구역,2025-01-06,주행형CCTV,2025-01-07,2026-01-02
주정차 금지구역,2025-01-06,주행형CCTV,2025-01-07,2026-01-02
주정차 금지구역,2025-01-06,주행형CCTV,2025-03-04,2026-01-02
주정차 금지구역,2025-01-06,주행형CCTV,2025-03-04,2026-01-02
주정차 금지구역,2025-01-06,주행형CCTV,2025-03-04,2026-01-02
주정차 금지구역,2025-01-06,주행형CCTV,2025-01-07,2026-01-02
주정차 금지구역,2025-01-06,주행형CCTV,2025-01-07,2026-01-02
주정차 금지구역,2025-01-06,주행형CCTV,2025-01-07,2026-01-02
주정차 금지구역,2025-01-06,주행형CCTV,2025-03-04,2026-01-02
주정차 금지구역,2025-01-06,주행형CCTV,2025-01-07,2026-01-02
주정차 금지구역,2025-01-06,주행형CCTV,2025-01-07,2026-01-02
주정차 금지구역,2025-01-06,주행형CCTV,2025-01-07,2026-01-02
주정차 금지구역,2025-01-06,주행형CCTV,2025-01-07,2026-01-02
주정차 금지구역,2025-01-06,주행형CCTV,2025-03-04,2026-01-02
주정차 금지구역,2025-01-06,주행형CCTV,2025-01-07,2026-01-02
주정차 금지구역,2025-01-06,주행형CCTV,2025-03-04,2026-01-02
주정차 금지구역,2025-01-06,주행형CCTV,2025-03-04,2026-01-02
주정차 금지구역,2025-01-06,주행형CCTV,2025-11-21,2026-01-02
주정차 금지구역,2025-01-06,주행형CCTV,2025-01-07,2026-01-02
주정차 금지구역,2025-01-06,주행형CCTV,2025-01-07,2026-01-02
주정차 금지구역,2025-01-06,주행형CCTV,2025-01-07,2026-01-02
주정차 금지구역,2025-01-06,주행형CCTV,2025-01-07,2026-01-02
주정차 금지구역,2025-01-06,주행형CCTV,2025-01-07,2026-01-02
주정차 금지구역,2025-01-06,주행형CCTV,2025-03-04,2026-01-02
주정차 금지구역,2025-01-06,주행형CCTV,2025-01-07,2026-01-02
주정차 금지구역,2025-01-06,주행형CCTV,2025-01-07,2026-01-02
주정차 금지구역,2025-01-06,주행형CCTV,2025-03-04,2026-01-02
주정차 금지구역,2025-01-06,주행형CCTV,2025-01-07,2026-01-02
주정차 금지구역,2025-01-06,주행형CCTV,2025-01-07,2026-01-02
주정차 금지구역,2025-01-06,주행형CCTV,2025-03-04,2026-01-02
주정차 금지구역,2025-01-06,주행형CCTV,2025-11-21,2026-01-02
주정차 금지구역,2025-01-06,주행형CCTV,2025-01-07,2026-01-02
주정차 금지구역,2025-01-06,주행형CCTV,2025-03-04,2026-01-02
주정차 금지구역,2025-01-06,주행형CCTV,2025-03-04,2026-01-02
주정차 금지구역,2025-01-06,주행형CCTV,2025-01-07,2026-01-02
주정차 금지구역,2025-01-06,주행형CCTV,2025-01-07,2026-01-02
주정차 금지구역,2025-01-06,주행형CCTV,2025-03-04,2026-01-02
주정차 금지구역,2025-01-06,주행형CCTV,2025-11-21,2026-01-02
주정차 금지구역,2025-01-06,주행형CCTV,2025-03-04,2026-01-02
주정차 금지구역,2025-01-06,주행형CCTV,2025-01-07,2026-01-02
주정차 금지구역,2025-01-06,주행형CCTV,2025-01-07,2026-01-02
주정차 금지구역,2025-01-06,주행형CCTV,2025-01-07,2026-01-02
주정차 금지구역,2025-01-06,주행형CCTV,2025-01-07,2026-01-02
주정차 금지구역,2025-01-06,주행형CCTV,2025-01-07,2026-01-02
주정차 금지구역,2025-01-06,주행형CCTV,2025-03-04,2026-01-02
주정차 금지구역,2025-01-06,주행형CCTV,2025-03-04,2026-01-02
주정차 금지구역,2025-01-06,주행형CCTV,2025-01-07,2026-01-02
주정차 금지구역,2025-01-06,주행형CCTV,2025-01-07,2026-01-02
주정차 금지구역,2025-01-06,주행형CCTV,2025-01-07,2026-01-02
주정차 금지구역,2025-01-06,주행형CCTV,2025-01-07,2026-01-02
주정차 금지구역,2025-01-06,주행형CCTV,2025-01-07,2026-01-02
주정차 금지구역,2025-01-06,주행형CCTV,2025-01-07,2026-01-02
주정차 금지구역,2025-01-06,주행형CCTV,2025-01-07,2026-01-02
주정차 금지구역,2025-01-06,주행형CCTV,2025-01-07,2026-01-02
주정차 금지구역,2025-01-06,주행형CCTV,2025-03-04,2026-01-02
주정차 금지구역,2025-01-06,주행형CCTV,2025-01-07,2026-01-02
주정차 금지구역,2025-01-06,주행형CCTV,2025-01-07,2026-01-02
주정차 금지구역,2025-01-06,주행형CCTV,2025-01-07,2026-01-02
주정차 금지구역,2025-01-06,주행형CCTV,2025-01-07,2026-01-02
주정차 금지구역,2025-01-06,주행형CCTV,2025-01-07,2026-01-02
주정차 금지구역,2025-01-06,주행형CCTV,2025-03-04,2026-01-02
주정차 금지구역,2025-01-06,주행형CCTV,2025-01-07,2026-01-02
주정차 금지구역,2025-01-06,주행형CCTV,2025-01-07,2026-01-02
주정차 금지구역,2025-01-06,주행형CCTV,2025-03-04,2026-01-02
주정차 금지구역,2025-01-06,주행형CCTV,2025-03-04,2026-01-02
주정차 금지구역,2025-01-06,주행형CCTV,2025-01-07,2026-01-02
주정차 금지구역,2025-01-06,주행형CCTV,2025-01-07,2026-01-02
주정차 금지구역,2025-01-06,주행형CCTV,2025-03-04,2026-01-02
주정차 금지구역,2025-01-06,주행형CCTV,2025-01-07,2026-01-02
주정차 금지구역,2025-01-06,주행형CCTV,2025-01-07,2026-01-02
주정차 금지구역,2025-01-06,주행형CCTV,2025-03-04,2026-01-02
주정차 금지구역,2025-01-06,주행형CCTV,2025-01-07,2026-01-02
주정차 금지구역,2025-01-06,주행형CCTV,2025-01-07,2026-01-02
주정차 금지구역,2025-01-06,주행형CCTV,2025-03-04,2026-01-02
주정차 금지구역,2025-01-06,주행형CCTV,2025-03-04,2026-01-02
주정차 금지구역,2025-01-06,주행형CCTV,2025-03-04,2026-01-02
주정차 금지구역,2025-01-06,주행형CCTV,2025-03-04,2026-01-02
주정차 금지구역,2025-01-06,주행형CCTV,2025-03-04,2026-01-02
주정차 금지구역,2025-01-06,주행형CCTV,2025-03-04,2026-01-02
주정차 금지구역,2025-01-06,주행형CCTV,2025-01-07,2026-01-02
주정차 금지구역,2025-01-06,주행형CCTV,2025-01-07,2026-01-02
주정차 금지구역,2025-01-06,주행형CCTV,2025-03-04,2026-01-02
주정차 금지구역,2025-01-06,주행형CCTV,2025-01-07,2026-01-02
주정차 금지구역,2025-01-06,주행형CCTV,2025-03-04,2026-01-02
주정차 금지구역,2025-01-06,주행형CCTV,2025-03-04,2026-01-02
주정차 금지구역,2025-01-06,주행형CCTV,2025-03-04,2026-01-02
주정차 금지구역,2025-01-06,주행형CCTV,2025-01-07,2026-01-02
주정차 금지구역,2025-01-06,주행형CCTV,2025-01-07,2026-01-02
주정차 금지구역,2025-01-06,주행형CCTV,2025-03-04,2026-01-02
주정차 금지구역,2025-01-06,주행형CCTV,2025-01-07,2026-01-02
주정차 금지구역,2025-01-06,주행형CCTV,2025-01-07,2026-01-02
주정차 금지구역,2025-01-06,주행형CCTV,2025-01-07,2026-01-02
주정차 금지구역,2025-01-06,주행형CCTV,2025-01-07,2026-01-02
주정차 금지구역,2025-01-06,주행형CCTV,2025-03-04,2026-01-02
주정차 금지구역,2025-01-06,주행형CCTV,2025-01-07,2026-01-02
주정차 금지구역,2025-01-06,주행형CCTV,2025-03-04,2026-01-02
주정차 금지구역,2025-01-06,주행형CCTV,2025-03-04,2026-01-02
주정차 금지구역,2025-01-06,주행형CCTV,2025-03-04,2026-01-02
주정차 금지구역,2025-01-06,주행형CCTV,2025-03-04,2026-01-02
주정차 금지구역,2025-01-06,주행형CCTV,2025-01-07,2026-01-02
주정차 금지구역,2025-01-06,주행형CCTV,2025-03-04,2026-01-02
주정차 금지구역,2025-01-06,주행형CCTV,2025-01-07,2026-01-02
주정차 금지구역,2025-01-06,주행형CCTV,2025-01-07,2026-01-02
주정차 금지구역,2025-01-06,주행형CCTV,2025-03-04,2026-01-02
주정차 금지구역,2025-01-06,주행형CCTV,2025-01-07,2026-01-02
주정차 금지구역,2025-01-06,주행형CCTV,2025-11-21,2026-01-02
주정차 금지구역,2025-01-06,주행형CCTV,2025-03-04,2026-01-02
주정차 금지구역,2025-01-06,주행형CCTV,2025-03-04,2026-01-02
주정차 금지구역,2025-01-06,주행형CCTV,2025-03-04,2026-01-02
주정차 금지구역,2025-01-06,주행형CCTV,2025-01-07,2026-01-02
주정차 금지구역,2025-01-06,주행형CCTV,2025-03-04,2026-01-02
주정차 금지구역,2025-01-06,주행형CCTV,2025-01-07,2026-01-02
주정차 금지구역,2025-01-06,주행형CCTV,2025-01-07,2026-01-02
주정차 금지구역,2025-01-06,주행형CCTV,2025-03-04,2026-01-02
주정차 금지구역,2025-01-06,주행형CCTV,2025-01-07,2026-01-02
주정차 금지구역,2025-01-06,주행형CCTV,2025-03-04,2026-01-02
주정차 금지구역,2025-01-06,주행형CCTV,2025-03-04,2026-01-02
주정차 금지구역,2025-01-06,주행형CCTV,2025-01-07,2026-01-02
주정차 금지구역,2025-01-06,주행형CCTV,2025-03-04,2026-01-02
주정차 금지구역,2025-01-06,주행형CCTV,2025-01-07,2026-01-02
주정차 금지구역,2025-01-06,주행형CCTV,2025-03-04,2026-01-02
주정차 금지구역,2025-01-06,주행형CCTV,2025-01-07,2026-01-02
주정차 금지구역,2025-01-06,주행형CCTV,2025-01-07,2026-01-02
주정차 금지구역,2025-01-06,주행형CCTV,2025-01-07,2026-01-02
주정차 금지구역,2025-01-06,주행형CCTV,2025-03-04,2026-01-02
주정차 금지구역,2025-01-06,주행형CCTV,2025-03-04,2026-01-02
주정차 금지구역,2025-01-06,주행형CCTV,2025-01-07,2026-01-02
주정차 금지구역,2025-01-06,주행형CCTV,2025-01-07,2026-01-02
주정차 금지구역,2025-01-06,주행형CCTV,2025-01-07,2026-01-02
주정차 금지구역,2025-01-06,주행형CCTV,2025-01-07,2026-01-02
주정차 금지구역,2025-01-06,주행형CCTV,2025-01-07,2026-01-02
주정차 금지구역,2025-01-06,주행형CCTV,2025-01-07,2026-01-02
주정차 금지구역,2025-01-06,주행형CCTV,2025-03-04,2026-01-02
주정차 금지구역,2025-01-06,주행형CCTV,2025-01-07,2026-01-02
주정차 금지구역,2025-01-06,주행형CCTV,2025-01-07,2026-01-02
주정차 금지구역,2025-01-04,안전신문고,2025-01-14,2026-01-02
보도(인도)위,2025-01-04,안전신문고,2025-01-14,2026-01-02
도로모퉁이,2025-01-04,안전신문고,2025-03-04,2026-01-02
보도(인도)위,2025-01-04,안전신문고,2025-03-04,2026-01-02
도로모퉁이,2025-01-03,안전신문고,2025-01-10,2026-01-02
도로모퉁이,2025-01-04,안전신문고,2025-01-14,2026-01-02
도로모퉁이,2025-01-06,안전신문고,2025-01-14,2026-01-02
횡단보도,2025-01-06,안전신문고,2025-11-21,2026-01-02
보도(인도)위,2025-01-06,안전신문고,2025-03-04,2026-01-02
도로모퉁이,2025-01-06,안전신문고,2025-01-14,2026-01-02
보도(인도)위,2025-01-03,안전신문고,2025-01-10,2026-01-02
횡단보도,2025-01-03,안전신문고,2025-03-04,2026-01-02
횡단보도,2025-01-04,안전신문고,2025-03-04,2026-01-02
도로모퉁이,2025-01-06,안전신문고,2025-03-04,2026-01-02
보도(인도)위,2025-01-03,안전신문고,2025-01-10,2026-01-02
주정차 금지구역,2025-01-03,안전신문고,2025-01-10,2026-01-02
횡단보도,2025-01-04,안전신문고,2025-03-04,2026-01-02
횡단보도,2025-01-04,안전신문고,2025-01-14,2026-01-02
주정차 금지구역,2025-01-06,안전신문고,2025-01-14,2026-01-02
횡단보도,2025-01-04,안전신문고,2025-01-14,2026-01-02
주정차 금지구역,2025-01-06,안전신문고,2025-01-14,2026-01-02
보도(인도)위,2025-01-03,안전신문고,2025-01-10,2026-01-02
횡단보도,2025-01-03,안전신문고,2025-01-10,2026-01-02
횡단보도,2025-01-03,안전신문고,2025-03-04,2026-01-02
도로모퉁이,2025-01-03,안전신문고,2025-03-04,2026-01-02
횡단보도,2025-01-03,안전신문고,2025-03-04,2026-01-02
횡단보도,2025-01-03,안전신문고,2025-01-10,2026-01-02
보도(인도)위,2025-01-03,안전신문고,2025-11-21,2026-01-02
보도(인도)위,2025-01-03,안전신문고,2025-03-04,2026-01-02
보도(인도)위,2025-01-03,안전신문고,2025-01-10,2026-01-02
횡단보도,2025-01-03,안전신문고,2025-01-10,2026-01-02
도로모퉁이,2025-01-03,안전신문고,2025-03-04,2026-01-02
도로모퉁이,2025-01-03,안전신문고,2025-03-04,2026-01-02
도로모퉁이,2025-01-04,안전신문고,2025-01-14,2026-01-02
소방시설 주변,2025-01-04,안전신문고,2025-01-14,2026-01-02
횡단보도,2025-01-04,안전신문고,2025-03-04,2026-01-02
소방시설 주변,2025-01-04,안전신문고,2025-01-14,2026-01-02
횡단보도,2025-01-04,안전신문고,2025-03-04,2026-01-02
횡단보도,2025-01-04,안전신문고,2025-03-04,2026-01-02
횡단보도,2025-01-04,안전신문고,2025-01-14,2026-01-02
횡단보도,2025-01-04,안전신문고,2025-03-04,2026-01-02
주정차 금지구역,2025-01-07,버스장착형CCTV,2025-01-08,2026-01-02
주정차 금지구역,2025-01-07,버스장착형CCTV,2025-01-08,2026-01-02
주정차 금지구역,2025-01-07,버스장착형CCTV,2025-01-08,2026-01-02
주정차 금지구역,2025-01-07,버스장착형CCTV,2025-03-04,2026-01-02
주정차 금지구역,2025-01-02,안전신문고,2025-01-10,2026-01-02
버스정류장 주변,2025-01-03,안전신문고,2025-01-10,2026-01-02
횡단보도,2025-01-06,안전신문고,2025-11-21,2026-01-02
도로모퉁이,2025-01-03,안전신문고,2025-01-10,2026-01-02
횡단보도,2025-01-06,안전신문고,2025-03-04,2026-01-02
횡단보도,2025-01-04,안전신문고,2025-03-04,2026-01-02
보도(인도)위,2025-01-06,안전신문고,2025-03-04,2026-01-02
횡단보도,2025-01-05,안전신문고,2025-03-04,2026-01-02
도로모퉁이,2025-01-04,안전신문고,2025-03-04,2026-01-02
횡단보도,2025-01-03,안전신문고,2025-03-04,2026-01-02
횡단보도,2025-01-06,안전신문고,2025-01-14,2026-01-02
횡단보도,2025-01-04,안전신문고,2025-01-14,2026-01-02
도로모퉁이,2025-01-03,안전신문고,2025-01-10,2026-01-02
횡단보도,2025-01-04,안전신문고,2025-03-04,2026-01-02
주정차 금지구역,2025-01-07,주행형CCTV,2025-01-08,2026-01-02
주정차 금지구역,2025-01-07,주행형CCTV,2025-03-04,2026-01-02
주정차 금지구역,2025-01-07,주행형CCTV,2025-01-08,2026-01-02
주정차 금지구역,2025-01-07,주행형CCTV,2025-01-08,2026-01-02
주정차 금지구역,2025-01-07,주행형CCTV,2025-03-04,2026-01-02
주정차 금지구역,2025-01-07,주행형CCTV,2025-01-08,2026-01-02
주정차 금지구역,2025-01-07,주행형CCTV,2025-01-08,2026-01-02
주정차 금지구역,2025-01-07,주행형CCTV,2025-01-08,2026-01-02
주정차 금지구역,2025-01-07,주행형CCTV,2025-01-08,2026-01-02
주정차 금지구역,2025-01-07,주행형CCTV,2025-01-08,2026-01-02
주정차 금지구역,2025-01-07,주행형CCTV,2025-01-08,2026-01-02
주정차 금지구역,2025-01-07,주행형CCTV,2025-01-08,2026-01-02
주정차 금지구역,2025-01-07,주행형CCTV,2025-01-08,2026-01-02
주정차 금지구역,2025-01-07,주행형CCTV,2025-11-21,2026-01-02
주정차 금지구역,2025-01-07,주행형CCTV,2025-01-08,2026-01-02
주정차 금지구역,2025-01-07,주행형CCTV,2025-03-04,2026-01-02
주정차 금지구역,2025-01-07,주행형CCTV,2025-01-08,2026-01-02
주정차 금지구역,2025-01-07,주행형CCTV,2025-01-08,2026-01-02
주정차 금지구역,2025-01-07,주행형CCTV,2025-11-21,2026-01-02
주정차 금지구역,2025-01-07,주행형CCTV,2025-03-04,2026-01-02
주정차 금지구역,2025-01-07,주행형CCTV,2025-02-28,2026-01-02
주정차 금지구역,2025-01-07,주행형CCTV,2025-03-04,2026-01-02
주정차 금지구역,2025-01-07,주행형CCTV,2025-01-08,2026-01-02
주정차 금지구역,2025-01-07,주행형CCTV,2025-01-08,2026-01-02
주정차 금지구역,2025-01-07,주행형CCTV,2025-11-21,2026-01-02
주정차 금지구역,2025-01-07,주행형CCTV,2025-01-08,2026-01-02
주정차 금지구역,2025-01-07,주행형CCTV,2025-11-21,2026-01-02
주정차 금지구역,2025-01-07,주행형CCTV,2025-01-08,2026-01-02
주정차 금지구역,2025-01-07,주행형CCTV,2025-03-04,2026-01-02
주정차 금지구역,2025-01-07,주행형CCTV,2025-01-08,2026-01-02
주정차 금지구역,2025-01-07,주행형CCTV,2025-03-04,2026-01-02
주정차 금지구역,2025-01-07,주행형CCTV,2025-01-08,2026-01-02
주정차 금지구역,2025-01-07,주행형CCTV,2025-01-08,2026-01-02
주정차 금지구역,2025-01-07,주행형CCTV,2025-01-08,2026-01-02
주정차 금지구역,2025-01-07,주행형CCTV,2025-01-08,2026-01-02
주정차 금지구역,2025-01-07,주행형CCTV,2025-01-08,2026-01-02
주정차 금지구역,2025-01-07,주행형CCTV,2025-03-04,2026-01-02
주정차 금지구역,2025-01-07,주행형CCTV,2025-01-08,2026-01-02
주정차 금지구역,2025-01-07,주행형CCTV,2025-01-08,2026-01-02
주정차 금지구역,2025-01-07,주행형CCTV,2025-11-21,2026-01-02
주정차 금지구역,2025-01-07,주행형CCTV,2025-11-21,2026-01-02
주정차 금지구역,2025-01-07,주행형CCTV,2025-03-04,2026-01-02
주정차 금지구역,2025-01-07,주행형CCTV,2025-11-21,2026-01-02
주정차 금지구역,2025-01-07,주행형CCTV,2025-01-08,2026-01-02
주정차 금지구역,2025-01-07,주행형CCTV,2025-01-08,2026-01-02
주정차 금지구역,2025-01-07,주행형CCTV,2025-01-08,2026-01-02
주정차 금지구역,2025-01-07,주행형CCTV,2025-03-04,2026-01-02
주정차 금지구역,2025-01-07,주행형CCTV,2025-01-08,2026-01-02
주정차 금지구역,2025-01-07,주행형CCTV,2025-03-04,2026-01-02
주정차 금지구역,2025-01-07,주행형CCTV,2025-03-04,2026-01-02
주정차 금지구역,2025-01-07,주행형CCTV,2025-01-08,2026-01-02
주정차 금지구역,2025-01-07,주행형CCTV,2025-01-08,2026-01-02
주정차 금지구역,2025-01-07,주행형CCTV,2025-03-04,2026-01-02
주정차 금지구역,2025-01-07,주행형CCTV,2025-01-08,2026-01-02
주정차 금지구역,2025-01-07,주행형CCTV,2025-01-08,2026-01-02
주정차 금지구역,2025-01-07,주행형CCTV,2025-01-08,2026-01-02
주정차 금지구역,2025-01-07,주행형CCTV,2025-03-04,2026-01-02
주정차 금지구역,2025-01-07,주행형CCTV,2025-01-08,2026-01-02
주정차 금지구역,2025-01-07,주행형CCTV,2025-03-04,2026-01-02
주정차 금지구역,2025-01-07,주행형CCTV,2025-01-08,2026-01-02
주정차 금지구역,2025-01-07,주행형CCTV,2025-01-08,2026-01-02
주정차 금지구역,2025-01-07,주행형CCTV,2025-01-08,2026-01-02
주정차 금지구역,2025-01-07,주행형CCTV,2025-01-08,2026-01-02
주정차 금지구역,2025-01-07,주행형CCTV,2025-01-08,2026-01-02
주정차 금지구역,2025-01-07,주행형CCTV,2025-03-04,2026-01-02
주정차 금지구역,2025-01-07,주행형CCTV,2025-03-04,2026-01-02
주정차 금지구역,2025-01-07,주행형CCTV,2025-01-08,2026-01-02
주정차 금지구역,2025-01-07,주행형CCTV,2025-01-08,2026-01-02
주정차 금지구역,2025-01-07,주행형CCTV,2025-01-08,2026-01-02
주정차 금지구역,2025-01-07,주행형CCTV,2025-03-04,2026-01-02
주정차 금지구역,2025-01-07,주행형CCTV,2025-03-04,2026-01-02
주정차 금지구역,2025-01-07,주행형CCTV,2025-01-08,2026-01-02
주정차 금지구역,2025-01-07,주행형CCTV,2025-01-08,2026-01-02
주정차 금지구역,2025-01-07,주행형CCTV,2025-01-08,2026-01-02
주정차 금지구역,2025-01-07,주행형CCTV,2025-03-04,2026-01-02
주정차 금지구역,2025-01-07,주행형CCTV,2025-01-08,2026-01-02
주정차 금지구역,2025-01-07,주행형CCTV,2025-03-04,2026-01-02
주정차 금지구역,2025-01-07,주행형CCTV,2025-01-08,2026-01-02
주정차 금지구역,2025-01-07,주행형CCTV,2025-01-08,2026-01-02
주정차 금지구역,2025-01-07,주행형CCTV,2025-01-08,2026-01-02
주정차 금지구역,2025-01-07,주행형CCTV,2025-01-08,2026-01-02
주정차 금지구역,2025-01-07,주행형CCTV,2025-01-08,2026-01-02
주정차 금지구역,2025-01-07,주행형CCTV,2025-01-08,2026-01-02
주정차 금지구역,2025-01-07,주행형CCTV,2025-03-04,2026-01-02
주정차 금지구역,2025-01-07,주행형CCTV,2025-01-08,2026-01-02
주정차 금지구역,2025-01-07,주행형CCTV,2025-01-08,2026-01-02
주정차 금지구역,2025-01-07,주행형CCTV,2025-01-08,2026-01-02
주정차 금지구역,2025-01-07,주행형CCTV,2025-01-08,2026-01-02
주정차 금지구역,2025-01-07,주행형CCTV,2025-01-08,2026-01-02
주정차 금지구역,2025-01-07,주행형CCTV,2025-01-08,2026-01-02
주정차 금지구역,2025-01-07,주행형CCTV,2025-03-04,2026-01-02
주정차 금지구역,2025-01-07,주행형CCTV,2025-03-04,2026-01-02
주정차 금지구역,2025-01-07,주행형CCTV,2025-01-08,2026-01-02
주정차 금지구역,2025-01-07,주행형CCTV,2025-01-08,2026-01-02
주정차 금지구역,2025-01-07,주행형CCTV,2025-01-08,2026-01-02
주정차 금지구역,2025-01-07,주행형CCTV,2025-03-04,2026-01-02
주정차 금지구역,2025-01-07,주행형CCTV,2025-03-04,2026-01-02
주정차 금지구역,2025-01-07,주행형CCTV,2025-01-08,2026-01-02
주정차 금지구역,2025-01-07,주행형CCTV,2025-01-08,2026-01-02
주정차 금지구역,2025-01-07,주행형CCTV,2025-01-08,2026-01-02
주정차 금지구역,2025-01-07,주행형CCTV,2025-01-08,2026-01-02
주정차 금지구역,2025-01-07,주행형CCTV,2025-01-08,2026-01-02
주정차 금지구역,2025-01-07,주행형CCTV,2025-03-04,2026-01-02
주정차 금지구역,2025-01-07,주행형CCTV,2025-03-04,2026-01-02
주정차 금지구역,2025-01-07,주행형CCTV,2025-01-08,2026-01-02
주정차 금지구역,2025-01-07,주행형CCTV,2025-01-08,2026-01-02
주정차 금지구역,2025-01-07,주행형CCTV,2025-01-08,2026-01-02
주정차 금지구역,2025-01-07,주행형CCTV,2025-03-04,2026-01-02
주정차 금지구역,2025-01-07,주행형CCTV,2025-03-04,2026-01-02
주정차 금지구역,2025-01-07,주행형CCTV,2025-03-04,2026-01-02
주정차 금지구역,2025-01-07,주행형CCTV,2025-03-04,2026-01-02
주정차 금지구역,2025-01-07,주행형CCTV,2025-01-08,2026-01-02
주정차 금지구역,2025-01-07,주행형CCTV,2025-01-08,2026-01-02
주정차 금지구역,2025-01-07,주행형CCTV,2025-01-08,2026-01-02
주정차 금지구역,2025-01-07,주행형CCTV,2025-01-08,2026-01-02
주정차 금지구역,2025-01-07,주행형CCTV,2025-03-04,2026-01-02
주정차 금지구역,2025-01-07,주행형CCTV,2025-01-08,2026-01-02
주정차 금지구역,2025-01-07,주행형CCTV,2025-01-08,2026-01-02
주정차 금지구역,2025-01-07,주행형CCTV,2025-01-08,2026-01-02
주정차 금지구역,2025-01-07,주행형CCTV,2025-03-04,2026-01-02
주정차 금지구역,2025-01-07,주행형CCTV,2025-01-08,2026-01-02
주정차 금지구역,2025-01-07,주행형CCTV,2025-03-04,2026-01-02
주정차 금지구역,2025-01-07,주행형CCTV,2025-01-08,2026-01-02
주정차 금지구역,2025-01-07,주행형CCTV,2025-03-04,2026-01-02
주정차 금지구역,2025-01-07,주행형CCTV,2025-01-08,2026-01-02
주정차 금지구역,2025-01-07,주행형CCTV,2025-01-08,2026-01-02
주정차 금지구역,2025-01-07,주행형CCTV,2025-01-08,2026-01-02
주정차 금지구역,2025-01-07,주행형CCTV,2025-01-08,2026-01-02
주정차 금지구역,2025-01-07,주행형CCTV,2025-03-04,2026-01-02
주정차 금지구역,2025-01-07,주행형CCTV,2025-03-04,2026-01-02
주정차 금지구역,2025-01-07,주행형CCTV,2025-01-08,2026-01-02
주정차 금지구역,2025-01-07,주행형CCTV,2025-03-04,2026-01-02
소방시설 주변,2025-01-07,주행형CCTV,2025-01-08,2026-01-02
주정차 금지구역,2025-01-07,주행형CCTV,2025-01-08,2026-01-02
주정차 금지구역,2025-01-07,주행형CCTV,2025-03-04,2026-01-02
주정차 금지구역,2025-01-07,주행형CCTV,2025-01-08,2026-01-02
주정차 금지구역,2025-01-07,주행형CCTV,2025-01-08,2026-01-02
주정차 금지구역,2025-01-07,주행형CCTV,2025-03-04,2026-01-02
주정차 금지구역,2025-01-07,주행형CCTV,2025-01-08,2026-01-02
주정차 금지구역,2025-01-07,주행형CCTV,2025-01-08,2026-01-02
주정차 금지구역,2025-01-07,주행형CCTV,2025-01-08,2026-01-02
주정차 금지구역,2025-01-07,주행형CCTV,2025-01-08,2026-01-02
주정차 금지구역,2025-01-07,주행형CCTV,2025-01-08,2026-01-02
주정차 금지구역,2025-01-07,주행형CCTV,2025-03-04,2026-01-02
주정차 금지구역,2025-01-07,주행형CCTV,2025-03-04,2026-01-02
주정차 금지구역,2025-01-07,주행형CCTV,2025-03-04,2026-01-02
주정차 금지구역,2025-01-07,주행형CCTV,2025-03-04,2026-01-02
주정차 금지구역,2025-01-07,주행형CCTV,2025-01-08,2026-01-02
주정차 금지구역,2025-01-07,주행형CCTV,2025-03-04,2026-01-02
주정차 금지구역,2025-01-07,주행형CCTV,2025-01-08,2026-01-02
주정차 금지구역,2025-01-07,주행형CCTV,2025-03-04,2026-01-02
주정차 금지구역,2025-01-07,주행형CCTV,2025-03-04,2026-01-02
주정차 금지구역,2025-01-07,주행형CCTV,2025-03-04,2026-01-02
주정차 금지구역,2025-01-07,주행형CCTV,2025-03-04,2026-01-02
주정차 금지구역,2025-01-07,주행형CCTV,2025-01-08,2026-01-02
주정차 금지구역,2025-01-07,주행형CCTV,2025-01-08,2026-01-02
주정차 금지구역,2025-01-07,주행형CCTV,2025-01-08,2026-01-02
주정차 금지구역,2025-01-07,주행형CCTV,2025-03-04,2026-01-02
주정차 금지구역,2025-01-07,주행형CCTV,2025-01-08,2026-01-02
주정차 금지구역,2025-01-07,주행형CCTV,2025-03-04,2026-01-02
주정차 금지구역,2025-01-07,주행형CCTV,2025-01-08,2026-01-02
주정차 금지구역,2025-01-07,주행형CCTV,2025-03-04,2026-01-02
주정차 금지구역,2025-01-07,주행형CCTV,2025-01-08,2026-01-02
주정차 금지구역,2025-01-07,주행형CCTV,2025-01-08,2026-01-02
주정차 금지구역,2025-01-07,주행형CCTV,2025-01-08,2026-01-02
주정차 금지구역,2025-01-07,주행형CCTV,2025-03-04,2026-01-02
주정차 금지구역,2025-01-07,주행형CCTV,2025-01-08,2026-01-02
주정차 금지구역,2025-01-07,주행형CCTV,2025-03-04,2026-01-02
주정차 금지구역,2025-01-07,주행형CCTV,2025-01-08,2026-01-02
주정차 금지구역,2025-01-07,주행형CCTV,2025-01-08,2026-01-02
주정차 금지구역,2025-01-07,주행형CCTV,2025-03-04,2026-01-02
주정차 금지구역,2025-01-07,주행형CCTV,2025-03-04,2026-01-02
주정차 금지구역,2025-01-07,주행형CCTV,2025-01-08,2026-01-02
주정차 금지구역,2025-01-07,주행형CCTV,2025-03-04,2026-01-02
주정차 금지구역,2025-01-07,주행형CCTV,2025-03-04,2026-01-02
주정차 금지구역,2025-01-07,주행형CCTV,2025-01-08,2026-01-02
주정차 금지구역,2025-01-07,주행형CCTV,2025-01-08,2026-01-02
주정차 금지구역,2025-01-07,주행형CCTV,2025-03-04,2026-01-02
주정차 금지구역,2025-01-07,주행형CCTV,2025-01-08,2026-01-02
주정차 금지구역,2025-01-07,주행형CCTV,2025-01-08,2026-01-02
주정차 금지구역,2025-01-07,주행형CCTV,2025-03-04,2026-01-02
주정차 금지구역,2025-01-07,주행형CCTV,2025-01-08,2026-01-02
주정차 금지구역,2025-01-07,주행형CCTV,2025-03-04,2026-01-02
주정차 금지구역,2025-01-07,주행형CCTV,2025-03-04,2026-01-02
주정차 금지구역,2025-01-07,주행형CCTV,2025-01-08,2026-01-02
도로모퉁이,2025-01-03,안전신문고,2025-01-10,2026-01-02
주정차 금지구역,2025-01-07,고정형CCTV,2025-01-08,2026-01-02
주정차 금지구역,2025-01-07,고정형CCTV,2025-01-08,2026-01-02
주정차 금지구역,2025-01-07,고정형CCTV,2025-03-04,2026-01-02
주정차 금지구역,2025-01-07,고정형CCTV,2025-01-08,2026-01-02
주정차 금지구역,2025-01-07,고정형CCTV,2025-01-08,2026-01-02
주정차 금지구역,2025-01-07,고정형CCTV,2025-01-08,2026-01-02
주정차 금지구역,2025-01-07,고정형CCTV,2025-01-08,2026-01-02
주정차 금지구역,2025-01-07,고정형CCTV,2025-01-08,2026-01-02
주정차 금지구역,2025-01-07,고정형CCTV,2025-11-21,2026-01-02
주정차 금지구역,2025-01-07,고정형CCTV,2025-01-08,2026-01-02
주정차 금지구역,2025-01-07,고정형CCTV,2025-01-08,2026-01-02
주정차 금지구역,2025-01-07,고정형CCTV,2025-01-08,2026-01-02
주정차 금지구역,2025-01-07,고정형CCTV,2025-03-04,2026-01-02
주정차 금지구역,2025-01-07,고정형CCTV,2025-01-08,2026-01-02
주정차 금지구역,2025-01-07,고정형CCTV,2025-11-21,2026-01-02
주정차 금지구역,2025-01-07,고정형CCTV,2025-11-21,2026-01-02
주정차 금지구역,2025-01-07,고정형CCTV,2025-01-08,2026-01-02
주정차 금지구역,2025-01-07,고정형CCTV,2025-11-21,2026-01-02
주정차 금지구역,2025-01-07,고정형CCTV,2025-01-08,2026-01-02
주정차 금지구역,2025-01-07,고정형CCTV,2025-11-21,2026-01-02
주정차 금지구역,2025-01-07,고정형CCTV,2025-03-04,2026-01-02
주정차 금지구역,2025-01-07,고정형CCTV,2025-11-21,2026-01-02
주정차 금지구역,2025-01-07,고정형CCTV,2025-03-04,2026-01-02
주정차 금지구역,2025-01-07,고정형CCTV,2025-03-04,2026-01-02
주정차 금지구역,2025-01-07,고정형CCTV,2025-01-08,2026-01-02
주정차 금지구역,2025-01-07,고정형CCTV,2025-01-08,2026-01-02
주정차 금지구역,2025-01-07,고정형CCTV,2025-11-21,2026-01-02
주정차 금지구역,2025-01-07,고정형CCTV,2025-11-21,2026-01-02
주정차 금지구역,2025-01-07,고정형CCTV,2025-01-08,2026-01-02
주정차 금지구역,2025-01-07,고정형CCTV,2025-01-08,2026-01-02
주정차 금지구역,2025-01-07,고정형CCTV,2025-03-04,2026-01-02
주정차 금지구역,2025-01-07,고정형CCTV,2025-01-08,2026-01-02
주정차 금지구역,2025-01-07,고정형CCTV,2025-01-08,2026-01-02
주정차 금지구역,2025-01-07,고정형CCTV,2025-01-08,2026-01-02
주정차 금지구역,2025-01-07,고정형CCTV,2025-01-08,2026-01-02
주정차 금지구역,2025-01-07,고정형CCTV,2025-01-08,2026-01-02
주정차 금지구역,2025-01-07,고정형CCTV,2025-01-08,2026-01-02
주정차 금지구역,2025-01-07,고정형CCTV,2025-01-08,2026-01-02
주정차 금지구역,2025-01-07,고정형CCTV,2025-01-08,2026-01-02
주정차 금지구역,2025-01-07,고정형CCTV,2025-03-04,2026-01-02
주정차 금지구역,2025-01-07,고정형CCTV,2025-03-04,2026-01-02
주정차 금지구역,2025-01-07,고정형CCTV,2025-03-04,2026-01-02
주정차 금지구역,2025-01-07,고정형CCTV,2025-01-08,2026-01-02
주정차 금지구역,2025-01-07,고정형CCTV,2025-01-08,2026-01-02
주정차 금지구역,2025-01-07,고정형CCTV,2025-01-08,2026-01-02
주정차 금지구역,2025-01-07,고정형CCTV,2025-01-08,2026-01-02
주정차 금지구역,2025-01-07,고정형CCTV,2025-03-04,2026-01-02
주정차 금지구역,2025-01-07,고정형CCTV,2025-01-08,2026-01-02
주정차 금지구역,2025-01-07,고정형CCTV,2025-01-08,2026-01-02
주정차 금지구역,2025-01-07,고정형CCTV,2025-01-08,2026-01-02
주정차 금지구역,2025-01-07,고정형CCTV,2025-03-04,2026-01-02
주정차 금지구역,2025-01-07,고정형CCTV,2025-01-08,2026-01-02
주정차 금지구역,2025-01-07,고정형CCTV,2025-01-08,2026-01-02
주정차 금지구역,2025-01-07,고정형CCTV,2025-11-21,2026-01-02
주정차 금지구역,2025-01-07,고정형CCTV,2025-01-08,2026-01-02
주정차 금지구역,2025-01-07,고정형CCTV,2025-01-08,2026-01-02
주정차 금지구역,2025-01-07,고정형CCTV,2025-03-04,2026-01-02
주정차 금지구역,2025-01-07,고정형CCTV,2025-01-08,2026-01-02
주정차 금지구역,2025-01-07,고정형CCTV,2025-01-08,2026-01-02
주정차 금지구역,2025-01-07,고정형CCTV,2025-03-04,2026-01-02
주정차 금지구역,2025-01-07,고정형CCTV,2025-03-04,2026-01-02
주정차 금지구역,2025-01-07,고정형CCTV,2025-01-08,2026-01-02
주정차 금지구역,2025-01-07,고정형CCTV,2025-03-04,2026-01-02
주정차 금지구역,2025-01-07,고정형CCTV,2025-01-08,2026-01-02
주정차 금지구역,2025-01-07,고정형CCTV,2025-01-08,2026-01-02
주정차 금지구역,2025-01-07,고정형CCTV,2025-01-08,2026-01-02
주정차 금지구역,2025-01-07,고정형CCTV,2025-03-04,2026-01-02
주정차 금지구역,2025-01-07,고정형CCTV,2025-01-08,2026-01-02
주정차 금지구역,2025-01-07,고정형CCTV,2025-01-08,2026-01-02
주정차 금지구역,2025-01-07,고정형CCTV,2025-01-08,2026-01-02
주정차 금지구역,2025-01-07,고정형CCTV,2025-01-08,2026-01-02
주정차 금지구역,2025-01-07,고정형CCTV,2025-01-08,2026-01-02
주정차 금지구역,2025-01-07,고정형CCTV,2025-01-08,2026-01-02
주정차 금지구역,2025-01-07,고정형CCTV,2025-01-08,2026-01-02
주정차 금지구역,2025-01-07,고정형CCTV,2025-03-04,2026-01-02
주정차 금지구역,2025-01-07,고정형CCTV,2025-03-04,2026-01-02
주정차 금지구역,2025-01-07,고정형CCTV,2025-01-08,2026-01-02
주정차 금지구역,2025-01-07,고정형CCTV,2025-01-08,2026-01-02
주정차 금지구역,2025-01-07,고정형CCTV,2025-01-08,2026-01-02
주정차 금지구역,2025-01-07,고정형CCTV,2025-01-08,2026-01-02
주정차 금지구역,2025-01-07,고정형CCTV,2025-03-04,2026-01-02
주정차 금지구역,2025-01-07,고정형CCTV,2025-03-04,2026-01-02
주정차 금지구역,2025-01-07,고정형CCTV,2025-01-08,2026-01-02
주정차 금지구역,2025-01-07,고정형CCTV,2025-03-04,2026-01-02
주정차 금지구역,2025-01-07,고정형CCTV,2025-03-04,2026-01-02
주정차 금지구역,2025-01-07,고정형CCTV,2025-03-04,2026-01-02
주정차 금지구역,2025-01-07,고정형CCTV,2025-03-04,2026-01-02
주정차 금지구역,2025-01-07,고정형CCTV,2025-01-08,2026-01-02
주정차 금지구역,2025-01-07,고정형CCTV,2025-01-08,2026-01-02
주정차 금지구역,2025-01-07,고정형CCTV,2025-11-21,2026-01-02
주정차 금지구역,2025-01-07,고정형CCTV,2025-01-08,2026-01-02
주정차 금지구역,2025-01-07,고정형CCTV,2025-11-21,2026-01-02
주정차 금지구역,2025-01-07,고정형CCTV,2025-03-04,2026-01-02
주정차 금지구역,2025-01-07,고정형CCTV,2025-03-04,2026-01-02
주정차 금지구역,2025-01-07,고정형CCTV,2025-03-04,2026-01-02
주정차 금지구역,2025-01-07,고정형CCTV,2025-01-08,2026-01-02
주정차 금지구역,2025-01-07,고정형CCTV,2025-01-08,2026-01-02
주정차 금지구역,2025-01-07,고정형CCTV,2025-03-04,2026-01-02
주정차 금지구역,2025-01-07,고정형CCTV,2025-11-21,2026-01-02
주정차 금지구역,2025-01-07,고정형CCTV,2025-03-04,2026-01-02
주정차 금지구역,2025-01-07,고정형CCTV,2025-01-08,2026-01-02
주정차 금지구역,2025-01-07,고정형CCTV,2025-03-04,2026-01-02
주정차 금지구역,2025-01-07,고정형CCTV,2025-01-08,2026-01-02
주정차 금지구역,2025-01-07,고정형CCTV,2025-01-08,2026-01-02
주정차 금지구역,2025-01-07,고정형CCTV,2025-01-08,2026-01-02
주정차 금지구역,2025-01-07,고정형CCTV,2025-01-08,2026-01-02
주정차 금지구역,2025-01-07,고정형CCTV,2025-11-21,2026-01-02
주정차 금지구역,2025-01-07,고정형CCTV,2025-01-08,2026-01-02
도로모퉁이,2025-01-04,안전신문고,2025-03-04,2026-01-02
보도(인도)위,2025-01-08,안전신문고,2025-03-04,2026-01-02
횡단보도,2025-01-08,안전신문고,2025-03-04,2026-01-02
횡단보도,2025-01-05,안전신문고,2025-01-14,2026-01-02
보도(인도)위,2025-01-02,안전신문고,2025-01-10,2026-01-02
주정차 금지구역,2025-01-08,안전신문고,2025-01-15,2026-01-02
주정차 금지구역,2025-01-02,안전신문고,2025-01-10,2026-01-02
주정차 금지구역,2025-01-02,안전신문고,2025-01-10,2026-01-02
횡단보도,2025-01-05,안전신문고,2025-01-14,2026-01-02
도로모퉁이,2025-01-04,안전신문고,2025-03-04,2026-01-02
횡단보도,2025-01-02,안전신문고,2025-01-10,2026-01-02
횡단보도,2025-01-04,안전신문고,2025-01-14,2026-01-02
도로모퉁이,2025-01-04,안전신문고,2025-01-14,2026-01-02
도로모퉁이,2025-01-08,안전신문고,2025-01-15,2026-01-02
소방시설 주변,2025-01-04,안전신문고,2025-11-21,2026-01-02
주정차 금지구역,2025-01-01,고정형CCTV,2025-03-04,2026-01-02
버스정류장 주변,2025-01-02,안전신문고,2025-01-10,2026-01-02
횡단보도,2025-01-04,안전신문고,2025-01-14,2026-01-02
보도(인도)위,2025-01-02,안전신문고,2025-03-04,2026-01-02
횡단보도,2025-01-08,안전신문고,2025-11-21,2026-01-02
도로모퉁이,2025-01-04,안전신문고,2025-01-14,2026-01-02
도로모퉁이,2025-01-08,안전신문고,2025-03-04,2026-01-02
보도(인도)위,2025-01-08,안전신문고,2025-01-15,2026-01-02
횡단보도,2025-01-08,안전신문고,2025-01-15,2026-01-02
보도(인도)위,2025-01-04,안전신문고,2025-03-04,2026-01-02
주정차 금지구역,2025-01-03,주행형CCTV,2025-01-08,2026-01-02
주정차 금지구역,2025-01-03,고정형CCTV,2025-01-08,2026-01-02
주정차 금지구역,2025-01-03,주행형CCTV,2025-03-04,2026-01-02
주정차 금지구역,2025-01-05,고정형CCTV,2025-01-08,2026-01-02
보도(인도)위,2025-01-04,안전신문고,2025-01-14,2026-01-02
보도(인도)위,2025-01-06,안전신문고,2025-01-14,2026-01-02
주정차 금지구역,2025-01-01,고정형CCTV,2025-03-04,2026-01-02
주정차 금지구역,2025-01-03,주행형CCTV,2025-03-04,2026-01-02
주정차 금지구역,2025-01-03,고정형CCTV,2025-03-04,2026-01-02
도로모퉁이,2025-01-08,안전신문고,2025-11-21,2026-01-02
주정차 금지구역,2025-01-03,주행형CCTV,2025-01-08,2026-01-02
주정차 금지구역,2025-01-05,고정형CCTV,2025-01-08,2026-01-02
횡단보도,2025-01-03,안전신문고,2025-01-10,2026-01-02
횡단보도,2025-01-04,안전신문고,2025-01-14,2026-01-02
보도(인도)위,2025-01-03,안전신문고,2025-01-10,2026-01-02
주정차 금지구역,2025-01-06,안전신문고,2025-11-21,2026-01-02
횡단보도,2025-01-05,안전신문고,2025-01-14,2026-01-02
횡단보도,2025-01-03,안전신문고,2025-01-10,2026-01-02
보도(인도)위,2025-01-03,안전신문고,2025-01-10,2026-01-02
횡단보도,2025-01-06,안전신문고,2025-03-04,2026-01-02
보도(인도)위,2025-01-03,안전신문고,2025-03-04,2026-01-02
횡단보도,2025-01-02,안전신문고,2025-01-10,2026-01-02
소방시설 주변,2025-01-02,안전신문고,2025-03-04,2026-01-02
보도(인도)위,2025-01-03,안전신문고,2025-11-21,2026-01-02
도로모퉁이,2025-01-08,안전신문고,2025-03-04,2026-01-02
횡단보도,2025-01-03,안전신문고,2025-01-10,2026-01-02
도로모퉁이,2025-01-08,안전신문고,2025-01-15,2026-01-02
보도(인도)위,2025-01-03,안전신문고,2025-03-04,2026-01-02
주정차 금지구역,2025-01-06,안전신문고,2025-03-04,2026-01-02
횡단보도,2025-01-08,안전신문고,2025-01-15,2026-01-02
횡단보도,2025-01-06,안전신문고,2025-03-04,2026-01-02
보도(인도)위,2025-01-06,안전신문고,2025-01-14,2026-01-02
보도(인도)위,2025-01-04,안전신문고,2025-01-14,2026-01-02
주정차 금지구역,2025-01-06,안전신문고,2025-01-14,2026-01-02
주정차 금지구역,2025-01-06,안전신문고,2025-01-14,2026-01-02
도로모퉁이,2025-01-03,안전신문고,2025-01-10,2026-01-02
보도(인도)위,2025-01-06,안전신문고,2025-01-14,2026-01-02
도로모퉁이,2025-01-03,안전신문고,2025-11-21,2026-01-02
보도(인도)위,2025-01-02,안전신문고,2025-03-04,2026-01-02
보도(인도)위,2025-01-02,안전신문고,2025-03-04,2026-01-02
보도(인도)위,2025-01-06,안전신문고,2025-03-04,2026-01-02
횡단보도,2025-01-03,안전신문고,2025-01-10,2026-01-02
보도(인도)위,2025-01-05,안전신문고,2025-03-04,2026-01-02
도로모퉁이,2025-01-08,안전신문고,2025-03-04,2026-01-02
보도(인도)위,2025-01-06,안전신문고,2025-03-04,2026-01-02
보도(인도)위,2025-01-08,안전신문고,2025-01-15,2026-01-02
보도(인도)위,2025-01-05,안전신문고,2025-01-14,2026-01-02
보도(인도)위,2025-01-05,안전신문고,2025-01-14,2026-01-02
이중주차 및 대각.직각주차,2025-01-06,안전신문고,2025-01-14,2026-01-02
도로모퉁이,2025-01-08,안전신문고,2025-03-04,2026-01-02
횡단보도,2025-01-03,안전신문고,2025-01-10,2026-01-02
도로모퉁이,2025-01-08,안전신문고,2025-01-15,2026-01-02
횡단보도,2025-01-08,안전신문고,2025-03-04,2026-01-02
횡단보도,2025-01-03,안전신문고,2025-01-10,2026-01-02
횡단보도,2025-01-08,안전신문고,2025-01-15,2026-01-02
버스정류장 주변,2025-01-03,안전신문고,2025-03-04,2026-01-02
횡단보도,2025-01-02,안전신문고,2025-01-10,2026-01-02
횡단보도,2025-01-02,안전신문고,2025-03-04,2026-01-02
횡단보도,2025-01-02,안전신문고,2025-03-04,2026-01-02
횡단보도,2025-01-02,안전신문고,2025-01-10,2026-01-02
도로모퉁이,2025-01-02,안전신문고,2025-03-04,2026-01-02
횡단보도,2025-01-03,안전신문고,2025-01-10,2026-01-02
도로모퉁이,2025-01-03,안전신문고,2025-01-10,2026-01-02
도로모퉁이,2025-01-02,안전신문고,2025-03-04,2026-01-02
주정차 금지구역,2025-01-02,안전신문고,2025-03-04,2026-01-02
횡단보도,2025-01-02,안전신문고,2025-01-10,2026-01-02
도로모퉁이,2025-01-02,안전신문고,2025-01-10,2026-01-02
보도(인도)위,2025-01-02,안전신문고,2025-01-10,2026-01-02
도로모퉁이,2025-01-02,안전신문고,2025-01-10,2026-01-02
도로모퉁이,2025-01-03,안전신문고,2025-01-10,2026-01-02
주정차 금지구역,2025-01-03,안전신문고,2025-03-04,2026-01-02
횡단보도,2025-01-02,안전신문고,2025-03-04,2026-01-02
횡단보도,2025-01-02,안전신문고,2025-11-21,2026-01-02
횡단보도,2025-01-02,안전신문고,2025-01-10,2026-01-02
횡단보도,2025-01-02,안전신문고,2025-11-21,2026-01-02
횡단보도,2025-01-03,안전신문고,2025-01-10,2026-01-02
횡단보도,2025-01-02,안전신문고,2025-03-04,2026-01-02
횡단보도,2025-01-02,안전신문고,2025-01-10,2026-01-02
횡단보도,2025-01-03,안전신문고,2025-01-10,2026-01-02
횡단보도,2025-01-02,안전신문고,2025-01-10,2026-01-02
도로모퉁이,2025-01-02,안전신문고,2025-03-04,2026-01-02
보도(인도)위,2025-01-02,안전신문고,2025-03-04,2026-01-02
횡단보도,2025-01-02,안전신문고,2025-03-04,2026-01-02
도로모퉁이,2025-01-02,안전신문고,2025-03-04,2026-01-02
보도(인도)위,2025-01-02,안전신문고,2025-03-04,2026-01-02
횡단보도,2025-01-05,안전신문고,2025-01-14,2026-01-02
도로모퉁이,2025-01-05,안전신문고,2025-11-21,2026-01-02
도로모퉁이,2025-01-04,안전신문고,2025-01-14,2026-01-02
횡단보도,2025-01-08,안전신문고,2025-11-21,2026-01-02
횡단보도,2025-01-07,안전신문고,2025-01-15,2026-01-02
횡단보도,2025-01-08,안전신문고,2025-03-04,2026-01-02
보도(인도)위,2025-01-08,안전신문고,2025-01-15,2026-01-02
도로모퉁이,2025-01-06,안전신문고,2025-03-04,2026-01-02
도로모퉁이,2025-01-05,안전신문고,2025-01-14,2026-01-02
보도(인도)위,2025-01-08,안전신문고,2025-03-04,2026-01-02
주정차 금지구역,2025-01-08,안전신문고,2025-01-15,2026-01-02
도로모퉁이,2025-01-06,안전신문고,2025-01-14,2026-01-02
보도(인도)위,2025-01-05,안전신문고,2025-01-14,2026-01-02
도로모퉁이,2025-01-06,안전신문고,2025-03-04,2026-01-02
도로모퉁이,2025-01-03,안전신문고,2025-11-21,2026-01-02
도로모퉁이,2025-01-06,안전신문고,2025-01-14,2026-01-02
도로모퉁이,2025-01-08,안전신문고,2025-01-15,2026-01-02
횡단보도,2025-01-03,안전신문고,2025-03-04,2026-01-02
횡단보도,2025-01-05,안전신문고,2025-03-04,2026-01-02
주정차 금지구역,2025-01-08,고정형CCTV,2025-01-09,2026-01-02
주정차 금지구역,2025-01-08,고정형CCTV,2025-11-21,2026-01-02
주정차 금지구역,2025-01-08,고정형CCTV,2025-03-04,2026-01-02
주정차 금지구역,2025-01-08,고정형CCTV,2025-01-09,2026-01-02
주정차 금지구역,2025-01-08,고정형CCTV,2025-03-04,2026-01-02
주정차 금지구역,2025-01-08,고정형CCTV,2025-01-09,2026-01-02
주정차 금지구역,2025-01-08,고정형CCTV,2025-03-04,2026-01-02
주정차 금지구역,2025-01-08,고정형CCTV,2025-11-21,2026-01-02
주정차 금지구역,2025-01-08,고정형CCTV,2025-01-09,2026-01-02
주정차 금지구역,2025-01-08,고정형CCTV,2025-11-21,2026-01-02
주정차 금지구역,2025-01-08,고정형CCTV,2025-01-09,2026-01-02
주정차 금지구역,2025-01-08,고정형CCTV,2025-01-09,2026-01-02
주정차 금지구역,2025-01-08,고정형CCTV,2025-03-04,2026-01-02
주정차 금지구역,2025-01-08,고정형CCTV,2025-03-04,2026-01-02
주정차 금지구역,2025-01-08,고정형CCTV,2025-11-21,2026-01-02
주정차 금지구역,2025-01-08,고정형CCTV,2025-01-09,2026-01-02
주정차 금지구역,2025-01-08,고정형CCTV,2025-01-09,2026-01-02
주정차 금지구역,2025-01-08,고정형CCTV,2025-01-09,2026-01-02
주정차 금지구역,2025-01-08,고정형CCTV,2025-03-04,2026-01-02
주정차 금지구역,2025-01-08,고정형CCTV,2025-01-09,2026-01-02
주정차 금지구역,2025-01-08,고정형CCTV,2025-01-09,2026-01-02
주정차 금지구역,2025-01-08,고정형CCTV,2025-01-09,2026-01-02
주정차 금지구역,2025-01-08,고정형CCTV,2025-03-04,2026-01-02
주정차 금지구역,2025-01-08,고정형CCTV,2025-01-09,2026-01-02
주정차 금지구역,2025-01-08,고정형CCTV,2025-11-21,2026-01-02
주정차 금지구역,2025-01-08,고정형CCTV,2025-01-09,2026-01-02
주정차 금지구역,2025-01-08,고정형CCTV,2025-01-09,2026-01-02
주정차 금지구역,2025-01-08,고정형CCTV,2025-01-09,2026-01-02
주정차 금지구역,2025-01-08,고정형CCTV,2025-01-09,2026-01-02
주정차 금지구역,2025-01-08,고정형CCTV,2025-03-04,2026-01-02
소방시설 주변,2025-01-08,고정형CCTV,2025-01-09,2026-01-02
주정차 금지구역,2025-01-08,고정형CCTV,2025-03-04,2026-01-02
주정차 금지구역,2025-01-08,고정형CCTV,2025-01-09,2026-01-02
주정차 금지구역,2025-01-08,고정형CCTV,2025-03-04,2026-01-02
주정차 금지구역,2025-01-08,고정형CCTV,2025-01-09,2026-01-02
주정차 금지구역,2025-01-08,고정형CCTV,2025-03-04,2026-01-02
주정차 금지구역,2025-01-08,고정형CCTV,2025-03-04,2026-01-02
주정차 금지구역,2025-01-08,고정형CCTV,2025-03-04,2026-01-02
주정차 금지구역,2025-01-08,고정형CCTV,2025-01-09,2026-01-02
주정차 금지구역,2025-01-08,고정형CCTV,2025-01-09,2026-01-02
주정차 금지구역,2025-01-08,고정형CCTV,2025-01-09,2026-01-02
주정차 금지구역,2025-01-08,고정형CCTV,2025-01-09,2026-01-02
주정차 금지구역,2025-01-08,고정형CCTV,2025-01-09,2026-01-02
주정차 금지구역,2025-01-08,고정형CCTV,2025-01-09,2026-01-02
주정차 금지구역,2025-01-08,고정형CCTV,2025-01-09,2026-01-02
주정차 금지구역,2025-01-08,고정형CCTV,2025-01-09,2026-01-02
주정차 금지구역,2025-01-08,고정형CCTV,2025-01-09,2026-01-02
주정차 금지구역,2025-01-08,고정형CCTV,2025-01-09,2026-01-02
주정차 금지구역,2025-01-08,고정형CCTV,2025-01-09,2026-01-02
주정차 금지구역,2025-01-08,고정형CCTV,2025-01-09,2026-01-02
주정차 금지구역,2025-01-08,고정형CCTV,2025-01-09,2026-01-02
주정차 금지구역,2025-01-08,고정형CCTV,2025-01-09,2026-01-02
주정차 금지구역,2025-01-08,고정형CCTV,2025-03-04,2026-01-02
주정차 금지구역,2025-01-08,고정형CCTV,2025-01-09,2026-01-02
주정차 금지구역,2025-01-08,고정형CCTV,2025-03-04,2026-01-02
주정차 금지구역,2025-01-08,고정형CCTV,2025-01-09,2026-01-02
주정차 금지구역,2025-01-08,고정형CCTV,2025-01-09,2026-01-02
주정차 금지구역,2025-01-08,고정형CCTV,2025-03-04,2026-01-02
주정차 금지구역,2025-01-08,고정형CCTV,2025-01-09,2026-01-02
주정차 금지구역,2025-01-08,고정형CCTV,2025-01-09,2026-01-02
주정차 금지구역,2025-01-08,고정형CCTV,2025-01-09,2026-01-02
주정차 금지구역,2025-01-08,고정형CCTV,2025-03-04,2026-01-02
주정차 금지구역,2025-01-08,고정형CCTV,2025-01-09,2026-01-02
주정차 금지구역,2025-01-08,고정형CCTV,2025-03-04,2026-01-02
주정차 금지구역,2025-01-08,고정형CCTV,2025-03-04,2026-01-02
주정차 금지구역,2025-01-08,고정형CCTV,2025-01-09,2026-01-02
주정차 금지구역,2025-01-08,고정형CCTV,2025-01-09,2026-01-02
주정차 금지구역,2025-01-08,고정형CCTV,2025-01-09,2026-01-02
주정차 금지구역,2025-01-08,고정형CCTV,2025-01-09,2026-01-02
주정차 금지구역,2025-01-08,고정형CCTV,2025-01-09,2026-01-02
주정차 금지구역,2025-01-08,고정형CCTV,2025-01-09,2026-01-02
주정차 금지구역,2025-01-08,고정형CCTV,2025-01-09,2026-01-02
주정차 금지구역,2025-01-08,고정형CCTV,2025-03-04,2026-01-02
주정차 금지구역,2025-01-08,고정형CCTV,2025-01-09,2026-01-02
주정차 금지구역,2025-01-08,고정형CCTV,2025-01-09,2026-01-02
주정차 금지구역,2025-01-08,고정형CCTV,2025-01-09,2026-01-02
주정차 금지구역,2025-01-08,고정형CCTV,2025-03-04,2026-01-02
주정차 금지구역,2025-01-08,고정형CCTV,2025-01-09,2026-01-02
주정차 금지구역,2025-01-08,고정형CCTV,2025-01-09,2026-01-02
주정차 금지구역,2025-01-08,고정형CCTV,2025-03-04,2026-01-02
주정차 금지구역,2025-01-08,고정형CCTV,2025-01-09,2026-01-02
주정차 금지구역,2025-01-08,고정형CCTV,2025-01-09,2026-01-02
주정차 금지구역,2025-01-08,고정형CCTV,2025-01-09,2026-01-02
주정차 금지구역,2025-01-08,고정형CCTV,2025-01-09,2026-01-02
주정차 금지구역,2025-01-08,고정형CCTV,2025-03-04,2026-01-02
주정차 금지구역,2025-01-08,고정형CCTV,2025-11-21,2026-01-02
주정차 금지구역,2025-01-08,고정형CCTV,2025-01-16,2026-01-02
주정차 금지구역,2025-01-08,고정형CCTV,2025-01-09,2026-01-02
주정차 금지구역,2025-01-08,고정형CCTV,2025-03-04,2026-01-02
주정차 금지구역,2025-01-08,고정형CCTV,2025-03-04,2026-01-02
주정차 금지구역,2025-01-08,고정형CCTV,2025-01-09,2026-01-02
주정차 금지구역,2025-01-08,고정형CCTV,2025-03-04,2026-01-02
주정차 금지구역,2025-01-08,고정형CCTV,2025-03-04,2026-01-02
보도(인도)위,2025-01-03,안전신문고,2025-01-10,2026-01-02
소방시설 주변,2025-01-05,안전신문고,2025-03-04,2026-01-02
주정차 금지구역,2025-01-08,고정형CCTV,2025-01-09,2026-01-02
주정차 금지구역,2025-01-08,고정형CCTV,2025-01-09,2026-01-02
주정차 금지구역,2025-01-08,고정형CCTV,2025-11-21,2026-01-02
주정차 금지구역,2025-01-08,고정형CCTV,2025-03-04,2026-01-02
주정차 금지구역,2025-01-08,고정형CCTV,2025-01-09,2026-01-02
주정차 금지구역,2025-01-08,고정형CCTV,2025-03-04,2026-01-02
주정차 금지구역,2025-01-08,고정형CCTV,2025-11-21,2026-01-02
주정차 금지구역,2025-01-08,고정형CCTV,2025-01-09,2026-01-02
주정차 금지구역,2025-01-08,고정형CCTV,2025-01-09,2026-01-02
주정차 금지구역,2025-01-08,고정형CCTV,2025-01-09,2026-01-02
주정차 금지구역,2025-01-08,고정형CCTV,2025-03-04,2026-01-02
주정차 금지구역,2025-01-08,고정형CCTV,2025-01-09,2026-01-02
주정차 금지구역,2025-01-08,고정형CCTV,2025-01-09,2026-01-02
주정차 금지구역,2025-01-08,고정형CCTV,2025-01-09,2026-01-02
주정차 금지구역,2025-01-08,고정형CCTV,2025-11-21,2026-01-02
주정차 금지구역,2025-01-08,고정형CCTV,2025-03-04,2026-01-02
주정차 금지구역,2025-01-08,고정형CCTV,2025-01-09,2026-01-02
횡단보도,2025-01-05,안전신문고,2025-01-14,2026-01-02
버스정류장 주변,2025-01-03,안전신문고,2025-01-10,2026-01-02
버스정류장 주변,2025-01-05,안전신문고,2025-01-14,2026-01-02
횡단보도,2025-01-03,안전신문고,2025-03-04,2026-01-02
도로모퉁이,2025-01-05,안전신문고,2025-01-14,2026-01-02
버스정류장 주변,2025-01-03,안전신문고,2025-03-04,2026-01-02
보도(인도)위,2025-01-03,안전신문고,2025-03-04,2026-01-02
주정차 금지구역,2025-01-08,버스장착형CCTV,2025-01-09,2026-01-02
주정차 금지구역,2025-01-08,버스장착형CCTV,2025-11-21,2026-01-02
도로모퉁이,2025-01-05,안전신문고,2025-03-04,2026-01-02
횡단보도,2025-01-06,안전신문고,2025-11-21,2026-01-02
도로모퉁이,2025-01-01,안전신문고,2025-01-10,2026-01-02
소방시설 주변,2025-01-02,안전신문고,2025-01-10,2026-01-02
보도(인도)위,2025-01-03,안전신문고,2025-03-04,2026-01-02
주정차 금지구역,2025-01-02,안전신문고,2025-03-04,2026-01-02
소방시설 주변,2025-01-02,안전신문고,2025-01-10,2026-01-02
횡단보도,2025-01-02,안전신문고,2025-11-21,2026-01-02
보도(인도)위,2025-01-06,안전신문고,2025-01-14,2026-01-02
횡단보도,2025-01-01,안전신문고,2025-01-10,2026-01-02
도로모퉁이,2025-01-03,안전신문고,2025-01-10,2026-01-02
버스정류장 주변,2025-01-05,안전신문고,2025-01-14,2026-01-02
소방시설 주변,2025-01-02,안전신문고,2025-01-10,2026-01-02
횡단보도,2025-01-02,안전신문고,2025-01-10,2026-01-02
버스정류장 주변,2025-01-06,안전신문고,2025-01-14,2026-01-02
버스정류장 주변,2025-01-08,안전신문고,2025-01-15,2026-01-02
버스정류장 주변,2025-01-04,안전신문고,2025-03-04,2026-01-02
보도(인도)위,2025-01-06,안전신문고,2025-01-14,2026-01-02
보도(인도)위,2025-01-06,안전신문고,2025-01-14,2026-01-02
도로모퉁이,2025-01-06,안전신문고,2025-03-04,2026-01-02
도로모퉁이,2025-01-06,안전신문고,2025-01-14,2026-01-02
보도(인도)위,2025-01-03,안전신문고,2025-03-04,2026-01-02
횡단보도,2025-01-08,안전신문고,2025-03-04,2026-01-02
도로모퉁이,2025-01-06,안전신문고,2025-01-14,2026-01-02
도로모퉁이,2025-01-06,안전신문고,2025-11-21,2026-01-02
도로모퉁이,2025-01-02,안전신문고,2025-01-10,2026-01-02
보도(인도)위,2025-01-06,안전신문고,2025-01-14,2026-01-02
보도(인도)위,2025-01-04,안전신문고,2025-01-14,2026-01-02
소방시설 주변,2025-01-03,안전신문고,2025-01-10,2026-01-02
보도(인도)위,2025-01-04,안전신문고,2025-11-21,2026-01-02
보도(인도)위,2025-01-04,안전신문고,2025-01-14,2026-01-02
횡단보도,2025-01-03,안전신문고,2025-01-10,2026-01-02
버스정류장 주변,2025-01-04,안전신문고,2025-01-14,2026-01-02
보도(인도)위,2025-01-02,안전신문고,2025-01-10,2026-01-02
횡단보도,2025-01-04,안전신문고,2025-03-04,2026-01-02
도로모퉁이,2025-01-06,안전신문고,2025-01-14,2026-01-02
소방시설 주변,2025-01-08,안전신문고,2025-01-15,2026-01-02
소방시설 주변,2025-01-08,안전신문고,2025-03-04,2026-01-02
보도(인도)위,2025-01-03,안전신문고,2025-01-10,2026-01-02
횡단보도,2025-01-07,안전신문고,2025-01-15,2026-01-02
도로모퉁이,2025-01-07,안전신문고,2025-03-04,2026-01-02
횡단보도,2025-01-08,안전신문고,2025-01-15,2026-01-02
횡단보도,2025-01-08,안전신문고,2025-03-04,2026-01-02
주정차 금지구역,2025-01-08,주행형CCTV,2025-01-09,2026-01-02
주정차 금지구역,2025-01-08,주행형CCTV,2025-01-09,2026-01-02
주정차 금지구역,2025-01-08,주행형CCTV,2025-03-04,2026-01-02
주정차 금지구역,2025-01-08,주행형CCTV,2025-03-04,2026-01-02
주정차 금지구역,2025-01-08,주행형CCTV,2025-03-04,2026-01-02
주정차 금지구역,2025-01-08,주행형CCTV,2025-01-09,2026-01-02
주정차 금지구역,2025-01-08,주행형CCTV,2025-03-04,2026-01-02
주정차 금지구역,2025-01-08,주행형CCTV,2025-01-09,2026-01-02
주정차 금지구역,2025-01-08,주행형CCTV,2025-01-09,2026-01-02
주정차 금지구역,2025-01-08,주행형CCTV,2025-01-09,2026-01-02
주정차 금지구역,2025-01-08,주행형CCTV,2025-01-09,2026-01-02
주정차 금지구역,2025-01-08,주행형CCTV,2025-01-09,2026-01-02
주정차 금지구역,2025-01-08,주행형CCTV,2025-01-09,2026-01-02
주정차 금지구역,2025-01-08,주행형CCTV,2025-01-09,2026-01-02
주정차 금지구역,2025-01-08,주행형CCTV,2025-01-09,2026-01-02
주정차 금지구역,2025-01-08,주행형CCTV,2025-01-09,2026-01-02
주정차 금지구역,2025-01-08,주행형CCTV,2025-01-09,2026-01-02
주정차 금지구역,2025-01-08,주행형CCTV,2025-01-09,2026-01-02
주정차 금지구역,2025-01-08,주행형CCTV,2025-01-09,2026-01-02
주정차 금지구역,2025-01-08,주행형CCTV,2025-01-09,2026-01-02
주정차 금지구역,2025-01-08,주행형CCTV,2025-01-09,2026-01-02
주정차 금지구역,2025-01-08,주행형CCTV,2025-01-09,2026-01-02
주정차 금지구역,2025-01-08,주행형CCTV,2025-01-09,2026-01-02
주정차 금지구역,2025-01-08,주행형CCTV,2025-01-09,2026-01-02
주정차 금지구역,2025-01-08,주행형CCTV,2025-11-21,2026-01-02
주정차 금지구역,2025-01-08,주행형CCTV,2025-03-04,2026-01-02
주정차 금지구역,2025-01-08,주행형CCTV,2025-03-04,2026-01-02
주정차 금지구역,2025-01-08,주행형CCTV,2025-01-09,2026-01-02
주정차 금지구역,2025-01-08,주행형CCTV,2025-03-04,2026-01-02
주정차 금지구역,2025-01-08,주행형CCTV,2025-01-09,2026-01-02
주정차 금지구역,2025-01-08,주행형CCTV,2025-01-09,2026-01-02
주정차 금지구역,2025-01-08,주행형CCTV,2025-01-09,2026-01-02
주정차 금지구역,2025-01-08,주행형CCTV,2025-01-09,2026-01-02
주정차 금지구역,2025-01-08,주행형CCTV,2025-01-09,2026-01-02
주정차 금지구역,2025-01-08,주행형CCTV,2025-11-21,2026-01-02
주정차 금지구역,2025-01-08,주행형CCTV,2025-01-09,2026-01-02
주정차 금지구역,2025-01-08,주행형CCTV,2025-03-04,2026-01-02
주정차 금지구역,2025-01-08,주행형CCTV,2025-01-09,2026-01-02
주정차 금지구역,2025-01-08,주행형CCTV,2025-01-09,2026-01-02
주정차 금지구역,2025-01-08,주행형CCTV,2025-01-09,2026-01-02
주정차 금지구역,2025-01-08,주행형CCTV,2025-01-09,2026-01-02
주정차 금지구역,2025-01-08,주행형CCTV,2025-01-09,2026-01-02
주정차 금지구역,2025-01-08,주행형CCTV,2025-01-09,2026-01-02
주정차 금지구역,2025-01-08,주행형CCTV,2025-01-09,2026-01-02
주정차 금지구역,2025-01-08,주행형CCTV,2025-03-04,2026-01-02
주정차 금지구역,2025-01-08,주행형CCTV,2025-03-04,2026-01-02
주정차 금지구역,2025-01-08,주행형CCTV,2025-03-04,2026-01-02
주정차 금지구역,2025-01-08,주행형CCTV,2025-01-09,2026-01-02
주정차 금지구역,2025-01-08,주행형CCTV,2025-11-21,2026-01-02
주정차 금지구역,2025-01-08,주행형CCTV,2025-11-21,2026-01-02
주정차 금지구역,2025-01-08,주행형CCTV,2025-01-09,2026-01-02
주정차 금지구역,2025-01-08,주행형CCTV,2025-01-09,2026-01-02
주정차 금지구역,2025-01-08,주행형CCTV,2025-03-04,2026-01-02
주정차 금지구역,2025-01-08,주행형CCTV,2025-11-21,2026-01-02
주정차 금지구역,2025-01-08,주행형CCTV,2025-01-09,2026-01-02
주정차 금지구역,2025-01-08,주행형CCTV,2025-03-04,2026-01-02
주정차 금지구역,2025-01-08,주행형CCTV,2025-03-04,2026-01-02
주정차 금지구역,2025-01-08,주행형CCTV,2025-01-09,2026-01-02
주정차 금지구역,2025-01-08,주행형CCTV,2025-01-09,2026-01-02
주정차 금지구역,2025-01-08,주행형CCTV,2025-01-09,2026-01-02
주정차 금지구역,2025-01-08,주행형CCTV,2025-01-09,2026-01-02
주정차 금지구역,2025-01-08,주행형CCTV,2025-01-09,2026-01-02
주정차 금지구역,2025-01-08,주행형CCTV,2025-01-09,2026-01-02
주정차 금지구역,2025-01-08,주행형CCTV,2025-03-04,2026-01-02
주정차 금지구역,2025-01-08,주행형CCTV,2025-03-04,2026-01-02
주정차 금지구역,2025-01-08,주행형CCTV,2025-03-04,2026-01-02
주정차 금지구역,2025-01-08,주행형CCTV,2025-03-04,2026-01-02
주정차 금지구역,2025-01-08,주행형CCTV,2025-01-09,2026-01-02
주정차 금지구역,2025-01-08,주행형CCTV,2025-01-09,2026-01-02
주정차 금지구역,2025-01-08,주행형CCTV,2025-01-09,2026-01-02
주정차 금지구역,2025-01-08,주행형CCTV,2025-01-09,2026-01-02
주정차 금지구역,2025-01-08,주행형CCTV,2025-01-09,2026-01-02
주정차 금지구역,2025-01-08,주행형CCTV,2025-01-09,2026-01-02
주정차 금지구역,2025-01-08,주행형CCTV,2025-03-04,2026-01-02
주정차 금지구역,2025-01-08,주행형CCTV,2025-01-09,2026-01-02
주정차 금지구역,2025-01-08,주행형CCTV,2025-01-09,2026-01-02
주정차 금지구역,2025-01-08,주행형CCTV,2025-01-09,2026-01-02
주정차 금지구역,2025-01-08,주행형CCTV,2025-01-09,2026-01-02
주정차 금지구역,2025-01-08,주행형CCTV,2025-01-09,2026-01-02
주정차 금지구역,2025-01-08,주행형CCTV,2025-03-04,2026-01-02
주정차 금지구역,2025-01-08,주행형CCTV,2025-03-04,2026-01-02
주정차 금지구역,2025-01-08,주행형CCTV,2025-03-04,2026-01-02
주정차 금지구역,2025-01-08,주행형CCTV,2025-01-09,2026-01-02
주정차 금지구역,2025-01-08,주행형CCTV,2025-01-09,2026-01-02
주정차 금지구역,2025-01-08,주행형CCTV,2025-03-04,2026-01-02
주정차 금지구역,2025-01-08,주행형CCTV,2025-01-09,2026-01-02
주정차 금지구역,2025-01-08,주행형CCTV,2025-01-09,2026-01-02
주정차 금지구역,2025-01-08,주행형CCTV,2025-01-09,2026-01-02
주정차 금지구역,2025-01-08,주행형CCTV,2025-01-09,2026-01-02
주정차 금지구역,2025-01-08,주행형CCTV,2025-03-04,2026-01-02
주정차 금지구역,2025-01-08,주행형CCTV,2025-01-09,2026-01-02
주정차 금지구역,2025-01-08,주행형CCTV,2025-01-09,2026-01-02
주정차 금지구역,2025-01-08,주행형CCTV,2025-03-04,2026-01-02
주정차 금지구역,2025-01-08,주행형CCTV,2025-03-04,2026-01-02
주정차 금지구역,2025-01-08,주행형CCTV,2025-01-09,2026-01-02
주정차 금지구역,2025-01-08,주행형CCTV,2025-01-09,2026-01-02
주정차 금지구역,2025-01-08,주행형CCTV,2025-01-09,2026-01-02
주정차 금지구역,2025-01-08,주행형CCTV,2025-01-09,2026-01-02
주정차 금지구역,2025-01-08,주행형CCTV,2025-01-09,2026-01-02
주정차 금지구역,2025-01-08,주행형CCTV,2025-01-09,2026-01-02
주정차 금지구역,2025-01-08,주행형CCTV,2025-01-09,2026-01-02
주정차 금지구역,2025-01-08,주행형CCTV,2025-03-04,2026-01-02
주정차 금지구역,2025-01-08,주행형CCTV,2025-01-09,2026-01-02
주정차 금지구역,2025-01-08,주행형CCTV,2025-01-09,2026-01-02
주정차 금지구역,2025-01-08,주행형CCTV,2025-01-09,2026-01-02
주정차 금지구역,2025-01-08,주행형CCTV,2025-03-04,2026-01-02
주정차 금지구역,2025-01-08,주행형CCTV,2025-01-09,2026-01-02
주정차 금지구역,2025-01-08,주행형CCTV,2025-01-09,2026-01-02
주정차 금지구역,2025-01-08,주행형CCTV,2025-01-09,2026-01-02
주정차 금지구역,2025-01-08,주행형CCTV,2025-01-09,2026-01-02
주정차 금지구역,2025-01-08,주행형CCTV,2025-03-04,2026-01-02
주정차 금지구역,2025-01-08,주행형CCTV,2025-01-09,2026-01-02
주정차 금지구역,2025-01-08,주행형CCTV,2025-03-04,2026-01-02
주정차 금지구역,2025-01-08,주행형CCTV,2025-01-09,2026-01-02
주정차 금지구역,2025-01-08,주행형CCTV,2025-01-09,2026-01-02
주정차 금지구역,2025-01-08,주행형CCTV,2025-03-04,2026-01-02
주정차 금지구역,2025-01-08,주행형CCTV,2025-01-09,2026-01-02
주정차 금지구역,2025-01-08,주행형CCTV,2025-03-04,2026-01-02
주정차 금지구역,2025-01-08,주행형CCTV,2025-03-04,2026-01-02
주정차 금지구역,2025-01-08,주행형CCTV,2025-01-09,2026-01-02
주정차 금지구역,2025-01-08,주행형CCTV,2025-03-04,2026-01-02
주정차 금지구역,2025-01-08,주행형CCTV,2025-03-04,2026-01-02
주정차 금지구역,2025-01-08,주행형CCTV,2025-01-09,2026-01-02
주정차 금지구역,2025-01-08,주행형CCTV,2025-01-09,2026-01-02
주정차 금지구역,2025-01-08,주행형CCTV,2025-01-09,2026-01-02
주정차 금지구역,2025-01-08,주행형CCTV,2025-01-09,2026-01-02
주정차 금지구역,2025-01-08,주행형CCTV,2025-03-04,2026-01-02
주정차 금지구역,2025-01-08,주행형CCTV,2025-01-09,2026-01-02
주정차 금지구역,2025-01-08,주행형CCTV,2025-03-04,2026-01-02
주정차 금지구역,2025-01-08,주행형CCTV,2025-01-09,2026-01-02
주정차 금지구역,2025-01-08,주행형CCTV,2025-01-09,2026-01-02
주정차 금지구역,2025-01-08,주행형CCTV,2025-01-09,2026-01-02
주정차 금지구역,2025-01-08,주행형CCTV,2025-03-04,2026-01-02
주정차 금지구역,2025-01-08,주행형CCTV,2025-01-09,2026-01-02
주정차 금지구역,2025-01-08,주행형CCTV,2025-01-09,2026-01-02
주정차 금지구역,2025-01-08,주행형CCTV,2025-03-04,2026-01-02
주정차 금지구역,2025-01-08,주행형CCTV,2025-01-09,2026-01-02
주정차 금지구역,2025-01-08,주행형CCTV,2025-01-09,2026-01-02
주정차 금지구역,2025-01-08,주행형CCTV,2025-01-09,2026-01-02
주정차 금지구역,2025-01-08,주행형CCTV,2025-01-09,2026-01-02
주정차 금지구역,2025-01-08,주행형CCTV,2025-01-09,2026-01-02
주정차 금지구역,2025-01-08,주행형CCTV,2025-11-21,2026-01-02
주정차 금지구역,2025-01-08,주행형CCTV,2025-11-21,2026-01-02
주정차 금지구역,2025-01-08,주행형CCTV,2025-01-09,2026-01-02
주정차 금지구역,2025-01-08,주행형CCTV,2025-01-09,2026-01-02
주정차 금지구역,2025-01-08,주행형CCTV,2025-01-09,2026-01-02
주정차 금지구역,2025-01-08,주행형CCTV,2025-03-04,2026-01-02
주정차 금지구역,2025-01-08,주행형CCTV,2025-01-09,2026-01-02
주정차 금지구역,2025-01-08,주행형CCTV,2025-01-09,2026-01-02
주정차 금지구역,2025-01-08,주행형CCTV,2025-03-04,2026-01-02
보도(인도)위,2025-01-08,안전신문고,2025-03-04,2026-01-02
도로모퉁이,2025-01-02,안전신문고,2025-01-10,2026-01-02
버스정류장 주변,2025-01-08,안전신문고,2025-03-04,2026-01-02
횡단보도,2025-01-03,안전신문고,2025-11-21,2026-01-02
횡단보도,2025-01-02,안전신문고,2025-03-04,2026-01-02
횡단보도,2025-01-02,안전신문고,2025-01-10,2026-01-02
횡단보도,2025-01-08,안전신문고,2025-01-15,2026-01-02
주정차 금지구역,2025-01-06,고정형CCTV,2025-03-04,2026-01-02
보도(인도)위,2025-01-02,안전신문고,2025-03-04,2026-01-02
소방시설 주변,2025-01-03,안전신문고,2025-11-21,2026-01-02
보도(인도)위,2025-01-07,안전신문고,2025-01-15,2026-01-02
횡단보도,2025-01-03,안전신문고,2025-03-04,2026-01-02
도로모퉁이,2025-01-02,안전신문고,2025-01-10,2026-01-02
소방시설 주변,2025-01-04,안전신문고,2025-01-14,2026-01-02
횡단보도,2025-01-02,안전신문고,2025-01-10,2026-01-02
주정차 금지구역,2025-01-06,주행형CCTV,2025-01-09,2026-01-02
보도(인도)위,2025-01-02,안전신문고,2025-03-04,2026-01-02
소방시설 주변,2025-01-02,안전신문고,2025-03-04,2026-01-02
도로모퉁이,2025-01-02,안전신문고,2025-03-04,2026-01-02
주정차 금지구역,2025-01-02,안전신문고,2025-01-10,2026-01-02
도로모퉁이,2025-01-02,안전신문고,2025-01-10,2026-01-02
횡단보도,2025-01-08,안전신문고,2025-01-15,2026-01-02
횡단보도,2025-01-02,안전신문고,2025-01-10,2026-01-02
횡단보도,2025-01-07,안전신문고,2025-03-04,2026-01-02
도로모퉁이,2025-01-04,안전신문고,2025-01-14,2026-01-02
도로모퉁이,2025-01-02,안전신문고,2025-03-04,2026-01-02
보도(인도)위,2025-01-07,안전신문고,2025-01-15,2026-01-02
도로모퉁이,2025-01-04,안전신문고,2025-01-14,2026-01-02
횡단보도,2025-01-02,안전신문고,2025-01-10,2026-01-02
도로모퉁이,2025-01-02,안전신문고,2025-03-04,2026-01-02
횡단보도,2025-01-07,안전신문고,2025-03-04,2026-01-02
도로모퉁이,2025-01-04,안전신문고,2025-01-14,2026-01-02
도로모퉁이,2025-01-07,안전신문고,2025-01-15,2026-01-02
도로모퉁이,2025-01-04,안전신문고,2025-01-14,2026-01-02
소방시설 주변,2025-01-07,안전신문고,2025-01-15,2026-01-02
보도(인도)위,2025-01-07,안전신문고,2025-01-15,2026-01-02
보도(인도)위,2025-01-04,안전신문고,2025-01-14,2026-01-02
보도(인도)위,2025-01-04,안전신문고,2025-03-04,2026-01-02
보도(인도)위,2025-01-04,안전신문고,2025-01-14,2026-01-02
소방시설 주변,2025-01-07,안전신문고,2025-01-15,2026-01-02
보도(인도)위,2025-01-04,안전신문고,2025-01-14,2026-01-02
소방시설 주변,2025-01-08,안전신문고,2025-03-04,2026-01-02
소방시설 주변,2025-01-08,안전신문고,2025-03-04,2026-01-02
횡단보도,2025-01-05,안전신문고,2025-01-14,2026-01-02
보도(인도)위,2025-01-08,안전신문고,2025-01-15,2026-01-02
횡단보도,2025-01-05,안전신문고,2025-01-14,2026-01-02
보도(인도)위,2025-01-07,안전신문고,2025-03-04,2026-01-02
횡단보도,2025-01-08,안전신문고,2025-01-15,2026-01-02
보도(인도)위,2025-01-07,안전신문고,2025-01-15,2026-01-02
횡단보도,2025-01-07,안전신문고,2025-03-04,2026-01-02
보도(인도)위,2025-01-07,안전신문고,2025-03-04,2026-01-02
보도(인도)위,2025-01-07,안전신문고,2025-01-15,2026-01-02
보도(인도)위,2025-01-08,안전신문고,2025-01-15,2026-01-02
보도(인도)위,2025-01-07,안전신문고,2025-01-15,2026-01-02
횡단보도,2025-01-08,안전신문고,2025-01-15,2026-01-02
횡단보도,2025-01-06,안전신문고,2025-03-04,2026-01-02
주정차 금지구역,2025-01-07,안전신문고,2025-01-15,2026-01-02
횡단보도,2025-01-08,안전신문고,2025-03-04,2026-01-02
보도(인도)위,2025-01-08,안전신문고,2025-01-15,2026-01-02
보도(인도)위,2025-01-03,안전신문고,2025-03-04,2026-01-02
보도(인도)위,2025-01-08,안전신문고,2025-01-15,2026-01-02
도로모퉁이,2025-01-08,안전신문고,2025-01-15,2026-01-02
횡단보도,2025-01-03,안전신문고,2025-01-10,2026-01-02
횡단보도,2025-01-02,안전신문고,2025-01-10,2026-01-02
횡단보도,2025-01-02,안전신문고,2025-01-10,2026-01-02
횡단보도,2025-01-08,안전신문고,2025-01-15,2026-01-02
도로모퉁이,2025-01-07,안전신문고,2025-03-04,2026-01-02
교차로,2025-01-08,안전신문고,2025-01-15,2026-01-02
보도(인도)위,2025-01-06,안전신문고,2025-03-04,2026-01-02
도로모퉁이,2025-01-08,안전신문고,2025-03-04,2026-01-02
소방시설 주변,2025-01-06,안전신문고,2025-01-14,2026-01-02
보도(인도)위,2025-01-03,안전신문고,2025-01-10,2026-01-02
횡단보도,2025-01-06,안전신문고,2025-01-14,2026-01-02
보도(인도)위,2025-01-06,안전신문고,2025-03-04,2026-01-02
소방시설 주변,2025-01-03,안전신문고,2025-03-04,2026-01-02
보도(인도)위,2025-01-08,안전신문고,2025-03-04,2026-01-02
보도(인도)위,2025-01-08,안전신문고,2025-01-15,2026-01-02
도로모퉁이,2025-01-08,안전신문고,2025-01-15,2026-01-02
횡단보도,2025-01-08,안전신문고,2025-01-15,2026-01-02
보도(인도)위,2025-01-03,안전신문고,2025-01-10,2026-01-02
보도(인도)위,2025-01-08,안전신문고,2025-01-15,2026-01-02
횡단보도,2025-01-08,안전신문고,2025-01-15,2026-01-02
도로모퉁이,2025-01-08,안전신문고,2025-01-15,2026-01-02
도로모퉁이,2025-01-03,안전신문고,2025-01-10,2026-01-02
횡단보도,2025-01-03,안전신문고,2025-11-21,2026-01-02
도로모퉁이,2025-01-03,안전신문고,2025-01-10,2026-01-02
보도(인도)위,2025-01-03,안전신문고,2025-01-10,2026-01-02
보도(인도)위,2025-01-03,안전신문고,2025-01-10,2026-01-02
도로모퉁이,2025-01-03,안전신문고,2025-01-10,2026-01-02
도로모퉁이,2025-01-03,안전신문고,2025-01-10,2026-01-02
보도(인도)위,2025-01-03,안전신문고,2025-01-10,2026-01-02
소방시설 주변,2025-01-08,안전신문고,2025-01-15,2026-01-02
보도(인도)위,2025-01-06,안전신문고,2025-03-04,2026-01-02
보도(인도)위,2025-01-06,안전신문고,2025-03-04,2026-01-02
도로모퉁이,2025-01-08,안전신문고,2025-03-04,2026-01-02
소방시설 주변,2025-01-04,안전신문고,2025-01-14,2026-01-02
횡단보도,2025-01-08,안전신문고,2025-01-15,2026-01-02
주정차 금지구역,2025-01-09,고정형CCTV,2025-03-04,2026-01-02
주정차 금지구역,2025-01-09,고정형CCTV,2025-01-10,2026-01-02
주정차 금지구역,2025-01-09,고정형CCTV,2025-01-10,2026-01-02
주정차 금지구역,2025-01-09,고정형CCTV,2025-03-04,2026-01-02
주정차 금지구역,2025-01-09,고정형CCTV,2025-01-10,2026-01-02
주정차 금지구역,2025-01-09,고정형CCTV,2025-01-10,2026-01-02
주정차 금지구역,2025-01-09,고정형CCTV,2025-01-10,2026-01-02
주정차 금지구역,2025-01-09,고정형CCTV,2025-03-04,2026-01-02
주정차 금지구역,2025-01-09,고정형CCTV,2025-01-10,2026-01-02
주정차 금지구역,2025-01-09,고정형CCTV,2025-01-10,2026-01-02
주정차 금지구역,2025-01-09,고정형CCTV,2025-01-10,2026-01-02
주정차 금지구역,2025-01-09,고정형CCTV,2025-01-10,2026-01-02
주정차 금지구역,2025-01-09,고정형CCTV,2025-01-10,2026-01-02
주정차 금지구역,2025-01-09,고정형CCTV,2025-03-04,2026-01-02
주정차 금지구역,2025-01-09,고정형CCTV,2025-01-10,2026-01-02
주정차 금지구역,2025-01-09,고정형CCTV,2025-11-21,2026-01-02
주정차 금지구역,2025-01-09,고정형CCTV,2025-01-10,2026-01-02
주정차 금지구역,2025-01-09,고정형CCTV,2025-01-10,2026-01-02
주정차 금지구역,2025-01-09,고정형CCTV,2025-03-04,2026-01-02
주정차 금지구역,2025-01-09,고정형CCTV,2025-01-10,2026-01-02
주정차 금지구역,2025-01-09,고정형CCTV,2025-01-10,2026-01-02
주정차 금지구역,2025-01-09,고정형CCTV,2025-03-04,2026-01-02
주정차 금지구역,2025-01-09,고정형CCTV,2025-03-04,2026-01-02
주정차 금지구역,2025-01-09,고정형CCTV,2025-01-10,2026-01-02
주정차 금지구역,2025-01-09,고정형CCTV,2025-11-21,2026-01-02
주정차 금지구역,2025-01-09,고정형CCTV,2025-03-04,2026-01-02
주정차 금지구역,2025-01-09,고정형CCTV,2025-11-21,2026-01-02
주정차 금지구역,2025-01-09,고정형CCTV,2025-03-04,2026-01-02
주정차 금지구역,2025-01-09,고정형CCTV,2025-03-04,2026-01-02
주정차 금지구역,2025-01-09,고정형CCTV,2025-01-10,2026-01-02
주정차 금지구역,2025-01-09,고정형CCTV,2025-01-10,2026-01-02
주정차 금지구역,2025-01-09,고정형CCTV,2025-01-10,2026-01-02
주정차 금지구역,2025-01-09,고정형CCTV,2025-01-10,2026-01-02
주정차 금지구역,2025-01-09,고정형CCTV,2025-01-10,2026-01-02
주정차 금지구역,2025-01-09,고정형CCTV,2025-11-21,2026-01-02
주정차 금지구역,2025-01-09,고정형CCTV,2025-01-10,2026-01-02
주정차 금지구역,2025-01-09,고정형CCTV,2025-03-04,2026-01-02
주정차 금지구역,2025-01-09,고정형CCTV,2025-01-10,2026-01-02
주정차 금지구역,2025-01-09,고정형CCTV,2025-01-10,2026-01-02
주정차 금지구역,2025-01-09,고정형CCTV,2025-01-10,2026-01-02
주정차 금지구역,2025-01-09,고정형CCTV,2025-01-10,2026-01-02
주정차 금지구역,2025-01-09,고정형CCTV,2025-03-04,2026-01-02
주정차 금지구역,2025-01-09,고정형CCTV,2025-01-10,2026-01-02
주정차 금지구역,2025-01-09,고정형CCTV,2025-01-10,2026-01-02
주정차 금지구역,2025-01-09,고정형CCTV,2025-01-10,2026-01-02
주정차 금지구역,2025-01-09,고정형CCTV,2025-01-10,2026-01-02
주정차 금지구역,2025-01-09,고정형CCTV,2025-01-10,2026-01-02
주정차 금지구역,2025-01-09,고정형CCTV,2025-01-10,2026-01-02
주정차 금지구역,2025-01-09,고정형CCTV,2025-01-10,2026-01-02
주정차 금지구역,2025-01-09,고정형CCTV,2025-01-10,2026-01-02
주정차 금지구역,2025-01-09,고정형CCTV,2025-03-04,2026-01-02
주정차 금지구역,2025-01-09,고정형CCTV,2025-03-04,2026-01-02
주정차 금지구역,2025-01-09,고정형CCTV,2025-01-10,2026-01-02
주정차 금지구역,2025-01-09,고정형CCTV,2025-01-10,2026-01-02
주정차 금지구역,2025-01-09,고정형CCTV,2025-01-10,2026-01-02
주정차 금지구역,2025-01-09,고정형CCTV,2025-01-10,2026-01-02
주정차 금지구역,2025-01-09,고정형CCTV,2025-01-10,2026-01-02
주정차 금지구역,2025-01-09,고정형CCTV,2025-03-04,2026-01-02
주정차 금지구역,2025-01-09,고정형CCTV,2025-03-04,2026-01-02
주정차 금지구역,2025-01-09,고정형CCTV,2025-03-04,2026-01-02
주정차 금지구역,2025-01-09,고정형CCTV,2025-01-10,2026-01-02
주정차 금지구역,2025-01-09,고정형CCTV,2025-01-10,2026-01-02
주정차 금지구역,2025-01-09,고정형CCTV,2025-03-04,2026-01-02
주정차 금지구역,2025-01-09,고정형CCTV,2025-01-10,2026-01-02
주정차 금지구역,2025-01-09,고정형CCTV,2025-01-10,2026-01-02
주정차 금지구역,2025-01-09,고정형CCTV,2025-01-10,2026-01-02
주정차 금지구역,2025-01-09,고정형CCTV,2025-01-10,2026-01-02
주정차 금지구역,2025-01-09,고정형CCTV,2025-11-21,2026-01-02
주정차 금지구역,2025-01-09,고정형CCTV,2025-03-04,2026-01-02
주정차 금지구역,2025-01-09,고정형CCTV,2025-03-04,2026-01-02
주정차 금지구역,2025-01-09,고정형CCTV,2025-01-10,2026-01-02
주정차 금지구역,2025-01-09,고정형CCTV,2025-03-04,2026-01-02
주정차 금지구역,2025-01-09,고정형CCTV,2025-01-10,2026-01-02
주정차 금지구역,2025-01-09,고정형CCTV,2025-01-10,2026-01-02
주정차 금지구역,2025-01-09,고정형CCTV,2025-01-10,2026-01-02
주정차 금지구역,2025-01-09,고정형CCTV,2025-03-04,2026-01-02
주정차 금지구역,2025-01-09,고정형CCTV,2025-01-10,2026-01-02
주정차 금지구역,2025-01-09,고정형CCTV,2025-03-04,2026-01-02
주정차 금지구역,2025-01-09,고정형CCTV,2025-01-10,2026-01-02
주정차 금지구역,2025-01-09,고정형CCTV,2025-01-10,2026-01-02
주정차 금지구역,2025-01-09,고정형CCTV,2025-01-10,2026-01-02
주정차 금지구역,2025-01-09,고정형CCTV,2025-01-10,2026-01-02
주정차 금지구역,2025-01-09,고정형CCTV,2025-01-10,2026-01-02
주정차 금지구역,2025-01-09,고정형CCTV,2025-01-10,2026-01-02
주정차 금지구역,2025-01-09,고정형CCTV,2025-01-10,2026-01-02
주정차 금지구역,2025-01-09,고정형CCTV,2025-03-04,2026-01-02
주정차 금지구역,2025-01-09,고정형CCTV,2025-03-04,2026-01-02
주정차 금지구역,2025-01-09,고정형CCTV,2025-01-10,2026-01-02
주정차 금지구역,2025-01-09,고정형CCTV,2025-01-10,2026-01-02
횡단보도,2025-01-08,안전신문고,2025-03-04,2026-01-02
횡단보도,2025-01-08,안전신문고,2025-01-15,2026-01-02
횡단보도,2025-01-08,안전신문고,2025-01-15,2026-01-02
횡단보도,2025-01-08,안전신문고,2025-03-04,2026-01-02
도로모퉁이,2025-01-08,안전신문고,2025-03-04,2026-01-02
횡단보도,2025-01-06,안전신문고,2025-01-14,2026-01-02
도로모퉁이,2025-01-08,안전신문고,2025-01-15,2026-01-02
도로모퉁이,2025-01-08,안전신문고,2025-01-15,2026-01-02
보도(인도)위,2025-01-08,안전신문고,2025-11-21,2026-01-02
소방시설 주변,2025-01-07,안전신문고,2025-03-04,2026-01-02
횡단보도,2025-01-08,안전신문고,2025-01-15,2026-01-02
횡단보도,2025-01-07,안전신문고,2025-01-15,2026-01-02
도로모퉁이,2025-01-04,안전신문고,2025-03-04,2026-01-02
도로모퉁이,2025-01-05,안전신문고,2025-01-14,2026-01-02
소방시설 주변,2025-01-07,안전신문고,2025-01-15,2026-01-02
보도(인도)위,2025-01-07,안전신문고,2025-01-15,2026-01-02
도로모퉁이,2025-01-08,안전신문고,2025-03-04,2026-01-02
소방시설 주변,2025-01-09,안전신문고,2025-01-17,2026-01-02
소방시설 주변,2025-01-08,안전신문고,2025-01-15,2026-01-02
도로모퉁이,2025-01-09,안전신문고,2025-03-04,2026-01-02
보도(인도)위,2025-01-08,안전신문고,2025-11-21,2026-01-02
주정차 금지구역,2025-01-09,안전신문고,2025-01-17,2026-01-02
보도(인도)위,2025-01-08,안전신문고,2025-03-04,2026-01-02
횡단보도,2025-01-04,안전신문고,2025-03-04,2026-01-02
횡단보도,2025-01-04,안전신문고,2025-11-21,2026-01-02
소방시설 주변,2025-01-07,안전신문고,2025-01-15,2026-01-02
보도(인도)위,2025-01-07,안전신문고,2025-11-21,2026-01-02
주정차 금지구역,2025-01-09,안전신문고,2025-01-17,2026-01-02
횡단보도,2025-01-04,안전신문고,2025-01-14,2026-01-02
도로모퉁이,2025-01-09,안전신문고,2025-01-17,2026-01-02
주정차 금지구역,2025-01-09,버스장착형CCTV,2025-01-10,2026-01-02
주정차 금지구역,2025-01-09,안전신문고,2025-01-17,2026-01-02
보도(인도)위,2025-01-09,안전신문고,2025-01-17,2026-01-02
보도(인도)위,2025-01-09,안전신문고,2025-03-04,2026-01-02
횡단보도,2025-01-07,안전신문고,2025-01-15,2026-01-02
횡단보도,2025-01-05,안전신문고,2025-03-04,2026-01-02
보도(인도)위,2025-01-05,안전신문고,2025-01-14,2026-01-02
주정차 금지구역,2025-01-09,주행형CCTV,2025-01-10,2026-01-02
주정차 금지구역,2025-01-09,주행형CCTV,2025-01-10,2026-01-02
주정차 금지구역,2025-01-09,주행형CCTV,2025-03-04,2026-01-02
주정차 금지구역,2025-01-09,주행형CCTV,2025-01-10,2026-01-02
주정차 금지구역,2025-01-09,주행형CCTV,2025-03-04,2026-01-02
주정차 금지구역,2025-01-09,주행형CCTV,2025-01-10,2026-01-02
주정차 금지구역,2025-01-09,주행형CCTV,2025-03-04,2026-01-02
주정차 금지구역,2025-01-09,주행형CCTV,2025-01-10,2026-01-02
주정차 금지구역,2025-01-09,주행형CCTV,2025-01-10,2026-01-02
주정차 금지구역,2025-01-09,주행형CCTV,2025-01-10,2026-01-02
주정차 금지구역,2025-01-09,주행형CCTV,2025-03-04,2026-01-02
주정차 금지구역,2025-01-09,주행형CCTV,2025-01-10,2026-01-02
주정차 금지구역,2025-01-09,주행형CCTV,2025-01-10,2026-01-02
주정차 금지구역,2025-01-09,주행형CCTV,2025-01-10,2026-01-02
주정차 금지구역,2025-01-09,주행형CCTV,2025-11-21,2026-01-02
주정차 금지구역,2025-01-09,주행형CCTV,2025-11-21,2026-01-02
주정차 금지구역,2025-01-09,주행형CCTV,2025-11-21,2026-01-02
주정차 금지구역,2025-01-09,주행형CCTV,2025-03-04,2026-01-02
주정차 금지구역,2025-01-09,주행형CCTV,2025-03-04,2026-01-02
주정차 금지구역,2025-01-09,주행형CCTV,2025-03-04,2026-01-02
주정차 금지구역,2025-01-09,주행형CCTV,2025-01-10,2026-01-02
주정차 금지구역,2025-01-09,주행형CCTV,2025-01-10,2026-01-02
주정차 금지구역,2025-01-09,주행형CCTV,2025-01-10,2026-01-02
주정차 금지구역,2025-01-09,주행형CCTV,2025-03-04,2026-01-02
주정차 금지구역,2025-01-09,주행형CCTV,2025-03-04,2026-01-02
주정차 금지구역,2025-01-09,주행형CCTV,2025-01-10,2026-01-02
주정차 금지구역,2025-01-09,주행형CCTV,2025-03-04,2026-01-02
주정차 금지구역,2025-01-09,주행형CCTV,2025-01-10,2026-01-02
주정차 금지구역,2025-01-09,주행형CCTV,2025-03-04,2026-01-02
주정차 금지구역,2025-01-09,주행형CCTV,2025-01-10,2026-01-02
주정차 금지구역,2025-01-09,주행형CCTV,2025-01-10,2026-01-02
주정차 금지구역,2025-01-09,주행형CCTV,2025-01-10,2026-01-02
주정차 금지구역,2025-01-09,주행형CCTV,2025-11-21,2026-01-02
주정차 금지구역,2025-01-09,주행형CCTV,2025-03-04,2026-01-02
주정차 금지구역,2025-01-09,주행형CCTV,2025-11-21,2026-01-02
주정차 금지구역,2025-01-09,주행형CCTV,2025-01-10,2026-01-02
주정차 금지구역,2025-01-09,주행형CCTV,2025-03-04,2026-01-02
주정차 금지구역,2025-01-09,주행형CCTV,2025-03-04,2026-01-02
주정차 금지구역,2025-01-09,주행형CCTV,2025-01-10,2026-01-02
주정차 금지구역,2025-01-09,주행형CCTV,2025-03-04,2026-01-02
주정차 금지구역,2025-01-09,주행형CCTV,2025-03-04,2026-01-02
주정차 금지구역,2025-01-09,주행형CCTV,2025-01-10,2026-01-02
주정차 금지구역,2025-01-09,주행형CCTV,2025-03-04,2026-01-02
주정차 금지구역,2025-01-09,주행형CCTV,2025-01-10,2026-01-02
주정차 금지구역,2025-01-09,주행형CCTV,2025-01-10,2026-01-02
주정차 금지구역,2025-01-09,주행형CCTV,2025-03-04,2026-01-02
주정차 금지구역,2025-01-09,주행형CCTV,2025-01-10,2026-01-02
주정차 금지구역,2025-01-09,주행형CCTV,2025-03-04,2026-01-02
주정차 금지구역,2025-01-09,주행형CCTV,2025-01-10,2026-01-02
주정차 금지구역,2025-01-09,주행형CCTV,2025-01-10,2026-01-02
주정차 금지구역,2025-01-09,주행형CCTV,2025-01-10,2026-01-02
주정차 금지구역,2025-01-09,주행형CCTV,2025-01-10,2026-01-02
주정차 금지구역,2025-01-09,주행형CCTV,2025-01-10,2026-01-02
주정차 금지구역,2025-01-09,주행형CCTV,2025-03-04,2026-01-02
주정차 금지구역,2025-01-09,주행형CCTV,2025-01-10,2026-01-02
주정차 금지구역,2025-01-09,주행형CCTV,2025-03-04,2026-01-02
주정차 금지구역,2025-01-09,주행형CCTV,2025-01-10,2026-01-02
주정차 금지구역,2025-01-09,주행형CCTV,2025-01-10,2026-01-02
주정차 금지구역,2025-01-09,주행형CCTV,2025-01-10,2026-01-02
주정차 금지구역,2025-01-09,주행형CCTV,2025-01-10,2026-01-02
주정차 금지구역,2025-01-09,주행형CCTV,2025-01-10,2026-01-02
주정차 금지구역,2025-01-09,주행형CCTV,2025-01-10,2026-01-02
주정차 금지구역,2025-01-09,주행형CCTV,2025-01-10,2026-01-02
주정차 금지구역,2025-01-09,주행형CCTV,2025-01-10,2026-01-02
주정차 금지구역,2025-01-09,주행형CCTV,2025-03-04,2026-01-02
주정차 금지구역,2025-01-09,주행형CCTV,2025-01-10,2026-01-02
주정차 금지구역,2025-01-09,주행형CCTV,2025-01-10,2026-01-02
주정차 금지구역,2025-01-09,주행형CCTV,2025-01-10,2026-01-02
주정차 금지구역,2025-01-09,주행형CCTV,2025-11-21,2026-01-02
주정차 금지구역,2025-01-09,주행형CCTV,2025-01-10,2026-01-02
주정차 금지구역,2025-01-09,주행형CCTV,2025-01-10,2026-01-02
주정차 금지구역,2025-01-09,주행형CCTV,2025-01-10,2026-01-02
주정차 금지구역,2025-01-09,주행형CCTV,2025-01-10,2026-01-02
주정차 금지구역,2025-01-09,주행형CCTV,2025-01-10,2026-01-02
주정차 금지구역,2025-01-09,주행형CCTV,2025-01-10,2026-01-02
주정차 금지구역,2025-01-09,주행형CCTV,2025-01-10,2026-01-02
주정차 금지구역,2025-01-09,주행형CCTV,2025-03-04,2026-01-02
주정차 금지구역,2025-01-09,주행형CCTV,2025-01-10,2026-01-02
주정차 금지구역,2025-01-09,주행형CCTV,2025-01-10,2026-01-02
주정차 금지구역,2025-01-09,주행형CCTV,2025-01-10,2026-01-02
주정차 금지구역,2025-01-09,주행형CCTV,2025-01-10,2026-01-02
주정차 금지구역,2025-01-09,주행형CCTV,2025-01-10,2026-01-02
주정차 금지구역,2025-01-09,주행형CCTV,2025-01-10,2026-01-02
주정차 금지구역,2025-01-09,주행형CCTV,2025-01-10,2026-01-02
주정차 금지구역,2025-01-09,주행형CCTV,2025-03-04,2026-01-02
주정차 금지구역,2025-01-09,주행형CCTV,2025-01-10,2026-01-02
주정차 금지구역,2025-01-09,주행형CCTV,2025-01-10,2026-01-02
주정차 금지구역,2025-01-09,주행형CCTV,2025-03-04,2026-01-02
주정차 금지구역,2025-01-09,주행형CCTV,2025-01-10,2026-01-02
주정차 금지구역,2025-01-09,주행형CCTV,2025-01-10,2026-01-02
주정차 금지구역,2025-01-09,주행형CCTV,2025-03-04,2026-01-02
주정차 금지구역,2025-01-09,주행형CCTV,2025-03-04,2026-01-02
주정차 금지구역,2025-01-09,주행형CCTV,2025-01-10,2026-01-02
주정차 금지구역,2025-01-09,주행형CCTV,2025-01-10,2026-01-02
주정차 금지구역,2025-01-09,주행형CCTV,2025-01-10,2026-01-02
주정차 금지구역,2025-01-09,주행형CCTV,2025-01-10,2026-01-02
주정차 금지구역,2025-01-09,주행형CCTV,2025-03-04,2026-01-02
주정차 금지구역,2025-01-09,주행형CCTV,2025-02-04,2026-01-02
주정차 금지구역,2025-01-09,주행형CCTV,2025-03-04,2026-01-02
주정차 금지구역,2025-01-09,주행형CCTV,2025-01-10,2026-01-02
주정차 금지구역,2025-01-09,주행형CCTV,2025-01-10,2026-01-02
주정차 금지구역,2025-01-09,주행형CCTV,2025-03-04,2026-01-02
주정차 금지구역,2025-01-09,주행형CCTV,2025-01-10,2026-01-02
주정차 금지구역,2025-01-09,주행형CCTV,2025-01-10,2026-01-02
주정차 금지구역,2025-01-09,주행형CCTV,2025-01-10,2026-01-02
주정차 금지구역,2025-01-09,주행형CCTV,2025-01-10,2026-01-02
주정차 금지구역,2025-01-09,주행형CCTV,2025-11-21,2026-01-02
주정차 금지구역,2025-01-09,주행형CCTV,2025-01-10,2026-01-02
주정차 금지구역,2025-01-09,주행형CCTV,2025-03-04,2026-01-02
주정차 금지구역,2025-01-09,주행형CCTV,2025-01-10,2026-01-02
주정차 금지구역,2025-01-09,주행형CCTV,2025-01-10,2026-01-02
주정차 금지구역,2025-01-09,주행형CCTV,2025-01-10,2026-01-02
주정차 금지구역,2025-01-09,주행형CCTV,2025-01-10,2026-01-02
주정차 금지구역,2025-01-09,주행형CCTV,2025-01-10,2026-01-02
주정차 금지구역,2025-01-09,주행형CCTV,2025-03-04,2026-01-02
주정차 금지구역,2025-01-09,주행형CCTV,2025-01-10,2026-01-02
주정차 금지구역,2025-01-09,주행형CCTV,2025-03-04,2026-01-02
주정차 금지구역,2025-01-09,주행형CCTV,2025-03-04,2026-01-02
주정차 금지구역,2025-01-09,주행형CCTV,2025-01-10,2026-01-02
주정차 금지구역,2025-01-09,주행형CCTV,2025-01-10,2026-01-02
주정차 금지구역,2025-01-09,주행형CCTV,2025-01-10,2026-01-02
주정차 금지구역,2025-01-09,주행형CCTV,2025-01-10,2026-01-02
주정차 금지구역,2025-01-09,주행형CCTV,2025-03-04,2026-01-02
주정차 금지구역,2025-01-09,주행형CCTV,2025-01-10,2026-01-02
주정차 금지구역,2025-01-09,주행형CCTV,2025-01-10,2026-01-02
주정차 금지구역,2025-01-09,주행형CCTV,2025-01-10,2026-01-02
주정차 금지구역,2025-01-09,주행형CCTV,2025-03-04,2026-01-02
주정차 금지구역,2025-01-09,주행형CCTV,2025-01-10,2026-01-02
주정차 금지구역,2025-01-09,주행형CCTV,2025-01-10,2026-01-02
주정차 금지구역,2025-01-09,주행형CCTV,2025-01-10,2026-01-02
주정차 금지구역,2025-01-09,주행형CCTV,2025-03-04,2026-01-02
주정차 금지구역,2025-01-09,주행형CCTV,2025-01-10,2026-01-02
주정차 금지구역,2025-01-09,주행형CCTV,2025-01-10,2026-01-02
주정차 금지구역,2025-01-09,주행형CCTV,2025-03-04,2026-01-02
주정차 금지구역,2025-01-09,주행형CCTV,2025-03-04,2026-01-02
주정차 금지구역,2025-01-09,주행형CCTV,2025-01-10,2026-01-02
주정차 금지구역,2025-01-09,주행형CCTV,2025-03-04,2026-01-02
주정차 금지구역,2025-01-09,주행형CCTV,2025-01-10,2026-01-02
주정차 금지구역,2025-01-09,주행형CCTV,2025-03-04,2026-01-02
주정차 금지구역,2025-01-09,주행형CCTV,2025-01-10,2026-01-02
주정차 금지구역,2025-01-09,주행형CCTV,2025-01-10,2026-01-02
주정차 금지구역,2025-01-09,주행형CCTV,2025-01-10,2026-01-02
주정차 금지구역,2025-01-09,주행형CCTV,2025-01-10,2026-01-02
주정차 금지구역,2025-01-09,주행형CCTV,2025-01-10,2026-01-02
주정차 금지구역,2025-01-09,주행형CCTV,2025-03-04,2026-01-02
주정차 금지구역,2025-01-09,주행형CCTV,2025-01-10,2026-01-02
주정차 금지구역,2025-01-09,주행형CCTV,2025-01-10,2026-01-02
주정차 금지구역,2025-01-09,주행형CCTV,2025-01-10,2026-01-02
주정차 금지구역,2025-01-09,주행형CCTV,2025-01-10,2026-01-02
주정차 금지구역,2025-01-09,주행형CCTV,2025-01-10,2026-01-02
주정차 금지구역,2025-01-09,주행형CCTV,2025-01-10,2026-01-02
주정차 금지구역,2025-01-09,주행형CCTV,2025-01-10,2026-01-02
주정차 금지구역,2025-01-09,주행형CCTV,2025-01-10,2026-01-02
주정차 금지구역,2025-01-09,주행형CCTV,2025-03-04,2026-01-02
주정차 금지구역,2025-01-09,주행형CCTV,2025-01-10,2026-01-02
주정차 금지구역,2025-01-09,주행형CCTV,2025-01-10,2026-01-02
주정차 금지구역,2025-01-09,주행형CCTV,2025-01-10,2026-01-02
주정차 금지구역,2025-01-09,주행형CCTV,2025-01-10,2026-01-02
주정차 금지구역,2025-01-09,주행형CCTV,2025-01-10,2026-01-02
주정차 금지구역,2025-01-09,주행형CCTV,2025-01-10,2026-01-02
주정차 금지구역,2025-01-09,주행형CCTV,2025-01-10,2026-01-02
주정차 금지구역,2025-01-09,주행형CCTV,2025-01-10,2026-01-02
주정차 금지구역,2025-01-09,주행형CCTV,2025-03-04,2026-01-02
횡단보도,2025-01-05,안전신문고,2025-03-04,2026-01-02
횡단보도,2025-01-05,안전신문고,2025-03-04,2026-01-02
보도(인도)위,2025-01-09,안전신문고,2025-11-21,2026-01-02
횡단보도,2025-01-06,안전신문고,2025-11-21,2026-01-02
버스정류장 주변,2025-01-05,안전신문고,2025-01-14,2026-01-02
보도(인도)위,2025-01-06,안전신문고,2025-03-04,2026-01-02
소방시설 주변,2025-01-05,안전신문고,2025-03-04,2026-01-02
횡단보도,2025-01-05,안전신문고,2025-01-14,2026-01-02
보도(인도)위,2025-01-09,안전신문고,2025-03-04,2026-01-02
보도(인도)위,2025-01-07,안전신문고,2025-01-15,2026-01-02
보도(인도)위,2025-01-07,안전신문고,2025-03-04,2026-01-02
보도(인도)위,2025-01-06,안전신문고,2025-11-21,2026-01-02
보도(인도)위,2025-01-05,안전신문고,2025-01-14,2026-01-02
보도(인도)위,2025-01-06,안전신문고,2025-03-04,2026-01-02
도로모퉁이,2025-01-05,안전신문고,2025-01-14,2026-01-02
소방시설 주변,2025-01-06,안전신문고,2025-01-14,2026-01-02
횡단보도,2025-01-06,안전신문고,2025-01-14,2026-01-02
보도(인도)위,2025-01-05,안전신문고,2025-03-04,2026-01-02
버스정류장 주변,2025-01-05,안전신문고,2025-01-14,2026-01-02
소방시설 주변,2025-01-06,안전신문고,2025-01-14,2026-01-02
도로모퉁이,2025-01-06,안전신문고,2025-03-04,2026-01-02
도로모퉁이,2025-01-05,안전신문고,2025-01-14,2026-01-02
횡단보도,2025-01-06,안전신문고,2025-01-14,2026-01-02
횡단보도,2025-01-06,안전신문고,2025-03-04,2026-01-02
소방시설 주변,2025-01-06,안전신문고,2025-11-21,2026-01-02
횡단보도,2025-01-06,안전신문고,2025-01-14,2026-01-02
횡단보도,2025-01-08,안전신문고,2025-03-04,2026-01-02
횡단보도,2025-01-06,안전신문고,2025-03-04,2026-01-02
횡단보도,2025-01-06,안전신문고,2025-01-14,2026-01-02
소방시설 주변,2025-01-07,안전신문고,2025-01-15,2026-01-02
횡단보도,2025-01-06,안전신문고,2025-03-04,2026-01-02
주정차 금지구역,2025-01-09,안전신문고,2025-03-04,2026-01-02
보도(인도)위,2025-01-04,안전신문고,2025-01-14,2026-01-02
횡단보도,2025-01-05,안전신문고,2025-01-14,2026-01-02
횡단보도,2025-01-06,안전신문고,2025-11-21,2026-01-02
도로모퉁이,2025-01-06,안전신문고,2025-01-14,2026-01-02
주정차 금지구역,2025-01-01,고정형CCTV,2025-01-10,2026-01-02
보도(인도)위,2025-01-06,안전신문고,2025-01-14,2026-01-02
주정차 금지구역,2025-01-02,고정형CCTV,2025-01-10,2026-01-02
도로모퉁이,2025-01-06,안전신문고,2025-01-14,2026-01-02
주정차 금지구역,2025-01-03,주행형CCTV,2025-01-10,2026-01-02
주정차 금지구역,2025-01-04,고정형CCTV,2025-01-10,2026-01-02
주정차 금지구역,2025-01-04,고정형CCTV,2025-01-10,2026-01-02
주정차 금지구역,2025-01-05,고정형CCTV,2025-01-10,2026-01-02
보도(인도)위,2025-01-07,안전신문고,2025-03-04,2026-01-02
주정차 금지구역,2025-01-07,주행형CCTV,2025-03-04,2026-01-02
보도(인도)위,2025-01-06,안전신문고,2025-03-04,2026-01-02
횡단보도,2025-01-04,안전신문고,2025-01-14,2026-01-02
도로모퉁이,2025-01-06,안전신문고,2025-01-14,2026-01-02
보도(인도)위,2025-01-09,안전신문고,2025-01-17,2026-01-02
도로모퉁이,2025-01-06,안전신문고,2025-01-14,2026-01-02
도로모퉁이,2025-01-06,안전신문고,2025-03-04,2026-01-02
주정차 금지구역,2025-01-01,고정형CCTV,2025-01-10,2026-01-02
보도(인도)위,2025-01-07,안전신문고,2025-01-15,2026-01-02
주정차 금지구역,2025-01-02,고정형CCTV,2025-11-21,2026-01-02
주정차 금지구역,2025-01-03,주행형CCTV,2025-01-10,2026-01-02
횡단보도,2025-01-07,안전신문고,2025-03-04,2026-01-02
보도(인도)위,2025-01-05,안전신문고,2025-01-14,2026-01-02
주정차 금지구역,2025-01-06,안전신문고,2025-01-14,2026-01-02
주정차 금지구역,2025-01-04,고정형CCTV,2025-01-10,2026-01-02
주정차 금지구역,2025-01-07,고정형CCTV,2025-01-10,2026-01-02
주정차 금지구역,2025-01-07,주행형CCTV,2025-01-10,2026-01-02
주정차 금지구역,2025-01-07,고정형CCTV,2025-01-10,2026-01-02
주정차 금지구역,2025-01-07,주행형CCTV,2025-01-10,2026-01-02
주정차 금지구역,2025-01-07,고정형CCTV,2025-03-04,2026-01-02
주정차 금지구역,2025-01-07,고정형CCTV,2025-01-10,2026-01-02
횡단보도,2025-01-04,안전신문고,2025-03-04,2026-01-02
횡단보도,2025-01-09,안전신문고,2025-01-17,2026-01-02
횡단보도,2025-01-07,안전신문고,2025-01-15,2026-01-02
횡단보도,2025-01-07,안전신문고,2025-01-15,2026-01-02
보도(인도)위,2025-01-07,안전신문고,2025-01-15,2026-01-02
보도(인도)위,2025-01-05,안전신문고,2025-01-14,2026-01-02
횡단보도,2025-01-07,안전신문고,2025-01-15,2026-01-02
횡단보도,2025-01-04,안전신문고,2025-11-21,2026-01-02
횡단보도,2025-01-04,안전신문고,2025-01-14,2026-01-02
횡단보도,2025-01-09,안전신문고,2025-01-17,2026-01-02
도로모퉁이,2025-01-05,안전신문고,2025-03-04,2026-01-02
횡단보도,2025-01-09,안전신문고,2025-03-04,2026-01-02
횡단보도,2025-01-07,안전신문고,2025-01-15,2026-01-02
횡단보도,2025-01-09,안전신문고,2025-01-17,2026-01-02
횡단보도,2025-01-09,안전신문고,2025-01-17,2026-01-02
보도(인도)위,2025-01-09,안전신문고,2025-01-17,2026-01-02
소방시설 주변,2025-01-07,안전신문고,2025-01-15,2026-01-02
횡단보도,2025-01-09,안전신문고,2025-01-17,2026-01-02
횡단보도,2025-01-09,안전신문고,2025-01-17,2026-01-02
버스정류장 주변,2025-01-09,안전신문고,2025-01-17,2026-01-02
횡단보도,2025-01-09,안전신문고,2025-01-17,2026-01-02
횡단보도,2025-01-09,안전신문고,2025-03-04,2026-01-02
횡단보도,2025-01-09,안전신문고,2025-03-04,2026-01-02
횡단보도,2025-01-07,안전신문고,2025-11-21,2026-01-02
버스정류장 주변,2025-01-07,안전신문고,2025-01-15,2026-01-02
횡단보도,2025-01-07,안전신문고,2025-01-15,2026-01-02
도로모퉁이,2025-01-07,안전신문고,2025-01-15,2026-01-02
횡단보도,2025-01-07,안전신문고,2025-03-04,2026-01-02
횡단보도,2025-01-07,안전신문고,2025-01-15,2026-01-02
횡단보도,2025-01-07,안전신문고,2025-03-04,2026-01-02
횡단보도,2025-01-07,안전신문고,2025-01-15,2026-01-02
횡단보도,2025-01-07,안전신문고,2025-01-15,2026-01-02
보도(인도)위,2025-01-07,안전신문고,2025-01-15,2026-01-02
보도(인도)위,2025-01-05,안전신문고,2025-03-04,2026-01-02
보도(인도)위,2025-01-07,안전신문고,2025-01-15,2026-01-02
보도(인도)위,2025-01-05,안전신문고,2025-01-14,2026-01-02
보도(인도)위,2025-01-07,안전신문고,2025-01-15,2026-01-02
보도(인도)위,2025-01-07,안전신문고,2025-01-15,2026-01-02
횡단보도,2025-01-05,안전신문고,2025-01-14,2026-01-02
소방시설 주변,2025-01-04,안전신문고,2025-01-14,2026-01-02
도로모퉁이,2025-01-07,안전신문고,2025-03-04,2026-01-02
횡단보도,2025-01-07,안전신문고,2025-03-04,2026-01-02
횡단보도,2025-01-04,안전신문고,2025-03-04,2026-01-02
보도(인도)위,2025-01-07,안전신문고,2025-01-15,2026-01-02
보도(인도)위,2025-01-07,안전신문고,2025-03-04,2026-01-02
도로모퉁이,2025-01-05,안전신문고,2025-01-14,2026-01-02
횡단보도,2025-01-05,안전신문고,2025-03-04,2026-01-02
횡단보도,2025-01-05,안전신문고,2025-01-14,2026-01-02
횡단보도,2025-01-07,안전신문고,2025-03-04,2026-01-02
보도(인도)위,2025-01-04,안전신문고,2025-01-14,2026-01-02
보도(인도)위,2025-01-07,안전신문고,2025-03-04,2026-01-02
도로모퉁이,2025-01-06,안전신문고,2025-01-14,2026-01-02
횡단보도,2025-01-07,안전신문고,2025-01-15,2026-01-02
횡단보도,2025-01-04,안전신문고,2025-01-14,2026-01-02
주정차 금지구역,2025-01-09,안전신문고,2025-03-04,2026-01-02
횡단보도,2025-01-05,안전신문고,2025-01-14,2026-01-02
도로모퉁이,2025-01-09,안전신문고,2025-11-21,2026-01-02
횡단보도,2025-01-09,안전신문고,2025-01-17,2026-01-02
횡단보도,2025-01-07,안전신문고,2025-01-15,2026-01-02
보도(인도)위,2025-01-02,안전신문고,2025-01-14,2026-01-02
보도(인도)위,2025-01-07,안전신문고,2025-03-04,2026-01-02
횡단보도,2025-01-07,안전신문고,2025-01-15,2026-01-02
횡단보도,2025-01-05,안전신문고,2025-03-04,2026-01-02
주정차 금지구역,2025-01-10,고정형CCTV,2025-01-13,2026-01-02
주정차 금지구역,2025-01-10,고정형CCTV,2025-01-13,2026-01-02
주정차 금지구역,2025-01-10,고정형CCTV,2025-01-13,2026-01-02
주정차 금지구역,2025-01-10,고정형CCTV,2025-01-13,2026-01-02
주정차 금지구역,2025-01-10,고정형CCTV,2025-01-13,2026-01-02
주정차 금지구역,2025-01-10,고정형CCTV,2025-01-13,2026-01-02
주정차 금지구역,2025-01-10,고정형CCTV,2025-01-13,2026-01-02
주정차 금지구역,2025-01-10,고정형CCTV,2025-01-13,2026-01-02
주정차 금지구역,2025-01-10,고정형CCTV,2025-11-21,2026-01-02
주정차 금지구역,2025-01-10,고정형CCTV,2025-01-13,2026-01-02
주정차 금지구역,2025-01-10,고정형CCTV,2025-11-21,2026-01-02
주정차 금지구역,2025-01-10,고정형CCTV,2025-01-13,2026-01-02
주정차 금지구역,2025-01-10,고정형CCTV,2025-11-21,2026-01-02
주정차 금지구역,2025-01-10,고정형CCTV,2025-03-04,2026-01-02
주정차 금지구역,2025-01-10,고정형CCTV,2025-03-04,2026-01-02
주정차 금지구역,2025-01-10,고정형CCTV,2025-11-21,2026-01-02
주정차 금지구역,2025-01-10,고정형CCTV,2025-01-13,2026-01-02
주정차 금지구역,2025-01-10,고정형CCTV,2025-01-13,2026-01-02
주정차 금지구역,2025-01-10,고정형CCTV,2025-11-21,2026-01-02
주정차 금지구역,2025-01-10,고정형CCTV,2025-01-13,2026-01-02
주정차 금지구역,2025-01-10,고정형CCTV,2025-11-21,2026-01-02
주정차 금지구역,2025-01-10,고정형CCTV,2025-11-21,2026-01-02
주정차 금지구역,2025-01-10,고정형CCTV,2025-01-13,2026-01-02
주정차 금지구역,2025-01-10,고정형CCTV,2025-01-13,2026-01-02
주정차 금지구역,2025-01-10,고정형CCTV,2025-01-13,2026-01-02
주정차 금지구역,2025-01-10,고정형CCTV,2025-01-13,2026-01-02
주정차 금지구역,2025-01-10,고정형CCTV,2025-11-21,2026-01-02
주정차 금지구역,2025-01-10,고정형CCTV,2025-01-13,2026-01-02
주정차 금지구역,2025-01-10,고정형CCTV,2025-01-13,2026-01-02
주정차 금지구역,2025-01-10,고정형CCTV,2025-11-21,2026-01-02
주정차 금지구역,2025-01-10,고정형CCTV,2025-11-21,2026-01-02
주정차 금지구역,2025-01-10,고정형CCTV,2025-11-21,2026-01-02
주정차 금지구역,2025-01-10,고정형CCTV,2025-01-13,2026-01-02
주정차 금지구역,2025-01-10,고정형CCTV,2025-01-13,2026-01-02
주정차 금지구역,2025-01-10,고정형CCTV,2025-01-13,2026-01-02
주정차 금지구역,2025-01-10,고정형CCTV,2025-11-21,2026-01-02
주정차 금지구역,2025-01-10,고정형CCTV,2025-03-04,2026-01-02
주정차 금지구역,2025-01-10,고정형CCTV,2025-03-04,2026-01-02
주정차 금지구역,2025-01-10,고정형CCTV,2025-01-13,2026-01-02
주정차 금지구역,2025-01-10,고정형CCTV,2025-03-04,2026-01-02
주정차 금지구역,2025-01-10,고정형CCTV,2025-01-13,2026-01-02
주정차 금지구역,2025-01-10,고정형CCTV,2025-01-13,2026-01-02
주정차 금지구역,2025-01-10,고정형CCTV,2025-01-13,2026-01-02
주정차 금지구역,2025-01-10,고정형CCTV,2025-03-04,2026-01-02
주정차 금지구역,2025-01-10,고정형CCTV,2025-01-13,2026-01-02
주정차 금지구역,2025-01-10,고정형CCTV,2025-01-13,2026-01-02
주정차 금지구역,2025-01-10,고정형CCTV,2025-01-13,2026-01-02
주정차 금지구역,2025-01-10,고정형CCTV,2025-11-21,2026-01-02
주정차 금지구역,2025-01-10,고정형CCTV,2025-01-13,2026-01-02
주정차 금지구역,2025-01-10,고정형CCTV,2025-01-13,2026-01-02
주정차 금지구역,2025-01-10,고정형CCTV,2025-01-13,2026-01-02
주정차 금지구역,2025-01-10,고정형CCTV,2025-03-04,2026-01-02
주정차 금지구역,2025-01-10,고정형CCTV,2025-03-04,2026-01-02
주정차 금지구역,2025-01-10,고정형CCTV,2025-01-13,2026-01-02
주정차 금지구역,2025-01-10,고정형CCTV,2025-01-13,2026-01-02
주정차 금지구역,2025-01-10,고정형CCTV,2025-01-13,2026-01-02
주정차 금지구역,2025-01-10,고정형CCTV,2025-01-13,2026-01-02
주정차 금지구역,2025-01-10,고정형CCTV,2025-01-13,2026-01-02
주정차 금지구역,2025-01-10,고정형CCTV,2025-01-13,2026-01-02
주정차 금지구역,2025-01-10,고정형CCTV,2025-01-13,2026-01-02
주정차 금지구역,2025-01-10,고정형CCTV,2025-03-04,2026-01-02
주정차 금지구역,2025-01-10,고정형CCTV,2025-01-13,2026-01-02
주정차 금지구역,2025-01-10,고정형CCTV,2025-03-04,2026-01-02
주정차 금지구역,2025-01-10,고정형CCTV,2025-03-04,2026-01-02
주정차 금지구역,2025-01-10,고정형CCTV,2025-01-13,2026-01-02
주정차 금지구역,2025-01-10,고정형CCTV,2025-03-04,2026-01-02
주정차 금지구역,2025-01-10,고정형CCTV,2025-01-13,2026-01-02
주정차 금지구역,2025-01-10,고정형CCTV,2025-01-13,2026-01-02
주정차 금지구역,2025-01-10,고정형CCTV,2025-01-13,2026-01-02
주정차 금지구역,2025-01-10,고정형CCTV,2025-01-13,2026-01-02
주정차 금지구역,2025-01-10,고정형CCTV,2025-01-13,2026-01-02
주정차 금지구역,2025-01-10,고정형CCTV,2025-01-13,2026-01-02
주정차 금지구역,2025-01-10,고정형CCTV,2025-01-13,2026-01-02
주정차 금지구역,2025-01-10,고정형CCTV,2025-01-13,2026-01-02
주정차 금지구역,2025-01-10,고정형CCTV,2025-01-13,2026-01-02
주정차 금지구역,2025-01-10,고정형CCTV,2025-01-13,2026-01-02
주정차 금지구역,2025-01-10,고정형CCTV,2025-03-04,2026-01-02
주정차 금지구역,2025-01-10,고정형CCTV,2025-01-13,2026-01-02
주정차 금지구역,2025-01-10,고정형CCTV,2025-01-13,2026-01-02
주정차 금지구역,2025-01-10,고정형CCTV,2025-03-04,2026-01-02
주정차 금지구역,2025-01-10,고정형CCTV,2025-03-04,2026-01-02
주정차 금지구역,2025-01-10,고정형CCTV,2025-01-13,2026-01-02
주정차 금지구역,2025-01-10,고정형CCTV,2025-01-13,2026-01-02
주정차 금지구역,2025-01-10,고정형CCTV,2025-03-04,2026-01-02
주정차 금지구역,2025-01-10,고정형CCTV,2025-01-13,2026-01-02
주정차 금지구역,2025-01-10,고정형CCTV,2025-03-04,2026-01-02
주정차 금지구역,2025-01-10,고정형CCTV,2025-01-13,2026-01-02
주정차 금지구역,2025-01-10,고정형CCTV,2025-11-21,2026-01-02
주정차 금지구역,2025-01-10,고정형CCTV,2025-03-04,2026-01-02
주정차 금지구역,2025-01-10,고정형CCTV,2025-01-13,2026-01-02
주정차 금지구역,2025-01-10,고정형CCTV,2025-01-13,2026-01-02
주정차 금지구역,2025-01-10,고정형CCTV,2025-01-13,2026-01-02
주정차 금지구역,2025-01-10,고정형CCTV,2025-11-21,2026-01-02
주정차 금지구역,2025-01-10,고정형CCTV,2025-01-13,2026-01-02
주정차 금지구역,2025-01-10,고정형CCTV,2025-01-13,2026-01-02
주정차 금지구역,2025-01-10,고정형CCTV,2025-03-04,2026-01-02
주정차 금지구역,2025-01-10,고정형CCTV,2025-03-04,2026-01-02
주정차 금지구역,2025-01-10,고정형CCTV,2025-01-13,2026-01-02
주정차 금지구역,2025-01-10,고정형CCTV,2025-01-13,2026-01-02
주정차 금지구역,2025-01-10,고정형CCTV,2025-03-04,2026-01-02
주정차 금지구역,2025-01-10,고정형CCTV,2025-01-13,2026-01-02
주정차 금지구역,2025-01-10,고정형CCTV,2025-11-21,2026-01-02
주정차 금지구역,2025-01-10,고정형CCTV,2025-11-21,2026-01-02
주정차 금지구역,2025-01-10,고정형CCTV,2025-03-04,2026-01-02
주정차 금지구역,2025-01-10,고정형CCTV,2025-03-04,2026-01-02
주정차 금지구역,2025-01-10,고정형CCTV,2025-01-13,2026-01-02
주정차 금지구역,2025-01-10,고정형CCTV,2025-03-04,2026-01-02
주정차 금지구역,2025-01-10,고정형CCTV,2025-01-13,2026-01-02
주정차 금지구역,2025-01-10,고정형CCTV,2025-03-04,2026-01-02
주정차 금지구역,2025-01-10,고정형CCTV,2025-03-04,2026-01-02
주정차 금지구역,2025-01-10,고정형CCTV,2025-01-13,2026-01-02
주정차 금지구역,2025-01-10,고정형CCTV,2025-01-13,2026-01-02
주정차 금지구역,2025-01-10,고정형CCTV,2025-03-04,2026-01-02
주정차 금지구역,2025-01-10,고정형CCTV,2025-01-13,2026-01-02
주정차 금지구역,2025-01-10,고정형CCTV,2025-11-21,2026-01-02
보도(인도)위,2025-01-07,안전신문고,2025-03-04,2026-01-02
주정차 금지구역,2025-01-10,버스장착형CCTV,2025-01-13,2026-01-02
주정차 금지구역,2025-01-11,고정형CCTV,2025-01-13,2026-01-02
주정차 금지구역,2025-01-11,고정형CCTV,2025-03-04,2026-01-02
주정차 금지구역,2025-01-11,고정형CCTV,2025-01-13,2026-01-02
주정차 금지구역,2025-01-11,고정형CCTV,2025-01-13,2026-01-02
주정차 금지구역,2025-01-11,고정형CCTV,2025-03-04,2026-01-02
주정차 금지구역,2025-01-11,고정형CCTV,2025-03-04,2026-01-02
주정차 금지구역,2025-01-11,고정형CCTV,2025-01-13,2026-01-02
주정차 금지구역,2025-01-11,고정형CCTV,2025-03-04,2026-01-02
주정차 금지구역,2025-01-11,고정형CCTV,2025-01-13,2026-01-02
주정차 금지구역,2025-01-11,고정형CCTV,2025-03-04,2026-01-02
주정차 금지구역,2025-01-11,고정형CCTV,2025-01-13,2026-01-02
주정차 금지구역,2025-01-11,고정형CCTV,2025-01-13,2026-01-02
주정차 금지구역,2025-01-11,고정형CCTV,2025-01-13,2026-01-02
주정차 금지구역,2025-01-11,고정형CCTV,2025-03-04,2026-01-02
주정차 금지구역,2025-01-11,고정형CCTV,2025-02-26,2026-01-02
주정차 금지구역,2025-01-11,고정형CCTV,2025-03-04,2026-01-02
주정차 금지구역,2025-01-11,고정형CCTV,2025-01-13,2026-01-02
주정차 금지구역,2025-01-11,고정형CCTV,2025-01-13,2026-01-02
주정차 금지구역,2025-01-11,고정형CCTV,2025-01-13,2026-01-02
주정차 금지구역,2025-01-11,고정형CCTV,2025-03-04,2026-01-02
주정차 금지구역,2025-01-11,고정형CCTV,2025-01-13,2026-01-02
주정차 금지구역,2025-01-11,고정형CCTV,2025-03-04,2026-01-02
주정차 금지구역,2025-01-11,고정형CCTV,2025-01-13,2026-01-02
주정차 금지구역,2025-01-11,고정형CCTV,2025-01-13,2026-01-02
주정차 금지구역,2025-01-11,고정형CCTV,2025-01-13,2026-01-02
주정차 금지구역,2025-01-11,고정형CCTV,2025-01-13,2026-01-02
주정차 금지구역,2025-01-11,고정형CCTV,2025-01-13,2026-01-02
주정차 금지구역,2025-01-11,고정형CCTV,2025-01-13,2026-01-02
주정차 금지구역,2025-01-11,고정형CCTV,2025-01-13,2026-01-02
주정차 금지구역,2025-01-11,고정형CCTV,2025-03-04,2026-01-02
주정차 금지구역,2025-01-11,고정형CCTV,2025-01-13,2026-01-02
주정차 금지구역,2025-01-11,고정형CCTV,2025-01-13,2026-01-02
주정차 금지구역,2025-01-11,고정형CCTV,2025-01-13,2026-01-02
주정차 금지구역,2025-01-11,고정형CCTV,2025-03-04,2026-01-02
주정차 금지구역,2025-01-11,고정형CCTV,2025-01-13,2026-01-02
주정차 금지구역,2025-01-11,고정형CCTV,2025-03-04,2026-01-02
주정차 금지구역,2025-01-11,고정형CCTV,2025-03-04,2026-01-02
주정차 금지구역,2025-01-11,고정형CCTV,2025-03-04,2026-01-02
주정차 금지구역,2025-01-11,고정형CCTV,2025-01-13,2026-01-02
주정차 금지구역,2025-01-11,고정형CCTV,2025-01-13,2026-01-02
주정차 금지구역,2025-01-11,고정형CCTV,2025-03-04,2026-01-02
주정차 금지구역,2025-01-11,고정형CCTV,2025-01-13,2026-01-02
주정차 금지구역,2025-01-11,고정형CCTV,2025-03-04,2026-01-02
주정차 금지구역,2025-01-11,고정형CCTV,2025-01-13,2026-01-02
주정차 금지구역,2025-01-11,고정형CCTV,2025-03-04,2026-01-02
주정차 금지구역,2025-01-11,고정형CCTV,2025-03-04,2026-01-02
주정차 금지구역,2025-01-11,고정형CCTV,2025-01-13,2026-01-02
주정차 금지구역,2025-01-11,고정형CCTV,2025-01-13,2026-01-02
주정차 금지구역,2025-01-11,고정형CCTV,2025-01-13,2026-01-02
주정차 금지구역,2025-01-11,고정형CCTV,2025-03-04,2026-01-02
주정차 금지구역,2025-01-11,고정형CCTV,2025-03-04,2026-01-02
주정차 금지구역,2025-01-11,고정형CCTV,2025-03-04,2026-01-02
주정차 금지구역,2025-01-11,고정형CCTV,2025-01-13,2026-01-02
주정차 금지구역,2025-01-11,고정형CCTV,2025-01-13,2026-01-02
주정차 금지구역,2025-01-11,고정형CCTV,2025-03-04,2026-01-02
주정차 금지구역,2025-01-11,고정형CCTV,2025-01-13,2026-01-02
주정차 금지구역,2025-01-11,고정형CCTV,2025-03-04,2026-01-02
주정차 금지구역,2025-01-11,고정형CCTV,2025-01-13,2026-01-02
주정차 금지구역,2025-01-11,고정형CCTV,2025-01-13,2026-01-02
주정차 금지구역,2025-01-11,고정형CCTV,2025-01-13,2026-01-02
주정차 금지구역,2025-01-11,고정형CCTV,2025-01-13,2026-01-02
주정차 금지구역,2025-01-11,고정형CCTV,2025-01-13,2026-01-02
주정차 금지구역,2025-01-11,고정형CCTV,2025-01-13,2026-01-02
주정차 금지구역,2025-01-11,고정형CCTV,2025-03-04,2026-01-02
주정차 금지구역,2025-01-11,고정형CCTV,2025-03-04,2026-01-02
주정차 금지구역,2025-01-11,고정형CCTV,2025-01-13,2026-01-02
주정차 금지구역,2025-01-11,고정형CCTV,2025-01-13,2026-01-02
주정차 금지구역,2025-01-11,고정형CCTV,2025-03-04,2026-01-02
주정차 금지구역,2025-01-11,고정형CCTV,2025-01-13,2026-01-02
주정차 금지구역,2025-01-11,고정형CCTV,2025-01-13,2026-01-02
주정차 금지구역,2025-01-11,고정형CCTV,2025-03-04,2026-01-02
주정차 금지구역,2025-01-11,고정형CCTV,2025-03-04,2026-01-02
주정차 금지구역,2025-01-11,고정형CCTV,2025-01-13,2026-01-02
주정차 금지구역,2025-01-11,고정형CCTV,2025-03-04,2026-01-02
주정차 금지구역,2025-01-11,고정형CCTV,2025-01-13,2026-01-02
주정차 금지구역,2025-01-11,고정형CCTV,2025-01-13,2026-01-02
주정차 금지구역,2025-01-11,고정형CCTV,2025-11-21,2026-01-02
주정차 금지구역,2025-01-11,고정형CCTV,2025-01-13,2026-01-02
주정차 금지구역,2025-01-11,고정형CCTV,2025-01-13,2026-01-02
주정차 금지구역,2025-01-11,고정형CCTV,2025-01-13,2026-01-02
주정차 금지구역,2025-01-11,고정형CCTV,2025-03-04,2026-01-02
주정차 금지구역,2025-01-11,고정형CCTV,2025-01-13,2026-01-02
주정차 금지구역,2025-01-11,고정형CCTV,2025-03-04,2026-01-02
주정차 금지구역,2025-01-11,고정형CCTV,2025-11-21,2026-01-02
주정차 금지구역,2025-01-11,고정형CCTV,2025-01-13,2026-01-02
주정차 금지구역,2025-01-11,고정형CCTV,2025-11-21,2026-01-02
주정차 금지구역,2025-01-11,고정형CCTV,2025-01-13,2026-01-02
주정차 금지구역,2025-01-11,고정형CCTV,2025-03-04,2026-01-02
주정차 금지구역,2025-01-11,고정형CCTV,2025-03-04,2026-01-02
주정차 금지구역,2025-01-11,고정형CCTV,2025-03-04,2026-01-02
주정차 금지구역,2025-01-11,고정형CCTV,2025-03-04,2026-01-02
주정차 금지구역,2025-01-11,고정형CCTV,2025-03-04,2026-01-02
주정차 금지구역,2025-01-11,고정형CCTV,2025-03-04,2026-01-02
주정차 금지구역,2025-01-11,고정형CCTV,2025-01-13,2026-01-02
주정차 금지구역,2025-01-11,고정형CCTV,2025-01-13,2026-01-02
주정차 금지구역,2025-01-11,고정형CCTV,2025-01-13,2026-01-02
주정차 금지구역,2025-01-11,고정형CCTV,2025-01-13,2026-01-02
주정차 금지구역,2025-01-11,고정형CCTV,2025-01-13,2026-01-02
주정차 금지구역,2025-01-11,고정형CCTV,2025-01-13,2026-01-02
주정차 금지구역,2025-01-11,고정형CCTV,2025-01-13,2026-01-02
주정차 금지구역,2025-01-11,고정형CCTV,2025-01-13,2026-01-02
주정차 금지구역,2025-01-11,고정형CCTV,2025-01-13,2026-01-02
주정차 금지구역,2025-01-11,고정형CCTV,2025-01-13,2026-01-02
주정차 금지구역,2025-01-11,고정형CCTV,2025-03-04,2026-01-02
주정차 금지구역,2025-01-11,고정형CCTV,2025-01-13,2026-01-02
주정차 금지구역,2025-01-11,고정형CCTV,2025-01-13,2026-01-02
주정차 금지구역,2025-01-11,고정형CCTV,2025-01-13,2026-01-02
주정차 금지구역,2025-01-11,고정형CCTV,2025-03-04,2026-01-02
주정차 금지구역,2025-01-11,고정형CCTV,2025-01-13,2026-01-02
주정차 금지구역,2025-01-11,고정형CCTV,2025-03-04,2026-01-02
주정차 금지구역,2025-01-11,고정형CCTV,2025-11-21,2026-01-02
주정차 금지구역,2025-01-11,고정형CCTV,2025-01-13,2026-01-02
주정차 금지구역,2025-01-11,고정형CCTV,2025-01-13,2026-01-02
주정차 금지구역,2025-01-11,고정형CCTV,2025-11-21,2026-01-02
주정차 금지구역,2025-01-11,고정형CCTV,2025-01-13,2026-01-02
주정차 금지구역,2025-01-11,고정형CCTV,2025-01-13,2026-01-02
주정차 금지구역,2025-01-11,고정형CCTV,2025-03-04,2026-01-02
주정차 금지구역,2025-01-11,고정형CCTV,2025-03-04,2026-01-02
주정차 금지구역,2025-01-11,고정형CCTV,2025-03-04,2026-01-02
주정차 금지구역,2025-01-11,고정형CCTV,2025-01-13,2026-01-02
주정차 금지구역,2025-01-11,고정형CCTV,2025-03-04,2026-01-02
주정차 금지구역,2025-01-11,고정형CCTV,2025-01-13,2026-01-02
주정차 금지구역,2025-01-11,고정형CCTV,2025-01-13,2026-01-02
주정차 금지구역,2025-01-11,고정형CCTV,2025-01-13,2026-01-02
주정차 금지구역,2025-01-11,고정형CCTV,2025-01-13,2026-01-02
주정차 금지구역,2025-01-11,고정형CCTV,2025-01-13,2026-01-02
주정차 금지구역,2025-01-11,고정형CCTV,2025-01-13,2026-01-02
주정차 금지구역,2025-01-11,고정형CCTV,2025-01-13,2026-01-02
주정차 금지구역,2025-01-11,고정형CCTV,2025-01-13,2026-01-02
주정차 금지구역,2025-01-11,고정형CCTV,2025-01-13,2026-01-02
주정차 금지구역,2025-01-11,고정형CCTV,2025-01-13,2026-01-02
주정차 금지구역,2025-01-11,고정형CCTV,2025-11-21,2026-01-02
주정차 금지구역,2025-01-11,고정형CCTV,2025-03-04,2026-01-02
주정차 금지구역,2025-01-11,고정형CCTV,2025-03-04,2026-01-02
주정차 금지구역,2025-01-11,고정형CCTV,2025-01-13,2026-01-02
주정차 금지구역,2025-01-11,고정형CCTV,2025-03-04,2026-01-02
주정차 금지구역,2025-01-11,고정형CCTV,2025-01-13,2026-01-02
주정차 금지구역,2025-01-11,고정형CCTV,2025-01-13,2026-01-02
주정차 금지구역,2025-01-11,고정형CCTV,2025-01-13,2026-01-02
주정차 금지구역,2025-01-11,고정형CCTV,2025-01-13,2026-01-02
주정차 금지구역,2025-01-11,고정형CCTV,2025-01-13,2026-01-02
주정차 금지구역,2025-01-11,고정형CCTV,2025-11-21,2026-01-02
주정차 금지구역,2025-01-11,고정형CCTV,2025-01-13,2026-01-02
주정차 금지구역,2025-01-11,고정형CCTV,2025-01-13,2026-01-02
주정차 금지구역,2025-01-11,고정형CCTV,2025-01-13,2026-01-02
주정차 금지구역,2025-01-11,고정형CCTV,2025-01-13,2026-01-02
주정차 금지구역,2025-01-11,고정형CCTV,2025-01-13,2026-01-02
주정차 금지구역,2025-01-11,고정형CCTV,2025-01-13,2026-01-02
주정차 금지구역,2025-01-11,고정형CCTV,2025-03-04,2026-01-02
주정차 금지구역,2025-01-11,고정형CCTV,2025-01-13,2026-01-02
주정차 금지구역,2025-01-11,고정형CCTV,2025-01-13,2026-01-02
주정차 금지구역,2025-01-11,고정형CCTV,2025-03-04,2026-01-02
주정차 금지구역,2025-01-11,고정형CCTV,2025-01-13,2026-01-02
주정차 금지구역,2025-01-11,고정형CCTV,2025-03-04,2026-01-02
주정차 금지구역,2025-01-11,고정형CCTV,2025-03-04,2026-01-02
주정차 금지구역,2025-01-11,고정형CCTV,2025-01-13,2026-01-02
주정차 금지구역,2025-01-11,고정형CCTV,2025-01-13,2026-01-02
소방시설 주변,2025-01-07,안전신문고,2025-01-15,2026-01-02
주정차 금지구역,2025-01-12,고정형CCTV,2025-01-13,2026-01-02
주정차 금지구역,2025-01-12,고정형CCTV,2025-03-04,2026-01-02
주정차 금지구역,2025-01-12,고정형CCTV,2025-01-13,2026-01-02
주정차 금지구역,2025-01-12,고정형CCTV,2025-03-04,2026-01-02
주정차 금지구역,2025-01-12,고정형CCTV,2025-01-13,2026-01-02
주정차 금지구역,2025-01-12,고정형CCTV,2025-01-13,2026-01-02
주정차 금지구역,2025-01-12,고정형CCTV,2025-01-13,2026-01-02
주정차 금지구역,2025-01-12,고정형CCTV,2025-01-13,2026-01-02
주정차 금지구역,2025-01-12,고정형CCTV,2025-03-04,2026-01-02
주정차 금지구역,2025-01-12,고정형CCTV,2025-01-13,2026-01-02
주정차 금지구역,2025-01-12,고정형CCTV,2025-03-04,2026-01-02
주정차 금지구역,2025-01-12,고정형CCTV,2025-03-04,2026-01-02
주정차 금지구역,2025-01-12,고정형CCTV,2025-01-13,2026-01-02
주정차 금지구역,2025-01-12,고정형CCTV,2025-01-13,2026-01-02
주정차 금지구역,2025-01-12,고정형CCTV,2025-01-13,2026-01-02
주정차 금지구역,2025-01-12,고정형CCTV,2025-01-13,2026-01-02
주정차 금지구역,2025-01-12,고정형CCTV,2025-03-04,2026-01-02
주정차 금지구역,2025-01-12,고정형CCTV,2025-01-13,2026-01-02
주정차 금지구역,2025-01-12,고정형CCTV,2025-01-13,2026-01-02
주정차 금지구역,2025-01-12,고정형CCTV,2025-01-13,2026-01-02
주정차 금지구역,2025-01-12,고정형CCTV,2025-01-13,2026-01-02
주정차 금지구역,2025-01-12,고정형CCTV,2025-03-04,2026-01-02
주정차 금지구역,2025-01-12,고정형CCTV,2025-01-13,2026-01-02
주정차 금지구역,2025-01-12,고정형CCTV,2025-01-13,2026-01-02
주정차 금지구역,2025-01-12,고정형CCTV,2025-01-13,2026-01-02
주정차 금지구역,2025-01-12,고정형CCTV,2025-03-04,2026-01-02
주정차 금지구역,2025-01-12,고정형CCTV,2025-01-13,2026-01-02
주정차 금지구역,2025-01-12,고정형CCTV,2025-01-13,2026-01-02
주정차 금지구역,2025-01-12,고정형CCTV,2025-01-13,2026-01-02
주정차 금지구역,2025-01-12,고정형CCTV,2025-01-13,2026-01-02
주정차 금지구역,2025-01-12,고정형CCTV,2025-01-13,2026-01-02
주정차 금지구역,2025-01-12,고정형CCTV,2025-01-13,2026-01-02
주정차 금지구역,2025-01-12,고정형CCTV,2025-01-13,2026-01-02
주정차 금지구역,2025-01-12,고정형CCTV,2025-01-13,2026-01-02
주정차 금지구역,2025-01-12,고정형CCTV,2025-01-13,2026-01-02
주정차 금지구역,2025-01-12,고정형CCTV,2025-03-04,2026-01-02
주정차 금지구역,2025-01-12,고정형CCTV,2025-01-13,2026-01-02
주정차 금지구역,2025-01-12,고정형CCTV,2025-01-13,2026-01-02
주정차 금지구역,2025-01-12,고정형CCTV,2025-01-13,2026-01-02
주정차 금지구역,2025-01-12,고정형CCTV,2025-01-13,2026-01-02
주정차 금지구역,2025-01-12,고정형CCTV,2025-01-13,2026-01-02
주정차 금지구역,2025-01-12,고정형CCTV,2025-01-13,2026-01-02
주정차 금지구역,2025-01-12,고정형CCTV,2025-01-13,2026-01-02
주정차 금지구역,2025-01-12,고정형CCTV,2025-03-04,2026-01-02
주정차 금지구역,2025-01-12,고정형CCTV,2025-03-04,2026-01-02
주정차 금지구역,2025-01-12,고정형CCTV,2025-03-04,2026-01-02
주정차 금지구역,2025-01-12,고정형CCTV,2025-11-21,2026-01-02
주정차 금지구역,2025-01-12,고정형CCTV,2025-11-21,2026-01-02
주정차 금지구역,2025-01-12,고정형CCTV,2025-01-13,2026-01-02
주정차 금지구역,2025-01-12,고정형CCTV,2025-01-13,2026-01-02
주정차 금지구역,2025-01-12,고정형CCTV,2025-03-04,2026-01-02
주정차 금지구역,2025-01-12,고정형CCTV,2025-01-13,2026-01-02
주정차 금지구역,2025-01-12,고정형CCTV,2025-01-13,2026-01-02
주정차 금지구역,2025-01-12,고정형CCTV,2025-03-04,2026-01-02
주정차 금지구역,2025-01-12,고정형CCTV,2025-01-13,2026-01-02
주정차 금지구역,2025-01-12,고정형CCTV,2025-03-04,2026-01-02
주정차 금지구역,2025-01-12,고정형CCTV,2025-01-13,2026-01-02
주정차 금지구역,2025-01-12,고정형CCTV,2025-01-13,2026-01-02
주정차 금지구역,2025-01-12,고정형CCTV,2025-03-04,2026-01-02
주정차 금지구역,2025-01-12,고정형CCTV,2025-03-04,2026-01-02
주정차 금지구역,2025-01-12,고정형CCTV,2025-11-21,2026-01-02
주정차 금지구역,2025-01-12,고정형CCTV,2025-01-13,2026-01-02
주정차 금지구역,2025-01-12,고정형CCTV,2025-01-13,2026-01-02
주정차 금지구역,2025-01-12,고정형CCTV,2025-03-04,2026-01-02
주정차 금지구역,2025-01-12,고정형CCTV,2025-11-21,2026-01-02
주정차 금지구역,2025-01-12,고정형CCTV,2025-01-13,2026-01-02
주정차 금지구역,2025-01-12,고정형CCTV,2025-01-13,2026-01-02
주정차 금지구역,2025-01-12,고정형CCTV,2025-03-04,2026-01-02
주정차 금지구역,2025-01-12,고정형CCTV,2025-01-13,2026-01-02
주정차 금지구역,2025-01-12,고정형CCTV,2025-01-13,2026-01-02
주정차 금지구역,2025-01-12,고정형CCTV,2025-03-04,2026-01-02
주정차 금지구역,2025-01-12,고정형CCTV,2025-01-13,2026-01-02
주정차 금지구역,2025-01-12,고정형CCTV,2025-01-13,2026-01-02
주정차 금지구역,2025-01-12,고정형CCTV,2025-01-13,2026-01-02
주정차 금지구역,2025-01-12,고정형CCTV,2025-01-13,2026-01-02
주정차 금지구역,2025-01-12,고정형CCTV,2025-01-13,2026-01-02
주정차 금지구역,2025-01-12,고정형CCTV,2025-03-04,2026-01-02
주정차 금지구역,2025-01-12,고정형CCTV,2025-01-13,2026-01-02
주정차 금지구역,2025-01-12,고정형CCTV,2025-03-04,2026-01-02
주정차 금지구역,2025-01-12,고정형CCTV,2025-03-04,2026-01-02
주정차 금지구역,2025-01-12,고정형CCTV,2025-03-04,2026-01-02
주정차 금지구역,2025-01-12,고정형CCTV,2025-01-13,2026-01-02
주정차 금지구역,2025-01-12,고정형CCTV,2025-01-13,2026-01-02
주정차 금지구역,2025-01-12,고정형CCTV,2025-01-13,2026-01-02
주정차 금지구역,2025-01-12,고정형CCTV,2025-01-13,2026-01-02
주정차 금지구역,2025-01-12,고정형CCTV,2025-01-13,2026-01-02
주정차 금지구역,2025-01-12,고정형CCTV,2025-01-13,2026-01-02
주정차 금지구역,2025-01-12,고정형CCTV,2025-01-13,2026-01-02
주정차 금지구역,2025-01-12,고정형CCTV,2025-03-04,2026-01-02
주정차 금지구역,2025-01-12,고정형CCTV,2025-01-13,2026-01-02
주정차 금지구역,2025-01-12,고정형CCTV,2025-03-04,2026-01-02
주정차 금지구역,2025-01-12,고정형CCTV,2025-01-13,2026-01-02
주정차 금지구역,2025-01-12,고정형CCTV,2025-01-13,2026-01-02
주정차 금지구역,2025-01-12,고정형CCTV,2025-11-21,2026-01-02
주정차 금지구역,2025-01-12,고정형CCTV,2025-11-21,2026-01-02
주정차 금지구역,2025-01-12,고정형CCTV,2025-01-13,2026-01-02
주정차 금지구역,2025-01-12,고정형CCTV,2025-01-13,2026-01-02
주정차 금지구역,2025-01-12,고정형CCTV,2025-01-13,2026-01-02
주정차 금지구역,2025-01-12,고정형CCTV,2025-03-04,2026-01-02
주정차 금지구역,2025-01-12,고정형CCTV,2025-01-13,2026-01-02
주정차 금지구역,2025-01-12,고정형CCTV,2025-01-13,2026-01-02
주정차 금지구역,2025-01-12,고정형CCTV,2025-03-04,2026-01-02
주정차 금지구역,2025-01-12,고정형CCTV,2025-03-04,2026-01-02
주정차 금지구역,2025-01-12,고정형CCTV,2025-01-13,2026-01-02
주정차 금지구역,2025-01-12,고정형CCTV,2025-11-21,2026-01-02
주정차 금지구역,2025-01-12,고정형CCTV,2025-03-04,2026-01-02
주정차 금지구역,2025-01-12,고정형CCTV,2025-11-21,2026-01-02
주정차 금지구역,2025-01-12,고정형CCTV,2025-03-04,2026-01-02
주정차 금지구역,2025-01-12,고정형CCTV,2025-01-13,2026-01-02
주정차 금지구역,2025-01-12,고정형CCTV,2025-01-13,2026-01-02
주정차 금지구역,2025-01-12,고정형CCTV,2025-01-13,2026-01-02
주정차 금지구역,2025-01-12,고정형CCTV,2025-11-21,2026-01-02
주정차 금지구역,2025-01-12,고정형CCTV,2025-11-21,2026-01-02
주정차 금지구역,2025-01-12,고정형CCTV,2025-03-04,2026-01-02
주정차 금지구역,2025-01-12,고정형CCTV,2025-03-04,2026-01-02
주정차 금지구역,2025-01-12,고정형CCTV,2025-03-04,2026-01-02
주정차 금지구역,2025-01-12,고정형CCTV,2025-01-13,2026-01-02
주정차 금지구역,2025-01-12,고정형CCTV,2025-03-04,2026-01-02
주정차 금지구역,2025-01-12,고정형CCTV,2025-01-13,2026-01-02
주정차 금지구역,2025-01-12,고정형CCTV,2025-11-21,2026-01-02
주정차 금지구역,2025-01-12,고정형CCTV,2025-01-13,2026-01-02
주정차 금지구역,2025-01-12,고정형CCTV,2025-01-13,2026-01-02
주정차 금지구역,2025-01-12,고정형CCTV,2025-01-13,2026-01-02
주정차 금지구역,2025-01-12,고정형CCTV,2025-11-21,2026-01-02
주정차 금지구역,2025-01-12,고정형CCTV,2025-01-13,2026-01-02
주정차 금지구역,2025-01-12,고정형CCTV,2025-03-04,2026-01-02
주정차 금지구역,2025-01-12,고정형CCTV,2025-01-13,2026-01-02
주정차 금지구역,2025-01-12,고정형CCTV,2025-03-04,2026-01-02
주정차 금지구역,2025-01-12,고정형CCTV,2025-01-13,2026-01-02
주정차 금지구역,2025-01-12,고정형CCTV,2025-03-04,2026-01-02
주정차 금지구역,2025-01-12,고정형CCTV,2025-03-04,2026-01-02
주정차 금지구역,2025-01-12,고정형CCTV,2025-01-13,2026-01-02
주정차 금지구역,2025-01-12,고정형CCTV,2025-01-13,2026-01-02
주정차 금지구역,2025-01-12,고정형CCTV,2025-01-13,2026-01-02
주정차 금지구역,2025-01-12,고정형CCTV,2025-01-13,2026-01-02
주정차 금지구역,2025-01-12,고정형CCTV,2025-01-13,2026-01-02
주정차 금지구역,2025-01-12,고정형CCTV,2025-01-13,2026-01-02
주정차 금지구역,2025-01-12,고정형CCTV,2025-01-13,2026-01-02
주정차 금지구역,2025-01-12,고정형CCTV,2025-01-13,2026-01-02
주정차 금지구역,2025-01-12,고정형CCTV,2025-01-13,2026-01-02
주정차 금지구역,2025-01-12,고정형CCTV,2025-01-13,2026-01-02
주정차 금지구역,2025-01-12,고정형CCTV,2025-01-13,2026-01-02
주정차 금지구역,2025-01-12,고정형CCTV,2025-01-13,2026-01-02
주정차 금지구역,2025-01-12,고정형CCTV,2025-01-13,2026-01-02
주정차 금지구역,2025-01-12,고정형CCTV,2025-03-04,2026-01-02
주정차 금지구역,2025-01-12,고정형CCTV,2025-03-04,2026-01-02
주정차 금지구역,2025-01-12,고정형CCTV,2025-01-13,2026-01-02
주정차 금지구역,2025-01-12,고정형CCTV,2025-01-13,2026-01-02
주정차 금지구역,2025-01-12,고정형CCTV,2025-01-13,2026-01-02
주정차 금지구역,2025-01-12,고정형CCTV,2025-01-13,2026-01-02
주정차 금지구역,2025-01-12,고정형CCTV,2025-03-04,2026-01-02
주정차 금지구역,2025-01-12,고정형CCTV,2025-03-04,2026-01-02
주정차 금지구역,2025-01-12,고정형CCTV,2025-01-13,2026-01-02
주정차 금지구역,2025-01-12,고정형CCTV,2025-03-04,2026-01-02
주정차 금지구역,2025-01-12,고정형CCTV,2025-01-13,2026-01-02
주정차 금지구역,2025-01-12,고정형CCTV,2025-01-13,2026-01-02
주정차 금지구역,2025-01-12,고정형CCTV,2025-03-04,2026-01-02
주정차 금지구역,2025-01-12,고정형CCTV,2025-01-13,2026-01-02
주정차 금지구역,2025-01-12,고정형CCTV,2025-01-13,2026-01-02
주정차 금지구역,2025-01-12,고정형CCTV,2025-01-13,2026-01-02
주정차 금지구역,2025-01-12,고정형CCTV,2025-01-13,2026-01-02
주정차 금지구역,2025-01-12,고정형CCTV,2025-01-13,2026-01-02
주정차 금지구역,2025-01-12,고정형CCTV,2025-01-13,2026-01-02
주정차 금지구역,2025-01-12,고정형CCTV,2025-01-13,2026-01-02
주정차 금지구역,2025-01-12,고정형CCTV,2025-03-04,2026-01-02
주정차 금지구역,2025-01-12,고정형CCTV,2025-01-13,2026-01-02
주정차 금지구역,2025-01-12,고정형CCTV,2025-01-13,2026-01-02
주정차 금지구역,2025-01-12,고정형CCTV,2025-01-13,2026-01-02
주정차 금지구역,2025-01-12,고정형CCTV,2025-01-13,2026-01-02
주정차 금지구역,2025-01-12,고정형CCTV,2025-03-04,2026-01-02
주정차 금지구역,2025-01-12,고정형CCTV,2025-03-04,2026-01-02
주정차 금지구역,2025-01-12,고정형CCTV,2025-01-13,2026-01-02
주정차 금지구역,2025-01-12,고정형CCTV,2025-01-13,2026-01-02
주정차 금지구역,2025-01-12,고정형CCTV,2025-01-13,2026-01-02
주정차 금지구역,2025-01-12,고정형CCTV,2025-01-13,2026-01-02
주정차 금지구역,2025-01-12,고정형CCTV,2025-03-04,2026-01-02
주정차 금지구역,2025-01-12,고정형CCTV,2025-01-13,2026-01-02
주정차 금지구역,2025-01-12,고정형CCTV,2025-03-04,2026-01-02
주정차 금지구역,2025-01-12,고정형CCTV,2025-03-04,2026-01-02
주정차 금지구역,2025-01-12,고정형CCTV,2025-01-13,2026-01-02
주정차 금지구역,2025-01-12,고정형CCTV,2025-01-13,2026-01-02
주정차 금지구역,2025-01-12,고정형CCTV,2025-01-13,2026-01-02
주정차 금지구역,2025-01-12,고정형CCTV,2025-01-13,2026-01-02
주정차 금지구역,2025-01-12,고정형CCTV,2025-01-13,2026-01-02
주정차 금지구역,2025-01-12,고정형CCTV,2025-03-04,2026-01-02
주정차 금지구역,2025-01-12,고정형CCTV,2025-03-04,2026-01-02
주정차 금지구역,2025-01-12,고정형CCTV,2025-03-04,2026-01-02
주정차 금지구역,2025-01-12,고정형CCTV,2025-01-13,2026-01-02
주정차 금지구역,2025-01-12,고정형CCTV,2025-03-04,2026-01-02
주정차 금지구역,2025-01-12,고정형CCTV,2025-01-13,2026-01-02
주정차 금지구역,2025-01-12,고정형CCTV,2025-11-21,2026-01-02
주정차 금지구역,2025-01-12,고정형CCTV,2025-01-13,2026-01-02
주정차 금지구역,2025-01-12,고정형CCTV,2025-01-13,2026-01-02
주정차 금지구역,2025-01-12,고정형CCTV,2025-01-13,2026-01-02
주정차 금지구역,2025-01-12,고정형CCTV,2025-03-04,2026-01-02
주정차 금지구역,2025-01-12,고정형CCTV,2025-01-13,2026-01-02
주정차 금지구역,2025-01-12,고정형CCTV,2025-01-13,2026-01-02
주정차 금지구역,2025-01-12,고정형CCTV,2025-01-13,2026-01-02
주정차 금지구역,2025-01-12,고정형CCTV,2025-01-13,2026-01-02
주정차 금지구역,2025-01-12,고정형CCTV,2025-03-04,2026-01-02
주정차 금지구역,2025-01-12,고정형CCTV,2025-01-13,2026-01-02
주정차 금지구역,2025-01-12,고정형CCTV,2025-01-13,2026-01-02
횡단보도,2025-01-09,안전신문고,2025-01-17,2026-01-02
도로모퉁이,2025-01-07,안전신문고,2025-01-15,2026-01-02
횡단보도,2025-01-07,안전신문고,2025-01-15,2026-01-02
주정차 금지구역,2025-01-10,주행형CCTV,2025-01-13,2026-01-02
주정차 금지구역,2025-01-10,주행형CCTV,2025-01-13,2026-01-02
주정차 금지구역,2025-01-10,주행형CCTV,2025-01-13,2026-01-02
주정차 금지구역,2025-01-10,주행형CCTV,2025-01-13,2026-01-02
주정차 금지구역,2025-01-10,주행형CCTV,2025-11-21,2026-01-02
주정차 금지구역,2025-01-10,주행형CCTV,2025-01-13,2026-01-02
주정차 금지구역,2025-01-10,주행형CCTV,2025-01-13,2026-01-02
주정차 금지구역,2025-01-10,주행형CCTV,2025-01-13,2026-01-02
주정차 금지구역,2025-01-10,주행형CCTV,2025-01-13,2026-01-02
주정차 금지구역,2025-01-10,주행형CCTV,2025-01-13,2026-01-02
주정차 금지구역,2025-01-10,주행형CCTV,2025-01-13,2026-01-02
주정차 금지구역,2025-01-10,주행형CCTV,2025-03-04,2026-01-02
주정차 금지구역,2025-01-10,주행형CCTV,2025-11-21,2026-01-02
주정차 금지구역,2025-01-10,주행형CCTV,2025-01-13,2026-01-02
주정차 금지구역,2025-01-10,주행형CCTV,2025-01-13,2026-01-02
주정차 금지구역,2025-01-10,주행형CCTV,2025-03-04,2026-01-02
주정차 금지구역,2025-01-10,주행형CCTV,2025-01-13,2026-01-02
주정차 금지구역,2025-01-10,주행형CCTV,2025-03-04,2026-01-02
주정차 금지구역,2025-01-10,주행형CCTV,2025-11-21,2026-01-02
주정차 금지구역,2025-01-10,주행형CCTV,2025-01-13,2026-01-02
주정차 금지구역,2025-01-10,주행형CCTV,2025-01-13,2026-01-02
주정차 금지구역,2025-01-10,주행형CCTV,2025-01-13,2026-01-02
주정차 금지구역,2025-01-10,주행형CCTV,2025-01-13,2026-01-02
주정차 금지구역,2025-01-10,주행형CCTV,2025-01-13,2026-01-02
주정차 금지구역,2025-01-10,주행형CCTV,2025-01-13,2026-01-02
주정차 금지구역,2025-01-10,주행형CCTV,2025-01-13,2026-01-02
주정차 금지구역,2025-01-10,주행형CCTV,2025-01-13,2026-01-02
주정차 금지구역,2025-01-10,주행형CCTV,2025-01-13,2026-01-02
주정차 금지구역,2025-01-10,주행형CCTV,2025-01-13,2026-01-02
주정차 금지구역,2025-01-10,주행형CCTV,2025-01-13,2026-01-02
주정차 금지구역,2025-01-10,주행형CCTV,2025-03-04,2026-01-02
주정차 금지구역,2025-01-10,주행형CCTV,2025-01-13,2026-01-02
주정차 금지구역,2025-01-10,주행형CCTV,2025-01-13,2026-01-02
주정차 금지구역,2025-01-10,주행형CCTV,2025-01-13,2026-01-02
주정차 금지구역,2025-01-10,주행형CCTV,2025-11-21,2026-01-02
주정차 금지구역,2025-01-10,주행형CCTV,2025-01-13,2026-01-02
주정차 금지구역,2025-01-10,주행형CCTV,2025-01-13,2026-01-02
주정차 금지구역,2025-01-10,주행형CCTV,2025-01-13,2026-01-02
주정차 금지구역,2025-01-10,주행형CCTV,2025-01-13,2026-01-02
주정차 금지구역,2025-01-10,주행형CCTV,2025-11-21,2026-01-02
주정차 금지구역,2025-01-10,주행형CCTV,2025-11-21,2026-01-02
주정차 금지구역,2025-01-10,주행형CCTV,2025-03-04,2026-01-02
주정차 금지구역,2025-01-10,주행형CCTV,2025-11-21,2026-01-02
주정차 금지구역,2025-01-10,주행형CCTV,2025-01-13,2026-01-02
주정차 금지구역,2025-01-10,주행형CCTV,2025-01-13,2026-01-02
주정차 금지구역,2025-01-10,주행형CCTV,2025-01-13,2026-01-02
주정차 금지구역,2025-01-10,주행형CCTV,2025-01-13,2026-01-02
주정차 금지구역,2025-01-10,주행형CCTV,2025-01-13,2026-01-02
주정차 금지구역,2025-01-10,주행형CCTV,2025-01-13,2026-01-02
주정차 금지구역,2025-01-10,주행형CCTV,2025-01-13,2026-01-02
주정차 금지구역,2025-01-10,주행형CCTV,2025-03-04,2026-01-02
주정차 금지구역,2025-01-10,주행형CCTV,2025-01-13,2026-01-02
주정차 금지구역,2025-01-10,주행형CCTV,2025-01-13,2026-01-02
주정차 금지구역,2025-01-10,주행형CCTV,2025-01-13,2026-01-02
주정차 금지구역,2025-01-10,주행형CCTV,2025-03-04,2026-01-02
주정차 금지구역,2025-01-10,주행형CCTV,2025-01-13,2026-01-02
주정차 금지구역,2025-01-10,주행형CCTV,2025-01-13,2026-01-02
주정차 금지구역,2025-01-10,주행형CCTV,2025-01-13,2026-01-02
주정차 금지구역,2025-01-10,주행형CCTV,2025-03-04,2026-01-02
주정차 금지구역,2025-01-10,주행형CCTV,2025-01-13,2026-01-02
주정차 금지구역,2025-01-10,주행형CCTV,2025-01-13,2026-01-02
주정차 금지구역,2025-01-10,주행형CCTV,2025-03-04,2026-01-02
주정차 금지구역,2025-01-10,주행형CCTV,2025-01-13,2026-01-02
주정차 금지구역,2025-01-10,주행형CCTV,2025-01-13,2026-01-02
주정차 금지구역,2025-01-10,주행형CCTV,2025-01-13,2026-01-02
주정차 금지구역,2025-01-10,주행형CCTV,2025-03-04,2026-01-02
주정차 금지구역,2025-01-10,주행형CCTV,2025-01-13,2026-01-02
주정차 금지구역,2025-01-10,주행형CCTV,2025-01-13,2026-01-02
주정차 금지구역,2025-01-10,주행형CCTV,2025-01-13,2026-01-02
주정차 금지구역,2025-01-10,주행형CCTV,2025-03-04,2026-01-02
주정차 금지구역,2025-01-10,주행형CCTV,2025-01-13,2026-01-02
주정차 금지구역,2025-01-10,주행형CCTV,2025-01-13,2026-01-02
주정차 금지구역,2025-01-10,주행형CCTV,2025-01-13,2026-01-02
주정차 금지구역,2025-01-10,주행형CCTV,2025-01-13,2026-01-02
주정차 금지구역,2025-01-10,주행형CCTV,2025-01-13,2026-01-02
주정차 금지구역,2025-01-10,주행형CCTV,2025-01-13,2026-01-02
주정차 금지구역,2025-01-10,주행형CCTV,2025-01-13,2026-01-02
주정차 금지구역,2025-01-10,주행형CCTV,2025-01-13,2026-01-02
주정차 금지구역,2025-01-10,주행형CCTV,2025-03-04,2026-01-02
주정차 금지구역,2025-01-10,주행형CCTV,2025-01-13,2026-01-02
주정차 금지구역,2025-01-10,주행형CCTV,2025-03-04,2026-01-02
주정차 금지구역,2025-01-10,주행형CCTV,2025-03-04,2026-01-02
주정차 금지구역,2025-01-10,주행형CCTV,2025-01-13,2026-01-02
주정차 금지구역,2025-01-10,주행형CCTV,2025-01-13,2026-01-02
주정차 금지구역,2025-01-10,주행형CCTV,2025-03-04,2026-01-02
주정차 금지구역,2025-01-10,주행형CCTV,2025-03-04,2026-01-02
주정차 금지구역,2025-01-10,주행형CCTV,2025-01-13,2026-01-02
주정차 금지구역,2025-01-10,주행형CCTV,2025-03-04,2026-01-02
주정차 금지구역,2025-01-10,주행형CCTV,2025-01-13,2026-01-02
주정차 금지구역,2025-01-10,주행형CCTV,2025-03-04,2026-01-02
주정차 금지구역,2025-01-10,주행형CCTV,2025-01-13,2026-01-02
주정차 금지구역,2025-01-10,주행형CCTV,2025-01-13,2026-01-02
주정차 금지구역,2025-01-10,주행형CCTV,2025-01-13,2026-01-02
주정차 금지구역,2025-01-10,주행형CCTV,2025-01-13,2026-01-02
주정차 금지구역,2025-01-10,주행형CCTV,2025-01-13,2026-01-02
주정차 금지구역,2025-01-10,주행형CCTV,2025-01-13,2026-01-02
주정차 금지구역,2025-01-10,주행형CCTV,2025-01-13,2026-01-02
주정차 금지구역,2025-01-10,주행형CCTV,2025-01-13,2026-01-02
주정차 금지구역,2025-01-10,주행형CCTV,2025-01-13,2026-01-02
주정차 금지구역,2025-01-10,주행형CCTV,2025-01-13,2026-01-02
주정차 금지구역,2025-01-10,주행형CCTV,2025-03-04,2026-01-02
주정차 금지구역,2025-01-10,주행형CCTV,2025-01-13,2026-01-02
주정차 금지구역,2025-01-10,주행형CCTV,2025-01-13,2026-01-02
주정차 금지구역,2025-01-10,주행형CCTV,2025-03-04,2026-01-02
주정차 금지구역,2025-01-10,주행형CCTV,2025-01-13,2026-01-02
주정차 금지구역,2025-01-10,주행형CCTV,2025-03-04,2026-01-02
주정차 금지구역,2025-01-10,주행형CCTV,2025-01-13,2026-01-02
주정차 금지구역,2025-01-10,주행형CCTV,2025-01-13,2026-01-02
주정차 금지구역,2025-01-10,주행형CCTV,2025-01-13,2026-01-02
주정차 금지구역,2025-01-10,주행형CCTV,2025-03-04,2026-01-02
주정차 금지구역,2025-01-10,주행형CCTV,2025-03-04,2026-01-02
주정차 금지구역,2025-01-10,주행형CCTV,2025-11-21,2026-01-02
주정차 금지구역,2025-01-10,주행형CCTV,2025-11-21,2026-01-02
주정차 금지구역,2025-01-10,주행형CCTV,2025-01-13,2026-01-02
주정차 금지구역,2025-01-10,주행형CCTV,2025-01-13,2026-01-02
주정차 금지구역,2025-01-10,주행형CCTV,2025-01-13,2026-01-02
주정차 금지구역,2025-01-10,주행형CCTV,2025-11-21,2026-01-02
주정차 금지구역,2025-01-10,주행형CCTV,2025-03-04,2026-01-02
주정차 금지구역,2025-01-10,주행형CCTV,2025-01-13,2026-01-02
주정차 금지구역,2025-01-10,주행형CCTV,2025-03-04,2026-01-02
주정차 금지구역,2025-01-10,주행형CCTV,2025-01-13,2026-01-02
주정차 금지구역,2025-01-10,주행형CCTV,2025-01-13,2026-01-02
주정차 금지구역,2025-01-10,주행형CCTV,2025-11-21,2026-01-02
주정차 금지구역,2025-01-10,주행형CCTV,2025-03-04,2026-01-02
주정차 금지구역,2025-01-10,주행형CCTV,2025-03-04,2026-01-02
주정차 금지구역,2025-01-10,주행형CCTV,2025-01-13,2026-01-02
주정차 금지구역,2025-01-10,주행형CCTV,2025-01-13,2026-01-02
주정차 금지구역,2025-01-10,주행형CCTV,2025-01-13,2026-01-02
주정차 금지구역,2025-01-10,주행형CCTV,2025-01-13,2026-01-02
주정차 금지구역,2025-01-10,주행형CCTV,2025-01-13,2026-01-02
주정차 금지구역,2025-01-10,주행형CCTV,2025-01-13,2026-01-02
주정차 금지구역,2025-01-10,주행형CCTV,2025-03-04,2026-01-02
주정차 금지구역,2025-01-10,주행형CCTV,2025-01-13,2026-01-02
주정차 금지구역,2025-01-10,주행형CCTV,2025-01-13,2026-01-02
주정차 금지구역,2025-01-10,주행형CCTV,2025-03-04,2026-01-02
주정차 금지구역,2025-01-10,주행형CCTV,2025-01-13,2026-01-02
주정차 금지구역,2025-01-10,주행형CCTV,2025-03-04,2026-01-02
주정차 금지구역,2025-01-10,주행형CCTV,2025-01-13,2026-01-02
주정차 금지구역,2025-01-10,주행형CCTV,2025-03-04,2026-01-02
주정차 금지구역,2025-01-10,주행형CCTV,2025-01-13,2026-01-02
주정차 금지구역,2025-01-10,주행형CCTV,2025-01-13,2026-01-02
주정차 금지구역,2025-01-10,주행형CCTV,2025-01-13,2026-01-02
교차로,2025-01-05,안전신문고,2025-01-14,2026-01-02
횡단보도,2025-01-09,안전신문고,2025-01-17,2026-01-02
횡단보도,2025-01-05,안전신문고,2025-01-14,2026-01-02
보도(인도)위,2025-01-09,안전신문고,2025-01-17,2026-01-02
어린이 보호구역,2025-01-09,안전신문고,2025-03-04,2026-01-02
보도(인도)위,2025-01-05,안전신문고,2025-01-14,2026-01-02
보도(인도)위,2025-01-09,안전신문고,2025-01-17,2026-01-02
주정차 금지구역,2025-01-09,안전신문고,2025-01-17,2026-01-02
소방시설 주변,2025-01-05,안전신문고,2025-03-04,2026-01-02
보도(인도)위,2025-01-07,안전신문고,2025-01-15,2026-01-02
도로모퉁이,2025-01-09,안전신문고,2025-01-17,2026-01-02
소방시설 주변,2025-01-07,안전신문고,2025-01-15,2026-01-02
횡단보도,2025-01-05,안전신문고,2025-03-04,2026-01-02
도로모퉁이,2025-01-09,안전신문고,2025-03-04,2026-01-02
도로모퉁이,2025-01-09,안전신문고,2025-03-04,2026-01-02
보도(인도)위,2025-01-09,안전신문고,2025-03-04,2026-01-02
횡단보도,2025-01-05,안전신문고,2025-01-14,2026-01-02
보도(인도)위,2025-01-09,안전신문고,2025-01-17,2026-01-02
횡단보도,2025-01-07,안전신문고,2025-01-15,2026-01-02
도로모퉁이,2025-01-05,안전신문고,2025-01-14,2026-01-02
도로모퉁이,2025-01-05,안전신문고,2025-01-14,2026-01-02
보도(인도)위,2025-01-05,안전신문고,2025-03-04,2026-01-02
도로모퉁이,2025-01-05,안전신문고,2025-01-14,2026-01-02
보도(인도)위,2025-01-05,안전신문고,2025-01-14,2026-01-02
주정차 금지구역,2025-01-07,안전신문고,2025-03-04,2026-01-02
횡단보도,2025-01-05,안전신문고,2025-03-04,2026-01-02
횡단보도,2025-01-05,안전신문고,2025-03-04,2026-01-02
보도(인도)위,2025-01-07,안전신문고,2025-03-04,2026-01-02
소방시설 주변,2025-01-09,안전신문고,2025-03-04,2026-01-02
주정차 금지구역,2025-01-08,안전신문고,2025-03-04,2026-01-02
소방시설 주변,2025-01-09,안전신문고,2025-01-17,2026-01-02
보도(인도)위,2025-01-08,안전신문고,2025-01-15,2026-01-02
횡단보도,2025-01-05,안전신문고,2025-03-04,2026-01-02
횡단보도,2025-01-07,안전신문고,2025-01-15,2026-01-02
주정차 금지구역,2025-01-04,안전신문고,2025-01-14,2026-01-02
횡단보도,2025-01-07,안전신문고,2025-11-21,2026-01-02
횡단보도,2025-01-05,안전신문고,2025-01-14,2026-01-02
보도(인도)위,2025-01-05,안전신문고,2025-01-14,2026-01-02
도로모퉁이,2025-01-05,안전신문고,2025-03-04,2026-01-02
횡단보도,2025-01-05,안전신문고,2025-01-14,2026-01-02
도로모퉁이,2025-01-07,안전신문고,2025-01-15,2026-01-02
도로모퉁이,2025-01-07,안전신문고,2025-03-04,2026-01-02
소방시설 주변,2025-01-07,안전신문고,2025-01-15,2026-01-02
횡단보도,2025-01-07,안전신문고,2025-03-04,2026-01-02
횡단보도,2025-01-07,안전신문고,2025-01-15,2026-01-02
보도(인도)위,2025-01-07,안전신문고,2025-03-04,2026-01-02
보도(인도)위,2025-01-07,안전신문고,2025-01-15,2026-01-02
횡단보도,2025-01-09,안전신문고,2025-01-17,2026-01-02
소방시설 주변,2025-01-09,안전신문고,2025-01-17,2026-01-02
도로모퉁이,2025-01-09,안전신문고,2025-01-17,2026-01-02
보도(인도)위,2025-01-09,안전신문고,2025-01-17,2026-01-02
보도(인도)위,2025-01-07,안전신문고,2025-03-04,2026-01-02
횡단보도,2025-01-09,안전신문고,2025-01-17,2026-01-02
횡단보도,2025-01-09,안전신문고,2025-01-17,2026-01-02
소방시설 주변,2025-01-09,안전신문고,2025-01-17,2026-01-02
주정차 금지구역,2025-01-02,주행형CCTV,2025-03-04,2026-01-02
소방시설 주변,2025-01-09,안전신문고,2025-01-17,2026-01-02
도로모퉁이,2025-01-07,안전신문고,2025-01-15,2026-01-02
도로모퉁이,2025-01-09,안전신문고,2025-01-17,2026-01-02
소방시설 주변,2025-01-09,안전신문고,2025-03-04,2026-01-02
도로모퉁이,2025-01-09,안전신문고,2025-01-17,2026-01-02
횡단보도,2025-01-09,안전신문고,2025-01-17,2026-01-02
횡단보도,2025-01-09,안전신문고,2025-03-04,2026-01-02
횡단보도,2025-01-09,안전신문고,2025-11-21,2026-01-02
도로모퉁이,2025-01-07,안전신문고,2025-01-15,2026-01-02
횡단보도,2025-01-09,안전신문고,2025-01-17,2026-01-02
주정차 금지구역,2025-01-09,안전신문고,2025-03-04,2026-01-02
도로모퉁이,2025-01-10,안전신문고,2025-01-17,2026-01-02
횡단보도,2025-01-08,안전신문고,2025-01-15,2026-01-02
도로모퉁이,2025-01-09,안전신문고,2025-01-17,2026-01-02
보도(인도)위,2025-01-10,안전신문고,2025-01-17,2026-01-02
도로모퉁이,2025-01-10,안전신문고,2025-03-04,2026-01-02
횡단보도,2025-01-01,안전신문고,2025-03-04,2026-01-02
소방시설 주변,2025-01-10,안전신문고,2025-01-17,2026-01-02
보도(인도)위,2025-01-10,안전신문고,2025-01-17,2026-01-02
횡단보도,2025-01-10,안전신문고,2025-01-17,2026-01-02
횡단보도,2025-01-12,안전신문고,2025-03-04,2026-01-02
보도(인도)위,2025-01-12,안전신문고,2025-01-20,2026-01-02
횡단보도,2025-01-11,안전신문고,2025-03-04,2026-01-02
횡단보도,2025-01-10,안전신문고,2025-01-17,2026-01-02
횡단보도,2025-01-11,안전신문고,2025-03-04,2026-01-02
보도(인도)위,2025-01-11,안전신문고,2025-01-20,2026-01-02
보도(인도)위,2025-01-10,안전신문고,2025-03-04,2026-01-02
횡단보도,2025-01-10,안전신문고,2025-03-04,2026-01-02
횡단보도,2025-01-10,안전신문고,2025-01-17,2026-01-02
보도(인도)위,2025-01-10,안전신문고,2025-01-17,2026-01-02
횡단보도,2025-01-07,안전신문고,2025-01-15,2026-01-02
도로모퉁이,2025-01-10,안전신문고,2025-01-17,2026-01-02
횡단보도,2025-01-07,안전신문고,2025-03-04,2026-01-02
횡단보도,2025-01-10,안전신문고,2025-03-04,2026-01-02
횡단보도,2025-01-11,안전신문고,2025-01-20,2026-01-02
도로모퉁이,2025-01-10,안전신문고,2025-01-17,2026-01-02
도로모퉁이,2025-01-07,안전신문고,2025-01-15,2026-01-02
도로모퉁이,2025-01-10,안전신문고,2025-01-17,2026-01-02
횡단보도,2025-01-11,안전신문고,2025-01-20,2026-01-02
보도(인도)위,2025-01-11,안전신문고,2025-01-20,2026-01-02
횡단보도,2025-01-11,안전신문고,2025-01-20,2026-01-02
횡단보도,2025-01-11,안전신문고,2025-01-20,2026-01-02
주정차 금지구역,2025-01-13,버스장착형CCTV,2025-01-14,2026-01-02
주정차 금지구역,2025-01-13,고정형CCTV,2025-01-14,2026-01-02
주정차 금지구역,2025-01-13,고정형CCTV,2025-01-14,2026-01-02
주정차 금지구역,2025-01-13,고정형CCTV,2025-01-14,2026-01-02
주정차 금지구역,2025-01-13,고정형CCTV,2025-11-21,2026-01-02
주정차 금지구역,2025-01-13,고정형CCTV,2025-01-14,2026-01-02
주정차 금지구역,2025-01-13,고정형CCTV,2025-03-04,2026-01-02
주정차 금지구역,2025-01-13,고정형CCTV,2025-01-14,2026-01-02
주정차 금지구역,2025-01-13,고정형CCTV,2025-01-14,2026-01-02
주정차 금지구역,2025-01-13,고정형CCTV,2025-03-04,2026-01-02
주정차 금지구역,2025-01-13,고정형CCTV,2025-01-14,2026-01-02
주정차 금지구역,2025-01-13,고정형CCTV,2025-01-14,2026-01-02
주정차 금지구역,2025-01-13,고정형CCTV,2025-03-04,2026-01-02
주정차 금지구역,2025-01-13,고정형CCTV,2025-03-04,2026-01-02
주정차 금지구역,2025-01-13,고정형CCTV,2025-03-04,2026-01-02
주정차 금지구역,2025-01-13,고정형CCTV,2025-01-14,2026-01-02
주정차 금지구역,2025-01-13,고정형CCTV,2025-01-14,2026-01-02
주정차 금지구역,2025-01-13,고정형CCTV,2025-03-04,2026-01-02
주정차 금지구역,2025-01-13,고정형CCTV,2025-03-04,2026-01-02
주정차 금지구역,2025-01-13,고정형CCTV,2025-01-14,2026-01-02
주정차 금지구역,2025-01-13,고정형CCTV,2025-01-14,2026-01-02
주정차 금지구역,2025-01-13,고정형CCTV,2025-11-21,2026-01-02
주정차 금지구역,2025-01-13,고정형CCTV,2025-01-14,2026-01-02
주정차 금지구역,2025-01-13,고정형CCTV,2025-01-14,2026-01-02
주정차 금지구역,2025-01-13,고정형CCTV,2025-01-14,2026-01-02
주정차 금지구역,2025-01-13,고정형CCTV,2025-03-04,2026-01-02
주정차 금지구역,2025-01-13,고정형CCTV,2025-03-04,2026-01-02
주정차 금지구역,2025-01-13,고정형CCTV,2025-03-04,2026-01-02
주정차 금지구역,2025-01-13,고정형CCTV,2025-01-14,2026-01-02
주정차 금지구역,2025-01-13,고정형CCTV,2025-03-04,2026-01-02
주정차 금지구역,2025-01-13,고정형CCTV,2025-01-14,2026-01-02
주정차 금지구역,2025-01-13,고정형CCTV,2025-02-17,2026-01-02
주정차 금지구역,2025-01-13,고정형CCTV,2025-01-14,2026-01-02
주정차 금지구역,2025-01-13,고정형CCTV,2025-01-14,2026-01-02
주정차 금지구역,2025-01-13,고정형CCTV,2025-01-14,2026-01-02
주정차 금지구역,2025-01-13,고정형CCTV,2025-03-04,2026-01-02
주정차 금지구역,2025-01-13,고정형CCTV,2025-01-14,2026-01-02
주정차 금지구역,2025-01-13,고정형CCTV,2025-03-04,2026-01-02
주정차 금지구역,2025-01-13,고정형CCTV,2025-01-14,2026-01-02
주정차 금지구역,2025-01-13,고정형CCTV,2025-03-04,2026-01-02
주정차 금지구역,2025-01-13,고정형CCTV,2025-01-14,2026-01-02
주정차 금지구역,2025-01-13,고정형CCTV,2025-03-04,2026-01-02
주정차 금지구역,2025-01-13,고정형CCTV,2025-03-04,2026-01-02
주정차 금지구역,2025-01-13,고정형CCTV,2025-01-14,2026-01-02
주정차 금지구역,2025-01-13,고정형CCTV,2025-01-14,2026-01-02
주정차 금지구역,2025-01-13,고정형CCTV,2025-01-14,2026-01-02
주정차 금지구역,2025-01-13,고정형CCTV,2025-03-04,2026-01-02
주정차 금지구역,2025-01-13,고정형CCTV,2025-01-14,2026-01-02
주정차 금지구역,2025-01-13,고정형CCTV,2025-03-04,2026-01-02
주정차 금지구역,2025-01-13,고정형CCTV,2025-01-14,2026-01-02
주정차 금지구역,2025-01-13,고정형CCTV,2025-03-04,2026-01-02
주정차 금지구역,2025-01-13,고정형CCTV,2025-01-14,2026-01-02
주정차 금지구역,2025-01-13,고정형CCTV,2025-03-04,2026-01-02
주정차 금지구역,2025-01-13,고정형CCTV,2025-03-04,2026-01-02
주정차 금지구역,2025-01-13,고정형CCTV,2025-01-14,2026-01-02
주정차 금지구역,2025-01-13,고정형CCTV,2025-01-14,2026-01-02
주정차 금지구역,2025-01-13,고정형CCTV,2025-01-14,2026-01-02
주정차 금지구역,2025-01-13,고정형CCTV,2025-03-04,2026-01-02
주정차 금지구역,2025-01-13,고정형CCTV,2025-03-04,2026-01-02
주정차 금지구역,2025-01-13,고정형CCTV,2025-03-04,2026-01-02
주정차 금지구역,2025-01-13,고정형CCTV,2025-03-04,2026-01-02
주정차 금지구역,2025-01-13,고정형CCTV,2025-01-14,2026-01-02
주정차 금지구역,2025-01-13,고정형CCTV,2025-03-04,2026-01-02
주정차 금지구역,2025-01-13,고정형CCTV,2025-03-04,2026-01-02
주정차 금지구역,2025-01-13,고정형CCTV,2025-03-04,2026-01-02
주정차 금지구역,2025-01-13,고정형CCTV,2025-01-14,2026-01-02
주정차 금지구역,2025-01-13,고정형CCTV,2025-01-14,2026-01-02
주정차 금지구역,2025-01-13,고정형CCTV,2025-01-14,2026-01-02
주정차 금지구역,2025-01-13,고정형CCTV,2025-01-14,2026-01-02
주정차 금지구역,2025-01-13,고정형CCTV,2025-03-04,2026-01-02
주정차 금지구역,2025-01-13,고정형CCTV,2025-01-14,2026-01-02
주정차 금지구역,2025-01-13,고정형CCTV,2025-03-04,2026-01-02
주정차 금지구역,2025-01-13,고정형CCTV,2025-01-14,2026-01-02
주정차 금지구역,2025-01-13,고정형CCTV,2025-03-04,2026-01-02
주정차 금지구역,2025-01-13,고정형CCTV,2025-03-04,2026-01-02
주정차 금지구역,2025-01-13,고정형CCTV,2025-03-04,2026-01-02
주정차 금지구역,2025-01-13,고정형CCTV,2025-01-14,2026-01-02
주정차 금지구역,2025-01-13,고정형CCTV,2025-01-14,2026-01-02
주정차 금지구역,2025-01-13,고정형CCTV,2025-01-14,2026-01-02
주정차 금지구역,2025-01-13,고정형CCTV,2025-03-04,2026-01-02
주정차 금지구역,2025-01-13,고정형CCTV,2025-03-04,2026-01-02
주정차 금지구역,2025-01-13,고정형CCTV,2025-01-14,2026-01-02
주정차 금지구역,2025-01-13,고정형CCTV,2025-03-04,2026-01-02
주정차 금지구역,2025-01-13,고정형CCTV,2025-11-21,2026-01-02
주정차 금지구역,2025-01-13,고정형CCTV,2025-03-04,2026-01-02
주정차 금지구역,2025-01-13,고정형CCTV,2025-03-04,2026-01-02
주정차 금지구역,2025-01-13,고정형CCTV,2025-11-21,2026-01-02
주정차 금지구역,2025-01-13,고정형CCTV,2025-01-14,2026-01-02
주정차 금지구역,2025-01-13,고정형CCTV,2025-03-04,2026-01-02
주정차 금지구역,2025-01-13,고정형CCTV,2025-03-04,2026-01-02
주정차 금지구역,2025-01-13,고정형CCTV,2025-01-14,2026-01-02
주정차 금지구역,2025-01-13,고정형CCTV,2025-01-14,2026-01-02
주정차 금지구역,2025-01-13,고정형CCTV,2025-03-04,2026-01-02
주정차 금지구역,2025-01-13,고정형CCTV,2025-01-14,2026-01-02
주정차 금지구역,2025-01-13,고정형CCTV,2025-11-21,2026-01-02
주정차 금지구역,2025-01-13,고정형CCTV,2025-03-04,2026-01-02
주정차 금지구역,2025-01-13,고정형CCTV,2025-03-04,2026-01-02
주정차 금지구역,2025-01-13,고정형CCTV,2025-03-04,2026-01-02
주정차 금지구역,2025-01-13,고정형CCTV,2025-03-04,2026-01-02
주정차 금지구역,2025-01-13,고정형CCTV,2025-03-04,2026-01-02
주정차 금지구역,2025-01-13,고정형CCTV,2025-03-04,2026-01-02
주정차 금지구역,2025-01-13,고정형CCTV,2025-03-04,2026-01-02
주정차 금지구역,2025-01-13,고정형CCTV,2025-01-14,2026-01-02
주정차 금지구역,2025-01-13,고정형CCTV,2025-01-14,2026-01-02
주정차 금지구역,2025-01-13,고정형CCTV,2025-01-14,2026-01-02
주정차 금지구역,2025-01-13,고정형CCTV,2025-11-21,2026-01-02
횡단보도,2025-01-11,안전신문고,2025-01-20,2026-01-02
주정차 금지구역,2025-01-13,주행형CCTV,2025-03-04,2026-01-02
주정차 금지구역,2025-01-13,주행형CCTV,2025-01-14,2026-01-02
주정차 금지구역,2025-01-13,주행형CCTV,2025-01-14,2026-01-02
주정차 금지구역,2025-01-13,주행형CCTV,2025-01-14,2026-01-02
주정차 금지구역,2025-01-13,주행형CCTV,2025-03-04,2026-01-02
주정차 금지구역,2025-01-13,주행형CCTV,2025-03-04,2026-01-02
주정차 금지구역,2025-01-13,주행형CCTV,2025-03-04,2026-01-02
주정차 금지구역,2025-01-13,주행형CCTV,2025-01-14,2026-01-02
주정차 금지구역,2025-01-13,주행형CCTV,2025-01-14,2026-01-02
주정차 금지구역,2025-01-13,주행형CCTV,2025-01-14,2026-01-02
주정차 금지구역,2025-01-13,주행형CCTV,2025-01-14,2026-01-02
주정차 금지구역,2025-01-13,주행형CCTV,2025-03-04,2026-01-02
주정차 금지구역,2025-01-13,주행형CCTV,2025-01-14,2026-01-02
주정차 금지구역,2025-01-13,주행형CCTV,2025-01-14,2026-01-02
주정차 금지구역,2025-01-13,주행형CCTV,2025-11-21,2026-01-02
주정차 금지구역,2025-01-13,주행형CCTV,2025-03-04,2026-01-02
주정차 금지구역,2025-01-13,주행형CCTV,2025-01-14,2026-01-02
주정차 금지구역,2025-01-13,주행형CCTV,2025-03-04,2026-01-02
주정차 금지구역,2025-01-13,주행형CCTV,2025-01-14,2026-01-02
주정차 금지구역,2025-01-13,주행형CCTV,2025-01-14,2026-01-02
주정차 금지구역,2025-01-13,주행형CCTV,2025-01-14,2026-01-02
주정차 금지구역,2025-01-13,주행형CCTV,2025-01-14,2026-01-02
주정차 금지구역,2025-01-13,주행형CCTV,2025-01-14,2026-01-02
주정차 금지구역,2025-01-13,주행형CCTV,2025-01-14,2026-01-02
주정차 금지구역,2025-01-13,주행형CCTV,2025-01-14,2026-01-02
주정차 금지구역,2025-01-13,주행형CCTV,2025-03-04,2026-01-02
주정차 금지구역,2025-01-13,주행형CCTV,2025-03-04,2026-01-02
주정차 금지구역,2025-01-13,주행형CCTV,2025-03-04,2026-01-02
주정차 금지구역,2025-01-13,주행형CCTV,2025-01-14,2026-01-02
주정차 금지구역,2025-01-13,주행형CCTV,2025-01-14,2026-01-02
주정차 금지구역,2025-01-13,주행형CCTV,2025-01-14,2026-01-02
주정차 금지구역,2025-01-13,주행형CCTV,2025-03-04,2026-01-02
주정차 금지구역,2025-01-13,주행형CCTV,2025-01-14,2026-01-02
주정차 금지구역,2025-01-13,주행형CCTV,2025-01-14,2026-01-02
주정차 금지구역,2025-01-13,주행형CCTV,2025-01-14,2026-01-02
주정차 금지구역,2025-01-13,주행형CCTV,2025-03-04,2026-01-02
주정차 금지구역,2025-01-13,주행형CCTV,2025-01-14,2026-01-02
주정차 금지구역,2025-01-13,주행형CCTV,2025-03-04,2026-01-02
주정차 금지구역,2025-01-13,주행형CCTV,2025-01-14,2026-01-02
주정차 금지구역,2025-01-13,주행형CCTV,2025-01-14,2026-01-02
주정차 금지구역,2025-01-13,주행형CCTV,2025-11-21,2026-01-02
주정차 금지구역,2025-01-13,주행형CCTV,2025-01-14,2026-01-02
주정차 금지구역,2025-01-13,주행형CCTV,2025-01-14,2026-01-02
주정차 금지구역,2025-01-13,주행형CCTV,2025-03-04,2026-01-02
주정차 금지구역,2025-01-13,주행형CCTV,2025-11-21,2026-01-02
주정차 금지구역,2025-01-13,주행형CCTV,2025-01-14,2026-01-02
주정차 금지구역,2025-01-13,주행형CCTV,2025-01-14,2026-01-02
주정차 금지구역,2025-01-13,주행형CCTV,2025-01-14,2026-01-02
주정차 금지구역,2025-01-13,주행형CCTV,2025-01-14,2026-01-02
주정차 금지구역,2025-01-13,주행형CCTV,2025-03-04,2026-01-02
주정차 금지구역,2025-01-13,주행형CCTV,2025-01-14,2026-01-02
주정차 금지구역,2025-01-13,주행형CCTV,2025-01-14,2026-01-02
주정차 금지구역,2025-01-13,주행형CCTV,2025-01-14,2026-01-02
횡단보도,2025-01-11,안전신문고,2025-03-04,2026-01-02
주정차 금지구역,2025-01-13,주행형CCTV,2025-01-14,2026-01-02
주정차 금지구역,2025-01-13,주행형CCTV,2025-01-14,2026-01-02
주정차 금지구역,2025-01-13,주행형CCTV,2025-01-14,2026-01-02
주정차 금지구역,2025-01-13,주행형CCTV,2025-01-14,2026-01-02
주정차 금지구역,2025-01-13,주행형CCTV,2025-01-14,2026-01-02
주정차 금지구역,2025-01-13,주행형CCTV,2025-01-14,2026-01-02
주정차 금지구역,2025-01-13,주행형CCTV,2025-01-14,2026-01-02
주정차 금지구역,2025-01-13,주행형CCTV,2025-01-14,2026-01-02
주정차 금지구역,2025-01-13,주행형CCTV,2025-01-14,2026-01-02
주정차 금지구역,2025-01-13,주행형CCTV,2025-01-14,2026-01-02
주정차 금지구역,2025-01-13,주행형CCTV,2025-01-14,2026-01-02
주정차 금지구역,2025-01-13,주행형CCTV,2025-01-14,2026-01-02
주정차 금지구역,2025-01-13,주행형CCTV,2025-01-14,2026-01-02
주정차 금지구역,2025-01-13,주행형CCTV,2025-01-14,2026-01-02
주정차 금지구역,2025-01-13,주행형CCTV,2025-01-14,2026-01-02
주정차 금지구역,2025-01-13,주행형CCTV,2025-01-14,2026-01-02
주정차 금지구역,2025-01-13,주행형CCTV,2025-03-04,2026-01-02
주정차 금지구역,2025-01-13,주행형CCTV,2025-01-14,2026-01-02
주정차 금지구역,2025-01-13,주행형CCTV,2025-01-14,2026-01-02
주정차 금지구역,2025-01-13,주행형CCTV,2025-01-14,2026-01-02
주정차 금지구역,2025-01-13,주행형CCTV,2025-01-14,2026-01-02
주정차 금지구역,2025-01-13,주행형CCTV,2025-01-14,2026-01-02
주정차 금지구역,2025-01-13,주행형CCTV,2025-03-04,2026-01-02
주정차 금지구역,2025-01-13,주행형CCTV,2025-03-04,2026-01-02
주정차 금지구역,2025-01-13,주행형CCTV,2025-01-14,2026-01-02
주정차 금지구역,2025-01-13,주행형CCTV,2025-03-04,2026-01-02
주정차 금지구역,2025-01-13,주행형CCTV,2025-01-14,2026-01-02
주정차 금지구역,2025-01-13,주행형CCTV,2025-01-14,2026-01-02
주정차 금지구역,2025-01-13,주행형CCTV,2025-03-04,2026-01-02
주정차 금지구역,2025-01-13,주행형CCTV,2025-01-14,2026-01-02
주정차 금지구역,2025-01-13,주행형CCTV,2025-01-14,2026-01-02
주정차 금지구역,2025-01-13,주행형CCTV,2025-03-04,2026-01-02
주정차 금지구역,2025-01-13,주행형CCTV,2025-01-14,2026-01-02
주정차 금지구역,2025-01-13,주행형CCTV,2025-03-04,2026-01-02
주정차 금지구역,2025-01-13,주행형CCTV,2025-03-04,2026-01-02
주정차 금지구역,2025-01-13,주행형CCTV,2025-01-14,2026-01-02
주정차 금지구역,2025-01-13,주행형CCTV,2025-03-04,2026-01-02
주정차 금지구역,2025-01-13,주행형CCTV,2025-01-14,2026-01-02
주정차 금지구역,2025-01-13,주행형CCTV,2025-03-04,2026-01-02
주정차 금지구역,2025-01-13,주행형CCTV,2025-01-14,2026-01-02
주정차 금지구역,2025-01-13,주행형CCTV,2025-01-14,2026-01-02
주정차 금지구역,2025-01-13,주행형CCTV,2025-01-14,2026-01-02
주정차 금지구역,2025-01-13,주행형CCTV,2025-03-04,2026-01-02
주정차 금지구역,2025-01-13,주행형CCTV,2025-01-14,2026-01-02
주정차 금지구역,2025-01-13,주행형CCTV,2025-01-14,2026-01-02
주정차 금지구역,2025-01-13,주행형CCTV,2025-01-14,2026-01-02
주정차 금지구역,2025-01-13,주행형CCTV,2025-01-14,2026-01-02
주정차 금지구역,2025-01-13,주행형CCTV,2025-03-04,2026-01-02
주정차 금지구역,2025-01-13,주행형CCTV,2025-01-14,2026-01-02
주정차 금지구역,2025-01-13,주행형CCTV,2025-01-14,2026-01-02
주정차 금지구역,2025-01-13,주행형CCTV,2025-03-04,2026-01-02
주정차 금지구역,2025-01-13,주행형CCTV,2025-01-14,2026-01-02
주정차 금지구역,2025-01-13,주행형CCTV,2025-01-14,2026-01-02
주정차 금지구역,2025-01-13,주행형CCTV,2025-03-04,2026-01-02
주정차 금지구역,2025-01-13,주행형CCTV,2025-01-14,2026-01-02
주정차 금지구역,2025-01-13,주행형CCTV,2025-01-14,2026-01-02
주정차 금지구역,2025-01-13,주행형CCTV,2025-01-14,2026-01-02
주정차 금지구역,2025-01-13,주행형CCTV,2025-01-14,2026-01-02
주정차 금지구역,2025-01-13,주행형CCTV,2025-01-14,2026-01-02
주정차 금지구역,2025-01-13,주행형CCTV,2025-03-04,2026-01-02
주정차 금지구역,2025-01-13,주행형CCTV,2025-01-14,2026-01-02
주정차 금지구역,2025-01-13,주행형CCTV,2025-01-14,2026-01-02
주정차 금지구역,2025-01-13,주행형CCTV,2025-01-14,2026-01-02
주정차 금지구역,2025-01-13,주행형CCTV,2025-01-14,2026-01-02
주정차 금지구역,2025-01-13,주행형CCTV,2025-01-14,2026-01-02
주정차 금지구역,2025-01-13,주행형CCTV,2025-03-04,2026-01-02
주정차 금지구역,2025-01-13,주행형CCTV,2025-01-14,2026-01-02
주정차 금지구역,2025-01-13,주행형CCTV,2025-01-14,2026-01-02
주정차 금지구역,2025-01-13,주행형CCTV,2025-01-14,2026-01-02
주정차 금지구역,2025-01-13,주행형CCTV,2025-11-21,2026-01-02
주정차 금지구역,2025-01-13,주행형CCTV,2025-01-14,2026-01-02
주정차 금지구역,2025-01-13,주행형CCTV,2025-01-14,2026-01-02
주정차 금지구역,2025-01-13,주행형CCTV,2025-03-04,2026-01-02
주정차 금지구역,2025-01-13,주행형CCTV,2025-01-14,2026-01-02
주정차 금지구역,2025-01-13,주행형CCTV,2025-03-04,2026-01-02
주정차 금지구역,2025-01-13,주행형CCTV,2025-03-04,2026-01-02
주정차 금지구역,2025-01-13,주행형CCTV,2025-01-14,2026-01-02
주정차 금지구역,2025-01-13,주행형CCTV,2025-03-04,2026-01-02
주정차 금지구역,2025-01-13,주행형CCTV,2025-01-14,2026-01-02
주정차 금지구역,2025-01-13,주행형CCTV,2025-03-04,2026-01-02
주정차 금지구역,2025-01-13,주행형CCTV,2025-11-21,2026-01-02
주정차 금지구역,2025-01-13,주행형CCTV,2025-03-04,2026-01-02
주정차 금지구역,2025-01-13,주행형CCTV,2025-03-04,2026-01-02
주정차 금지구역,2025-01-13,주행형CCTV,2025-03-04,2026-01-02
주정차 금지구역,2025-01-13,주행형CCTV,2025-03-04,2026-01-02
주정차 금지구역,2025-01-13,주행형CCTV,2025-01-14,2026-01-02
주정차 금지구역,2025-01-13,주행형CCTV,2025-01-14,2026-01-02
주정차 금지구역,2025-01-13,주행형CCTV,2025-01-14,2026-01-02
주정차 금지구역,2025-01-13,주행형CCTV,2025-01-14,2026-01-02
주정차 금지구역,2025-01-13,주행형CCTV,2025-03-04,2026-01-02
주정차 금지구역,2025-01-13,주행형CCTV,2025-01-14,2026-01-02
주정차 금지구역,2025-01-13,주행형CCTV,2025-03-04,2026-01-02
주정차 금지구역,2025-01-13,주행형CCTV,2025-03-04,2026-01-02
주정차 금지구역,2025-01-13,주행형CCTV,2025-01-14,2026-01-02
주정차 금지구역,2025-01-13,주행형CCTV,2025-03-04,2026-01-02
주정차 금지구역,2025-01-13,주행형CCTV,2025-01-14,2026-01-02
주정차 금지구역,2025-01-13,주행형CCTV,2025-01-14,2026-01-02
주정차 금지구역,2025-01-13,주행형CCTV,2025-01-14,2026-01-02
주정차 금지구역,2025-01-13,주행형CCTV,2025-01-14,2026-01-02
주정차 금지구역,2025-01-13,주행형CCTV,2025-01-14,2026-01-02
주정차 금지구역,2025-01-13,주행형CCTV,2025-01-14,2026-01-02
주정차 금지구역,2025-01-13,주행형CCTV,2025-03-04,2026-01-02
주정차 금지구역,2025-01-13,주행형CCTV,2025-01-14,2026-01-02
주정차 금지구역,2025-01-13,주행형CCTV,2025-01-14,2026-01-02
주정차 금지구역,2025-01-13,주행형CCTV,2025-01-14,2026-01-02
주정차 금지구역,2025-01-13,주행형CCTV,2025-03-04,2026-01-02
주정차 금지구역,2025-01-13,주행형CCTV,2025-01-14,2026-01-02
주정차 금지구역,2025-01-13,주행형CCTV,2025-03-04,2026-01-02
주정차 금지구역,2025-01-13,주행형CCTV,2025-01-14,2026-01-02
주정차 금지구역,2025-01-13,주행형CCTV,2025-03-04,2026-01-02
주정차 금지구역,2025-01-13,주행형CCTV,2025-01-14,2026-01-02
주정차 금지구역,2025-01-13,주행형CCTV,2025-01-14,2026-01-02
주정차 금지구역,2025-01-13,주행형CCTV,2025-01-14,2026-01-02
주정차 금지구역,2025-01-13,주행형CCTV,2025-03-04,2026-01-02
보도(인도)위,2025-01-10,안전신문고,2025-01-17,2026-01-02
보도(인도)위,2025-01-10,안전신문고,2025-01-17,2026-01-02
도로모퉁이,2025-01-11,안전신문고,2025-03-04,2026-01-02
보도(인도)위,2025-01-10,안전신문고,2025-01-17,2026-01-02
도로모퉁이,2025-01-11,안전신문고,2025-03-04,2026-01-02
보도(인도)위,2025-01-10,안전신문고,2025-03-04,2026-01-02
버스정류장 주변,2025-01-11,안전신문고,2025-01-20,2026-01-02
보도(인도)위,2025-01-10,안전신문고,2025-01-17,2026-01-02
보도(인도)위,2025-01-10,안전신문고,2025-01-17,2026-01-02
버스정류장 주변,2025-01-11,안전신문고,2025-03-04,2026-01-02
횡단보도,2025-01-11,안전신문고,2025-01-20,2026-01-02
도로모퉁이,2025-01-10,안전신문고,2025-01-17,2026-01-02
보도(인도)위,2025-01-11,안전신문고,2025-03-04,2026-01-02
보도(인도)위,2025-01-11,안전신문고,2025-01-20,2026-01-02
보도(인도)위,2025-01-10,안전신문고,2025-01-17,2026-01-02
보도(인도)위,2025-01-11,안전신문고,2025-03-04,2026-01-02
버스정류장 주변,2025-01-13,안전신문고,2025-03-04,2026-01-02
횡단보도,2025-01-11,안전신문고,2025-01-20,2026-01-02
보도(인도)위,2025-01-11,안전신문고,2025-03-04,2026-01-02
도로모퉁이,2025-01-13,안전신문고,2025-01-20,2026-01-02
보도(인도)위,2025-01-13,안전신문고,2025-01-20,2026-01-02
보도(인도)위,2025-01-13,안전신문고,2025-01-20,2026-01-02
보도(인도)위,2025-01-13,안전신문고,2025-01-20,2026-01-02
주정차 금지구역,2025-01-13,안전신문고,2025-03-04,2026-01-02
횡단보도,2025-01-11,안전신문고,2025-01-20,2026-01-02
횡단보도,2025-01-11,안전신문고,2025-01-20,2026-01-02
횡단보도,2025-01-13,안전신문고,2025-03-04,2026-01-02
횡단보도,2025-01-10,안전신문고,2025-01-17,2026-01-02
보도(인도)위,2025-01-11,안전신문고,2025-11-21,2026-01-02
보도(인도)위,2025-01-10,안전신문고,2025-01-17,2026-01-02
횡단보도,2025-01-10,안전신문고,2025-03-04,2026-01-02
횡단보도,2025-01-10,안전신문고,2025-01-17,2026-01-02
보도(인도)위,2025-01-11,안전신문고,2025-03-04,2026-01-02
보도(인도)위,2025-01-11,안전신문고,2025-01-20,2026-01-02
보도(인도)위,2025-01-11,안전신문고,2025-11-21,2026-01-02
보도(인도)위,2025-01-11,안전신문고,2025-01-20,2026-01-02
보도(인도)위,2025-01-12,안전신문고,2025-01-20,2026-01-02
횡단보도,2025-01-12,안전신문고,2025-01-20,2026-01-02
횡단보도,2025-01-10,안전신문고,2025-03-04,2026-01-02
보도(인도)위,2025-01-12,안전신문고,2025-03-04,2026-01-02
소방시설 주변,2025-01-11,안전신문고,2025-03-04,2026-01-02
횡단보도,2025-01-13,안전신문고,2025-01-20,2026-01-02
횡단보도,2025-01-13,안전신문고,2025-01-20,2026-01-02
횡단보도,2025-01-13,안전신문고,2025-01-20,2026-01-02
횡단보도,2025-01-13,안전신문고,2025-03-04,2026-01-02
보도(인도)위,2025-01-11,안전신문고,2025-03-04,2026-01-02
도로모퉁이,2025-01-11,안전신문고,2025-01-20,2026-01-02
횡단보도,2025-01-10,안전신문고,2025-03-04,2026-01-02
소방시설 주변,2025-01-11,안전신문고,2025-03-04,2026-01-02
보도(인도)위,2025-01-12,안전신문고,2025-03-04,2026-01-02
버스정류장 주변,2025-01-12,안전신문고,2025-01-20,2026-01-02
횡단보도,2025-01-10,안전신문고,2025-01-17,2026-01-02
이중주차 및 대각.직각주차,2025-01-10,안전신문고,2025-01-17,2026-01-02
주정차 금지구역,2025-01-10,안전신문고,2025-01-17,2026-01-02
도로모퉁이,2025-01-12,안전신문고,2025-11-21,2026-01-02
주정차 금지구역,2025-01-10,안전신문고,2025-01-17,2026-01-02
도로모퉁이,2025-01-10,안전신문고,2025-03-04,2026-01-02
횡단보도,2025-01-12,안전신문고,2025-01-20,2026-01-02
횡단보도,2025-01-10,안전신문고,2025-01-17,2026-01-02
도로모퉁이,2025-01-11,안전신문고,2025-01-20,2026-01-02
횡단보도,2025-01-11,안전신문고,2025-01-20,2026-01-02
횡단보도,2025-01-11,안전신문고,2025-03-04,2026-01-02
횡단보도,2025-01-12,안전신문고,2025-01-20,2026-01-02
횡단보도,2025-01-10,안전신문고,2025-01-17,2026-01-02
도로모퉁이,2025-01-12,안전신문고,2025-03-04,2026-01-02
도로모퉁이,2025-01-12,안전신문고,2025-01-20,2026-01-02
이중주차 및 대각.직각주차,2025-01-10,안전신문고,2025-01-17,2026-01-02
도로모퉁이,2025-01-11,안전신문고,2025-01-20,2026-01-02
횡단보도,2025-01-10,안전신문고,2025-01-17,2026-01-02
보도(인도)위,2025-01-10,안전신문고,2025-01-17,2026-01-02
주정차 금지구역,2025-01-10,안전신문고,2025-03-04,2026-01-02
보도(인도)위,2025-01-11,안전신문고,2025-01-20,2026-01-02
횡단보도,2025-01-10,안전신문고,2025-01-17,2026-01-02
횡단보도,2025-01-10,안전신문고,2025-01-17,2026-01-02
횡단보도,2025-01-10,안전신문고,2025-01-17,2026-01-02
도로모퉁이,2025-01-13,안전신문고,2025-01-20,2026-01-02
도로모퉁이,2025-01-14,안전신문고,2025-03-04,2026-01-02
보도(인도)위,2025-01-11,안전신문고,2025-01-20,2026-01-02
도로모퉁이,2025-01-11,안전신문고,2025-03-04,2026-01-02
보도(인도)위,2025-01-12,안전신문고,2025-03-04,2026-01-02
도로모퉁이,2025-01-09,안전신문고,2025-01-17,2026-01-02
소방시설 주변,2025-01-11,안전신문고,2025-01-20,2026-01-02
횡단보도,2025-01-15,안전신문고,2025-01-22,2026-01-02
도로모퉁이,2025-01-15,안전신문고,2025-01-22,2026-01-02
소방시설 주변,2025-01-11,안전신문고,2025-01-20,2026-01-02
소방시설 주변,2025-01-08,안전신문고,2025-01-15,2026-01-02
보도(인도)위,2025-01-09,안전신문고,2025-03-04,2026-01-02
소방시설 주변,2025-01-15,안전신문고,2025-01-22,2026-01-02
횡단보도,2025-01-14,안전신문고,2025-01-22,2026-01-02
횡단보도,2025-01-13,안전신문고,2025-03-04,2026-01-02
횡단보도,2025-01-10,안전신문고,2025-03-04,2026-01-02
횡단보도,2025-01-13,안전신문고,2025-01-20,2026-01-02
보도(인도)위,2025-01-12,안전신문고,2025-01-20,2026-01-02
버스정류장 주변,2025-01-12,안전신문고,2025-01-20,2026-01-02
횡단보도,2025-01-09,안전신문고,2025-03-04,2026-01-02
기타,2025-01-15,안전신문고,2025-01-22,2026-01-02
횡단보도,2025-01-09,안전신문고,2025-03-04,2026-01-02
도로모퉁이,2025-01-09,안전신문고,2025-03-04,2026-01-02
도로모퉁이,2025-01-11,안전신문고,2025-03-04,2026-01-02
도로모퉁이,2025-01-14,안전신문고,2025-01-22,2026-01-02
횡단보도,2025-01-13,안전신문고,2025-03-04,2026-01-02
횡단보도,2025-01-13,안전신문고,2025-03-04,2026-01-02
횡단보도,2025-01-11,안전신문고,2025-01-20,2026-01-02
소방시설 주변,2025-01-10,안전신문고,2025-01-17,2026-01-02
보도(인도)위,2025-01-14,안전신문고,2025-03-04,2026-01-02
도로모퉁이,2025-01-14,안전신문고,2025-03-04,2026-01-02
보도(인도)위,2025-01-10,안전신문고,2025-11-21,2026-01-02
보도(인도)위,2025-01-11,안전신문고,2025-03-04,2026-01-02
도로모퉁이,2025-01-15,안전신문고,2025-03-04,2026-01-02
소방시설 주변,2025-01-10,안전신문고,2025-11-21,2026-01-02
도로모퉁이,2025-01-14,안전신문고,2025-01-22,2026-01-02
도로모퉁이,2025-01-14,안전신문고,2025-11-21,2026-01-02
소방시설 주변,2025-01-09,안전신문고,2025-03-04,2026-01-02
보도(인도)위,2025-01-14,안전신문고,2025-01-22,2026-01-02
횡단보도,2025-01-10,안전신문고,2025-03-04,2026-01-02
보도(인도)위,2025-01-09,안전신문고,2025-11-21,2026-01-02
횡단보도,2025-01-14,안전신문고,2025-01-22,2026-01-02
횡단보도,2025-01-10,안전신문고,2025-01-17,2026-01-02
횡단보도,2025-01-14,안전신문고,2025-01-22,2026-01-02
횡단보도,2025-01-14,안전신문고,2025-03-04,2026-01-02
도로모퉁이,2025-01-12,안전신문고,2025-01-20,2026-01-02
보도(인도)위,2025-01-14,안전신문고,2025-01-22,2026-01-02
횡단보도,2025-01-14,안전신문고,2025-01-22,2026-01-02
횡단보도,2025-01-14,안전신문고,2025-01-22,2026-01-02
주정차 금지구역,2025-01-14,고정형CCTV,2025-01-15,2026-01-02
주정차 금지구역,2025-01-14,고정형CCTV,2025-01-15,2026-01-02
주정차 금지구역,2025-01-14,고정형CCTV,2025-01-15,2026-01-02
주정차 금지구역,2025-01-14,고정형CCTV,2025-03-04,2026-01-02
주정차 금지구역,2025-01-14,고정형CCTV,2025-01-15,2026-01-02
주정차 금지구역,2025-01-14,고정형CCTV,2025-01-15,2026-01-02
주정차 금지구역,2025-01-14,고정형CCTV,2025-01-15,2026-01-02
주정차 금지구역,2025-01-14,고정형CCTV,2025-03-04,2026-01-02
주정차 금지구역,2025-01-14,고정형CCTV,2025-01-15,2026-01-02
주정차 금지구역,2025-01-14,고정형CCTV,2025-01-15,2026-01-02
주정차 금지구역,2025-01-14,고정형CCTV,2025-01-15,2026-01-02
주정차 금지구역,2025-01-14,고정형CCTV,2025-01-15,2026-01-02
주정차 금지구역,2025-01-14,고정형CCTV,2025-01-15,2026-01-02
주정차 금지구역,2025-01-14,고정형CCTV,2025-01-15,2026-01-02
주정차 금지구역,2025-01-14,고정형CCTV,2025-03-04,2026-01-02
주정차 금지구역,2025-01-14,고정형CCTV,2025-01-15,2026-01-02
주정차 금지구역,2025-01-14,고정형CCTV,2025-11-21,2026-01-02
주정차 금지구역,2025-01-14,고정형CCTV,2025-11-21,2026-01-02
주정차 금지구역,2025-01-14,고정형CCTV,2025-11-21,2026-01-02
주정차 금지구역,2025-01-14,고정형CCTV,2025-11-21,2026-01-02
주정차 금지구역,2025-01-14,고정형CCTV,2025-11-21,2026-01-02
주정차 금지구역,2025-01-14,고정형CCTV,2025-03-04,2026-01-02
주정차 금지구역,2025-01-14,고정형CCTV,2025-03-04,2026-01-02
주정차 금지구역,2025-01-14,고정형CCTV,2025-03-04,2026-01-02
주정차 금지구역,2025-01-14,고정형CCTV,2025-01-15,2026-01-02
주정차 금지구역,2025-01-14,고정형CCTV,2025-03-04,2026-01-02
주정차 금지구역,2025-01-14,고정형CCTV,2025-01-15,2026-01-02
주정차 금지구역,2025-01-14,고정형CCTV,2025-01-15,2026-01-02
주정차 금지구역,2025-01-14,고정형CCTV,2025-01-15,2026-01-02
주정차 금지구역,2025-01-14,고정형CCTV,2025-03-04,2026-01-02
주정차 금지구역,2025-01-14,고정형CCTV,2025-01-15,2026-01-02
주정차 금지구역,2025-01-14,고정형CCTV,2025-01-15,2026-01-02
주정차 금지구역,2025-01-14,고정형CCTV,2025-01-15,2026-01-02
주정차 금지구역,2025-01-14,고정형CCTV,2025-01-15,2026-01-02
주정차 금지구역,2025-01-14,고정형CCTV,2025-01-15,2026-01-02
주정차 금지구역,2025-01-14,고정형CCTV,2025-01-15,2026-01-02
주정차 금지구역,2025-01-14,고정형CCTV,2025-03-04,2026-01-02
주정차 금지구역,2025-01-14,고정형CCTV,2025-11-21,2026-01-02
주정차 금지구역,2025-01-14,고정형CCTV,2025-03-04,2026-01-02
주정차 금지구역,2025-01-14,고정형CCTV,2025-03-04,2026-01-02
주정차 금지구역,2025-01-14,고정형CCTV,2025-03-04,2026-01-02
주정차 금지구역,2025-01-14,고정형CCTV,2025-01-15,2026-01-02
주정차 금지구역,2025-01-14,고정형CCTV,2025-03-04,2026-01-02
주정차 금지구역,2025-01-14,고정형CCTV,2025-03-04,2026-01-02
주정차 금지구역,2025-01-14,고정형CCTV,2025-03-04,2026-01-02
주정차 금지구역,2025-01-14,고정형CCTV,2025-01-15,2026-01-02
주정차 금지구역,2025-01-14,고정형CCTV,2025-01-15,2026-01-02
주정차 금지구역,2025-01-14,고정형CCTV,2025-03-04,2026-01-02
주정차 금지구역,2025-01-14,고정형CCTV,2025-03-04,2026-01-02
주정차 금지구역,2025-01-14,고정형CCTV,2025-01-15,2026-01-02
주정차 금지구역,2025-01-14,고정형CCTV,2025-03-04,2026-01-02
주정차 금지구역,2025-01-14,고정형CCTV,2025-03-04,2026-01-02
주정차 금지구역,2025-01-14,고정형CCTV,2025-03-04,2026-01-02
주정차 금지구역,2025-01-14,고정형CCTV,2025-01-15,2026-01-02
주정차 금지구역,2025-01-14,고정형CCTV,2025-01-15,2026-01-02
주정차 금지구역,2025-01-14,고정형CCTV,2025-01-15,2026-01-02
주정차 금지구역,2025-01-14,고정형CCTV,2025-03-04,2026-01-02
주정차 금지구역,2025-01-14,고정형CCTV,2025-01-15,2026-01-02
주정차 금지구역,2025-01-14,고정형CCTV,2025-01-15,2026-01-02
주정차 금지구역,2025-01-14,고정형CCTV,2025-01-15,2026-01-02
주정차 금지구역,2025-01-14,고정형CCTV,2025-03-04,2026-01-02
주정차 금지구역,2025-01-14,고정형CCTV,2025-01-15,2026-01-02
주정차 금지구역,2025-01-14,고정형CCTV,2025-01-15,2026-01-02
주정차 금지구역,2025-01-14,고정형CCTV,2025-01-15,2026-01-02
주정차 금지구역,2025-01-14,고정형CCTV,2025-03-04,2026-01-02
주정차 금지구역,2025-01-14,고정형CCTV,2025-01-15,2026-01-02
주정차 금지구역,2025-01-14,고정형CCTV,2025-01-15,2026-01-02
주정차 금지구역,2025-01-14,고정형CCTV,2025-01-15,2026-01-02
주정차 금지구역,2025-01-14,고정형CCTV,2025-03-04,2026-01-02
주정차 금지구역,2025-01-14,고정형CCTV,2025-03-04,2026-01-02
주정차 금지구역,2025-01-14,고정형CCTV,2025-03-04,2026-01-02
주정차 금지구역,2025-01-14,고정형CCTV,2025-01-15,2026-01-02
주정차 금지구역,2025-01-14,고정형CCTV,2025-01-15,2026-01-02
주정차 금지구역,2025-01-14,고정형CCTV,2025-11-21,2026-01-02
주정차 금지구역,2025-01-14,고정형CCTV,2025-01-15,2026-01-02
주정차 금지구역,2025-01-14,고정형CCTV,2025-03-04,2026-01-02
주정차 금지구역,2025-01-14,고정형CCTV,2025-01-15,2026-01-02
주정차 금지구역,2025-01-14,고정형CCTV,2025-11-21,2026-01-02
주정차 금지구역,2025-01-14,고정형CCTV,2025-03-04,2026-01-02
주정차 금지구역,2025-01-14,고정형CCTV,2025-01-15,2026-01-02
주정차 금지구역,2025-01-14,고정형CCTV,2025-03-04,2026-01-02
주정차 금지구역,2025-01-14,고정형CCTV,2025-03-04,2026-01-02
주정차 금지구역,2025-01-14,고정형CCTV,2025-03-04,2026-01-02
주정차 금지구역,2025-01-14,고정형CCTV,2025-01-15,2026-01-02
주정차 금지구역,2025-01-14,고정형CCTV,2025-01-15,2026-01-02
주정차 금지구역,2025-01-14,고정형CCTV,2025-03-04,2026-01-02
주정차 금지구역,2025-01-14,고정형CCTV,2025-03-04,2026-01-02
주정차 금지구역,2025-01-14,고정형CCTV,2025-03-04,2026-01-02
주정차 금지구역,2025-01-14,고정형CCTV,2025-01-15,2026-01-02
주정차 금지구역,2025-01-14,고정형CCTV,2025-03-04,2026-01-02
주정차 금지구역,2025-01-14,고정형CCTV,2025-01-15,2026-01-02
주정차 금지구역,2025-01-14,고정형CCTV,2025-03-04,2026-01-02
주정차 금지구역,2025-01-14,고정형CCTV,2025-01-15,2026-01-02
주정차 금지구역,2025-01-14,고정형CCTV,2025-03-04,2026-01-02
주정차 금지구역,2025-01-14,고정형CCTV,2025-01-15,2026-01-02
주정차 금지구역,2025-01-14,고정형CCTV,2025-01-15,2026-01-02
주정차 금지구역,2025-01-14,고정형CCTV,2025-01-15,2026-01-02
주정차 금지구역,2025-01-14,고정형CCTV,2025-01-15,2026-01-02
주정차 금지구역,2025-01-14,고정형CCTV,2025-01-15,2026-01-02
주정차 금지구역,2025-01-14,고정형CCTV,2025-01-15,2026-01-02
주정차 금지구역,2025-01-14,주행형CCTV,2025-03-04,2026-01-02
주정차 금지구역,2025-01-14,주행형CCTV,2025-01-15,2026-01-02
주정차 금지구역,2025-01-14,주행형CCTV,2025-01-15,2026-01-02
주정차 금지구역,2025-01-14,주행형CCTV,2025-01-15,2026-01-02
주정차 금지구역,2025-01-14,주행형CCTV,2025-01-15,2026-01-02
주정차 금지구역,2025-01-14,주행형CCTV,2025-01-15,2026-01-02
주정차 금지구역,2025-01-14,주행형CCTV,2025-03-04,2026-01-02
주정차 금지구역,2025-01-14,주행형CCTV,2025-01-15,2026-01-02
주정차 금지구역,2025-01-14,주행형CCTV,2025-01-15,2026-01-02
주정차 금지구역,2025-01-14,주행형CCTV,2025-01-15,2026-01-02
주정차 금지구역,2025-01-14,주행형CCTV,2025-03-04,2026-01-02
주정차 금지구역,2025-01-14,주행형CCTV,2025-01-15,2026-01-02
주정차 금지구역,2025-01-14,주행형CCTV,2025-01-15,2026-01-02
주정차 금지구역,2025-01-14,주행형CCTV,2025-01-15,2026-01-02
주정차 금지구역,2025-01-14,주행형CCTV,2025-01-15,2026-01-02
주정차 금지구역,2025-01-14,주행형CCTV,2025-01-15,2026-01-02
주정차 금지구역,2025-01-14,주행형CCTV,2025-01-15,2026-01-02
주정차 금지구역,2025-01-14,주행형CCTV,2025-11-21,2026-01-02
주정차 금지구역,2025-01-14,주행형CCTV,2025-01-15,2026-01-02
주정차 금지구역,2025-01-14,주행형CCTV,2025-03-04,2026-01-02
주정차 금지구역,2025-01-14,주행형CCTV,2025-01-15,2026-01-02
주정차 금지구역,2025-01-14,주행형CCTV,2025-01-15,2026-01-02
주정차 금지구역,2025-01-14,주행형CCTV,2025-01-15,2026-01-02
주정차 금지구역,2025-01-14,주행형CCTV,2025-01-15,2026-01-02
주정차 금지구역,2025-01-14,주행형CCTV,2025-03-04,2026-01-02
주정차 금지구역,2025-01-14,주행형CCTV,2025-03-04,2026-01-02
주정차 금지구역,2025-01-14,주행형CCTV,2025-03-04,2026-01-02
주정차 금지구역,2025-01-14,주행형CCTV,2025-01-15,2026-01-02
주정차 금지구역,2025-01-14,주행형CCTV,2025-01-15,2026-01-02
주정차 금지구역,2025-01-14,주행형CCTV,2025-03-04,2026-01-02
주정차 금지구역,2025-01-14,주행형CCTV,2025-01-15,2026-01-02
주정차 금지구역,2025-01-14,주행형CCTV,2025-01-15,2026-01-02
주정차 금지구역,2025-01-14,주행형CCTV,2025-01-15,2026-01-02
주정차 금지구역,2025-01-14,주행형CCTV,2025-03-04,2026-01-02
주정차 금지구역,2025-01-14,주행형CCTV,2025-11-21,2026-01-02
주정차 금지구역,2025-01-14,주행형CCTV,2025-01-15,2026-01-02
주정차 금지구역,2025-01-14,주행형CCTV,2025-03-04,2026-01-02
주정차 금지구역,2025-01-14,주행형CCTV,2025-01-15,2026-01-02
주정차 금지구역,2025-01-14,주행형CCTV,2025-01-15,2026-01-02
주정차 금지구역,2025-01-14,주행형CCTV,2025-01-15,2026-01-02
주정차 금지구역,2025-01-14,주행형CCTV,2025-11-21,2026-01-02
주정차 금지구역,2025-01-14,주행형CCTV,2025-01-15,2026-01-02
주정차 금지구역,2025-01-14,주행형CCTV,2025-01-15,2026-01-02
주정차 금지구역,2025-01-14,주행형CCTV,2025-01-15,2026-01-02
주정차 금지구역,2025-01-14,주행형CCTV,2025-01-15,2026-01-02
주정차 금지구역,2025-01-14,주행형CCTV,2025-01-15,2026-01-02
주정차 금지구역,2025-01-14,주행형CCTV,2025-01-15,2026-01-02
주정차 금지구역,2025-01-14,주행형CCTV,2025-03-04,2026-01-02
주정차 금지구역,2025-01-14,주행형CCTV,2025-01-15,2026-01-02
주정차 금지구역,2025-01-14,주행형CCTV,2025-11-21,2026-01-02
주정차 금지구역,2025-01-14,주행형CCTV,2025-03-04,2026-01-02
주정차 금지구역,2025-01-14,주행형CCTV,2025-01-15,2026-01-02
주정차 금지구역,2025-01-14,주행형CCTV,2025-01-15,2026-01-02
주정차 금지구역,2025-01-14,주행형CCTV,2025-01-15,2026-01-02
주정차 금지구역,2025-01-14,주행형CCTV,2025-11-21,2026-01-02
주정차 금지구역,2025-01-14,주행형CCTV,2025-01-15,2026-01-02
주정차 금지구역,2025-01-14,주행형CCTV,2025-01-15,2026-01-02
주정차 금지구역,2025-01-14,주행형CCTV,2025-01-15,2026-01-02
주정차 금지구역,2025-01-14,주행형CCTV,2025-01-15,2026-01-02
주정차 금지구역,2025-01-14,주행형CCTV,2025-01-15,2026-01-02
주정차 금지구역,2025-01-14,주행형CCTV,2025-01-15,2026-01-02
주정차 금지구역,2025-01-14,주행형CCTV,2025-03-04,2026-01-02
주정차 금지구역,2025-01-14,주행형CCTV,2025-01-15,2026-01-02
주정차 금지구역,2025-01-14,주행형CCTV,2025-03-04,2026-01-02
주정차 금지구역,2025-01-14,주행형CCTV,2025-03-04,2026-01-02
주정차 금지구역,2025-01-14,주행형CCTV,2025-01-15,2026-01-02
주정차 금지구역,2025-01-14,주행형CCTV,2025-01-15,2026-01-02
주정차 금지구역,2025-01-14,주행형CCTV,2025-01-15,2026-01-02
주정차 금지구역,2025-01-14,주행형CCTV,2025-03-04,2026-01-02
주정차 금지구역,2025-01-14,주행형CCTV,2025-01-15,2026-01-02
주정차 금지구역,2025-01-14,주행형CCTV,2025-01-15,2026-01-02
주정차 금지구역,2025-01-14,주행형CCTV,2025-01-15,2026-01-02
주정차 금지구역,2025-01-14,주행형CCTV,2025-01-15,2026-01-02
주정차 금지구역,2025-01-14,주행형CCTV,2025-01-15,2026-01-02
주정차 금지구역,2025-01-14,주행형CCTV,2025-01-15,2026-01-02
주정차 금지구역,2025-01-14,주행형CCTV,2025-01-15,2026-01-02
주정차 금지구역,2025-01-14,주행형CCTV,2025-01-15,2026-01-02
주정차 금지구역,2025-01-14,주행형CCTV,2025-03-04,2026-01-02
주정차 금지구역,2025-01-14,주행형CCTV,2025-01-15,2026-01-02
주정차 금지구역,2025-01-14,주행형CCTV,2025-03-04,2026-01-02
주정차 금지구역,2025-01-14,주행형CCTV,2025-01-15,2026-01-02
주정차 금지구역,2025-01-14,주행형CCTV,2025-01-15,2026-01-02
주정차 금지구역,2025-01-14,주행형CCTV,2025-01-15,2026-01-02
주정차 금지구역,2025-01-14,주행형CCTV,2025-03-04,2026-01-02
주정차 금지구역,2025-01-14,주행형CCTV,2025-01-15,2026-01-02
주정차 금지구역,2025-01-14,주행형CCTV,2025-03-04,2026-01-02
주정차 금지구역,2025-01-14,주행형CCTV,2025-03-04,2026-01-02
주정차 금지구역,2025-01-14,주행형CCTV,2025-03-04,2026-01-02
주정차 금지구역,2025-01-14,주행형CCTV,2025-01-15,2026-01-02
주정차 금지구역,2025-01-14,주행형CCTV,2025-01-15,2026-01-02
주정차 금지구역,2025-01-14,주행형CCTV,2025-01-15,2026-01-02
주정차 금지구역,2025-01-14,주행형CCTV,2025-03-04,2026-01-02
주정차 금지구역,2025-01-14,주행형CCTV,2025-03-04,2026-01-02
주정차 금지구역,2025-01-14,주행형CCTV,2025-01-15,2026-01-02
주정차 금지구역,2025-01-14,주행형CCTV,2025-03-04,2026-01-02
주정차 금지구역,2025-01-14,주행형CCTV,2025-03-04,2026-01-02
주정차 금지구역,2025-01-14,주행형CCTV,2025-03-04,2026-01-02
주정차 금지구역,2025-01-14,주행형CCTV,2025-01-15,2026-01-02
주정차 금지구역,2025-01-14,주행형CCTV,2025-01-15,2026-01-02
주정차 금지구역,2025-01-14,주행형CCTV,2025-03-04,2026-01-02
주정차 금지구역,2025-01-14,주행형CCTV,2025-01-15,2026-01-02
주정차 금지구역,2025-01-14,주행형CCTV,2025-01-15,2026-01-02
주정차 금지구역,2025-01-14,주행형CCTV,2025-01-15,2026-01-02
주정차 금지구역,2025-01-14,주행형CCTV,2025-01-15,2026-01-02
주정차 금지구역,2025-01-14,주행형CCTV,2025-03-04,2026-01-02
주정차 금지구역,2025-01-14,주행형CCTV,2025-01-15,2026-01-02
주정차 금지구역,2025-01-14,주행형CCTV,2025-01-15,2026-01-02
주정차 금지구역,2025-01-14,주행형CCTV,2025-03-04,2026-01-02
주정차 금지구역,2025-01-14,주행형CCTV,2025-01-15,2026-01-02
주정차 금지구역,2025-01-14,주행형CCTV,2025-01-15,2026-01-02
주정차 금지구역,2025-01-14,주행형CCTV,2025-01-15,2026-01-02
주정차 금지구역,2025-01-14,주행형CCTV,2025-01-15,2026-01-02
주정차 금지구역,2025-01-14,주행형CCTV,2025-11-21,2026-01-02
주정차 금지구역,2025-01-14,주행형CCTV,2025-02-13,2026-01-02
주정차 금지구역,2025-01-14,주행형CCTV,2025-01-15,2026-01-02
주정차 금지구역,2025-01-14,주행형CCTV,2025-03-04,2026-01-02
주정차 금지구역,2025-01-14,주행형CCTV,2025-01-15,2026-01-02
주정차 금지구역,2025-01-14,주행형CCTV,2025-01-15,2026-01-02
주정차 금지구역,2025-01-14,주행형CCTV,2025-03-04,2026-01-02
주정차 금지구역,2025-01-14,주행형CCTV,2025-03-04,2026-01-02
주정차 금지구역,2025-01-14,주행형CCTV,2025-03-04,2026-01-02
주정차 금지구역,2025-01-14,주행형CCTV,2025-01-15,2026-01-02
주정차 금지구역,2025-01-14,주행형CCTV,2025-01-15,2026-01-02
주정차 금지구역,2025-01-14,주행형CCTV,2025-01-15,2026-01-02
주정차 금지구역,2025-01-14,주행형CCTV,2025-01-15,2026-01-02
주정차 금지구역,2025-01-14,주행형CCTV,2025-01-15,2026-01-02
주정차 금지구역,2025-01-14,주행형CCTV,2025-01-15,2026-01-02
주정차 금지구역,2025-01-14,주행형CCTV,2025-01-15,2026-01-02
주정차 금지구역,2025-01-14,주행형CCTV,2025-03-04,2026-01-02
주정차 금지구역,2025-01-14,주행형CCTV,2025-01-15,2026-01-02
주정차 금지구역,2025-01-14,주행형CCTV,2025-01-15,2026-01-02
주정차 금지구역,2025-01-14,주행형CCTV,2025-03-04,2026-01-02
주정차 금지구역,2025-01-14,주행형CCTV,2025-03-04,2026-01-02
주정차 금지구역,2025-01-14,주행형CCTV,2025-01-15,2026-01-02
주정차 금지구역,2025-01-14,주행형CCTV,2025-03-04,2026-01-02
주정차 금지구역,2025-01-14,주행형CCTV,2025-03-04,2026-01-02
주정차 금지구역,2025-01-14,주행형CCTV,2025-03-04,2026-01-02
주정차 금지구역,2025-01-14,주행형CCTV,2025-11-21,2026-01-02
주정차 금지구역,2025-01-14,주행형CCTV,2025-11-21,2026-01-02
주정차 금지구역,2025-01-14,주행형CCTV,2025-01-15,2026-01-02
주정차 금지구역,2025-01-14,주행형CCTV,2025-03-04,2026-01-02
주정차 금지구역,2025-01-14,주행형CCTV,2025-03-04,2026-01-02
주정차 금지구역,2025-01-14,주행형CCTV,2025-01-15,2026-01-02
주정차 금지구역,2025-01-14,주행형CCTV,2025-01-15,2026-01-02
주정차 금지구역,2025-01-14,주행형CCTV,2025-03-04,2026-01-02
주정차 금지구역,2025-01-14,주행형CCTV,2025-03-04,2026-01-02
주정차 금지구역,2025-01-14,주행형CCTV,2025-03-04,2026-01-02
주정차 금지구역,2025-01-14,주행형CCTV,2025-01-15,2026-01-02
주정차 금지구역,2025-01-14,주행형CCTV,2025-01-15,2026-01-02
주정차 금지구역,2025-01-14,주행형CCTV,2025-03-04,2026-01-02
주정차 금지구역,2025-01-14,주행형CCTV,2025-01-15,2026-01-02
주정차 금지구역,2025-01-14,주행형CCTV,2025-03-04,2026-01-02
주정차 금지구역,2025-01-14,주행형CCTV,2025-01-15,2026-01-02
주정차 금지구역,2025-01-14,주행형CCTV,2025-01-15,2026-01-02
주정차 금지구역,2025-01-14,주행형CCTV,2025-01-15,2026-01-02
주정차 금지구역,2025-01-14,주행형CCTV,2025-01-15,2026-01-02
주정차 금지구역,2025-01-14,주행형CCTV,2025-01-15,2026-01-02
주정차 금지구역,2025-01-14,주행형CCTV,2025-01-15,2026-01-02
횡단보도,2025-01-14,안전신문고,2025-03-04,2026-01-02
도로모퉁이,2025-01-14,안전신문고,2025-01-22,2026-01-02
횡단보도,2025-01-14,안전신문고,2025-01-22,2026-01-02
도로모퉁이,2025-01-14,안전신문고,2025-01-22,2026-01-02
보도(인도)위,2025-01-10,안전신문고,2025-01-17,2026-01-02
기타,2025-01-15,안전신문고,2025-03-04,2026-01-02
횡단보도,2025-01-12,안전신문고,2025-03-04,2026-01-02
횡단보도,2025-01-12,안전신문고,2025-01-20,2026-01-02
도로모퉁이,2025-01-12,안전신문고,2025-01-20,2026-01-02
횡단보도,2025-01-15,안전신문고,2025-03-04,2026-01-02
횡단보도,2025-01-15,안전신문고,2025-03-04,2026-01-02
보도(인도)위,2025-01-15,안전신문고,2025-03-04,2026-01-02
소방시설 주변,2025-01-10,안전신문고,2025-11-21,2026-01-02
보도(인도)위,2025-01-15,안전신문고,2025-01-22,2026-01-02
보도(인도)위,2025-01-12,안전신문고,2025-01-20,2026-01-02
기타,2025-01-15,안전신문고,2025-03-04,2026-01-02
횡단보도,2025-01-12,안전신문고,2025-01-20,2026-01-02
횡단보도,2025-01-10,안전신문고,2025-01-17,2026-01-02
보도(인도)위,2025-01-12,안전신문고,2025-03-04,2026-01-02
도로모퉁이,2025-01-10,안전신문고,2025-01-17,2026-01-02
보도(인도)위,2025-01-12,안전신문고,2025-01-20,2026-01-02
보도(인도)위,2025-01-15,안전신문고,2025-01-22,2026-01-02
보도(인도)위,2025-01-15,안전신문고,2025-01-22,2026-01-02
도로모퉁이,2025-01-13,안전신문고,2025-01-20,2026-01-02
보도(인도)위,2025-01-10,안전신문고,2025-03-04,2026-01-02
보도(인도)위,2025-01-10,안전신문고,2025-01-17,2026-01-02
횡단보도,2025-01-15,안전신문고,2025-03-04,2026-01-02
주정차 금지구역,2025-01-09,안전신문고,2025-03-04,2026-01-02
교차로,2025-01-15,안전신문고,2025-01-22,2026-01-02
횡단보도,2025-01-10,안전신문고,2025-03-04,2026-01-02
소방시설 주변,2025-01-15,안전신문고,2025-01-22,2026-01-02
횡단보도,2025-01-15,안전신문고,2025-01-22,2026-01-02
횡단보도,2025-01-10,안전신문고,2025-11-21,2026-01-02
소방시설 주변,2025-01-15,안전신문고,2025-01-22,2026-01-02
횡단보도,2025-01-15,안전신문고,2025-01-22,2026-01-02
도로모퉁이,2025-01-13,안전신문고,2025-03-04,2026-01-02
횡단보도,2025-01-13,안전신문고,2025-01-20,2026-01-02
보도(인도)위,2025-01-10,안전신문고,2025-01-17,2026-01-02
교차로,2025-01-15,안전신문고,2025-01-22,2026-01-02
버스정류장 주변,2025-01-11,안전신문고,2025-01-20,2026-01-02
횡단보도,2025-01-15,안전신문고,2025-01-22,2026-01-02
횡단보도,2025-01-15,안전신문고,2025-03-04,2026-01-02
횡단보도,2025-01-12,안전신문고,2025-01-20,2026-01-02
보도(인도)위,2025-01-15,안전신문고,2025-03-04,2026-01-02
버스정류장 주변,2025-01-11,안전신문고,2025-01-20,2026-01-02
횡단보도,2025-01-15,안전신문고,2025-01-22,2026-01-02
소방시설 주변,2025-01-14,안전신문고,2025-03-04,2026-01-02
횡단보도,2025-01-12,안전신문고,2025-01-20,2026-01-02
횡단보도,2025-01-13,안전신문고,2025-01-20,2026-01-02
버스정류장 주변,2025-01-10,안전신문고,2025-01-17,2026-01-02
보도(인도)위,2025-01-15,안전신문고,2025-03-04,2026-01-02
도로모퉁이,2025-01-10,안전신문고,2025-01-17,2026-01-02
도로모퉁이,2025-01-15,안전신문고,2025-01-22,2026-01-02
소방시설 주변,2025-01-12,안전신문고,2025-01-20,2026-01-02
보도(인도)위,2025-01-12,안전신문고,2025-01-20,2026-01-02
횡단보도,2025-01-15,안전신문고,2025-01-22,2026-01-02
보도(인도)위,2025-01-12,안전신문고,2025-01-20,2026-01-02
버스정류장 주변,2025-01-15,안전신문고,2025-03-04,2026-01-02
보도(인도)위,2025-01-12,안전신문고,2025-03-04,2026-01-02
도로모퉁이,2025-01-15,안전신문고,2025-01-22,2026-01-02
횡단보도,2025-01-15,안전신문고,2025-01-22,2026-01-02
횡단보도,2025-01-15,안전신문고,2025-03-04,2026-01-02
횡단보도,2025-01-10,안전신문고,2025-01-17,2026-01-02
횡단보도,2025-01-11,안전신문고,2025-03-04,2026-01-02
횡단보도,2025-01-15,안전신문고,2025-01-22,2026-01-02
횡단보도,2025-01-11,안전신문고,2025-01-20,2026-01-02
횡단보도,2025-01-11,안전신문고,2025-03-04,2026-01-02
횡단보도,2025-01-15,안전신문고,2025-01-22,2026-01-02
도로모퉁이,2025-01-10,안전신문고,2025-03-04,2026-01-02
횡단보도,2025-01-15,안전신문고,2025-01-22,2026-01-02
이중주차 및 대각.직각주차,2025-01-13,안전신문고,2025-03-04,2026-01-02
이중주차 및 대각.직각주차,2025-01-13,안전신문고,2025-03-04,2026-01-02
도로모퉁이,2025-01-11,안전신문고,2025-03-04,2026-01-02
횡단보도,2025-01-10,안전신문고,2025-01-17,2026-01-02
도로모퉁이,2025-01-11,안전신문고,2025-01-20,2026-01-02
횡단보도,2025-01-15,안전신문고,2025-03-04,2026-01-02
횡단보도,2025-01-15,안전신문고,2025-01-22,2026-01-02
주정차 금지구역,2025-01-13,안전신문고,2025-01-20,2026-01-02
기타,2025-01-15,안전신문고,2025-03-04,2026-01-02
횡단보도,2025-01-13,안전신문고,2025-01-20,2026-01-02
소방시설 주변,2025-01-13,안전신문고,2025-01-20,2026-01-02
횡단보도,2025-01-11,안전신문고,2025-01-20,2026-01-02
횡단보도,2025-01-12,안전신문고,2025-01-20,2026-01-02
소방시설 주변,2025-01-13,안전신문고,2025-03-04,2026-01-02
횡단보도,2025-01-13,안전신문고,2025-03-04,2026-01-02
횡단보도,2025-01-11,안전신문고,2025-03-04,2026-01-02
소방시설 주변,2025-01-15,안전신문고,2025-01-22,2026-01-02
보도(인도)위,2025-01-11,안전신문고,2025-01-20,2026-01-02
보도(인도)위,2025-01-11,안전신문고,2025-01-20,2026-01-02
소방시설 주변,2025-01-15,안전신문고,2025-01-22,2026-01-02
횡단보도,2025-01-11,안전신문고,2025-03-04,2026-01-02
횡단보도,2025-01-15,안전신문고,2025-01-22,2026-01-02
보도(인도)위,2025-01-15,안전신문고,2025-01-22,2026-01-02
횡단보도,2025-01-10,안전신문고,2025-01-17,2026-01-02
보도(인도)위,2025-01-14,안전신문고,2025-03-04,2026-01-02
보도(인도)위,2025-01-12,안전신문고,2025-03-04,2026-01-02
횡단보도,2025-01-14,안전신문고,2025-03-04,2026-01-02
보도(인도)위,2025-01-14,안전신문고,2025-01-22,2026-01-02
보도(인도)위,2025-01-14,안전신문고,2025-01-22,2026-01-02
보도(인도)위,2025-01-14,안전신문고,2025-01-22,2026-01-02
횡단보도,2025-01-15,안전신문고,2025-01-22,2026-01-02
횡단보도,2025-01-13,안전신문고,2025-01-20,2026-01-02
보도(인도)위,2025-01-15,안전신문고,2025-01-22,2026-01-02
소방시설 주변,2025-01-12,안전신문고,2025-01-20,2026-01-02
소방시설 주변,2025-01-12,안전신문고,2025-01-20,2026-01-02
횡단보도,2025-01-12,안전신문고,2025-01-20,2026-01-02
보도(인도)위,2025-01-14,안전신문고,2025-01-22,2026-01-02
소방시설 주변,2025-01-15,안전신문고,2025-01-22,2026-01-02
보도(인도)위,2025-01-15,안전신문고,2025-01-22,2026-01-02
보도(인도)위,2025-01-15,안전신문고,2025-01-22,2026-01-02
횡단보도,2025-01-15,안전신문고,2025-03-04,2026-01-02
버스정류장 주변,2025-01-10,안전신문고,2025-01-17,2026-01-02
횡단보도,2025-01-14,안전신문고,2025-01-22,2026-01-02
도로모퉁이,2025-01-15,안전신문고,2025-01-22,2026-01-02
횡단보도,2025-01-12,안전신문고,2025-01-20,2026-01-02
주정차 금지구역,2025-01-15,고정형CCTV,2025-01-16,2026-01-02
주정차 금지구역,2025-01-15,고정형CCTV,2025-03-04,2026-01-02
주정차 금지구역,2025-01-15,고정형CCTV,2025-03-04,2026-01-02
주정차 금지구역,2025-01-15,고정형CCTV,2025-01-16,2026-01-02
주정차 금지구역,2025-01-15,고정형CCTV,2025-03-04,2026-01-02
주정차 금지구역,2025-01-15,고정형CCTV,2025-03-04,2026-01-02
주정차 금지구역,2025-01-15,고정형CCTV,2025-01-16,2026-01-02
주정차 금지구역,2025-01-15,고정형CCTV,2025-03-04,2026-01-02
주정차 금지구역,2025-01-15,고정형CCTV,2025-03-04,2026-01-02
주정차 금지구역,2025-01-15,고정형CCTV,2025-11-21,2026-01-02
주정차 금지구역,2025-01-15,고정형CCTV,2025-03-04,2026-01-02
주정차 금지구역,2025-01-15,고정형CCTV,2025-01-16,2026-01-02
주정차 금지구역,2025-01-15,고정형CCTV,2025-03-04,2026-01-02
주정차 금지구역,2025-01-15,고정형CCTV,2025-01-16,2026-01-02
주정차 금지구역,2025-01-15,고정형CCTV,2025-01-16,2026-01-02
주정차 금지구역,2025-01-15,고정형CCTV,2025-01-16,2026-01-02
주정차 금지구역,2025-01-15,고정형CCTV,2025-03-04,2026-01-02
주정차 금지구역,2025-01-15,고정형CCTV,2025-03-04,2026-01-02
주정차 금지구역,2025-01-15,고정형CCTV,2025-01-16,2026-01-02
주정차 금지구역,2025-01-15,고정형CCTV,2025-01-16,2026-01-02
주정차 금지구역,2025-01-15,고정형CCTV,2025-01-16,2026-01-02
주정차 금지구역,2025-01-15,고정형CCTV,2025-11-21,2026-01-02
주정차 금지구역,2025-01-15,고정형CCTV,2025-01-16,2026-01-02
주정차 금지구역,2025-01-15,고정형CCTV,2025-01-16,2026-01-02
주정차 금지구역,2025-01-15,고정형CCTV,2025-03-04,2026-01-02
주정차 금지구역,2025-01-15,고정형CCTV,2025-03-04,2026-01-02
주정차 금지구역,2025-01-15,고정형CCTV,2025-01-16,2026-01-02
주정차 금지구역,2025-01-15,고정형CCTV,2025-11-21,2026-01-02
주정차 금지구역,2025-01-15,고정형CCTV,2025-11-21,2026-01-02
주정차 금지구역,2025-01-15,고정형CCTV,2025-11-21,2026-01-02
주정차 금지구역,2025-01-15,고정형CCTV,2025-01-16,2026-01-02
주정차 금지구역,2025-01-15,고정형CCTV,2025-01-16,2026-01-02
주정차 금지구역,2025-01-15,고정형CCTV,2025-01-16,2026-01-02
주정차 금지구역,2025-01-15,고정형CCTV,2025-01-16,2026-01-02
주정차 금지구역,2025-01-15,고정형CCTV,2025-02-07,2026-01-02
주정차 금지구역,2025-01-15,고정형CCTV,2025-01-16,2026-01-02
주정차 금지구역,2025-01-15,고정형CCTV,2025-01-16,2026-01-02
주정차 금지구역,2025-01-15,고정형CCTV,2025-01-16,2026-01-02
주정차 금지구역,2025-01-15,고정형CCTV,2025-01-16,2026-01-02
주정차 금지구역,2025-01-15,고정형CCTV,2025-01-16,2026-01-02
주정차 금지구역,2025-01-15,고정형CCTV,2025-03-04,2026-01-02
주정차 금지구역,2025-01-15,고정형CCTV,2025-01-16,2026-01-02
주정차 금지구역,2025-01-15,고정형CCTV,2025-01-16,2026-01-02
주정차 금지구역,2025-01-15,고정형CCTV,2025-03-04,2026-01-02
주정차 금지구역,2025-01-15,고정형CCTV,2025-01-16,2026-01-02
주정차 금지구역,2025-01-15,고정형CCTV,2025-01-16,2026-01-02
주정차 금지구역,2025-01-15,고정형CCTV,2025-01-16,2026-01-02
주정차 금지구역,2025-01-15,고정형CCTV,2025-01-16,2026-01-02
주정차 금지구역,2025-01-15,고정형CCTV,2025-03-04,2026-01-02
주정차 금지구역,2025-01-15,고정형CCTV,2025-03-04,2026-01-02
주정차 금지구역,2025-01-15,고정형CCTV,2025-01-16,2026-01-02
주정차 금지구역,2025-01-15,고정형CCTV,2025-03-04,2026-01-02
주정차 금지구역,2025-01-15,고정형CCTV,2025-03-04,2026-01-02
주정차 금지구역,2025-01-15,고정형CCTV,2025-01-16,2026-01-02
주정차 금지구역,2025-01-15,고정형CCTV,2025-01-16,2026-01-02
주정차 금지구역,2025-01-15,고정형CCTV,2025-01-16,2026-01-02
주정차 금지구역,2025-01-15,고정형CCTV,2025-01-16,2026-01-02
주정차 금지구역,2025-01-15,고정형CCTV,2025-01-16,2026-01-02
주정차 금지구역,2025-01-15,고정형CCTV,2025-01-16,2026-01-02
주정차 금지구역,2025-01-15,고정형CCTV,2025-01-16,2026-01-02
주정차 금지구역,2025-01-15,고정형CCTV,2025-01-16,2026-01-02
주정차 금지구역,2025-01-15,고정형CCTV,2025-01-16,2026-01-02
주정차 금지구역,2025-01-15,고정형CCTV,2025-03-04,2026-01-02
주정차 금지구역,2025-01-15,고정형CCTV,2025-01-16,2026-01-02
주정차 금지구역,2025-01-15,고정형CCTV,2025-01-16,2026-01-02
주정차 금지구역,2025-01-15,고정형CCTV,2025-01-16,2026-01-02
주정차 금지구역,2025-01-15,고정형CCTV,2025-03-04,2026-01-02
주정차 금지구역,2025-01-15,고정형CCTV,2025-01-16,2026-01-02
주정차 금지구역,2025-01-15,고정형CCTV,2025-01-16,2026-01-02
주정차 금지구역,2025-01-15,고정형CCTV,2025-03-04,2026-01-02
주정차 금지구역,2025-01-15,고정형CCTV,2025-01-16,2026-01-02
주정차 금지구역,2025-01-15,고정형CCTV,2025-03-04,2026-01-02
주정차 금지구역,2025-01-15,고정형CCTV,2025-01-16,2026-01-02
주정차 금지구역,2025-01-15,고정형CCTV,2025-11-21,2026-01-02
주정차 금지구역,2025-01-15,고정형CCTV,2025-01-16,2026-01-02
주정차 금지구역,2025-01-15,고정형CCTV,2025-01-16,2026-01-02
주정차 금지구역,2025-01-15,고정형CCTV,2025-01-16,2026-01-02
주정차 금지구역,2025-01-15,고정형CCTV,2025-01-16,2026-01-02
주정차 금지구역,2025-01-15,고정형CCTV,2025-01-16,2026-01-02
주정차 금지구역,2025-01-15,고정형CCTV,2025-01-16,2026-01-02
주정차 금지구역,2025-01-15,고정형CCTV,2025-01-16,2026-01-02
주정차 금지구역,2025-01-15,고정형CCTV,2025-01-16,2026-01-02
주정차 금지구역,2025-01-15,고정형CCTV,2025-01-16,2026-01-02
주정차 금지구역,2025-01-15,고정형CCTV,2025-03-04,2026-01-02
주정차 금지구역,2025-01-15,고정형CCTV,2025-03-04,2026-01-02
주정차 금지구역,2025-01-15,고정형CCTV,2025-03-04,2026-01-02
주정차 금지구역,2025-01-15,고정형CCTV,2025-01-16,2026-01-02
주정차 금지구역,2025-01-15,고정형CCTV,2025-01-16,2026-01-02
주정차 금지구역,2025-01-15,고정형CCTV,2025-11-21,2026-01-02
주정차 금지구역,2025-01-15,고정형CCTV,2025-01-16,2026-01-02
주정차 금지구역,2025-01-15,고정형CCTV,2025-11-21,2026-01-02
주정차 금지구역,2025-01-15,고정형CCTV,2025-01-16,2026-01-02
주정차 금지구역,2025-01-15,고정형CCTV,2025-03-04,2026-01-02
주정차 금지구역,2025-01-15,고정형CCTV,2025-01-16,2026-01-02
주정차 금지구역,2025-01-15,고정형CCTV,2025-01-16,2026-01-02
주정차 금지구역,2025-01-15,고정형CCTV,2025-01-16,2026-01-02
주정차 금지구역,2025-01-15,고정형CCTV,2025-11-21,2026-01-02
주정차 금지구역,2025-01-15,고정형CCTV,2025-11-21,2026-01-02
보도(인도)위,2025-01-14,안전신문고,2025-01-22,2026-01-02
도로모퉁이,2025-01-15,안전신문고,2025-01-22,2026-01-02
주정차 금지구역,2025-01-15,주행형CCTV,2025-01-16,2026-01-02
주정차 금지구역,2025-01-15,주행형CCTV,2025-03-04,2026-01-02
주정차 금지구역,2025-01-15,주행형CCTV,2025-01-16,2026-01-02
주정차 금지구역,2025-01-15,주행형CCTV,2025-03-04,2026-01-02
주정차 금지구역,2025-01-15,주행형CCTV,2025-03-04,2026-01-02
주정차 금지구역,2025-01-15,주행형CCTV,2025-03-04,2026-01-02
주정차 금지구역,2025-01-15,주행형CCTV,2025-11-21,2026-01-02
주정차 금지구역,2025-01-15,주행형CCTV,2025-03-04,2026-01-02
주정차 금지구역,2025-01-15,주행형CCTV,2025-03-04,2026-01-02
주정차 금지구역,2025-01-15,주행형CCTV,2025-01-16,2026-01-02
주정차 금지구역,2025-01-15,주행형CCTV,2025-01-16,2026-01-02
주정차 금지구역,2025-01-15,주행형CCTV,2025-01-16,2026-01-02
주정차 금지구역,2025-01-15,주행형CCTV,2025-11-21,2026-01-02
주정차 금지구역,2025-01-15,주행형CCTV,2025-03-04,2026-01-02
소방시설 주변,2025-01-15,주행형CCTV,2025-11-21,2026-01-02
주정차 금지구역,2025-01-15,주행형CCTV,2025-01-16,2026-01-02
주정차 금지구역,2025-01-15,주행형CCTV,2025-11-21,2026-01-02
주정차 금지구역,2025-01-15,주행형CCTV,2025-01-16,2026-01-02
주정차 금지구역,2025-01-15,주행형CCTV,2025-11-21,2026-01-02
주정차 금지구역,2025-01-15,주행형CCTV,2025-01-16,2026-01-02
주정차 금지구역,2025-01-15,주행형CCTV,2025-01-16,2026-01-02
주정차 금지구역,2025-01-15,주행형CCTV,2025-01-16,2026-01-02
주정차 금지구역,2025-01-15,주행형CCTV,2025-01-16,2026-01-02
주정차 금지구역,2025-01-15,주행형CCTV,2025-03-04,2026-01-02
주정차 금지구역,2025-01-15,주행형CCTV,2025-01-16,2026-01-02
주정차 금지구역,2025-01-15,주행형CCTV,2025-03-04,2026-01-02
주정차 금지구역,2025-01-15,주행형CCTV,2025-01-16,2026-01-02
주정차 금지구역,2025-01-15,주행형CCTV,2025-03-04,2026-01-02
주정차 금지구역,2025-01-15,주행형CCTV,2025-01-16,2026-01-02
주정차 금지구역,2025-01-15,주행형CCTV,2025-01-16,2026-01-02
주정차 금지구역,2025-01-15,주행형CCTV,2025-03-04,2026-01-02
주정차 금지구역,2025-01-15,주행형CCTV,2025-01-16,2026-01-02
주정차 금지구역,2025-01-15,주행형CCTV,2025-03-04,2026-01-02
주정차 금지구역,2025-01-15,주행형CCTV,2025-01-16,2026-01-02
주정차 금지구역,2025-01-15,주행형CCTV,2025-03-04,2026-01-02
주정차 금지구역,2025-01-15,주행형CCTV,2025-01-16,2026-01-02
주정차 금지구역,2025-01-15,주행형CCTV,2025-01-16,2026-01-02
횡단보도,2025-01-14,안전신문고,2025-03-04,2026-01-02
주정차 금지구역,2025-01-15,주행형CCTV,2025-01-16,2026-01-02
주정차 금지구역,2025-01-15,주행형CCTV,2025-01-16,2026-01-02
주정차 금지구역,2025-01-15,주행형CCTV,2025-01-16,2026-01-02
주정차 금지구역,2025-01-15,주행형CCTV,2025-03-04,2026-01-02
주정차 금지구역,2025-01-15,주행형CCTV,2025-03-04,2026-01-02
주정차 금지구역,2025-01-15,주행형CCTV,2025-01-16,2026-01-02
주정차 금지구역,2025-01-15,주행형CCTV,2025-01-16,2026-01-02
주정차 금지구역,2025-01-15,주행형CCTV,2025-01-16,2026-01-02
주정차 금지구역,2025-01-15,주행형CCTV,2025-03-04,2026-01-02
주정차 금지구역,2025-01-15,주행형CCTV,2025-01-16,2026-01-02
주정차 금지구역,2025-01-15,주행형CCTV,2025-03-04,2026-01-02
주정차 금지구역,2025-01-15,주행형CCTV,2025-01-16,2026-01-02
주정차 금지구역,2025-01-15,주행형CCTV,2025-03-04,2026-01-02
주정차 금지구역,2025-01-15,주행형CCTV,2025-01-16,2026-01-02
주정차 금지구역,2025-01-15,주행형CCTV,2025-01-16,2026-01-02
주정차 금지구역,2025-01-15,주행형CCTV,2025-01-16,2026-01-02
주정차 금지구역,2025-01-15,주행형CCTV,2025-03-04,2026-01-02
주정차 금지구역,2025-01-15,주행형CCTV,2025-01-16,2026-01-02
주정차 금지구역,2025-01-15,주행형CCTV,2025-01-16,2026-01-02
주정차 금지구역,2025-01-15,주행형CCTV,2025-01-16,2026-01-02
주정차 금지구역,2025-01-15,주행형CCTV,2025-01-16,2026-01-02
주정차 금지구역,2025-01-15,주행형CCTV,2025-01-16,2026-01-02
주정차 금지구역,2025-01-15,주행형CCTV,2025-01-16,2026-01-02
주정차 금지구역,2025-01-15,주행형CCTV,2025-01-16,2026-01-02
주정차 금지구역,2025-01-15,주행형CCTV,2025-01-16,2026-01-02
주정차 금지구역,2025-01-15,주행형CCTV,2025-01-16,2026-01-02
주정차 금지구역,2025-01-15,주행형CCTV,2025-01-16,2026-01-02
주정차 금지구역,2025-01-15,주행형CCTV,2025-01-16,2026-01-02
주정차 금지구역,2025-01-15,주행형CCTV,2025-01-16,2026-01-02
주정차 금지구역,2025-01-15,주행형CCTV,2025-03-04,2026-01-02
주정차 금지구역,2025-01-15,주행형CCTV,2025-01-16,2026-01-02
주정차 금지구역,2025-01-15,주행형CCTV,2025-01-16,2026-01-02
주정차 금지구역,2025-01-15,주행형CCTV,2025-03-04,2026-01-02
주정차 금지구역,2025-01-15,주행형CCTV,2025-01-16,2026-01-02
주정차 금지구역,2025-01-15,주행형CCTV,2025-01-16,2026-01-02
주정차 금지구역,2025-01-15,주행형CCTV,2025-03-04,2026-01-02
주정차 금지구역,2025-01-15,주행형CCTV,2025-01-16,2026-01-02
주정차 금지구역,2025-01-15,주행형CCTV,2025-03-04,2026-01-02
주정차 금지구역,2025-01-15,주행형CCTV,2025-01-16,2026-01-02
주정차 금지구역,2025-01-15,주행형CCTV,2025-01-16,2026-01-02
주정차 금지구역,2025-01-15,주행형CCTV,2025-01-16,2026-01-02
주정차 금지구역,2025-01-15,주행형CCTV,2025-01-16,2026-01-02
주정차 금지구역,2025-01-15,주행형CCTV,2025-03-04,2026-01-02
주정차 금지구역,2025-01-15,주행형CCTV,2025-01-16,2026-01-02
주정차 금지구역,2025-01-15,주행형CCTV,2025-01-16,2026-01-02
주정차 금지구역,2025-01-15,주행형CCTV,2025-03-04,2026-01-02
주정차 금지구역,2025-01-15,주행형CCTV,2025-01-16,2026-01-02
주정차 금지구역,2025-01-15,주행형CCTV,2025-01-16,2026-01-02
주정차 금지구역,2025-01-15,주행형CCTV,2025-01-16,2026-01-02
주정차 금지구역,2025-01-15,주행형CCTV,2025-03-04,2026-01-02
주정차 금지구역,2025-01-15,주행형CCTV,2025-01-16,2026-01-02
주정차 금지구역,2025-01-15,주행형CCTV,2025-03-04,2026-01-02
주정차 금지구역,2025-01-15,주행형CCTV,2025-03-04,2026-01-02
주정차 금지구역,2025-01-15,주행형CCTV,2025-01-16,2026-01-02
주정차 금지구역,2025-01-15,주행형CCTV,2025-01-16,2026-01-02
주정차 금지구역,2025-01-15,주행형CCTV,2025-01-16,2026-01-02
주정차 금지구역,2025-01-15,주행형CCTV,2025-03-04,2026-01-02
주정차 금지구역,2025-01-15,주행형CCTV,2025-03-04,2026-01-02
주정차 금지구역,2025-01-15,주행형CCTV,2025-01-16,2026-01-02
주정차 금지구역,2025-01-15,주행형CCTV,2025-01-16,2026-01-02
주정차 금지구역,2025-01-15,주행형CCTV,2025-01-16,2026-01-02
주정차 금지구역,2025-01-15,주행형CCTV,2025-03-04,2026-01-02
주정차 금지구역,2025-01-15,주행형CCTV,2025-01-16,2026-01-02
주정차 금지구역,2025-01-15,주행형CCTV,2025-01-16,2026-01-02
주정차 금지구역,2025-01-15,주행형CCTV,2025-01-16,2026-01-02
주정차 금지구역,2025-01-15,주행형CCTV,2025-03-04,2026-01-02
주정차 금지구역,2025-01-15,주행형CCTV,2025-03-04,2026-01-02
주정차 금지구역,2025-01-15,주행형CCTV,2025-01-16,2026-01-02
주정차 금지구역,2025-01-15,주행형CCTV,2025-01-16,2026-01-02
주정차 금지구역,2025-01-15,주행형CCTV,2025-01-16,2026-01-02
주정차 금지구역,2025-01-15,주행형CCTV,2025-03-04,2026-01-02
주정차 금지구역,2025-01-15,주행형CCTV,2025-03-04,2026-01-02
주정차 금지구역,2025-01-15,주행형CCTV,2025-01-16,2026-01-02
주정차 금지구역,2025-01-15,주행형CCTV,2025-01-16,2026-01-02
주정차 금지구역,2025-01-15,주행형CCTV,2025-03-04,2026-01-02
주정차 금지구역,2025-01-15,주행형CCTV,2025-01-16,2026-01-02
주정차 금지구역,2025-01-15,주행형CCTV,2025-01-16,2026-01-02
주정차 금지구역,2025-01-15,주행형CCTV,2025-01-16,2026-01-02
주정차 금지구역,2025-01-15,주행형CCTV,2025-01-16,2026-01-02
주정차 금지구역,2025-01-15,주행형CCTV,2025-01-16,2026-01-02
주정차 금지구역,2025-01-15,주행형CCTV,2025-03-04,2026-01-02
주정차 금지구역,2025-01-15,주행형CCTV,2025-01-16,2026-01-02
주정차 금지구역,2025-01-15,주행형CCTV,2025-01-16,2026-01-02
주정차 금지구역,2025-01-15,주행형CCTV,2025-01-16,2026-01-02
주정차 금지구역,2025-01-15,주행형CCTV,2025-01-16,2026-01-02
주정차 금지구역,2025-01-15,주행형CCTV,2025-01-16,2026-01-02
주정차 금지구역,2025-01-15,주행형CCTV,2025-01-16,2026-01-02
주정차 금지구역,2025-01-15,주행형CCTV,2025-11-21,2026-01-02
주정차 금지구역,2025-01-15,주행형CCTV,2025-01-16,2026-01-02
주정차 금지구역,2025-01-15,주행형CCTV,2025-01-16,2026-01-02
주정차 금지구역,2025-01-15,주행형CCTV,2025-01-16,2026-01-02
주정차 금지구역,2025-01-15,주행형CCTV,2025-03-04,2026-01-02
주정차 금지구역,2025-01-15,주행형CCTV,2025-11-21,2026-01-02
주정차 금지구역,2025-01-15,주행형CCTV,2025-03-04,2026-01-02
주정차 금지구역,2025-01-15,주행형CCTV,2025-01-16,2026-01-02
주정차 금지구역,2025-01-15,주행형CCTV,2025-01-16,2026-01-02
주정차 금지구역,2025-01-15,주행형CCTV,2025-01-16,2026-01-02
주정차 금지구역,2025-01-15,주행형CCTV,2025-01-16,2026-01-02
주정차 금지구역,2025-01-15,주행형CCTV,2025-01-16,2026-01-02
주정차 금지구역,2025-01-15,주행형CCTV,2025-01-16,2026-01-02
주정차 금지구역,2025-01-15,주행형CCTV,2025-11-21,2026-01-02
주정차 금지구역,2025-01-15,주행형CCTV,2025-01-16,2026-01-02
주정차 금지구역,2025-01-15,주행형CCTV,2025-03-04,2026-01-02
주정차 금지구역,2025-01-15,주행형CCTV,2025-01-16,2026-01-02
주정차 금지구역,2025-01-15,주행형CCTV,2025-03-04,2026-01-02
주정차 금지구역,2025-01-15,주행형CCTV,2025-01-16,2026-01-02
주정차 금지구역,2025-01-15,주행형CCTV,2025-03-04,2026-01-02
주정차 금지구역,2025-01-15,주행형CCTV,2025-03-04,2026-01-02
주정차 금지구역,2025-01-15,주행형CCTV,2025-03-04,2026-01-02
주정차 금지구역,2025-01-15,주행형CCTV,2025-01-16,2026-01-02
주정차 금지구역,2025-01-15,주행형CCTV,2025-01-16,2026-01-02
주정차 금지구역,2025-01-15,주행형CCTV,2025-01-16,2026-01-02
주정차 금지구역,2025-01-15,주행형CCTV,2025-01-16,2026-01-02
주정차 금지구역,2025-01-15,주행형CCTV,2025-01-16,2026-01-02
주정차 금지구역,2025-01-15,주행형CCTV,2025-03-04,2026-01-02
주정차 금지구역,2025-01-15,주행형CCTV,2025-01-16,2026-01-02
주정차 금지구역,2025-01-15,주행형CCTV,2025-01-16,2026-01-02
주정차 금지구역,2025-01-15,주행형CCTV,2025-01-16,2026-01-02
주정차 금지구역,2025-01-15,주행형CCTV,2025-01-16,2026-01-02
주정차 금지구역,2025-01-15,버스장착형CCTV,2025-01-16,2026-01-02
주정차 금지구역,2025-01-15,버스장착형CCTV,2025-01-16,2026-01-02
주정차 금지구역,2025-01-15,버스장착형CCTV,2025-01-16,2026-01-02
주정차 금지구역,2025-01-15,버스장착형CCTV,2025-03-04,2026-01-02
주정차 금지구역,2025-01-15,고정형CCTV,2025-03-04,2026-01-02
주정차 금지구역,2025-01-15,고정형CCTV,2025-01-16,2026-01-02
주정차 금지구역,2025-01-15,고정형CCTV,2025-03-04,2026-01-02
주정차 금지구역,2025-01-15,고정형CCTV,2025-01-16,2026-01-02
주정차 금지구역,2025-01-15,고정형CCTV,2025-01-16,2026-01-02
주정차 금지구역,2025-01-15,고정형CCTV,2025-03-04,2026-01-02
주정차 금지구역,2025-01-15,고정형CCTV,2025-03-04,2026-01-02
주정차 금지구역,2025-01-15,고정형CCTV,2025-01-16,2026-01-02
주정차 금지구역,2025-01-15,고정형CCTV,2025-03-04,2026-01-02
주정차 금지구역,2025-01-15,고정형CCTV,2025-03-04,2026-01-02
주정차 금지구역,2025-01-15,고정형CCTV,2025-11-21,2026-01-02
주정차 금지구역,2025-01-15,고정형CCTV,2025-01-16,2026-01-02
주정차 금지구역,2025-01-15,고정형CCTV,2025-01-16,2026-01-02
주정차 금지구역,2025-01-15,고정형CCTV,2025-01-16,2026-01-02
주정차 금지구역,2025-01-15,고정형CCTV,2025-01-16,2026-01-02
주정차 금지구역,2025-01-15,고정형CCTV,2025-01-16,2026-01-02
주정차 금지구역,2025-01-15,고정형CCTV,2025-01-16,2026-01-02
주정차 금지구역,2025-01-15,고정형CCTV,2025-01-16,2026-01-02
주정차 금지구역,2025-01-15,고정형CCTV,2025-01-16,2026-01-02
주정차 금지구역,2025-01-15,고정형CCTV,2025-01-16,2026-01-02
주정차 금지구역,2025-01-15,고정형CCTV,2025-01-16,2026-01-02
주정차 금지구역,2025-01-15,고정형CCTV,2025-01-16,2026-01-02
횡단보도,2025-01-15,안전신문고,2025-01-22,2026-01-02
주정차 금지구역,2025-01-14,안전신문고,2025-03-04,2026-01-02
보도(인도)위,2025-01-15,안전신문고,2025-03-04,2026-01-02
도로모퉁이,2025-01-15,안전신문고,2025-01-22,2026-01-02
횡단보도,2025-01-11,안전신문고,2025-01-20,2026-01-02
기타,2025-01-10,안전신문고,2025-11-21,2026-01-02
기타,2025-01-10,안전신문고,2025-11-21,2026-01-02
기타,2025-01-15,안전신문고,2025-01-22,2026-01-02
횡단보도,2025-01-15,안전신문고,2025-01-22,2026-01-02
보도(인도)위,2025-01-15,안전신문고,2025-03-04,2026-01-02
주정차 금지구역,2025-01-14,안전신문고,2025-03-04,2026-01-02
횡단보도,2025-01-12,안전신문고,2025-11-21,2026-01-02
횡단보도,2025-01-12,안전신문고,2025-01-20,2026-01-02
횡단보도,2025-01-14,안전신문고,2025-03-04,2026-01-02
보도(인도)위,2025-01-12,안전신문고,2025-03-04,2026-01-02
보도(인도)위,2025-01-15,안전신문고,2025-11-21,2026-01-02
횡단보도,2025-01-11,안전신문고,2025-01-20,2026-01-02
횡단보도,2025-01-13,안전신문고,2025-01-20,2026-01-02
횡단보도,2025-01-13,안전신문고,2025-03-04,2026-01-02
횡단보도,2025-01-12,안전신문고,2025-01-20,2026-01-02
횡단보도,2025-01-13,안전신문고,2025-03-04,2026-01-02
버스정류장 주변,2025-01-15,안전신문고,2025-01-22,2026-01-02
도로모퉁이,2025-01-14,안전신문고,2025-01-22,2026-01-02
횡단보도,2025-01-11,안전신문고,2025-01-20,2026-01-02
도로모퉁이,2025-01-15,안전신문고,2025-03-04,2026-01-02
횡단보도,2025-01-15,안전신문고,2025-03-04,2026-01-02
횡단보도,2025-01-15,안전신문고,2025-03-04,2026-01-02
보도(인도)위,2025-01-15,안전신문고,2025-01-22,2026-01-02
횡단보도,2025-01-13,안전신문고,2025-03-04,2026-01-02
도로모퉁이,2025-01-15,안전신문고,2025-11-21,2026-01-02
도로모퉁이,2025-01-15,안전신문고,2025-03-04,2026-01-02
보도(인도)위,2025-01-14,안전신문고,2025-03-04,2026-01-02
도로모퉁이,2025-01-15,안전신문고,2025-03-04,2026-01-02
보도(인도)위,2025-01-14,안전신문고,2025-03-04,2026-01-02
보도(인도)위,2025-01-14,안전신문고,2025-03-04,2026-01-02
횡단보도,2025-01-12,안전신문고,2025-01-20,2026-01-02
보도(인도)위,2025-01-12,안전신문고,2025-03-04,2026-01-02
보도(인도)위,2025-01-15,안전신문고,2025-03-04,2026-01-02
횡단보도,2025-01-15,안전신문고,2025-01-22,2026-01-02
보도(인도)위,2025-01-11,안전신문고,2025-01-20,2026-01-02
도로모퉁이,2025-01-15,안전신문고,2025-01-22,2026-01-02
도로모퉁이,2025-01-15,안전신문고,2025-01-22,2026-01-02
보도(인도)위,2025-01-15,안전신문고,2025-01-22,2026-01-02
보도(인도)위,2025-01-12,안전신문고,2025-01-20,2026-01-02
도로모퉁이,2025-01-15,안전신문고,2025-11-21,2026-01-02
도로모퉁이,2025-01-14,안전신문고,2025-01-22,2026-01-02
도로모퉁이,2025-01-15,안전신문고,2025-01-22,2026-01-02
횡단보도,2025-01-11,안전신문고,2025-01-20,2026-01-02
도로모퉁이,2025-01-11,안전신문고,2025-01-20,2026-01-02
소방시설 주변,2025-01-15,안전신문고,2025-01-22,2026-01-02
횡단보도,2025-01-14,안전신문고,2025-03-04,2026-01-02
소방시설 주변,2025-01-10,안전신문고,2025-01-17,2026-01-02
주정차 금지구역,2025-01-03,고정형CCTV,2025-01-16,2026-01-02
주정차 금지구역,2025-01-08,고정형CCTV,2025-03-04,2026-01-02
주정차 금지구역,2025-01-09,주행형CCTV,2025-03-04,2026-01-02
횡단보도,2025-01-14,안전신문고,2025-01-22,2026-01-02
보도(인도)위,2025-01-14,안전신문고,2025-03-04,2026-01-02
소방시설 주변,2025-01-15,안전신문고,2025-01-22,2026-01-02
횡단보도,2025-01-15,안전신문고,2025-01-22,2026-01-02
횡단보도,2025-01-15,안전신문고,2025-03-04,2026-01-02
횡단보도,2025-01-15,안전신문고,2025-01-22,2026-01-02
보도(인도)위,2025-01-11,안전신문고,2025-03-04,2026-01-02
보도(인도)위,2025-01-13,안전신문고,2025-01-20,2026-01-02
보도(인도)위,2025-01-15,안전신문고,2025-03-04,2026-01-02
횡단보도,2025-01-11,안전신문고,2025-01-20,2026-01-02
횡단보도,2025-01-11,안전신문고,2025-01-20,2026-01-02
횡단보도,2025-01-11,안전신문고,2025-01-20,2026-01-02
횡단보도,2025-01-14,안전신문고,2025-01-22,2026-01-02
횡단보도,2025-01-11,안전신문고,2025-01-20,2026-01-02
횡단보도,2025-01-13,안전신문고,2025-01-20,2026-01-02
횡단보도,2025-01-11,안전신문고,2025-03-04,2026-01-02
보도(인도)위,2025-01-15,안전신문고,2025-01-22,2026-01-02
횡단보도,2025-01-15,안전신문고,2025-01-22,2026-01-02
도로모퉁이,2025-01-15,안전신문고,2025-03-04,2026-01-02
도로모퉁이,2025-01-14,안전신문고,2025-03-04,2026-01-02
도로모퉁이,2025-01-15,안전신문고,2025-03-04,2026-01-02
횡단보도,2025-01-14,안전신문고,2025-01-22,2026-01-02
도로모퉁이,2025-01-15,안전신문고,2025-11-21,2026-01-02
도로모퉁이,2025-01-15,안전신문고,2025-03-04,2026-01-02
도로모퉁이,2025-01-15,안전신문고,2025-01-22,2026-01-02
소방시설 주변,2025-01-15,안전신문고,2025-03-04,2026-01-02
횡단보도,2025-01-14,안전신문고,2025-01-22,2026-01-02
횡단보도,2025-01-14,안전신문고,2025-01-22,2026-01-02
보도(인도)위,2025-01-15,안전신문고,2025-01-22,2026-01-02
버스정류장 주변,2025-01-15,안전신문고,2025-01-22,2026-01-02
횡단보도,2025-01-02,안전신문고,2025-01-17,2026-01-02
횡단보도,2025-01-15,안전신문고,2025-03-04,2026-01-02
소방시설 주변,2025-01-14,안전신문고,2025-01-22,2026-01-02
횡단보도,2025-01-03,안전신문고,2025-03-04,2026-01-02
횡단보도,2025-01-12,안전신문고,2025-01-20,2026-01-02
도로모퉁이,2025-01-11,안전신문고,2025-01-20,2026-01-02
횡단보도,2025-01-11,안전신문고,2025-01-20,2026-01-02
보도(인도)위,2025-01-15,안전신문고,2025-03-04,2026-01-02
횡단보도,2025-01-11,안전신문고,2025-11-21,2026-01-02
횡단보도,2025-01-12,안전신문고,2025-01-20,2026-01-02
도로모퉁이,2025-01-12,안전신문고,2025-03-04,2026-01-02
횡단보도,2025-01-15,안전신문고,2025-03-04,2026-01-02
도로모퉁이,2025-01-15,안전신문고,2025-03-04,2026-01-02
도로모퉁이,2025-01-12,안전신문고,2025-01-20,2026-01-02
소방시설 주변,2025-01-12,안전신문고,2025-01-20,2026-01-02
횡단보도,2025-01-12,안전신문고,2025-01-20,2026-01-02
소방시설 주변,2025-01-11,안전신문고,2025-01-20,2026-01-02
횡단보도,2025-01-14,안전신문고,2025-01-22,2026-01-02
도로모퉁이,2025-01-15,안전신문고,2025-01-22,2026-01-02
보도(인도)위,2025-01-15,안전신문고,2025-01-22,2026-01-02
횡단보도,2025-01-12,안전신문고,2025-03-04,2026-01-02
횡단보도,2025-01-12,안전신문고,2025-03-04,2026-01-02
횡단보도,2025-01-11,안전신문고,2025-01-20,2026-01-02
도로모퉁이,2025-01-11,안전신문고,2025-03-04,2026-01-02
버스정류장 주변,2025-01-14,안전신문고,2025-03-04,2026-01-02
소방시설 주변,2025-01-14,안전신문고,2025-03-04,2026-01-02
횡단보도,2025-01-12,안전신문고,2025-01-20,2026-01-02
도로모퉁이,2025-01-14,안전신문고,2025-03-04,2026-01-02
횡단보도,2025-01-14,안전신문고,2025-03-04,2026-01-02
횡단보도,2025-01-14,안전신문고,2025-03-04,2026-01-02
도로모퉁이,2025-01-11,안전신문고,2025-01-20,2026-01-02
보도(인도)위,2025-01-13,안전신문고,2025-01-20,2026-01-02
횡단보도,2025-01-11,안전신문고,2025-01-20,2026-01-02
보도(인도)위,2025-01-14,안전신문고,2025-03-04,2026-01-02
보도(인도)위,2025-01-15,안전신문고,2025-01-22,2026-01-02
보도(인도)위,2025-01-14,안전신문고,2025-03-04,2026-01-02
보도(인도)위,2025-01-14,안전신문고,2025-01-22,2026-01-02
도로모퉁이,2025-01-14,안전신문고,2025-01-22,2026-01-02
도로모퉁이,2025-01-15,안전신문고,2025-01-22,2026-01-02
보도(인도)위,2025-01-15,안전신문고,2025-03-04,2026-01-02
보도(인도)위,2025-01-14,안전신문고,2025-01-22,2026-01-02
도로모퉁이,2025-01-14,안전신문고,2025-03-04,2026-01-02
횡단보도,2025-01-11,안전신문고,2025-01-20,2026-01-02
보도(인도)위,2025-01-14,안전신문고,2025-11-21,2026-01-02
횡단보도,2025-01-14,안전신문고,2025-01-22,2026-01-02
도로모퉁이,2025-01-11,안전신문고,2025-01-20,2026-01-02
주정차 금지구역,2025-01-14,안전신문고,2025-01-22,2026-01-02
도로모퉁이,2025-01-13,안전신문고,2025-01-20,2026-01-02
보도(인도)위,2025-01-11,안전신문고,2025-01-20,2026-01-02
주정차 금지구역,2025-01-16,버스장착형CCTV,2025-01-17,2026-01-02
주정차 금지구역,2025-01-16,버스장착형CCTV,2025-03-04,2026-01-02
주정차 금지구역,2025-01-16,버스장착형CCTV,2025-01-17,2026-01-02
주정차 금지구역,2025-01-16,버스장착형CCTV,2025-01-17,2026-01-02
주정차 금지구역,2025-01-16,고정형CCTV,2025-01-17,2026-01-02
주정차 금지구역,2025-01-16,고정형CCTV,2025-01-17,2026-01-02
주정차 금지구역,2025-01-16,고정형CCTV,2025-01-17,2026-01-02
주정차 금지구역,2025-01-16,고정형CCTV,2025-01-17,2026-01-02
주정차 금지구역,2025-01-16,고정형CCTV,2025-01-17,2026-01-02
주정차 금지구역,2025-01-16,고정형CCTV,2025-01-17,2026-01-02
주정차 금지구역,2025-01-16,고정형CCTV,2025-01-17,2026-01-02
주정차 금지구역,2025-01-16,고정형CCTV,2025-01-17,2026-01-02
주정차 금지구역,2025-01-16,고정형CCTV,2025-01-17,2026-01-02
주정차 금지구역,2025-01-16,고정형CCTV,2025-01-17,2026-01-02
주정차 금지구역,2025-01-16,고정형CCTV,2025-01-17,2026-01-02
주정차 금지구역,2025-01-16,고정형CCTV,2025-01-17,2026-01-02
주정차 금지구역,2025-01-16,고정형CCTV,2025-01-17,2026-01-02
주정차 금지구역,2025-01-16,고정형CCTV,2025-01-17,2026-01-02
주정차 금지구역,2025-01-16,고정형CCTV,2025-11-21,2026-01-02
주정차 금지구역,2025-01-16,고정형CCTV,2025-01-17,2026-01-02
주정차 금지구역,2025-01-16,고정형CCTV,2025-01-17,2026-01-02
주정차 금지구역,2025-01-16,고정형CCTV,2025-11-21,2026-01-02
주정차 금지구역,2025-01-16,고정형CCTV,2025-01-17,2026-01-02
주정차 금지구역,2025-01-16,고정형CCTV,2025-01-17,2026-01-02
주정차 금지구역,2025-01-16,고정형CCTV,2025-11-21,2026-01-02
주정차 금지구역,2025-01-16,고정형CCTV,2025-01-17,2026-01-02
주정차 금지구역,2025-01-16,고정형CCTV,2025-01-17,2026-01-02
주정차 금지구역,2025-01-16,고정형CCTV,2025-01-17,2026-01-02
주정차 금지구역,2025-01-16,고정형CCTV,2025-03-04,2026-01-02
주정차 금지구역,2025-01-16,고정형CCTV,2025-01-17,2026-01-02
주정차 금지구역,2025-01-16,고정형CCTV,2025-01-17,2026-01-02
주정차 금지구역,2025-01-16,고정형CCTV,2025-03-04,2026-01-02
주정차 금지구역,2025-01-16,고정형CCTV,2025-01-17,2026-01-02
주정차 금지구역,2025-01-16,고정형CCTV,2025-01-17,2026-01-02
주정차 금지구역,2025-01-16,고정형CCTV,2025-01-17,2026-01-02
주정차 금지구역,2025-01-16,고정형CCTV,2025-01-17,2026-01-02
주정차 금지구역,2025-01-16,고정형CCTV,2025-03-04,2026-01-02
주정차 금지구역,2025-01-16,고정형CCTV,2025-11-21,2026-01-02
주정차 금지구역,2025-01-16,고정형CCTV,2025-01-17,2026-01-02
주정차 금지구역,2025-01-16,고정형CCTV,2025-01-17,2026-01-02
주정차 금지구역,2025-01-16,고정형CCTV,2025-01-17,2026-01-02
주정차 금지구역,2025-01-16,고정형CCTV,2025-01-17,2026-01-02
주정차 금지구역,2025-01-16,고정형CCTV,2025-11-21,2026-01-02
주정차 금지구역,2025-01-16,고정형CCTV,2025-03-04,2026-01-02
주정차 금지구역,2025-01-16,고정형CCTV,2025-01-17,2026-01-02
주정차 금지구역,2025-01-16,고정형CCTV,2025-11-21,2026-01-02
주정차 금지구역,2025-01-16,고정형CCTV,2025-03-04,2026-01-02
주정차 금지구역,2025-01-16,고정형CCTV,2025-01-17,2026-01-02
주정차 금지구역,2025-01-16,고정형CCTV,2025-01-17,2026-01-02
주정차 금지구역,2025-01-16,고정형CCTV,2025-03-04,2026-01-02
주정차 금지구역,2025-01-16,고정형CCTV,2025-01-17,2026-01-02
주정차 금지구역,2025-01-16,고정형CCTV,2025-03-04,2026-01-02
주정차 금지구역,2025-01-16,고정형CCTV,2025-03-04,2026-01-02
주정차 금지구역,2025-01-16,고정형CCTV,2025-01-17,2026-01-02
주정차 금지구역,2025-01-16,고정형CCTV,2025-01-17,2026-01-02
주정차 금지구역,2025-01-16,고정형CCTV,2025-03-04,2026-01-02
주정차 금지구역,2025-01-16,고정형CCTV,2025-01-17,2026-01-02
주정차 금지구역,2025-01-16,고정형CCTV,2025-01-17,2026-01-02
주정차 금지구역,2025-01-16,고정형CCTV,2025-01-17,2026-01-02
주정차 금지구역,2025-01-16,고정형CCTV,2025-01-17,2026-01-02
주정차 금지구역,2025-01-16,고정형CCTV,2025-03-04,2026-01-02
주정차 금지구역,2025-01-16,고정형CCTV,2025-03-04,2026-01-02
주정차 금지구역,2025-01-16,고정형CCTV,2025-01-17,2026-01-02
주정차 금지구역,2025-01-16,고정형CCTV,2025-01-17,2026-01-02
주정차 금지구역,2025-01-16,고정형CCTV,2025-01-17,2026-01-02
주정차 금지구역,2025-01-16,고정형CCTV,2025-01-17,2026-01-02
주정차 금지구역,2025-01-16,고정형CCTV,2025-01-17,2026-01-02
주정차 금지구역,2025-01-16,고정형CCTV,2025-01-17,2026-01-02
주정차 금지구역,2025-01-16,고정형CCTV,2025-03-04,2026-01-02
주정차 금지구역,2025-01-16,고정형CCTV,2025-01-17,2026-01-02
주정차 금지구역,2025-01-16,고정형CCTV,2025-01-17,2026-01-02
주정차 금지구역,2025-01-16,고정형CCTV,2025-01-17,2026-01-02
주정차 금지구역,2025-01-16,고정형CCTV,2025-01-17,2026-01-02
주정차 금지구역,2025-01-16,고정형CCTV,2025-03-04,2026-01-02
주정차 금지구역,2025-01-16,고정형CCTV,2025-01-17,2026-01-02
주정차 금지구역,2025-01-16,고정형CCTV,2025-03-04,2026-01-02
주정차 금지구역,2025-01-16,고정형CCTV,2025-01-17,2026-01-02
주정차 금지구역,2025-01-16,고정형CCTV,2025-01-17,2026-01-02
주정차 금지구역,2025-01-16,고정형CCTV,2025-03-04,2026-01-02
주정차 금지구역,2025-01-16,고정형CCTV,2025-11-21,2026-01-02
주정차 금지구역,2025-01-16,고정형CCTV,2025-03-04,2026-01-02
주정차 금지구역,2025-01-16,고정형CCTV,2025-01-17,2026-01-02
주정차 금지구역,2025-01-16,고정형CCTV,2025-01-17,2026-01-02
주정차 금지구역,2025-01-16,고정형CCTV,2025-01-17,2026-01-02
주정차 금지구역,2025-01-16,고정형CCTV,2025-01-17,2026-01-02
주정차 금지구역,2025-01-16,고정형CCTV,2025-01-17,2026-01-02
주정차 금지구역,2025-01-16,고정형CCTV,2025-01-17,2026-01-02
주정차 금지구역,2025-01-16,고정형CCTV,2025-01-17,2026-01-02
주정차 금지구역,2025-01-16,고정형CCTV,2025-03-04,2026-01-02
주정차 금지구역,2025-01-16,고정형CCTV,2025-01-17,2026-01-02
주정차 금지구역,2025-01-16,고정형CCTV,2025-01-17,2026-01-02
주정차 금지구역,2025-01-16,고정형CCTV,2025-01-17,2026-01-02
주정차 금지구역,2025-01-16,고정형CCTV,2025-01-17,2026-01-02
주정차 금지구역,2025-01-16,고정형CCTV,2025-01-17,2026-01-02
주정차 금지구역,2025-01-16,고정형CCTV,2025-03-04,2026-01-02
주정차 금지구역,2025-01-16,고정형CCTV,2025-03-04,2026-01-02
주정차 금지구역,2025-01-16,고정형CCTV,2025-01-17,2026-01-02
주정차 금지구역,2025-01-16,고정형CCTV,2025-01-17,2026-01-02
주정차 금지구역,2025-01-16,고정형CCTV,2025-01-17,2026-01-02
주정차 금지구역,2025-01-16,고정형CCTV,2025-01-17,2026-01-02
주정차 금지구역,2025-01-16,고정형CCTV,2025-03-04,2026-01-02
주정차 금지구역,2025-01-16,고정형CCTV,2025-01-17,2026-01-02
주정차 금지구역,2025-01-16,고정형CCTV,2025-01-17,2026-01-02
주정차 금지구역,2025-01-16,고정형CCTV,2025-03-04,2026-01-02
주정차 금지구역,2025-01-16,고정형CCTV,2025-03-04,2026-01-02
주정차 금지구역,2025-01-16,고정형CCTV,2025-03-04,2026-01-02
주정차 금지구역,2025-01-16,고정형CCTV,2025-01-17,2026-01-02
주정차 금지구역,2025-01-16,고정형CCTV,2025-03-04,2026-01-02
주정차 금지구역,2025-01-16,고정형CCTV,2025-01-17,2026-01-02
주정차 금지구역,2025-01-16,고정형CCTV,2025-01-17,2026-01-02
주정차 금지구역,2025-01-16,고정형CCTV,2025-01-17,2026-01-02
주정차 금지구역,2025-01-16,고정형CCTV,2025-01-17,2026-01-02
주정차 금지구역,2025-01-16,고정형CCTV,2025-03-04,2026-01-02
주정차 금지구역,2025-01-16,고정형CCTV,2025-01-17,2026-01-02
주정차 금지구역,2025-01-16,고정형CCTV,2025-01-17,2026-01-02
주정차 금지구역,2025-01-16,고정형CCTV,2025-01-17,2026-01-02
주정차 금지구역,2025-01-16,고정형CCTV,2025-01-17,2026-01-02
주정차 금지구역,2025-01-16,고정형CCTV,2025-03-04,2026-01-02
주정차 금지구역,2025-01-16,고정형CCTV,2025-01-17,2026-01-02
주정차 금지구역,2025-01-16,고정형CCTV,2025-01-17,2026-01-02
주정차 금지구역,2025-01-16,고정형CCTV,2025-01-17,2026-01-02
주정차 금지구역,2025-01-16,주행형CCTV,2025-01-17,2026-01-02
주정차 금지구역,2025-01-16,주행형CCTV,2025-01-17,2026-01-02
주정차 금지구역,2025-01-16,주행형CCTV,2025-01-17,2026-01-02
주정차 금지구역,2025-01-16,주행형CCTV,2025-01-17,2026-01-02
주정차 금지구역,2025-01-16,주행형CCTV,2025-01-17,2026-01-02
주정차 금지구역,2025-01-16,주행형CCTV,2025-01-17,2026-01-02
주정차 금지구역,2025-01-16,주행형CCTV,2025-11-21,2026-01-02
주정차 금지구역,2025-01-16,주행형CCTV,2025-03-04,2026-01-02
주정차 금지구역,2025-01-16,주행형CCTV,2025-01-17,2026-01-02
주정차 금지구역,2025-01-16,주행형CCTV,2025-01-17,2026-01-02
주정차 금지구역,2025-01-16,주행형CCTV,2025-01-17,2026-01-02
주정차 금지구역,2025-01-16,주행형CCTV,2025-01-17,2026-01-02
주정차 금지구역,2025-01-16,주행형CCTV,2025-01-17,2026-01-02
주정차 금지구역,2025-01-16,주행형CCTV,2025-11-21,2026-01-02
주정차 금지구역,2025-01-16,주행형CCTV,2025-01-17,2026-01-02
주정차 금지구역,2025-01-16,주행형CCTV,2025-03-04,2026-01-02
주정차 금지구역,2025-01-16,주행형CCTV,2025-01-17,2026-01-02
주정차 금지구역,2025-01-16,주행형CCTV,2025-01-17,2026-01-02
주정차 금지구역,2025-01-16,주행형CCTV,2025-03-04,2026-01-02
주정차 금지구역,2025-01-16,주행형CCTV,2025-01-17,2026-01-02
주정차 금지구역,2025-01-16,주행형CCTV,2025-03-04,2026-01-02
주정차 금지구역,2025-01-16,주행형CCTV,2025-01-17,2026-01-02
주정차 금지구역,2025-01-16,주행형CCTV,2025-03-04,2026-01-02
주정차 금지구역,2025-01-16,주행형CCTV,2025-01-17,2026-01-02
주정차 금지구역,2025-01-16,주행형CCTV,2025-01-17,2026-01-02
주정차 금지구역,2025-01-16,주행형CCTV,2025-01-17,2026-01-02
주정차 금지구역,2025-01-16,주행형CCTV,2025-03-04,2026-01-02
주정차 금지구역,2025-01-16,주행형CCTV,2025-03-04,2026-01-02
주정차 금지구역,2025-01-16,주행형CCTV,2025-01-17,2026-01-02
주정차 금지구역,2025-01-16,주행형CCTV,2025-01-17,2026-01-02
주정차 금지구역,2025-01-16,주행형CCTV,2025-01-17,2026-01-02
주정차 금지구역,2025-01-16,주행형CCTV,2025-03-04,2026-01-02
주정차 금지구역,2025-01-16,주행형CCTV,2025-03-04,2026-01-02
주정차 금지구역,2025-01-16,주행형CCTV,2025-01-17,2026-01-02
주정차 금지구역,2025-01-16,주행형CCTV,2025-01-17,2026-01-02
주정차 금지구역,2025-01-16,주행형CCTV,2025-01-17,2026-01-02
주정차 금지구역,2025-01-16,주행형CCTV,2025-01-17,2026-01-02
주정차 금지구역,2025-01-16,주행형CCTV,2025-01-17,2026-01-02
주정차 금지구역,2025-01-16,주행형CCTV,2025-01-17,2026-01-02
주정차 금지구역,2025-01-16,주행형CCTV,2025-03-04,2026-01-02
주정차 금지구역,2025-01-16,주행형CCTV,2025-11-21,2026-01-02
주정차 금지구역,2025-01-16,주행형CCTV,2025-11-21,2026-01-02
주정차 금지구역,2025-01-16,주행형CCTV,2025-01-17,2026-01-02
주정차 금지구역,2025-01-16,주행형CCTV,2025-01-17,2026-01-02
주정차 금지구역,2025-01-16,주행형CCTV,2025-03-04,2026-01-02
주정차 금지구역,2025-01-16,주행형CCTV,2025-01-17,2026-01-02
주정차 금지구역,2025-01-16,주행형CCTV,2025-03-04,2026-01-02
주정차 금지구역,2025-01-16,주행형CCTV,2025-01-17,2026-01-02
주정차 금지구역,2025-01-16,주행형CCTV,2025-01-17,2026-01-02
주정차 금지구역,2025-01-16,주행형CCTV,2025-01-17,2026-01-02
주정차 금지구역,2025-01-16,주행형CCTV,2025-03-04,2026-01-02
주정차 금지구역,2025-01-16,주행형CCTV,2025-11-21,2026-01-02
주정차 금지구역,2025-01-16,주행형CCTV,2025-03-04,2026-01-02
주정차 금지구역,2025-01-16,주행형CCTV,2025-01-17,2026-01-02
주정차 금지구역,2025-01-16,주행형CCTV,2025-11-21,2026-01-02
주정차 금지구역,2025-01-16,주행형CCTV,2025-03-04,2026-01-02
주정차 금지구역,2025-01-16,주행형CCTV,2025-01-17,2026-01-02
주정차 금지구역,2025-01-16,주행형CCTV,2025-01-17,2026-01-02
주정차 금지구역,2025-01-16,주행형CCTV,2025-03-04,2026-01-02
주정차 금지구역,2025-01-16,주행형CCTV,2025-03-04,2026-01-02
주정차 금지구역,2025-01-16,주행형CCTV,2025-03-04,2026-01-02
주정차 금지구역,2025-01-16,주행형CCTV,2025-01-17,2026-01-02
주정차 금지구역,2025-01-16,주행형CCTV,2025-03-04,2026-01-02
주정차 금지구역,2025-01-16,주행형CCTV,2025-01-17,2026-01-02
주정차 금지구역,2025-01-16,주행형CCTV,2025-01-17,2026-01-02
주정차 금지구역,2025-01-16,주행형CCTV,2025-03-04,2026-01-02
주정차 금지구역,2025-01-16,주행형CCTV,2025-01-17,2026-01-02
주정차 금지구역,2025-01-16,주행형CCTV,2025-01-17,2026-01-02
주정차 금지구역,2025-01-16,주행형CCTV,2025-03-04,2026-01-02
주정차 금지구역,2025-01-16,주행형CCTV,2025-03-04,2026-01-02
주정차 금지구역,2025-01-16,주행형CCTV,2025-01-17,2026-01-02
주정차 금지구역,2025-01-16,주행형CCTV,2025-01-17,2026-01-02
주정차 금지구역,2025-01-16,주행형CCTV,2025-01-17,2026-01-02
주정차 금지구역,2025-01-16,주행형CCTV,2025-03-04,2026-01-02
소방시설 주변,2025-01-16,주행형CCTV,2025-03-04,2026-01-02
주정차 금지구역,2025-01-16,주행형CCTV,2025-03-04,2026-01-02
주정차 금지구역,2025-01-16,주행형CCTV,2025-03-04,2026-01-02
주정차 금지구역,2025-01-16,주행형CCTV,2025-03-04,2026-01-02
주정차 금지구역,2025-01-16,주행형CCTV,2025-01-17,2026-01-02
주정차 금지구역,2025-01-16,주행형CCTV,2025-01-17,2026-01-02
주정차 금지구역,2025-01-16,주행형CCTV,2025-03-04,2026-01-02
주정차 금지구역,2025-01-16,주행형CCTV,2025-01-17,2026-01-02
주정차 금지구역,2025-01-16,주행형CCTV,2025-03-04,2026-01-02
주정차 금지구역,2025-01-16,주행형CCTV,2025-01-17,2026-01-02
주정차 금지구역,2025-01-16,주행형CCTV,2025-01-17,2026-01-02
주정차 금지구역,2025-01-16,주행형CCTV,2025-03-04,2026-01-02
주정차 금지구역,2025-01-16,주행형CCTV,2025-01-17,2026-01-02
주정차 금지구역,2025-01-16,주행형CCTV,2025-01-17,2026-01-02
주정차 금지구역,2025-01-16,주행형CCTV,2025-01-17,2026-01-02
주정차 금지구역,2025-01-16,주행형CCTV,2025-01-17,2026-01-02
주정차 금지구역,2025-01-16,주행형CCTV,2025-01-17,2026-01-02
주정차 금지구역,2025-01-16,주행형CCTV,2025-01-17,2026-01-02
주정차 금지구역,2025-01-16,주행형CCTV,2025-01-17,2026-01-02
주정차 금지구역,2025-01-16,주행형CCTV,2025-01-17,2026-01-02
주정차 금지구역,2025-01-16,주행형CCTV,2025-03-04,2026-01-02
주정차 금지구역,2025-01-16,주행형CCTV,2025-01-17,2026-01-02
주정차 금지구역,2025-01-16,주행형CCTV,2025-01-17,2026-01-02
주정차 금지구역,2025-01-16,주행형CCTV,2025-01-17,2026-01-02
주정차 금지구역,2025-01-16,주행형CCTV,2025-01-17,2026-01-02
주정차 금지구역,2025-01-16,주행형CCTV,2025-03-04,2026-01-02
주정차 금지구역,2025-01-16,주행형CCTV,2025-01-17,2026-01-02
주정차 금지구역,2025-01-16,주행형CCTV,2025-01-17,2026-01-02
주정차 금지구역,2025-01-16,주행형CCTV,2025-01-17,2026-01-02
주정차 금지구역,2025-01-16,주행형CCTV,2025-01-17,2026-01-02
주정차 금지구역,2025-01-16,주행형CCTV,2025-01-17,2026-01-02
주정차 금지구역,2025-01-16,주행형CCTV,2025-01-17,2026-01-02
주정차 금지구역,2025-01-16,주행형CCTV,2025-01-17,2026-01-02
주정차 금지구역,2025-01-16,주행형CCTV,2025-01-17,2026-01-02
주정차 금지구역,2025-01-16,주행형CCTV,2025-01-17,2026-01-02
주정차 금지구역,2025-01-16,주행형CCTV,2025-01-17,2026-01-02
주정차 금지구역,2025-01-16,주행형CCTV,2025-01-17,2026-01-02
주정차 금지구역,2025-01-16,주행형CCTV,2025-01-17,2026-01-02
주정차 금지구역,2025-01-16,주행형CCTV,2025-01-17,2026-01-02
주정차 금지구역,2025-01-16,주행형CCTV,2025-01-17,2026-01-02
주정차 금지구역,2025-01-16,주행형CCTV,2025-03-04,2026-01-02
주정차 금지구역,2025-01-16,주행형CCTV,2025-01-17,2026-01-02
주정차 금지구역,2025-01-16,주행형CCTV,2025-03-04,2026-01-02
주정차 금지구역,2025-01-16,주행형CCTV,2025-01-17,2026-01-02
주정차 금지구역,2025-01-16,주행형CCTV,2025-03-04,2026-01-02
주정차 금지구역,2025-01-16,주행형CCTV,2025-03-04,2026-01-02
주정차 금지구역,2025-01-16,주행형CCTV,2025-03-04,2026-01-02
주정차 금지구역,2025-01-16,주행형CCTV,2025-01-17,2026-01-02
주정차 금지구역,2025-01-16,주행형CCTV,2025-01-17,2026-01-02
주정차 금지구역,2025-01-16,주행형CCTV,2025-01-17,2026-01-02
주정차 금지구역,2025-01-16,주행형CCTV,2025-03-04,2026-01-02
주정차 금지구역,2025-01-16,주행형CCTV,2025-03-04,2026-01-02
주정차 금지구역,2025-01-16,주행형CCTV,2025-03-04,2026-01-02
주정차 금지구역,2025-01-16,주행형CCTV,2025-03-04,2026-01-02
주정차 금지구역,2025-01-16,주행형CCTV,2025-03-04,2026-01-02
주정차 금지구역,2025-01-16,주행형CCTV,2025-03-04,2026-01-02
주정차 금지구역,2025-01-16,주행형CCTV,2025-03-04,2026-01-02
주정차 금지구역,2025-01-16,주행형CCTV,2025-03-04,2026-01-02
주정차 금지구역,2025-01-16,주행형CCTV,2025-03-04,2026-01-02
주정차 금지구역,2025-01-16,주행형CCTV,2025-01-17,2026-01-02
주정차 금지구역,2025-01-16,주행형CCTV,2025-01-17,2026-01-02
주정차 금지구역,2025-01-16,주행형CCTV,2025-03-04,2026-01-02
주정차 금지구역,2025-01-16,주행형CCTV,2025-03-04,2026-01-02
주정차 금지구역,2025-01-16,주행형CCTV,2025-03-04,2026-01-02
주정차 금지구역,2025-01-16,주행형CCTV,2025-03-04,2026-01-02
주정차 금지구역,2025-01-16,주행형CCTV,2025-01-17,2026-01-02
주정차 금지구역,2025-01-16,주행형CCTV,2025-01-17,2026-01-02
주정차 금지구역,2025-01-16,주행형CCTV,2025-01-17,2026-01-02
주정차 금지구역,2025-01-16,주행형CCTV,2025-03-04,2026-01-02
주정차 금지구역,2025-01-16,주행형CCTV,2025-01-17,2026-01-02
주정차 금지구역,2025-01-16,주행형CCTV,2025-01-17,2026-01-02
주정차 금지구역,2025-01-16,주행형CCTV,2025-03-04,2026-01-02
주정차 금지구역,2025-01-16,주행형CCTV,2025-01-17,2026-01-02
주정차 금지구역,2025-01-16,주행형CCTV,2025-03-04,2026-01-02
주정차 금지구역,2025-01-16,주행형CCTV,2025-03-04,2026-01-02
주정차 금지구역,2025-01-16,주행형CCTV,2025-03-04,2026-01-02
주정차 금지구역,2025-01-16,주행형CCTV,2025-11-21,2026-01-02
주정차 금지구역,2025-01-16,주행형CCTV,2025-01-17,2026-01-02
주정차 금지구역,2025-01-16,주행형CCTV,2025-03-04,2026-01-02
주정차 금지구역,2025-01-16,주행형CCTV,2025-03-04,2026-01-02
주정차 금지구역,2025-01-16,주행형CCTV,2025-11-21,2026-01-02
주정차 금지구역,2025-01-16,주행형CCTV,2025-03-04,2026-01-02
주정차 금지구역,2025-01-16,주행형CCTV,2025-03-04,2026-01-02
주정차 금지구역,2025-01-16,주행형CCTV,2025-01-17,2026-01-02
주정차 금지구역,2025-01-16,주행형CCTV,2025-01-17,2026-01-02
주정차 금지구역,2025-01-16,주행형CCTV,2025-01-17,2026-01-02
주정차 금지구역,2025-01-16,주행형CCTV,2025-01-17,2026-01-02
주정차 금지구역,2025-01-16,주행형CCTV,2025-01-17,2026-01-02
주정차 금지구역,2025-01-16,주행형CCTV,2025-11-21,2026-01-02
주정차 금지구역,2025-01-16,주행형CCTV,2025-03-04,2026-01-02
주정차 금지구역,2025-01-16,주행형CCTV,2025-01-17,2026-01-02
주정차 금지구역,2025-01-16,주행형CCTV,2025-01-17,2026-01-02
주정차 금지구역,2025-01-16,주행형CCTV,2025-03-04,2026-01-02
주정차 금지구역,2025-01-16,주행형CCTV,2025-01-17,2026-01-02
주정차 금지구역,2025-01-16,주행형CCTV,2025-01-17,2026-01-02
주정차 금지구역,2025-01-16,주행형CCTV,2025-03-04,2026-01-02
주정차 금지구역,2025-01-16,주행형CCTV,2025-03-04,2026-01-02
횡단보도,2025-01-13,안전신문고,2025-01-20,2026-01-02
도로모퉁이,2025-01-14,안전신문고,2025-01-22,2026-01-02
횡단보도,2025-01-14,안전신문고,2025-01-22,2026-01-02
소방시설 주변,2025-01-13,안전신문고,2025-01-20,2026-01-02
소방시설 주변,2025-01-13,안전신문고,2025-01-20,2026-01-02
주정차 금지구역,2025-01-14,안전신문고,2025-01-22,2026-01-02
보도(인도)위,2025-01-11,안전신문고,2025-11-21,2026-01-02
이중주차 및 대각.직각주차,2025-01-14,안전신문고,2025-01-22,2026-01-02
소방시설 주변,2025-01-11,안전신문고,2025-01-20,2026-01-02
소방시설 주변,2025-01-12,안전신문고,2025-01-20,2026-01-02
도로모퉁이,2025-01-10,안전신문고,2025-01-17,2026-01-02
도로모퉁이,2025-01-14,안전신문고,2025-03-04,2026-01-02
보도(인도)위,2025-01-12,안전신문고,2025-01-20,2026-01-02
소방시설 주변,2025-01-11,안전신문고,2025-01-20,2026-01-02
횡단보도,2025-01-11,안전신문고,2025-01-20,2026-01-02
보도(인도)위,2025-01-13,안전신문고,2025-03-04,2026-01-02
주정차 금지구역,2025-01-10,주행형CCTV,2025-03-04,2026-01-02
횡단보도,2025-01-07,안전신문고,2025-03-04,2026-01-02
보도(인도)위,2025-01-13,안전신문고,2025-03-04,2026-01-02
주정차 금지구역,2025-01-14,안전신문고,2025-01-22,2026-01-02
횡단보도,2025-01-14,안전신문고,2025-01-22,2026-01-02
보도(인도)위,2025-01-12,안전신문고,2025-01-20,2026-01-02
보도(인도)위,2025-01-11,안전신문고,2025-03-04,2026-01-02
주정차 금지구역,2025-01-13,안전신문고,2025-01-20,2026-01-02
횡단보도,2025-01-14,안전신문고,2025-01-22,2026-01-02
도로모퉁이,2025-01-11,안전신문고,2025-01-20,2026-01-02
도로모퉁이,2025-01-13,안전신문고,2025-01-20,2026-01-02
버스정류장 주변,2025-01-12,안전신문고,2025-01-20,2026-01-02
횡단보도,2025-01-14,안전신문고,2025-01-22,2026-01-02
횡단보도,2025-01-14,안전신문고,2025-01-22,2026-01-02
도로모퉁이,2025-01-14,안전신문고,2025-11-21,2026-01-02
소방시설 주변,2025-01-14,안전신문고,2025-01-22,2026-01-02
횡단보도,2025-01-14,안전신문고,2025-01-22,2026-01-02
횡단보도,2025-01-14,안전신문고,2025-03-04,2026-01-02
횡단보도,2025-01-14,안전신문고,2025-01-22,2026-01-02
보도(인도)위,2025-01-14,안전신문고,2025-03-04,2026-01-02
횡단보도,2025-01-14,안전신문고,2025-01-22,2026-01-02
소방시설 주변,2025-01-14,안전신문고,2025-01-22,2026-01-02
버스정류장 주변,2025-01-14,안전신문고,2025-03-04,2026-01-02
보도(인도)위,2025-01-14,안전신문고,2025-01-22,2026-01-02
도로모퉁이,2025-01-14,안전신문고,2025-01-22,2026-01-02
도로모퉁이,2025-01-14,안전신문고,2025-03-04,2026-01-02
도로모퉁이,2025-01-14,안전신문고,2025-01-22,2026-01-02
소방시설 주변,2025-01-14,안전신문고,2025-01-22,2026-01-02
보도(인도)위,2025-01-14,안전신문고,2025-01-22,2026-01-02
횡단보도,2025-01-14,안전신문고,2025-03-04,2026-01-02
횡단보도,2025-01-14,안전신문고,2025-03-04,2026-01-02
횡단보도,2025-01-14,안전신문고,2025-01-22,2026-01-02
도로모퉁이,2025-01-14,안전신문고,2025-01-22,2026-01-02
횡단보도,2025-01-14,안전신문고,2025-03-04,2026-01-02
도로모퉁이,2025-01-11,안전신문고,2025-01-20,2026-01-02
보도(인도)위,2025-01-11,안전신문고,2025-03-04,2026-01-02
횡단보도,2025-01-12,안전신문고,2025-01-20,2026-01-02
보도(인도)위,2025-01-12,안전신문고,2025-01-20,2026-01-02
보도(인도)위,2025-01-11,안전신문고,2025-01-20,2026-01-02
도로모퉁이,2025-01-12,안전신문고,2025-01-20,2026-01-02
보도(인도)위,2025-01-12,안전신문고,2025-03-04,2026-01-02
보도(인도)위,2025-01-12,안전신문고,2025-03-04,2026-01-02
보도(인도)위,2025-01-12,안전신문고,2025-01-20,2026-01-02
소방시설 주변,2025-01-13,안전신문고,2025-01-20,2026-01-02
소방시설 주변,2025-01-13,안전신문고,2025-03-04,2026-01-02
보도(인도)위,2025-01-13,안전신문고,2025-11-21,2026-01-02
보도(인도)위,2025-01-13,안전신문고,2025-11-21,2026-01-02
보도(인도)위,2025-01-13,안전신문고,2025-01-20,2026-01-02
보도(인도)위,2025-01-13,안전신문고,2025-01-20,2026-01-02
횡단보도,2025-01-13,안전신문고,2025-01-20,2026-01-02
보도(인도)위,2025-01-13,안전신문고,2025-03-04,2026-01-02
소방시설 주변,2025-01-13,안전신문고,2025-03-04,2026-01-02
도로모퉁이,2025-01-13,안전신문고,2025-03-04,2026-01-02
도로모퉁이,2025-01-13,안전신문고,2025-03-04,2026-01-02
보도(인도)위,2025-01-16,안전신문고,2025-01-31,2026-01-02
도로모퉁이,2025-01-13,안전신문고,2025-01-20,2026-01-02
횡단보도,2025-01-16,안전신문고,2025-03-04,2026-01-02
보도(인도)위,2025-01-13,안전신문고,2025-01-20,2026-01-02
횡단보도,2025-01-16,안전신문고,2025-01-31,2026-01-02
보도(인도)위,2025-01-16,안전신문고,2025-03-04,2026-01-02
도로모퉁이,2025-01-13,안전신문고,2025-01-20,2026-01-02
보도(인도)위,2025-01-16,안전신문고,2025-01-31,2026-01-02
교차로,2025-01-13,안전신문고,2025-03-04,2026-01-02
보도(인도)위,2025-01-13,안전신문고,2025-01-20,2026-01-02
횡단보도,2025-01-16,안전신문고,2025-01-31,2026-01-02
횡단보도,2025-01-16,안전신문고,2025-03-04,2026-01-02
횡단보도,2025-01-16,안전신문고,2025-01-31,2026-01-02
횡단보도,2025-01-16,안전신문고,2025-01-31,2026-01-02
보도(인도)위,2025-01-16,안전신문고,2025-01-31,2026-01-02
횡단보도,2025-01-13,안전신문고,2025-03-04,2026-01-02
보도(인도)위,2025-01-13,안전신문고,2025-01-20,2026-01-02
횡단보도,2025-01-16,안전신문고,2025-01-31,2026-01-02
횡단보도,2025-01-13,안전신문고,2025-01-20,2026-01-02
도로모퉁이,2025-01-13,안전신문고,2025-01-20,2026-01-02
횡단보도,2025-01-16,안전신문고,2025-03-04,2026-01-02
도로모퉁이,2025-01-13,안전신문고,2025-01-20,2026-01-02
보도(인도)위,2025-01-16,안전신문고,2025-01-31,2026-01-02
보도(인도)위,2025-01-16,안전신문고,2025-01-31,2026-01-02
도로모퉁이,2025-01-16,안전신문고,2025-01-31,2026-01-02
도로모퉁이,2025-01-11,안전신문고,2025-01-20,2026-01-02
도로모퉁이,2025-01-11,안전신문고,2025-03-04,2026-01-02
보도(인도)위,2025-01-12,안전신문고,2025-03-04,2026-01-02
소방시설 주변,2025-01-11,안전신문고,2025-01-20,2026-01-02
횡단보도,2025-01-13,안전신문고,2025-01-20,2026-01-02
보도(인도)위,2025-01-12,안전신문고,2025-01-20,2026-01-02
보도(인도)위,2025-01-12,안전신문고,2025-03-04,2026-01-02
보도(인도)위,2025-01-12,안전신문고,2025-01-20,2026-01-02
보도(인도)위,2025-01-12,안전신문고,2025-03-04,2026-01-02
보도(인도)위,2025-01-13,안전신문고,2025-03-04,2026-01-02
보도(인도)위,2025-01-12,안전신문고,2025-01-20,2026-01-02
보도(인도)위,2025-01-12,안전신문고,2025-01-20,2026-01-02
보도(인도)위,2025-01-13,안전신문고,2025-03-04,2026-01-02
횡단보도,2025-01-14,안전신문고,2025-01-22,2026-01-02
도로모퉁이,2025-01-16,안전신문고,2025-03-04,2026-01-02
도로모퉁이,2025-01-16,안전신문고,2025-03-04,2026-01-02
소방시설 주변,2025-01-13,안전신문고,2025-01-20,2026-01-02
소방시설 주변,2025-01-16,안전신문고,2025-01-31,2026-01-02
횡단보도,2025-01-13,안전신문고,2025-03-04,2026-01-02
횡단보도,2025-01-13,안전신문고,2025-01-20,2026-01-02
보도(인도)위,2025-01-16,안전신문고,2025-01-31,2026-01-02
횡단보도,2025-01-16,안전신문고,2025-03-04,2026-01-02
보도(인도)위,2025-01-16,안전신문고,2025-11-21,2026-01-02
횡단보도,2025-01-16,안전신문고,2025-01-31,2026-01-02
횡단보도,2025-01-16,안전신문고,2025-01-31,2026-01-02
보도(인도)위,2025-01-16,안전신문고,2025-01-31,2026-01-02
도로모퉁이,2025-01-13,안전신문고,2025-01-20,2026-01-02
보도(인도)위,2025-01-16,안전신문고,2025-03-04,2026-01-02
소방시설 주변,2025-01-16,안전신문고,2025-03-04,2026-01-02
보도(인도)위,2025-01-13,안전신문고,2025-01-20,2026-01-02
도로모퉁이,2025-01-13,안전신문고,2025-01-20,2026-01-02
도로모퉁이,2025-01-12,안전신문고,2025-01-20,2026-01-02
횡단보도,2025-01-16,안전신문고,2025-01-31,2026-01-02
횡단보도,2025-01-13,안전신문고,2025-03-04,2026-01-02
횡단보도,2025-01-16,안전신문고,2025-01-31,2026-01-02
횡단보도,2025-01-16,안전신문고,2025-01-31,2026-01-02
횡단보도,2025-01-13,안전신문고,2025-01-20,2026-01-02
보도(인도)위,2025-01-13,안전신문고,2025-01-20,2026-01-02
보도(인도)위,2025-01-13,안전신문고,2025-01-20,2026-01-02
횡단보도,2025-01-13,안전신문고,2025-01-20,2026-01-02
도로모퉁이,2025-01-13,안전신문고,2025-01-20,2026-01-02
횡단보도,2025-01-16,안전신문고,2025-01-31,2026-01-02
횡단보도,2025-01-16,안전신문고,2025-11-21,2026-01-02
횡단보도,2025-01-16,안전신문고,2025-01-31,2026-01-02
보도(인도)위,2025-01-16,안전신문고,2025-03-04,2026-01-02
보도(인도)위,2025-01-16,안전신문고,2025-01-31,2026-01-02
횡단보도,2025-01-16,안전신문고,2025-03-04,2026-01-02
횡단보도,2025-01-16,안전신문고,2025-03-04,2026-01-02
보도(인도)위,2025-01-16,안전신문고,2025-01-31,2026-01-02
도로모퉁이,2025-01-16,안전신문고,2025-03-04,2026-01-02
도로모퉁이,2025-01-14,안전신문고,2025-03-04,2026-01-02
횡단보도,2025-01-14,안전신문고,2025-11-21,2026-01-02
횡단보도,2025-01-14,안전신문고,2025-01-22,2026-01-02
보도(인도)위,2025-01-16,안전신문고,2025-11-21,2026-01-02
주정차 금지구역,2025-01-19,고정형CCTV,2025-01-20,2026-01-02
주정차 금지구역,2025-01-19,고정형CCTV,2025-01-20,2026-01-02
주정차 금지구역,2025-01-19,고정형CCTV,2025-11-21,2026-01-02
주정차 금지구역,2025-01-19,고정형CCTV,2025-01-20,2026-01-02
주정차 금지구역,2025-01-19,고정형CCTV,2025-01-20,2026-01-02
주정차 금지구역,2025-01-19,고정형CCTV,2025-01-20,2026-01-02
주정차 금지구역,2025-01-19,고정형CCTV,2025-03-04,2026-01-02
주정차 금지구역,2025-01-19,고정형CCTV,2025-01-20,2026-01-02
주정차 금지구역,2025-01-19,고정형CCTV,2025-03-04,2026-01-02
주정차 금지구역,2025-01-19,고정형CCTV,2025-01-20,2026-01-02
주정차 금지구역,2025-01-19,고정형CCTV,2025-03-04,2026-01-02
주정차 금지구역,2025-01-19,고정형CCTV,2025-01-20,2026-01-02
주정차 금지구역,2025-01-19,고정형CCTV,2025-01-20,2026-01-02
주정차 금지구역,2025-01-19,고정형CCTV,2025-01-20,2026-01-02
주정차 금지구역,2025-01-19,고정형CCTV,2025-01-20,2026-01-02
주정차 금지구역,2025-01-19,고정형CCTV,2025-01-20,2026-01-02
주정차 금지구역,2025-01-19,고정형CCTV,2025-03-04,2026-01-02
주정차 금지구역,2025-01-19,고정형CCTV,2025-11-21,2026-01-02
주정차 금지구역,2025-01-19,고정형CCTV,2025-11-21,2026-01-02
주정차 금지구역,2025-01-19,고정형CCTV,2025-03-04,2026-01-02
주정차 금지구역,2025-01-19,고정형CCTV,2025-03-04,2026-01-02
주정차 금지구역,2025-01-19,고정형CCTV,2025-01-20,2026-01-02
주정차 금지구역,2025-01-19,고정형CCTV,2025-01-20,2026-01-02
주정차 금지구역,2025-01-19,고정형CCTV,2025-01-20,2026-01-02
주정차 금지구역,2025-01-19,고정형CCTV,2025-01-20,2026-01-02
주정차 금지구역,2025-01-19,고정형CCTV,2025-01-20,2026-01-02
주정차 금지구역,2025-01-19,고정형CCTV,2025-01-20,2026-01-02
주정차 금지구역,2025-01-19,고정형CCTV,2025-01-20,2026-01-02
주정차 금지구역,2025-01-19,고정형CCTV,2025-01-20,2026-01-02
소방시설 주변,2025-01-19,고정형CCTV,2025-11-21,2026-01-02
주정차 금지구역,2025-01-19,고정형CCTV,2025-11-21,2026-01-02
주정차 금지구역,2025-01-19,고정형CCTV,2025-03-04,2026-01-02
주정차 금지구역,2025-01-19,고정형CCTV,2025-01-20,2026-01-02
주정차 금지구역,2025-01-19,고정형CCTV,2025-01-20,2026-01-02
주정차 금지구역,2025-01-19,고정형CCTV,2025-01-20,2026-01-02
주정차 금지구역,2025-01-19,고정형CCTV,2025-01-20,2026-01-02
주정차 금지구역,2025-01-19,고정형CCTV,2025-01-20,2026-01-02
주정차 금지구역,2025-01-19,고정형CCTV,2025-01-20,2026-01-02
주정차 금지구역,2025-01-19,고정형CCTV,2025-03-04,2026-01-02
주정차 금지구역,2025-01-19,고정형CCTV,2025-01-20,2026-01-02
주정차 금지구역,2025-01-19,고정형CCTV,2025-01-20,2026-01-02
주정차 금지구역,2025-01-19,고정형CCTV,2025-01-20,2026-01-02
주정차 금지구역,2025-01-19,고정형CCTV,2025-01-20,2026-01-02
주정차 금지구역,2025-01-19,고정형CCTV,2025-01-20,2026-01-02
주정차 금지구역,2025-01-19,고정형CCTV,2025-01-20,2026-01-02
주정차 금지구역,2025-01-19,고정형CCTV,2025-01-20,2026-01-02
주정차 금지구역,2025-01-19,고정형CCTV,2025-01-20,2026-01-02
주정차 금지구역,2025-01-19,고정형CCTV,2025-01-20,2026-01-02
주정차 금지구역,2025-01-19,고정형CCTV,2025-01-20,2026-01-02
주정차 금지구역,2025-01-19,고정형CCTV,2025-03-04,2026-01-02
주정차 금지구역,2025-01-19,고정형CCTV,2025-03-04,2026-01-02
주정차 금지구역,2025-01-19,고정형CCTV,2025-01-20,2026-01-02
주정차 금지구역,2025-01-19,고정형CCTV,2025-01-20,2026-01-02
주정차 금지구역,2025-01-19,고정형CCTV,2025-03-04,2026-01-02
주정차 금지구역,2025-01-19,고정형CCTV,2025-01-20,2026-01-02
주정차 금지구역,2025-01-19,고정형CCTV,2025-01-20,2026-01-02
주정차 금지구역,2025-01-19,고정형CCTV,2025-01-20,2026-01-02
주정차 금지구역,2025-01-19,고정형CCTV,2025-01-20,2026-01-02
주정차 금지구역,2025-01-19,고정형CCTV,2025-03-04,2026-01-02
주정차 금지구역,2025-01-19,고정형CCTV,2025-01-20,2026-01-02
주정차 금지구역,2025-01-19,고정형CCTV,2025-03-04,2026-01-02
주정차 금지구역,2025-01-19,고정형CCTV,2025-01-20,2026-01-02
주정차 금지구역,2025-01-19,고정형CCTV,2025-01-20,2026-01-02
주정차 금지구역,2025-01-19,고정형CCTV,2025-01-20,2026-01-02
주정차 금지구역,2025-01-19,고정형CCTV,2025-01-20,2026-01-02
주정차 금지구역,2025-01-19,고정형CCTV,2025-01-20,2026-01-02
주정차 금지구역,2025-01-19,고정형CCTV,2025-01-20,2026-01-02
주정차 금지구역,2025-01-19,고정형CCTV,2025-03-04,2026-01-02
주정차 금지구역,2025-01-19,고정형CCTV,2025-01-20,2026-01-02
주정차 금지구역,2025-01-19,고정형CCTV,2025-01-20,2026-01-02
주정차 금지구역,2025-01-19,고정형CCTV,2025-01-20,2026-01-02
주정차 금지구역,2025-01-19,고정형CCTV,2025-01-20,2026-01-02
주정차 금지구역,2025-01-19,고정형CCTV,2025-01-20,2026-01-02
주정차 금지구역,2025-01-19,고정형CCTV,2025-03-04,2026-01-02
주정차 금지구역,2025-01-19,고정형CCTV,2025-01-20,2026-01-02
주정차 금지구역,2025-01-19,고정형CCTV,2025-01-20,2026-01-02
주정차 금지구역,2025-01-19,고정형CCTV,2025-01-20,2026-01-02
주정차 금지구역,2025-01-19,고정형CCTV,2025-01-20,2026-01-02
주정차 금지구역,2025-01-19,고정형CCTV,2025-03-04,2026-01-02
주정차 금지구역,2025-01-19,고정형CCTV,2025-01-20,2026-01-02
주정차 금지구역,2025-01-19,고정형CCTV,2025-03-04,2026-01-02
주정차 금지구역,2025-01-19,고정형CCTV,2025-01-20,2026-01-02
주정차 금지구역,2025-01-19,고정형CCTV,2025-01-20,2026-01-02
주정차 금지구역,2025-01-19,고정형CCTV,2025-01-20,2026-01-02
주정차 금지구역,2025-01-19,고정형CCTV,2025-01-20,2026-01-02
주정차 금지구역,2025-01-19,고정형CCTV,2025-01-20,2026-01-02
주정차 금지구역,2025-01-19,고정형CCTV,2025-01-20,2026-01-02
주정차 금지구역,2025-01-19,고정형CCTV,2025-01-20,2026-01-02
주정차 금지구역,2025-01-19,고정형CCTV,2025-01-20,2026-01-02
주정차 금지구역,2025-01-19,고정형CCTV,2025-01-20,2026-01-02
주정차 금지구역,2025-01-19,고정형CCTV,2025-01-20,2026-01-02
주정차 금지구역,2025-01-19,고정형CCTV,2025-01-20,2026-01-02
주정차 금지구역,2025-01-19,고정형CCTV,2025-01-20,2026-01-02
주정차 금지구역,2025-01-19,고정형CCTV,2025-01-20,2026-01-02
주정차 금지구역,2025-01-19,고정형CCTV,2025-01-20,2026-01-02
주정차 금지구역,2025-01-19,고정형CCTV,2025-01-20,2026-01-02
주정차 금지구역,2025-01-19,고정형CCTV,2025-03-04,2026-01-02
주정차 금지구역,2025-01-19,고정형CCTV,2025-01-20,2026-01-02
주정차 금지구역,2025-01-19,고정형CCTV,2025-01-20,2026-01-02
주정차 금지구역,2025-01-19,고정형CCTV,2025-03-04,2026-01-02
주정차 금지구역,2025-01-19,고정형CCTV,2025-01-20,2026-01-02
주정차 금지구역,2025-01-19,고정형CCTV,2025-01-20,2026-01-02
주정차 금지구역,2025-01-19,고정형CCTV,2025-01-20,2026-01-02
주정차 금지구역,2025-01-19,고정형CCTV,2025-03-04,2026-01-02
주정차 금지구역,2025-01-19,고정형CCTV,2025-03-04,2026-01-02
주정차 금지구역,2025-01-19,고정형CCTV,2025-03-04,2026-01-02
주정차 금지구역,2025-01-19,고정형CCTV,2025-03-04,2026-01-02
주정차 금지구역,2025-01-19,고정형CCTV,2025-01-20,2026-01-02
주정차 금지구역,2025-01-19,고정형CCTV,2025-01-20,2026-01-02
주정차 금지구역,2025-01-19,고정형CCTV,2025-01-20,2026-01-02
주정차 금지구역,2025-01-19,고정형CCTV,2025-11-21,2026-01-02
주정차 금지구역,2025-01-19,고정형CCTV,2025-01-20,2026-01-02
주정차 금지구역,2025-01-19,고정형CCTV,2025-03-04,2026-01-02
주정차 금지구역,2025-01-19,고정형CCTV,2025-03-04,2026-01-02
주정차 금지구역,2025-01-19,고정형CCTV,2025-01-20,2026-01-02
주정차 금지구역,2025-01-19,고정형CCTV,2025-01-20,2026-01-02
주정차 금지구역,2025-01-19,고정형CCTV,2025-01-20,2026-01-02
주정차 금지구역,2025-01-19,고정형CCTV,2025-01-20,2026-01-02
주정차 금지구역,2025-01-19,고정형CCTV,2025-01-20,2026-01-02
주정차 금지구역,2025-01-19,고정형CCTV,2025-01-20,2026-01-02
주정차 금지구역,2025-01-19,고정형CCTV,2025-01-20,2026-01-02
주정차 금지구역,2025-01-19,고정형CCTV,2025-01-20,2026-01-02
주정차 금지구역,2025-01-19,고정형CCTV,2025-03-04,2026-01-02
주정차 금지구역,2025-01-19,고정형CCTV,2025-03-04,2026-01-02
주정차 금지구역,2025-01-19,고정형CCTV,2025-11-21,2026-01-02
주정차 금지구역,2025-01-19,고정형CCTV,2025-03-04,2026-01-02
주정차 금지구역,2025-01-19,고정형CCTV,2025-01-20,2026-01-02
주정차 금지구역,2025-01-19,고정형CCTV,2025-01-20,2026-01-02
주정차 금지구역,2025-01-19,고정형CCTV,2025-11-21,2026-01-02
주정차 금지구역,2025-01-19,고정형CCTV,2025-01-20,2026-01-02
주정차 금지구역,2025-01-19,고정형CCTV,2025-01-20,2026-01-02
주정차 금지구역,2025-01-19,고정형CCTV,2025-01-20,2026-01-02
주정차 금지구역,2025-01-19,고정형CCTV,2025-03-04,2026-01-02
주정차 금지구역,2025-01-19,고정형CCTV,2025-11-21,2026-01-02
주정차 금지구역,2025-01-19,고정형CCTV,2025-03-04,2026-01-02
주정차 금지구역,2025-01-19,고정형CCTV,2025-01-20,2026-01-02
주정차 금지구역,2025-01-19,고정형CCTV,2025-01-20,2026-01-02
주정차 금지구역,2025-01-19,고정형CCTV,2025-01-20,2026-01-02
주정차 금지구역,2025-01-19,고정형CCTV,2025-01-20,2026-01-02
주정차 금지구역,2025-01-19,고정형CCTV,2025-01-20,2026-01-02
주정차 금지구역,2025-01-19,고정형CCTV,2025-11-21,2026-01-02
주정차 금지구역,2025-01-19,고정형CCTV,2025-01-20,2026-01-02
주정차 금지구역,2025-01-19,고정형CCTV,2025-11-21,2026-01-02
주정차 금지구역,2025-01-19,고정형CCTV,2025-03-04,2026-01-02
주정차 금지구역,2025-01-19,고정형CCTV,2025-03-04,2026-01-02
주정차 금지구역,2025-01-19,고정형CCTV,2025-01-20,2026-01-02
주정차 금지구역,2025-01-19,고정형CCTV,2025-01-20,2026-01-02
주정차 금지구역,2025-01-19,고정형CCTV,2025-01-20,2026-01-02
주정차 금지구역,2025-01-19,고정형CCTV,2025-01-20,2026-01-02
주정차 금지구역,2025-01-19,고정형CCTV,2025-03-04,2026-01-02
주정차 금지구역,2025-01-19,고정형CCTV,2025-01-20,2026-01-02
주정차 금지구역,2025-01-19,고정형CCTV,2025-01-20,2026-01-02
주정차 금지구역,2025-01-19,고정형CCTV,2025-01-20,2026-01-02
주정차 금지구역,2025-01-19,고정형CCTV,2025-01-20,2026-01-02
주정차 금지구역,2025-01-19,고정형CCTV,2025-01-20,2026-01-02
주정차 금지구역,2025-01-19,고정형CCTV,2025-01-20,2026-01-02
주정차 금지구역,2025-01-19,고정형CCTV,2025-03-04,2026-01-02
주정차 금지구역,2025-01-19,고정형CCTV,2025-03-04,2026-01-02
주정차 금지구역,2025-01-19,고정형CCTV,2025-01-20,2026-01-02
주정차 금지구역,2025-01-19,고정형CCTV,2025-01-20,2026-01-02
주정차 금지구역,2025-01-19,고정형CCTV,2025-01-20,2026-01-02
주정차 금지구역,2025-01-19,고정형CCTV,2025-01-20,2026-01-02
주정차 금지구역,2025-01-19,고정형CCTV,2025-01-20,2026-01-02
주정차 금지구역,2025-01-19,고정형CCTV,2025-01-20,2026-01-02
주정차 금지구역,2025-01-19,고정형CCTV,2025-01-20,2026-01-02
주정차 금지구역,2025-01-19,고정형CCTV,2025-01-20,2026-01-02
주정차 금지구역,2025-01-19,고정형CCTV,2025-03-04,2026-01-02
주정차 금지구역,2025-01-19,고정형CCTV,2025-03-04,2026-01-02
주정차 금지구역,2025-01-19,고정형CCTV,2025-03-04,2026-01-02
주정차 금지구역,2025-01-19,고정형CCTV,2025-01-20,2026-01-02
주정차 금지구역,2025-01-19,고정형CCTV,2025-01-20,2026-01-02
주정차 금지구역,2025-01-19,고정형CCTV,2025-01-20,2026-01-02
주정차 금지구역,2025-01-19,고정형CCTV,2025-01-20,2026-01-02
주정차 금지구역,2025-01-19,고정형CCTV,2025-01-20,2026-01-02
주정차 금지구역,2025-01-19,고정형CCTV,2025-03-04,2026-01-02
주정차 금지구역,2025-01-19,고정형CCTV,2025-01-20,2026-01-02
주정차 금지구역,2025-01-19,고정형CCTV,2025-01-20,2026-01-02
주정차 금지구역,2025-01-19,고정형CCTV,2025-01-20,2026-01-02
주정차 금지구역,2025-01-19,고정형CCTV,2025-11-21,2026-01-02
주정차 금지구역,2025-01-17,버스장착형CCTV,2025-03-04,2026-01-02
주정차 금지구역,2025-01-17,버스장착형CCTV,2025-01-20,2026-01-02
주정차 금지구역,2025-01-17,버스장착형CCTV,2025-01-20,2026-01-02
주정차 금지구역,2025-01-17,고정형CCTV,2025-01-20,2026-01-02
주정차 금지구역,2025-01-17,고정형CCTV,2025-01-20,2026-01-02
주정차 금지구역,2025-01-17,고정형CCTV,2025-01-20,2026-01-02
주정차 금지구역,2025-01-17,고정형CCTV,2025-01-20,2026-01-02
주정차 금지구역,2025-01-17,고정형CCTV,2025-01-20,2026-01-02
주정차 금지구역,2025-01-17,고정형CCTV,2025-01-20,2026-01-02
주정차 금지구역,2025-01-17,고정형CCTV,2025-01-20,2026-01-02
주정차 금지구역,2025-01-17,고정형CCTV,2025-01-20,2026-01-02
주정차 금지구역,2025-01-17,고정형CCTV,2025-11-21,2026-01-02
주정차 금지구역,2025-01-17,고정형CCTV,2025-01-20,2026-01-02
주정차 금지구역,2025-01-17,고정형CCTV,2025-01-20,2026-01-02
주정차 금지구역,2025-01-17,고정형CCTV,2025-03-04,2026-01-02
주정차 금지구역,2025-01-17,고정형CCTV,2025-01-20,2026-01-02
주정차 금지구역,2025-01-17,고정형CCTV,2025-01-20,2026-01-02
주정차 금지구역,2025-01-17,고정형CCTV,2025-03-04,2026-01-02
주정차 금지구역,2025-01-17,고정형CCTV,2025-01-20,2026-01-02
주정차 금지구역,2025-01-17,고정형CCTV,2025-01-20,2026-01-02
주정차 금지구역,2025-01-17,고정형CCTV,2025-01-20,2026-01-02
주정차 금지구역,2025-01-17,고정형CCTV,2025-01-20,2026-01-02
주정차 금지구역,2025-01-17,고정형CCTV,2025-01-20,2026-01-02
주정차 금지구역,2025-01-17,고정형CCTV,2025-11-21,2026-01-02
주정차 금지구역,2025-01-17,고정형CCTV,2025-03-04,2026-01-02
주정차 금지구역,2025-01-17,고정형CCTV,2025-11-21,2026-01-02
주정차 금지구역,2025-01-17,고정형CCTV,2025-01-20,2026-01-02
주정차 금지구역,2025-01-17,고정형CCTV,2025-11-21,2026-01-02
주정차 금지구역,2025-01-17,고정형CCTV,2025-01-20,2026-01-02
주정차 금지구역,2025-01-17,고정형CCTV,2025-03-04,2026-01-02
주정차 금지구역,2025-01-17,고정형CCTV,2025-01-20,2026-01-02
주정차 금지구역,2025-01-17,고정형CCTV,2025-03-04,2026-01-02
주정차 금지구역,2025-01-17,고정형CCTV,2025-03-04,2026-01-02
주정차 금지구역,2025-01-17,고정형CCTV,2025-01-20,2026-01-02
주정차 금지구역,2025-01-17,고정형CCTV,2025-11-21,2026-01-02
주정차 금지구역,2025-01-17,고정형CCTV,2025-01-20,2026-01-02
주정차 금지구역,2025-01-17,고정형CCTV,2025-03-04,2026-01-02
주정차 금지구역,2025-01-17,고정형CCTV,2025-03-04,2026-01-02
주정차 금지구역,2025-01-17,고정형CCTV,2025-01-20,2026-01-02
주정차 금지구역,2025-01-17,고정형CCTV,2025-01-20,2026-01-02
주정차 금지구역,2025-01-17,고정형CCTV,2025-03-04,2026-01-02
주정차 금지구역,2025-01-17,고정형CCTV,2025-03-04,2026-01-02
주정차 금지구역,2025-01-17,고정형CCTV,2025-01-20,2026-01-02
주정차 금지구역,2025-01-17,고정형CCTV,2025-03-04,2026-01-02
주정차 금지구역,2025-01-17,고정형CCTV,2025-01-20,2026-01-02
주정차 금지구역,2025-01-17,고정형CCTV,2025-03-04,2026-01-02
주정차 금지구역,2025-01-17,고정형CCTV,2025-03-04,2026-01-02
주정차 금지구역,2025-01-17,고정형CCTV,2025-01-20,2026-01-02
주정차 금지구역,2025-01-17,고정형CCTV,2025-03-04,2026-01-02
주정차 금지구역,2025-01-17,고정형CCTV,2025-01-20,2026-01-02
주정차 금지구역,2025-01-17,고정형CCTV,2025-03-04,2026-01-02
주정차 금지구역,2025-01-17,고정형CCTV,2025-01-20,2026-01-02
주정차 금지구역,2025-01-17,고정형CCTV,2025-11-21,2026-01-02
주정차 금지구역,2025-01-17,고정형CCTV,2025-01-20,2026-01-02
주정차 금지구역,2025-01-17,고정형CCTV,2025-01-20,2026-01-02
주정차 금지구역,2025-01-17,고정형CCTV,2025-03-04,2026-01-02
주정차 금지구역,2025-01-17,고정형CCTV,2025-01-20,2026-01-02
주정차 금지구역,2025-01-17,고정형CCTV,2025-01-20,2026-01-02
주정차 금지구역,2025-01-17,고정형CCTV,2025-11-21,2026-01-02
주정차 금지구역,2025-01-17,고정형CCTV,2025-01-20,2026-01-02
주정차 금지구역,2025-01-17,고정형CCTV,2025-03-04,2026-01-02
주정차 금지구역,2025-01-17,고정형CCTV,2025-03-04,2026-01-02
주정차 금지구역,2025-01-17,고정형CCTV,2025-03-04,2026-01-02
주정차 금지구역,2025-01-17,고정형CCTV,2025-03-04,2026-01-02
주정차 금지구역,2025-01-17,고정형CCTV,2025-01-20,2026-01-02
주정차 금지구역,2025-01-17,고정형CCTV,2025-03-04,2026-01-02
주정차 금지구역,2025-01-17,고정형CCTV,2025-01-20,2026-01-02
주정차 금지구역,2025-01-17,고정형CCTV,2025-01-20,2026-01-02
주정차 금지구역,2025-01-17,고정형CCTV,2025-03-04,2026-01-02
주정차 금지구역,2025-01-17,고정형CCTV,2025-03-04,2026-01-02
주정차 금지구역,2025-01-17,고정형CCTV,2025-01-20,2026-01-02
주정차 금지구역,2025-01-17,고정형CCTV,2025-01-20,2026-01-02
주정차 금지구역,2025-01-17,고정형CCTV,2025-01-20,2026-01-02
주정차 금지구역,2025-01-17,고정형CCTV,2025-03-04,2026-01-02
주정차 금지구역,2025-01-17,고정형CCTV,2025-01-20,2026-01-02
주정차 금지구역,2025-01-17,고정형CCTV,2025-03-04,2026-01-02
주정차 금지구역,2025-01-17,고정형CCTV,2025-01-20,2026-01-02
주정차 금지구역,2025-01-17,고정형CCTV,2025-01-20,2026-01-02
주정차 금지구역,2025-01-17,고정형CCTV,2025-01-20,2026-01-02
주정차 금지구역,2025-01-17,고정형CCTV,2025-01-20,2026-01-02
주정차 금지구역,2025-01-17,고정형CCTV,2025-01-20,2026-01-02
주정차 금지구역,2025-01-17,고정형CCTV,2025-01-20,2026-01-02
주정차 금지구역,2025-01-17,고정형CCTV,2025-03-04,2026-01-02
주정차 금지구역,2025-01-17,고정형CCTV,2025-01-20,2026-01-02
주정차 금지구역,2025-01-17,고정형CCTV,2025-03-04,2026-01-02
주정차 금지구역,2025-01-17,고정형CCTV,2025-03-04,2026-01-02
주정차 금지구역,2025-01-17,고정형CCTV,2025-03-04,2026-01-02
주정차 금지구역,2025-01-17,고정형CCTV,2025-01-20,2026-01-02
주정차 금지구역,2025-01-17,고정형CCTV,2025-01-20,2026-01-02
주정차 금지구역,2025-01-17,고정형CCTV,2025-03-04,2026-01-02
주정차 금지구역,2025-01-17,고정형CCTV,2025-01-20,2026-01-02
주정차 금지구역,2025-01-17,고정형CCTV,2025-01-20,2026-01-02
주정차 금지구역,2025-01-17,고정형CCTV,2025-01-20,2026-01-02
주정차 금지구역,2025-01-17,고정형CCTV,2025-03-04,2026-01-02
주정차 금지구역,2025-01-17,고정형CCTV,2025-01-20,2026-01-02
주정차 금지구역,2025-01-17,고정형CCTV,2025-01-20,2026-01-02
주정차 금지구역,2025-01-17,고정형CCTV,2025-01-20,2026-01-02
주정차 금지구역,2025-01-17,고정형CCTV,2025-01-20,2026-01-02
주정차 금지구역,2025-01-17,고정형CCTV,2025-01-20,2026-01-02
주정차 금지구역,2025-01-17,고정형CCTV,2025-03-04,2026-01-02
주정차 금지구역,2025-01-17,고정형CCTV,2025-03-04,2026-01-02
주정차 금지구역,2025-01-17,고정형CCTV,2025-03-04,2026-01-02
주정차 금지구역,2025-01-17,고정형CCTV,2025-01-20,2026-01-02
주정차 금지구역,2025-01-17,고정형CCTV,2025-01-20,2026-01-02
주정차 금지구역,2025-01-17,고정형CCTV,2025-03-04,2026-01-02
주정차 금지구역,2025-01-17,고정형CCTV,2025-01-20,2026-01-02
주정차 금지구역,2025-01-17,고정형CCTV,2025-01-20,2026-01-02
주정차 금지구역,2025-01-17,고정형CCTV,2025-01-20,2026-01-02
주정차 금지구역,2025-01-17,고정형CCTV,2025-03-04,2026-01-02
주정차 금지구역,2025-01-17,고정형CCTV,2025-01-20,2026-01-02
주정차 금지구역,2025-01-17,고정형CCTV,2025-01-20,2026-01-02
주정차 금지구역,2025-01-17,고정형CCTV,2025-01-20,2026-01-02
주정차 금지구역,2025-01-17,고정형CCTV,2025-01-20,2026-01-02
주정차 금지구역,2025-01-17,고정형CCTV,2025-01-20,2026-01-02
주정차 금지구역,2025-01-17,고정형CCTV,2025-01-20,2026-01-02
주정차 금지구역,2025-01-17,고정형CCTV,2025-11-21,2026-01-02
주정차 금지구역,2025-01-17,고정형CCTV,2025-01-20,2026-01-02
주정차 금지구역,2025-01-17,고정형CCTV,2025-03-04,2026-01-02
주정차 금지구역,2025-01-17,고정형CCTV,2025-01-20,2026-01-02
도로모퉁이,2025-01-14,안전신문고,2025-01-22,2026-01-02
보도(인도)위,2025-01-16,안전신문고,2025-03-04,2026-01-02
주정차 금지구역,2025-01-18,고정형CCTV,2025-01-20,2026-01-02
주정차 금지구역,2025-01-18,고정형CCTV,2025-01-20,2026-01-02
주정차 금지구역,2025-01-18,고정형CCTV,2025-03-04,2026-01-02
주정차 금지구역,2025-01-18,고정형CCTV,2025-03-04,2026-01-02
주정차 금지구역,2025-01-18,고정형CCTV,2025-01-20,2026-01-02
주정차 금지구역,2025-01-18,고정형CCTV,2025-01-20,2026-01-02
주정차 금지구역,2025-01-18,고정형CCTV,2025-03-04,2026-01-02
주정차 금지구역,2025-01-18,고정형CCTV,2025-01-20,2026-01-02
주정차 금지구역,2025-01-18,고정형CCTV,2025-01-20,2026-01-02
주정차 금지구역,2025-01-18,고정형CCTV,2025-03-04,2026-01-02
주정차 금지구역,2025-01-18,고정형CCTV,2025-01-20,2026-01-02
주정차 금지구역,2025-01-18,고정형CCTV,2025-03-04,2026-01-02
주정차 금지구역,2025-01-18,고정형CCTV,2025-03-04,2026-01-02
주정차 금지구역,2025-01-18,고정형CCTV,2025-01-20,2026-01-02
주정차 금지구역,2025-01-18,고정형CCTV,2025-01-20,2026-01-02
주정차 금지구역,2025-01-18,고정형CCTV,2025-03-04,2026-01-02
주정차 금지구역,2025-01-18,고정형CCTV,2025-01-20,2026-01-02
주정차 금지구역,2025-01-18,고정형CCTV,2025-11-21,2026-01-02
주정차 금지구역,2025-01-18,고정형CCTV,2025-11-21,2026-01-02
주정차 금지구역,2025-01-18,고정형CCTV,2025-11-21,2026-01-02
주정차 금지구역,2025-01-18,고정형CCTV,2025-11-21,2026-01-02
주정차 금지구역,2025-01-18,고정형CCTV,2025-03-04,2026-01-02
주정차 금지구역,2025-01-18,고정형CCTV,2025-03-04,2026-01-02
주정차 금지구역,2025-01-18,고정형CCTV,2025-01-20,2026-01-02
주정차 금지구역,2025-01-18,고정형CCTV,2025-01-20,2026-01-02
주정차 금지구역,2025-01-18,고정형CCTV,2025-03-04,2026-01-02
주정차 금지구역,2025-01-18,고정형CCTV,2025-01-20,2026-01-02
주정차 금지구역,2025-01-18,고정형CCTV,2025-01-20,2026-01-02
주정차 금지구역,2025-01-18,고정형CCTV,2025-01-20,2026-01-02
주정차 금지구역,2025-01-18,고정형CCTV,2025-01-20,2026-01-02
주정차 금지구역,2025-01-18,고정형CCTV,2025-03-04,2026-01-02
주정차 금지구역,2025-01-18,고정형CCTV,2025-11-21,2026-01-02
주정차 금지구역,2025-01-18,고정형CCTV,2025-03-04,2026-01-02
주정차 금지구역,2025-01-18,고정형CCTV,2025-01-20,2026-01-02
주정차 금지구역,2025-01-18,고정형CCTV,2025-11-21,2026-01-02
주정차 금지구역,2025-01-18,고정형CCTV,2025-01-20,2026-01-02
주정차 금지구역,2025-01-18,고정형CCTV,2025-01-20,2026-01-02
주정차 금지구역,2025-01-18,고정형CCTV,2025-01-20,2026-01-02
주정차 금지구역,2025-01-18,고정형CCTV,2025-01-20,2026-01-02
주정차 금지구역,2025-01-18,고정형CCTV,2025-03-04,2026-01-02
주정차 금지구역,2025-01-18,고정형CCTV,2025-03-04,2026-01-02
주정차 금지구역,2025-01-18,고정형CCTV,2025-01-20,2026-01-02
주정차 금지구역,2025-01-18,고정형CCTV,2025-01-20,2026-01-02
주정차 금지구역,2025-01-18,고정형CCTV,2025-01-20,2026-01-02
주정차 금지구역,2025-01-18,고정형CCTV,2025-01-20,2026-01-02
소방시설 주변,2025-01-18,고정형CCTV,2025-01-20,2026-01-02
주정차 금지구역,2025-01-18,고정형CCTV,2025-01-20,2026-01-02
주정차 금지구역,2025-01-18,고정형CCTV,2025-01-20,2026-01-02
주정차 금지구역,2025-01-18,고정형CCTV,2025-01-20,2026-01-02
주정차 금지구역,2025-01-18,고정형CCTV,2025-01-20,2026-01-02
주정차 금지구역,2025-01-18,고정형CCTV,2025-01-20,2026-01-02
주정차 금지구역,2025-01-18,고정형CCTV,2025-01-20,2026-01-02
주정차 금지구역,2025-01-18,고정형CCTV,2025-01-20,2026-01-02
주정차 금지구역,2025-01-18,고정형CCTV,2025-03-04,2026-01-02
주정차 금지구역,2025-01-18,고정형CCTV,2025-01-20,2026-01-02
주정차 금지구역,2025-01-18,고정형CCTV,2025-03-04,2026-01-02
주정차 금지구역,2025-01-18,고정형CCTV,2025-01-20,2026-01-02
주정차 금지구역,2025-01-18,고정형CCTV,2025-11-21,2026-01-02
주정차 금지구역,2025-01-18,고정형CCTV,2025-01-20,2026-01-02
주정차 금지구역,2025-01-18,고정형CCTV,2025-01-20,2026-01-02
주정차 금지구역,2025-01-18,고정형CCTV,2025-03-04,2026-01-02
주정차 금지구역,2025-01-18,고정형CCTV,2025-01-20,2026-01-02
주정차 금지구역,2025-01-18,고정형CCTV,2025-03-04,2026-01-02
주정차 금지구역,2025-01-18,고정형CCTV,2025-03-04,2026-01-02
주정차 금지구역,2025-01-18,고정형CCTV,2025-01-20,2026-01-02
주정차 금지구역,2025-01-18,고정형CCTV,2025-01-20,2026-01-02
주정차 금지구역,2025-01-18,고정형CCTV,2025-03-04,2026-01-02
주정차 금지구역,2025-01-18,고정형CCTV,2025-01-20,2026-01-02
주정차 금지구역,2025-01-18,고정형CCTV,2025-01-20,2026-01-02
주정차 금지구역,2025-01-18,고정형CCTV,2025-03-04,2026-01-02
주정차 금지구역,2025-01-18,고정형CCTV,2025-01-20,2026-01-02
주정차 금지구역,2025-01-18,고정형CCTV,2025-03-04,2026-01-02
주정차 금지구역,2025-01-18,고정형CCTV,2025-01-20,2026-01-02
주정차 금지구역,2025-01-18,고정형CCTV,2025-01-20,2026-01-02
주정차 금지구역,2025-01-18,고정형CCTV,2025-01-20,2026-01-02
주정차 금지구역,2025-01-18,고정형CCTV,2025-01-20,2026-01-02
주정차 금지구역,2025-01-18,고정형CCTV,2025-03-04,2026-01-02
주정차 금지구역,2025-01-18,고정형CCTV,2025-01-20,2026-01-02
주정차 금지구역,2025-01-18,고정형CCTV,2025-01-20,2026-01-02
주정차 금지구역,2025-01-18,고정형CCTV,2025-01-20,2026-01-02
주정차 금지구역,2025-01-18,고정형CCTV,2025-01-20,2026-01-02
주정차 금지구역,2025-01-18,고정형CCTV,2025-01-20,2026-01-02
주정차 금지구역,2025-01-18,고정형CCTV,2025-01-20,2026-01-02
주정차 금지구역,2025-01-18,고정형CCTV,2025-01-20,2026-01-02
주정차 금지구역,2025-01-18,고정형CCTV,2025-01-20,2026-01-02
주정차 금지구역,2025-01-18,고정형CCTV,2025-03-04,2026-01-02
주정차 금지구역,2025-01-18,고정형CCTV,2025-01-20,2026-01-02
주정차 금지구역,2025-01-18,고정형CCTV,2025-01-20,2026-01-02
주정차 금지구역,2025-01-18,고정형CCTV,2025-01-20,2026-01-02
주정차 금지구역,2025-01-18,고정형CCTV,2025-03-04,2026-01-02
주정차 금지구역,2025-01-18,고정형CCTV,2025-01-20,2026-01-02
주정차 금지구역,2025-01-18,고정형CCTV,2025-01-20,2026-01-02
주정차 금지구역,2025-01-18,고정형CCTV,2025-03-04,2026-01-02
주정차 금지구역,2025-01-18,고정형CCTV,2025-01-20,2026-01-02
주정차 금지구역,2025-01-18,고정형CCTV,2025-01-20,2026-01-02
주정차 금지구역,2025-01-18,고정형CCTV,2025-03-04,2026-01-02
주정차 금지구역,2025-01-18,고정형CCTV,2025-03-04,2026-01-02
주정차 금지구역,2025-01-18,고정형CCTV,2025-03-04,2026-01-02
주정차 금지구역,2025-01-18,고정형CCTV,2025-01-20,2026-01-02
주정차 금지구역,2025-01-18,고정형CCTV,2025-01-20,2026-01-02
주정차 금지구역,2025-01-18,고정형CCTV,2025-03-04,2026-01-02
주정차 금지구역,2025-01-18,고정형CCTV,2025-03-04,2026-01-02
주정차 금지구역,2025-01-18,고정형CCTV,2025-01-20,2026-01-02
주정차 금지구역,2025-01-18,고정형CCTV,2025-01-20,2026-01-02
주정차 금지구역,2025-01-18,고정형CCTV,2025-01-20,2026-01-02
주정차 금지구역,2025-01-18,고정형CCTV,2025-01-20,2026-01-02
주정차 금지구역,2025-01-18,고정형CCTV,2025-01-20,2026-01-02
주정차 금지구역,2025-01-18,고정형CCTV,2025-01-20,2026-01-02
주정차 금지구역,2025-01-18,고정형CCTV,2025-01-20,2026-01-02
주정차 금지구역,2025-01-18,고정형CCTV,2025-01-20,2026-01-02
주정차 금지구역,2025-01-18,고정형CCTV,2025-01-20,2026-01-02
주정차 금지구역,2025-01-18,고정형CCTV,2025-01-20,2026-01-02
주정차 금지구역,2025-01-18,고정형CCTV,2025-01-20,2026-01-02
주정차 금지구역,2025-01-18,고정형CCTV,2025-01-20,2026-01-02
주정차 금지구역,2025-01-18,고정형CCTV,2025-01-20,2026-01-02
주정차 금지구역,2025-01-18,고정형CCTV,2025-03-04,2026-01-02
주정차 금지구역,2025-01-18,고정형CCTV,2025-01-20,2026-01-02
주정차 금지구역,2025-01-18,고정형CCTV,2025-03-04,2026-01-02
주정차 금지구역,2025-01-18,고정형CCTV,2025-01-20,2026-01-02
주정차 금지구역,2025-01-18,고정형CCTV,2025-03-04,2026-01-02
주정차 금지구역,2025-01-18,고정형CCTV,2025-01-20,2026-01-02
주정차 금지구역,2025-01-18,고정형CCTV,2025-01-20,2026-01-02
주정차 금지구역,2025-01-18,고정형CCTV,2025-01-20,2026-01-02
주정차 금지구역,2025-01-18,고정형CCTV,2025-01-20,2026-01-02
주정차 금지구역,2025-01-18,고정형CCTV,2025-03-04,2026-01-02
주정차 금지구역,2025-01-18,고정형CCTV,2025-01-20,2026-01-02
주정차 금지구역,2025-01-18,고정형CCTV,2025-01-20,2026-01-02
주정차 금지구역,2025-01-18,고정형CCTV,2025-01-20,2026-01-02
주정차 금지구역,2025-01-18,고정형CCTV,2025-11-21,2026-01-02
주정차 금지구역,2025-01-18,고정형CCTV,2025-03-04,2026-01-02
주정차 금지구역,2025-01-18,고정형CCTV,2025-01-20,2026-01-02
주정차 금지구역,2025-01-18,고정형CCTV,2025-11-21,2026-01-02
주정차 금지구역,2025-01-18,고정형CCTV,2025-01-20,2026-01-02
주정차 금지구역,2025-01-18,고정형CCTV,2025-01-20,2026-01-02
주정차 금지구역,2025-01-18,고정형CCTV,2025-01-20,2026-01-02
주정차 금지구역,2025-01-18,고정형CCTV,2025-01-20,2026-01-02
주정차 금지구역,2025-01-18,고정형CCTV,2025-01-20,2026-01-02
주정차 금지구역,2025-01-18,고정형CCTV,2025-01-20,2026-01-02
주정차 금지구역,2025-01-18,고정형CCTV,2025-01-20,2026-01-02
주정차 금지구역,2025-01-18,고정형CCTV,2025-03-04,2026-01-02
주정차 금지구역,2025-01-18,고정형CCTV,2025-01-20,2026-01-02
주정차 금지구역,2025-01-18,고정형CCTV,2025-01-20,2026-01-02
주정차 금지구역,2025-01-18,고정형CCTV,2025-01-20,2026-01-02
주정차 금지구역,2025-01-18,고정형CCTV,2025-01-20,2026-01-02
주정차 금지구역,2025-01-18,고정형CCTV,2025-03-04,2026-01-02
주정차 금지구역,2025-01-18,고정형CCTV,2025-01-20,2026-01-02
주정차 금지구역,2025-01-18,고정형CCTV,2025-01-20,2026-01-02
주정차 금지구역,2025-01-18,고정형CCTV,2025-01-20,2026-01-02
주정차 금지구역,2025-01-18,고정형CCTV,2025-03-04,2026-01-02
주정차 금지구역,2025-01-18,고정형CCTV,2025-01-20,2026-01-02
주정차 금지구역,2025-01-18,고정형CCTV,2025-01-20,2026-01-02
주정차 금지구역,2025-01-18,고정형CCTV,2025-03-04,2026-01-02
주정차 금지구역,2025-01-18,고정형CCTV,2025-03-04,2026-01-02
주정차 금지구역,2025-01-18,고정형CCTV,2025-01-20,2026-01-02
주정차 금지구역,2025-01-18,고정형CCTV,2025-01-20,2026-01-02
주정차 금지구역,2025-01-18,고정형CCTV,2025-01-20,2026-01-02
주정차 금지구역,2025-01-18,고정형CCTV,2025-01-20,2026-01-02
주정차 금지구역,2025-01-18,고정형CCTV,2025-01-20,2026-01-02
주정차 금지구역,2025-01-18,고정형CCTV,2025-03-04,2026-01-02
주정차 금지구역,2025-01-18,고정형CCTV,2025-01-20,2026-01-02
보도(인도)위,2025-01-19,안전신문고,2025-11-21,2026-01-02
주정차 금지구역,2025-01-17,주행형CCTV,2025-01-20,2026-01-02
주정차 금지구역,2025-01-17,주행형CCTV,2025-01-20,2026-01-02
주정차 금지구역,2025-01-17,주행형CCTV,2025-03-04,2026-01-02
주정차 금지구역,2025-01-17,주행형CCTV,2025-03-04,2026-01-02
주정차 금지구역,2025-01-17,주행형CCTV,2025-03-04,2026-01-02
주정차 금지구역,2025-01-17,주행형CCTV,2025-01-20,2026-01-02
주정차 금지구역,2025-01-17,주행형CCTV,2025-01-20,2026-01-02
주정차 금지구역,2025-01-17,주행형CCTV,2025-03-04,2026-01-02
주정차 금지구역,2025-01-17,주행형CCTV,2025-01-20,2026-01-02
주정차 금지구역,2025-01-17,주행형CCTV,2025-03-04,2026-01-02
주정차 금지구역,2025-01-17,주행형CCTV,2025-01-20,2026-01-02
주정차 금지구역,2025-01-17,주행형CCTV,2025-03-04,2026-01-02
주정차 금지구역,2025-01-17,주행형CCTV,2025-03-04,2026-01-02
주정차 금지구역,2025-01-17,주행형CCTV,2025-03-04,2026-01-02
주정차 금지구역,2025-01-17,주행형CCTV,2025-01-20,2026-01-02
주정차 금지구역,2025-01-17,주행형CCTV,2025-01-20,2026-01-02
주정차 금지구역,2025-01-17,주행형CCTV,2025-01-20,2026-01-02
주정차 금지구역,2025-01-17,주행형CCTV,2025-11-21,2026-01-02
주정차 금지구역,2025-01-17,주행형CCTV,2025-01-20,2026-01-02
주정차 금지구역,2025-01-17,주행형CCTV,2025-01-20,2026-01-02
주정차 금지구역,2025-01-17,주행형CCTV,2025-03-04,2026-01-02
주정차 금지구역,2025-01-17,주행형CCTV,2025-01-20,2026-01-02
주정차 금지구역,2025-01-17,주행형CCTV,2025-03-04,2026-01-02
주정차 금지구역,2025-01-17,주행형CCTV,2025-01-20,2026-01-02
주정차 금지구역,2025-01-17,주행형CCTV,2025-03-04,2026-01-02
주정차 금지구역,2025-01-17,주행형CCTV,2025-01-20,2026-01-02
주정차 금지구역,2025-01-17,주행형CCTV,2025-01-20,2026-01-02
주정차 금지구역,2025-01-17,주행형CCTV,2025-01-20,2026-01-02
주정차 금지구역,2025-01-17,주행형CCTV,2025-01-20,2026-01-02
주정차 금지구역,2025-01-17,주행형CCTV,2025-01-20,2026-01-02
주정차 금지구역,2025-01-17,주행형CCTV,2025-03-04,2026-01-02
주정차 금지구역,2025-01-17,주행형CCTV,2025-01-20,2026-01-02
주정차 금지구역,2025-01-17,주행형CCTV,2025-03-04,2026-01-02
주정차 금지구역,2025-01-17,주행형CCTV,2025-03-04,2026-01-02
주정차 금지구역,2025-01-17,주행형CCTV,2025-01-20,2026-01-02
주정차 금지구역,2025-01-17,주행형CCTV,2025-01-20,2026-01-02
주정차 금지구역,2025-01-17,주행형CCTV,2025-01-20,2026-01-02
주정차 금지구역,2025-01-17,주행형CCTV,2025-01-20,2026-01-02
주정차 금지구역,2025-01-17,주행형CCTV,2025-01-20,2026-01-02
주정차 금지구역,2025-01-17,주행형CCTV,2025-03-04,2026-01-02
주정차 금지구역,2025-01-17,주행형CCTV,2025-01-20,2026-01-02
주정차 금지구역,2025-01-17,주행형CCTV,2025-01-20,2026-01-02
주정차 금지구역,2025-01-17,주행형CCTV,2025-01-20,2026-01-02
주정차 금지구역,2025-01-17,주행형CCTV,2025-01-20,2026-01-02
주정차 금지구역,2025-01-17,주행형CCTV,2025-01-20,2026-01-02
주정차 금지구역,2025-01-17,주행형CCTV,2025-03-04,2026-01-02
주정차 금지구역,2025-01-17,주행형CCTV,2025-03-04,2026-01-02
주정차 금지구역,2025-01-17,주행형CCTV,2025-01-20,2026-01-02
주정차 금지구역,2025-01-17,주행형CCTV,2025-03-04,2026-01-02
주정차 금지구역,2025-01-17,주행형CCTV,2025-01-20,2026-01-02
주정차 금지구역,2025-01-17,주행형CCTV,2025-01-20,2026-01-02
주정차 금지구역,2025-01-17,주행형CCTV,2025-03-04,2026-01-02
주정차 금지구역,2025-01-17,주행형CCTV,2025-03-04,2026-01-02
주정차 금지구역,2025-01-17,주행형CCTV,2025-01-20,2026-01-02
주정차 금지구역,2025-01-17,주행형CCTV,2025-01-20,2026-01-02
주정차 금지구역,2025-01-17,주행형CCTV,2025-03-04,2026-01-02
주정차 금지구역,2025-01-17,주행형CCTV,2025-01-20,2026-01-02
주정차 금지구역,2025-01-17,주행형CCTV,2025-03-04,2026-01-02
주정차 금지구역,2025-01-17,주행형CCTV,2025-01-20,2026-01-02
주정차 금지구역,2025-01-17,주행형CCTV,2025-01-20,2026-01-02
주정차 금지구역,2025-01-17,주행형CCTV,2025-03-04,2026-01-02
주정차 금지구역,2025-01-17,주행형CCTV,2025-03-04,2026-01-02
주정차 금지구역,2025-01-17,주행형CCTV,2025-01-20,2026-01-02
주정차 금지구역,2025-01-17,주행형CCTV,2025-03-04,2026-01-02
주정차 금지구역,2025-01-17,주행형CCTV,2025-01-20,2026-01-02
주정차 금지구역,2025-01-17,주행형CCTV,2025-03-04,2026-01-02
주정차 금지구역,2025-01-17,주행형CCTV,2025-01-20,2026-01-02
주정차 금지구역,2025-01-17,주행형CCTV,2025-01-20,2026-01-02
주정차 금지구역,2025-01-17,주행형CCTV,2025-01-20,2026-01-02
주정차 금지구역,2025-01-17,주행형CCTV,2025-01-20,2026-01-02
주정차 금지구역,2025-01-17,주행형CCTV,2025-03-04,2026-01-02
주정차 금지구역,2025-01-17,주행형CCTV,2025-01-20,2026-01-02
주정차 금지구역,2025-01-17,주행형CCTV,2025-03-04,2026-01-02
주정차 금지구역,2025-01-17,주행형CCTV,2025-03-04,2026-01-02
주정차 금지구역,2025-01-17,주행형CCTV,2025-03-04,2026-01-02
주정차 금지구역,2025-01-17,주행형CCTV,2025-01-20,2026-01-02
주정차 금지구역,2025-01-17,주행형CCTV,2025-01-20,2026-01-02
주정차 금지구역,2025-01-17,주행형CCTV,2025-01-20,2026-01-02
주정차 금지구역,2025-01-17,주행형CCTV,2025-03-04,2026-01-02
주정차 금지구역,2025-01-17,주행형CCTV,2025-03-04,2026-01-02
주정차 금지구역,2025-01-17,주행형CCTV,2025-01-20,2026-01-02
주정차 금지구역,2025-01-17,주행형CCTV,2025-03-04,2026-01-02
주정차 금지구역,2025-01-17,주행형CCTV,2025-01-20,2026-01-02
주정차 금지구역,2025-01-17,주행형CCTV,2025-03-04,2026-01-02
주정차 금지구역,2025-01-17,주행형CCTV,2025-01-20,2026-01-02
주정차 금지구역,2025-01-17,주행형CCTV,2025-01-20,2026-01-02
주정차 금지구역,2025-01-17,주행형CCTV,2025-01-20,2026-01-02
주정차 금지구역,2025-01-17,주행형CCTV,2025-01-20,2026-01-02
주정차 금지구역,2025-01-17,주행형CCTV,2025-01-20,2026-01-02
주정차 금지구역,2025-01-17,주행형CCTV,2025-01-20,2026-01-02
주정차 금지구역,2025-01-17,주행형CCTV,2025-01-20,2026-01-02
주정차 금지구역,2025-01-17,주행형CCTV,2025-01-20,2026-01-02
주정차 금지구역,2025-01-17,주행형CCTV,2025-03-04,2026-01-02
주정차 금지구역,2025-01-17,주행형CCTV,2025-01-20,2026-01-02
주정차 금지구역,2025-01-17,주행형CCTV,2025-03-04,2026-01-02
주정차 금지구역,2025-01-17,주행형CCTV,2025-01-20,2026-01-02
주정차 금지구역,2025-01-17,주행형CCTV,2025-01-20,2026-01-02
주정차 금지구역,2025-01-17,주행형CCTV,2025-01-20,2026-01-02
주정차 금지구역,2025-01-17,주행형CCTV,2025-01-20,2026-01-02
주정차 금지구역,2025-01-17,주행형CCTV,2025-01-20,2026-01-02
주정차 금지구역,2025-01-17,주행형CCTV,2025-01-20,2026-01-02
주정차 금지구역,2025-01-17,주행형CCTV,2025-03-04,2026-01-02
주정차 금지구역,2025-01-17,주행형CCTV,2025-03-04,2026-01-02
주정차 금지구역,2025-01-17,주행형CCTV,2025-01-20,2026-01-02
주정차 금지구역,2025-01-17,주행형CCTV,2025-01-20,2026-01-02
주정차 금지구역,2025-01-17,주행형CCTV,2025-01-20,2026-01-02
주정차 금지구역,2025-01-17,주행형CCTV,2025-03-04,2026-01-02
주정차 금지구역,2025-01-17,주행형CCTV,2025-01-20,2026-01-02
주정차 금지구역,2025-01-17,주행형CCTV,2025-03-04,2026-01-02
주정차 금지구역,2025-01-17,주행형CCTV,2025-01-20,2026-01-02
주정차 금지구역,2025-01-17,주행형CCTV,2025-01-20,2026-01-02
주정차 금지구역,2025-01-17,주행형CCTV,2025-01-20,2026-01-02
주정차 금지구역,2025-01-17,주행형CCTV,2025-01-20,2026-01-02
주정차 금지구역,2025-01-17,주행형CCTV,2025-01-20,2026-01-02
주정차 금지구역,2025-01-17,주행형CCTV,2025-01-20,2026-01-02
주정차 금지구역,2025-01-17,주행형CCTV,2025-03-04,2026-01-02
주정차 금지구역,2025-01-17,주행형CCTV,2025-01-20,2026-01-02
주정차 금지구역,2025-01-17,주행형CCTV,2025-01-20,2026-01-02
주정차 금지구역,2025-01-17,주행형CCTV,2025-01-20,2026-01-02
주정차 금지구역,2025-01-17,주행형CCTV,2025-03-04,2026-01-02
주정차 금지구역,2025-01-17,주행형CCTV,2025-01-20,2026-01-02
주정차 금지구역,2025-01-17,주행형CCTV,2025-01-20,2026-01-02
주정차 금지구역,2025-01-17,주행형CCTV,2025-01-20,2026-01-02
주정차 금지구역,2025-01-17,주행형CCTV,2025-01-20,2026-01-02
주정차 금지구역,2025-01-17,주행형CCTV,2025-01-20,2026-01-02
주정차 금지구역,2025-01-17,주행형CCTV,2025-01-20,2026-01-02
주정차 금지구역,2025-01-17,주행형CCTV,2025-01-20,2026-01-02
주정차 금지구역,2025-01-17,주행형CCTV,2025-03-04,2026-01-02
주정차 금지구역,2025-01-17,주행형CCTV,2025-01-20,2026-01-02
주정차 금지구역,2025-01-17,주행형CCTV,2025-03-04,2026-01-02
주정차 금지구역,2025-01-17,주행형CCTV,2025-01-20,2026-01-02
주정차 금지구역,2025-01-17,주행형CCTV,2025-01-20,2026-01-02
주정차 금지구역,2025-01-17,주행형CCTV,2025-01-20,2026-01-02
주정차 금지구역,2025-01-17,주행형CCTV,2025-03-04,2026-01-02
주정차 금지구역,2025-01-17,주행형CCTV,2025-01-20,2026-01-02
주정차 금지구역,2025-01-17,주행형CCTV,2025-03-04,2026-01-02
주정차 금지구역,2025-01-17,주행형CCTV,2025-01-20,2026-01-02
주정차 금지구역,2025-01-17,주행형CCTV,2025-03-04,2026-01-02
주정차 금지구역,2025-01-17,주행형CCTV,2025-11-21,2026-01-02
주정차 금지구역,2025-01-17,주행형CCTV,2025-01-20,2026-01-02
주정차 금지구역,2025-01-17,주행형CCTV,2025-01-20,2026-01-02
주정차 금지구역,2025-01-17,주행형CCTV,2025-01-20,2026-01-02
주정차 금지구역,2025-01-17,주행형CCTV,2025-03-04,2026-01-02
주정차 금지구역,2025-01-17,주행형CCTV,2025-03-04,2026-01-02
주정차 금지구역,2025-01-17,주행형CCTV,2025-01-20,2026-01-02
주정차 금지구역,2025-01-17,주행형CCTV,2025-01-20,2026-01-02
주정차 금지구역,2025-01-17,주행형CCTV,2025-03-04,2026-01-02
주정차 금지구역,2025-01-17,주행형CCTV,2025-03-04,2026-01-02
주정차 금지구역,2025-01-17,주행형CCTV,2025-03-04,2026-01-02
주정차 금지구역,2025-01-17,주행형CCTV,2025-01-20,2026-01-02
주정차 금지구역,2025-01-17,주행형CCTV,2025-03-04,2026-01-02
주정차 금지구역,2025-01-17,주행형CCTV,2025-01-20,2026-01-02
주정차 금지구역,2025-01-17,주행형CCTV,2025-01-20,2026-01-02
주정차 금지구역,2025-01-17,주행형CCTV,2025-01-20,2026-01-02
주정차 금지구역,2025-01-17,주행형CCTV,2025-01-20,2026-01-02
주정차 금지구역,2025-01-17,주행형CCTV,2025-03-04,2026-01-02
주정차 금지구역,2025-01-17,주행형CCTV,2025-03-04,2026-01-02
주정차 금지구역,2025-01-17,주행형CCTV,2025-01-20,2026-01-02
주정차 금지구역,2025-01-17,주행형CCTV,2025-01-20,2026-01-02
주정차 금지구역,2025-01-17,주행형CCTV,2025-01-20,2026-01-02
주정차 금지구역,2025-01-17,주행형CCTV,2025-01-20,2026-01-02
주정차 금지구역,2025-01-17,주행형CCTV,2025-01-20,2026-01-02
주정차 금지구역,2025-01-17,주행형CCTV,2025-01-20,2026-01-02
주정차 금지구역,2025-01-17,주행형CCTV,2025-01-20,2026-01-02
주정차 금지구역,2025-01-02,주행형CCTV,2025-03-04,2026-01-02
횡단보도,2025-01-18,안전신문고,2025-11-21,2026-01-02
보도(인도)위,2025-01-18,안전신문고,2025-01-31,2026-01-02
횡단보도,2025-01-18,안전신문고,2025-01-31,2026-01-02
횡단보도,2025-01-18,안전신문고,2025-01-31,2026-01-02
보도(인도)위,2025-01-18,안전신문고,2025-01-31,2026-01-02
도로모퉁이,2025-01-18,안전신문고,2025-03-04,2026-01-02
보도(인도)위,2025-01-18,안전신문고,2025-01-31,2026-01-02
보도(인도)위,2025-01-18,안전신문고,2025-03-04,2026-01-02
소방시설 주변,2025-01-19,안전신문고,2025-01-31,2026-01-02
보도(인도)위,2025-01-18,안전신문고,2025-01-31,2026-01-02
보도(인도)위,2025-01-18,안전신문고,2025-01-31,2026-01-02
도로모퉁이,2025-01-18,안전신문고,2025-01-31,2026-01-02
소방시설 주변,2025-01-18,안전신문고,2025-01-31,2026-01-02
보도(인도)위,2025-01-14,안전신문고,2025-01-22,2026-01-02
도로모퉁이,2025-01-17,안전신문고,2025-01-31,2026-01-02
횡단보도,2025-01-18,안전신문고,2025-01-31,2026-01-02
도로모퉁이,2025-01-17,안전신문고,2025-03-04,2026-01-02
횡단보도,2025-01-18,안전신문고,2025-01-31,2026-01-02
보도(인도)위,2025-01-18,안전신문고,2025-01-31,2026-01-02
횡단보도,2025-01-18,안전신문고,2025-03-04,2026-01-02
보도(인도)위,2025-01-18,안전신문고,2025-01-31,2026-01-02
보도(인도)위,2025-01-18,안전신문고,2025-01-31,2026-01-02
보도(인도)위,2025-01-18,안전신문고,2025-01-31,2026-01-02
보도(인도)위,2025-01-18,안전신문고,2025-03-04,2026-01-02
보도(인도)위,2025-01-18,안전신문고,2025-01-31,2026-01-02
보도(인도)위,2025-01-18,안전신문고,2025-01-31,2026-01-02
보도(인도)위,2025-01-18,안전신문고,2025-01-31,2026-01-02
횡단보도,2025-01-18,안전신문고,2025-01-31,2026-01-02
횡단보도,2025-01-18,안전신문고,2025-03-04,2026-01-02
횡단보도,2025-01-18,안전신문고,2025-03-04,2026-01-02
횡단보도,2025-01-18,안전신문고,2025-03-04,2026-01-02
보도(인도)위,2025-01-18,안전신문고,2025-03-04,2026-01-02
보도(인도)위,2025-01-18,안전신문고,2025-01-31,2026-01-02
주정차 금지구역,2025-01-17,안전신문고,2025-01-31,2026-01-02
도로모퉁이,2025-01-17,안전신문고,2025-03-04,2026-01-02
도로모퉁이,2025-01-17,안전신문고,2025-01-31,2026-01-02
도로모퉁이,2025-01-17,안전신문고,2025-01-31,2026-01-02
보도(인도)위,2025-01-17,안전신문고,2025-03-04,2026-01-02
횡단보도,2025-01-17,안전신문고,2025-11-21,2026-01-02
보도(인도)위,2025-01-17,안전신문고,2025-01-31,2026-01-02
도로모퉁이,2025-01-17,안전신문고,2025-01-31,2026-01-02
횡단보도,2025-01-17,안전신문고,2025-03-04,2026-01-02
도로모퉁이,2025-01-17,안전신문고,2025-01-31,2026-01-02
보도(인도)위,2025-01-17,안전신문고,2025-01-31,2026-01-02
소방시설 주변,2025-01-17,안전신문고,2025-01-31,2026-01-02
소방시설 주변,2025-01-17,안전신문고,2025-03-04,2026-01-02
보도(인도)위,2025-01-17,안전신문고,2025-01-31,2026-01-02
도로모퉁이,2025-01-17,안전신문고,2025-01-31,2026-01-02
버스정류장 주변,2025-01-18,안전신문고,2025-03-04,2026-01-02
횡단보도,2025-01-17,안전신문고,2025-03-04,2026-01-02
도로모퉁이,2025-01-18,안전신문고,2025-01-31,2026-01-02
도로모퉁이,2025-01-17,안전신문고,2025-01-31,2026-01-02
횡단보도,2025-01-14,안전신문고,2025-01-22,2026-01-02
횡단보도,2025-01-17,안전신문고,2025-03-04,2026-01-02
소방시설 주변,2025-01-18,안전신문고,2025-01-31,2026-01-02
보도(인도)위,2025-01-14,안전신문고,2025-01-22,2026-01-02
횡단보도,2025-01-17,안전신문고,2025-11-21,2026-01-02
버스정류장 주변,2025-01-18,안전신문고,2025-01-31,2026-01-02
보도(인도)위,2025-01-15,안전신문고,2025-01-22,2026-01-02
횡단보도,2025-01-19,안전신문고,2025-01-31,2026-01-02
소방시설 주변,2025-01-14,안전신문고,2025-03-04,2026-01-02
보도(인도)위,2025-01-17,안전신문고,2025-01-31,2026-01-02
도로모퉁이,2025-01-19,안전신문고,2025-01-31,2026-01-02
주정차 금지구역,2025-01-14,안전신문고,2025-03-04,2026-01-02
횡단보도,2025-01-17,안전신문고,2025-01-31,2026-01-02
어린이 보호구역,2025-01-14,안전신문고,2025-01-22,2026-01-02
어린이 보호구역,2025-01-14,안전신문고,2025-01-22,2026-01-02
도로모퉁이,2025-01-19,안전신문고,2025-01-31,2026-01-02
횡단보도,2025-01-14,안전신문고,2025-01-22,2026-01-02
도로모퉁이,2025-01-18,안전신문고,2025-01-31,2026-01-02
보도(인도)위,2025-01-17,안전신문고,2025-01-31,2026-01-02
이중주차 및 대각.직각주차,2025-01-14,안전신문고,2025-01-22,2026-01-02
도로모퉁이,2025-01-18,안전신문고,2025-01-31,2026-01-02
이중주차 및 대각.직각주차,2025-01-14,안전신문고,2025-01-22,2026-01-02
횡단보도,2025-01-19,안전신문고,2025-01-31,2026-01-02
소방시설 주변,2025-01-19,안전신문고,2025-03-04,2026-01-02
횡단보도,2025-01-19,안전신문고,2025-03-04,2026-01-02
횡단보도,2025-01-19,안전신문고,2025-03-04,2026-01-02
횡단보도,2025-01-19,안전신문고,2025-01-31,2026-01-02
보도(인도)위,2025-01-17,안전신문고,2025-03-04,2026-01-02
횡단보도,2025-01-19,안전신문고,2025-03-04,2026-01-02
보도(인도)위,2025-01-17,안전신문고,2025-01-31,2026-01-02
보도(인도)위,2025-01-17,안전신문고,2025-01-31,2026-01-02
횡단보도,2025-01-17,안전신문고,2025-01-31,2026-01-02
도로모퉁이,2025-01-18,안전신문고,2025-03-04,2026-01-02
도로모퉁이,2025-01-18,안전신문고,2025-01-31,2026-01-02
보도(인도)위,2025-01-18,안전신문고,2025-03-04,2026-01-02
횡단보도,2025-01-18,안전신문고,2025-03-04,2026-01-02
횡단보도,2025-01-18,안전신문고,2025-01-31,2026-01-02
보도(인도)위,2025-01-17,안전신문고,2025-01-31,2026-01-02
도로모퉁이,2025-01-19,안전신문고,2025-01-31,2026-01-02
횡단보도,2025-01-17,안전신문고,2025-03-04,2026-01-02
주정차 금지구역,2025-01-14,안전신문고,2025-01-22,2026-01-02
주정차 금지구역,2025-01-14,안전신문고,2025-01-22,2026-01-02
주정차 금지구역,2025-01-14,안전신문고,2025-01-22,2026-01-02
횡단보도,2025-01-17,안전신문고,2025-11-21,2026-01-02
횡단보도,2025-01-17,안전신문고,2025-03-04,2026-01-02
횡단보도,2025-01-17,안전신문고,2025-01-31,2026-01-02
횡단보도,2025-01-17,안전신문고,2025-03-04,2026-01-02
도로모퉁이,2025-01-17,안전신문고,2025-01-31,2026-01-02
보도(인도)위,2025-01-19,안전신문고,2025-11-21,2026-01-02
횡단보도,2025-01-19,안전신문고,2025-01-31,2026-01-02
기타,2025-01-17,안전신문고,2025-01-31,2026-01-02
보도(인도)위,2025-01-17,안전신문고,2025-03-04,2026-01-02
보도(인도)위,2025-01-19,안전신문고,2025-03-04,2026-01-02
횡단보도,2025-01-20,안전신문고,2025-02-03,2026-01-02
도로모퉁이,2025-01-17,안전신문고,2025-11-21,2026-01-02
횡단보도,2025-01-20,안전신문고,2025-03-04,2026-01-02
횡단보도,2025-01-17,안전신문고,2025-01-31,2026-01-02
보도(인도)위,2025-01-19,안전신문고,2025-01-31,2026-01-02
횡단보도,2025-01-19,안전신문고,2025-01-31,2026-01-02
주정차 금지구역,2025-01-20,안전신문고,2025-11-21,2026-01-02
주정차 금지구역,2025-01-20,안전신문고,2025-03-04,2026-01-02
횡단보도,2025-01-19,안전신문고,2025-01-31,2026-01-02
도로모퉁이,2025-01-14,안전신문고,2025-03-04,2026-01-02
횡단보도,2025-01-20,안전신문고,2025-03-04,2026-01-02
횡단보도,2025-01-20,안전신문고,2025-03-04,2026-01-02
주정차 금지구역,2025-01-20,안전신문고,2025-02-03,2026-01-02
횡단보도,2025-01-19,안전신문고,2025-01-31,2026-01-02
횡단보도,2025-01-20,안전신문고,2025-11-21,2026-01-02
보도(인도)위,2025-01-20,안전신문고,2025-02-03,2026-01-02
보도(인도)위,2025-01-20,안전신문고,2025-02-03,2026-01-02
횡단보도,2025-01-19,안전신문고,2025-03-04,2026-01-02
횡단보도,2025-01-16,안전신문고,2025-03-04,2026-01-02
횡단보도,2025-01-20,안전신문고,2025-02-03,2026-01-02
보도(인도)위,2025-01-19,안전신문고,2025-01-31,2026-01-02
횡단보도,2025-01-20,안전신문고,2025-02-03,2026-01-02
보도(인도)위,2025-01-19,안전신문고,2025-01-31,2026-01-02
횡단보도,2025-01-20,안전신문고,2025-02-03,2026-01-02
보도(인도)위,2025-01-20,안전신문고,2025-02-03,2026-01-02
보도(인도)위,2025-01-20,안전신문고,2025-03-04,2026-01-02
보도(인도)위,2025-01-19,안전신문고,2025-01-31,2026-01-02
횡단보도,2025-01-20,안전신문고,2025-03-04,2026-01-02
보도(인도)위,2025-01-20,안전신문고,2025-03-04,2026-01-02
횡단보도,2025-01-20,안전신문고,2025-02-03,2026-01-02
횡단보도,2025-01-20,안전신문고,2025-02-03,2026-01-02
횡단보도,2025-01-20,안전신문고,2025-02-03,2026-01-02
소방시설 주변,2025-01-20,안전신문고,2025-02-03,2026-01-02
보도(인도)위,2025-01-20,안전신문고,2025-02-03,2026-01-02
보도(인도)위,2025-01-20,안전신문고,2025-02-03,2026-01-02
보도(인도)위,2025-01-20,안전신문고,2025-02-03,2026-01-02
횡단보도,2025-01-20,안전신문고,2025-02-03,2026-01-02
보도(인도)위,2025-01-20,안전신문고,2025-02-03,2026-01-02
보도(인도)위,2025-01-20,안전신문고,2025-02-03,2026-01-02
횡단보도,2025-01-16,안전신문고,2025-03-04,2026-01-02
보도(인도)위,2025-01-16,안전신문고,2025-01-31,2026-01-02
도로모퉁이,2025-01-16,안전신문고,2025-03-04,2026-01-02
횡단보도,2025-01-16,안전신문고,2025-01-31,2026-01-02
도로모퉁이,2025-01-16,안전신문고,2025-01-31,2026-01-02
횡단보도,2025-01-16,안전신문고,2025-03-04,2026-01-02
보도(인도)위,2025-01-16,안전신문고,2025-03-04,2026-01-02
보도(인도)위,2025-01-16,안전신문고,2025-01-31,2026-01-02
버스정류장 주변,2025-01-16,안전신문고,2025-01-31,2026-01-02
횡단보도,2025-01-16,안전신문고,2025-01-31,2026-01-02
소방시설 주변,2025-01-16,안전신문고,2025-01-31,2026-01-02
소방시설 주변,2025-01-16,안전신문고,2025-01-31,2026-01-02
소방시설 주변,2025-01-16,안전신문고,2025-03-04,2026-01-02
도로모퉁이,2025-01-16,안전신문고,2025-01-31,2026-01-02
횡단보도,2025-01-16,안전신문고,2025-01-31,2026-01-02
보도(인도)위,2025-01-16,안전신문고,2025-01-31,2026-01-02
보도(인도)위,2025-01-16,안전신문고,2025-01-31,2026-01-02
도로모퉁이,2025-01-16,안전신문고,2025-01-31,2026-01-02
횡단보도,2025-01-16,안전신문고,2025-03-04,2026-01-02
횡단보도,2025-01-16,안전신문고,2025-01-31,2026-01-02
횡단보도,2025-01-16,안전신문고,2025-01-31,2026-01-02
횡단보도,2025-01-16,안전신문고,2025-03-04,2026-01-02
도로모퉁이,2025-01-16,안전신문고,2025-03-04,2026-01-02
소방시설 주변,2025-01-20,안전신문고,2025-02-03,2026-01-02
횡단보도,2025-01-20,안전신문고,2025-02-03,2026-01-02
횡단보도,2025-01-20,안전신문고,2025-02-03,2026-01-02
보도(인도)위,2025-01-22,안전신문고,2025-02-03,2026-01-02
횡단보도,2025-01-20,안전신문고,2025-11-21,2026-01-02
횡단보도,2025-01-20,안전신문고,2025-02-03,2026-01-02
보도(인도)위,2025-01-18,안전신문고,2025-01-31,2026-01-02
보도(인도)위,2025-01-22,안전신문고,2025-02-03,2026-01-02
횡단보도,2025-01-18,안전신문고,2025-01-31,2026-01-02
횡단보도,2025-01-22,안전신문고,2025-02-03,2026-01-02
횡단보도,2025-01-22,안전신문고,2025-03-04,2026-01-02
횡단보도,2025-01-20,안전신문고,2025-02-03,2026-01-02
횡단보도,2025-01-22,안전신문고,2025-02-03,2026-01-02
횡단보도,2025-01-22,안전신문고,2025-02-03,2026-01-02
도로모퉁이,2025-01-22,안전신문고,2025-02-03,2026-01-02
횡단보도,2025-01-20,안전신문고,2025-02-03,2026-01-02
소방시설 주변,2025-01-20,안전신문고,2025-02-03,2026-01-02
소방시설 주변,2025-01-20,안전신문고,2025-02-03,2026-01-02
보도(인도)위,2025-01-18,안전신문고,2025-01-31,2026-01-02
횡단보도,2025-01-20,안전신문고,2025-02-03,2026-01-02
보도(인도)위,2025-01-18,안전신문고,2025-03-04,2026-01-02
보도(인도)위,2025-01-18,안전신문고,2025-01-31,2026-01-02
도로모퉁이,2025-01-22,안전신문고,2025-11-21,2026-01-02
횡단보도,2025-01-20,안전신문고,2025-02-03,2026-01-02
보도(인도)위,2025-01-19,안전신문고,2025-03-04,2026-01-02
보도(인도)위,2025-01-20,안전신문고,2025-02-03,2026-01-02
횡단보도,2025-01-18,안전신문고,2025-01-31,2026-01-02
횡단보도,2025-01-20,안전신문고,2025-02-03,2026-01-02
버스정류장 주변,2025-01-22,안전신문고,2025-03-04,2026-01-02
소방시설 주변,2025-01-01,안전신문고,2025-03-04,2026-01-02
주정차 금지구역,2025-01-02,고정형CCTV,2025-03-04,2026-01-02
횡단보도,2025-01-19,안전신문고,2025-01-31,2026-01-02
횡단보도,2025-01-20,안전신문고,2025-03-04,2026-01-02
횡단보도,2025-01-20,안전신문고,2025-03-04,2026-01-02
보도(인도)위,2025-01-20,안전신문고,2025-02-03,2026-01-02
주정차 금지구역,2025-01-02,고정형CCTV,2025-03-04,2026-01-02
주정차 금지구역,2025-01-02,주행형CCTV,2025-03-04,2026-01-02
횡단보도,2025-01-18,안전신문고,2025-03-04,2026-01-02
주정차 금지구역,2025-01-03,주행형CCTV,2025-01-22,2026-01-02
주정차 금지구역,2025-01-03,고정형CCTV,2025-03-04,2026-01-02
보도(인도)위,2025-01-20,안전신문고,2025-03-04,2026-01-02
도로모퉁이,2025-01-18,안전신문고,2025-11-21,2026-01-02
횡단보도,2025-01-22,안전신문고,2025-02-03,2026-01-02
소방시설 주변,2025-01-16,안전신문고,2025-01-31,2026-01-02
도로모퉁이,2025-01-20,안전신문고,2025-02-03,2026-01-02
보도(인도)위,2025-01-22,안전신문고,2025-02-03,2026-01-02
보도(인도)위,2025-01-18,안전신문고,2025-03-04,2026-01-02
도로모퉁이,2025-01-22,안전신문고,2025-02-03,2026-01-02
도로모퉁이,2025-01-19,안전신문고,2025-03-04,2026-01-02
횡단보도,2025-01-21,안전신문고,2025-02-03,2026-01-02
도로모퉁이,2025-01-20,안전신문고,2025-11-21,2026-01-02
소방시설 주변,2025-01-03,안전신문고,2025-03-04,2026-01-02
주정차 금지구역,2025-01-03,주행형CCTV,2025-01-22,2026-01-02
주정차 금지구역,2025-01-05,고정형CCTV,2025-03-04,2026-01-02
소방시설 주변,2025-01-05,고정형CCTV,2025-01-22,2026-01-02
버스정류장 주변,2025-01-20,안전신문고,2025-02-03,2026-01-02
횡단보도,2025-01-20,안전신문고,2025-03-04,2026-01-02
횡단보도,2025-01-19,안전신문고,2025-01-31,2026-01-02
주정차 금지구역,2025-01-03,주행형CCTV,2025-03-04,2026-01-02
주정차 금지구역,2025-01-03,주행형CCTV,2025-01-22,2026-01-02
소방시설 주변,2025-01-18,안전신문고,2025-01-31,2026-01-02
주정차 금지구역,2025-01-05,고정형CCTV,2025-03-04,2026-01-02
버스정류장 주변,2025-01-18,안전신문고,2025-03-04,2026-01-02
버스정류장 주변,2025-01-18,안전신문고,2025-03-04,2026-01-02
보도(인도)위,2025-01-22,안전신문고,2025-03-04,2026-01-02
횡단보도,2025-01-16,안전신문고,2025-01-31,2026-01-02
보도(인도)위,2025-01-18,안전신문고,2025-01-31,2026-01-02
횡단보도,2025-01-16,안전신문고,2025-01-31,2026-01-02
횡단보도,2025-01-16,안전신문고,2025-01-31,2026-01-02
보도(인도)위,2025-01-15,안전신문고,2025-03-04,2026-01-02
보도(인도)위,2025-01-16,안전신문고,2025-01-31,2026-01-02
주정차 금지구역,2025-01-07,고정형CCTV,2025-03-04,2026-01-02
주정차 금지구역,2025-01-08,주행형CCTV,2025-03-04,2026-01-02
횡단보도,2025-01-18,안전신문고,2025-11-21,2026-01-02
보도(인도)위,2025-01-22,안전신문고,2025-02-03,2026-01-02
주정차 금지구역,2025-01-08,주행형CCTV,2025-01-22,2026-01-02
주정차 금지구역,2025-01-09,주행형CCTV,2025-03-04,2026-01-02
주정차 금지구역,2025-01-10,주행형CCTV,2025-01-22,2026-01-02
주정차 금지구역,2025-01-10,주행형CCTV,2025-01-22,2026-01-02
주정차 금지구역,2025-01-10,주행형CCTV,2025-01-22,2026-01-02
횡단보도,2025-01-19,안전신문고,2025-03-04,2026-01-02
횡단보도,2025-01-22,안전신문고,2025-03-04,2026-01-02
주정차 금지구역,2025-01-10,주행형CCTV,2025-01-22,2026-01-02
주정차 금지구역,2025-01-10,주행형CCTV,2025-01-22,2026-01-02
주정차 금지구역,2025-01-12,고정형CCTV,2025-01-22,2026-01-02
주정차 금지구역,2025-01-12,고정형CCTV,2025-03-04,2026-01-02
주정차 금지구역,2025-01-12,고정형CCTV,2025-03-04,2026-01-02
도로모퉁이,2025-01-16,안전신문고,2025-03-04,2026-01-02
보도(인도)위,2025-01-19,안전신문고,2025-03-04,2026-01-02
보도(인도)위,2025-01-16,안전신문고,2025-01-31,2026-01-02
도로모퉁이,2025-01-16,안전신문고,2025-03-04,2026-01-02
횡단보도,2025-01-16,안전신문고,2025-03-04,2026-01-02
횡단보도,2025-01-22,안전신문고,2025-02-03,2026-01-02
횡단보도,2025-01-22,안전신문고,2025-02-03,2026-01-02
횡단보도,2025-01-22,안전신문고,2025-03-04,2026-01-02
소방시설 주변,2025-01-22,안전신문고,2025-02-03,2026-01-02
도로모퉁이,2025-01-08,안전신문고,2025-01-22,2026-01-02
소방시설 주변,2025-01-16,안전신문고,2025-01-31,2026-01-02
횡단보도,2025-01-18,안전신문고,2025-01-31,2026-01-02
횡단보도,2025-01-22,안전신문고,2025-03-04,2026-01-02
횡단보도,2025-01-22,안전신문고,2025-02-03,2026-01-02
도로모퉁이,2025-01-17,안전신문고,2025-03-04,2026-01-02
횡단보도,2025-01-02,안전신문고,2025-01-22,2026-01-02
보도(인도)위,2025-01-03,안전신문고,2025-01-22,2026-01-02
횡단보도,2025-01-03,안전신문고,2025-03-04,2026-01-02
도로모퉁이,2025-01-17,안전신문고,2025-01-31,2026-01-02
도로모퉁이,2025-01-03,안전신문고,2025-01-22,2026-01-02
보도(인도)위,2025-01-17,안전신문고,2025-01-31,2026-01-02
보도(인도)위,2025-01-22,안전신문고,2025-02-03,2026-01-02
횡단보도,2025-01-19,안전신문고,2025-03-04,2026-01-02
횡단보도,2025-01-08,안전신문고,2025-03-04,2026-01-02
도로모퉁이,2025-01-17,안전신문고,2025-01-31,2026-01-02
도로모퉁이,2025-01-01,안전신문고,2025-01-22,2026-01-02
보도(인도)위,2025-01-01,안전신문고,2025-01-22,2026-01-02
주정차 금지구역,2025-01-02,주행형CCTV,2025-01-22,2026-01-02
횡단보도,2025-01-17,안전신문고,2025-01-31,2026-01-02
횡단보도,2025-01-17,안전신문고,2025-03-04,2026-01-02
도로모퉁이,2025-01-03,안전신문고,2025-03-04,2026-01-02
도로모퉁이,2025-01-17,안전신문고,2025-01-31,2026-01-02
횡단보도,2025-01-03,안전신문고,2025-03-04,2026-01-02
도로모퉁이,2025-01-16,안전신문고,2025-01-31,2026-01-02
횡단보도,2025-01-04,안전신문고,2025-01-22,2026-01-02
도로모퉁이,2025-01-16,안전신문고,2025-01-31,2026-01-02
소방시설 주변,2025-01-22,안전신문고,2025-02-03,2026-01-02
주정차 금지구역,2025-01-05,고정형CCTV,2025-01-22,2026-01-02
소방시설 주변,2025-01-22,안전신문고,2025-03-04,2026-01-02
주정차 금지구역,2025-01-05,고정형CCTV,2025-01-22,2026-01-02
보도(인도)위,2025-01-16,안전신문고,2025-01-31,2026-01-02
주정차 금지구역,2025-01-06,주행형CCTV,2025-01-22,2026-01-02
횡단보도,2025-01-06,안전신문고,2025-01-22,2026-01-02
주정차 금지구역,2025-01-06,고정형CCTV,2025-01-22,2026-01-02
주정차 금지구역,2025-01-07,고정형CCTV,2025-01-22,2026-01-02
주정차 금지구역,2025-01-07,고정형CCTV,2025-03-04,2026-01-02
도로모퉁이,2025-01-16,안전신문고,2025-03-04,2026-01-02
주정차 금지구역,2025-01-07,주행형CCTV,2025-01-22,2026-01-02
도로모퉁이,2025-01-22,안전신문고,2025-02-03,2026-01-02
보도(인도)위,2025-01-18,안전신문고,2025-01-31,2026-01-02
보도(인도)위,2025-01-08,안전신문고,2025-01-22,2026-01-02
횡단보도,2025-01-22,안전신문고,2025-02-03,2026-01-02
주정차 금지구역,2025-01-08,주행형CCTV,2025-01-22,2026-01-02
주정차 금지구역,2025-01-08,버스장착형CCTV,2025-03-04,2026-01-02
주정차 금지구역,2025-01-08,고정형CCTV,2025-01-22,2026-01-02
주정차 금지구역,2025-01-05,고정형CCTV,2025-01-22,2026-01-02
보도(인도)위,2025-01-07,안전신문고,2025-01-22,2026-01-02
주정차 금지구역,2025-01-07,주행형CCTV,2025-01-22,2026-01-02
주정차 금지구역,2025-01-07,주행형CCTV,2025-01-22,2026-01-02
횡단보도,2025-01-08,안전신문고,2025-01-22,2026-01-02
도로모퉁이,2025-01-18,안전신문고,2025-03-04,2026-01-02
주정차 금지구역,2025-01-08,주행형CCTV,2025-01-22,2026-01-02
주정차 금지구역,2025-01-08,고정형CCTV,2025-03-04,2026-01-02
소방시설 주변,2025-01-22,안전신문고,2025-02-03,2026-01-02
횡단보도,2025-01-19,안전신문고,2025-01-31,2026-01-02
보도(인도)위,2025-01-20,안전신문고,2025-02-03,2026-01-02
주정차 금지구역,2025-01-08,고정형CCTV,2025-03-04,2026-01-02
횡단보도,2025-01-20,안전신문고,2025-02-03,2026-01-02
주정차 금지구역,2025-01-09,주행형CCTV,2025-03-04,2026-01-02
도로모퉁이,2025-01-22,안전신문고,2025-03-04,2026-01-02
도로모퉁이,2025-01-22,안전신문고,2025-02-03,2026-01-02
보도(인도)위,2025-01-22,안전신문고,2025-03-04,2026-01-02
주정차 금지구역,2025-01-09,주행형CCTV,2025-01-22,2026-01-02
주정차 금지구역,2025-01-09,고정형CCTV,2025-03-04,2026-01-02
주정차 금지구역,2025-01-09,주행형CCTV,2025-03-04,2026-01-02
보도(인도)위,2025-01-20,안전신문고,2025-02-03,2026-01-02
주정차 금지구역,2025-01-10,고정형CCTV,2025-01-22,2026-01-02
보도(인도)위,2025-01-20,안전신문고,2025-02-03,2026-01-02
주정차 금지구역,2025-01-10,주행형CCTV,2025-03-04,2026-01-02
주정차 금지구역,2025-01-10,고정형CCTV,2025-01-22,2026-01-02
주정차 금지구역,2025-01-10,고정형CCTV,2025-03-04,2026-01-02
보도(인도)위,2025-01-20,안전신문고,2025-02-03,2026-01-02
도로모퉁이,2025-01-20,안전신문고,2025-03-04,2026-01-02
보도(인도)위,2025-01-18,안전신문고,2025-01-31,2026-01-02
소방시설 주변,2025-01-22,안전신문고,2025-02-03,2026-01-02
보도(인도)위,2025-01-20,안전신문고,2025-02-03,2026-01-02
보도(인도)위,2025-01-17,안전신문고,2025-01-31,2026-01-02
보도(인도)위,2025-01-17,안전신문고,2025-03-04,2026-01-02
횡단보도,2025-01-21,안전신문고,2025-03-04,2026-01-02
보도(인도)위,2025-01-22,안전신문고,2025-02-03,2026-01-02
도로모퉁이,2025-01-21,안전신문고,2025-02-03,2026-01-02
주정차 금지구역,2025-01-09,고정형CCTV,2025-03-04,2026-01-02
도로모퉁이,2025-01-22,안전신문고,2025-03-04,2026-01-02
횡단보도,2025-01-21,안전신문고,2025-02-03,2026-01-02
보도(인도)위,2025-01-17,안전신문고,2025-03-04,2026-01-02
보도(인도)위,2025-01-20,안전신문고,2025-03-04,2026-01-02
보도(인도)위,2025-01-19,안전신문고,2025-03-04,2026-01-02
주정차 금지구역,2025-01-10,고정형CCTV,2025-01-22,2026-01-02
주정차 금지구역,2025-01-10,주행형CCTV,2025-01-22,2026-01-02
횡단보도,2025-01-21,안전신문고,2025-02-03,2026-01-02
횡단보도,2025-01-20,안전신문고,2025-02-03,2026-01-02
보도(인도)위,2025-01-20,안전신문고,2025-02-03,2026-01-02
주정차 금지구역,2025-01-10,고정형CCTV,2025-01-22,2026-01-02
주정차 금지구역,2025-01-10,고정형CCTV,2025-03-04,2026-01-02
횡단보도,2025-01-17,안전신문고,2025-01-31,2026-01-02
횡단보도,2025-01-17,안전신문고,2025-01-31,2026-01-02
횡단보도,2025-01-19,안전신문고,2025-01-31,2026-01-02
도로모퉁이,2025-01-17,안전신문고,2025-01-31,2026-01-02
보도(인도)위,2025-01-17,안전신문고,2025-03-04,2026-01-02
보도(인도)위,2025-01-19,안전신문고,2025-03-04,2026-01-02
횡단보도,2025-01-21,안전신문고,2025-02-03,2026-01-02
횡단보도,2025-01-19,안전신문고,2025-01-31,2026-01-02
횡단보도,2025-01-17,안전신문고,2025-03-04,2026-01-02
주정차 금지구역,2025-01-04,고정형CCTV,2025-03-04,2026-01-02
기타,2025-01-17,안전신문고,2025-01-31,2026-01-02
보도(인도)위,2025-01-21,안전신문고,2025-03-04,2026-01-02
횡단보도,2025-01-19,안전신문고,2025-01-31,2026-01-02
횡단보도,2025-01-21,안전신문고,2025-02-03,2026-01-02
보도(인도)위,2025-01-20,안전신문고,2025-03-04,2026-01-02
소방시설 주변,2025-01-17,안전신문고,2025-03-04,2026-01-02
횡단보도,2025-01-20,안전신문고,2025-02-03,2026-01-02
횡단보도,2025-01-22,안전신문고,2025-02-03,2026-01-02
횡단보도,2025-01-20,안전신문고,2025-02-03,2026-01-02
횡단보도,2025-01-22,안전신문고,2025-02-03,2026-01-02
횡단보도,2025-01-20,안전신문고,2025-03-04,2026-01-02
횡단보도,2025-01-22,안전신문고,2025-03-04,2026-01-02
보도(인도)위,2025-01-19,안전신문고,2025-01-31,2026-01-02
보도(인도)위,2025-01-17,안전신문고,2025-01-31,2026-01-02
보도(인도)위,2025-01-22,안전신문고,2025-02-03,2026-01-02
횡단보도,2025-01-22,안전신문고,2025-02-03,2026-01-02
보도(인도)위,2025-01-22,안전신문고,2025-02-03,2026-01-02
소방시설 주변,2025-01-19,안전신문고,2025-01-31,2026-01-02
소방시설 주변,2025-01-19,안전신문고,2025-01-31,2026-01-02
횡단보도,2025-01-20,안전신문고,2025-03-04,2026-01-02
횡단보도,2025-01-17,안전신문고,2025-03-04,2026-01-02
도로모퉁이,2025-01-22,안전신문고,2025-03-04,2026-01-02
횡단보도,2025-01-20,안전신문고,2025-02-03,2026-01-02
횡단보도,2025-01-22,안전신문고,2025-03-04,2026-01-02
보도(인도)위,2025-01-20,안전신문고,2025-03-04,2026-01-02
횡단보도,2025-01-20,안전신문고,2025-02-03,2026-01-02
횡단보도,2025-01-20,안전신문고,2025-02-03,2026-01-02
보도(인도)위,2025-01-17,안전신문고,2025-03-04,2026-01-02
소방시설 주변,2025-01-17,안전신문고,2025-01-31,2026-01-02
횡단보도,2025-01-21,안전신문고,2025-03-04,2026-01-02
보도(인도)위,2025-01-20,안전신문고,2025-02-03,2026-01-02
횡단보도,2025-01-21,안전신문고,2025-11-21,2026-01-02
보도(인도)위,2025-01-21,안전신문고,2025-02-03,2026-01-02
보도(인도)위,2025-01-21,안전신문고,2025-02-03,2026-01-02
보도(인도)위,2025-01-21,안전신문고,2025-02-03,2026-01-02
주정차 금지구역,2025-01-17,안전신문고,2025-03-04,2026-01-02
횡단보도,2025-01-17,안전신문고,2025-01-31,2026-01-02
횡단보도,2025-01-17,안전신문고,2025-01-31,2026-01-02
소방시설 주변,2025-01-21,안전신문고,2025-02-03,2026-01-02
소방시설 주변,2025-01-21,안전신문고,2025-11-21,2026-01-02
보도(인도)위,2025-01-22,안전신문고,2025-02-03,2026-01-02
도로모퉁이,2025-01-22,안전신문고,2025-02-03,2026-01-02
소방시설 주변,2025-01-22,안전신문고,2025-02-03,2026-01-02
횡단보도,2025-01-22,안전신문고,2025-03-04,2026-01-02
보도(인도)위,2025-01-20,안전신문고,2025-02-03,2026-01-02
보도(인도)위,2025-01-20,안전신문고,2025-02-03,2026-01-02
보도(인도)위,2025-01-20,안전신문고,2025-02-03,2026-01-02
보도(인도)위,2025-01-17,안전신문고,2025-01-31,2026-01-02
횡단보도,2025-01-17,안전신문고,2025-03-04,2026-01-02
횡단보도,2025-01-17,안전신문고,2025-03-04,2026-01-02
보도(인도)위,2025-01-22,안전신문고,2025-02-03,2026-01-02
횡단보도,2025-01-21,안전신문고,2025-02-03,2026-01-02
보도(인도)위,2025-01-17,안전신문고,2025-01-31,2026-01-02
보도(인도)위,2025-01-21,안전신문고,2025-03-04,2026-01-02
횡단보도,2025-01-17,안전신문고,2025-03-04,2026-01-02
횡단보도,2025-01-21,안전신문고,2025-03-04,2026-01-02
도로모퉁이,2025-01-17,안전신문고,2025-01-31,2026-01-02
횡단보도,2025-01-16,안전신문고,2025-11-21,2026-01-02
주정차 금지구역,2025-01-17,안전신문고,2025-01-31,2026-01-02
도로모퉁이,2025-01-17,안전신문고,2025-01-31,2026-01-02
도로모퉁이,2025-01-17,안전신문고,2025-01-31,2026-01-02
도로모퉁이,2025-01-17,안전신문고,2025-01-31,2026-01-02
도로모퉁이,2025-01-21,안전신문고,2025-03-04,2026-01-02
보도(인도)위,2025-01-19,안전신문고,2025-01-31,2026-01-02
보도(인도)위,2025-01-19,안전신문고,2025-01-31,2026-01-02
보도(인도)위,2025-01-19,안전신문고,2025-01-31,2026-01-02
횡단보도,2025-01-18,안전신문고,2025-03-04,2026-01-02
횡단보도,2025-01-18,안전신문고,2025-03-04,2026-01-02
횡단보도,2025-01-19,안전신문고,2025-01-31,2026-01-02
횡단보도,2025-01-22,안전신문고,2025-02-03,2026-01-02
횡단보도,2025-01-22,안전신문고,2025-03-04,2026-01-02
횡단보도,2025-01-22,안전신문고,2025-03-04,2026-01-02
횡단보도,2025-01-22,안전신문고,2025-02-03,2026-01-02
보도(인도)위,2025-01-19,안전신문고,2025-03-04,2026-01-02
소방시설 주변,2025-01-22,안전신문고,2025-03-04,2026-01-02
버스정류장 주변,2025-01-22,안전신문고,2025-02-03,2026-01-02
보도(인도)위,2025-01-19,안전신문고,2025-01-31,2026-01-02
도로모퉁이,2025-01-22,안전신문고,2025-02-03,2026-01-02
횡단보도,2025-01-20,안전신문고,2025-02-03,2026-01-02
보도(인도)위,2025-01-19,안전신문고,2025-03-04,2026-01-02
소방시설 주변,2025-01-22,안전신문고,2025-03-04,2026-01-02
버스정류장 주변,2025-01-22,안전신문고,2025-02-03,2026-01-02
버스정류장 주변,2025-01-22,안전신문고,2025-02-03,2026-01-02
보도(인도)위,2025-01-19,안전신문고,2025-01-31,2026-01-02
보도(인도)위,2025-01-22,안전신문고,2025-02-03,2026-01-02
소방시설 주변,2025-01-22,안전신문고,2025-02-03,2026-01-02
횡단보도,2025-01-06,안전신문고,2025-01-23,2026-01-02
보도(인도)위,2025-01-20,안전신문고,2025-02-03,2026-01-02
횡단보도,2025-01-06,안전신문고,2025-03-04,2026-01-02
보도(인도)위,2025-01-20,안전신문고,2025-02-03,2026-01-02
보도(인도)위,2025-01-19,안전신문고,2025-01-31,2026-01-02
도로모퉁이,2025-01-20,안전신문고,2025-02-03,2026-01-02
주정차 금지구역,2025-01-07,주행형CCTV,2025-01-23,2026-01-02
도로모퉁이,2025-01-20,안전신문고,2025-02-03,2026-01-02
도로모퉁이,2025-01-20,안전신문고,2025-02-03,2026-01-02
보도(인도)위,2025-01-19,안전신문고,2025-01-31,2026-01-02
도로모퉁이,2025-01-20,안전신문고,2025-02-03,2026-01-02
주정차 금지구역,2025-01-07,고정형CCTV,2025-01-23,2026-01-02
버스정류장 주변,2025-01-22,안전신문고,2025-03-04,2026-01-02
버스정류장 주변,2025-01-22,안전신문고,2025-03-04,2026-01-02
보도(인도)위,2025-01-19,안전신문고,2025-03-04,2026-01-02
도로모퉁이,2025-01-20,안전신문고,2025-02-03,2026-01-02
횡단보도,2025-01-09,안전신문고,2025-01-23,2026-01-02
횡단보도,2025-01-22,안전신문고,2025-02-03,2026-01-02
도로모퉁이,2025-01-20,안전신문고,2025-03-04,2026-01-02
도로모퉁이,2025-01-20,안전신문고,2025-03-04,2026-01-02
보도(인도)위,2025-01-10,안전신문고,2025-01-23,2026-01-02
보도(인도)위,2025-01-20,안전신문고,2025-11-21,2026-01-02
보도(인도)위,2025-01-17,안전신문고,2025-01-31,2026-01-02
횡단보도,2025-01-17,안전신문고,2025-01-31,2026-01-02
보도(인도)위,2025-01-20,안전신문고,2025-11-21,2026-01-02
도로모퉁이,2025-01-17,안전신문고,2025-01-31,2026-01-02
횡단보도,2025-01-22,안전신문고,2025-02-03,2026-01-02
횡단보도,2025-01-21,안전신문고,2025-02-03,2026-01-02
도로모퉁이,2025-01-20,안전신문고,2025-02-03,2026-01-02
횡단보도,2025-01-17,안전신문고,2025-01-31,2026-01-02
도로모퉁이,2025-01-19,안전신문고,2025-11-21,2026-01-02
횡단보도,2025-01-17,안전신문고,2025-01-31,2026-01-02
도로모퉁이,2025-01-19,안전신문고,2025-03-04,2026-01-02
주정차 금지구역,2025-01-17,안전신문고,2025-01-31,2026-01-02
보도(인도)위,2025-01-19,안전신문고,2025-03-04,2026-01-02
횡단보도,2025-01-20,안전신문고,2025-02-03,2026-01-02
주정차 금지구역,2025-01-10,고정형CCTV,2025-01-23,2026-01-02
횡단보도,2025-01-20,안전신문고,2025-03-04,2026-01-02
소방시설 주변,2025-01-19,안전신문고,2025-01-31,2026-01-02
보도(인도)위,2025-01-17,안전신문고,2025-03-04,2026-01-02
횡단보도,2025-01-17,안전신문고,2025-01-31,2026-01-02
횡단보도,2025-01-17,안전신문고,2025-01-31,2026-01-02
소방시설 주변,2025-01-19,안전신문고,2025-01-31,2026-01-02
횡단보도,2025-01-17,안전신문고,2025-01-31,2026-01-02
도로모퉁이,2025-01-18,안전신문고,2025-01-31,2026-01-02
도로모퉁이,2025-01-17,안전신문고,2025-01-31,2026-01-02
횡단보도,2025-01-17,안전신문고,2025-01-31,2026-01-02
횡단보도,2025-01-22,안전신문고,2025-02-03,2026-01-02
도로모퉁이,2025-01-20,안전신문고,2025-11-21,2026-01-02
횡단보도,2025-01-21,안전신문고,2025-03-04,2026-01-02
도로모퉁이,2025-01-17,안전신문고,2025-03-04,2026-01-02
횡단보도,2025-01-17,안전신문고,2025-01-31,2026-01-02
도로모퉁이,2025-01-17,안전신문고,2025-01-31,2026-01-02
소방시설 주변,2025-01-19,안전신문고,2025-01-31,2026-01-02
도로모퉁이,2025-01-22,안전신문고,2025-02-03,2026-01-02
도로모퉁이,2025-01-22,안전신문고,2025-02-03,2026-01-02
횡단보도,2025-01-21,안전신문고,2025-03-04,2026-01-02
소방시설 주변,2025-01-20,안전신문고,2025-02-03,2026-01-02
도로모퉁이,2025-01-20,안전신문고,2025-02-03,2026-01-02
도로모퉁이,2025-01-17,안전신문고,2025-01-31,2026-01-02
보도(인도)위,2025-01-22,안전신문고,2025-03-04,2026-01-02
버스정류장 주변,2025-01-17,안전신문고,2025-01-31,2026-01-02
보도(인도)위,2025-01-17,안전신문고,2025-01-31,2026-01-02
주정차 금지구역,2025-01-10,고정형CCTV,2025-01-23,2026-01-02
주정차 금지구역,2025-01-11,고정형CCTV,2025-01-23,2026-01-02
소방시설 주변,2025-01-20,안전신문고,2025-02-03,2026-01-02
주정차 금지구역,2025-01-11,고정형CCTV,2025-03-04,2026-01-02
주정차 금지구역,2025-01-11,고정형CCTV,2025-03-04,2026-01-02
도로모퉁이,2025-01-20,안전신문고,2025-02-03,2026-01-02
소방시설 주변,2025-01-21,안전신문고,2025-03-04,2026-01-02
횡단보도,2025-01-19,안전신문고,2025-03-04,2026-01-02
주정차 금지구역,2025-01-11,고정형CCTV,2025-01-23,2026-01-02
도로모퉁이,2025-01-18,안전신문고,2025-03-04,2026-01-02
도로모퉁이,2025-01-20,안전신문고,2025-02-03,2026-01-02
도로모퉁이,2025-01-20,안전신문고,2025-11-21,2026-01-02
횡단보도,2025-01-18,안전신문고,2025-01-31,2026-01-02
횡단보도,2025-01-20,안전신문고,2025-11-21,2026-01-02
교차로,2025-01-22,안전신문고,2025-02-03,2026-01-02
소방시설 주변,2025-01-20,안전신문고,2025-02-03,2026-01-02
도로모퉁이,2025-01-22,안전신문고,2025-02-03,2026-01-02
주정차 금지구역,2025-01-12,고정형CCTV,2025-01-23,2026-01-02
도로모퉁이,2025-01-20,안전신문고,2025-03-04,2026-01-02
소방시설 주변,2025-01-20,안전신문고,2025-03-04,2026-01-02
도로모퉁이,2025-01-18,안전신문고,2025-03-04,2026-01-02
도로모퉁이,2025-01-20,안전신문고,2025-02-03,2026-01-02
도로모퉁이,2025-01-20,안전신문고,2025-02-03,2026-01-02
보도(인도)위,2025-01-20,안전신문고,2025-02-03,2026-01-02
횡단보도,2025-01-18,안전신문고,2025-01-31,2026-01-02
주정차 금지구역,2025-01-12,고정형CCTV,2025-01-23,2026-01-02
주정차 금지구역,2025-01-12,고정형CCTV,2025-01-23,2026-01-02
도로모퉁이,2025-01-22,안전신문고,2025-02-03,2026-01-02
주정차 금지구역,2025-01-12,고정형CCTV,2025-03-04,2026-01-02
주정차 금지구역,2025-01-13,주행형CCTV,2025-01-23,2026-01-02
주정차 금지구역,2025-01-14,주행형CCTV,2025-03-04,2026-01-02
도로모퉁이,2025-01-22,안전신문고,2025-03-04,2026-01-02
횡단보도,2025-01-22,안전신문고,2025-11-21,2026-01-02
보도(인도)위,2025-01-21,안전신문고,2025-03-04,2026-01-02
주정차 금지구역,2025-01-14,주행형CCTV,2025-01-23,2026-01-02
횡단보도,2025-01-18,안전신문고,2025-03-04,2026-01-02
도로모퉁이,2025-01-22,안전신문고,2025-03-04,2026-01-02
보도(인도)위,2025-01-18,안전신문고,2025-03-04,2026-01-02
횡단보도,2025-01-20,안전신문고,2025-11-21,2026-01-02
횡단보도,2025-01-18,안전신문고,2025-01-31,2026-01-02
주정차 금지구역,2025-01-12,고정형CCTV,2025-03-04,2026-01-02
주정차 금지구역,2025-01-12,고정형CCTV,2025-01-23,2026-01-02
주정차 금지구역,2025-01-12,고정형CCTV,2025-03-04,2026-01-02
보도(인도)위,2025-01-22,안전신문고,2025-02-03,2026-01-02
주정차 금지구역,2025-01-12,고정형CCTV,2025-03-04,2026-01-02
도로모퉁이,2025-01-22,안전신문고,2025-02-03,2026-01-02
도로모퉁이,2025-01-22,안전신문고,2025-02-03,2026-01-02
주정차 금지구역,2025-01-13,주행형CCTV,2025-01-23,2026-01-02
도로모퉁이,2025-01-22,안전신문고,2025-03-04,2026-01-02
주정차 금지구역,2025-01-13,고정형CCTV,2025-01-23,2026-01-02
보도(인도)위,2025-01-22,안전신문고,2025-11-21,2026-01-02
주정차 금지구역,2025-01-14,주행형CCTV,2025-01-23,2026-01-02
도로모퉁이,2025-01-21,안전신문고,2025-03-04,2026-01-02
주정차 금지구역,2025-01-14,고정형CCTV,2025-01-23,2026-01-02
보도(인도)위,2025-01-18,안전신문고,2025-01-31,2026-01-02
주정차 금지구역,2025-01-14,고정형CCTV,2025-01-23,2026-01-02
보도(인도)위,2025-01-17,안전신문고,2025-01-31,2026-01-02
주정차 금지구역,2025-01-14,고정형CCTV,2025-01-23,2026-01-02
주정차 금지구역,2025-01-15,주행형CCTV,2025-03-04,2026-01-02
보도(인도)위,2025-01-21,안전신문고,2025-03-04,2026-01-02
횡단보도,2025-01-17,안전신문고,2025-01-31,2026-01-02
주정차 금지구역,2025-01-16,주행형CCTV,2025-01-23,2026-01-02
주정차 금지구역,2025-01-16,고정형CCTV,2025-03-04,2026-01-02
주정차 금지구역,2025-01-19,고정형CCTV,2025-03-04,2026-01-02
보도(인도)위,2025-01-22,안전신문고,2025-02-03,2026-01-02
도로모퉁이,2025-01-17,안전신문고,2025-01-31,2026-01-02
도로모퉁이,2025-01-22,안전신문고,2025-02-03,2026-01-02
보도(인도)위,2025-01-17,안전신문고,2025-01-31,2026-01-02
횡단보도,2025-01-19,안전신문고,2025-01-31,2026-01-02
주정차 금지구역,2025-01-15,고정형CCTV,2025-03-04,2026-01-02
횡단보도,2025-01-22,안전신문고,2025-02-03,2026-01-02
주정차 금지구역,2025-01-19,고정형CCTV,2025-03-04,2026-01-02
횡단보도,2025-01-21,안전신문고,2025-02-03,2026-01-02
소방시설 주변,2025-01-18,안전신문고,2025-01-31,2026-01-02
횡단보도,2025-01-22,안전신문고,2025-02-03,2026-01-02
횡단보도,2025-01-17,안전신문고,2025-01-31,2026-01-02
도로모퉁이,2025-01-20,안전신문고,2025-02-03,2026-01-02
도로모퉁이,2025-01-18,안전신문고,2025-03-04,2026-01-02
도로모퉁이,2025-01-22,안전신문고,2025-03-04,2026-01-02
소방시설 주변,2025-01-17,안전신문고,2025-01-31,2026-01-02
횡단보도,2025-01-18,안전신문고,2025-01-31,2026-01-02
도로모퉁이,2025-01-17,안전신문고,2025-01-31,2026-01-02
보도(인도)위,2025-01-21,안전신문고,2025-02-03,2026-01-02
도로모퉁이,2025-01-17,안전신문고,2025-03-04,2026-01-02
횡단보도,2025-01-20,안전신문고,2025-02-03,2026-01-02
횡단보도,2025-01-21,안전신문고,2025-02-03,2026-01-02
도로모퉁이,2025-01-20,안전신문고,2025-02-03,2026-01-02
도로모퉁이,2025-01-20,안전신문고,2025-03-04,2026-01-02
횡단보도,2025-01-21,안전신문고,2025-02-03,2026-01-02
횡단보도,2025-01-20,안전신문고,2025-03-04,2026-01-02
소방시설 주변,2025-01-19,안전신문고,2025-11-21,2026-01-02
소방시설 주변,2025-01-19,안전신문고,2025-01-31,2026-01-02
도로모퉁이,2025-01-22,안전신문고,2025-02-03,2026-01-02
도로모퉁이,2025-01-20,안전신문고,2025-03-04,2026-01-02
횡단보도,2025-01-20,안전신문고,2025-03-04,2026-01-02
보도(인도)위,2025-01-21,안전신문고,2025-03-04,2026-01-02
보도(인도)위,2025-01-20,안전신문고,2025-02-03,2026-01-02
횡단보도,2025-01-20,안전신문고,2025-11-21,2026-01-02
도로모퉁이,2025-01-17,안전신문고,2025-01-31,2026-01-02
소방시설 주변,2025-01-17,안전신문고,2025-01-31,2026-01-02
횡단보도,2025-01-21,안전신문고,2025-03-04,2026-01-02
도로모퉁이,2025-01-20,안전신문고,2025-03-04,2026-01-02
도로모퉁이,2025-01-20,안전신문고,2025-11-21,2026-01-02
도로모퉁이,2025-01-20,안전신문고,2025-02-03,2026-01-02
도로모퉁이,2025-01-20,안전신문고,2025-02-03,2026-01-02
횡단보도,2025-01-21,안전신문고,2025-02-03,2026-01-02
도로모퉁이,2025-01-18,안전신문고,2025-03-04,2026-01-02
도로모퉁이,2025-01-20,안전신문고,2025-02-03,2026-01-02
도로모퉁이,2025-01-20,안전신문고,2025-02-03,2026-01-02
횡단보도,2025-01-22,안전신문고,2025-03-04,2026-01-02
보도(인도)위,2025-01-17,안전신문고,2025-02-28,2026-01-02
보도(인도)위,2025-01-21,안전신문고,2025-03-04,2026-01-02
횡단보도,2025-01-22,안전신문고,2025-03-04,2026-01-02
도로모퉁이,2025-01-20,안전신문고,2025-02-03,2026-01-02
도로모퉁이,2025-01-18,안전신문고,2025-03-04,2026-01-02
도로모퉁이,2025-01-22,안전신문고,2025-03-04,2026-01-02
횡단보도,2025-01-21,안전신문고,2025-03-04,2026-01-02
횡단보도,2025-01-20,안전신문고,2025-02-03,2026-01-02
도로모퉁이,2025-01-20,안전신문고,2025-02-03,2026-01-02
도로모퉁이,2025-01-19,안전신문고,2025-01-31,2026-01-02
소방시설 주변,2025-01-18,안전신문고,2025-01-31,2026-01-02
소방시설 주변,2025-01-18,안전신문고,2025-01-31,2026-01-02
횡단보도,2025-01-22,안전신문고,2025-02-03,2026-01-02
횡단보도,2025-01-22,안전신문고,2025-11-21,2026-01-02
횡단보도,2025-01-22,안전신문고,2025-02-03,2026-01-02
횡단보도,2025-01-22,안전신문고,2025-03-04,2026-01-02
도로모퉁이,2025-01-18,안전신문고,2025-11-21,2026-01-02
소방시설 주변,2025-01-22,안전신문고,2025-02-03,2026-01-02
횡단보도,2025-01-21,안전신문고,2025-02-03,2026-01-02
소방시설 주변,2025-01-16,안전신문고,2025-02-19,2026-01-02
소방시설 주변,2025-01-21,안전신문고,2025-02-03,2026-01-02
보도(인도)위,2025-01-16,안전신문고,2025-01-31,2026-01-02
소방시설 주변,2025-01-22,안전신문고,2025-03-04,2026-01-02
소방시설 주변,2025-01-16,안전신문고,2025-03-04,2026-01-02
도로모퉁이,2025-01-22,안전신문고,2025-03-04,2026-01-02
보도(인도)위,2025-01-22,안전신문고,2025-02-03,2026-01-02
도로모퉁이,2025-01-22,안전신문고,2025-03-04,2026-01-02
횡단보도,2025-01-17,안전신문고,2025-01-31,2026-01-02
보도(인도)위,2025-01-16,안전신문고,2025-01-31,2026-01-02
도로모퉁이,2025-01-17,안전신문고,2025-03-04,2026-01-02
도로모퉁이,2025-01-22,안전신문고,2025-02-28,2026-01-02
횡단보도,2025-01-16,안전신문고,2025-01-31,2026-01-02
도로모퉁이,2025-01-22,안전신문고,2025-02-03,2026-01-02
횡단보도,2025-01-22,안전신문고,2025-02-03,2026-01-02
보도(인도)위,2025-01-21,안전신문고,2025-03-04,2026-01-02
보도(인도)위,2025-01-21,안전신문고,2025-11-21,2026-01-02
소방시설 주변,2025-01-22,안전신문고,2025-02-03,2026-01-02
횡단보도,2025-01-19,안전신문고,2025-01-31,2026-01-02
소방시설 주변,2025-01-22,안전신문고,2025-02-03,2026-01-02
횡단보도,2025-01-22,안전신문고,2025-03-04,2026-01-02
소방시설 주변,2025-01-22,안전신문고,2025-02-03,2026-01-02
보도(인도)위,2025-01-17,안전신문고,2025-01-31,2026-01-02
보도(인도)위,2025-01-22,안전신문고,2025-02-03,2026-01-02
횡단보도,2025-01-16,안전신문고,2025-01-31,2026-01-02
횡단보도,2025-01-21,안전신문고,2025-03-04,2026-01-02
보도(인도)위,2025-01-22,안전신문고,2025-03-04,2026-01-02
보도(인도)위,2025-01-22,안전신문고,2025-02-03,2026-01-02
도로모퉁이,2025-01-22,안전신문고,2025-02-03,2026-01-02
횡단보도,2025-01-22,안전신문고,2025-02-03,2026-01-02
보도(인도)위,2025-01-22,안전신문고,2025-02-03,2026-01-02
보도(인도)위,2025-01-21,안전신문고,2025-03-04,2026-01-02
횡단보도,2025-01-19,안전신문고,2025-01-31,2026-01-02
횡단보도,2025-01-21,안전신문고,2025-02-03,2026-01-02
보도(인도)위,2025-01-22,안전신문고,2025-02-03,2026-01-02
소방시설 주변,2025-01-17,안전신문고,2025-03-04,2026-01-02
보도(인도)위,2025-01-21,안전신문고,2025-03-04,2026-01-02
도로모퉁이,2025-01-18,안전신문고,2025-03-04,2026-01-02
도로모퉁이,2025-01-17,안전신문고,2025-01-31,2026-01-02
도로모퉁이,2025-01-16,안전신문고,2025-01-31,2026-01-02
도로모퉁이,2025-01-19,안전신문고,2025-03-04,2026-01-02
소방시설 주변,2025-01-18,안전신문고,2025-01-31,2026-01-02
횡단보도,2025-01-18,안전신문고,2025-11-21,2026-01-02
보도(인도)위,2025-01-18,안전신문고,2025-03-04,2026-01-02
도로모퉁이,2025-01-18,안전신문고,2025-01-31,2026-01-02
횡단보도,2025-01-19,안전신문고,2025-01-31,2026-01-02
보도(인도)위,2025-01-21,안전신문고,2025-02-03,2026-01-02
보도(인도)위,2025-01-19,안전신문고,2025-01-31,2026-01-02
횡단보도,2025-01-19,안전신문고,2025-01-31,2026-01-02
보도(인도)위,2025-01-21,안전신문고,2025-02-03,2026-01-02
보도(인도)위,2025-01-18,안전신문고,2025-01-31,2026-01-02
횡단보도,2025-01-21,안전신문고,2025-03-04,2026-01-02
횡단보도,2025-01-21,안전신문고,2025-02-03,2026-01-02
보도(인도)위,2025-01-19,안전신문고,2025-01-31,2026-01-02
보도(인도)위,2025-01-19,안전신문고,2025-03-04,2026-01-02
보도(인도)위,2025-01-21,안전신문고,2025-02-03,2026-01-02
도로모퉁이,2025-01-18,안전신문고,2025-01-31,2026-01-02
횡단보도,2025-01-21,안전신문고,2025-02-03,2026-01-02
횡단보도,2025-01-21,안전신문고,2025-02-03,2026-01-02
소방시설 주변,2025-01-16,안전신문고,2025-03-04,2026-01-02
소방시설 주변,2025-01-19,안전신문고,2025-01-31,2026-01-02
횡단보도,2025-01-19,안전신문고,2025-03-04,2026-01-02
보도(인도)위,2025-01-19,안전신문고,2025-01-31,2026-01-02
도로모퉁이,2025-01-19,안전신문고,2025-03-04,2026-01-02
횡단보도,2025-01-19,안전신문고,2025-01-31,2026-01-02
보도(인도)위,2025-01-21,안전신문고,2025-02-03,2026-01-02
횡단보도,2025-01-21,안전신문고,2025-11-21,2026-01-02
횡단보도,2025-01-18,안전신문고,2025-01-31,2026-01-02
보도(인도)위,2025-01-21,안전신문고,2025-02-03,2026-01-02
횡단보도,2025-01-18,안전신문고,2025-11-21,2026-01-02
보도(인도)위,2025-01-21,안전신문고,2025-02-03,2026-01-02
소방시설 주변,2025-01-18,안전신문고,2025-03-04,2026-01-02
도로모퉁이,2025-01-19,안전신문고,2025-03-04,2026-01-02
도로모퉁이,2025-01-19,안전신문고,2025-11-21,2026-01-02
횡단보도,2025-01-21,안전신문고,2025-02-03,2026-01-02
도로모퉁이,2025-01-22,안전신문고,2025-02-03,2026-01-02
횡단보도,2025-01-18,안전신문고,2025-01-31,2026-01-02
도로모퉁이,2025-01-18,안전신문고,2025-01-31,2026-01-02
횡단보도,2025-01-21,안전신문고,2025-02-03,2026-01-02
횡단보도,2025-01-21,안전신문고,2025-02-03,2026-01-02
횡단보도,2025-01-21,안전신문고,2025-02-03,2026-01-02
도로모퉁이,2025-01-18,안전신문고,2025-01-31,2026-01-02
소방시설 주변,2025-01-18,안전신문고,2025-01-31,2026-01-02
횡단보도,2025-01-21,안전신문고,2025-02-03,2026-01-02
보도(인도)위,2025-01-18,안전신문고,2025-01-31,2026-01-02
도로모퉁이,2025-01-22,안전신문고,2025-03-04,2026-01-02
도로모퉁이,2025-01-22,안전신문고,2025-02-03,2026-01-02
도로모퉁이,2025-01-19,안전신문고,2025-01-31,2026-01-02
횡단보도,2025-01-18,안전신문고,2025-03-04,2026-01-02
도로모퉁이,2025-01-22,안전신문고,2025-02-03,2026-01-02
도로모퉁이,2025-01-18,안전신문고,2025-01-31,2026-01-02
보도(인도)위,2025-01-22,안전신문고,2025-02-03,2026-01-02
버스정류장 주변,2025-01-18,안전신문고,2025-11-21,2026-01-02
횡단보도,2025-01-21,안전신문고,2025-02-03,2026-01-02
도로모퉁이,2025-01-19,안전신문고,2025-01-31,2026-01-02
보도(인도)위,2025-01-18,안전신문고,2025-01-31,2026-01-02
횡단보도,2025-01-22,안전신문고,2025-02-03,2026-01-02
횡단보도,2025-01-16,안전신문고,2025-03-04,2026-01-02
도로모퉁이,2025-01-21,안전신문고,2025-03-04,2026-01-02
보도(인도)위,2025-01-21,안전신문고,2025-03-04,2026-01-02
횡단보도,2025-01-16,안전신문고,2025-01-31,2026-01-02
횡단보도,2025-01-21,안전신문고,2025-02-03,2026-01-02
소방시설 주변,2025-01-18,안전신문고,2025-01-31,2026-01-02
도로모퉁이,2025-01-22,안전신문고,2025-03-04,2026-01-02
횡단보도,2025-01-21,안전신문고,2025-03-04,2026-01-02
보도(인도)위,2025-01-16,안전신문고,2025-01-31,2026-01-02
보도(인도)위,2025-01-21,안전신문고,2025-02-03,2026-01-02
도로모퉁이,2025-01-21,안전신문고,2025-03-04,2026-01-02
도로모퉁이,2025-01-21,안전신문고,2025-03-04,2026-01-02
횡단보도,2025-01-18,안전신문고,2025-03-04,2026-01-02
소방시설 주변,2025-01-21,안전신문고,2025-02-03,2026-01-02
횡단보도,2025-01-21,안전신문고,2025-02-03,2026-01-02
횡단보도,2025-01-21,안전신문고,2025-03-04,2026-01-02
보도(인도)위,2025-01-21,안전신문고,2025-02-03,2026-01-02
횡단보도,2025-01-21,안전신문고,2025-02-03,2026-01-02
소방시설 주변,2025-01-21,안전신문고,2025-03-04,2026-01-02
도로모퉁이,2025-01-18,안전신문고,2025-01-31,2026-01-02
횡단보도,2025-01-21,안전신문고,2025-02-03,2026-01-02
도로모퉁이,2025-01-18,안전신문고,2025-01-31,2026-01-02
보도(인도)위,2025-01-18,안전신문고,2025-03-04,2026-01-02
횡단보도,2025-01-18,안전신문고,2025-01-31,2026-01-02
도로모퉁이,2025-01-18,안전신문고,2025-03-04,2026-01-02
보도(인도)위,2025-01-19,안전신문고,2025-01-31,2026-01-02
소방시설 주변,2025-01-23,안전신문고,2025-02-05,2026-01-02
도로모퉁이,2025-01-19,안전신문고,2025-01-31,2026-01-02
횡단보도,2025-01-18,안전신문고,2025-01-31,2026-01-02
도로모퉁이,2025-01-18,안전신문고,2025-03-04,2026-01-02
도로모퉁이,2025-01-19,안전신문고,2025-03-04,2026-01-02
소방시설 주변,2025-01-23,안전신문고,2025-02-05,2026-01-02
도로모퉁이,2025-01-19,안전신문고,2025-03-04,2026-01-02
보도(인도)위,2025-01-19,안전신문고,2025-01-31,2026-01-02
보도(인도)위,2025-01-18,안전신문고,2025-01-31,2026-01-02
보도(인도)위,2025-01-18,안전신문고,2025-01-31,2026-01-02
도로모퉁이,2025-01-18,안전신문고,2025-01-31,2026-01-02
도로모퉁이,2025-01-18,안전신문고,2025-01-31,2026-01-02
버스정류장 주변,2025-01-18,안전신문고,2025-01-31,2026-01-02
횡단보도,2025-01-23,안전신문고,2025-03-04,2026-01-02
보도(인도)위,2025-01-23,안전신문고,2025-03-04,2026-01-02
횡단보도,2025-01-23,안전신문고,2025-02-05,2026-01-02
보도(인도)위,2025-01-23,안전신문고,2025-03-04,2026-01-02
횡단보도,2025-01-23,안전신문고,2025-03-04,2026-01-02
횡단보도,2025-01-23,안전신문고,2025-02-05,2026-01-02
보도(인도)위,2025-01-23,안전신문고,2025-02-05,2026-01-02
횡단보도,2025-01-23,안전신문고,2025-03-04,2026-01-02
횡단보도,2025-01-17,안전신문고,2025-03-04,2026-01-02
보도(인도)위,2025-01-23,안전신문고,2025-02-05,2026-01-02
보도(인도)위,2025-01-17,안전신문고,2025-03-04,2026-01-02
횡단보도,2025-01-23,안전신문고,2025-02-05,2026-01-02
횡단보도,2025-01-23,안전신문고,2025-02-05,2026-01-02
횡단보도,2025-01-23,안전신문고,2025-03-04,2026-01-02
도로모퉁이,2025-01-19,안전신문고,2025-03-04,2026-01-02
보도(인도)위,2025-01-23,안전신문고,2025-03-04,2026-01-02
소방시설 주변,2025-01-12,안전신문고,2025-03-04,2026-01-02
보도(인도)위,2025-01-18,안전신문고,2025-01-31,2026-01-02
횡단보도,2025-01-23,안전신문고,2025-02-05,2026-01-02
보도(인도)위,2025-01-23,안전신문고,2025-02-05,2026-01-02
도로모퉁이,2025-01-23,안전신문고,2025-03-04,2026-01-02
보도(인도)위,2025-01-21,안전신문고,2025-02-03,2026-01-02
횡단보도,2025-01-21,안전신문고,2025-02-03,2026-01-02
보도(인도)위,2025-01-21,안전신문고,2025-02-03,2026-01-02
보도(인도)위,2025-01-21,안전신문고,2025-02-03,2026-01-02
소방시설 주변,2025-01-21,안전신문고,2025-02-03,2026-01-02
도로모퉁이,2025-01-21,안전신문고,2025-03-04,2026-01-02
횡단보도,2025-01-21,안전신문고,2025-03-04,2026-01-02
횡단보도,2025-01-21,안전신문고,2025-02-03,2026-01-02
보도(인도)위,2025-01-21,안전신문고,2025-02-03,2026-01-02
보도(인도)위,2025-01-21,안전신문고,2025-02-03,2026-01-02
횡단보도,2025-01-21,안전신문고,2025-02-03,2026-01-02
도로모퉁이,2025-01-21,안전신문고,2025-03-04,2026-01-02
도로모퉁이,2025-01-21,안전신문고,2025-02-03,2026-01-02
보도(인도)위,2025-01-21,안전신문고,2025-03-04,2026-01-02
횡단보도,2025-01-21,안전신문고,2025-02-03,2026-01-02
횡단보도,2025-01-21,안전신문고,2025-02-03,2026-01-02
도로모퉁이,2025-01-21,안전신문고,2025-02-03,2026-01-02
보도(인도)위,2025-01-21,안전신문고,2025-03-04,2026-01-02
횡단보도,2025-01-21,안전신문고,2025-02-03,2026-01-02
보도(인도)위,2025-01-21,안전신문고,2025-02-03,2026-01-02
보도(인도)위,2025-01-21,안전신문고,2025-02-03,2026-01-02
보도(인도)위,2025-01-18,안전신문고,2025-03-04,2026-01-02
횡단보도,2025-01-23,안전신문고,2025-02-05,2026-01-02
보도(인도)위,2025-01-23,안전신문고,2025-03-04,2026-01-02
횡단보도,2025-01-23,안전신문고,2025-02-05,2026-01-02
횡단보도,2025-01-23,안전신문고,2025-02-05,2026-01-02
보도(인도)위,2025-01-23,안전신문고,2025-02-05,2026-01-02
횡단보도,2025-01-23,안전신문고,2025-03-04,2026-01-02
횡단보도,2025-01-23,안전신문고,2025-02-05,2026-01-02
횡단보도,2025-01-23,안전신문고,2025-03-04,2026-01-02
보도(인도)위,2025-01-23,안전신문고,2025-02-05,2026-01-02
보도(인도)위,2025-01-23,안전신문고,2025-03-04,2026-01-02
도로모퉁이,2025-01-23,안전신문고,2025-02-05,2026-01-02
도로모퉁이,2025-01-23,안전신문고,2025-03-04,2026-01-02
도로모퉁이,2025-01-23,안전신문고,2025-11-21,2026-01-02
횡단보도,2025-01-23,안전신문고,2025-02-05,2026-01-02
도로모퉁이,2025-01-23,안전신문고,2025-03-04,2026-01-02
도로모퉁이,2025-01-23,안전신문고,2025-03-04,2026-01-02
소방시설 주변,2025-01-23,안전신문고,2025-03-04,2026-01-02
횡단보도,2025-01-23,안전신문고,2025-02-05,2026-01-02
횡단보도,2025-01-23,안전신문고,2025-02-05,2026-01-02
횡단보도,2025-01-23,안전신문고,2025-03-04,2026-01-02
도로모퉁이,2025-01-22,안전신문고,2025-02-03,2026-01-02
횡단보도,2025-01-23,안전신문고,2025-02-05,2026-01-02
횡단보도,2025-01-23,안전신문고,2025-02-05,2026-01-02
횡단보도,2025-01-23,안전신문고,2025-03-04,2026-01-02
횡단보도,2025-01-23,안전신문고,2025-02-05,2026-01-02
보도(인도)위,2025-01-23,안전신문고,2025-02-05,2026-01-02
도로모퉁이,2025-01-22,안전신문고,2025-02-03,2026-01-02
도로모퉁이,2025-01-22,안전신문고,2025-02-03,2026-01-02
보도(인도)위,2025-01-23,안전신문고,2025-02-05,2026-01-02
횡단보도,2025-01-23,안전신문고,2025-02-05,2026-01-02
도로모퉁이,2025-01-23,안전신문고,2025-02-05,2026-01-02
도로모퉁이,2025-01-23,안전신문고,2025-03-04,2026-01-02
횡단보도,2025-01-23,안전신문고,2025-03-04,2026-01-02
횡단보도,2025-01-23,안전신문고,2025-02-05,2026-01-02
소방시설 주변,2025-01-23,안전신문고,2025-02-05,2026-01-02
도로모퉁이,2025-01-23,안전신문고,2025-02-05,2026-01-02
보도(인도)위,2025-01-27,안전신문고,2025-03-04,2026-01-02
보도(인도)위,2025-01-27,안전신문고,2025-03-04,2026-01-02
횡단보도,2025-01-27,안전신문고,2025-02-06,2026-01-02
횡단보도,2025-01-27,안전신문고,2025-02-06,2026-01-02
보도(인도)위,2025-01-27,안전신문고,2025-02-06,2026-01-02
횡단보도,2025-01-27,안전신문고,2025-02-06,2026-01-02
횡단보도,2025-01-27,안전신문고,2025-02-06,2026-01-02
보도(인도)위,2025-01-27,안전신문고,2025-02-06,2026-01-02
보도(인도)위,2025-01-27,안전신문고,2025-03-04,2026-01-02
도로모퉁이,2025-01-23,안전신문고,2025-03-04,2026-01-02
횡단보도,2025-01-23,안전신문고,2025-03-04,2026-01-02
횡단보도,2025-01-23,안전신문고,2025-11-21,2026-01-02
횡단보도,2025-01-27,안전신문고,2025-03-04,2026-01-02
도로모퉁이,2025-01-25,안전신문고,2025-02-06,2026-01-02
횡단보도,2025-01-27,안전신문고,2025-02-06,2026-01-02
횡단보도,2025-01-27,안전신문고,2025-03-04,2026-01-02
횡단보도,2025-01-23,안전신문고,2025-03-04,2026-01-02
보도(인도)위,2025-01-23,안전신문고,2025-11-21,2026-01-02
횡단보도,2025-01-27,안전신문고,2025-02-06,2026-01-02
보도(인도)위,2025-01-27,안전신문고,2025-02-06,2026-01-02
보도(인도)위,2025-01-27,안전신문고,2025-02-06,2026-01-02
보도(인도)위,2025-01-23,안전신문고,2025-03-04,2026-01-02
횡단보도,2025-01-27,안전신문고,2025-02-06,2026-01-02
보도(인도)위,2025-01-27,안전신문고,2025-03-04,2026-01-02
보도(인도)위,2025-01-25,안전신문고,2025-02-06,2026-01-02
횡단보도,2025-01-27,안전신문고,2025-02-06,2026-01-02
횡단보도,2025-01-27,안전신문고,2025-03-04,2026-01-02
보도(인도)위,2025-01-27,안전신문고,2025-03-04,2026-01-02
횡단보도,2025-01-27,안전신문고,2025-02-06,2026-01-02
보도(인도)위,2025-01-27,안전신문고,2025-02-06,2026-01-02
도로모퉁이,2025-01-23,안전신문고,2025-02-05,2026-01-02
보도(인도)위,2025-01-27,안전신문고,2025-11-21,2026-01-02
횡단보도,2025-01-27,안전신문고,2025-02-06,2026-01-02
보도(인도)위,2025-01-27,안전신문고,2025-02-06,2026-01-02
기타,2025-01-10,안전신문고,2025-03-04,2026-01-02
횡단보도,2025-01-27,안전신문고,2025-02-06,2026-01-02
횡단보도,2025-01-23,안전신문고,2025-02-05,2026-01-02
횡단보도,2025-01-27,안전신문고,2025-02-06,2026-01-02
보도(인도)위,2025-01-29,안전신문고,2025-02-07,2026-01-02
횡단보도,2025-01-29,안전신문고,2025-02-07,2026-01-02
횡단보도,2025-01-25,안전신문고,2025-11-21,2026-01-02
도로모퉁이,2025-01-21,안전신문고,2025-02-03,2026-01-02
도로모퉁이,2025-01-23,안전신문고,2025-02-05,2026-01-02
보도(인도)위,2025-01-29,안전신문고,2025-03-04,2026-01-02
도로모퉁이,2025-01-25,안전신문고,2025-02-06,2026-01-02
횡단보도,2025-01-02,안전신문고,2025-03-04,2026-01-02
횡단보도,2025-01-23,안전신문고,2025-02-05,2026-01-02
보도(인도)위,2025-01-23,안전신문고,2025-11-21,2026-01-02
횡단보도,2025-01-04,안전신문고,2025-01-31,2026-01-02
보도(인도)위,2025-01-04,안전신문고,2025-01-31,2026-01-02
도로모퉁이,2025-01-05,안전신문고,2025-03-04,2026-01-02
횡단보도,2025-01-06,안전신문고,2025-01-31,2026-01-02
횡단보도,2025-01-07,안전신문고,2025-01-31,2026-01-02
보도(인도)위,2025-01-08,안전신문고,2025-01-31,2026-01-02
도로모퉁이,2025-01-06,안전신문고,2025-03-04,2026-01-02
횡단보도,2025-01-27,안전신문고,2025-02-06,2026-01-02
보도(인도)위,2025-01-29,안전신문고,2025-03-04,2026-01-02
횡단보도,2025-01-21,안전신문고,2025-03-04,2026-01-02
소방시설 주변,2025-01-25,안전신문고,2025-02-06,2026-01-02
횡단보도,2025-01-25,안전신문고,2025-02-06,2026-01-02
주정차 금지구역,2025-01-08,고정형CCTV,2025-01-31,2026-01-02
주정차 금지구역,2025-01-09,고정형CCTV,2025-01-31,2026-01-02
기타,2025-01-10,안전신문고,2025-01-31,2026-01-02
보도(인도)위,2025-01-29,안전신문고,2025-03-04,2026-01-02
주정차 금지구역,2025-01-11,고정형CCTV,2025-03-04,2026-01-02
주정차 금지구역,2025-01-12,고정형CCTV,2025-01-31,2026-01-02
보도(인도)위,2025-01-29,안전신문고,2025-03-04,2026-01-02
횡단보도,2025-01-29,안전신문고,2025-03-04,2026-01-02
보도(인도)위,2025-01-27,안전신문고,2025-02-06,2026-01-02
보도(인도)위,2025-01-27,안전신문고,2025-02-06,2026-01-02
횡단보도,2025-01-25,안전신문고,2025-03-04,2026-01-02
소방시설 주변,2025-01-21,안전신문고,2025-11-21,2026-01-02
도로모퉁이,2025-01-12,안전신문고,2025-01-31,2026-01-02
보도(인도)위,2025-01-13,안전신문고,2025-03-04,2026-01-02
소방시설 주변,2025-01-21,안전신문고,2025-02-03,2026-01-02
보도(인도)위,2025-01-14,안전신문고,2025-03-04,2026-01-02
소방시설 주변,2025-01-29,안전신문고,2025-02-07,2026-01-02
도로모퉁이,2025-01-23,안전신문고,2025-02-05,2026-01-02
횡단보도,2025-01-27,안전신문고,2025-02-06,2026-01-02
도로모퉁이,2025-01-25,안전신문고,2025-02-06,2026-01-02
주정차 금지구역,2025-01-14,주행형CCTV,2025-01-31,2026-01-02
도로모퉁이,2025-01-14,안전신문고,2025-01-31,2026-01-02
도로모퉁이,2025-01-23,안전신문고,2025-02-05,2026-01-02
소방시설 주변,2025-01-27,안전신문고,2025-02-06,2026-01-02
횡단보도,2025-01-24,안전신문고,2025-03-04,2026-01-02
보도(인도)위,2025-01-25,안전신문고,2025-02-06,2026-01-02
주정차 금지구역,2025-01-13,고정형CCTV,2025-03-04,2026-01-02
도로모퉁이,2025-01-23,안전신문고,2025-02-05,2026-01-02
주정차 금지구역,2025-01-14,주행형CCTV,2025-03-04,2026-01-02
횡단보도,2025-01-25,안전신문고,2025-02-06,2026-01-02
보도(인도)위,2025-01-23,안전신문고,2025-02-05,2026-01-02
도로모퉁이,2025-01-23,안전신문고,2025-02-05,2026-01-02
도로모퉁이,2025-01-24,안전신문고,2025-03-04,2026-01-02
보도(인도)위,2025-01-25,안전신문고,2025-03-04,2026-01-02
도로모퉁이,2025-01-23,안전신문고,2025-03-04,2026-01-02
횡단보도,2025-01-24,안전신문고,2025-02-05,2026-01-02
횡단보도,2025-01-24,안전신문고,2025-02-05,2026-01-02
주정차 금지구역,2025-01-14,고정형CCTV,2025-03-04,2026-01-02
소방시설 주변,2025-01-26,안전신문고,2025-02-06,2026-01-02
소방시설 주변,2025-01-15,주행형CCTV,2025-03-04,2026-01-02
주정차 금지구역,2025-01-15,고정형CCTV,2025-03-04,2026-01-02
횡단보도,2025-01-26,안전신문고,2025-02-06,2026-01-02
도로모퉁이,2025-01-21,안전신문고,2025-03-04,2026-01-02
주정차 금지구역,2025-01-15,고정형CCTV,2025-01-31,2026-01-02
도로모퉁이,2025-01-15,안전신문고,2025-01-31,2026-01-02
보도(인도)위,2025-01-09,안전신문고,2025-03-04,2026-01-02
도로모퉁이,2025-01-14,안전신문고,2025-01-31,2026-01-02
도로모퉁이,2025-01-23,안전신문고,2025-02-05,2026-01-02
주정차 금지구역,2025-01-15,주행형CCTV,2025-01-31,2026-01-02
보도(인도)위,2025-01-15,안전신문고,2025-01-31,2026-01-02
주정차 금지구역,2025-01-15,주행형CCTV,2025-03-04,2026-01-02
도로모퉁이,2025-01-23,안전신문고,2025-02-05,2026-01-02
도로모퉁이,2025-01-26,안전신문고,2025-03-04,2026-01-02
주정차 금지구역,2025-01-15,고정형CCTV,2025-01-31,2026-01-02
주정차 금지구역,2025-01-15,주행형CCTV,2025-03-04,2026-01-02
횡단보도,2025-01-23,안전신문고,2025-02-05,2026-01-02
횡단보도,2025-01-23,안전신문고,2025-11-21,2026-01-02
보도(인도)위,2025-01-26,안전신문고,2025-02-06,2026-01-02
보도(인도)위,2025-01-26,안전신문고,2025-02-06,2026-01-02
도로모퉁이,2025-01-29,안전신문고,2025-02-07,2026-01-02
횡단보도,2025-01-26,안전신문고,2025-02-06,2026-01-02
횡단보도,2025-01-23,안전신문고,2025-11-21,2026-01-02
횡단보도,2025-01-29,안전신문고,2025-03-04,2026-01-02
주정차 금지구역,2025-01-16,고정형CCTV,2025-03-04,2026-01-02
보도(인도)위,2025-01-29,안전신문고,2025-02-07,2026-01-02
횡단보도,2025-01-26,안전신문고,2025-03-04,2026-01-02
주정차 금지구역,2025-01-16,고정형CCTV,2025-03-04,2026-01-02
주정차 금지구역,2025-01-16,고정형CCTV,2025-01-31,2026-01-02
주정차 금지구역,2025-01-18,고정형CCTV,2025-03-04,2026-01-02
소방시설 주변,2025-01-26,안전신문고,2025-02-06,2026-01-02
주정차 금지구역,2025-01-18,고정형CCTV,2025-03-04,2026-01-02
주정차 금지구역,2025-01-18,고정형CCTV,2025-03-04,2026-01-02
소방시설 주변,2025-01-19,고정형CCTV,2025-03-04,2026-01-02
주정차 금지구역,2025-01-19,고정형CCTV,2025-03-04,2026-01-02
횡단보도,2025-01-29,안전신문고,2025-02-07,2026-01-02
도로모퉁이,2025-01-26,안전신문고,2025-02-06,2026-01-02
주정차 금지구역,2025-01-16,고정형CCTV,2025-01-31,2026-01-02
주정차 금지구역,2025-01-16,주행형CCTV,2025-01-31,2026-01-02
도로모퉁이,2025-01-26,안전신문고,2025-02-06,2026-01-02
주정차 금지구역,2025-01-17,고정형CCTV,2025-01-31,2026-01-02
주정차 금지구역,2025-01-17,주행형CCTV,2025-01-31,2026-01-02
도로모퉁이,2025-01-23,안전신문고,2025-02-05,2026-01-02
도로모퉁이,2025-01-23,안전신문고,2025-02-05,2026-01-02
보도(인도)위,2025-01-24,안전신문고,2025-03-04,2026-01-02
도로모퉁이,2025-01-29,안전신문고,2025-02-07,2026-01-02
보도(인도)위,2025-01-27,안전신문고,2025-02-06,2026-01-02
보도(인도)위,2025-01-27,안전신문고,2025-03-04,2026-01-02
소방시설 주변,2025-01-24,안전신문고,2025-02-05,2026-01-02
보도(인도)위,2025-01-27,안전신문고,2025-03-04,2026-01-02
보도(인도)위,2025-01-24,안전신문고,2025-02-05,2026-01-02
소방시설 주변,2025-01-26,안전신문고,2025-03-04,2026-01-02
횡단보도,2025-01-29,안전신문고,2025-03-04,2026-01-02
횡단보도,2025-01-26,안전신문고,2025-02-06,2026-01-02
횡단보도,2025-01-29,안전신문고,2025-02-07,2026-01-02
소방시설 주변,2025-01-24,안전신문고,2025-02-05,2026-01-02
도로모퉁이,2025-01-24,안전신문고,2025-02-05,2026-01-02
소방시설 주변,2025-01-24,안전신문고,2025-02-05,2026-01-02
보도(인도)위,2025-01-27,안전신문고,2025-03-04,2026-01-02
소방시설 주변,2025-01-24,안전신문고,2025-03-04,2026-01-02
도로모퉁이,2025-01-27,안전신문고,2025-02-06,2026-01-02
횡단보도,2025-01-24,안전신문고,2025-03-04,2026-01-02
소방시설 주변,2025-01-24,안전신문고,2025-02-05,2026-01-02
도로모퉁이,2025-01-24,안전신문고,2025-02-05,2026-01-02
횡단보도,2025-01-24,안전신문고,2025-02-05,2026-01-02
횡단보도,2025-01-24,안전신문고,2025-02-05,2026-01-02
횡단보도,2025-01-24,안전신문고,2025-03-04,2026-01-02
횡단보도,2025-01-24,안전신문고,2025-03-04,2026-01-02
도로모퉁이,2025-01-23,안전신문고,2025-03-04,2026-01-02
횡단보도,2025-01-24,안전신문고,2025-03-04,2026-01-02
횡단보도,2025-01-27,안전신문고,2025-03-04,2026-01-02
도로모퉁이,2025-01-23,안전신문고,2025-03-04,2026-01-02
보도(인도)위,2025-01-27,안전신문고,2025-02-06,2026-01-02
횡단보도,2025-01-27,안전신문고,2025-02-06,2026-01-02
보도(인도)위,2025-01-23,안전신문고,2025-02-05,2026-01-02
도로모퉁이,2025-01-27,안전신문고,2025-02-06,2026-01-02
도로모퉁이,2025-01-27,안전신문고,2025-03-04,2026-01-02
소방시설 주변,2025-01-27,안전신문고,2025-03-04,2026-01-02
도로모퉁이,2025-01-23,안전신문고,2025-02-05,2026-01-02
보도(인도)위,2025-01-27,안전신문고,2025-02-06,2026-01-02
보도(인도)위,2025-01-27,안전신문고,2025-03-04,2026-01-02
횡단보도,2025-01-23,안전신문고,2025-02-05,2026-01-02
보도(인도)위,2025-01-29,안전신문고,2025-02-07,2026-01-02
횡단보도,2025-01-23,안전신문고,2025-03-04,2026-01-02
횡단보도,2025-01-25,안전신문고,2025-03-04,2026-01-02
보도(인도)위,2025-01-27,안전신문고,2025-02-06,2026-01-02
보도(인도)위,2025-01-27,안전신문고,2025-02-06,2026-01-02
보도(인도)위,2025-01-27,안전신문고,2025-03-04,2026-01-02
횡단보도,2025-01-23,안전신문고,2025-03-04,2026-01-02
소방시설 주변,2025-01-23,안전신문고,2025-02-05,2026-01-02
소방시설 주변,2025-01-23,안전신문고,2025-02-05,2026-01-02
소방시설 주변,2025-01-23,안전신문고,2025-03-04,2026-01-02
횡단보도,2025-01-23,안전신문고,2025-03-04,2026-01-02
소방시설 주변,2025-01-23,안전신문고,2025-02-05,2026-01-02
소방시설 주변,2025-01-23,안전신문고,2025-02-05,2026-01-02
보도(인도)위,2025-01-29,안전신문고,2025-11-21,2026-01-02
보도(인도)위,2025-01-29,안전신문고,2025-02-07,2026-01-02
횡단보도,2025-01-29,안전신문고,2025-02-07,2026-01-02
횡단보도,2025-01-29,안전신문고,2025-02-07,2026-01-02
도로모퉁이,2025-01-24,안전신문고,2025-02-05,2026-01-02
보도(인도)위,2025-01-29,안전신문고,2025-03-04,2026-01-02
도로모퉁이,2025-01-24,안전신문고,2025-02-05,2026-01-02
도로모퉁이,2025-01-24,안전신문고,2025-02-05,2026-01-02
보도(인도)위,2025-01-29,안전신문고,2025-02-07,2026-01-02
버스정류장 주변,2025-01-29,안전신문고,2025-02-07,2026-01-02
도로모퉁이,2025-01-24,안전신문고,2025-11-21,2026-01-02
횡단보도,2025-01-29,안전신문고,2025-02-07,2026-01-02
도로모퉁이,2025-01-24,안전신문고,2025-03-04,2026-01-02
도로모퉁이,2025-01-29,안전신문고,2025-02-07,2026-01-02
횡단보도,2025-01-29,안전신문고,2025-02-07,2026-01-02
도로모퉁이,2025-01-24,안전신문고,2025-02-05,2026-01-02
보도(인도)위,2025-01-24,안전신문고,2025-02-05,2026-01-02
보도(인도)위,2025-01-24,안전신문고,2025-03-04,2026-01-02
도로모퉁이,2025-01-24,안전신문고,2025-03-04,2026-01-02
횡단보도,2025-01-29,안전신문고,2025-02-07,2026-01-02
도로모퉁이,2025-01-29,안전신문고,2025-02-07,2026-01-02
횡단보도,2025-01-29,안전신문고,2025-03-04,2026-01-02
도로모퉁이,2025-01-29,안전신문고,2025-03-04,2026-01-02
보도(인도)위,2025-01-29,안전신문고,2025-03-04,2026-01-02
횡단보도,2025-01-29,안전신문고,2025-03-04,2026-01-02
횡단보도,2025-01-29,안전신문고,2025-03-04,2026-01-02
횡단보도,2025-01-29,안전신문고,2025-02-07,2026-01-02
도로모퉁이,2025-01-24,안전신문고,2025-03-04,2026-01-02
횡단보도,2025-01-29,안전신문고,2025-02-07,2026-01-02
도로모퉁이,2025-01-24,안전신문고,2025-03-04,2026-01-02
횡단보도,2025-01-29,안전신문고,2025-02-07,2026-01-02
보도(인도)위,2025-01-29,안전신문고,2025-03-04,2026-01-02
보도(인도)위,2025-01-24,안전신문고,2025-02-05,2026-01-02
소방시설 주변,2025-01-29,안전신문고,2025-02-07,2026-01-02
도로모퉁이,2025-01-29,안전신문고,2025-02-07,2026-01-02
도로모퉁이,2025-01-29,안전신문고,2025-02-07,2026-01-02
도로모퉁이,2025-01-29,안전신문고,2025-02-07,2026-01-02
횡단보도,2025-01-29,안전신문고,2025-03-04,2026-01-02
횡단보도,2025-01-29,안전신문고,2025-03-04,2026-01-02
보도(인도)위,2025-01-29,안전신문고,2025-02-07,2026-01-02
보도(인도)위,2025-01-29,안전신문고,2025-02-07,2026-01-02
횡단보도,2025-01-29,안전신문고,2025-03-04,2026-01-02
횡단보도,2025-01-29,안전신문고,2025-02-07,2026-01-02
도로모퉁이,2025-01-29,안전신문고,2025-02-07,2026-01-02
도로모퉁이,2025-01-29,안전신문고,2025-02-07,2026-01-02
횡단보도,2025-01-29,안전신문고,2025-02-07,2026-01-02
횡단보도,2025-01-29,안전신문고,2025-02-07,2026-01-02
소방시설 주변,2025-01-29,안전신문고,2025-03-04,2026-01-02
횡단보도,2025-01-29,안전신문고,2025-02-07,2026-01-02
횡단보도,2025-01-29,안전신문고,2025-02-07,2026-01-02
보도(인도)위,2025-01-28,안전신문고,2025-02-07,2026-01-02
소방시설 주변,2025-01-28,안전신문고,2025-02-07,2026-01-02
횡단보도,2025-01-28,안전신문고,2025-02-07,2026-01-02
도로모퉁이,2025-01-28,안전신문고,2025-02-07,2026-01-02
횡단보도,2025-01-28,안전신문고,2025-03-04,2026-01-02
소방시설 주변,2025-01-28,안전신문고,2025-03-04,2026-01-02
횡단보도,2025-01-28,안전신문고,2025-02-07,2026-01-02
횡단보도,2025-01-28,안전신문고,2025-03-04,2026-01-02
교차로,2025-01-26,안전신문고,2025-02-06,2026-01-02
횡단보도,2025-01-28,안전신문고,2025-02-07,2026-01-02
도로모퉁이,2025-01-28,안전신문고,2025-03-04,2026-01-02
도로모퉁이,2025-01-26,안전신문고,2025-02-06,2026-01-02
횡단보도,2025-01-26,안전신문고,2025-02-06,2026-01-02
소방시설 주변,2025-01-23,안전신문고,2025-02-05,2026-01-02
소방시설 주변,2025-01-23,안전신문고,2025-03-04,2026-01-02
횡단보도,2025-01-27,안전신문고,2025-11-21,2026-01-02
횡단보도,2025-01-29,안전신문고,2025-03-04,2026-01-02
횡단보도,2025-01-29,안전신문고,2025-11-21,2026-01-02
도로모퉁이,2025-01-29,안전신문고,2025-11-21,2026-01-02
도로모퉁이,2025-01-29,안전신문고,2025-02-07,2026-01-02
횡단보도,2025-01-28,안전신문고,2025-11-21,2026-01-02
횡단보도,2025-01-28,안전신문고,2025-03-04,2026-01-02
횡단보도,2025-01-28,안전신문고,2025-03-04,2026-01-02
소방시설 주변,2025-01-28,안전신문고,2025-02-07,2026-01-02
소방시설 주변,2025-01-23,안전신문고,2025-02-05,2026-01-02
소방시설 주변,2025-01-23,안전신문고,2025-03-04,2026-01-02
보도(인도)위,2025-01-27,안전신문고,2025-11-21,2026-01-02
횡단보도,2025-01-28,안전신문고,2025-03-04,2026-01-02
횡단보도,2025-01-26,안전신문고,2025-03-04,2026-01-02
횡단보도,2025-01-28,안전신문고,2025-02-07,2026-01-02
보도(인도)위,2025-01-26,안전신문고,2025-02-06,2026-01-02
횡단보도,2025-01-28,안전신문고,2025-11-21,2026-01-02
횡단보도,2025-01-26,안전신문고,2025-02-06,2026-01-02
횡단보도,2025-01-27,안전신문고,2025-03-04,2026-01-02
도로모퉁이,2025-01-26,안전신문고,2025-03-04,2026-01-02
보도(인도)위,2025-01-27,안전신문고,2025-02-06,2026-01-02
도로모퉁이,2025-01-26,안전신문고,2025-02-06,2026-01-02
횡단보도,2025-01-26,안전신문고,2025-03-04,2026-01-02
횡단보도,2025-01-26,안전신문고,2025-02-06,2026-01-02
보도(인도)위,2025-01-23,안전신문고,2025-11-21,2026-01-02
도로모퉁이,2025-01-23,안전신문고,2025-02-05,2026-01-02
도로모퉁이,2025-01-23,안전신문고,2025-02-05,2026-01-02
소방시설 주변,2025-01-26,안전신문고,2025-02-06,2026-01-02
소방시설 주변,2025-01-26,안전신문고,2025-02-06,2026-01-02
소방시설 주변,2025-01-27,안전신문고,2025-02-06,2026-01-02
소방시설 주변,2025-01-26,안전신문고,2025-02-06,2026-01-02
도로모퉁이,2025-01-23,안전신문고,2025-11-21,2026-01-02
횡단보도,2025-01-28,안전신문고,2025-02-07,2026-01-02
횡단보도,2025-01-27,안전신문고,2025-02-06,2026-01-02
보도(인도)위,2025-01-23,안전신문고,2025-02-05,2026-01-02
횡단보도,2025-01-23,안전신문고,2025-03-04,2026-01-02
보도(인도)위,2025-01-27,안전신문고,2025-03-04,2026-01-02
횡단보도,2025-01-23,안전신문고,2025-11-21,2026-01-02
보도(인도)위,2025-01-23,안전신문고,2025-02-05,2026-01-02
횡단보도,2025-01-27,안전신문고,2025-02-06,2026-01-02
보도(인도)위,2025-01-28,안전신문고,2025-03-04,2026-01-02
보도(인도)위,2025-01-28,안전신문고,2025-02-07,2026-01-02
도로모퉁이,2025-01-27,안전신문고,2025-02-06,2026-01-02
도로모퉁이,2025-01-27,안전신문고,2025-03-04,2026-01-02
도로모퉁이,2025-01-26,안전신문고,2025-02-06,2026-01-02
소방시설 주변,2025-01-28,안전신문고,2025-03-04,2026-01-02
횡단보도,2025-01-28,안전신문고,2025-02-07,2026-01-02
횡단보도,2025-01-23,안전신문고,2025-03-04,2026-01-02
보도(인도)위,2025-01-23,안전신문고,2025-02-05,2026-01-02
횡단보도,2025-01-27,안전신문고,2025-02-06,2026-01-02
도로모퉁이,2025-01-26,안전신문고,2025-02-06,2026-01-02
횡단보도,2025-01-27,안전신문고,2025-03-04,2026-01-02
보도(인도)위,2025-01-27,안전신문고,2025-03-04,2026-01-02
소방시설 주변,2025-01-27,안전신문고,2025-03-04,2026-01-02
도로모퉁이,2025-01-23,안전신문고,2025-02-05,2026-01-02
보도(인도)위,2025-01-28,안전신문고,2025-02-07,2026-01-02
횡단보도,2025-01-23,안전신문고,2025-02-05,2026-01-02
횡단보도,2025-01-25,안전신문고,2025-02-06,2026-01-02
도로모퉁이,2025-01-28,안전신문고,2025-03-04,2026-01-02
횡단보도,2025-01-28,안전신문고,2025-02-07,2026-01-02
보도(인도)위,2025-01-25,안전신문고,2025-03-04,2026-01-02
보도(인도)위,2025-01-27,안전신문고,2025-03-04,2026-01-02
보도(인도)위,2025-01-27,안전신문고,2025-02-06,2026-01-02
횡단보도,2025-01-28,안전신문고,2025-02-07,2026-01-02
보도(인도)위,2025-01-27,안전신문고,2025-02-06,2026-01-02
보도(인도)위,2025-01-23,안전신문고,2025-02-05,2026-01-02
횡단보도,2025-01-23,안전신문고,2025-02-05,2026-01-02
도로모퉁이,2025-01-28,안전신문고,2025-02-07,2026-01-02
도로모퉁이,2025-01-28,안전신문고,2025-03-04,2026-01-02
횡단보도,2025-01-25,안전신문고,2025-03-04,2026-01-02
도로모퉁이,2025-01-26,안전신문고,2025-02-06,2026-01-02
도로모퉁이,2025-01-27,안전신문고,2025-02-06,2026-01-02
횡단보도,2025-01-25,안전신문고,2025-02-06,2026-01-02
보도(인도)위,2025-01-27,안전신문고,2025-02-06,2026-01-02
보도(인도)위,2025-01-28,안전신문고,2025-02-07,2026-01-02
소방시설 주변,2025-01-27,안전신문고,2025-02-06,2026-01-02
보도(인도)위,2025-01-28,안전신문고,2025-03-04,2026-01-02
횡단보도,2025-01-25,안전신문고,2025-02-06,2026-01-02
횡단보도,2025-01-25,안전신문고,2025-02-06,2026-01-02
횡단보도,2025-01-28,안전신문고,2025-03-04,2026-01-02
보도(인도)위,2025-01-25,안전신문고,2025-02-06,2026-01-02
보도(인도)위,2025-01-25,안전신문고,2025-11-21,2026-01-02
도로모퉁이,2025-01-27,안전신문고,2025-02-06,2026-01-02
보도(인도)위,2025-01-25,안전신문고,2025-02-06,2026-01-02
버스정류장 주변,2025-01-23,안전신문고,2025-02-05,2026-01-02
횡단보도,2025-01-25,안전신문고,2025-11-21,2026-01-02
도로모퉁이,2025-01-23,안전신문고,2025-02-05,2026-01-02
도로모퉁이,2025-01-23,안전신문고,2025-03-04,2026-01-02
횡단보도,2025-01-25,안전신문고,2025-02-06,2026-01-02
횡단보도,2025-01-25,안전신문고,2025-02-06,2026-01-02
보도(인도)위,2025-01-25,안전신문고,2025-02-06,2026-01-02
횡단보도,2025-01-27,안전신문고,2025-02-06,2026-01-02
도로모퉁이,2025-01-28,안전신문고,2025-02-07,2026-01-02
버스정류장 주변,2025-01-27,안전신문고,2025-02-06,2026-01-02
보도(인도)위,2025-01-25,안전신문고,2025-02-06,2026-01-02
횡단보도,2025-01-27,안전신문고,2025-03-04,2026-01-02
보도(인도)위,2025-01-25,안전신문고,2025-02-06,2026-01-02
보도(인도)위,2025-01-28,안전신문고,2025-11-21,2026-01-02
횡단보도,2025-01-25,안전신문고,2025-03-04,2026-01-02
보도(인도)위,2025-01-28,안전신문고,2025-02-07,2026-01-02
횡단보도,2025-01-25,안전신문고,2025-02-06,2026-01-02
보도(인도)위,2025-01-28,안전신문고,2025-03-04,2026-01-02
보도(인도)위,2025-01-26,안전신문고,2025-02-06,2026-01-02
횡단보도,2025-01-26,안전신문고,2025-03-04,2026-01-02
횡단보도,2025-01-26,안전신문고,2025-02-06,2026-01-02
보도(인도)위,2025-01-26,안전신문고,2025-03-04,2026-01-02
보도(인도)위,2025-01-26,안전신문고,2025-02-06,2026-01-02
보도(인도)위,2025-01-26,안전신문고,2025-02-06,2026-01-02
횡단보도,2025-01-26,안전신문고,2025-02-06,2026-01-02
보도(인도)위,2025-01-26,안전신문고,2025-03-04,2026-01-02
횡단보도,2025-01-25,안전신문고,2025-02-06,2026-01-02
횡단보도,2025-01-25,안전신문고,2025-02-06,2026-01-02
도로모퉁이,2025-01-25,안전신문고,2025-02-06,2026-01-02
횡단보도,2025-01-25,안전신문고,2025-02-06,2026-01-02
소방시설 주변,2025-01-25,안전신문고,2025-02-06,2026-01-02
보도(인도)위,2025-01-30,안전신문고,2025-03-04,2026-01-02
도로모퉁이,2025-01-25,안전신문고,2025-02-06,2026-01-02
횡단보도,2025-01-30,안전신문고,2025-02-07,2026-01-02
도로모퉁이,2025-01-25,안전신문고,2025-02-06,2026-01-02
보도(인도)위,2025-01-30,안전신문고,2025-03-04,2026-01-02
보도(인도)위,2025-01-30,안전신문고,2025-02-07,2026-01-02
보도(인도)위,2025-01-25,안전신문고,2025-02-06,2026-01-02
보도(인도)위,2025-01-25,안전신문고,2025-03-04,2026-01-02
횡단보도,2025-01-25,안전신문고,2025-02-06,2026-01-02
버스정류장 주변,2025-01-30,안전신문고,2025-02-07,2026-01-02
도로모퉁이,2025-01-30,안전신문고,2025-02-07,2026-01-02
횡단보도,2025-01-25,안전신문고,2025-02-06,2026-01-02
보도(인도)위,2025-01-25,안전신문고,2025-02-06,2026-01-02
보도(인도)위,2025-01-25,안전신문고,2025-02-06,2026-01-02
횡단보도,2025-01-26,안전신문고,2025-02-06,2026-01-02
횡단보도,2025-01-26,안전신문고,2025-03-04,2026-01-02
횡단보도,2025-01-26,안전신문고,2025-11-21,2026-01-02
횡단보도,2025-01-26,안전신문고,2025-02-06,2026-01-02
횡단보도,2025-01-26,안전신문고,2025-02-06,2026-01-02
보도(인도)위,2025-01-26,안전신문고,2025-02-06,2026-01-02
보도(인도)위,2025-01-26,안전신문고,2025-03-04,2026-01-02
횡단보도,2025-01-26,안전신문고,2025-02-06,2026-01-02
횡단보도,2025-01-26,안전신문고,2025-03-04,2026-01-02
횡단보도,2025-01-26,안전신문고,2025-03-04,2026-01-02
횡단보도,2025-01-25,안전신문고,2025-02-06,2026-01-02
도로모퉁이,2025-01-25,안전신문고,2025-02-06,2026-01-02
보도(인도)위,2025-01-25,안전신문고,2025-02-06,2026-01-02
횡단보도,2025-01-24,안전신문고,2025-02-05,2026-01-02
보도(인도)위,2025-01-24,안전신문고,2025-02-05,2026-01-02
횡단보도,2025-01-25,안전신문고,2025-02-06,2026-01-02
횡단보도,2025-01-25,안전신문고,2025-02-06,2026-01-02
소방시설 주변,2025-01-25,안전신문고,2025-02-06,2026-01-02
도로모퉁이,2025-01-30,안전신문고,2025-02-07,2026-01-02
보도(인도)위,2025-01-30,안전신문고,2025-11-21,2026-01-02
보도(인도)위,2025-01-30,안전신문고,2025-03-04,2026-01-02
보도(인도)위,2025-01-30,안전신문고,2025-02-07,2026-01-02
보도(인도)위,2025-01-25,안전신문고,2025-03-04,2026-01-02
횡단보도,2025-01-30,안전신문고,2025-02-07,2026-01-02
횡단보도,2025-01-30,안전신문고,2025-02-07,2026-01-02
보도(인도)위,2025-01-30,안전신문고,2025-02-07,2026-01-02
횡단보도,2025-01-30,안전신문고,2025-11-21,2026-01-02
보도(인도)위,2025-01-30,안전신문고,2025-02-07,2026-01-02
보도(인도)위,2025-01-25,안전신문고,2025-03-04,2026-01-02
보도(인도)위,2025-01-30,안전신문고,2025-02-07,2026-01-02
보도(인도)위,2025-01-25,안전신문고,2025-02-06,2026-01-02
보도(인도)위,2025-01-25,안전신문고,2025-02-06,2026-01-02
보도(인도)위,2025-01-30,안전신문고,2025-02-07,2026-01-02
도로모퉁이,2025-01-30,안전신문고,2025-03-04,2026-01-02
횡단보도,2025-01-30,안전신문고,2025-02-07,2026-01-02
횡단보도,2025-01-25,안전신문고,2025-02-06,2026-01-02
횡단보도,2025-01-25,안전신문고,2025-02-06,2026-01-02
횡단보도,2025-01-25,안전신문고,2025-03-04,2026-01-02
횡단보도,2025-01-24,안전신문고,2025-03-04,2026-01-02
도로모퉁이,2025-01-25,안전신문고,2025-02-06,2026-01-02
도로모퉁이,2025-01-20,안전신문고,2025-03-04,2026-01-02
도로모퉁이,2025-01-24,안전신문고,2025-03-04,2026-01-02
소방시설 주변,2025-01-25,안전신문고,2025-02-06,2026-01-02
횡단보도,2025-01-25,안전신문고,2025-11-21,2026-01-02
도로모퉁이,2025-01-24,안전신문고,2025-02-05,2026-01-02
도로모퉁이,2025-01-24,안전신문고,2025-03-04,2026-01-02
소방시설 주변,2025-01-24,안전신문고,2025-03-04,2026-01-02
횡단보도,2025-01-23,안전신문고,2025-02-05,2026-01-02
횡단보도,2025-01-25,안전신문고,2025-03-04,2026-01-02
도로모퉁이,2025-01-23,안전신문고,2025-03-04,2026-01-02
보도(인도)위,2025-01-25,안전신문고,2025-03-04,2026-01-02
보도(인도)위,2025-01-25,안전신문고,2025-03-04,2026-01-02
도로모퉁이,2025-01-24,안전신문고,2025-02-05,2026-01-02
보도(인도)위,2025-01-25,안전신문고,2025-02-06,2026-01-02
보도(인도)위,2025-01-29,안전신문고,2025-02-07,2026-01-02
횡단보도,2025-01-25,안전신문고,2025-03-04,2026-01-02
횡단보도,2025-01-24,안전신문고,2025-02-05,2026-01-02
횡단보도,2025-01-25,안전신문고,2025-02-06,2026-01-02
횡단보도,2025-01-25,안전신문고,2025-02-06,2026-01-02
도로모퉁이,2025-01-24,안전신문고,2025-03-04,2026-01-02
도로모퉁이,2025-01-24,안전신문고,2025-03-04,2026-01-02
보도(인도)위,2025-01-28,안전신문고,2025-03-04,2026-01-02
횡단보도,2025-01-25,안전신문고,2025-03-04,2026-01-02
횡단보도,2025-01-23,안전신문고,2025-11-21,2026-01-02
주정차 금지구역,2025-02-01,고정형CCTV,2025-02-03,2026-01-02
주정차 금지구역,2025-02-01,고정형CCTV,2025-02-03,2026-01-02
주정차 금지구역,2025-02-01,고정형CCTV,2025-02-03,2026-01-02
주정차 금지구역,2025-02-01,고정형CCTV,2025-02-03,2026-01-02
주정차 금지구역,2025-02-01,고정형CCTV,2025-02-03,2026-01-02
주정차 금지구역,2025-02-01,고정형CCTV,2025-02-03,2026-01-02
주정차 금지구역,2025-02-01,고정형CCTV,2025-02-03,2026-01-02
주정차 금지구역,2025-02-01,고정형CCTV,2025-02-03,2026-01-02
주정차 금지구역,2025-02-01,고정형CCTV,2025-11-21,2026-01-02
주정차 금지구역,2025-02-01,고정형CCTV,2025-02-03,2026-01-02
주정차 금지구역,2025-02-01,고정형CCTV,2025-02-03,2026-01-02
주정차 금지구역,2025-02-01,고정형CCTV,2025-11-21,2026-01-02
주정차 금지구역,2025-02-01,고정형CCTV,2025-11-21,2026-01-02
주정차 금지구역,2025-02-01,고정형CCTV,2025-11-21,2026-01-02
주정차 금지구역,2025-02-01,고정형CCTV,2025-02-03,2026-01-02
주정차 금지구역,2025-02-01,고정형CCTV,2025-02-03,2026-01-02
주정차 금지구역,2025-02-01,고정형CCTV,2025-02-03,2026-01-02
주정차 금지구역,2025-02-01,고정형CCTV,2025-11-21,2026-01-02
주정차 금지구역,2025-02-01,고정형CCTV,2025-02-03,2026-01-02
주정차 금지구역,2025-02-01,고정형CCTV,2025-02-03,2026-01-02
주정차 금지구역,2025-02-01,고정형CCTV,2025-02-03,2026-01-02
주정차 금지구역,2025-02-01,고정형CCTV,2025-04-01,2026-01-02
주정차 금지구역,2025-02-01,고정형CCTV,2025-02-03,2026-01-02
주정차 금지구역,2025-02-01,고정형CCTV,2025-02-03,2026-01-02
주정차 금지구역,2025-02-01,고정형CCTV,2025-02-03,2026-01-02
주정차 금지구역,2025-02-01,고정형CCTV,2025-02-03,2026-01-02
주정차 금지구역,2025-02-01,고정형CCTV,2025-04-01,2026-01-02
주정차 금지구역,2025-02-01,고정형CCTV,2025-02-03,2026-01-02
주정차 금지구역,2025-02-01,고정형CCTV,2025-02-03,2026-01-02
주정차 금지구역,2025-02-01,고정형CCTV,2025-02-03,2026-01-02
주정차 금지구역,2025-02-01,고정형CCTV,2025-02-03,2026-01-02
주정차 금지구역,2025-02-01,고정형CCTV,2025-04-01,2026-01-02
주정차 금지구역,2025-02-01,고정형CCTV,2025-04-01,2026-01-02
주정차 금지구역,2025-02-01,고정형CCTV,2025-02-03,2026-01-02
주정차 금지구역,2025-02-01,고정형CCTV,2025-02-03,2026-01-02
주정차 금지구역,2025-02-01,고정형CCTV,2025-02-03,2026-01-02
주정차 금지구역,2025-02-01,고정형CCTV,2025-02-03,2026-01-02
주정차 금지구역,2025-02-01,고정형CCTV,2025-02-03,2026-01-02
주정차 금지구역,2025-02-01,고정형CCTV,2025-04-01,2026-01-02
주정차 금지구역,2025-02-01,고정형CCTV,2025-04-01,2026-01-02
주정차 금지구역,2025-02-01,고정형CCTV,2025-02-03,2026-01-02
주정차 금지구역,2025-02-01,고정형CCTV,2025-02-03,2026-01-02
주정차 금지구역,2025-02-01,고정형CCTV,2025-02-03,2026-01-02
주정차 금지구역,2025-02-01,고정형CCTV,2025-02-03,2026-01-02
주정차 금지구역,2025-02-01,고정형CCTV,2025-02-03,2026-01-02
주정차 금지구역,2025-02-01,고정형CCTV,2025-02-03,2026-01-02
주정차 금지구역,2025-02-01,고정형CCTV,2025-04-01,2026-01-02
주정차 금지구역,2025-02-01,고정형CCTV,2025-02-03,2026-01-02
주정차 금지구역,2025-02-01,고정형CCTV,2025-02-03,2026-01-02
주정차 금지구역,2025-02-01,고정형CCTV,2025-02-03,2026-01-02
주정차 금지구역,2025-02-01,고정형CCTV,2025-04-01,2026-01-02
주정차 금지구역,2025-02-01,고정형CCTV,2025-02-03,2026-01-02
주정차 금지구역,2025-02-01,고정형CCTV,2025-02-03,2026-01-02
주정차 금지구역,2025-02-01,고정형CCTV,2025-02-03,2026-01-02
주정차 금지구역,2025-02-01,고정형CCTV,2025-04-01,2026-01-02
주정차 금지구역,2025-02-01,고정형CCTV,2025-02-03,2026-01-02
주정차 금지구역,2025-02-01,고정형CCTV,2025-02-03,2026-01-02
주정차 금지구역,2025-02-01,고정형CCTV,2025-04-01,2026-01-02
주정차 금지구역,2025-02-01,고정형CCTV,2025-04-01,2026-01-02
주정차 금지구역,2025-02-01,고정형CCTV,2025-04-01,2026-01-02
주정차 금지구역,2025-02-01,고정형CCTV,2025-04-01,2026-01-02
주정차 금지구역,2025-02-01,고정형CCTV,2025-02-03,2026-01-02
주정차 금지구역,2025-02-01,고정형CCTV,2025-02-03,2026-01-02
주정차 금지구역,2025-02-01,고정형CCTV,2025-02-03,2026-01-02
주정차 금지구역,2025-02-01,고정형CCTV,2025-02-03,2026-01-02
주정차 금지구역,2025-02-01,고정형CCTV,2025-04-01,2026-01-02
주정차 금지구역,2025-02-01,고정형CCTV,2025-04-01,2026-01-02
주정차 금지구역,2025-02-01,고정형CCTV,2025-04-01,2026-01-02
주정차 금지구역,2025-02-01,고정형CCTV,2025-11-21,2026-01-02
주정차 금지구역,2025-02-01,고정형CCTV,2025-02-03,2026-01-02
주정차 금지구역,2025-02-01,고정형CCTV,2025-04-01,2026-01-02
주정차 금지구역,2025-02-01,고정형CCTV,2025-02-03,2026-01-02
주정차 금지구역,2025-02-01,고정형CCTV,2025-11-21,2026-01-02
주정차 금지구역,2025-02-01,고정형CCTV,2025-02-03,2026-01-02
주정차 금지구역,2025-02-01,고정형CCTV,2025-04-01,2026-01-02
주정차 금지구역,2025-02-01,고정형CCTV,2025-04-01,2026-01-02
주정차 금지구역,2025-02-01,고정형CCTV,2025-02-03,2026-01-02
주정차 금지구역,2025-02-01,고정형CCTV,2025-02-03,2026-01-02
주정차 금지구역,2025-02-01,고정형CCTV,2025-02-03,2026-01-02
주정차 금지구역,2025-02-01,고정형CCTV,2025-02-03,2026-01-02
주정차 금지구역,2025-02-01,고정형CCTV,2025-02-03,2026-01-02
주정차 금지구역,2025-02-01,고정형CCTV,2025-02-03,2026-01-02
주정차 금지구역,2025-02-01,고정형CCTV,2025-02-03,2026-01-02
주정차 금지구역,2025-02-01,고정형CCTV,2025-11-21,2026-01-02
주정차 금지구역,2025-02-01,고정형CCTV,2025-02-03,2026-01-02
주정차 금지구역,2025-02-01,고정형CCTV,2025-02-03,2026-01-02
주정차 금지구역,2025-02-01,고정형CCTV,2025-04-01,2026-01-02
주정차 금지구역,2025-02-01,고정형CCTV,2025-02-03,2026-01-02
주정차 금지구역,2025-02-01,고정형CCTV,2025-02-03,2026-01-02
주정차 금지구역,2025-02-01,고정형CCTV,2025-04-01,2026-01-02
주정차 금지구역,2025-02-01,고정형CCTV,2025-04-01,2026-01-02
주정차 금지구역,2025-02-01,고정형CCTV,2025-02-03,2026-01-02
주정차 금지구역,2025-02-01,고정형CCTV,2025-02-03,2026-01-02
주정차 금지구역,2025-02-01,고정형CCTV,2025-04-01,2026-01-02
주정차 금지구역,2025-02-01,고정형CCTV,2025-02-03,2026-01-02
주정차 금지구역,2025-02-01,고정형CCTV,2025-11-21,2026-01-02
주정차 금지구역,2025-02-01,고정형CCTV,2025-04-01,2026-01-02
주정차 금지구역,2025-02-01,고정형CCTV,2025-11-21,2026-01-02
주정차 금지구역,2025-02-01,고정형CCTV,2025-02-03,2026-01-02
주정차 금지구역,2025-02-01,고정형CCTV,2025-02-03,2026-01-02
주정차 금지구역,2025-02-01,고정형CCTV,2025-11-21,2026-01-02
주정차 금지구역,2025-02-01,고정형CCTV,2025-02-03,2026-01-02
주정차 금지구역,2025-02-01,고정형CCTV,2025-02-03,2026-01-02
주정차 금지구역,2025-02-01,고정형CCTV,2025-11-21,2026-01-02
주정차 금지구역,2025-02-01,고정형CCTV,2025-04-01,2026-01-02
주정차 금지구역,2025-02-01,고정형CCTV,2025-02-03,2026-01-02
주정차 금지구역,2025-02-01,고정형CCTV,2025-02-03,2026-01-02
주정차 금지구역,2025-02-01,고정형CCTV,2025-02-03,2026-01-02
주정차 금지구역,2025-02-01,고정형CCTV,2025-04-01,2026-01-02
주정차 금지구역,2025-02-01,고정형CCTV,2025-02-03,2026-01-02
주정차 금지구역,2025-02-01,고정형CCTV,2025-02-03,2026-01-02
주정차 금지구역,2025-02-01,고정형CCTV,2025-02-03,2026-01-02
주정차 금지구역,2025-02-01,고정형CCTV,2025-02-03,2026-01-02
주정차 금지구역,2025-02-01,고정형CCTV,2025-02-03,2026-01-02
주정차 금지구역,2025-02-01,고정형CCTV,2025-02-03,2026-01-02
주정차 금지구역,2025-02-01,고정형CCTV,2025-02-03,2026-01-02
주정차 금지구역,2025-02-01,고정형CCTV,2025-02-03,2026-01-02
주정차 금지구역,2025-02-01,고정형CCTV,2025-11-21,2026-01-02
주정차 금지구역,2025-02-01,고정형CCTV,2025-02-03,2026-01-02
주정차 금지구역,2025-02-01,고정형CCTV,2025-02-03,2026-01-02
주정차 금지구역,2025-02-01,고정형CCTV,2025-02-03,2026-01-02
주정차 금지구역,2025-02-01,고정형CCTV,2025-02-03,2026-01-02
주정차 금지구역,2025-02-01,고정형CCTV,2025-02-03,2026-01-02
주정차 금지구역,2025-02-01,고정형CCTV,2025-02-03,2026-01-02
주정차 금지구역,2025-02-01,고정형CCTV,2025-02-03,2026-01-02
주정차 금지구역,2025-02-01,고정형CCTV,2025-02-03,2026-01-02
주정차 금지구역,2025-02-01,고정형CCTV,2025-02-03,2026-01-02
주정차 금지구역,2025-02-01,고정형CCTV,2025-02-03,2026-01-02
주정차 금지구역,2025-02-01,고정형CCTV,2025-02-03,2026-01-02
주정차 금지구역,2025-02-01,고정형CCTV,2025-02-03,2026-01-02
주정차 금지구역,2025-02-01,고정형CCTV,2025-04-01,2026-01-02
주정차 금지구역,2025-02-01,고정형CCTV,2025-04-01,2026-01-02
주정차 금지구역,2025-02-01,고정형CCTV,2025-02-03,2026-01-02
주정차 금지구역,2025-02-01,고정형CCTV,2025-02-03,2026-01-02
주정차 금지구역,2025-02-01,고정형CCTV,2025-04-01,2026-01-02
주정차 금지구역,2025-02-01,고정형CCTV,2025-02-03,2026-01-02
주정차 금지구역,2025-02-01,고정형CCTV,2025-02-03,2026-01-02
주정차 금지구역,2025-02-01,고정형CCTV,2025-02-03,2026-01-02
주정차 금지구역,2025-02-01,고정형CCTV,2025-02-03,2026-01-02
주정차 금지구역,2025-02-01,고정형CCTV,2025-02-03,2026-01-02
주정차 금지구역,2025-02-01,고정형CCTV,2025-02-03,2026-01-02
주정차 금지구역,2025-02-01,고정형CCTV,2025-04-01,2026-01-02
주정차 금지구역,2025-02-01,고정형CCTV,2025-02-03,2026-01-02
주정차 금지구역,2025-02-01,고정형CCTV,2025-02-03,2026-01-02
주정차 금지구역,2025-02-01,고정형CCTV,2025-02-03,2026-01-02
주정차 금지구역,2025-02-01,고정형CCTV,2025-04-01,2026-01-02
주정차 금지구역,2025-02-01,고정형CCTV,2025-04-01,2026-01-02
주정차 금지구역,2025-02-01,고정형CCTV,2025-02-03,2026-01-02
주정차 금지구역,2025-02-01,고정형CCTV,2025-02-03,2026-01-02
주정차 금지구역,2025-02-01,고정형CCTV,2025-04-01,2026-01-02
주정차 금지구역,2025-02-01,고정형CCTV,2025-02-03,2026-01-02
주정차 금지구역,2025-02-01,고정형CCTV,2025-02-03,2026-01-02
주정차 금지구역,2025-02-01,고정형CCTV,2025-02-03,2026-01-02
주정차 금지구역,2025-02-01,고정형CCTV,2025-02-03,2026-01-02
주정차 금지구역,2025-02-01,고정형CCTV,2025-02-03,2026-01-02
주정차 금지구역,2025-02-01,고정형CCTV,2025-04-01,2026-01-02
주정차 금지구역,2025-02-01,고정형CCTV,2025-04-01,2026-01-02
주정차 금지구역,2025-02-01,고정형CCTV,2025-02-03,2026-01-02
주정차 금지구역,2025-02-01,고정형CCTV,2025-02-03,2026-01-02
주정차 금지구역,2025-02-01,고정형CCTV,2025-02-03,2026-01-02
주정차 금지구역,2025-02-01,고정형CCTV,2025-02-03,2026-01-02
주정차 금지구역,2025-02-01,고정형CCTV,2025-04-01,2026-01-02
주정차 금지구역,2025-02-01,고정형CCTV,2025-02-03,2026-01-02
주정차 금지구역,2025-02-01,고정형CCTV,2025-04-01,2026-01-02
주정차 금지구역,2025-02-01,고정형CCTV,2025-04-01,2026-01-02
주정차 금지구역,2025-02-01,고정형CCTV,2025-02-03,2026-01-02
주정차 금지구역,2025-02-01,고정형CCTV,2025-02-03,2026-01-02
주정차 금지구역,2025-02-01,고정형CCTV,2025-04-01,2026-01-02
주정차 금지구역,2025-02-01,고정형CCTV,2025-02-03,2026-01-02
주정차 금지구역,2025-02-01,고정형CCTV,2025-02-03,2026-01-02
주정차 금지구역,2025-02-01,고정형CCTV,2025-11-21,2026-01-02
주정차 금지구역,2025-02-01,고정형CCTV,2025-11-21,2026-01-02
주정차 금지구역,2025-02-01,고정형CCTV,2025-04-01,2026-01-02
주정차 금지구역,2025-02-01,고정형CCTV,2025-04-01,2026-01-02
주정차 금지구역,2025-02-01,고정형CCTV,2025-02-03,2026-01-02
주정차 금지구역,2025-02-01,고정형CCTV,2025-11-21,2026-01-02
주정차 금지구역,2025-02-01,고정형CCTV,2025-02-03,2026-01-02
횡단보도,2025-01-25,안전신문고,2025-02-06,2026-01-02
보도(인도)위,2025-01-28,안전신문고,2025-02-07,2026-01-02
횡단보도,2025-01-29,안전신문고,2025-02-07,2026-01-02
횡단보도,2025-01-28,안전신문고,2025-02-07,2026-01-02
횡단보도,2025-01-25,안전신문고,2025-03-04,2026-01-02
횡단보도,2025-01-25,안전신문고,2025-02-06,2026-01-02
횡단보도,2025-01-28,안전신문고,2025-02-07,2026-01-02
도로모퉁이,2025-01-25,안전신문고,2025-02-06,2026-01-02
주정차 금지구역,2025-02-02,고정형CCTV,2025-04-01,2026-01-02
주정차 금지구역,2025-02-02,고정형CCTV,2025-04-01,2026-01-02
주정차 금지구역,2025-02-02,고정형CCTV,2025-02-03,2026-01-02
주정차 금지구역,2025-02-02,고정형CCTV,2025-04-01,2026-01-02
주정차 금지구역,2025-02-02,고정형CCTV,2025-02-03,2026-01-02
주정차 금지구역,2025-02-02,고정형CCTV,2025-02-03,2026-01-02
주정차 금지구역,2025-02-02,고정형CCTV,2025-02-03,2026-01-02
주정차 금지구역,2025-02-02,고정형CCTV,2025-04-01,2026-01-02
주정차 금지구역,2025-02-02,고정형CCTV,2025-02-03,2026-01-02
주정차 금지구역,2025-02-02,고정형CCTV,2025-11-21,2026-01-02
주정차 금지구역,2025-02-02,고정형CCTV,2025-04-01,2026-01-02
주정차 금지구역,2025-02-02,고정형CCTV,2025-02-03,2026-01-02
주정차 금지구역,2025-02-02,고정형CCTV,2025-11-21,2026-01-02
주정차 금지구역,2025-02-02,고정형CCTV,2025-02-03,2026-01-02
주정차 금지구역,2025-02-02,고정형CCTV,2025-04-01,2026-01-02
주정차 금지구역,2025-02-02,고정형CCTV,2025-04-01,2026-01-02
주정차 금지구역,2025-02-02,고정형CCTV,2025-04-01,2026-01-02
주정차 금지구역,2025-02-02,고정형CCTV,2025-02-03,2026-01-02
주정차 금지구역,2025-02-02,고정형CCTV,2025-04-01,2026-01-02
주정차 금지구역,2025-02-02,고정형CCTV,2025-02-03,2026-01-02
주정차 금지구역,2025-02-02,고정형CCTV,2025-02-03,2026-01-02
주정차 금지구역,2025-02-02,고정형CCTV,2025-11-21,2026-01-02
주정차 금지구역,2025-02-02,고정형CCTV,2025-11-21,2026-01-02
주정차 금지구역,2025-02-02,고정형CCTV,2025-11-21,2026-01-02
주정차 금지구역,2025-02-02,고정형CCTV,2025-02-03,2026-01-02
주정차 금지구역,2025-02-02,고정형CCTV,2025-04-01,2026-01-02
주정차 금지구역,2025-02-02,고정형CCTV,2025-02-03,2026-01-02
주정차 금지구역,2025-02-02,고정형CCTV,2025-04-01,2026-01-02
주정차 금지구역,2025-02-02,고정형CCTV,2025-04-01,2026-01-02
주정차 금지구역,2025-02-02,고정형CCTV,2025-02-03,2026-01-02
주정차 금지구역,2025-02-02,고정형CCTV,2025-02-03,2026-01-02
주정차 금지구역,2025-02-02,고정형CCTV,2025-04-01,2026-01-02
주정차 금지구역,2025-02-02,고정형CCTV,2025-02-03,2026-01-02
주정차 금지구역,2025-02-02,고정형CCTV,2025-02-03,2026-01-02
주정차 금지구역,2025-02-02,고정형CCTV,2025-02-03,2026-01-02
주정차 금지구역,2025-02-02,고정형CCTV,2025-02-03,2026-01-02
주정차 금지구역,2025-02-02,고정형CCTV,2025-02-03,2026-01-02
주정차 금지구역,2025-02-02,고정형CCTV,2025-02-03,2026-01-02
주정차 금지구역,2025-02-02,고정형CCTV,2025-02-03,2026-01-02
주정차 금지구역,2025-02-02,고정형CCTV,2025-04-01,2026-01-02
주정차 금지구역,2025-02-02,고정형CCTV,2025-02-03,2026-01-02
주정차 금지구역,2025-02-02,고정형CCTV,2025-02-03,2026-01-02
주정차 금지구역,2025-02-02,고정형CCTV,2025-04-01,2026-01-02
주정차 금지구역,2025-02-02,고정형CCTV,2025-02-03,2026-01-02
주정차 금지구역,2025-02-02,고정형CCTV,2025-02-03,2026-01-02
주정차 금지구역,2025-02-02,고정형CCTV,2025-02-03,2026-01-02
주정차 금지구역,2025-02-02,고정형CCTV,2025-04-01,2026-01-02
주정차 금지구역,2025-02-02,고정형CCTV,2025-02-03,2026-01-02
주정차 금지구역,2025-02-02,고정형CCTV,2025-02-03,2026-01-02
주정차 금지구역,2025-02-02,고정형CCTV,2025-04-01,2026-01-02
주정차 금지구역,2025-02-02,고정형CCTV,2025-02-03,2026-01-02
주정차 금지구역,2025-02-02,고정형CCTV,2025-02-03,2026-01-02
주정차 금지구역,2025-02-02,고정형CCTV,2025-02-03,2026-01-02
주정차 금지구역,2025-02-02,고정형CCTV,2025-02-03,2026-01-02
주정차 금지구역,2025-02-02,고정형CCTV,2025-04-01,2026-01-02
주정차 금지구역,2025-02-02,고정형CCTV,2025-04-01,2026-01-02
주정차 금지구역,2025-02-02,고정형CCTV,2025-02-03,2026-01-02
주정차 금지구역,2025-02-02,고정형CCTV,2025-02-03,2026-01-02
주정차 금지구역,2025-02-02,고정형CCTV,2025-02-03,2026-01-02
주정차 금지구역,2025-02-02,고정형CCTV,2025-04-01,2026-01-02
주정차 금지구역,2025-02-02,고정형CCTV,2025-02-03,2026-01-02
주정차 금지구역,2025-02-02,고정형CCTV,2025-02-03,2026-01-02
주정차 금지구역,2025-02-02,고정형CCTV,2025-04-01,2026-01-02
주정차 금지구역,2025-02-02,고정형CCTV,2025-02-03,2026-01-02
주정차 금지구역,2025-02-02,고정형CCTV,2025-04-01,2026-01-02
주정차 금지구역,2025-02-02,고정형CCTV,2025-02-03,2026-01-02
주정차 금지구역,2025-02-02,고정형CCTV,2025-02-03,2026-01-02
주정차 금지구역,2025-02-02,고정형CCTV,2025-02-03,2026-01-02
주정차 금지구역,2025-02-02,고정형CCTV,2025-04-01,2026-01-02
주정차 금지구역,2025-02-02,고정형CCTV,2025-02-03,2026-01-02
주정차 금지구역,2025-02-02,고정형CCTV,2025-04-01,2026-01-02
주정차 금지구역,2025-02-02,고정형CCTV,2025-02-03,2026-01-02
주정차 금지구역,2025-02-02,고정형CCTV,2025-02-03,2026-01-02
주정차 금지구역,2025-02-02,고정형CCTV,2025-02-03,2026-01-02
주정차 금지구역,2025-02-02,고정형CCTV,2025-11-21,2026-01-02
주정차 금지구역,2025-02-02,고정형CCTV,2025-02-03,2026-01-02
주정차 금지구역,2025-02-02,고정형CCTV,2025-02-03,2026-01-02
주정차 금지구역,2025-02-02,고정형CCTV,2025-02-03,2026-01-02
주정차 금지구역,2025-02-02,고정형CCTV,2025-02-03,2026-01-02
주정차 금지구역,2025-02-02,고정형CCTV,2025-02-03,2026-01-02
주정차 금지구역,2025-02-02,고정형CCTV,2025-11-21,2026-01-02
주정차 금지구역,2025-02-02,고정형CCTV,2025-02-03,2026-01-02
주정차 금지구역,2025-02-02,고정형CCTV,2025-02-03,2026-01-02
주정차 금지구역,2025-02-02,고정형CCTV,2025-02-03,2026-01-02
주정차 금지구역,2025-02-02,고정형CCTV,2025-02-03,2026-01-02
주정차 금지구역,2025-02-02,고정형CCTV,2025-02-03,2026-01-02
주정차 금지구역,2025-02-02,고정형CCTV,2025-02-03,2026-01-02
주정차 금지구역,2025-02-02,고정형CCTV,2025-02-03,2026-01-02
주정차 금지구역,2025-02-02,고정형CCTV,2025-04-01,2026-01-02
주정차 금지구역,2025-02-02,고정형CCTV,2025-02-03,2026-01-02
주정차 금지구역,2025-02-02,고정형CCTV,2025-11-21,2026-01-02
주정차 금지구역,2025-02-02,고정형CCTV,2025-04-01,2026-01-02
주정차 금지구역,2025-02-02,고정형CCTV,2025-04-01,2026-01-02
주정차 금지구역,2025-02-02,고정형CCTV,2025-02-03,2026-01-02
주정차 금지구역,2025-02-02,고정형CCTV,2025-02-03,2026-01-02
주정차 금지구역,2025-02-02,고정형CCTV,2025-11-21,2026-01-02
주정차 금지구역,2025-02-02,고정형CCTV,2025-11-21,2026-01-02
주정차 금지구역,2025-02-02,고정형CCTV,2025-02-03,2026-01-02
주정차 금지구역,2025-02-02,고정형CCTV,2025-04-01,2026-01-02
주정차 금지구역,2025-02-02,고정형CCTV,2025-04-01,2026-01-02
주정차 금지구역,2025-02-02,고정형CCTV,2025-02-03,2026-01-02
주정차 금지구역,2025-02-02,고정형CCTV,2025-02-03,2026-01-02
주정차 금지구역,2025-02-02,고정형CCTV,2025-02-03,2026-01-02
주정차 금지구역,2025-02-02,고정형CCTV,2025-02-03,2026-01-02
주정차 금지구역,2025-02-02,고정형CCTV,2025-02-03,2026-01-02
주정차 금지구역,2025-02-02,고정형CCTV,2025-02-03,2026-01-02
주정차 금지구역,2025-02-02,고정형CCTV,2025-02-03,2026-01-02
주정차 금지구역,2025-02-02,고정형CCTV,2025-02-03,2026-01-02
주정차 금지구역,2025-02-02,고정형CCTV,2025-04-01,2026-01-02
주정차 금지구역,2025-02-02,고정형CCTV,2025-04-01,2026-01-02
주정차 금지구역,2025-02-02,고정형CCTV,2025-04-01,2026-01-02
주정차 금지구역,2025-02-02,고정형CCTV,2025-04-01,2026-01-02
주정차 금지구역,2025-02-02,고정형CCTV,2025-02-03,2026-01-02
주정차 금지구역,2025-02-02,고정형CCTV,2025-02-03,2026-01-02
주정차 금지구역,2025-02-02,고정형CCTV,2025-04-01,2026-01-02
주정차 금지구역,2025-02-02,고정형CCTV,2025-02-03,2026-01-02
주정차 금지구역,2025-02-02,고정형CCTV,2025-04-01,2026-01-02
주정차 금지구역,2025-02-02,고정형CCTV,2025-02-03,2026-01-02
주정차 금지구역,2025-02-02,고정형CCTV,2025-04-01,2026-01-02
주정차 금지구역,2025-02-02,고정형CCTV,2025-02-03,2026-01-02
주정차 금지구역,2025-02-02,고정형CCTV,2025-02-03,2026-01-02
주정차 금지구역,2025-02-02,고정형CCTV,2025-02-03,2026-01-02
주정차 금지구역,2025-02-02,고정형CCTV,2025-04-01,2026-01-02
주정차 금지구역,2025-02-02,고정형CCTV,2025-02-03,2026-01-02
주정차 금지구역,2025-02-02,고정형CCTV,2025-02-03,2026-01-02
주정차 금지구역,2025-02-02,고정형CCTV,2025-02-03,2026-01-02
주정차 금지구역,2025-02-02,고정형CCTV,2025-02-03,2026-01-02
주정차 금지구역,2025-02-02,고정형CCTV,2025-11-21,2026-01-02
주정차 금지구역,2025-02-02,고정형CCTV,2025-02-03,2026-01-02
주정차 금지구역,2025-02-02,고정형CCTV,2025-02-03,2026-01-02
주정차 금지구역,2025-02-02,고정형CCTV,2025-04-01,2026-01-02
주정차 금지구역,2025-02-02,고정형CCTV,2025-02-03,2026-01-02
주정차 금지구역,2025-02-02,고정형CCTV,2025-02-03,2026-01-02
주정차 금지구역,2025-02-02,고정형CCTV,2025-04-01,2026-01-02
주정차 금지구역,2025-02-02,고정형CCTV,2025-02-03,2026-01-02
주정차 금지구역,2025-02-02,고정형CCTV,2025-02-03,2026-01-02
주정차 금지구역,2025-02-02,고정형CCTV,2025-02-03,2026-01-02
주정차 금지구역,2025-02-02,고정형CCTV,2025-02-03,2026-01-02
주정차 금지구역,2025-02-02,고정형CCTV,2025-02-03,2026-01-02
주정차 금지구역,2025-02-02,고정형CCTV,2025-02-03,2026-01-02
주정차 금지구역,2025-02-02,고정형CCTV,2025-04-01,2026-01-02
주정차 금지구역,2025-02-02,고정형CCTV,2025-04-01,2026-01-02
주정차 금지구역,2025-02-02,고정형CCTV,2025-02-03,2026-01-02
주정차 금지구역,2025-02-02,고정형CCTV,2025-02-03,2026-01-02
주정차 금지구역,2025-02-02,고정형CCTV,2025-02-03,2026-01-02
주정차 금지구역,2025-02-02,고정형CCTV,2025-04-01,2026-01-02
주정차 금지구역,2025-02-02,고정형CCTV,2025-02-03,2026-01-02
주정차 금지구역,2025-02-02,고정형CCTV,2025-04-01,2026-01-02
주정차 금지구역,2025-02-02,고정형CCTV,2025-04-01,2026-01-02
주정차 금지구역,2025-02-02,고정형CCTV,2025-02-03,2026-01-02
주정차 금지구역,2025-02-02,고정형CCTV,2025-04-01,2026-01-02
주정차 금지구역,2025-02-02,고정형CCTV,2025-02-03,2026-01-02
주정차 금지구역,2025-02-02,고정형CCTV,2025-02-03,2026-01-02
주정차 금지구역,2025-02-02,고정형CCTV,2025-02-03,2026-01-02
주정차 금지구역,2025-02-02,고정형CCTV,2025-04-01,2026-01-02
주정차 금지구역,2025-02-02,고정형CCTV,2025-02-03,2026-01-02
주정차 금지구역,2025-02-02,고정형CCTV,2025-02-03,2026-01-02
주정차 금지구역,2025-02-02,고정형CCTV,2025-02-03,2026-01-02
주정차 금지구역,2025-02-02,고정형CCTV,2025-02-03,2026-01-02
주정차 금지구역,2025-02-02,고정형CCTV,2025-02-03,2026-01-02
주정차 금지구역,2025-02-02,고정형CCTV,2025-02-03,2026-01-02
주정차 금지구역,2025-02-02,고정형CCTV,2025-04-01,2026-01-02
주정차 금지구역,2025-02-02,고정형CCTV,2025-04-01,2026-01-02
주정차 금지구역,2025-02-02,고정형CCTV,2025-02-03,2026-01-02
주정차 금지구역,2025-02-02,고정형CCTV,2025-02-03,2026-01-02
주정차 금지구역,2025-02-02,고정형CCTV,2025-02-03,2026-01-02
주정차 금지구역,2025-02-02,고정형CCTV,2025-02-03,2026-01-02
주정차 금지구역,2025-02-02,고정형CCTV,2025-02-03,2026-01-02
주정차 금지구역,2025-02-02,고정형CCTV,2025-02-03,2026-01-02
주정차 금지구역,2025-02-02,고정형CCTV,2025-04-01,2026-01-02
주정차 금지구역,2025-02-02,고정형CCTV,2025-02-03,2026-01-02
보도(인도)위,2025-01-28,안전신문고,2025-03-04,2026-01-02
횡단보도,2025-01-28,안전신문고,2025-03-04,2026-01-02
횡단보도,2025-01-28,안전신문고,2025-02-07,2026-01-02
횡단보도,2025-01-25,안전신문고,2025-02-06,2026-01-02
횡단보도,2025-01-25,안전신문고,2025-02-06,2026-01-02
도로모퉁이,2025-01-29,안전신문고,2025-02-07,2026-01-02
보도(인도)위,2025-01-25,안전신문고,2025-03-04,2026-01-02
횡단보도,2025-01-25,안전신문고,2025-02-06,2026-01-02
횡단보도,2025-01-25,안전신문고,2025-03-04,2026-01-02
소방시설 주변,2025-01-24,안전신문고,2025-03-04,2026-01-02
횡단보도,2025-01-24,안전신문고,2025-02-05,2026-01-02
도로모퉁이,2025-01-25,안전신문고,2025-03-04,2026-01-02
도로모퉁이,2025-01-24,안전신문고,2025-11-21,2026-01-02
횡단보도,2025-01-25,안전신문고,2025-02-06,2026-01-02
소방시설 주변,2025-01-30,안전신문고,2025-03-04,2026-01-02
횡단보도,2025-01-24,안전신문고,2025-03-04,2026-01-02
보도(인도)위,2025-01-24,안전신문고,2025-02-05,2026-01-02
도로모퉁이,2025-01-25,안전신문고,2025-02-06,2026-01-02
횡단보도,2025-01-28,안전신문고,2025-02-07,2026-01-02
횡단보도,2025-01-25,안전신문고,2025-02-06,2026-01-02
횡단보도,2025-01-24,안전신문고,2025-02-05,2026-01-02
도로모퉁이,2025-01-28,안전신문고,2025-02-07,2026-01-02
보도(인도)위,2025-01-25,안전신문고,2025-02-06,2026-01-02
보도(인도)위,2025-01-30,안전신문고,2025-02-07,2026-01-02
횡단보도,2025-01-25,안전신문고,2025-02-06,2026-01-02
횡단보도,2025-01-30,안전신문고,2025-02-07,2026-01-02
도로모퉁이,2025-01-30,안전신문고,2025-02-07,2026-01-02
횡단보도,2025-01-30,안전신문고,2025-03-04,2026-01-02
횡단보도,2025-01-24,안전신문고,2025-02-05,2026-01-02
도로모퉁이,2025-01-26,안전신문고,2025-02-06,2026-01-02
소방시설 주변,2025-01-30,안전신문고,2025-03-04,2026-01-02
횡단보도,2025-01-24,안전신문고,2025-02-05,2026-01-02
횡단보도,2025-01-30,안전신문고,2025-03-04,2026-01-02
소방시설 주변,2025-01-24,안전신문고,2025-02-05,2026-01-02
횡단보도,2025-01-24,안전신문고,2025-03-04,2026-01-02
주정차 금지구역,2025-01-25,안전신문고,2025-02-06,2026-01-02
주정차 금지구역,2025-01-15,안전신문고,2025-03-04,2026-01-02
횡단보도,2025-01-25,안전신문고,2025-02-06,2026-01-02
횡단보도,2025-01-30,안전신문고,2025-02-07,2026-01-02
도로모퉁이,2025-01-28,안전신문고,2025-02-07,2026-01-02
횡단보도,2025-01-30,안전신문고,2025-03-04,2026-01-02
도로모퉁이,2025-01-24,안전신문고,2025-03-04,2026-01-02
보도(인도)위,2025-01-30,안전신문고,2025-02-07,2026-01-02
도로모퉁이,2025-01-28,안전신문고,2025-02-07,2026-01-02
횡단보도,2025-01-30,안전신문고,2025-03-04,2026-01-02
도로모퉁이,2025-01-30,안전신문고,2025-02-07,2026-01-02
횡단보도,2025-01-24,안전신문고,2025-02-05,2026-01-02
도로모퉁이,2025-01-30,안전신문고,2025-03-04,2026-01-02
보도(인도)위,2025-01-24,안전신문고,2025-02-05,2026-01-02
보도(인도)위,2025-01-30,안전신문고,2025-02-07,2026-01-02
도로모퉁이,2025-01-30,안전신문고,2025-03-04,2026-01-02
보도(인도)위,2025-01-28,안전신문고,2025-02-07,2026-01-02
횡단보도,2025-01-28,안전신문고,2025-02-07,2026-01-02
횡단보도,2025-01-30,안전신문고,2025-03-04,2026-01-02
횡단보도,2025-01-28,안전신문고,2025-03-04,2026-01-02
횡단보도,2025-01-26,안전신문고,2025-03-04,2026-01-02
횡단보도,2025-01-24,안전신문고,2025-11-21,2026-01-02
보도(인도)위,2025-01-29,안전신문고,2025-02-07,2026-01-02
도로모퉁이,2025-01-24,안전신문고,2025-02-05,2026-01-02
도로모퉁이,2025-01-24,안전신문고,2025-02-05,2026-01-02
보도(인도)위,2025-01-26,안전신문고,2025-02-06,2026-01-02
횡단보도,2025-01-24,안전신문고,2025-02-05,2026-01-02
횡단보도,2025-01-30,안전신문고,2025-02-07,2026-01-02
횡단보도,2025-01-25,안전신문고,2025-02-06,2026-01-02
소방시설 주변,2025-01-25,안전신문고,2025-02-06,2026-01-02
건널목,2025-01-24,안전신문고,2025-03-04,2026-01-02
도로모퉁이,2025-01-28,안전신문고,2025-02-07,2026-01-02
보도(인도)위,2025-01-24,안전신문고,2025-03-04,2026-01-02
횡단보도,2025-01-25,안전신문고,2025-11-21,2026-01-02
횡단보도,2025-01-30,안전신문고,2025-02-07,2026-01-02
횡단보도,2025-01-30,안전신문고,2025-03-04,2026-01-02
소방시설 주변,2025-01-28,안전신문고,2025-02-07,2026-01-02
소방시설 주변,2025-01-30,안전신문고,2025-03-04,2026-01-02
횡단보도,2025-01-28,안전신문고,2025-02-07,2026-01-02
도로모퉁이,2025-01-26,안전신문고,2025-03-04,2026-01-02
도로모퉁이,2025-01-30,안전신문고,2025-03-04,2026-01-02
도로모퉁이,2025-01-28,안전신문고,2025-03-04,2026-01-02
도로모퉁이,2025-01-30,안전신문고,2025-03-04,2026-01-02
횡단보도,2025-01-25,안전신문고,2025-11-21,2026-01-02
소방시설 주변,2025-01-24,안전신문고,2025-03-04,2026-01-02
도로모퉁이,2025-01-24,안전신문고,2025-03-04,2026-01-02
보도(인도)위,2025-01-26,안전신문고,2025-02-06,2026-01-02
보도(인도)위,2025-01-30,안전신문고,2025-02-07,2026-01-02
도로모퉁이,2025-01-26,안전신문고,2025-03-04,2026-01-02
횡단보도,2025-01-30,안전신문고,2025-02-07,2026-01-02
도로모퉁이,2025-01-30,안전신문고,2025-03-04,2026-01-02
횡단보도,2025-01-30,안전신문고,2025-02-07,2026-01-02
보도(인도)위,2025-01-25,안전신문고,2025-03-04,2026-01-02
도로모퉁이,2025-01-30,안전신문고,2025-02-07,2026-01-02
보도(인도)위,2025-01-25,안전신문고,2025-11-21,2026-01-02
도로모퉁이,2025-01-24,안전신문고,2025-11-21,2026-01-02
횡단보도,2025-01-24,안전신문고,2025-02-05,2026-01-02
도로모퉁이,2025-01-30,안전신문고,2025-02-07,2026-01-02
소방시설 주변,2025-01-30,안전신문고,2025-02-07,2026-01-02
보도(인도)위,2025-01-24,안전신문고,2025-03-04,2026-01-02
횡단보도,2025-01-28,안전신문고,2025-02-07,2026-01-02
보도(인도)위,2025-01-24,안전신문고,2025-02-05,2026-01-02
도로모퉁이,2025-01-24,안전신문고,2025-02-05,2026-01-02
보도(인도)위,2025-01-30,안전신문고,2025-02-07,2026-01-02
도로모퉁이,2025-01-30,안전신문고,2025-02-07,2026-01-02
횡단보도,2025-01-28,안전신문고,2025-02-07,2026-01-02
횡단보도,2025-01-30,안전신문고,2025-03-04,2026-01-02
도로모퉁이,2025-01-25,안전신문고,2025-02-06,2026-01-02
보도(인도)위,2025-01-30,안전신문고,2025-03-04,2026-01-02
소방시설 주변,2025-01-28,안전신문고,2025-03-04,2026-01-02
보도(인도)위,2025-01-24,안전신문고,2025-02-05,2026-01-02
도로모퉁이,2025-01-30,안전신문고,2025-02-07,2026-01-02
소방시설 주변,2025-01-24,안전신문고,2025-02-05,2026-01-02
횡단보도,2025-01-30,안전신문고,2025-03-04,2026-01-02
보도(인도)위,2025-01-30,안전신문고,2025-03-04,2026-01-02
소방시설 주변,2025-01-30,안전신문고,2025-11-21,2026-01-02
보도(인도)위,2025-01-30,안전신문고,2025-02-07,2026-01-02
횡단보도,2025-01-30,안전신문고,2025-02-07,2026-01-02
보도(인도)위,2025-01-28,안전신문고,2025-03-04,2026-01-02
도로모퉁이,2025-01-30,안전신문고,2025-02-07,2026-01-02
도로모퉁이,2025-01-30,안전신문고,2025-02-07,2026-01-02
소방시설 주변,2025-01-30,안전신문고,2025-02-07,2026-01-02
횡단보도,2025-01-26,안전신문고,2025-02-06,2026-01-02
보도(인도)위,2025-01-25,안전신문고,2025-03-04,2026-01-02
보도(인도)위,2025-01-28,안전신문고,2025-02-07,2026-01-02
횡단보도,2025-01-25,안전신문고,2025-02-06,2026-01-02
도로모퉁이,2025-01-24,안전신문고,2025-03-04,2026-01-02
도로모퉁이,2025-01-25,안전신문고,2025-02-06,2026-01-02
횡단보도,2025-01-28,안전신문고,2025-02-07,2026-01-02
소방시설 주변,2025-01-25,안전신문고,2025-02-06,2026-01-02
도로모퉁이,2025-01-28,안전신문고,2025-03-04,2026-01-02
도로모퉁이,2025-01-25,안전신문고,2025-02-06,2026-01-02
도로모퉁이,2025-01-28,안전신문고,2025-02-27,2026-01-02
횡단보도,2025-01-28,안전신문고,2025-02-07,2026-01-02
횡단보도,2025-01-24,안전신문고,2025-03-04,2026-01-02
횡단보도,2025-01-24,안전신문고,2025-02-05,2026-01-02
소방시설 주변,2025-01-26,안전신문고,2025-02-06,2026-01-02
횡단보도,2025-01-28,안전신문고,2025-02-07,2026-01-02
횡단보도,2025-01-24,안전신문고,2025-03-04,2026-01-02
횡단보도,2025-01-28,안전신문고,2025-02-07,2026-01-02
도로모퉁이,2025-01-24,안전신문고,2025-02-05,2026-01-02
횡단보도,2025-01-25,안전신문고,2025-03-04,2026-01-02
횡단보도,2025-01-25,안전신문고,2025-02-06,2026-01-02
횡단보도,2025-01-28,안전신문고,2025-03-04,2026-01-02
횡단보도,2025-01-28,안전신문고,2025-03-04,2026-01-02
횡단보도,2025-01-28,안전신문고,2025-02-07,2026-01-02
횡단보도,2025-01-26,안전신문고,2025-03-04,2026-01-02
횡단보도,2025-01-24,안전신문고,2025-11-21,2026-01-02
횡단보도,2025-01-26,안전신문고,2025-02-06,2026-01-02
도로모퉁이,2025-01-28,안전신문고,2025-03-04,2026-01-02
횡단보도,2025-01-26,안전신문고,2025-02-06,2026-01-02
도로모퉁이,2025-01-28,안전신문고,2025-02-07,2026-01-02
소방시설 주변,2025-01-26,안전신문고,2025-03-04,2026-01-02
도로모퉁이,2025-01-26,안전신문고,2025-03-04,2026-01-02
도로모퉁이,2025-01-25,안전신문고,2025-02-06,2026-01-02
도로모퉁이,2025-01-25,안전신문고,2025-03-04,2026-01-02
보도(인도)위,2025-01-26,안전신문고,2025-03-04,2026-01-02
횡단보도,2025-01-26,안전신문고,2025-02-06,2026-01-02
횡단보도,2025-01-25,안전신문고,2025-03-04,2026-01-02
보도(인도)위,2025-01-25,안전신문고,2025-02-06,2026-01-02
횡단보도,2025-01-25,안전신문고,2025-02-06,2026-01-02
도로모퉁이,2025-01-25,안전신문고,2025-02-06,2026-01-02
횡단보도,2025-01-24,안전신문고,2025-03-04,2026-01-02
횡단보도,2025-01-26,안전신문고,2025-02-06,2026-01-02
도로모퉁이,2025-01-24,안전신문고,2025-11-21,2026-01-02
보도(인도)위,2025-01-25,안전신문고,2025-11-21,2026-01-02
버스정류장 주변,2025-01-28,안전신문고,2025-02-07,2026-01-02
횡단보도,2025-01-24,안전신문고,2025-02-05,2026-01-02
도로모퉁이,2025-01-24,안전신문고,2025-03-04,2026-01-02
횡단보도,2025-01-28,안전신문고,2025-03-04,2026-01-02
도로모퉁이,2025-01-24,안전신문고,2025-02-05,2026-01-02
횡단보도,2025-01-26,안전신문고,2025-02-06,2026-01-02
횡단보도,2025-01-24,안전신문고,2025-02-05,2026-01-02
소방시설 주변,2025-01-28,안전신문고,2025-02-07,2026-01-02
횡단보도,2025-01-26,안전신문고,2025-02-06,2026-01-02
횡단보도,2025-01-28,안전신문고,2025-02-07,2026-01-02
횡단보도,2025-01-28,안전신문고,2025-02-07,2026-01-02
보도(인도)위,2025-01-28,안전신문고,2025-03-04,2026-01-02
보도(인도)위,2025-01-25,안전신문고,2025-02-06,2026-01-02
보도(인도)위,2025-01-25,안전신문고,2025-11-21,2026-01-02
횡단보도,2025-01-26,안전신문고,2025-03-04,2026-01-02
보도(인도)위,2025-01-25,안전신문고,2025-03-04,2026-01-02
보도(인도)위,2025-01-25,안전신문고,2025-02-06,2026-01-02
보도(인도)위,2025-01-25,안전신문고,2025-02-06,2026-01-02
보도(인도)위,2025-01-25,안전신문고,2025-03-04,2026-01-02
횡단보도,2025-01-26,안전신문고,2025-02-06,2026-01-02
횡단보도,2025-01-24,안전신문고,2025-11-21,2026-01-02
횡단보도,2025-01-26,안전신문고,2025-02-06,2026-01-02
버스정류장 주변,2025-01-28,안전신문고,2025-02-07,2026-01-02
보도(인도)위,2025-01-24,안전신문고,2025-02-05,2026-01-02
도로모퉁이,2025-01-24,안전신문고,2025-03-04,2026-01-02
횡단보도,2025-01-24,안전신문고,2025-02-05,2026-01-02
횡단보도,2025-01-24,안전신문고,2025-02-05,2026-01-02
보도(인도)위,2025-01-28,안전신문고,2025-03-04,2026-01-02
도로모퉁이,2025-01-24,안전신문고,2025-03-04,2026-01-02
횡단보도,2025-01-28,안전신문고,2025-02-07,2026-01-02
횡단보도,2025-01-26,안전신문고,2025-02-06,2026-01-02
보도(인도)위,2025-01-25,안전신문고,2025-03-04,2026-01-02
보도(인도)위,2025-01-25,안전신문고,2025-02-06,2026-01-02
횡단보도,2025-01-26,안전신문고,2025-02-06,2026-01-02
소방시설 주변,2025-01-26,안전신문고,2025-02-06,2026-01-02
보도(인도)위,2025-01-26,안전신문고,2025-03-04,2026-01-02
도로모퉁이,2025-01-24,안전신문고,2025-02-05,2026-01-02
횡단보도,2025-01-26,안전신문고,2025-02-06,2026-01-02
횡단보도,2025-01-26,안전신문고,2025-02-06,2026-01-02
도로모퉁이,2025-01-29,안전신문고,2025-03-04,2026-01-02
도로모퉁이,2025-01-24,안전신문고,2025-11-21,2026-01-02
횡단보도,2025-01-26,안전신문고,2025-02-06,2026-01-02
횡단보도,2025-01-26,안전신문고,2025-03-04,2026-01-02
횡단보도,2025-01-26,안전신문고,2025-11-21,2026-01-02
도로모퉁이,2025-01-27,안전신문고,2025-03-04,2026-01-02
횡단보도,2025-01-04,안전신문고,2025-02-04,2026-01-02
보도(인도)위,2025-01-25,안전신문고,2025-03-04,2026-01-02
횡단보도,2025-01-27,안전신문고,2025-02-06,2026-01-02
도로모퉁이,2025-01-27,안전신문고,2025-02-06,2026-01-02
보도(인도)위,2025-01-26,안전신문고,2025-03-04,2026-01-02
도로모퉁이,2025-01-09,안전신문고,2025-03-04,2026-01-02
주정차 금지구역,2025-01-10,주행형CCTV,2025-02-04,2026-01-02
보도(인도)위,2025-01-24,안전신문고,2025-02-05,2026-01-02
도로모퉁이,2025-01-24,안전신문고,2025-02-05,2026-01-02
도로모퉁이,2025-01-24,안전신문고,2025-03-04,2026-01-02
도로모퉁이,2025-01-24,안전신문고,2025-03-04,2026-01-02
횡단보도,2025-01-27,안전신문고,2025-03-04,2026-01-02
도로모퉁이,2025-01-01,안전신문고,2025-03-04,2026-01-02
보도(인도)위,2025-01-09,안전신문고,2025-02-04,2026-01-02
횡단보도,2025-01-10,안전신문고,2025-02-04,2026-01-02
횡단보도,2025-01-26,안전신문고,2025-02-06,2026-01-02
횡단보도,2025-01-26,안전신문고,2025-03-04,2026-01-02
버스정류장 주변,2025-01-26,안전신문고,2025-02-06,2026-01-02
횡단보도,2025-01-26,안전신문고,2025-02-06,2026-01-02
주정차 금지구역,2025-02-03,고정형CCTV,2025-11-21,2026-01-02
주정차 금지구역,2025-02-03,고정형CCTV,2025-02-04,2026-01-02
주정차 금지구역,2025-02-03,고정형CCTV,2025-02-04,2026-01-02
주정차 금지구역,2025-02-03,고정형CCTV,2025-04-01,2026-01-02
주정차 금지구역,2025-02-03,고정형CCTV,2025-02-04,2026-01-02
주정차 금지구역,2025-02-03,고정형CCTV,2025-02-04,2026-01-02
주정차 금지구역,2025-02-03,고정형CCTV,2025-02-04,2026-01-02
주정차 금지구역,2025-02-03,고정형CCTV,2025-04-01,2026-01-02
주정차 금지구역,2025-02-03,고정형CCTV,2025-04-01,2026-01-02
주정차 금지구역,2025-02-03,고정형CCTV,2025-04-01,2026-01-02
주정차 금지구역,2025-02-03,고정형CCTV,2025-04-01,2026-01-02
주정차 금지구역,2025-02-03,고정형CCTV,2025-04-01,2026-01-02
주정차 금지구역,2025-02-03,고정형CCTV,2025-02-04,2026-01-02
주정차 금지구역,2025-02-03,고정형CCTV,2025-02-04,2026-01-02
주정차 금지구역,2025-02-03,고정형CCTV,2025-04-01,2026-01-02
주정차 금지구역,2025-02-03,고정형CCTV,2025-11-21,2026-01-02
주정차 금지구역,2025-02-03,고정형CCTV,2025-02-04,2026-01-02
주정차 금지구역,2025-02-03,고정형CCTV,2025-11-21,2026-01-02
주정차 금지구역,2025-02-03,고정형CCTV,2025-02-04,2026-01-02
주정차 금지구역,2025-02-03,고정형CCTV,2025-02-04,2026-01-02
주정차 금지구역,2025-02-03,고정형CCTV,2025-02-04,2026-01-02
주정차 금지구역,2025-02-03,고정형CCTV,2025-02-04,2026-01-02
주정차 금지구역,2025-02-03,고정형CCTV,2025-02-04,2026-01-02
주정차 금지구역,2025-02-03,고정형CCTV,2025-02-04,2026-01-02
주정차 금지구역,2025-02-03,고정형CCTV,2025-04-01,2026-01-02
주정차 금지구역,2025-02-03,고정형CCTV,2025-11-21,2026-01-02
주정차 금지구역,2025-02-03,고정형CCTV,2025-02-04,2026-01-02
주정차 금지구역,2025-02-03,고정형CCTV,2025-02-04,2026-01-02
주정차 금지구역,2025-02-03,고정형CCTV,2025-02-04,2026-01-02
주정차 금지구역,2025-02-03,고정형CCTV,2025-02-04,2026-01-02
주정차 금지구역,2025-02-03,고정형CCTV,2025-02-04,2026-01-02
주정차 금지구역,2025-02-03,고정형CCTV,2025-02-04,2026-01-02
주정차 금지구역,2025-02-03,고정형CCTV,2025-02-04,2026-01-02
주정차 금지구역,2025-02-03,고정형CCTV,2025-04-01,2026-01-02
주정차 금지구역,2025-02-03,고정형CCTV,2025-02-04,2026-01-02
주정차 금지구역,2025-02-03,고정형CCTV,2025-04-01,2026-01-02
주정차 금지구역,2025-02-03,고정형CCTV,2025-04-01,2026-01-02
주정차 금지구역,2025-02-03,고정형CCTV,2025-02-04,2026-01-02
주정차 금지구역,2025-02-03,고정형CCTV,2025-04-01,2026-01-02
주정차 금지구역,2025-02-03,고정형CCTV,2025-02-04,2026-01-02
주정차 금지구역,2025-02-03,고정형CCTV,2025-04-01,2026-01-02
주정차 금지구역,2025-02-03,고정형CCTV,2025-02-04,2026-01-02
주정차 금지구역,2025-02-03,고정형CCTV,2025-11-21,2026-01-02
주정차 금지구역,2025-02-03,고정형CCTV,2025-04-01,2026-01-02
주정차 금지구역,2025-02-03,고정형CCTV,2025-02-04,2026-01-02
주정차 금지구역,2025-02-03,고정형CCTV,2025-02-04,2026-01-02
주정차 금지구역,2025-02-03,고정형CCTV,2025-04-01,2026-01-02
주정차 금지구역,2025-02-03,고정형CCTV,2025-02-04,2026-01-02
주정차 금지구역,2025-02-03,고정형CCTV,2025-04-01,2026-01-02
주정차 금지구역,2025-02-03,고정형CCTV,2025-02-04,2026-01-02
주정차 금지구역,2025-02-03,고정형CCTV,2025-02-04,2026-01-02
주정차 금지구역,2025-02-03,고정형CCTV,2025-02-04,2026-01-02
주정차 금지구역,2025-02-03,고정형CCTV,2025-02-04,2026-01-02
주정차 금지구역,2025-02-03,고정형CCTV,2025-02-04,2026-01-02
주정차 금지구역,2025-02-03,고정형CCTV,2025-04-01,2026-01-02
주정차 금지구역,2025-02-03,고정형CCTV,2025-02-04,2026-01-02
주정차 금지구역,2025-02-03,고정형CCTV,2025-02-04,2026-01-02
주정차 금지구역,2025-02-03,고정형CCTV,2025-02-04,2026-01-02
주정차 금지구역,2025-02-03,고정형CCTV,2025-04-01,2026-01-02
주정차 금지구역,2025-02-03,고정형CCTV,2025-02-04,2026-01-02
주정차 금지구역,2025-02-03,고정형CCTV,2025-02-04,2026-01-02
주정차 금지구역,2025-02-03,고정형CCTV,2025-04-01,2026-01-02
주정차 금지구역,2025-02-03,고정형CCTV,2025-02-04,2026-01-02
주정차 금지구역,2025-02-03,고정형CCTV,2025-04-01,2026-01-02
주정차 금지구역,2025-02-03,고정형CCTV,2025-02-04,2026-01-02
주정차 금지구역,2025-02-03,고정형CCTV,2025-02-04,2026-01-02
주정차 금지구역,2025-02-03,고정형CCTV,2025-02-04,2026-01-02
주정차 금지구역,2025-02-03,고정형CCTV,2025-04-01,2026-01-02
주정차 금지구역,2025-02-03,고정형CCTV,2025-02-04,2026-01-02
주정차 금지구역,2025-02-03,고정형CCTV,2025-04-01,2026-01-02
주정차 금지구역,2025-02-03,고정형CCTV,2025-02-04,2026-01-02
주정차 금지구역,2025-02-03,고정형CCTV,2025-02-04,2026-01-02
주정차 금지구역,2025-02-03,고정형CCTV,2025-02-04,2026-01-02
주정차 금지구역,2025-02-03,고정형CCTV,2025-02-04,2026-01-02
주정차 금지구역,2025-02-03,고정형CCTV,2025-02-04,2026-01-02
주정차 금지구역,2025-02-03,고정형CCTV,2025-04-01,2026-01-02
주정차 금지구역,2025-02-03,고정형CCTV,2025-02-04,2026-01-02
주정차 금지구역,2025-02-03,고정형CCTV,2025-02-04,2026-01-02
주정차 금지구역,2025-02-03,고정형CCTV,2025-02-04,2026-01-02
주정차 금지구역,2025-02-03,고정형CCTV,2025-02-04,2026-01-02
주정차 금지구역,2025-02-03,고정형CCTV,2025-02-04,2026-01-02
주정차 금지구역,2025-02-03,고정형CCTV,2025-04-01,2026-01-02
주정차 금지구역,2025-02-03,고정형CCTV,2025-04-01,2026-01-02
주정차 금지구역,2025-02-03,고정형CCTV,2025-02-04,2026-01-02
주정차 금지구역,2025-02-03,고정형CCTV,2025-02-04,2026-01-02
주정차 금지구역,2025-02-03,고정형CCTV,2025-11-21,2026-01-02
주정차 금지구역,2025-02-03,고정형CCTV,2025-04-01,2026-01-02
주정차 금지구역,2025-02-03,고정형CCTV,2025-02-04,2026-01-02
주정차 금지구역,2025-02-03,고정형CCTV,2025-02-04,2026-01-02
주정차 금지구역,2025-02-03,고정형CCTV,2025-02-04,2026-01-02
주정차 금지구역,2025-02-03,고정형CCTV,2025-02-04,2026-01-02
주정차 금지구역,2025-02-03,고정형CCTV,2025-02-04,2026-01-02
주정차 금지구역,2025-02-03,고정형CCTV,2025-02-04,2026-01-02
주정차 금지구역,2025-02-03,고정형CCTV,2025-04-01,2026-01-02
주정차 금지구역,2025-02-03,고정형CCTV,2025-04-01,2026-01-02
주정차 금지구역,2025-02-03,고정형CCTV,2025-04-01,2026-01-02
주정차 금지구역,2025-02-03,고정형CCTV,2025-04-01,2026-01-02
주정차 금지구역,2025-02-03,고정형CCTV,2025-02-04,2026-01-02
주정차 금지구역,2025-02-03,고정형CCTV,2025-02-04,2026-01-02
주정차 금지구역,2025-02-03,고정형CCTV,2025-11-21,2026-01-02
주정차 금지구역,2025-02-03,고정형CCTV,2025-04-01,2026-01-02
주정차 금지구역,2025-02-03,고정형CCTV,2025-02-04,2026-01-02
주정차 금지구역,2025-02-03,고정형CCTV,2025-02-04,2026-01-02
주정차 금지구역,2025-02-03,고정형CCTV,2025-02-04,2026-01-02
주정차 금지구역,2025-02-03,고정형CCTV,2025-02-04,2026-01-02
주정차 금지구역,2025-02-03,고정형CCTV,2025-04-01,2026-01-02
주정차 금지구역,2025-02-03,고정형CCTV,2025-02-04,2026-01-02
주정차 금지구역,2025-01-10,고정형CCTV,2025-03-04,2026-01-02
보도(인도)위,2025-01-25,안전신문고,2025-11-21,2026-01-02
횡단보도,2025-01-27,안전신문고,2025-02-06,2026-01-02
주정차 금지구역,2025-01-10,고정형CCTV,2025-03-04,2026-01-02
보도(인도)위,2025-01-11,안전신문고,2025-03-04,2026-01-02
보도(인도)위,2025-01-25,안전신문고,2025-02-06,2026-01-02
보도(인도)위,2025-01-25,안전신문고,2025-03-04,2026-01-02
주정차 금지구역,2025-01-16,주행형CCTV,2025-02-04,2026-01-02
주정차 금지구역,2025-01-16,주행형CCTV,2025-03-04,2026-01-02
도로모퉁이,2025-01-27,안전신문고,2025-02-06,2026-01-02
횡단보도,2025-01-30,안전신문고,2025-03-04,2026-01-02
보도(인도)위,2025-01-25,안전신문고,2025-03-04,2026-01-02
주정차 금지구역,2025-01-15,주행형CCTV,2025-03-04,2026-01-02
주정차 금지구역,2025-01-16,고정형CCTV,2025-03-04,2026-01-02
주정차 금지구역,2025-01-16,고정형CCTV,2025-02-04,2026-01-02
주정차 금지구역,2025-01-16,주행형CCTV,2025-03-04,2026-01-02
횡단보도,2025-01-27,안전신문고,2025-02-06,2026-01-02
횡단보도,2025-01-26,안전신문고,2025-02-06,2026-01-02
도로모퉁이,2025-01-30,안전신문고,2025-03-04,2026-01-02
횡단보도,2025-01-30,안전신문고,2025-02-07,2026-01-02
횡단보도,2025-01-26,안전신문고,2025-03-04,2026-01-02
횡단보도,2025-01-30,안전신문고,2025-02-07,2026-01-02
횡단보도,2025-01-27,안전신문고,2025-03-04,2026-01-02
도로모퉁이,2025-01-25,안전신문고,2025-03-04,2026-01-02
보도(인도)위,2025-01-24,안전신문고,2025-03-04,2026-01-02
도로모퉁이,2025-01-30,안전신문고,2025-03-04,2026-01-02
도로모퉁이,2025-01-25,안전신문고,2025-02-06,2026-01-02
보도(인도)위,2025-01-24,안전신문고,2025-11-21,2026-01-02
보도(인도)위,2025-01-24,안전신문고,2025-11-21,2026-01-02
도로모퉁이,2025-01-25,안전신문고,2025-02-06,2026-01-02
도로모퉁이,2025-01-25,안전신문고,2025-03-04,2026-01-02
보도(인도)위,2025-01-24,안전신문고,2025-02-05,2026-01-02
횡단보도,2025-01-24,안전신문고,2025-03-04,2026-01-02
보도(인도)위,2025-01-24,안전신문고,2025-02-05,2026-01-02
보도(인도)위,2025-01-24,안전신문고,2025-02-05,2026-01-02
주정차 금지구역,2025-01-11,고정형CCTV,2025-03-04,2026-01-02
횡단보도,2025-01-25,안전신문고,2025-03-04,2026-01-02
보도(인도)위,2025-01-24,안전신문고,2025-02-05,2026-01-02
주정차 금지구역,2025-01-17,고정형CCTV,2025-03-04,2026-01-02
주정차 금지구역,2025-01-17,고정형CCTV,2025-03-04,2026-01-02
도로모퉁이,2025-01-25,안전신문고,2025-03-04,2026-01-02
주정차 금지구역,2025-01-18,고정형CCTV,2025-03-04,2026-01-02
도로모퉁이,2025-01-24,안전신문고,2025-02-05,2026-01-02
도로모퉁이,2025-01-27,안전신문고,2025-02-06,2026-01-02
도로모퉁이,2025-01-27,안전신문고,2025-02-06,2026-01-02
주정차 금지구역,2025-01-19,고정형CCTV,2025-03-04,2026-01-02
도로모퉁이,2025-01-27,안전신문고,2025-02-06,2026-01-02
도로모퉁이,2025-01-27,안전신문고,2025-02-06,2026-01-02
주정차 금지구역,2025-01-19,고정형CCTV,2025-03-04,2026-01-02
도로모퉁이,2025-01-27,안전신문고,2025-02-06,2026-01-02
도로모퉁이,2025-01-27,안전신문고,2025-03-04,2026-01-02
횡단보도,2025-01-24,안전신문고,2025-02-05,2026-01-02
도로모퉁이,2025-01-25,안전신문고,2025-11-21,2026-01-02
횡단보도,2025-01-27,안전신문고,2025-03-04,2026-01-02
주정차 금지구역,2025-01-19,고정형CCTV,2025-03-04,2026-01-02
도로모퉁이,2025-01-27,안전신문고,2025-02-06,2026-01-02
횡단보도,2025-01-27,안전신문고,2025-02-06,2026-01-02
도로모퉁이,2025-01-27,안전신문고,2025-02-06,2026-01-02
횡단보도,2025-01-27,안전신문고,2025-11-21,2026-01-02
주정차 금지구역,2025-02-03,주행형CCTV,2025-02-04,2026-01-02
주정차 금지구역,2025-02-03,주행형CCTV,2025-04-01,2026-01-02
주정차 금지구역,2025-02-03,주행형CCTV,2025-02-04,2026-01-02
주정차 금지구역,2025-02-03,주행형CCTV,2025-02-04,2026-01-02
주정차 금지구역,2025-02-03,주행형CCTV,2025-02-04,2026-01-02
주정차 금지구역,2025-02-03,주행형CCTV,2025-02-04,2026-01-02
주정차 금지구역,2025-02-03,주행형CCTV,2025-02-04,2026-01-02
주정차 금지구역,2025-02-03,주행형CCTV,2025-04-01,2026-01-02
주정차 금지구역,2025-02-03,주행형CCTV,2025-04-01,2026-01-02
주정차 금지구역,2025-02-03,주행형CCTV,2025-02-04,2026-01-02
주정차 금지구역,2025-02-03,주행형CCTV,2025-04-01,2026-01-02
주정차 금지구역,2025-02-03,주행형CCTV,2025-02-04,2026-01-02
주정차 금지구역,2025-02-03,주행형CCTV,2025-02-04,2026-01-02
주정차 금지구역,2025-02-03,주행형CCTV,2025-02-04,2026-01-02
주정차 금지구역,2025-02-03,주행형CCTV,2025-02-04,2026-01-02
주정차 금지구역,2025-02-03,주행형CCTV,2025-11-21,2026-01-02
주정차 금지구역,2025-02-03,주행형CCTV,2025-02-04,2026-01-02
주정차 금지구역,2025-02-03,주행형CCTV,2025-04-01,2026-01-02
주정차 금지구역,2025-02-03,주행형CCTV,2025-02-04,2026-01-02
주정차 금지구역,2025-02-03,주행형CCTV,2025-02-04,2026-01-02
주정차 금지구역,2025-02-03,주행형CCTV,2025-02-04,2026-01-02
주정차 금지구역,2025-02-03,주행형CCTV,2025-04-01,2026-01-02
주정차 금지구역,2025-02-03,주행형CCTV,2025-04-01,2026-01-02
주정차 금지구역,2025-02-03,주행형CCTV,2025-02-04,2026-01-02
주정차 금지구역,2025-02-03,주행형CCTV,2025-02-04,2026-01-02
주정차 금지구역,2025-02-03,주행형CCTV,2025-02-04,2026-01-02
주정차 금지구역,2025-02-03,주행형CCTV,2025-02-04,2026-01-02
주정차 금지구역,2025-02-03,주행형CCTV,2025-11-21,2026-01-02
주정차 금지구역,2025-02-03,주행형CCTV,2025-02-04,2026-01-02
주정차 금지구역,2025-02-03,주행형CCTV,2025-11-21,2026-01-02
주정차 금지구역,2025-02-03,주행형CCTV,2025-04-01,2026-01-02
주정차 금지구역,2025-02-03,주행형CCTV,2025-02-04,2026-01-02
주정차 금지구역,2025-02-03,주행형CCTV,2025-11-21,2026-01-02
주정차 금지구역,2025-02-03,주행형CCTV,2025-02-04,2026-01-02
주정차 금지구역,2025-02-03,주행형CCTV,2025-02-04,2026-01-02
주정차 금지구역,2025-02-03,주행형CCTV,2025-04-01,2026-01-02
주정차 금지구역,2025-02-03,주행형CCTV,2025-02-04,2026-01-02
주정차 금지구역,2025-02-03,주행형CCTV,2025-04-01,2026-01-02
주정차 금지구역,2025-02-03,주행형CCTV,2025-02-04,2026-01-02
주정차 금지구역,2025-02-03,주행형CCTV,2025-04-01,2026-01-02
주정차 금지구역,2025-02-03,주행형CCTV,2025-02-04,2026-01-02
주정차 금지구역,2025-02-03,주행형CCTV,2025-11-21,2026-01-02
주정차 금지구역,2025-02-03,주행형CCTV,2025-02-04,2026-01-02
주정차 금지구역,2025-02-03,주행형CCTV,2025-02-04,2026-01-02
주정차 금지구역,2025-02-03,주행형CCTV,2025-11-21,2026-01-02
주정차 금지구역,2025-02-03,주행형CCTV,2025-02-04,2026-01-02
주정차 금지구역,2025-02-03,주행형CCTV,2025-02-04,2026-01-02
주정차 금지구역,2025-02-03,주행형CCTV,2025-02-04,2026-01-02
주정차 금지구역,2025-02-03,주행형CCTV,2025-04-01,2026-01-02
주정차 금지구역,2025-02-03,주행형CCTV,2025-02-04,2026-01-02
주정차 금지구역,2025-02-03,주행형CCTV,2025-02-04,2026-01-02
주정차 금지구역,2025-02-03,주행형CCTV,2025-02-04,2026-01-02
주정차 금지구역,2025-02-03,주행형CCTV,2025-02-04,2026-01-02
주정차 금지구역,2025-02-03,주행형CCTV,2025-02-04,2026-01-02
주정차 금지구역,2025-02-03,주행형CCTV,2025-04-01,2026-01-02
주정차 금지구역,2025-02-03,주행형CCTV,2025-02-04,2026-01-02
주정차 금지구역,2025-02-03,주행형CCTV,2025-02-04,2026-01-02
주정차 금지구역,2025-02-03,주행형CCTV,2025-02-04,2026-01-02
주정차 금지구역,2025-02-03,주행형CCTV,2025-02-04,2026-01-02
주정차 금지구역,2025-02-03,주행형CCTV,2025-02-04,2026-01-02
주정차 금지구역,2025-02-03,주행형CCTV,2025-04-01,2026-01-02
주정차 금지구역,2025-02-03,주행형CCTV,2025-02-04,2026-01-02
주정차 금지구역,2025-02-03,주행형CCTV,2025-04-01,2026-01-02
주정차 금지구역,2025-02-03,주행형CCTV,2025-02-04,2026-01-02
주정차 금지구역,2025-02-03,주행형CCTV,2025-02-04,2026-01-02
주정차 금지구역,2025-02-03,주행형CCTV,2025-02-04,2026-01-02
주정차 금지구역,2025-02-03,주행형CCTV,2025-04-01,2026-01-02
주정차 금지구역,2025-02-03,주행형CCTV,2025-02-04,2026-01-02
주정차 금지구역,2025-02-03,주행형CCTV,2025-02-04,2026-01-02
주정차 금지구역,2025-02-03,주행형CCTV,2025-02-04,2026-01-02
주정차 금지구역,2025-02-03,주행형CCTV,2025-02-04,2026-01-02
주정차 금지구역,2025-02-03,주행형CCTV,2025-02-04,2026-01-02
주정차 금지구역,2025-02-03,주행형CCTV,2025-04-01,2026-01-02
주정차 금지구역,2025-02-03,주행형CCTV,2025-02-04,2026-01-02
주정차 금지구역,2025-02-03,주행형CCTV,2025-04-01,2026-01-02
주정차 금지구역,2025-02-03,주행형CCTV,2025-04-01,2026-01-02
주정차 금지구역,2025-02-03,주행형CCTV,2025-02-04,2026-01-02
주정차 금지구역,2025-02-03,주행형CCTV,2025-04-01,2026-01-02
주정차 금지구역,2025-02-03,주행형CCTV,2025-02-04,2026-01-02
주정차 금지구역,2025-02-03,주행형CCTV,2025-02-04,2026-01-02
주정차 금지구역,2025-02-03,주행형CCTV,2025-04-01,2026-01-02
주정차 금지구역,2025-02-03,주행형CCTV,2025-02-04,2026-01-02
주정차 금지구역,2025-02-03,주행형CCTV,2025-02-04,2026-01-02
주정차 금지구역,2025-02-03,주행형CCTV,2025-04-01,2026-01-02
주정차 금지구역,2025-02-03,주행형CCTV,2025-02-04,2026-01-02
주정차 금지구역,2025-02-03,주행형CCTV,2025-02-04,2026-01-02
주정차 금지구역,2025-02-03,주행형CCTV,2025-02-04,2026-01-02
주정차 금지구역,2025-02-03,주행형CCTV,2025-02-04,2026-01-02
주정차 금지구역,2025-02-03,주행형CCTV,2025-02-04,2026-01-02
주정차 금지구역,2025-02-03,주행형CCTV,2025-02-04,2026-01-02
주정차 금지구역,2025-02-03,주행형CCTV,2025-02-04,2026-01-02
주정차 금지구역,2025-02-03,주행형CCTV,2025-02-04,2026-01-02
주정차 금지구역,2025-02-03,주행형CCTV,2025-02-04,2026-01-02
주정차 금지구역,2025-02-03,주행형CCTV,2025-04-01,2026-01-02
주정차 금지구역,2025-02-03,주행형CCTV,2025-02-04,2026-01-02
주정차 금지구역,2025-02-03,주행형CCTV,2025-04-01,2026-01-02
주정차 금지구역,2025-02-03,주행형CCTV,2025-04-01,2026-01-02
주정차 금지구역,2025-02-03,주행형CCTV,2025-02-04,2026-01-02
주정차 금지구역,2025-02-03,주행형CCTV,2025-04-01,2026-01-02
주정차 금지구역,2025-02-03,주행형CCTV,2025-02-04,2026-01-02
주정차 금지구역,2025-02-03,주행형CCTV,2025-02-04,2026-01-02
주정차 금지구역,2025-02-03,주행형CCTV,2025-02-04,2026-01-02
주정차 금지구역,2025-02-03,주행형CCTV,2025-04-01,2026-01-02
주정차 금지구역,2025-02-03,주행형CCTV,2025-02-04,2026-01-02
주정차 금지구역,2025-02-03,주행형CCTV,2025-02-04,2026-01-02
주정차 금지구역,2025-02-03,주행형CCTV,2025-11-21,2026-01-02
주정차 금지구역,2025-02-03,주행형CCTV,2025-02-04,2026-01-02
주정차 금지구역,2025-02-03,주행형CCTV,2025-02-04,2026-01-02
주정차 금지구역,2025-02-03,주행형CCTV,2025-04-01,2026-01-02
주정차 금지구역,2025-02-03,주행형CCTV,2025-04-01,2026-01-02
주정차 금지구역,2025-02-03,주행형CCTV,2025-04-01,2026-01-02
주정차 금지구역,2025-02-03,주행형CCTV,2025-04-01,2026-01-02
주정차 금지구역,2025-02-03,주행형CCTV,2025-02-04,2026-01-02
주정차 금지구역,2025-02-03,주행형CCTV,2025-02-04,2026-01-02
주정차 금지구역,2025-02-03,주행형CCTV,2025-02-04,2026-01-02
주정차 금지구역,2025-02-03,주행형CCTV,2025-04-01,2026-01-02
주정차 금지구역,2025-02-03,주행형CCTV,2025-02-04,2026-01-02
주정차 금지구역,2025-02-03,주행형CCTV,2025-02-04,2026-01-02
주정차 금지구역,2025-02-03,주행형CCTV,2025-02-04,2026-01-02
주정차 금지구역,2025-02-03,주행형CCTV,2025-02-04,2026-01-02
주정차 금지구역,2025-02-03,주행형CCTV,2025-04-01,2026-01-02
주정차 금지구역,2025-02-03,주행형CCTV,2025-02-04,2026-01-02
주정차 금지구역,2025-02-03,주행형CCTV,2025-02-04,2026-01-02
주정차 금지구역,2025-02-03,주행형CCTV,2025-02-04,2026-01-02
주정차 금지구역,2025-02-03,주행형CCTV,2025-02-04,2026-01-02
주정차 금지구역,2025-02-03,주행형CCTV,2025-02-04,2026-01-02
주정차 금지구역,2025-02-03,주행형CCTV,2025-04-01,2026-01-02
주정차 금지구역,2025-02-03,주행형CCTV,2025-02-04,2026-01-02
주정차 금지구역,2025-02-03,주행형CCTV,2025-02-04,2026-01-02
주정차 금지구역,2025-02-03,주행형CCTV,2025-02-04,2026-01-02
주정차 금지구역,2025-02-03,주행형CCTV,2025-02-04,2026-01-02
주정차 금지구역,2025-02-03,주행형CCTV,2025-02-04,2026-01-02
주정차 금지구역,2025-02-03,주행형CCTV,2025-04-01,2026-01-02
주정차 금지구역,2025-02-03,주행형CCTV,2025-04-01,2026-01-02
주정차 금지구역,2025-02-03,주행형CCTV,2025-11-21,2026-01-02
주정차 금지구역,2025-02-03,주행형CCTV,2025-04-01,2026-01-02
주정차 금지구역,2025-02-03,주행형CCTV,2025-02-04,2026-01-02
주정차 금지구역,2025-02-03,주행형CCTV,2025-02-04,2026-01-02
주정차 금지구역,2025-02-03,주행형CCTV,2025-02-04,2026-01-02
주정차 금지구역,2025-02-03,주행형CCTV,2025-02-04,2026-01-02
주정차 금지구역,2025-02-03,주행형CCTV,2025-02-04,2026-01-02
주정차 금지구역,2025-02-03,주행형CCTV,2025-04-01,2026-01-02
주정차 금지구역,2025-02-03,주행형CCTV,2025-04-01,2026-01-02
주정차 금지구역,2025-02-03,주행형CCTV,2025-04-01,2026-01-02
주정차 금지구역,2025-02-03,주행형CCTV,2025-02-04,2026-01-02
주정차 금지구역,2025-02-03,주행형CCTV,2025-04-01,2026-01-02
주정차 금지구역,2025-02-03,주행형CCTV,2025-02-04,2026-01-02
주정차 금지구역,2025-02-03,주행형CCTV,2025-11-21,2026-01-02
주정차 금지구역,2025-02-03,주행형CCTV,2025-04-01,2026-01-02
주정차 금지구역,2025-02-03,주행형CCTV,2025-02-04,2026-01-02
소방시설 주변,2025-02-03,주행형CCTV,2025-04-01,2026-01-02
주정차 금지구역,2025-02-03,주행형CCTV,2025-04-01,2026-01-02
주정차 금지구역,2025-02-03,주행형CCTV,2025-02-04,2026-01-02
주정차 금지구역,2025-02-03,주행형CCTV,2025-04-01,2026-01-02
주정차 금지구역,2025-02-03,주행형CCTV,2025-02-04,2026-01-02
주정차 금지구역,2025-02-03,주행형CCTV,2025-02-04,2026-01-02
주정차 금지구역,2025-02-03,주행형CCTV,2025-04-01,2026-01-02
주정차 금지구역,2025-02-03,주행형CCTV,2025-04-01,2026-01-02
주정차 금지구역,2025-02-03,주행형CCTV,2025-11-21,2026-01-02
주정차 금지구역,2025-02-03,주행형CCTV,2025-04-01,2026-01-02
주정차 금지구역,2025-02-03,주행형CCTV,2025-02-04,2026-01-02
주정차 금지구역,2025-02-03,주행형CCTV,2025-02-04,2026-01-02
주정차 금지구역,2025-02-03,주행형CCTV,2025-04-01,2026-01-02
주정차 금지구역,2025-02-03,주행형CCTV,2025-04-01,2026-01-02
주정차 금지구역,2025-02-03,주행형CCTV,2025-02-04,2026-01-02
주정차 금지구역,2025-02-03,주행형CCTV,2025-04-01,2026-01-02
주정차 금지구역,2025-02-03,주행형CCTV,2025-02-04,2026-01-02
주정차 금지구역,2025-02-03,주행형CCTV,2025-02-04,2026-01-02
주정차 금지구역,2025-02-03,주행형CCTV,2025-02-04,2026-01-02
주정차 금지구역,2025-02-03,주행형CCTV,2025-02-04,2026-01-02
주정차 금지구역,2025-02-03,주행형CCTV,2025-02-04,2026-01-02
주정차 금지구역,2025-02-03,버스장착형CCTV,2025-04-01,2026-01-02
주정차 금지구역,2025-02-03,버스장착형CCTV,2025-02-04,2026-01-02
주정차 금지구역,2025-02-03,버스장착형CCTV,2025-02-04,2026-01-02
도로모퉁이,2025-01-27,안전신문고,2025-03-04,2026-01-02
도로모퉁이,2025-01-26,안전신문고,2025-03-04,2026-01-02
교차로,2025-01-27,안전신문고,2025-02-06,2026-01-02
보도(인도)위,2025-01-26,안전신문고,2025-02-06,2026-01-02
보도(인도)위,2025-01-26,안전신문고,2025-02-06,2026-01-02
횡단보도,2025-01-26,안전신문고,2025-03-04,2026-01-02
보도(인도)위,2025-01-26,안전신문고,2025-02-06,2026-01-02
도로모퉁이,2025-01-28,안전신문고,2025-02-07,2026-01-02
도로모퉁이,2025-01-28,안전신문고,2025-02-07,2026-01-02
횡단보도,2025-01-27,안전신문고,2025-02-06,2026-01-02
횡단보도,2025-01-27,안전신문고,2025-02-06,2026-01-02
횡단보도,2025-01-26,안전신문고,2025-02-06,2026-01-02
횡단보도,2025-01-27,안전신문고,2025-03-04,2026-01-02
횡단보도,2025-01-26,안전신문고,2025-03-04,2026-01-02
도로모퉁이,2025-01-27,안전신문고,2025-02-06,2026-01-02
보도(인도)위,2025-01-26,안전신문고,2025-02-06,2026-01-02
소방시설 주변,2025-01-31,안전신문고,2025-03-04,2026-01-02
소방시설 주변,2025-01-31,안전신문고,2025-02-07,2026-01-02
횡단보도,2025-01-28,안전신문고,2025-02-07,2026-01-02
소방시설 주변,2025-01-27,안전신문고,2025-02-06,2026-01-02
도로모퉁이,2025-01-27,안전신문고,2025-02-06,2026-01-02
소방시설 주변,2025-01-26,안전신문고,2025-02-06,2026-01-02
보도(인도)위,2025-01-25,안전신문고,2025-03-04,2026-01-02
횡단보도,2025-01-26,안전신문고,2025-03-04,2026-01-02
횡단보도,2025-01-27,안전신문고,2025-02-06,2026-01-02
버스정류장 주변,2025-01-24,안전신문고,2025-03-04,2026-01-02
버스정류장 주변,2025-01-24,안전신문고,2025-02-05,2026-01-02
횡단보도,2025-01-31,안전신문고,2025-03-04,2026-01-02
횡단보도,2025-01-31,안전신문고,2025-02-07,2026-01-02
횡단보도,2025-01-31,안전신문고,2025-02-07,2026-01-02
횡단보도,2025-01-30,안전신문고,2025-02-07,2026-01-02
횡단보도,2025-01-31,안전신문고,2025-11-21,2026-01-02
횡단보도,2025-01-26,안전신문고,2025-03-04,2026-01-02
횡단보도,2025-01-31,안전신문고,2025-03-04,2026-01-02
보도(인도)위,2025-01-26,안전신문고,2025-02-06,2026-01-02
횡단보도,2025-01-30,안전신문고,2025-11-21,2026-01-02
횡단보도,2025-01-30,안전신문고,2025-02-07,2026-01-02
횡단보도,2025-01-30,안전신문고,2025-03-04,2026-01-02
횡단보도,2025-01-30,안전신문고,2025-03-04,2026-01-02
횡단보도,2025-01-30,안전신문고,2025-02-07,2026-01-02
횡단보도,2025-01-30,안전신문고,2025-02-07,2026-01-02
도로모퉁이,2025-01-30,안전신문고,2025-02-07,2026-01-02
소방시설 주변,2025-01-30,안전신문고,2025-02-07,2026-01-02
도로모퉁이,2025-01-26,안전신문고,2025-02-06,2026-01-02
횡단보도,2025-01-30,안전신문고,2025-11-21,2026-01-02
횡단보도,2025-01-30,안전신문고,2025-02-07,2026-01-02
도로모퉁이,2025-01-26,안전신문고,2025-02-06,2026-01-02
횡단보도,2025-01-25,안전신문고,2025-02-06,2026-01-02
도로모퉁이,2025-01-25,안전신문고,2025-02-06,2026-01-02
도로모퉁이,2025-01-25,안전신문고,2025-02-06,2026-01-02
도로모퉁이,2025-01-26,안전신문고,2025-03-04,2026-01-02
횡단보도,2025-01-26,안전신문고,2025-02-06,2026-01-02
보도(인도)위,2025-01-25,안전신문고,2025-03-04,2026-01-02
횡단보도,2025-01-25,안전신문고,2025-11-21,2026-01-02
횡단보도,2025-01-25,안전신문고,2025-02-06,2026-01-02
횡단보도,2025-01-25,안전신문고,2025-02-06,2026-01-02
횡단보도,2025-01-25,안전신문고,2025-02-06,2026-01-02
횡단보도,2025-01-25,안전신문고,2025-02-06,2026-01-02
횡단보도,2025-01-26,안전신문고,2025-02-06,2026-01-02
횡단보도,2025-01-28,안전신문고,2025-02-07,2026-01-02
횡단보도,2025-01-28,안전신문고,2025-02-07,2026-01-02
도로모퉁이,2025-01-24,안전신문고,2025-02-05,2026-01-02
보도(인도)위,2025-01-24,안전신문고,2025-03-04,2026-01-02
횡단보도,2025-01-28,안전신문고,2025-02-07,2026-01-02
도로모퉁이,2025-01-28,안전신문고,2025-03-04,2026-01-02
횡단보도,2025-01-28,안전신문고,2025-03-04,2026-01-02
버스정류장 주변,2025-01-24,안전신문고,2025-02-05,2026-01-02
도로모퉁이,2025-01-28,안전신문고,2025-02-07,2026-01-02
도로모퉁이,2025-01-28,안전신문고,2025-03-04,2026-01-02
소방시설 주변,2025-01-28,안전신문고,2025-02-07,2026-01-02
횡단보도,2025-01-28,안전신문고,2025-02-07,2026-01-02
보도(인도)위,2025-01-25,안전신문고,2025-02-06,2026-01-02
횡단보도,2025-01-26,안전신문고,2025-02-06,2026-01-02
보도(인도)위,2025-01-25,안전신문고,2025-02-06,2026-01-02
횡단보도,2025-01-26,안전신문고,2025-03-04,2026-01-02
보도(인도)위,2025-01-26,안전신문고,2025-02-06,2026-01-02
버스정류장 주변,2025-01-28,안전신문고,2025-11-21,2026-01-02
보도(인도)위,2025-02-04,안전신문고,2025-11-21,2026-01-02
도로모퉁이,2025-01-26,안전신문고,2025-03-04,2026-01-02
도로모퉁이,2025-01-26,안전신문고,2025-02-06,2026-01-02
횡단보도,2025-01-25,안전신문고,2025-02-06,2026-01-02
주정차 금지구역,2025-02-04,고정형CCTV,2025-02-05,2026-01-02
주정차 금지구역,2025-02-04,고정형CCTV,2025-02-05,2026-01-02
주정차 금지구역,2025-02-04,고정형CCTV,2025-04-01,2026-01-02
주정차 금지구역,2025-02-04,고정형CCTV,2025-04-01,2026-01-02
주정차 금지구역,2025-02-04,고정형CCTV,2025-02-05,2026-01-02
주정차 금지구역,2025-02-04,고정형CCTV,2025-04-01,2026-01-02
주정차 금지구역,2025-02-04,고정형CCTV,2025-04-01,2026-01-02
주정차 금지구역,2025-02-04,고정형CCTV,2025-04-01,2026-01-02
주정차 금지구역,2025-02-04,고정형CCTV,2025-02-05,2026-01-02
주정차 금지구역,2025-02-04,고정형CCTV,2025-11-21,2026-01-02
주정차 금지구역,2025-02-04,고정형CCTV,2025-11-21,2026-01-02
주정차 금지구역,2025-02-04,고정형CCTV,2025-02-05,2026-01-02
주정차 금지구역,2025-02-04,고정형CCTV,2025-04-01,2026-01-02
주정차 금지구역,2025-02-04,고정형CCTV,2025-02-05,2026-01-02
주정차 금지구역,2025-02-04,고정형CCTV,2025-02-05,2026-01-02
주정차 금지구역,2025-02-04,고정형CCTV,2025-02-05,2026-01-02
주정차 금지구역,2025-02-04,고정형CCTV,2025-04-01,2026-01-02
주정차 금지구역,2025-02-04,고정형CCTV,2025-02-05,2026-01-02
주정차 금지구역,2025-02-04,고정형CCTV,2025-04-01,2026-01-02
주정차 금지구역,2025-02-04,고정형CCTV,2025-04-01,2026-01-02
주정차 금지구역,2025-02-04,고정형CCTV,2025-02-05,2026-01-02
주정차 금지구역,2025-02-04,고정형CCTV,2025-02-05,2026-01-02
주정차 금지구역,2025-02-04,고정형CCTV,2025-02-05,2026-01-02
주정차 금지구역,2025-02-04,고정형CCTV,2025-02-05,2026-01-02
주정차 금지구역,2025-02-04,고정형CCTV,2025-02-05,2026-01-02
주정차 금지구역,2025-02-04,고정형CCTV,2025-02-05,2026-01-02
주정차 금지구역,2025-02-04,고정형CCTV,2025-02-05,2026-01-02
주정차 금지구역,2025-02-04,고정형CCTV,2025-04-01,2026-01-02
주정차 금지구역,2025-02-04,고정형CCTV,2025-02-05,2026-01-02
주정차 금지구역,2025-02-04,고정형CCTV,2025-04-01,2026-01-02
주정차 금지구역,2025-02-04,고정형CCTV,2025-04-01,2026-01-02
주정차 금지구역,2025-02-04,고정형CCTV,2025-02-05,2026-01-02
주정차 금지구역,2025-02-04,고정형CCTV,2025-02-05,2026-01-02
주정차 금지구역,2025-02-04,고정형CCTV,2025-02-05,2026-01-02
주정차 금지구역,2025-02-04,고정형CCTV,2025-04-01,2026-01-02
주정차 금지구역,2025-02-04,고정형CCTV,2025-02-05,2026-01-02
주정차 금지구역,2025-02-04,고정형CCTV,2025-02-05,2026-01-02
주정차 금지구역,2025-02-04,고정형CCTV,2025-04-01,2026-01-02
주정차 금지구역,2025-02-04,고정형CCTV,2025-02-05,2026-01-02
주정차 금지구역,2025-02-04,고정형CCTV,2025-02-05,2026-01-02
주정차 금지구역,2025-02-04,고정형CCTV,2025-02-05,2026-01-02
주정차 금지구역,2025-02-04,고정형CCTV,2025-02-05,2026-01-02
주정차 금지구역,2025-02-04,고정형CCTV,2025-04-01,2026-01-02
주정차 금지구역,2025-02-04,고정형CCTV,2025-02-05,2026-01-02
주정차 금지구역,2025-02-04,고정형CCTV,2025-04-01,2026-01-02
주정차 금지구역,2025-02-04,고정형CCTV,2025-11-21,2026-01-02
주정차 금지구역,2025-02-04,고정형CCTV,2025-02-05,2026-01-02
주정차 금지구역,2025-02-04,고정형CCTV,2025-02-05,2026-01-02
주정차 금지구역,2025-02-04,고정형CCTV,2025-04-01,2026-01-02
주정차 금지구역,2025-02-04,고정형CCTV,2025-04-01,2026-01-02
주정차 금지구역,2025-02-04,고정형CCTV,2025-04-01,2026-01-02
주정차 금지구역,2025-02-04,고정형CCTV,2025-02-05,2026-01-02
주정차 금지구역,2025-02-04,고정형CCTV,2025-02-05,2026-01-02
주정차 금지구역,2025-02-04,고정형CCTV,2025-02-05,2026-01-02
주정차 금지구역,2025-02-04,고정형CCTV,2025-04-01,2026-01-02
주정차 금지구역,2025-02-04,고정형CCTV,2025-02-05,2026-01-02
주정차 금지구역,2025-02-04,고정형CCTV,2025-04-01,2026-01-02
주정차 금지구역,2025-02-04,고정형CCTV,2025-02-05,2026-01-02
주정차 금지구역,2025-02-04,고정형CCTV,2025-02-05,2026-01-02
주정차 금지구역,2025-02-04,고정형CCTV,2025-02-05,2026-01-02
주정차 금지구역,2025-02-04,고정형CCTV,2025-02-05,2026-01-02
주정차 금지구역,2025-02-04,고정형CCTV,2025-02-05,2026-01-02
주정차 금지구역,2025-02-04,고정형CCTV,2025-04-01,2026-01-02
주정차 금지구역,2025-02-04,고정형CCTV,2025-04-01,2026-01-02
주정차 금지구역,2025-02-04,고정형CCTV,2025-02-05,2026-01-02
주정차 금지구역,2025-02-04,고정형CCTV,2025-02-05,2026-01-02
주정차 금지구역,2025-02-04,고정형CCTV,2025-02-05,2026-01-02
주정차 금지구역,2025-02-04,고정형CCTV,2025-04-01,2026-01-02
주정차 금지구역,2025-02-04,고정형CCTV,2025-02-05,2026-01-02
주정차 금지구역,2025-02-04,고정형CCTV,2025-02-05,2026-01-02
소방시설 주변,2025-02-04,고정형CCTV,2025-02-05,2026-01-02
주정차 금지구역,2025-02-04,고정형CCTV,2025-02-05,2026-01-02
주정차 금지구역,2025-02-04,고정형CCTV,2025-02-05,2026-01-02
주정차 금지구역,2025-02-04,고정형CCTV,2025-04-01,2026-01-02
주정차 금지구역,2025-02-04,고정형CCTV,2025-04-01,2026-01-02
주정차 금지구역,2025-02-04,고정형CCTV,2025-04-01,2026-01-02
주정차 금지구역,2025-02-04,고정형CCTV,2025-04-01,2026-01-02
주정차 금지구역,2025-02-04,고정형CCTV,2025-02-05,2026-01-02
주정차 금지구역,2025-02-04,고정형CCTV,2025-02-05,2026-01-02
주정차 금지구역,2025-02-04,고정형CCTV,2025-04-01,2026-01-02
주정차 금지구역,2025-02-04,고정형CCTV,2025-04-01,2026-01-02
주정차 금지구역,2025-02-04,고정형CCTV,2025-02-05,2026-01-02
주정차 금지구역,2025-02-04,고정형CCTV,2025-02-05,2026-01-02
주정차 금지구역,2025-02-04,고정형CCTV,2025-04-01,2026-01-02
주정차 금지구역,2025-02-04,고정형CCTV,2025-04-01,2026-01-02
주정차 금지구역,2025-02-04,고정형CCTV,2025-04-01,2026-01-02
주정차 금지구역,2025-02-04,고정형CCTV,2025-02-05,2026-01-02
주정차 금지구역,2025-02-04,고정형CCTV,2025-11-21,2026-01-02
주정차 금지구역,2025-02-04,고정형CCTV,2025-02-05,2026-01-02
주정차 금지구역,2025-02-04,고정형CCTV,2025-02-05,2026-01-02
주정차 금지구역,2025-02-04,고정형CCTV,2025-04-01,2026-01-02
주정차 금지구역,2025-02-04,고정형CCTV,2025-02-05,2026-01-02
주정차 금지구역,2025-02-04,고정형CCTV,2025-04-01,2026-01-02
주정차 금지구역,2025-02-04,고정형CCTV,2025-11-21,2026-01-02
주정차 금지구역,2025-02-04,고정형CCTV,2025-02-05,2026-01-02
주정차 금지구역,2025-02-04,고정형CCTV,2025-02-05,2026-01-02
주정차 금지구역,2025-02-04,고정형CCTV,2025-02-05,2026-01-02
도로모퉁이,2025-01-26,안전신문고,2025-02-06,2026-01-02
보도(인도)위,2025-02-04,안전신문고,2025-02-13,2026-01-02
도로모퉁이,2025-01-26,안전신문고,2025-02-06,2026-01-02
보도(인도)위,2025-01-28,안전신문고,2025-03-04,2026-01-02
횡단보도,2025-01-26,안전신문고,2025-02-06,2026-01-02
횡단보도,2025-01-28,안전신문고,2025-02-07,2026-01-02
보도(인도)위,2025-02-05,안전신문고,2025-11-21,2026-01-02
횡단보도,2025-01-28,안전신문고,2025-03-04,2026-01-02
보도(인도)위,2025-01-28,안전신문고,2025-02-07,2026-01-02
횡단보도,2025-02-05,안전신문고,2025-11-21,2026-01-02
도로모퉁이,2025-01-26,안전신문고,2025-02-06,2026-01-02
횡단보도,2025-01-30,안전신문고,2025-02-07,2026-01-02
횡단보도,2025-01-28,안전신문고,2025-02-07,2026-01-02
소방시설 주변,2025-02-05,안전신문고,2025-02-13,2026-01-02
보도(인도)위,2025-02-05,안전신문고,2025-02-13,2026-01-02
횡단보도,2025-02-05,안전신문고,2025-02-13,2026-01-02
소방시설 주변,2025-01-25,안전신문고,2025-02-06,2026-01-02
횡단보도,2025-01-28,안전신문고,2025-11-21,2026-01-02
횡단보도,2025-02-05,안전신문고,2025-04-01,2026-01-02
횡단보도,2025-01-28,안전신문고,2025-03-04,2026-01-02
보도(인도)위,2025-01-28,안전신문고,2025-02-07,2026-01-02
횡단보도,2025-01-25,안전신문고,2025-11-21,2026-01-02
횡단보도,2025-02-05,안전신문고,2025-04-01,2026-01-02
도로모퉁이,2025-02-05,안전신문고,2025-04-01,2026-01-02
소방시설 주변,2025-02-05,안전신문고,2025-04-01,2026-01-02
횡단보도,2025-02-05,안전신문고,2025-04-01,2026-01-02
횡단보도,2025-01-28,안전신문고,2025-03-04,2026-01-02
소방시설 주변,2025-02-05,안전신문고,2025-02-13,2026-01-02
보도(인도)위,2025-01-25,안전신문고,2025-03-04,2026-01-02
주정차 금지구역,2025-02-04,버스장착형CCTV,2025-04-01,2026-01-02
주정차 금지구역,2025-02-04,버스장착형CCTV,2025-02-05,2026-01-02
주정차 금지구역,2025-02-04,버스장착형CCTV,2025-04-01,2026-01-02
주정차 금지구역,2025-02-04,버스장착형CCTV,2025-02-05,2026-01-02
주정차 금지구역,2025-02-04,버스장착형CCTV,2025-02-05,2026-01-02
보도(인도)위,2025-01-25,안전신문고,2025-02-06,2026-01-02
보도(인도)위,2025-01-31,안전신문고,2025-11-21,2026-01-02
주정차 금지구역,2025-02-04,주행형CCTV,2025-04-01,2026-01-02
주정차 금지구역,2025-02-04,주행형CCTV,2025-04-01,2026-01-02
주정차 금지구역,2025-02-04,주행형CCTV,2025-02-05,2026-01-02
주정차 금지구역,2025-02-04,주행형CCTV,2025-02-05,2026-01-02
주정차 금지구역,2025-02-04,주행형CCTV,2025-02-05,2026-01-02
주정차 금지구역,2025-02-04,주행형CCTV,2025-02-05,2026-01-02
주정차 금지구역,2025-02-04,주행형CCTV,2025-02-05,2026-01-02
주정차 금지구역,2025-02-04,주행형CCTV,2025-04-01,2026-01-02
주정차 금지구역,2025-02-04,주행형CCTV,2025-04-01,2026-01-02
주정차 금지구역,2025-02-04,주행형CCTV,2025-04-01,2026-01-02
주정차 금지구역,2025-02-04,주행형CCTV,2025-02-05,2026-01-02
주정차 금지구역,2025-02-04,주행형CCTV,2025-11-21,2026-01-02
주정차 금지구역,2025-02-04,주행형CCTV,2025-02-05,2026-01-02
주정차 금지구역,2025-02-04,주행형CCTV,2025-02-05,2026-01-02
주정차 금지구역,2025-02-04,주행형CCTV,2025-02-05,2026-01-02
주정차 금지구역,2025-02-04,주행형CCTV,2025-02-05,2026-01-02
주정차 금지구역,2025-02-04,주행형CCTV,2025-04-01,2026-01-02
주정차 금지구역,2025-02-04,주행형CCTV,2025-04-01,2026-01-02
주정차 금지구역,2025-02-04,주행형CCTV,2025-02-05,2026-01-02
주정차 금지구역,2025-02-04,주행형CCTV,2025-02-05,2026-01-02
주정차 금지구역,2025-02-04,주행형CCTV,2025-02-05,2026-01-02
주정차 금지구역,2025-02-04,주행형CCTV,2025-02-05,2026-01-02
주정차 금지구역,2025-02-04,주행형CCTV,2025-04-01,2026-01-02
주정차 금지구역,2025-02-04,주행형CCTV,2025-02-05,2026-01-02
주정차 금지구역,2025-02-04,주행형CCTV,2025-11-21,2026-01-02
주정차 금지구역,2025-02-04,주행형CCTV,2025-02-05,2026-01-02
주정차 금지구역,2025-02-04,주행형CCTV,2025-11-21,2026-01-02
주정차 금지구역,2025-02-04,주행형CCTV,2025-02-05,2026-01-02
주정차 금지구역,2025-02-04,주행형CCTV,2025-11-21,2026-01-02
주정차 금지구역,2025-02-04,주행형CCTV,2025-02-05,2026-01-02
주정차 금지구역,2025-02-04,주행형CCTV,2025-04-01,2026-01-02
주정차 금지구역,2025-02-04,주행형CCTV,2025-02-05,2026-01-02
주정차 금지구역,2025-02-04,주행형CCTV,2025-04-01,2026-01-02
주정차 금지구역,2025-02-04,주행형CCTV,2025-02-05,2026-01-02
주정차 금지구역,2025-02-04,주행형CCTV,2025-11-21,2026-01-02
주정차 금지구역,2025-02-04,주행형CCTV,2025-11-21,2026-01-02
주정차 금지구역,2025-02-04,주행형CCTV,2025-02-05,2026-01-02
주정차 금지구역,2025-02-04,주행형CCTV,2025-02-05,2026-01-02
주정차 금지구역,2025-02-04,주행형CCTV,2025-04-01,2026-01-02
주정차 금지구역,2025-02-04,주행형CCTV,2025-04-01,2026-01-02
주정차 금지구역,2025-02-04,주행형CCTV,2025-02-05,2026-01-02
주정차 금지구역,2025-02-04,주행형CCTV,2025-02-05,2026-01-02
주정차 금지구역,2025-02-04,주행형CCTV,2025-04-01,2026-01-02
주정차 금지구역,2025-02-04,주행형CCTV,2025-04-01,2026-01-02
주정차 금지구역,2025-02-04,주행형CCTV,2025-11-21,2026-01-02
주정차 금지구역,2025-02-04,주행형CCTV,2025-11-21,2026-01-02
주정차 금지구역,2025-02-04,주행형CCTV,2025-02-05,2026-01-02
주정차 금지구역,2025-02-04,주행형CCTV,2025-02-05,2026-01-02
주정차 금지구역,2025-02-04,주행형CCTV,2025-02-05,2026-01-02
주정차 금지구역,2025-02-04,주행형CCTV,2025-02-05,2026-01-02
주정차 금지구역,2025-02-04,주행형CCTV,2025-02-05,2026-01-02
주정차 금지구역,2025-02-04,주행형CCTV,2025-02-05,2026-01-02
주정차 금지구역,2025-02-04,주행형CCTV,2025-04-01,2026-01-02
주정차 금지구역,2025-02-04,주행형CCTV,2025-02-05,2026-01-02
주정차 금지구역,2025-02-04,주행형CCTV,2025-04-01,2026-01-02
주정차 금지구역,2025-02-04,주행형CCTV,2025-11-21,2026-01-02
주정차 금지구역,2025-02-04,주행형CCTV,2025-04-01,2026-01-02
주정차 금지구역,2025-02-04,주행형CCTV,2025-02-05,2026-01-02
주정차 금지구역,2025-02-04,주행형CCTV,2025-02-05,2026-01-02
주정차 금지구역,2025-02-04,주행형CCTV,2025-02-05,2026-01-02
주정차 금지구역,2025-02-04,주행형CCTV,2025-02-05,2026-01-02
주정차 금지구역,2025-02-04,주행형CCTV,2025-02-05,2026-01-02
주정차 금지구역,2025-02-04,주행형CCTV,2025-02-05,2026-01-02
주정차 금지구역,2025-02-04,주행형CCTV,2025-02-05,2026-01-02
주정차 금지구역,2025-02-04,주행형CCTV,2025-04-01,2026-01-02
주정차 금지구역,2025-02-04,주행형CCTV,2025-04-01,2026-01-02
주정차 금지구역,2025-02-04,주행형CCTV,2025-02-05,2026-01-02
주정차 금지구역,2025-02-04,주행형CCTV,2025-02-05,2026-01-02
주정차 금지구역,2025-02-04,주행형CCTV,2025-02-05,2026-01-02
주정차 금지구역,2025-02-04,주행형CCTV,2025-04-01,2026-01-02
주정차 금지구역,2025-02-04,주행형CCTV,2025-04-01,2026-01-02
주정차 금지구역,2025-02-04,주행형CCTV,2025-02-05,2026-01-02
주정차 금지구역,2025-02-04,주행형CCTV,2025-04-01,2026-01-02
주정차 금지구역,2025-02-04,주행형CCTV,2025-02-05,2026-01-02
주정차 금지구역,2025-02-04,주행형CCTV,2025-02-05,2026-01-02
주정차 금지구역,2025-02-04,주행형CCTV,2025-02-05,2026-01-02
주정차 금지구역,2025-02-04,주행형CCTV,2025-02-05,2026-01-02
주정차 금지구역,2025-02-04,주행형CCTV,2025-02-05,2026-01-02
주정차 금지구역,2025-02-04,주행형CCTV,2025-02-05,2026-01-02
주정차 금지구역,2025-02-04,주행형CCTV,2025-04-01,2026-01-02
주정차 금지구역,2025-02-04,주행형CCTV,2025-02-05,2026-01-02
주정차 금지구역,2025-02-04,주행형CCTV,2025-02-05,2026-01-02
주정차 금지구역,2025-02-04,주행형CCTV,2025-04-01,2026-01-02
주정차 금지구역,2025-02-04,주행형CCTV,2025-04-01,2026-01-02
주정차 금지구역,2025-02-04,주행형CCTV,2025-04-01,2026-01-02
주정차 금지구역,2025-02-04,주행형CCTV,2025-02-05,2026-01-02
주정차 금지구역,2025-02-04,주행형CCTV,2025-02-05,2026-01-02
주정차 금지구역,2025-02-04,주행형CCTV,2025-02-05,2026-01-02
주정차 금지구역,2025-02-04,주행형CCTV,2025-02-05,2026-01-02
주정차 금지구역,2025-02-04,주행형CCTV,2025-02-05,2026-01-02
주정차 금지구역,2025-02-04,주행형CCTV,2025-02-05,2026-01-02
주정차 금지구역,2025-02-04,주행형CCTV,2025-02-05,2026-01-02
주정차 금지구역,2025-02-04,주행형CCTV,2025-04-01,2026-01-02
주정차 금지구역,2025-02-04,주행형CCTV,2025-02-05,2026-01-02
주정차 금지구역,2025-02-04,주행형CCTV,2025-04-01,2026-01-02
주정차 금지구역,2025-02-04,주행형CCTV,2025-04-01,2026-01-02
주정차 금지구역,2025-02-04,주행형CCTV,2025-02-05,2026-01-02
주정차 금지구역,2025-02-04,주행형CCTV,2025-04-01,2026-01-02
주정차 금지구역,2025-02-04,주행형CCTV,2025-04-01,2026-01-02
주정차 금지구역,2025-02-04,주행형CCTV,2025-02-05,2026-01-02
주정차 금지구역,2025-02-04,주행형CCTV,2025-02-05,2026-01-02
주정차 금지구역,2025-02-04,주행형CCTV,2025-02-05,2026-01-02
주정차 금지구역,2025-02-04,주행형CCTV,2025-02-05,2026-01-02
주정차 금지구역,2025-02-04,주행형CCTV,2025-02-05,2026-01-02
주정차 금지구역,2025-02-04,주행형CCTV,2025-02-05,2026-01-02
주정차 금지구역,2025-02-04,주행형CCTV,2025-02-05,2026-01-02
주정차 금지구역,2025-02-04,주행형CCTV,2025-04-01,2026-01-02
주정차 금지구역,2025-02-04,주행형CCTV,2025-02-05,2026-01-02
주정차 금지구역,2025-02-04,주행형CCTV,2025-02-05,2026-01-02
주정차 금지구역,2025-02-04,주행형CCTV,2025-02-05,2026-01-02
주정차 금지구역,2025-02-04,주행형CCTV,2025-04-01,2026-01-02
주정차 금지구역,2025-02-04,주행형CCTV,2025-02-05,2026-01-02
주정차 금지구역,2025-02-04,주행형CCTV,2025-02-05,2026-01-02
주정차 금지구역,2025-02-04,주행형CCTV,2025-02-05,2026-01-02
주정차 금지구역,2025-02-04,주행형CCTV,2025-02-05,2026-01-02
주정차 금지구역,2025-02-04,주행형CCTV,2025-02-05,2026-01-02
주정차 금지구역,2025-02-04,주행형CCTV,2025-02-05,2026-01-02
주정차 금지구역,2025-02-04,주행형CCTV,2025-02-05,2026-01-02
주정차 금지구역,2025-02-04,주행형CCTV,2025-02-05,2026-01-02
주정차 금지구역,2025-02-04,주행형CCTV,2025-02-05,2026-01-02
주정차 금지구역,2025-02-04,주행형CCTV,2025-02-05,2026-01-02
주정차 금지구역,2025-02-04,주행형CCTV,2025-02-05,2026-01-02
주정차 금지구역,2025-02-04,주행형CCTV,2025-04-01,2026-01-02
주정차 금지구역,2025-02-04,주행형CCTV,2025-02-05,2026-01-02
주정차 금지구역,2025-02-04,주행형CCTV,2025-02-05,2026-01-02
주정차 금지구역,2025-02-04,주행형CCTV,2025-04-01,2026-01-02
주정차 금지구역,2025-02-04,주행형CCTV,2025-02-05,2026-01-02
주정차 금지구역,2025-02-04,주행형CCTV,2025-02-05,2026-01-02
주정차 금지구역,2025-02-04,주행형CCTV,2025-04-01,2026-01-02
주정차 금지구역,2025-02-04,주행형CCTV,2025-02-05,2026-01-02
주정차 금지구역,2025-02-04,주행형CCTV,2025-02-05,2026-01-02
주정차 금지구역,2025-02-04,주행형CCTV,2025-02-05,2026-01-02
주정차 금지구역,2025-02-04,주행형CCTV,2025-02-05,2026-01-02
주정차 금지구역,2025-02-04,주행형CCTV,2025-04-01,2026-01-02
주정차 금지구역,2025-02-04,주행형CCTV,2025-04-01,2026-01-02
주정차 금지구역,2025-02-04,주행형CCTV,2025-04-01,2026-01-02
주정차 금지구역,2025-02-04,주행형CCTV,2025-02-05,2026-01-02
주정차 금지구역,2025-02-04,주행형CCTV,2025-02-05,2026-01-02
주정차 금지구역,2025-02-04,주행형CCTV,2025-02-05,2026-01-02
주정차 금지구역,2025-02-04,주행형CCTV,2025-04-01,2026-01-02
주정차 금지구역,2025-02-04,주행형CCTV,2025-04-01,2026-01-02
주정차 금지구역,2025-02-04,주행형CCTV,2025-02-05,2026-01-02
주정차 금지구역,2025-02-04,주행형CCTV,2025-04-01,2026-01-02
주정차 금지구역,2025-02-04,주행형CCTV,2025-02-05,2026-01-02
주정차 금지구역,2025-02-04,주행형CCTV,2025-02-05,2026-01-02
주정차 금지구역,2025-02-04,주행형CCTV,2025-02-05,2026-01-02
주정차 금지구역,2025-02-04,주행형CCTV,2025-02-05,2026-01-02
주정차 금지구역,2025-02-04,주행형CCTV,2025-02-05,2026-01-02
주정차 금지구역,2025-02-04,주행형CCTV,2025-04-01,2026-01-02
주정차 금지구역,2025-02-04,주행형CCTV,2025-02-05,2026-01-02
주정차 금지구역,2025-02-04,주행형CCTV,2025-02-05,2026-01-02
주정차 금지구역,2025-02-04,주행형CCTV,2025-02-05,2026-01-02
주정차 금지구역,2025-02-04,주행형CCTV,2025-02-05,2026-01-02
주정차 금지구역,2025-02-04,주행형CCTV,2025-02-05,2026-01-02
주정차 금지구역,2025-02-04,주행형CCTV,2025-02-05,2026-01-02
주정차 금지구역,2025-02-04,주행형CCTV,2025-02-05,2026-01-02
주정차 금지구역,2025-02-04,주행형CCTV,2025-02-05,2026-01-02
주정차 금지구역,2025-02-04,주행형CCTV,2025-02-05,2026-01-02
주정차 금지구역,2025-02-04,주행형CCTV,2025-04-01,2026-01-02
주정차 금지구역,2025-02-04,주행형CCTV,2025-02-05,2026-01-02
주정차 금지구역,2025-02-04,주행형CCTV,2025-11-21,2026-01-02
주정차 금지구역,2025-02-04,주행형CCTV,2025-02-05,2026-01-02
주정차 금지구역,2025-02-04,주행형CCTV,2025-04-01,2026-01-02
주정차 금지구역,2025-02-04,주행형CCTV,2025-02-05,2026-01-02
주정차 금지구역,2025-02-04,주행형CCTV,2025-02-05,2026-01-02
주정차 금지구역,2025-02-04,주행형CCTV,2025-02-05,2026-01-02
보도(인도)위,2025-02-04,안전신문고,2025-02-13,2026-01-02
횡단보도,2025-01-31,안전신문고,2025-02-07,2026-01-02
횡단보도,2025-01-31,안전신문고,2025-03-04,2026-01-02
보도(인도)위,2025-01-25,안전신문고,2025-02-06,2026-01-02
횡단보도,2025-01-31,안전신문고,2025-02-07,2026-01-02
횡단보도,2025-01-31,안전신문고,2025-03-04,2026-01-02
횡단보도,2025-01-31,안전신문고,2025-03-04,2026-01-02
소방시설 주변,2025-01-25,안전신문고,2025-02-06,2026-01-02
보도(인도)위,2025-02-05,안전신문고,2025-02-13,2026-01-02
횡단보도,2025-01-31,안전신문고,2025-02-07,2026-01-02
횡단보도,2025-01-31,안전신문고,2025-02-07,2026-01-02
보도(인도)위,2025-01-25,안전신문고,2025-03-04,2026-01-02
도로모퉁이,2025-02-05,안전신문고,2025-02-13,2026-01-02
횡단보도,2025-02-05,안전신문고,2025-02-13,2026-01-02
보도(인도)위,2025-01-25,안전신문고,2025-02-06,2026-01-02
횡단보도,2025-01-28,안전신문고,2025-11-21,2026-01-02
횡단보도,2025-01-28,안전신문고,2025-02-07,2026-01-02
소방시설 주변,2025-01-31,안전신문고,2025-02-07,2026-01-02
보도(인도)위,2025-01-26,안전신문고,2025-02-06,2026-01-02
횡단보도,2025-01-31,안전신문고,2025-03-04,2026-01-02
도로모퉁이,2025-01-25,안전신문고,2025-11-21,2026-01-02
도로모퉁이,2025-01-26,안전신문고,2025-02-06,2026-01-02
도로모퉁이,2025-01-26,안전신문고,2025-02-06,2026-01-02
횡단보도,2025-02-05,안전신문고,2025-02-13,2026-01-02
횡단보도,2025-02-05,안전신문고,2025-02-13,2026-01-02
도로모퉁이,2025-02-05,안전신문고,2025-02-13,2026-01-02
보도(인도)위,2025-02-05,안전신문고,2025-04-01,2026-01-02
보도(인도)위,2025-01-31,안전신문고,2025-02-07,2026-01-02
횡단보도,2025-02-05,안전신문고,2025-02-13,2026-01-02
보도(인도)위,2025-01-31,안전신문고,2025-02-07,2026-01-02
횡단보도,2025-02-05,안전신문고,2025-02-06,2026-01-02
버스정류장 주변,2025-01-31,안전신문고,2025-02-07,2026-01-02
횡단보도,2025-02-03,안전신문고,2025-04-01,2026-01-02
횡단보도,2025-02-05,안전신문고,2025-02-13,2026-01-02
횡단보도,2025-02-03,안전신문고,2025-02-11,2026-01-02
횡단보도,2025-01-25,안전신문고,2025-02-06,2026-01-02
횡단보도,2025-02-05,안전신문고,2025-02-13,2026-01-02
도로모퉁이,2025-01-25,안전신문고,2025-02-06,2026-01-02
보도(인도)위,2025-02-03,안전신문고,2025-04-01,2026-01-02
보도(인도)위,2025-01-31,안전신문고,2025-02-07,2026-01-02
횡단보도,2025-02-03,안전신문고,2025-04-01,2026-01-02
횡단보도,2025-01-25,안전신문고,2025-02-06,2026-01-02
버스정류장 주변,2025-01-31,안전신문고,2025-02-07,2026-01-02
횡단보도,2025-01-28,안전신문고,2025-02-07,2026-01-02
횡단보도,2025-02-05,안전신문고,2025-02-13,2026-01-02
횡단보도,2025-01-28,안전신문고,2025-03-04,2026-01-02
횡단보도,2025-02-03,안전신문고,2025-02-11,2026-01-02
도로모퉁이,2025-01-31,안전신문고,2025-03-04,2026-01-02
소방시설 주변,2025-02-03,안전신문고,2025-11-21,2026-01-02
횡단보도,2025-01-31,안전신문고,2025-03-04,2026-01-02
소방시설 주변,2025-01-25,안전신문고,2025-02-06,2026-01-02
보도(인도)위,2025-01-28,안전신문고,2025-02-07,2026-01-02
횡단보도,2025-01-25,안전신문고,2025-02-06,2026-01-02
횡단보도,2025-01-25,안전신문고,2025-02-06,2026-01-02
도로모퉁이,2025-01-28,안전신문고,2025-03-04,2026-01-02
소방시설 주변,2025-01-28,안전신문고,2025-02-07,2026-01-02
횡단보도,2025-02-03,안전신문고,2025-02-11,2026-01-02
횡단보도,2025-01-25,안전신문고,2025-03-04,2026-01-02
횡단보도,2025-02-05,안전신문고,2025-02-13,2026-01-02
도로모퉁이,2025-01-28,안전신문고,2025-02-07,2026-01-02
도로모퉁이,2025-01-25,안전신문고,2025-02-06,2026-01-02
도로모퉁이,2025-01-25,안전신문고,2025-02-06,2026-01-02
도로모퉁이,2025-01-28,안전신문고,2025-03-04,2026-01-02
도로모퉁이,2025-01-26,안전신문고,2025-02-06,2026-01-02
횡단보도,2025-02-05,안전신문고,2025-02-13,2026-01-02
교차로,2025-01-28,안전신문고,2025-02-07,2026-01-02
횡단보도,2025-01-26,안전신문고,2025-03-04,2026-01-02
보도(인도)위,2025-01-28,안전신문고,2025-03-04,2026-01-02
횡단보도,2025-01-28,안전신문고,2025-03-04,2026-01-02
보도(인도)위,2025-02-05,안전신문고,2025-02-13,2026-01-02
보도(인도)위,2025-02-05,안전신문고,2025-02-13,2026-01-02
보도(인도)위,2025-02-05,안전신문고,2025-11-21,2026-01-02
보도(인도)위,2025-02-05,안전신문고,2025-02-13,2026-01-02
