구분,위반일자,위반시간,위반장소,과태료부과일자,데이터기준일자
불법주정차,2023-11-30,08:27,산격동 대학로 80,2023-12-01,2024-06-03
불법주정차,2023-11-30,09:08,팔달동 130-1,2023-12-01,2024-06-03
불법주정차,2023-11-30,09:44,침산동 1208,2023-12-01,2024-06-03
불법주정차,2023-11-30,11:30,산격동 연암로31길 2-1,2023-12-01,2024-06-03
불법주정차,2023-11-30,15:18,산격동 1416-44,2023-12-01,2024-06-03
불법주정차,2023-11-30,15:23,복현동 동북로 288,2023-12-01,2024-06-03
불법주정차,2023-11-30,15:33,산격동 1416-44,2023-12-01,2024-06-03
불법주정차,2023-11-30,17:31,고성동2가 고성로 168,2023-12-01,2024-06-03
불법주정차,2023-11-30,17:31,복현동 동북로55길 8-11,2023-12-01,2024-06-03
불법주정차,2023-11-30,17:53,산격동 1416-44,2023-12-01,2024-06-03
불법주정차,2023-11-30,17:57,산격동 동북로28길 2-5,2023-12-01,2024-06-03
불법주정차,2023-11-30,07:01,노원한신더휴 동문,2023-12-01,2024-06-03
불법주정차,2023-11-30,07:02,침산동건영하이츠 정문,2023-12-01,2024-06-03
불법주정차,2023-11-30,07:03,운암초등학교,2023-12-01,2024-06-03
불법주정차,2023-11-30,07:03,침산1동회전교차로1,2023-12-01,2024-06-03
불법주정차,2023-11-30,07:03,침산1동회전교차로1,2023-12-01,2024-06-03
불법주정차,2023-11-30,07:04,대구역 오페라더블유2,2023-12-01,2024-06-03
불법주정차,2023-11-30,07:04,유림노르웨이숲,2023-12-01,2024-06-03
불법주정차,2023-11-30,07:05,동대구시장,2023-12-01,2024-06-03
불법주정차,2023-11-30,07:05,유림노르웨이숲,2023-12-01,2024-06-03
불법주정차,2023-11-30,07:07,장보고식자재마트 사거리,2023-12-01,2024-06-03
불법주정차,2023-11-30,07:08,칠곡초등학교 진입로,2023-12-01,2024-06-03
불법주정차,2023-11-30,07:08,북부초등학교,2023-12-01,2024-06-03
불법주정차,2023-11-30,07:10,유림노르웨이숲,2023-12-01,2024-06-03
불법주정차,2023-11-30,07:11,NC아울렛 앞 사거리,2023-12-01,2024-06-03
불법주정차,2023-11-30,07:11,금호서한이다음정문,2023-12-01,2024-06-03
불법주정차,2023-11-30,07:14,오페라트루엘시민의숲,2023-12-01,2024-06-03
불법주정차,2023-11-30,07:17,장보고식자재마트 사거리,2023-12-01,2024-06-03
불법주정차,2023-11-30,07:23,농협침산지점앞,2023-12-01,2024-06-03
불법주정차,2023-11-30,07:24,유림노르웨이숲,2023-12-01,2024-06-03
불법주정차,2023-11-30,07:25,칠성시장교통섬,2023-12-01,2024-06-03
불법주정차,2023-11-30,07:26,대구역 오페라더블유2,2023-12-01,2024-06-03
불법주정차,2023-11-30,07:26,웨딩메르디앙 앞,2023-12-01,2024-06-03
불법주정차,2023-11-30,07:38,노원한신더휴 남문,2023-12-01,2024-06-03
불법주정차,2023-11-30,07:39,칠성시장교통섬,2023-12-01,2024-06-03
불법주정차,2023-11-30,07:43,동아아울렛 뒷편,2023-12-01,2024-06-03
불법주정차,2023-11-30,07:48,유림노르웨이숲,2023-12-01,2024-06-03
불법주정차,2023-11-30,07:55,칠곡우방타운 삼거리,2023-12-01,2024-06-03
불법주정차,2023-11-30,08:04,오페라 클래시아,2023-12-01,2024-06-03
불법주정차,2023-11-30,08:04,동변공원 사거리,2023-12-01,2024-06-03
불법주정차,2023-11-30,08:06,오페라 클래시아,2023-12-01,2024-06-03
불법주정차,2023-11-30,08:10,오페라 클래시아,2023-12-01,2024-06-03
불법주정차,2023-11-30,08:12,오페라 클래시아,2023-12-01,2024-06-03
불법주정차,2023-11-30,08:33,칠성시장교통섬,2023-12-01,2024-06-03
불법주정차,2023-11-30,08:37,서변공영주차장 사거리,2023-12-01,2024-06-03
불법주정차,2023-11-30,09:03,북부초등학교,2023-12-01,2024-06-03
불법주정차,2023-11-30,09:09,노원한신더휴 동문,2023-12-01,2024-06-03
불법주정차,2023-11-30,09:12,대구역 오페라더블유2,2024-01-29,2024-06-03
불법주정차,2023-11-30,09:16,노원한신더휴 동문,2023-12-01,2024-06-03
불법주정차,2023-11-30,09:19,노원동주민센터 사거리,2023-12-01,2024-06-03
불법주정차,2023-11-30,09:20,침산초등학교,2023-12-01,2024-06-03
불법주정차,2023-11-30,09:21,칠성시장교통섬,2023-12-01,2024-06-03
불법주정차,2023-11-30,09:22,도남초등학교,2023-12-01,2024-06-03
불법주정차,2023-11-30,09:28,복현e편한세상 정문,2023-12-01,2024-06-03
불법주정차,2023-11-30,09:40,오페라 클래시아,2023-12-01,2024-06-03
불법주정차,2023-11-30,09:43,유림노르웨이숲,2023-12-01,2024-06-03
불법주정차,2023-11-30,09:49,노원한신더휴 동문,2023-12-01,2024-06-03
불법주정차,2023-11-30,09:54,관천초등학교,2023-12-01,2024-06-03
불법주정차,2023-11-30,10:02,노원한신더휴 동문,2023-12-01,2024-06-03
불법주정차,2023-11-30,10:06,장보고식자재마트 사거리,2023-12-01,2024-06-03
불법주정차,2023-11-30,10:15,칠성시장교통섬,2023-12-01,2024-06-03
불법주정차,2023-11-30,10:16,사수동 스타힐즈 육교밑,2023-12-01,2024-06-03
불법주정차,2023-11-30,10:18,대현도서관교차로,2023-12-01,2024-06-03
불법주정차,2023-11-30,10:29,새동산산부인과,2023-12-01,2024-06-03
불법주정차,2023-11-30,10:31,유림노르웨이숲,2023-12-01,2024-06-03
불법주정차,2023-11-30,10:43,장보고식자재마트 사거리,2023-12-01,2024-06-03
불법주정차,2023-11-30,10:44,칠성시장교통섬,2023-12-01,2024-06-03
불법주정차,2023-11-30,10:45,칠성시장교통섬,2023-12-01,2024-06-03
불법주정차,2023-11-30,12:21,대학로 파리바게트 부근,2023-12-01,2024-06-03
불법주정차,2023-11-30,13:05,대학로 파리바게트 부근,2023-12-01,2024-06-03
불법주정차,2023-11-30,13:07,무지개공영주차장 부근,2023-12-01,2024-06-03
불법주정차,2023-11-30,14:01,대학로 파리바게트 부근,2023-12-01,2024-06-03
불법주정차,2023-11-30,14:13,대학로15길,2023-12-01,2024-06-03
불법주정차,2023-11-30,14:30,새동산산부인과,2023-12-01,2024-06-03
불법주정차,2023-11-30,14:31,노원한신더휴 남문,2023-12-01,2024-06-03
불법주정차,2023-11-30,14:35,대구역 오페라더블유2,2023-12-01,2024-06-03
불법주정차,2023-11-30,14:35,코스트코 주차장 앞,2023-12-01,2024-06-03
불법주정차,2023-11-30,14:37,동천동회전교차로1,2023-12-01,2024-06-03
불법주정차,2023-11-30,14:41,금호서한이다음정문,2023-12-01,2024-06-03
불법주정차,2023-11-30,14:42,NC아울렛 앞 사거리,2023-12-01,2024-06-03
불법주정차,2023-11-30,14:43,대구역 오페라더블유2,2023-12-01,2024-06-03
불법주정차,2023-11-30,14:43,NC아울렛 앞 사거리,2023-12-01,2024-06-03
불법주정차,2023-11-30,14:43,침산1동회전교차로1,2023-12-01,2024-06-03
불법주정차,2023-11-30,14:46,침산초등학교,2023-12-01,2024-06-03
불법주정차,2023-11-30,14:47,유림노르웨이숲,2023-12-01,2024-06-03
불법주정차,2023-11-30,14:48,북부초등학교,2023-12-01,2024-06-03
불법주정차,2023-11-30,14:51,대구병원네거리,2023-12-01,2024-06-03
불법주정차,2023-11-30,14:51,동천동회전교차로1,2023-12-01,2024-06-03
불법주정차,2023-11-30,14:52,대학로15길,2023-12-01,2024-06-03
불법주정차,2023-11-30,14:52,동천동회전교차로1,2023-12-01,2024-06-03
불법주정차,2023-11-30,14:56,코스트코 주차장 앞,2023-12-01,2024-06-03
불법주정차,2023-11-30,14:58,산격동 경대북문,2023-12-01,2024-06-03
불법주정차,2023-11-30,15:04,유림노르웨이숲,2023-12-01,2024-06-03
불법주정차,2023-11-30,15:05,복현동 시티병원,2023-12-01,2024-06-03
불법주정차,2023-11-30,15:07,대학로 파리바게트 부근,2023-12-01,2024-06-03
불법주정차,2023-11-30,15:07,진성유치원 삼거리,2023-12-01,2024-06-03
불법주정차,2023-11-30,15:11,금호서한이다음정문,2023-12-01,2024-06-03
불법주정차,2023-11-30,15:15,장보고식자재마트 사거리,2023-12-01,2024-06-03
불법주정차,2023-11-30,15:16,서변공영주차장 사거리,2023-12-01,2024-06-03
불법주정차,2023-11-30,15:17,르노삼성자동차 침산점,2023-12-01,2024-06-03
불법주정차,2023-11-30,15:21,침산1동회전교차로1,2023-12-01,2024-06-03
불법주정차,2023-11-30,15:25,새동산산부인과,2023-12-01,2024-06-03
불법주정차,2023-11-30,15:27,연경 동화아이위시 앞,2023-12-01,2024-06-03
불법주정차,2023-11-30,15:31,침산1동회전교차로1,2024-03-18,2024-06-03
불법주정차,2023-11-30,15:33,동변공원 사거리,2023-12-01,2024-06-03
불법주정차,2023-11-30,15:35,침산초등학교,2023-12-01,2024-06-03
불법주정차,2023-11-30,15:38,새동산산부인과,2023-12-01,2024-06-03
불법주정차,2023-11-30,15:39,대산초등학교,2023-12-01,2024-06-03
불법주정차,2023-11-30,15:41,엑스코 앞,2023-12-01,2024-06-03
불법주정차,2023-11-30,15:46,북부초등학교,2023-12-01,2024-06-03
불법주정차,2023-11-30,15:48,서변공영주차장 사거리,2023-12-01,2024-06-03
불법주정차,2023-11-30,15:48,동천동회전교차로1,2023-12-01,2024-06-03
불법주정차,2023-11-30,15:50,농협침산지점앞,2023-12-01,2024-06-03
불법주정차,2023-11-30,15:51,오페라 클래시아,2023-12-01,2024-06-03
불법주정차,2023-11-30,15:53,동천동회전교차로1,2023-12-01,2024-06-03
불법주정차,2023-11-30,15:57,태전중석타운 남편 도로,2023-12-01,2024-06-03
불법주정차,2023-11-30,15:59,오페라 클래시아,2023-12-01,2024-06-03
불법주정차,2023-11-30,16:01,관천초등학교,2023-12-01,2024-06-03
불법주정차,2023-11-30,16:03,옥산초등학교,2023-12-01,2024-06-03
불법주정차,2023-11-30,16:05,오페라 클래시아,2023-12-01,2024-06-03
불법주정차,2023-11-30,16:07,오페라코오롱하늘채 앞,2023-12-01,2024-06-03
불법주정차,2023-11-30,16:07,대학로 파리바게트 부근,2023-12-01,2024-06-03
불법주정차,2023-11-30,16:07,칠성시장교통섬,2023-12-01,2024-06-03
불법주정차,2023-11-30,16:09,동변공원 사거리,2023-12-01,2024-06-03
불법주정차,2023-11-30,16:11,오페라트루엘시민의숲,2023-12-01,2024-06-03
불법주정차,2023-11-30,16:13,오페라코오롱하늘채 앞,2023-12-01,2024-06-03
불법주정차,2023-11-30,16:14,태전초등학교,2023-12-01,2024-06-03
불법주정차,2023-11-30,16:15,노원한신더휴 남문,2023-12-01,2024-06-03
불법주정차,2023-11-30,16:18,칠성시장교통섬,2023-12-01,2024-06-03
불법주정차,2023-11-30,16:20,유림노르웨이숲,2023-12-01,2024-06-03
불법주정차,2023-11-30,16:20,동천동회전교차로1,2023-12-01,2024-06-03
불법주정차,2023-11-30,16:22,서변공영주차장 사거리,2023-12-01,2024-06-03
불법주정차,2023-11-30,16:26,동천동 참약국,2023-12-01,2024-06-03
불법주정차,2023-11-30,16:34,칠성시장교통섬,2023-12-01,2024-06-03
불법주정차,2023-11-30,16:34,칠곡초등학교,2023-12-01,2024-06-03
불법주정차,2023-11-30,16:36,대학로 파리바게트 부근,2023-12-01,2024-06-03
불법주정차,2023-11-30,16:37,매천중학교 건너,2023-12-01,2024-06-03
불법주정차,2023-11-30,16:43,관남초등학교,2023-12-01,2024-06-03
불법주정차,2023-11-30,16:44,엑스코 앞,2023-12-01,2024-06-03
불법주정차,2023-11-30,16:44,진성유치원 삼거리,2023-12-01,2024-06-03
불법주정차,2023-11-30,16:45,오페라트루엘시민의숲,2023-12-01,2024-06-03
불법주정차,2023-11-30,16:46,새동산산부인과,2023-12-01,2024-06-03
불법주정차,2023-11-30,16:47,칠성시장교통섬,2023-12-01,2024-06-03
불법주정차,2023-11-30,16:55,코스트코 주차장 앞,2023-12-01,2024-06-03
불법주정차,2023-11-30,16:59,칠성시장교통섬,2023-12-01,2024-06-03
불법주정차,2023-11-30,17:00,노원한신더휴 동문,2023-12-01,2024-06-03
불법주정차,2023-11-30,17:00,새동산산부인과,2023-12-01,2024-06-03
불법주정차,2023-11-30,17:04,서변공영주차장 사거리,2023-12-01,2024-06-03
불법주정차,2023-11-30,17:07,서변공영주차장 사거리,2023-12-01,2024-06-03
불법주정차,2023-11-30,17:07,오페라트루엘시민의숲,2023-12-01,2024-06-03
불법주정차,2023-11-30,17:10,동천동회전교차로1,2023-12-01,2024-06-03
불법주정차,2023-11-30,17:11,북부초등학교,2023-12-01,2024-06-03
불법주정차,2023-11-30,17:11,동천동회전교차로1,2023-12-01,2024-06-03
불법주정차,2023-11-30,17:16,노원한신더휴 동문,2023-12-01,2024-06-03
불법주정차,2023-11-30,18:35,침산동건영하이츠 정문,2023-12-01,2024-06-03
불법주정차,2023-11-30,07:20,복현동 대학로 부근,2023-12-01,2024-06-03
불법주정차,2023-11-30,07:20,복현동 대학로 부근,2023-12-01,2024-06-03
불법주정차,2023-11-30,07:24,복현동 검단로 부근,2023-12-01,2024-06-03
불법주정차,2023-11-30,07:24,복현동 검단로 부근,2023-12-01,2024-06-03
불법주정차,2023-11-30,07:24,복현동 검단로 부근,2023-12-01,2024-06-03
불법주정차,2023-11-30,07:26,복현동 검단로 부근,2023-12-01,2024-06-03
불법주정차,2023-11-30,07:31,금호동 한강로7길 부근,2023-12-01,2024-06-03
불법주정차,2023-11-30,07:31,금호동 한강로 부근,2023-12-01,2024-06-03
불법주정차,2023-11-30,07:31,국우동 학남로 부근,2023-12-01,2024-06-03
불법주정차,2023-11-30,07:35,학정동 학정동로 부근,2023-12-01,2024-06-03
불법주정차,2023-11-30,07:36,국우동 학정동로 부근,2023-12-01,2024-06-03
불법주정차,2023-11-30,07:38,사수동 한강로2길 부근,2023-12-01,2024-06-03
불법주정차,2023-11-30,07:38,사수동 한강로2길 부근,2023-12-01,2024-06-03
불법주정차,2023-11-30,07:39,고성동1가 칠성남로 부근,2023-12-01,2024-06-03
불법주정차,2023-11-30,07:39,고성동1가 113-20 부근,2023-12-01,2024-06-03
불법주정차,2023-11-30,07:39,고성동1가 113-20 부근,2023-12-01,2024-06-03
불법주정차,2023-11-30,07:39,고성동1가 113-20 부근,2023-12-01,2024-06-03
불법주정차,2023-11-30,07:39,고성동1가 113-20 부근,2023-12-01,2024-06-03
불법주정차,2023-11-30,07:39,고성동1가 158-3 부근,2023-12-01,2024-06-03
불법주정차,2023-11-30,07:39,고성동1가 158-3 부근,2023-12-01,2024-06-03
불법주정차,2023-11-30,07:40,고성동1가 158-3 부근,2023-12-01,2024-06-03
불법주정차,2023-11-30,07:40,국우동 학정동로 부근,2023-12-01,2024-06-03
불법주정차,2023-11-30,07:40,국우동 학정동로 부근,2023-12-01,2024-06-03
불법주정차,2023-11-30,07:41,사수동 728 부근,2023-12-01,2024-06-03
불법주정차,2023-11-30,07:41,사수동 728 부근,2023-12-01,2024-06-03
불법주정차,2023-11-30,07:41,사수동 728 부근,2023-12-01,2024-06-03
불법주정차,2023-11-30,07:41,고성동1가 칠성남로 부근,2023-12-01,2024-06-03
불법주정차,2023-11-30,07:42,고성동1가 104-21 부근,2023-12-01,2024-06-03
불법주정차,2023-11-30,07:42,고성동1가 104-21 부근,2023-12-20,2024-06-03
불법주정차,2023-11-30,07:42,고성동1가 104-21 부근,2023-12-01,2024-06-03
불법주정차,2023-11-30,07:45,검단동 검단공단로 부근,2023-12-01,2024-06-03
불법주정차,2023-11-30,07:47,팔달동 286-12 부근,2023-12-01,2024-06-03
불법주정차,2023-11-30,07:47,팔달동 286-12 부근,2023-12-01,2024-06-03
불법주정차,2023-11-30,07:47,산격동 유통단지로8길 부근,2023-12-01,2024-06-03
불법주정차,2023-11-30,07:48,산격동 유통단지로8길 부근,2023-12-01,2024-06-03
불법주정차,2023-11-30,07:48,산격동 유통단지로8길 부근,2023-12-01,2024-06-03
불법주정차,2023-11-30,07:49,산격동 유통단지로8길 부근,2023-12-01,2024-06-03
불법주정차,2023-11-30,07:49,산격동 유통단지로8길 부근,2023-12-01,2024-06-03
불법주정차,2023-11-30,07:49,산격동 유통단지로8길 부근,2023-12-01,2024-06-03
불법주정차,2023-11-30,07:50,산격동 유통단지로8길 부근,2023-12-01,2024-06-03
불법주정차,2023-11-30,07:50,산격동 유통단지로8길 부근,2023-12-01,2024-06-03
불법주정차,2023-11-30,07:51,팔달동 매천로2길 부근,2023-12-01,2024-06-03
불법주정차,2023-11-30,08:00,동천동 동천로 부근,2023-12-01,2024-06-03
불법주정차,2023-11-30,08:00,동천동 동천로 부근,2023-12-01,2024-06-03
불법주정차,2023-11-30,10:37,관음동 관음동로 부근,2023-12-01,2024-06-03
불법주정차,2023-11-30,10:37,관음동 칠곡중앙대로91길 부근,2023-12-01,2024-06-03
불법주정차,2023-11-30,10:38,읍내동 구암로15길 부근,2023-12-01,2024-06-03
불법주정차,2023-11-30,10:39,읍내동 구암로 부근,2023-12-01,2024-06-03
불법주정차,2023-11-30,10:39,읍내동 구암로 부근,2023-12-01,2024-06-03
불법주정차,2023-11-30,10:41,읍내동 칠곡중앙대로86길 부근,2023-12-01,2024-06-03
불법주정차,2023-11-30,10:41,읍내동 칠곡중앙대로 부근,2023-12-01,2024-06-03
불법주정차,2023-11-30,10:41,읍내동 칠곡중앙대로 부근,2023-12-01,2024-06-03
불법주정차,2023-11-30,10:41,읍내동 칠곡중앙대로 부근,2023-12-01,2024-06-03
불법주정차,2023-11-30,10:41,읍내동 칠곡중앙대로 부근,2023-12-01,2024-06-03
불법주정차,2023-11-30,10:41,읍내동 칠곡중앙대로 부근,2023-12-01,2024-06-03
불법주정차,2023-11-30,10:48,산격동 유통단지로 부근,2023-12-01,2024-06-03
불법주정차,2023-11-30,10:48,산격동 검단로 부근,2023-12-01,2024-06-03
불법주정차,2023-11-30,10:48,산격동 검단로 부근,2023-12-01,2024-06-03
불법주정차,2023-11-30,10:48,산격동 검단로 부근,2023-12-01,2024-06-03
불법주정차,2023-11-30,10:49,태전동 37-1 부근,2023-12-01,2024-06-03
불법주정차,2023-11-30,10:49,산격동 유통단지로8길 부근,2023-12-01,2024-06-03
불법주정차,2023-11-30,11:10,복현동 복현로 부근,2023-12-01,2024-06-03
불법주정차,2023-11-30,11:10,복현동 복현로 부근,2023-12-01,2024-06-03
불법주정차,2023-11-30,11:10,복현동 동북로57길 부근,2023-12-01,2024-06-03
불법주정차,2023-11-30,11:10,복현동 동북로57길 부근,2023-12-01,2024-06-03
불법주정차,2023-11-30,11:11,복현동 동북로57길 부근,2023-12-01,2024-06-03
불법주정차,2023-11-30,11:11,복현동 동북로57길 부근,2023-12-01,2024-06-03
불법주정차,2023-11-30,11:11,복현동 동북로57길 부근,2023-12-01,2024-06-03
불법주정차,2023-11-30,11:11,복현동 동북로57길 부근,2023-12-01,2024-06-03
불법주정차,2023-11-30,11:11,복현동 동북로57길 부근,2023-12-01,2024-06-03
불법주정차,2023-11-30,11:11,복현동 동북로57길 부근,2023-12-01,2024-06-03
불법주정차,2023-11-30,11:11,복현동 동북로57길 부근,2023-12-01,2024-06-03
불법주정차,2023-11-30,11:12,복현동 복현로 부근,2023-12-01,2024-06-03
불법주정차,2023-11-30,11:19,동천동 팔거천동로 부근,2023-12-01,2024-06-03
불법주정차,2023-11-30,11:21,동천동 동암로12길 부근,2023-12-01,2024-06-03
불법주정차,2023-11-30,11:22,동천동 동암로 부근,2023-12-01,2024-06-03
불법주정차,2023-11-30,11:22,동천동 동암로 부근,2023-12-01,2024-06-03
불법주정차,2023-11-30,11:24,동천동 동암로 부근,2023-12-01,2024-06-03
불법주정차,2023-11-30,11:24,동천동 동암로 부근,2023-12-01,2024-06-03
불법주정차,2023-11-30,11:24,동천동 동암로 부근,2023-12-01,2024-06-03
불법주정차,2023-11-30,11:25,동천동 동암로12길 부근,2023-12-01,2024-06-03
불법주정차,2023-11-30,11:26,동천동 동암로12길 부근,2023-12-01,2024-06-03
불법주정차,2023-11-30,11:26,동천동 동암로12길 부근,2023-12-01,2024-06-03
불법주정차,2023-11-30,11:32,학정동 칠곡중앙대로136길 부근,2023-12-01,2024-06-03
불법주정차,2023-11-30,11:32,학정동 칠곡중앙대로136길 부근,2023-12-01,2024-06-03
불법주정차,2023-11-30,11:32,학정동 칠곡중앙대로136길 부근,2023-12-01,2024-06-03
불법주정차,2023-11-30,11:32,학정동 칠곡중앙대로136길 부근,2023-12-01,2024-06-03
불법주정차,2023-11-30,11:32,학정동 칠곡중앙대로136길 부근,2023-12-01,2024-06-03
불법주정차,2023-11-30,11:32,학정동 칠곡중앙대로136길 부근,2023-12-01,2024-06-03
불법주정차,2023-11-30,11:32,학정동 칠곡중앙대로136길 부근,2023-12-01,2024-06-03
불법주정차,2023-11-30,11:33,학정동 칠곡중앙대로136길 부근,2023-12-01,2024-06-03
불법주정차,2023-11-30,11:36,학정동 474 부근,2023-12-01,2024-06-03
불법주정차,2023-11-30,11:37,학정동 칠곡중앙대로136길 부근,2023-12-01,2024-06-03
불법주정차,2023-11-30,11:37,학정동 칠곡중앙대로136길 부근,2023-12-01,2024-06-03
불법주정차,2023-11-30,11:37,학정동 칠곡중앙대로136길 부근,2023-12-01,2024-06-03
불법주정차,2023-11-30,11:37,학정동 칠곡중앙대로136길 부근,2023-12-01,2024-06-03
불법주정차,2023-11-30,11:38,동호동 칠곡중앙대로136길 부근,2023-12-01,2024-06-03
불법주정차,2023-11-30,11:38,동호동 칠곡중앙대로136길 부근,2023-12-01,2024-06-03
불법주정차,2023-11-30,11:38,동호동 칠곡중앙대로136길 부근,2023-12-01,2024-06-03
불법주정차,2023-11-30,11:41,동호동 팔거천동로 부근,2023-12-01,2024-06-03
불법주정차,2023-11-30,11:42,동호동 팔거천동로 부근,2023-12-01,2024-06-03
불법주정차,2023-11-30,11:42,동호동 팔거천동로 부근,2023-12-01,2024-06-03
불법주정차,2023-11-30,11:42,동호동 팔거천동로 부근,2023-12-01,2024-06-03
불법주정차,2023-11-30,11:42,동호동 팔거천동로 부근,2023-12-01,2024-06-03
불법주정차,2023-11-30,11:43,동호동 팔거천동로 부근,2023-12-01,2024-06-03
불법주정차,2023-11-30,11:51,산격동 687 부근,2023-12-01,2024-06-03
불법주정차,2023-11-30,11:51,산격동 687 부근,2023-12-01,2024-06-03
불법주정차,2023-11-30,11:51,산격동 연암로42길 부근,2023-12-01,2024-06-03
불법주정차,2023-11-30,14:23,복현동 경대로19길 부근,2023-12-01,2024-06-03
불법주정차,2023-11-30,14:24,복현동 경대로19길 부근,2023-12-01,2024-06-03
불법주정차,2023-11-30,14:24,복현동 경대로19길 부근,2023-12-01,2024-06-03
불법주정차,2023-11-30,14:27,노원동3가 노원로10길 부근,2023-12-01,2024-06-03
불법주정차,2023-11-30,14:27,노원동3가 노원로10길 부근,2023-12-01,2024-06-03
불법주정차,2023-11-30,14:27,매천동 칠곡중앙대로 부근,2023-12-01,2024-06-03
불법주정차,2023-11-30,14:27,매천동 매천로8길 부근,2023-12-01,2024-06-03
불법주정차,2023-11-30,14:29,팔달동 매천로2길 부근,2023-12-01,2024-06-03
불법주정차,2023-11-30,14:30,산격동 대동로1길 부근,2023-12-01,2024-06-03
불법주정차,2023-11-30,14:30,산격동 대동로1길 부근,2023-12-01,2024-06-03
불법주정차,2023-11-30,14:33,매천동 매천로18길 부근,2023-12-01,2024-06-03
불법주정차,2023-11-30,14:34,매천동 매천로18길 부근,2023-12-01,2024-06-03
불법주정차,2023-11-30,14:34,연경동 연경지묘로 부근,2023-12-01,2024-06-03
불법주정차,2023-11-30,14:34,연경동 연경지묘로 부근,2023-12-01,2024-06-03
불법주정차,2023-11-30,14:34,연경동 동화천로 부근,2023-12-01,2024-06-03
불법주정차,2023-11-30,14:34,연경동 동화천로 부근,2023-12-01,2024-06-03
불법주정차,2023-11-30,14:35,연경동 동화천로 부근,2023-12-01,2024-06-03
불법주정차,2023-11-30,14:35,연경동 동화천로 부근,2023-12-01,2024-06-03
불법주정차,2023-11-30,14:35,연경동 동화천로 부근,2023-12-01,2024-06-03
불법주정차,2023-11-30,14:35,연경동 동화천로 부근,2023-12-01,2024-06-03
불법주정차,2023-11-30,14:37,연경동 동화천로 부근,2023-12-01,2024-06-03
불법주정차,2023-11-30,14:37,연경동 동화천로 부근,2023-12-01,2024-06-03
불법주정차,2023-11-30,14:37,연경동 동화천로 부근,2023-12-01,2024-06-03
불법주정차,2023-11-30,14:38,노원동3가 노원로10길 부근,2023-12-01,2024-06-03
불법주정차,2023-11-30,14:38,노원동3가 노원로10길 부근,2023-12-01,2024-06-03
불법주정차,2023-11-30,14:38,노원동3가 팔달로 부근,2023-12-01,2024-06-03
불법주정차,2023-11-30,14:39,연경동 연경중앙로 부근,2023-12-01,2024-06-03
불법주정차,2023-11-30,14:42,노원동3가 노원로 부근,2023-12-01,2024-06-03
불법주정차,2023-11-30,14:43,노원동3가 노원로 부근,2023-12-01,2024-06-03
불법주정차,2023-11-30,14:43,노원동3가 노원로 부근,2023-12-01,2024-06-03
불법주정차,2023-11-30,14:44,노원동3가 노원로 부근,2023-12-01,2024-06-03
불법주정차,2023-11-30,14:44,노원동3가 노원로 부근,2023-12-01,2024-06-03
불법주정차,2023-11-30,14:44,노원동3가 노원로 부근,2023-12-01,2024-06-03
불법주정차,2023-11-30,14:45,노원동3가 노원로 부근,2023-12-01,2024-06-03
불법주정차,2023-11-30,14:46,노원동3가 노원로 부근,2023-12-01,2024-06-03
불법주정차,2023-11-30,14:46,노원동3가 노원로 부근,2023-12-01,2024-06-03
불법주정차,2023-11-30,14:46,노원동3가 노원로 부근,2023-12-01,2024-06-03
불법주정차,2023-11-30,14:47,노원동3가 노원로 부근,2023-12-01,2024-06-03
불법주정차,2023-11-30,14:47,노원동3가 노원로 부근,2023-12-01,2024-06-03
불법주정차,2023-11-30,14:47,노원동3가 노원로 부근,2023-12-01,2024-06-03
불법주정차,2023-11-30,14:47,노원동3가 노원로 부근,2023-12-01,2024-06-03
불법주정차,2023-11-30,14:50,태전동 태전로 부근,2023-12-01,2024-06-03
불법주정차,2023-11-30,14:51,복현동 동북로65길 부근,2023-12-01,2024-06-03
불법주정차,2023-11-30,14:55,복현동 복현로 부근,2023-12-01,2024-06-03
불법주정차,2023-11-30,14:56,복현동 동북로57길 부근,2023-12-01,2024-06-03
불법주정차,2023-11-30,14:57,태전동 태전로13길 부근,2023-12-01,2024-06-03
불법주정차,2023-11-30,14:58,복현동 공항로 부근,2023-12-01,2024-06-03
불법주정차,2023-11-30,15:16,산격동 대학로 부근,2023-12-01,2024-06-03
불법주정차,2023-11-30,15:20,칠성동2가 칠성남로 부근,2023-12-01,2024-06-03
불법주정차,2023-11-30,15:20,산격동 산격로8길 부근,2023-12-01,2024-06-03
불법주정차,2023-11-30,15:20,칠성동2가 칠성남로 부근,2023-12-01,2024-06-03
불법주정차,2023-11-30,15:22,산격동 대학로 부근,2023-12-01,2024-06-03
불법주정차,2023-11-30,15:22,칠성동2가 칠성남로 부근,2023-12-01,2024-06-03
불법주정차,2023-11-30,15:22,칠성동2가 칠성남로 부근,2023-12-01,2024-06-03
불법주정차,2023-11-30,15:22,칠성동2가 칠성남로 부근,2023-12-01,2024-06-03
불법주정차,2023-11-30,15:22,칠성동2가 칠성남로 부근,2023-12-01,2024-06-03
불법주정차,2023-11-30,15:22,칠성동2가 칠성남로30길 부근,2023-12-01,2024-06-03
불법주정차,2023-11-30,15:23,칠성동2가 칠성남로 부근,2023-12-01,2024-06-03
불법주정차,2023-11-30,15:23,칠성동2가 칠성남로 부근,2023-12-01,2024-06-03
불법주정차,2023-11-30,15:23,칠성동2가 칠성남로 부근,2023-12-01,2024-06-03
불법주정차,2023-11-30,15:24,칠성동2가 칠성남로 부근,2023-12-01,2024-06-03
불법주정차,2023-11-30,15:46,태전동 칠곡중앙대로52길 부근,2023-12-01,2024-06-03
불법주정차,2023-11-30,15:47,태전동 칠곡중앙대로46길 부근,2023-12-01,2024-06-03
불법주정차,2023-11-30,15:57,구암동 태암남로11길 부근,2023-12-01,2024-06-03
불법주정차,2023-11-30,15:57,구암동 태암남로11길 부근,2023-12-01,2024-06-03
불법주정차,2023-11-30,15:58,구암동 태암남로11길 부근,2023-12-01,2024-06-03
불법주정차,2023-11-30,16:29,국우동 학남로15길 부근,2023-12-01,2024-06-03
불법주정차,2023-11-30,16:29,국우동 학남로15길 부근,2023-12-01,2024-06-03
불법주정차,2023-11-30,16:30,국우동 1126 부근,2023-12-01,2024-06-03
불법주정차,2023-11-30,16:36,학정동 학정로110길 부근,2023-12-01,2024-06-03
불법주정차,2023-11-30,16:36,학정동 학정로110길 부근,2023-12-01,2024-06-03
불법주정차,2023-11-30,16:42,산격동 산격로 부근,2023-12-01,2024-06-03
불법주정차,2023-11-30,16:48,침산동 침산남로31길 부근,2023-12-01,2024-06-03
불법주정차,2023-11-30,16:49,침산동 침산남로31길 부근,2023-12-01,2024-06-03
불법주정차,2023-11-30,16:54,사수동 내곡로 부근,2023-12-01,2024-06-03
불법주정차,2023-11-30,16:54,사수동 내곡로 부근,2023-12-01,2024-06-03
불법주정차,2023-11-30,16:54,사수동 내곡로 부근,2023-12-01,2024-06-03
불법주정차,2023-11-30,16:54,사수동 내곡로 부근,2023-12-01,2024-06-03
불법주정차,2023-11-30,16:54,사수동 내곡로 부근,2023-12-01,2024-06-03
불법주정차,2023-11-30,16:55,사수동 내곡로 부근,2023-12-01,2024-06-03
불법주정차,2023-11-30,16:55,사수동 내곡로 부근,2023-12-01,2024-06-03
불법주정차,2023-11-30,16:57,사수동 내곡로 부근,2023-12-01,2024-06-03
불법주정차,2023-11-30,16:59,사수동 한강로2길 부근,2023-12-01,2024-06-03
불법주정차,2023-11-30,17:14,고성동3가 옥산로 부근,2023-12-01,2024-06-03
불법주정차,2023-11-30,17:14,고성동3가 옥산로 부근,2023-12-01,2024-06-03
불법주정차,2023-11-30,18:02,태전동 산 84 부근,2023-12-01,2024-06-03
불법주정차,2023-11-30,18:03,태전동 산 84 부근,2023-12-01,2024-06-03
불법주정차,2023-11-30,18:03,태전동 관음로 부근,2023-12-01,2024-06-03
불법주정차,2023-11-30,18:03,태전동 관음로 부근,2023-12-01,2024-06-03
불법주정차,2023-11-30,18:03,태전동 관음로 부근,2023-12-01,2024-06-03
불법주정차,2023-11-30,01:27,산격동 산 18-2 부근 횡단보도,2023-12-05,2024-06-03
불법주정차,2023-11-30,07:22,관음동 1342 부근 횡단보도,2023-12-05,2024-06-03
불법주정차,2023-11-30,07:45,칠성동1가 276-35 부근 모퉁이,2023-12-05,2024-06-03
불법주정차,2023-11-30,07:49,노원동3가 1-4 부근 인도,2023-12-05,2024-06-03
불법주정차,2023-11-30,08:23,서변동 1749 부근 어린이보호구역,2023-12-05,2024-06-03
불법주정차,2023-11-30,08:28,서변동 1795 부근 횡단보도,2023-12-05,2024-06-03
불법주정차,2023-11-30,09:14,서변동 1747 부근 횡단보도,2023-12-05,2024-06-03
불법주정차,2023-11-30,09:33,노원동1가 509 부근 소화전,2023-12-05,2024-06-03
불법주정차,2023-11-30,09:35,노원동1가 509 부근 인도,2023-12-05,2024-06-03
불법주정차,2023-11-30,09:46,태전동 216-4 부근 횡단보도,2023-12-05,2024-06-03
불법주정차,2023-11-30,09:54,국우동 1085-2 부근 모퉁이,2023-12-05,2024-06-03
불법주정차,2023-11-30,10:15,서변동 1780 부근 횡단보도,2023-12-05,2024-06-03
불법주정차,2023-11-30,10:36,칠성동2가 302-219 부근 인도,2023-12-05,2024-06-03
불법주정차,2023-11-30,11:02,노원동3가 779-12 부근 횡단보도,2023-12-05,2024-06-03
불법주정차,2023-11-30,11:19,동천동 908-1 부근 인도,2023-12-05,2024-06-03
불법주정차,2023-11-30,11:37,구암동 833-1 부근 인도,2023-12-05,2024-06-03
불법주정차,2023-11-30,12:02,노원동3가 35-12 부근 횡단보도,2023-12-05,2024-06-03
불법주정차,2023-11-30,12:16,노곡동 281-2 부근 모퉁이,2023-12-05,2024-06-03
불법주정차,2023-11-30,12:19,노원동3가 723 부근 인도,2023-12-05,2024-06-03
불법주정차,2023-11-30,12:25,노곡동 281-2 부근 모퉁이,2023-12-05,2024-06-03
불법주정차,2023-11-30,12:25,산격동 1745 부근 인도,2023-12-05,2024-06-03
불법주정차,2023-11-30,12:27,산격동 1745 부근 인도,2023-12-05,2024-06-03
불법주정차,2023-11-30,12:28,산격동 1745 부근 인도,2023-12-05,2024-06-03
불법주정차,2023-11-30,12:39,사수동 999 부근 모퉁이,2023-12-05,2024-06-03
불법주정차,2023-11-30,12:41,사수동 999 부근 횡단보도,2023-12-05,2024-06-03
불법주정차,2023-11-30,12:42,산격동 1679 부근 인도,2023-12-05,2024-06-03
불법주정차,2023-11-30,12:44,동천동 911-7 부근 횡단보도,2023-12-05,2024-06-03
불법주정차,2023-11-30,12:45,구암동 696 부근 모퉁이,2023-12-05,2024-06-03
불법주정차,2023-11-30,13:33,산격동 1674 부근 인도,2023-12-05,2024-06-03
불법주정차,2023-11-30,13:44,구암동 670 부근 소화전,2023-12-05,2024-06-03
불법주정차,2023-11-30,13:56,구암동 832-3 부근 횡단보도,2023-12-05,2024-06-03
불법주정차,2023-11-30,13:27,칠성동2가 302-239 부근 횡단보도,2024-01-17,2024-06-03
불법주정차,2023-11-30,15:03,칠성동1가 160-1 부근 횡단보도,2023-12-05,2024-06-03
불법주정차,2023-11-30,15:25,산격동 1670 부근 인도,2023-12-05,2024-06-03
불법주정차,2023-11-30,15:31,복현동 69 부근 횡단보도,2023-12-05,2024-06-03
불법주정차,2023-11-30,15:41,학정동 927-17 부근 횡단보도,2023-12-05,2024-06-03
불법주정차,2023-11-30,15:31,구암동 711 부근 횡단보도,2023-12-05,2024-06-03
불법주정차,2023-11-30,15:37,태전동 449 부근 모퉁이,2023-12-05,2024-06-03
불법주정차,2023-11-30,14:37,구암동 714 부근 모퉁이,2023-12-05,2024-06-03
불법주정차,2023-11-30,14:39,구암동 714 부근 모퉁이,2023-12-05,2024-06-03
불법주정차,2023-11-30,15:53,복현동 331-1 부근 모퉁이,2023-12-05,2024-06-03
불법주정차,2023-11-30,16:03,칠성동1가 270-34 부근 버스정류소,2023-12-05,2024-06-03
불법주정차,2023-11-30,16:14,산격동 1803 부근 횡단보도,2023-12-05,2024-06-03
불법주정차,2023-11-30,16:16,산격동 1803 부근 횡단보도,2023-12-05,2024-06-03
불법주정차,2023-11-30,16:41,구암동 833-1 부근 인도,2023-12-05,2024-06-03
불법주정차,2023-11-30,16:53,산격동 1803 부근 횡단보도,2023-12-05,2024-06-03
불법주정차,2023-11-30,17:08,태전동 1030 부근 횡단보도,2023-12-05,2024-06-03
불법주정차,2023-11-30,17:29,산격동 478-25 부근 모퉁이,2023-12-05,2024-06-03
불법주정차,2023-11-30,17:49,노원동3가 775 부근 횡단보도,2023-12-05,2024-06-03
불법주정차,2023-11-30,17:53,노원동3가 775 부근 횡단보도,2023-12-05,2024-06-03
불법주정차,2023-11-30,18:06,고성동3가 145 부근,2023-12-05,2024-06-03
불법주정차,2023-11-30,18:15,동천동 907-3 부근 인도,2023-12-05,2024-06-03
불법주정차,2023-11-30,18:17,태전동 964-12 부근 모퉁이,2023-12-05,2024-06-03
불법주정차,2023-11-30,18:21,태전동 253-3 부근 횡단보도,2023-12-05,2024-06-03
불법주정차,2023-11-30,18:37,사수동 983 부근 횡단보도,2023-12-05,2024-06-03
불법주정차,2023-11-30,18:45,태전동 220-1 부근 횡단보도,2023-12-05,2024-06-03
불법주정차,2023-11-30,18:55,관음동 1320 부근 횡단보도,2023-12-05,2024-06-03
불법주정차,2023-11-30,19:07,침산동 260-2 부근 모퉁이,2023-12-05,2024-06-03
불법주정차,2023-11-30,19:10,구암동 833-1 부근 인도,2023-12-05,2024-06-03
불법주정차,2023-11-30,19:26,관음동 1372-2 부근 인도,2023-12-05,2024-06-03
불법주정차,2023-11-30,19:49,복현동 713 부근,2023-12-05,2024-06-03
불법주정차,2023-11-30,19:50,복현동 713 부근,2023-12-05,2024-06-03
불법주정차,2023-11-30,19:49,복현동 713 부근,2023-12-05,2024-06-03
불법주정차,2023-11-30,19:56,태전동 976-9 부근 모퉁이,2023-12-05,2024-06-03
불법주정차,2023-11-30,20:09,동천동 892-1 부근 횡단보도,2023-12-05,2024-06-03
불법주정차,2023-11-30,20:15,동천동 899-1 부근 횡단보도,2023-12-05,2024-06-03
불법주정차,2023-11-30,20:15,읍내동 1343 부근 횡단보도,2023-12-05,2024-06-03
불법주정차,2023-11-30,20:19,동천동 962-4 부근 횡단보도,2023-12-05,2024-06-03
불법주정차,2023-11-30,20:37,칠성동2가 369-1 부근 횡단보도,2023-12-05,2024-06-03
불법주정차,2023-11-30,20:37,동변동 492 부근 모퉁이,2023-12-05,2024-06-03
불법주정차,2023-11-30,20:55,태전동 215-2 부근 버스정류소,2023-12-05,2024-06-03
불법주정차,2023-11-30,21:18,대현동 109-20 부근 모퉁이,2023-12-05,2024-06-03
불법주정차,2023-11-30,21:48,태전동 1075-15 부근 횡단보도,2023-12-05,2024-06-03
불법주정차,2023-11-30,18:15,동천동 962-3 부근 인도,2023-12-05,2024-06-03
불법주정차,2023-11-30,22:11,서변동 1786 부근 횡단보도,2023-12-05,2024-06-03
불법주정차,2023-11-30,23:11,복현동 539-106 부근 횡단보도,2023-12-05,2024-06-03
불법주정차,2023-11-30,23:49,동변동 446-3 부근 횡단보도,2023-12-05,2024-06-03
불법주정차,2023-11-30,23:52,동변동 692-11 부근 횡단보도,2023-12-05,2024-06-03
불법주정차,2023-11-30,12:44,사수동 962 부근 횡단보도,2023-12-05,2024-06-03
불법주정차,2023-11-30,14:37,구암동 714 부근 모퉁이,2023-12-05,2024-06-03
불법주정차,2023-11-30,12:12,노원동3가 234-9 부근 인도,2023-12-05,2024-06-03
불법주정차,2023-11-30,12:11,노원동3가 234-22 부근 인도,2023-12-05,2024-06-03
불법주정차,2023-11-30,21:47,대현동 281-6 부근 모퉁이,2023-12-05,2024-06-03
불법주정차,2023-12-01,00:07,서변동 1762-13 부근 횡단보도,2023-12-06,2024-06-03
불법주정차,2023-12-01,00:10,서변동 1762 부근 횡단보도,2023-12-06,2024-06-03
불법주정차,2023-12-01,06:54,태전동 1239 부근 횡단보도,2023-12-06,2024-06-03
불법주정차,2023-12-01,07:00,침산동건영하이츠 정문,2023-12-04,2024-06-03
불법주정차,2023-12-01,07:02,서변공영주차장 사거리,2023-12-04,2024-06-03
불법주정차,2023-12-01,07:03,유림노르웨이숲,2023-12-04,2024-06-03
불법주정차,2023-12-01,07:03,동천동회전교차로1,2023-12-04,2024-06-03
불법주정차,2023-12-01,07:04,산격초등학교,2023-12-04,2024-06-03
불법주정차,2023-12-01,07:05,금정공원(보행자우선거리,2023-12-04,2024-06-03
불법주정차,2023-12-01,07:05,유림노르웨이숲,2023-12-04,2024-06-03
불법주정차,2023-12-01,07:05,산격동 경대북문,2023-12-04,2024-06-03
불법주정차,2023-12-01,07:06,오페라트루엘시민의숲,2023-12-04,2024-06-03
불법주정차,2023-12-01,07:06,복현동 시티병원,2023-12-04,2024-06-03
불법주정차,2023-12-01,07:06,칠곡초등학교,2023-12-04,2024-06-03
불법주정차,2023-12-01,07:09,르노삼성자동차 침산점,2023-12-04,2024-06-03
불법주정차,2023-12-01,07:09,칠곡우방타운 삼거리,2023-12-04,2024-06-03
불법주정차,2023-12-01,07:09,침산1동회전교차로2,2023-12-04,2024-06-03
불법주정차,2023-12-01,07:09,금호서한이다음정문,2023-12-04,2024-06-03
불법주정차,2023-12-01,07:11,유림노르웨이숲,2023-12-04,2024-06-03
불법주정차,2023-12-01,07:12,노원한신더휴 동문,2023-12-04,2024-06-03
불법주정차,2023-12-01,07:17,경진초등학교,2024-03-21,2024-06-03
불법주정차,2023-12-01,07:18,대구역 오페라더블유2,2023-12-04,2024-06-03
불법주정차,2023-12-01,07:19,농협침산지점앞,2023-12-04,2024-06-03
불법주정차,2023-12-01,07:19,산격동 동북로 부근,2023-12-04,2024-06-03
불법주정차,2023-12-01,07:19,복현동 검단로 부근,2023-12-04,2024-06-03
불법주정차,2023-12-01,07:20,고성동1가 113-20 부근,2023-12-04,2024-06-03
불법주정차,2023-12-01,07:20,고성동1가 113-20 부근,2023-12-04,2024-06-03
불법주정차,2023-12-01,07:20,고성동1가 113-20 부근,2023-12-04,2024-06-03
불법주정차,2023-12-01,07:20,고성동1가 113-20 부근,2023-12-04,2024-06-03
불법주정차,2023-12-01,07:20,고성동1가 158-3 부근,2023-12-04,2024-06-03
불법주정차,2023-12-01,07:20,고성동1가 158-3 부근,2023-12-04,2024-06-03
불법주정차,2023-12-01,07:21,관천초등학교,2023-12-04,2024-06-03
불법주정차,2023-12-01,07:21,복현동 검단로 부근,2023-12-04,2024-06-03
불법주정차,2023-12-01,07:21,복현동 검단로 부근,2023-12-04,2024-06-03
불법주정차,2023-12-01,07:22,침산초등학교,2023-12-04,2024-06-03
불법주정차,2023-12-01,07:22,복현동 복현로 부근,2023-12-04,2024-06-03
불법주정차,2023-12-01,07:23,복현동 복현로 부근,2023-12-04,2024-06-03
불법주정차,2023-12-01,07:23,침산동 456-7 부근 인도,2023-12-06,2024-06-03
불법주정차,2023-12-01,07:24,대구역 오페라더블유2,2023-12-04,2024-06-03
불법주정차,2023-12-01,07:25,칠곡초등학교 진입로,2023-12-04,2024-06-03
불법주정차,2023-12-01,07:29,서변공영주차장 사거리,2023-12-04,2024-06-03
불법주정차,2023-12-01,07:29,연경동 연경중앙로 부근,2023-12-04,2024-06-03
불법주정차,2023-12-01,07:31,연경동 도덕길 부근,2023-12-04,2024-06-03
불법주정차,2023-12-01,07:31,연경동 도덕길 부근,2023-12-04,2024-06-03
불법주정차,2023-12-01,07:31,읍내동 구암로21길 부근,2023-12-04,2024-06-03
불법주정차,2023-12-01,07:32,팔달신시장 오내과,2023-12-04,2024-06-03
불법주정차,2023-12-01,07:33,금호서한이다음정문,2023-12-04,2024-06-03
불법주정차,2023-12-01,07:38,태전동 팔거천서로 부근,2023-12-04,2024-06-03
불법주정차,2023-12-01,07:39,태전동 태암남로 부근,2023-12-04,2024-06-03
불법주정차,2023-12-01,07:41,복현동 검단로 부근,2023-12-04,2024-06-03
불법주정차,2023-12-01,07:44,태전동 칠곡중앙대로 부근,2023-12-04,2024-06-03
불법주정차,2023-12-01,07:45,복현동 동북로 288,2023-12-04,2024-06-03
불법주정차,2023-12-01,07:47,유림노르웨이숲,2023-12-04,2024-06-03
불법주정차,2023-12-01,07:48,유림노르웨이숲,2023-12-04,2024-06-03
불법주정차,2023-12-01,07:49,칠성시장교통섬,2023-12-04,2024-06-03
불법주정차,2023-12-01,07:50,팔달신시장 오내과,2023-12-04,2024-06-03
불법주정차,2023-12-01,07:50,고성동2가 116-2 부근 인도,2023-12-11,2024-06-03
불법주정차,2023-12-01,07:57,칠성시장교통섬,2023-12-04,2024-06-03
불법주정차,2023-12-01,07:58,국우동 학남로15길 부근,2023-12-04,2024-06-03
불법주정차,2023-12-01,08:04,오페라 클래시아,2023-12-04,2024-06-03
불법주정차,2023-12-01,08:04,오페라 클래시아,2023-12-04,2024-06-03
불법주정차,2023-12-01,08:07,매천동 527-3 부근 인도,2023-12-07,2024-06-03
불법주정차,2023-12-01,08:10,유림노르웨이숲,2023-12-04,2024-06-03
불법주정차,2023-12-01,08:11,오페라 클래시아,2023-12-04,2024-06-03
불법주정차,2023-12-01,08:24,침산동 456-7 부근,2023-12-06,2024-06-03
불법주정차,2023-12-01,08:29,관음동 1323-9 부근 횡단보도,2023-12-06,2024-06-03
불법주정차,2023-12-01,08:35,유림노르웨이숲,2023-12-04,2024-06-03
불법주정차,2023-12-01,08:37,관음동 1320 부근 횡단보도,2023-12-06,2024-06-03
불법주정차,2023-12-01,08:39,관음동 1320 부근 횡단보도,2023-12-06,2024-06-03
불법주정차,2023-12-01,08:49,침산동 138-14 부근 횡단보도,2023-12-06,2024-06-03
불법주정차,2023-12-01,08:56,대구역 오페라더블유2,2023-12-04,2024-06-03
불법주정차,2023-12-01,09:00,대구역 오페라더블유2,2023-12-04,2024-06-03
불법주정차,2023-12-01,09:06,대구역 오페라더블유2,2023-12-04,2024-06-03
불법주정차,2023-12-01,09:08,침산동건영하이츠 정문,2023-12-04,2024-06-03
불법주정차,2023-12-01,09:14,성삼우리신협 앞,2023-12-04,2024-06-03
불법주정차,2023-12-01,09:21,고성동3가 고성북로 52-2,2023-12-04,2024-06-03
불법주정차,2023-12-01,09:24,침산1동회전교차로2,2023-12-04,2024-06-03
불법주정차,2023-12-01,09:25,칠성시장교통섬,2023-12-04,2024-06-03
불법주정차,2023-12-01,09:26,노원한신더휴 남문,2023-12-04,2024-06-03
불법주정차,2023-12-01,09:27,침산1동회전교차로1,2023-12-04,2024-06-03
불법주정차,2023-12-01,09:34,노원동1가 509 부근 소화전,2023-12-06,2024-06-03
불법주정차,2023-12-01,09:38,대구역 오페라더블유2,2023-12-04,2024-06-03
불법주정차,2023-12-01,09:43,유림노르웨이숲,2023-12-04,2024-06-03
불법주정차,2023-12-01,09:46,오페라트루엘시민의숲,2023-12-04,2024-06-03
불법주정차,2023-12-01,09:47,오페라 클래시아,2023-12-04,2024-06-03
불법주정차,2023-12-01,09:47,서변동 1779-6 부근 인도,2023-12-06,2024-06-03
불법주정차,2023-12-01,09:52,옥산초등학교,2023-12-04,2024-06-03
불법주정차,2023-12-01,09:52,유림노르웨이숲,2023-12-04,2024-06-03
불법주정차,2023-12-01,09:54,구암동 833 부근 횡단보도,2023-12-07,2024-06-03
불법주정차,2023-12-01,09:59,노원한신더휴 남문,2023-12-04,2024-06-03
불법주정차,2023-12-01,10:00,복현동 69 부근 횡단보도,2023-12-06,2024-06-03
불법주정차,2023-12-01,10:02,서변공영주차장 사거리,2023-12-04,2024-06-03
불법주정차,2023-12-01,10:04,칠곡초등학교 진입로,2023-12-04,2024-06-03
불법주정차,2023-12-01,10:09,노원한신더휴 동문,2023-12-04,2024-06-03
불법주정차,2023-12-01,10:12,NC아울렛 앞 사거리,2023-12-04,2024-06-03
불법주정차,2023-12-01,10:16,침산초등학교,2023-12-04,2024-06-03
불법주정차,2023-12-01,10:20,노원한신더휴 남문,2023-12-04,2024-06-03
불법주정차,2023-12-01,10:23,읍내동 대천로7길 부근,2023-12-04,2024-06-03
불법주정차,2023-12-01,10:25,대구역 오페라더블유2,2023-12-04,2024-06-03
불법주정차,2023-12-01,10:26,대구역 오페라더블유2,2023-12-04,2024-06-03
불법주정차,2023-12-01,10:26,읍내동 동암로7길 부근,2023-12-04,2024-06-03
불법주정차,2023-12-01,10:26,읍내동 동암로7길 부근,2023-12-04,2024-06-03
불법주정차,2023-12-01,10:27,읍내동 동암로7길 부근,2023-12-04,2024-06-03
불법주정차,2023-12-01,10:28,읍내동 칠곡중앙대로 부근,2023-12-04,2024-06-03
불법주정차,2023-12-01,10:29,노원동1가 509 부근 소화전,2023-12-06,2024-06-03
불법주정차,2023-12-01,10:30,서변초등학교 후문,2023-12-04,2024-06-03
불법주정차,2023-12-01,10:32,칠성시장교통섬,2023-12-04,2024-06-03
불법주정차,2023-12-01,10:33,칠성시장교통섬,2023-12-04,2024-06-03
불법주정차,2023-12-01,10:37,복현동 경대로19길 부근,2023-12-04,2024-06-03
불법주정차,2023-12-01,10:39,새동산산부인과,2023-12-04,2024-06-03
불법주정차,2023-12-01,10:40,대구역 오페라더블유2,2023-12-04,2024-06-03
불법주정차,2023-12-01,10:41,새동산산부인과,2023-12-04,2024-06-03
불법주정차,2023-12-01,10:41,유림노르웨이숲,2023-12-04,2024-06-03
불법주정차,2023-12-01,10:41,복현동 경진로 부근,2023-12-04,2024-06-03
불법주정차,2023-12-01,10:41,복현동 경진로 부근,2023-12-04,2024-06-03
불법주정차,2023-12-01,10:42,산격동 1207-59 부근 인도,2023-12-06,2024-06-03
불법주정차,2023-12-01,10:44,침산동 133-40 부근 소화전,2023-12-06,2024-06-03
불법주정차,2023-12-01,10:47,KB국민은행침산지점,2023-12-04,2024-06-03
불법주정차,2023-12-01,10:47,구암동 동암로 부근,2023-12-04,2024-06-03
불법주정차,2023-12-01,10:49,구암동 학정로 부근,2023-12-04,2024-06-03
불법주정차,2023-12-01,10:52,구암동 학정로 부근,2023-12-04,2024-06-03
불법주정차,2023-12-01,10:52,구암동 학정로 부근,2023-12-04,2024-06-03
불법주정차,2023-12-01,10:52,구암동 학정로 부근,2023-12-04,2024-06-03
불법주정차,2023-12-01,10:52,복현동 37-6 부근 모퉁이,2023-12-06,2024-06-03
불법주정차,2023-12-01,10:54,태전동 칠곡중앙대로 부근,2023-12-04,2024-06-03
불법주정차,2023-12-01,10:54,복현동 37-6 부근 모퉁이,2023-12-06,2024-06-03
불법주정차,2023-12-01,10:57,관음동 관음동로 부근,2023-12-04,2024-06-03
불법주정차,2023-12-01,10:57,관음동 칠곡중앙대로91길 부근,2023-12-04,2024-06-03
불법주정차,2023-12-01,11:00,읍내동 구암로15길 부근,2023-12-04,2024-06-03
불법주정차,2023-12-01,11:00,읍내동 구암로 부근,2023-12-04,2024-06-03
불법주정차,2023-12-01,11:00,동천동 897-1 부근 횡단보도,2023-12-07,2024-06-03
불법주정차,2023-12-01,11:03,복현동 복현로 부근,2023-12-04,2024-06-03
불법주정차,2023-12-01,11:04,동천동 899-2 부근 횡단보도,2023-12-07,2024-06-03
불법주정차,2023-12-01,11:07,복현동 동북로53길 부근,2023-12-04,2024-06-03
불법주정차,2023-12-01,11:09,대학로 파리바게트 부근,2023-12-04,2024-06-03
불법주정차,2023-12-01,11:12,학정동 학정동로13길 부근,2023-12-04,2024-06-03
불법주정차,2023-12-01,11:20,침산동 133-40 부근 모퉁이,2023-12-06,2024-06-03
불법주정차,2023-12-01,11:20,침산동 133-40 부근 모퉁이,2023-12-06,2024-06-03
불법주정차,2023-12-01,11:31,무지개공영주차장 부근,2023-12-04,2024-06-03
불법주정차,2023-12-01,11:36,동천동 동천로24길 부근,2023-12-04,2024-06-03
불법주정차,2023-12-01,11:36,칠성동2가 칠성남로38길 부근,2023-12-04,2024-06-03
불법주정차,2023-12-01,11:39,동천동 팔거천동로 부근,2023-12-04,2024-06-03
불법주정차,2023-12-01,11:39,동천동 동천로 부근,2023-12-04,2024-06-03
불법주정차,2023-12-01,11:39,동천동 팔거천동로 부근,2023-12-04,2024-06-03
불법주정차,2023-12-01,11:44,칠성동2가 칠성남로30길 부근,2023-12-04,2024-06-03
불법주정차,2023-12-01,11:44,칠성동2가 태평로 부근,2023-12-04,2024-06-03
불법주정차,2023-12-01,11:45,칠성동2가 칠성남로38길 부근,2023-12-04,2024-06-03
불법주정차,2023-12-01,11:46,칠성동2가 칠성남로30길 부근,2023-12-04,2024-06-03
불법주정차,2023-12-01,11:46,칠성동2가 칠성남로30길 부근,2023-12-04,2024-06-03
불법주정차,2023-12-01,11:47,칠성동2가 칠성남로 부근,2023-12-04,2024-06-03
불법주정차,2023-12-01,11:47,칠성동2가 칠성남로 부근,2023-12-04,2024-06-03
불법주정차,2023-12-01,11:47,칠성동2가 칠성남로 부근,2023-12-04,2024-06-03
불법주정차,2023-12-01,11:47,칠성동2가 칠성남로 부근,2023-12-04,2024-06-03
불법주정차,2023-12-01,11:47,칠성동2가 칠성남로 부근,2023-12-04,2024-06-03
불법주정차,2023-12-01,11:47,칠성동2가 칠성남로 부근,2023-12-04,2024-06-03
불법주정차,2023-12-01,11:49,산격동 대동로1길 부근,2023-12-04,2024-06-03
불법주정차,2023-12-01,11:55,대학로 파리바게트 부근,2023-12-04,2024-06-03
불법주정차,2023-12-01,12:05,태전동 981 부근 소화전,2023-12-07,2024-06-03
불법주정차,2023-12-01,12:07,태전동 974 부근 소화전,2023-12-07,2024-06-03
불법주정차,2023-12-01,12:07,구암동 663-9 부근 모퉁이,2023-12-07,2024-06-03
불법주정차,2023-12-01,12:20,칠성동1가 276-102 부근 횡단보도,2023-12-06,2024-06-03
불법주정차,2023-12-01,12:30,복현동 198 부근 인도,2023-12-06,2024-06-03
불법주정차,2023-12-01,12:31,산격동 1745 부근 인도,2023-12-06,2024-06-03
불법주정차,2023-12-01,12:33,산격동 1749 부근 인도,2023-12-06,2024-06-03
불법주정차,2023-12-01,12:35,산격동 1564 부근 인도,2023-12-06,2024-06-03
불법주정차,2023-12-01,12:36,산격동 1441-1 부근 횡단보도,2023-12-06,2024-06-03
불법주정차,2023-12-01,13:13,노원동1가 141 부근 소화전,2023-12-06,2024-06-03
불법주정차,2023-12-01,13:32,서변동 1148-1 부근 횡단보도,2023-12-07,2024-06-03
불법주정차,2023-12-01,13:56,매천동 678 부근 횡단보도,2023-12-07,2024-06-03
불법주정차,2023-12-01,14:14,무지개공영주차장 부근,2023-12-04,2024-06-03
불법주정차,2023-12-01,14:14,검단동 1288 부근 횡단보도,2023-12-07,2024-06-03
불법주정차,2023-12-01,14:16,검단동 1292 부근 횡단보도,2023-12-07,2024-06-03
불법주정차,2023-12-01,14:17,금호동 806 부근 횡단보도,2023-12-07,2024-06-03
불법주정차,2023-12-01,14:18,침산동 옥산로 부근,2023-12-04,2024-06-03
불법주정차,2023-12-01,14:18,침산동 원대로 부근,2023-12-04,2024-06-03
불법주정차,2023-12-01,14:19,침산동 원대로 부근,2023-12-04,2024-06-03
불법주정차,2023-12-01,14:19,금호동 814 부근 횡단보도,2023-12-07,2024-06-03
불법주정차,2023-12-01,14:21,고성동3가 고성북로 부근,2023-12-04,2024-06-03
불법주정차,2023-12-01,14:22,고성동3가 고성북로 부근,2023-12-04,2024-06-03
불법주정차,2023-12-01,14:22,고성동3가 고성북로 부근,2023-12-04,2024-06-03
불법주정차,2023-12-01,14:22,고성동3가 고성북로 부근,2023-12-04,2024-06-03
불법주정차,2023-12-01,14:23,칠성동1가 276-142 부근 인도,2023-12-07,2024-06-03
불법주정차,2023-12-01,14:24,고성동2가 고성로 부근,2023-12-04,2024-06-03
불법주정차,2023-12-01,14:24,고성동3가 고성로 부근,2023-12-04,2024-06-03
불법주정차,2023-12-01,14:30,새동산산부인과,2023-12-04,2024-06-03
불법주정차,2023-12-01,14:32,구암동 태암로 부근,2023-12-04,2024-06-03
불법주정차,2023-12-01,14:32,구암동 태암로 부근,2023-12-04,2024-06-03
불법주정차,2023-12-01,14:34,태전동 M&M빌딩,2023-12-04,2024-06-03
불법주정차,2023-12-01,14:34,진성유치원 삼거리,2023-12-04,2024-06-03
불법주정차,2023-12-01,14:34,매천동 678 부근 횡단보도,2023-12-07,2024-06-03
불법주정차,2023-12-01,14:35,서변초등학교 후문,2023-12-04,2024-06-03
불법주정차,2023-12-01,14:35,유림노르웨이숲,2023-12-04,2024-06-03
불법주정차,2023-12-01,14:37,서변공영주차장 사거리,2023-12-04,2024-06-03
불법주정차,2023-12-01,14:38,구암동 구암로 부근,2023-12-04,2024-06-03
불법주정차,2023-12-01,14:39,노원한신더휴 동문,2023-12-04,2024-06-03
불법주정차,2023-12-01,14:39,금호서한이다음정문,2023-12-04,2024-06-03
불법주정차,2023-12-01,14:39,칠성시장교통섬,2023-12-04,2024-06-03
불법주정차,2023-12-01,14:40,금호서한이다음정문,2023-12-04,2024-06-03
불법주정차,2023-12-01,14:41,금정공원(보행자우선거리,2023-12-04,2024-06-03
불법주정차,2023-12-01,14:41,읍내동 구암로 부근,2023-12-04,2024-06-03
불법주정차,2023-12-01,14:41,읍내동 구암로 부근,2023-12-04,2024-06-03
불법주정차,2023-12-01,14:42,대구역 오페라더블유2,2023-12-04,2024-06-03
불법주정차,2023-12-01,14:42,노원한신더휴 남문,2023-12-04,2024-06-03
불법주정차,2023-12-01,14:42,구암동 구암로 부근,2023-12-04,2024-06-03
불법주정차,2023-12-01,14:42,서변동 서변로 부근,2023-12-04,2024-06-03
불법주정차,2023-12-01,14:42,읍내동 구암로15길 부근,2023-12-04,2024-06-03
불법주정차,2023-12-01,14:42,읍내동 칠곡중앙대로 부근,2023-12-04,2024-06-03
불법주정차,2023-12-01,14:42,읍내동 칠곡중앙대로 부근,2023-12-04,2024-06-03
불법주정차,2023-12-01,14:42,구암동 구암로 부근,2023-12-04,2024-06-03
불법주정차,2023-12-01,14:43,NC아울렛 앞 사거리,2023-12-04,2024-06-03
불법주정차,2023-12-01,14:43,서변동 호국로51길 부근,2023-12-04,2024-06-03
불법주정차,2023-12-01,14:43,서변동 서변로3길 부근,2023-12-04,2024-06-03
불법주정차,2023-12-01,14:43,서변동 서변로3길 부근,2023-12-04,2024-06-03
불법주정차,2023-12-01,14:43,서변동 서변로3길 부근,2023-12-04,2024-06-03
불법주정차,2023-12-01,14:44,서변동 서변로 부근,2023-12-04,2024-06-03
불법주정차,2023-12-01,14:44,서변동 서변로 부근,2023-12-04,2024-06-03
불법주정차,2023-12-01,14:44,구암동 구암로 부근,2023-12-04,2024-06-03
불법주정차,2023-12-01,14:45,서변동 망월길 부근,2023-12-04,2024-06-03
불법주정차,2023-12-01,14:46,구암동 구암로 부근,2023-12-04,2024-06-03
불법주정차,2023-12-01,14:46,서변동 서변로 부근,2023-12-04,2024-06-03
불법주정차,2023-12-01,14:46,서변동 서변로 부근,2023-12-04,2024-06-03
불법주정차,2023-12-01,14:46,서변동 서변로 부근,2023-12-04,2024-06-03
불법주정차,2023-12-01,14:46,서변동 서변로 부근,2023-12-04,2024-06-03
불법주정차,2023-12-01,14:46,서변동 서변로 부근,2023-12-04,2024-06-03
불법주정차,2023-12-01,14:46,매천동 690 부근 횡단보도,2023-12-07,2024-06-03
불법주정차,2023-12-01,14:47,서변동 산 33 부근,2023-12-04,2024-06-03
불법주정차,2023-12-01,14:48,대학로 파리바게트 부근,2023-12-04,2024-06-03
불법주정차,2023-12-01,14:48,관음동 관음동로 부근,2023-12-04,2024-06-03
불법주정차,2023-12-01,14:49,관음동 칠곡중앙대로91길 부근,2023-12-04,2024-06-03
불법주정차,2023-12-01,14:50,농협침산지점앞,2023-12-04,2024-06-03
불법주정차,2023-12-01,14:50,새동산산부인과,2023-12-04,2024-06-03
불법주정차,2023-12-01,14:50,관음동 칠곡중앙대로91길 부근,2023-12-04,2024-06-03
불법주정차,2023-12-01,14:50,관음동 관음동로 부근,2023-12-04,2024-06-03
불법주정차,2023-12-01,14:51,북부초등학교,2023-12-04,2024-06-03
불법주정차,2023-12-01,14:51,읍내동 구암로15길 부근,2023-12-04,2024-06-03
불법주정차,2023-12-01,14:52,읍내동 칠곡중앙대로 부근,2023-12-04,2024-06-03
불법주정차,2023-12-01,14:52,읍내동 구암로15길 부근,2023-12-04,2024-06-03
불법주정차,2023-12-01,14:52,읍내동 칠곡중앙대로86길 부근,2023-12-04,2024-06-03
불법주정차,2023-12-01,14:53,금호서한이다음정문,2023-12-04,2024-06-03
불법주정차,2023-12-01,14:55,유림노르웨이숲,2023-12-04,2024-06-03
불법주정차,2023-12-01,14:56,오페라코오롱하늘채 앞,2023-12-04,2024-06-03
불법주정차,2023-12-01,14:56,태전동 구암로 부근,2023-12-04,2024-06-03
불법주정차,2023-12-01,14:57,오페라코오롱하늘채 앞,2023-12-04,2024-06-03
불법주정차,2023-12-01,14:57,새동산산부인과,2023-12-04,2024-06-03
불법주정차,2023-12-01,14:58,무지개공영주차장 부근,2023-12-04,2024-06-03
불법주정차,2023-12-01,14:59,태전동 420-5 부근 횡단보도,2023-12-07,2024-06-03
불법주정차,2023-12-01,15:00,새동산산부인과,2023-12-04,2024-06-03
불법주정차,2023-12-01,15:00,칠성시장교통섬,2023-12-04,2024-06-03
불법주정차,2023-12-01,15:01,새동산산부인과,2023-12-04,2024-06-03
불법주정차,2023-12-01,15:02,대구역 오페라더블유2,2023-12-04,2024-06-03
불법주정차,2023-12-01,15:05,서변동 서변남로 부근,2023-12-04,2024-06-03
불법주정차,2023-12-01,15:07,금정공원(보행자우선거리,2023-12-04,2024-06-03
불법주정차,2023-12-01,15:08,구암동 686-7 부근 횡단보도,2023-12-07,2024-06-03
불법주정차,2023-12-01,15:09,팔달신시장 오내과,2023-12-04,2024-06-03
불법주정차,2023-12-01,15:10,팔달신시장 오내과,2023-12-04,2024-06-03
불법주정차,2023-12-01,15:11,서변동 산 34-3 부근,2023-12-04,2024-06-03
불법주정차,2023-12-01,15:14,서변초등학교 후문,2023-12-04,2024-06-03
불법주정차,2023-12-01,15:17,서변공영주차장 사거리,2023-12-04,2024-06-03
불법주정차,2023-12-01,15:17,대학로 파리바게트 부근,2023-12-04,2024-06-03
불법주정차,2023-12-01,15:17,노원한신더휴 남문,2023-12-04,2024-06-03
불법주정차,2023-12-01,15:20,칠성시장교통섬,2023-12-04,2024-06-03
불법주정차,2023-12-01,15:20,동대구시장,2023-12-04,2024-06-03
불법주정차,2023-12-01,15:21,노원한신더휴 동문,2023-12-04,2024-06-03
불법주정차,2023-12-01,15:25,금호서한이다음정문,2023-12-04,2024-06-03
불법주정차,2023-12-01,15:26,동변공원 사거리,2023-12-04,2024-06-03
불법주정차,2023-12-01,15:34,새동산산부인과,2023-12-04,2024-06-03
불법주정차,2023-12-01,15:34,NC아울렛 앞 사거리,2023-12-04,2024-06-03
불법주정차,2023-12-01,15:35,KB국민은행침산지점,2023-12-04,2024-06-03
불법주정차,2023-12-01,15:35,유림노르웨이숲,2023-12-04,2024-06-03
불법주정차,2023-12-01,15:37,대구역 오페라더블유1,2023-12-04,2024-06-03
불법주정차,2023-12-01,15:38,산격동 산격로 부근,2023-12-04,2024-06-03
불법주정차,2023-12-01,15:39,칠성동1가 270-37 부근 버스정류소,2023-12-06,2024-06-03
불법주정차,2023-12-01,15:41,대현도서관교차로,2023-12-04,2024-06-03
불법주정차,2023-12-01,15:42,관음동 1383-3 부근 횡단보도,2023-12-07,2024-06-03
불법주정차,2023-12-01,15:43,서변초등학교 후문,2023-12-04,2024-06-03
불법주정차,2023-12-01,15:44,산격동 산격로 부근,2023-12-04,2024-06-03
불법주정차,2023-12-01,15:45,침산동 성북로 부근,2023-12-04,2024-06-03
불법주정차,2023-12-01,15:45,침산동 성북로 부근,2023-12-04,2024-06-03
불법주정차,2023-12-01,15:46,침산동 성북로 부근,2023-12-04,2024-06-03
불법주정차,2023-12-01,15:47,노원한신더휴 남문,2023-12-04,2024-06-03
불법주정차,2023-12-01,15:48,침산동 성북로 부근,2023-12-04,2024-06-03
불법주정차,2023-12-01,15:48,침산동 침산로 부근,2023-12-04,2024-06-03
불법주정차,2023-12-01,15:50,침산동 침산로 부근,2023-12-04,2024-06-03
불법주정차,2023-12-01,15:50,침산동 성북로 부근,2023-12-04,2024-06-03
불법주정차,2023-12-01,15:52,농협침산지점앞,2023-12-04,2024-06-03
불법주정차,2023-12-01,15:52,농협침산지점앞,2023-12-04,2024-06-03
불법주정차,2023-12-01,15:52,침산동 침산로 부근,2023-12-04,2024-06-03
불법주정차,2023-12-01,15:52,침산동 침산로 부근,2023-12-04,2024-06-03
불법주정차,2023-12-01,15:52,침산동 침산로 부근,2023-12-04,2024-06-03
불법주정차,2023-12-01,15:52,침산동 침산로 부근,2023-12-04,2024-06-03
불법주정차,2023-12-01,15:53,노원동1가 270-1 부근 인도,2023-12-07,2024-06-03
불법주정차,2023-12-01,15:54,침산동 침산로 부근,2023-12-04,2024-06-03
불법주정차,2023-12-01,15:54,침산동 침산로 부근,2023-12-04,2024-06-03
불법주정차,2023-12-01,15:54,침산동 침산로 부근,2023-12-04,2024-06-03
불법주정차,2023-12-01,15:58,사수동 831 부근 횡단보도,2023-12-07,2024-06-03
불법주정차,2023-12-01,15:59,침산동 침산로22길 부근,2023-12-04,2024-06-03
불법주정차,2023-12-01,16:00,새동산산부인과,2023-12-04,2024-06-03
불법주정차,2023-12-01,16:07,동변공원 사거리,2023-12-04,2024-06-03
불법주정차,2023-12-01,16:10,읍내동 대천로 3-9,2023-12-04,2024-06-03
불법주정차,2023-12-01,16:10,읍내동 대천로 3-9,2023-12-04,2024-06-03
불법주정차,2023-12-01,16:12,무지개공영주차장 부근,2023-12-04,2024-06-03
불법주정차,2023-12-01,16:14,금호서한이다음정문,2023-12-04,2024-06-03
불법주정차,2023-12-01,16:14,북부초등학교,2023-12-04,2024-06-03
불법주정차,2023-12-01,16:14,KB국민은행침산지점,2023-12-04,2024-06-03
불법주정차,2023-12-01,16:16,관음동 관음중앙로22길 부근,2023-12-04,2024-06-03
불법주정차,2023-12-01,16:17,함지초등학교,2023-12-04,2024-06-03
불법주정차,2023-12-01,16:19,관음동 관음중앙로 부근,2023-12-04,2024-06-03
불법주정차,2023-12-01,16:19,관음동 관음중앙로 부근,2023-12-04,2024-06-03
불법주정차,2023-12-01,16:19,관음동 관음중앙로 부근,2023-12-04,2024-06-03
불법주정차,2023-12-01,16:19,관음동 관음중앙로 부근,2023-12-04,2024-06-03
불법주정차,2023-12-01,16:20,오페라 클래시아,2023-12-04,2024-06-03
불법주정차,2023-12-01,16:22,관음동 관음동로 부근,2023-12-04,2024-06-03
불법주정차,2023-12-01,16:22,관음동 관음중앙로 부근,2023-12-04,2024-06-03
불법주정차,2023-12-01,16:23,관음동 관음중앙로17길 부근,2023-12-04,2024-06-03
불법주정차,2023-12-01,16:24,관음동 칠곡중앙대로95길 부근,2023-12-04,2024-06-03
불법주정차,2023-12-01,16:26,NC아울렛 앞 사거리,2023-12-04,2024-06-03
불법주정차,2023-12-01,16:26,운암고등학교,2023-12-04,2024-06-03
불법주정차,2023-12-01,16:27,엑스코 앞,2023-12-04,2024-06-03
불법주정차,2023-12-01,16:31,동대구시장,2023-12-04,2024-06-03
불법주정차,2023-12-01,16:33,태전동 구암로 부근,2023-12-04,2024-06-03
불법주정차,2023-12-01,16:35,대산초등학교,2023-12-04,2024-06-03
불법주정차,2023-12-01,16:41,노원한신더휴 남문,2023-12-04,2024-06-03
불법주정차,2023-12-01,16:42,코스트코 주차장 앞,2023-12-04,2024-06-03
불법주정차,2023-12-01,16:43,노원한신더휴 동문,2023-12-04,2024-06-03
불법주정차,2023-12-01,16:44,칠성동 삼성아파트 앞,2023-12-04,2024-06-03
불법주정차,2023-12-01,16:44,동천동회전교차로1,2023-12-04,2024-06-03
불법주정차,2023-12-01,16:45,동천동 971-5 부근 인도,2023-12-07,2024-06-03
불법주정차,2023-12-01,16:46,관천초등학교,2023-12-04,2024-06-03
불법주정차,2023-12-01,16:50,읍내동 구암로21길 부근,2023-12-04,2024-06-03
불법주정차,2023-12-01,16:51,태전동 1222 부근 횡단보도,2023-12-07,2024-06-03
불법주정차,2023-12-01,16:53,오페라트루엘시민의숲,2023-12-04,2024-06-03
불법주정차,2023-12-01,16:54,칠성시장교통섬,2023-12-04,2024-06-03
불법주정차,2023-12-01,16:56,칠성시장교통섬,2023-12-04,2024-06-03
불법주정차,2023-12-01,16:56,동천동 참약국,2023-12-04,2024-06-03
불법주정차,2023-12-01,16:56,읍내동 칠곡중앙대로 부근,2023-12-04,2024-06-03
불법주정차,2023-12-01,16:56,읍내동 칠곡중앙대로 부근,2023-12-04,2024-06-03
불법주정차,2023-12-01,16:56,읍내동 칠곡중앙대로 부근,2023-12-04,2024-06-03
불법주정차,2023-12-01,16:57,금호서한이다음정문,2023-12-04,2024-06-03
불법주정차,2023-12-01,16:58,읍내동 칠곡중앙대로 부근,2023-12-04,2024-06-03
불법주정차,2023-12-01,16:58,노원동2가 84-1 부근 횡단보도,2023-12-07,2024-06-03
불법주정차,2023-12-01,17:00,영남네오빌아트 후문,2023-12-04,2024-06-03
불법주정차,2023-12-01,17:02,산격동 경대북문,2023-12-04,2024-06-03
불법주정차,2023-12-01,17:04,동천동회전교차로1,2023-12-04,2024-06-03
불법주정차,2023-12-01,17:13,침산1동회전교차로1,2023-12-04,2024-06-03
불법주정차,2023-12-01,17:13,농협침산지점앞,2023-12-04,2024-06-03
불법주정차,2023-12-01,17:13,노원한신더휴 동문,2023-12-04,2024-06-03
불법주정차,2023-12-01,17:18,서변공영주차장 사거리,2023-12-04,2024-06-03
불법주정차,2023-12-01,17:18,산격동 478-25 부근 횡단보도,2023-12-07,2024-06-03
불법주정차,2023-12-01,17:21,관음동 1332 부근 모퉁이,2023-12-07,2024-06-03
불법주정차,2023-12-01,17:23,산격동 14-29 부근 모퉁이,2023-12-07,2024-06-03
불법주정차,2023-12-01,17:23,산격동 457-4 부근 횡단보도,2023-12-07,2024-06-03
불법주정차,2023-12-01,17:45,복현동 404-4 부근,2023-12-06,2024-06-03
불법주정차,2023-12-01,17:45,복현동 404-3 부근,2023-12-07,2024-06-03
불법주정차,2023-12-01,17:45,복현동 404-3 부근,2023-12-07,2024-06-03
불법주정차,2023-12-01,17:45,복현동 404-3 부근,2023-12-07,2024-06-03
불법주정차,2023-12-01,17:46,복현동 404-2 부근,2023-12-06,2024-06-03
불법주정차,2023-12-01,17:46,복현동 404-2 부근,2023-12-06,2024-06-03
불법주정차,2023-12-01,17:54,태전동 1237 부근 인도,2023-12-07,2024-06-03
불법주정차,2023-12-01,17:56,복현동 376-3 부근 횡단보도,2023-12-07,2024-06-03
불법주정차,2023-12-01,17:58,복현동 368-1 부근 횡단보도,2023-12-07,2024-06-03
불법주정차,2023-12-01,18:02,침산동건영하이츠 정문,2023-12-04,2024-06-03
불법주정차,2023-12-01,18:10,칠성동1가 270-33 부근 버스정류소,2023-12-06,2024-06-03
불법주정차,2023-12-01,18:22,읍내동 652-5 부근 횡단보도,2023-12-06,2024-06-03
불법주정차,2023-12-01,18:34,고성동3가 23 부근 횡단보도,2023-12-07,2024-06-03
불법주정차,2023-12-01,18:39,노원동1가 222-3 부근 횡단보도,2023-12-07,2024-06-03
불법주정차,2023-12-01,18:40,구암동 767-1 부근 인도,2023-12-06,2024-06-03
불법주정차,2023-12-01,18:59,노원동2가 200-1 부근 소화전,2023-12-07,2024-06-03
불법주정차,2023-12-01,18:59,침산동 322-10 부근 모퉁이,2023-12-07,2024-06-03
불법주정차,2023-12-01,19:04,침산동 1761 부근 인도,2023-12-07,2024-06-03
불법주정차,2023-12-01,19:05,복현동 460-6 부근 인도,2023-12-07,2024-06-03
불법주정차,2023-12-01,19:08,복현동 477-1 부근 모퉁이,2023-12-07,2024-06-03
불법주정차,2023-12-01,19:20,구암동 802-1 부근 횡단보도,2023-12-07,2024-06-03
불법주정차,2023-12-01,19:25,산격동 1399-11 부근,2023-12-07,2024-06-03
불법주정차,2023-12-01,19:40,구암동 787-4 부근,2023-12-07,2024-06-03
불법주정차,2023-12-01,19:48,관음동 1233-26 부근 인도,2023-12-07,2024-06-03
불법주정차,2023-12-01,19:49,구암동 802-1 부근 횡단보도,2023-12-07,2024-06-03
불법주정차,2023-12-01,20:10,침산동 295-3 부근 소화전,2023-12-07,2024-06-03
불법주정차,2023-12-01,20:27,동천동 891 부근 소화전,2023-12-07,2024-06-03
불법주정차,2023-12-01,21:00,대현동 109-13 부근 모퉁이,2023-12-11,2024-06-03
불법주정차,2023-12-01,21:38,구암동 780-11 부근 소화전,2023-12-07,2024-06-03
불법주정차,2023-12-01,21:52,구암동 789-4 부근 소화전,2023-12-07,2024-06-03
불법주정차,2023-12-01,22:01,구암동 789-1 부근 횡단보도,2023-12-07,2024-06-03
불법주정차,2023-12-02,07:59,침산동 431-2 부근 인도,2023-12-06,2024-06-03
불법주정차,2023-12-02,09:56,동천동 897-3 부근 횡단보도,2023-12-06,2024-06-03
불법주정차,2023-12-02,10:00,동호동 호국로 부근,2023-12-04,2024-06-03
불법주정차,2023-12-02,10:01,서변동 1779 부근 횡단보도,2023-12-06,2024-06-03
불법주정차,2023-12-02,10:03,운암초등학교,2023-12-04,2024-06-03
불법주정차,2023-12-02,10:03,유림노르웨이숲,2023-12-04,2024-06-03
불법주정차,2023-12-02,10:04,금호서한이다음정문,2023-12-04,2024-06-03
불법주정차,2023-12-02,10:04,대구역 오페라더블유2,2023-12-04,2024-06-03
불법주정차,2023-12-02,10:04,학정동 137-2 부근,2023-12-04,2024-06-03
불법주정차,2023-12-02,10:04,국우동 학남로15길 부근,2023-12-04,2024-06-03
불법주정차,2023-12-02,10:04,국우동 학남로15길 부근,2023-12-04,2024-06-03
불법주정차,2023-12-02,10:05,농협침산지점앞,2023-12-04,2024-06-03
불법주정차,2023-12-02,10:05,유림노르웨이숲,2023-12-04,2024-06-03
불법주정차,2023-12-02,10:05,국우동 학남로15길 부근,2023-12-04,2024-06-03
불법주정차,2023-12-02,10:05,침산1동회전교차로2,2024-05-28,2024-06-03
불법주정차,2023-12-02,10:06,운암초등학교,2023-12-04,2024-06-03
불법주정차,2023-12-02,10:06,농협침산지점앞,2023-12-04,2024-06-03
불법주정차,2023-12-02,10:06,운암고등학교,2023-12-04,2024-06-03
불법주정차,2023-12-02,10:06,칠곡초등학교 진입로,2023-12-04,2024-06-03
불법주정차,2023-12-02,10:06,국우동 486 부근,2023-12-04,2024-06-03
불법주정차,2023-12-02,10:06,국우동 486 부근,2023-12-04,2024-06-03
불법주정차,2023-12-02,10:07,경진초등학교,2023-12-04,2024-06-03
불법주정차,2023-12-02,10:07,유림노르웨이숲,2023-12-04,2024-06-03
불법주정차,2023-12-02,10:09,르노삼성자동차 침산점,2023-12-04,2024-06-03
불법주정차,2023-12-02,10:09,국우동 구리로34길 부근,2023-12-04,2024-06-03
불법주정차,2023-12-02,10:10,오페라 클래시아,2023-12-04,2024-06-03
불법주정차,2023-12-02,10:10,금호서한이다음정문,2023-12-04,2024-06-03
불법주정차,2023-12-02,10:10,오페라 클래시아,2023-12-04,2024-06-03
불법주정차,2023-12-02,10:11,학정동 학정로110길 부근,2023-12-04,2024-06-03
불법주정차,2023-12-02,10:11,학정동 학정로110길 부근,2023-12-04,2024-06-03
불법주정차,2023-12-02,10:11,학정동 학정로110길 부근,2023-12-04,2024-06-03
불법주정차,2023-12-02,10:11,학정동 21 부근,2023-12-04,2024-06-03
불법주정차,2023-12-02,10:12,성삼우리신협 앞,2023-12-04,2024-06-03
불법주정차,2023-12-02,10:12,오페라 클래시아,2023-12-04,2024-06-03
불법주정차,2023-12-02,10:13,산격동 북대구 농협,2023-12-04,2024-06-03
불법주정차,2023-12-02,10:14,농협침산지점앞,2023-12-04,2024-06-03
불법주정차,2023-12-02,10:14,서변공영주차장 사거리,2023-12-04,2024-06-03
불법주정차,2023-12-02,10:16,관천초등학교,2023-12-04,2024-06-03
불법주정차,2023-12-02,10:17,대산초등학교,2023-12-04,2024-06-03
불법주정차,2023-12-02,10:18,태전동 255-9 부근 횡단보도,2023-12-06,2024-06-03
불법주정차,2023-12-02,10:19,운암고등학교,2023-12-04,2024-06-03
불법주정차,2023-12-02,10:19,태전동 255-9 부근 횡단보도,2023-12-06,2024-06-03
불법주정차,2023-12-02,10:20,르노삼성자동차 침산점,2023-12-04,2024-06-03
불법주정차,2023-12-02,10:25,옥산초등학교,2023-12-04,2024-06-03
불법주정차,2023-12-02,10:25,동천동 897-3 부근 횡단보도,2023-12-06,2024-06-03
불법주정차,2023-12-02,10:26,노원한신더휴 남문,2023-12-04,2024-06-03
불법주정차,2023-12-02,10:26,복현동 시티병원,2023-12-04,2024-06-03
불법주정차,2023-12-02,10:27,오페라트루엘시민의숲,2023-12-04,2024-06-03
불법주정차,2023-12-02,10:29,오페라트루엘시민의숲,2023-12-04,2024-06-03
불법주정차,2023-12-02,10:29,산격동 1411-21 부근 모퉁이,2023-12-06,2024-06-03
불법주정차,2023-12-02,10:30,태전중석타운 남편 도로,2023-12-04,2024-06-03
불법주정차,2023-12-02,10:30,노원한신더휴 동문,2023-12-04,2024-06-03
불법주정차,2023-12-02,10:30,동천동 897-4 부근 인도,2023-12-06,2024-06-03
불법주정차,2023-12-02,10:32,학정동 학정로 부근,2023-12-04,2024-06-03
불법주정차,2023-12-02,10:32,학정동 학정로 부근,2023-12-04,2024-06-03
불법주정차,2023-12-02,10:32,학정동 학정로 부근,2023-12-04,2024-06-03
불법주정차,2023-12-02,10:32,학정동 학정로 부근,2023-12-04,2024-06-03
불법주정차,2023-12-02,10:33,칠곡초등학교 진입로,2023-12-04,2024-06-03
불법주정차,2023-12-02,10:33,학정동 학정로 부근,2023-12-04,2024-06-03
불법주정차,2023-12-02,10:35,노원한신더휴 동문,2023-12-04,2024-06-03
불법주정차,2023-12-02,10:36,새동산산부인과,2023-12-04,2024-06-03
불법주정차,2023-12-02,10:42,관천초등학교,2023-12-04,2024-06-03
불법주정차,2023-12-02,10:42,산격동 1424-48 부근 모퉁이,2023-12-06,2024-06-03
불법주정차,2023-12-02,10:45,노원한신더휴 남문,2023-12-04,2024-06-03
불법주정차,2023-12-02,10:45,유림노르웨이숲,2023-12-04,2024-06-03
불법주정차,2023-12-02,10:45,팔달동 대구수산시장,2023-12-04,2024-06-03
불법주정차,2023-12-02,11:00,서변동 1148-1 부근 횡단보도,2023-12-06,2024-06-03
불법주정차,2023-12-02,11:08,무지개공영주차장 부근,2023-12-04,2024-06-03
불법주정차,2023-12-02,11:09,무지개공영주차장 부근,2023-12-04,2024-06-03
불법주정차,2023-12-02,11:20,산격동 478-26 부근 횡단보도,2023-12-06,2024-06-03
불법주정차,2023-12-02,11:25,산격동 457-4 부근 횡단보도,2023-12-18,2024-06-03
불법주정차,2023-12-02,11:28,무지개공영주차장 부근,2023-12-04,2024-06-03
불법주정차,2023-12-02,11:30,무지개공영주차장 부근,2023-12-04,2024-06-03
불법주정차,2023-12-02,11:48,침산동 침산로22길 부근,2024-01-17,2024-06-03
불법주정차,2023-12-02,11:48,침산동 침산로22길 부근,2023-12-04,2024-06-03
불법주정차,2023-12-02,11:48,침산동 침산로22길 부근,2023-12-04,2024-06-03
불법주정차,2023-12-02,11:48,침산동 침산로22길 부근,2023-12-04,2024-06-03
불법주정차,2023-12-02,11:52,복현동 472-8 부근 횡단보도,2023-12-11,2024-06-03
불법주정차,2023-12-02,11:54,침산동 중앙대로 부근,2023-12-04,2024-06-03
불법주정차,2023-12-02,11:54,침산동 호암로 부근,2023-12-04,2024-06-03
불법주정차,2023-12-02,11:55,복현동 472-8 부근 횡단보도,2023-12-06,2024-06-03
불법주정차,2023-12-02,12:01,서변동 1769 부근 인도,2023-12-06,2024-06-03
불법주정차,2023-12-02,12:08,침산동 265-2 부근 횡단보도,2023-12-06,2024-06-03
불법주정차,2023-12-02,12:23,대학로23길,2023-12-04,2024-06-03
불법주정차,2023-12-02,12:23,산격동 179-4 부근 인도,2023-12-06,2024-06-03
불법주정차,2023-12-02,12:28,태전동 961-11 부근 횡단보도,2023-12-06,2024-06-03
불법주정차,2023-12-02,12:38,복현동 190-1 부근 횡단보도,2023-12-06,2024-06-03
불법주정차,2023-12-02,12:48,산격동 1709 부근 모퉁이,2023-12-06,2024-06-03
불법주정차,2023-12-02,12:50,구암동 652 부근 인도,2023-12-06,2024-06-03
불법주정차,2023-12-02,12:51,산격동 1709 부근 횡단보도,2023-12-06,2024-06-03
불법주정차,2023-12-02,12:56,칠성동1가 102-6 부근 횡단보도,2023-12-06,2024-06-03
불법주정차,2023-12-02,13:00,읍내동 1343-7 부근 횡단보도,2023-12-06,2024-06-03
불법주정차,2023-12-02,13:05,읍내동 1343-6 부근 횡단보도,2023-12-06,2024-06-03
불법주정차,2023-12-02,13:09,칠성동1가 153-4 부근 모퉁이,2023-12-06,2024-06-03
불법주정차,2023-12-02,13:10,구암동 769-4 부근 횡단보도,2023-12-06,2024-06-03
불법주정차,2023-12-02,13:14,산격동 485-19 부근 횡단보도,2023-12-06,2024-06-03
불법주정차,2023-12-02,13:23,태전동 1218 부근 횡단보도,2023-12-06,2024-06-03
불법주정차,2023-12-02,13:24,대현동 158-6 부근 인도,2023-12-06,2024-06-03
불법주정차,2023-12-02,13:26,대학로15길,2023-12-04,2024-06-03
불법주정차,2023-12-02,13:28,무지개공영주차장 부근,2023-12-04,2024-06-03
불법주정차,2023-12-02,13:34,구암동 686 부근 모퉁이,2023-12-06,2024-06-03
불법주정차,2023-12-02,13:38,무지개공영주차장 부근,2023-12-04,2024-06-03
불법주정차,2023-12-02,13:43,읍내동 1278 부근 버스정류소,2023-12-06,2024-06-03
불법주정차,2023-12-02,13:43,산격동 1576 부근 인도,2023-12-06,2024-06-03
불법주정차,2023-12-02,13:44,산격동 1674 부근 횡단보도,2023-12-06,2024-06-03
불법주정차,2023-12-02,13:47,산격동 1674 부근 횡단보도,2023-12-06,2024-06-03
불법주정차,2023-12-02,13:52,태전동 1065-1 부근 횡단보도,2023-12-11,2024-06-03
불법주정차,2023-12-02,13:58,무지개공영주차장 부근,2023-12-04,2024-06-03
불법주정차,2023-12-02,13:59,무지개공영주차장 부근,2023-12-04,2024-06-03
불법주정차,2023-12-02,13:59,태전동 1065-2 부근 횡단보도,2023-12-11,2024-06-03
불법주정차,2023-12-02,14:03,대학로 파리바게트 부근,2023-12-04,2024-06-03
불법주정차,2023-12-02,14:12,학정동 866-10 부근 인도,2023-12-06,2024-06-03
불법주정차,2023-12-02,14:14,침산동 295-3 부근 모퉁이,2023-12-06,2024-06-03
불법주정차,2023-12-02,14:15,대학로15길,2023-12-04,2024-06-03
불법주정차,2023-12-02,14:15,대현동 428-15 인도,2023-12-06,2024-06-03
불법주정차,2023-12-02,14:17,대현동 428-17 부근 인도,2023-12-06,2024-06-03
불법주정차,2023-12-02,14:19,산격동 1580 부근 버스정류소,2023-12-06,2024-06-03
불법주정차,2023-12-02,14:20,산격동 1674 부근 횡단보도,2023-12-07,2024-06-03
불법주정차,2023-12-02,14:23,대학로 파리바게트 부근,2023-12-04,2024-06-03
불법주정차,2023-12-02,14:31,대학로 파리바게트 부근,2023-12-04,2024-06-03
불법주정차,2023-12-02,14:32,동천동회전교차로1,2023-12-04,2024-06-03
불법주정차,2023-12-02,14:33,유림노르웨이숲,2023-12-04,2024-06-03
불법주정차,2023-12-02,14:33,동천동 895-4 부근 횡단보도,2023-12-07,2024-06-03
불법주정차,2023-12-02,14:34,운암고등학교,2023-12-04,2024-06-03
불법주정차,2023-12-02,14:34,대구역 오페라더블유2,2023-12-04,2024-06-03
불법주정차,2023-12-02,14:35,유림노르웨이숲,2023-12-04,2024-06-03
불법주정차,2023-12-02,14:36,태전중석타운 남편 도로,2023-12-04,2024-06-03
불법주정차,2023-12-02,14:36,코스트코 주차장 앞,2023-12-04,2024-06-03
불법주정차,2023-12-02,14:36,동천동 897-3 부근 횡단보도,2023-12-07,2024-06-03
불법주정차,2023-12-02,14:37,동천동회전교차로1,2023-12-04,2024-06-03
불법주정차,2023-12-02,14:37,관천초등학교,2023-12-04,2024-06-03
불법주정차,2023-12-02,14:37,대구병원네거리,2023-12-04,2024-06-03
불법주정차,2023-12-02,14:37,운암고등학교,2023-12-04,2024-06-03
불법주정차,2023-12-02,14:39,유림노르웨이숲,2023-12-04,2024-06-03
불법주정차,2023-12-02,14:40,칠성초등학교,2023-12-04,2024-06-03
불법주정차,2023-12-02,14:40,엑스코 앞,2023-12-04,2024-06-03
불법주정차,2023-12-02,14:40,동천동회전교차로1,2023-12-04,2024-06-03
불법주정차,2023-12-02,14:42,NC아울렛 앞 사거리,2023-12-04,2024-06-03
불법주정차,2023-12-02,14:43,엑스코 앞,2023-12-04,2024-06-03
불법주정차,2023-12-02,14:44,동천동회전교차로2,2023-12-04,2024-06-03
불법주정차,2023-12-02,14:46,엑스코 앞,2023-12-04,2024-06-03
불법주정차,2023-12-02,14:48,칠곡우방타운 삼거리,2023-12-04,2024-06-03
불법주정차,2023-12-02,14:48,노원한신더휴 남문,2023-12-04,2024-06-03
불법주정차,2023-12-02,14:48,NC아울렛 앞 사거리,2023-12-04,2024-06-03
불법주정차,2023-12-02,14:49,운암고등학교,2023-12-04,2024-06-03
불법주정차,2023-12-02,14:49,금호서한이다음정문,2023-12-04,2024-06-03
불법주정차,2023-12-02,14:49,동천동 892-3 부근 버스정류소,2023-12-07,2024-06-03
불법주정차,2023-12-02,14:50,동천동회전교차로2,2023-12-04,2024-06-03
불법주정차,2023-12-02,14:51,성삼우리신협 앞,2023-12-04,2024-06-03
불법주정차,2023-12-02,14:51,동평초등학교네거리,2023-12-04,2024-06-03
불법주정차,2023-12-02,14:51,유림노르웨이숲,2023-12-04,2024-06-03
불법주정차,2023-12-02,14:52,유림노르웨이숲,2023-12-04,2024-06-03
불법주정차,2023-12-02,14:53,칠곡에덴타운건너,2023-12-04,2024-06-03
불법주정차,2023-12-02,14:55,동평초등학교네거리,2023-12-04,2024-06-03
불법주정차,2023-12-02,14:58,새동산산부인과,2023-12-04,2024-06-03
불법주정차,2023-12-02,14:59,북부초등학교,2023-12-04,2024-06-03
불법주정차,2023-12-02,15:00,동천동회전교차로1,2023-12-04,2024-06-03
불법주정차,2023-12-02,15:01,칠성시장교통섬,2023-12-04,2024-06-03
불법주정차,2023-12-02,15:03,NC아울렛 앞 사거리,2023-12-04,2024-06-03
불법주정차,2023-12-02,15:04,동천동회전교차로1,2023-12-04,2024-06-03
불법주정차,2023-12-02,15:05,태전중석타운 남편 도로,2023-12-04,2024-06-03
불법주정차,2023-12-02,15:05,사수동 831 부근 횡단보도,2023-12-07,2024-06-03
불법주정차,2023-12-02,15:07,엑스코 앞,2023-12-04,2024-06-03
불법주정차,2023-12-02,15:08,동천동회전교차로1,2023-12-04,2024-06-03
불법주정차,2023-12-02,15:09,운암초등학교,2023-12-04,2024-06-03
불법주정차,2023-12-02,15:11,노원한신더휴 남문,2023-12-04,2024-06-03
불법주정차,2023-12-02,15:11,노원한신더휴 남문,2023-12-04,2024-06-03
불법주정차,2023-12-02,15:12,대구역 오페라더블유2,2023-12-04,2024-06-03
불법주정차,2023-12-02,15:13,산격동 1707 부근 횡단보도,2023-12-07,2024-06-03
불법주정차,2023-12-02,15:14,새동산산부인과,2023-12-04,2024-06-03
불법주정차,2023-12-02,15:14,NC아울렛 앞 사거리,2023-12-04,2024-06-03
불법주정차,2023-12-02,15:14,노원한신더휴 남문,2023-12-04,2024-06-03
불법주정차,2023-12-02,15:15,오페라 클래시아,2023-12-04,2024-06-03
불법주정차,2023-12-02,15:17,산격동 1676 부근 버스정류소,2023-12-07,2024-06-03
불법주정차,2023-12-02,15:19,칠곡초등학교 진입로,2023-12-04,2024-06-03
불법주정차,2023-12-02,15:19,산격동 1676 부근 모퉁이,2023-12-07,2024-06-03
불법주정차,2023-12-02,15:20,동대구시장,2023-12-04,2024-06-03
불법주정차,2023-12-02,15:21,오페라코오롱하늘채 앞,2023-12-04,2024-06-03
불법주정차,2023-12-02,15:21,코스트코 주차장 앞,2023-12-04,2024-06-03
불법주정차,2023-12-02,15:22,운암고등학교,2023-12-04,2024-06-03
불법주정차,2023-12-02,15:22,경대북문 건너편,2023-12-04,2024-06-03
불법주정차,2023-12-02,15:23,금정공원(보행자우선거리,2023-12-04,2024-06-03
불법주정차,2023-12-02,15:23,칠성시장교통섬,2023-12-04,2024-06-03
불법주정차,2023-12-02,15:24,NC아울렛 앞 사거리,2023-12-04,2024-06-03
불법주정차,2023-12-02,15:25,동천동회전교차로1,2023-12-04,2024-06-03
불법주정차,2023-12-02,15:28,관음동 1300 부근 횡단보도,2023-12-07,2024-06-03
불법주정차,2023-12-02,15:29,금호서한이다음정문,2023-12-04,2024-06-03
불법주정차,2023-12-02,15:30,NC아울렛 앞 사거리,2023-12-04,2024-06-03
불법주정차,2023-12-02,15:33,코스트코 주차장 앞,2023-12-04,2024-06-03
불법주정차,2023-12-02,15:33,칠성시장교통섬,2023-12-04,2024-06-03
불법주정차,2023-12-02,15:33,운암고등학교,2023-12-04,2024-06-03
불법주정차,2023-12-02,15:35,영남네오빌아트 후문,2023-12-04,2024-06-03
불법주정차,2023-12-02,15:37,NC아울렛 앞 사거리,2023-12-04,2024-06-03
불법주정차,2023-12-02,15:37,산격동 1672 부근 횡단보도,2023-12-07,2024-06-03
불법주정차,2023-12-02,15:39,산격동 경대북문,2023-12-04,2024-06-03
불법주정차,2023-12-02,15:40,산격동 1804 부근 횡단보도,2023-12-07,2024-06-03
불법주정차,2023-12-02,15:41,노원한신더휴 동문,2023-12-04,2024-06-03
불법주정차,2023-12-02,15:41,칠곡농협 관음지점,2023-12-04,2024-06-03
불법주정차,2023-12-02,15:42,NC아울렛 앞 사거리,2023-12-04,2024-06-03
불법주정차,2023-12-02,15:42,서변동 1779 부근 횡단보도,2023-12-07,2024-06-03
불법주정차,2023-12-02,15:42,산격동 1790 부근 횡단보도,2023-12-07,2024-06-03
불법주정차,2023-12-02,15:44,오페라코오롱하늘채 앞,2023-12-04,2024-06-03
불법주정차,2023-12-02,15:47,침산동 619 부근 인도,2023-12-07,2024-06-03
불법주정차,2023-12-02,15:48,대구역 오페라더블유2,2023-12-04,2024-06-03
불법주정차,2023-12-02,15:49,오페라 클래시아,2023-12-04,2024-06-03
불법주정차,2023-12-02,15:49,동천동회전교차로1,2023-12-04,2024-06-03
불법주정차,2023-12-02,15:49,동대구시장,2023-12-04,2024-06-03
불법주정차,2023-12-02,15:51,새동산산부인과,2023-12-04,2024-06-03
불법주정차,2023-12-02,15:52,칠성시장교통섬,2023-12-04,2024-06-03
불법주정차,2023-12-02,15:54,노원한신더휴 남문,2023-12-04,2024-06-03
불법주정차,2023-12-02,15:54,산격동 경대북문,2023-12-04,2024-06-03
불법주정차,2023-12-02,15:54,침산동 145-29 부근 횡단보도,2023-12-07,2024-06-03
불법주정차,2023-12-02,15:55,무지개공영주차장 부근,2023-12-04,2024-06-03
불법주정차,2023-12-02,15:56,새동산산부인과,2023-12-04,2024-06-03
불법주정차,2023-12-02,15:57,유림노르웨이숲,2023-12-04,2024-06-03
불법주정차,2023-12-02,15:57,엑스코 앞,2023-12-04,2024-06-03
불법주정차,2023-12-02,15:59,코스트코 주차장 앞,2023-12-04,2024-06-03
불법주정차,2023-12-02,15:59,칠성동2가 302-197 부근 모퉁이,2023-12-07,2024-06-03
불법주정차,2023-12-02,16:00,엑스코 앞,2023-12-04,2024-06-03
불법주정차,2023-12-02,16:02,NC아울렛 앞 사거리,2023-12-04,2024-06-03
불법주정차,2023-12-02,16:02,칠성동2가 302-111 부근 인도,2023-12-07,2024-06-03
불법주정차,2023-12-02,16:04,칠성동2가 302-111 부근 인도,2023-12-07,2024-06-03
불법주정차,2023-12-02,16:04,칠성동2가 302-315 부근 소화전,2023-12-07,2024-06-03
불법주정차,2023-12-02,16:05,대학로23길,2023-12-04,2024-06-03
불법주정차,2023-12-02,16:05,노원한신더휴 남문,2023-12-04,2024-06-03
불법주정차,2023-12-02,16:05,칠성동2가 302-315 부근 소화전,2023-12-07,2024-06-03
불법주정차,2023-12-02,16:06,북부초등학교,2023-12-04,2024-06-03
불법주정차,2023-12-02,16:07,칠성시장교통섬,2023-12-04,2024-06-03
불법주정차,2023-12-02,16:07,노원한신더휴 동문,2023-12-04,2024-06-03
불법주정차,2023-12-02,16:07,운암초등학교,2023-12-04,2024-06-03
불법주정차,2023-12-02,16:10,유림노르웨이숲,2023-12-04,2024-06-03
불법주정차,2023-12-02,16:10,동천동회전교차로1,2023-12-04,2024-06-03
불법주정차,2023-12-02,16:11,동천동회전교차로1,2023-12-04,2024-06-03
불법주정차,2023-12-02,16:11,산격동 1674 부근 횡단보도,2023-12-07,2024-06-03
불법주정차,2023-12-02,16:12,팔달동 대구수산시장,2023-12-04,2024-06-03
불법주정차,2023-12-02,16:13,운암초등학교,2023-12-04,2024-06-03
불법주정차,2023-12-02,16:14,운암초등학교,2023-12-04,2024-06-03
불법주정차,2023-12-02,16:14,동천동회전교차로2,2023-12-04,2024-06-03
불법주정차,2023-12-02,16:15,동천동회전교차로1,2023-12-04,2024-06-03
불법주정차,2023-12-02,16:16,새동산산부인과,2023-12-04,2024-06-03
불법주정차,2023-12-02,16:16,유림노르웨이숲,2023-12-04,2024-06-03
불법주정차,2023-12-02,16:17,대구역 오페라더블유2,2023-12-04,2024-06-03
불법주정차,2023-12-02,16:18,엑스코 앞,2023-12-04,2024-06-03
불법주정차,2023-12-02,16:19,새동산산부인과,2023-12-04,2024-06-03
불법주정차,2023-12-02,16:23,코스트코 주차장 앞,2023-12-04,2024-06-03
불법주정차,2023-12-02,16:23,팔달동 대구수산시장,2023-12-04,2024-06-03
불법주정차,2023-12-02,16:24,산격동 1712 부근 횡단보도,2023-12-07,2024-06-03
불법주정차,2023-12-02,16:25,칠곡초등학교 진입로,2023-12-04,2024-06-03
불법주정차,2023-12-02,16:26,칠성동2가 302-354 부근 소화전,2023-12-07,2024-06-03
불법주정차,2023-12-02,16:28,오페라코오롱하늘채 앞,2023-12-04,2024-06-03
불법주정차,2023-12-02,16:28,칠성시장교통섬,2023-12-04,2024-06-03
불법주정차,2023-12-02,16:29,대학로 파리바게트 부근,2023-12-04,2024-06-03
불법주정차,2023-12-02,16:30,오페라코오롱하늘채 앞,2023-12-04,2024-06-03
불법주정차,2023-12-02,16:30,오페라코오롱하늘채 앞,2023-12-04,2024-06-03
불법주정차,2023-12-02,16:32,동천동회전교차로1,2023-12-04,2024-06-03
불법주정차,2023-12-02,16:32,새동산산부인과,2023-12-04,2024-06-03
불법주정차,2023-12-02,16:32,동천동 참약국,2023-12-04,2024-06-03
불법주정차,2023-12-02,16:34,침산1동회전교차로1,2023-12-04,2024-06-03
불법주정차,2023-12-02,16:34,관천초등학교,2023-12-04,2024-06-03
불법주정차,2023-12-02,16:36,팔달동 대구수산시장,2023-12-04,2024-06-03
불법주정차,2023-12-02,16:37,코스트코 주차장 앞,2023-12-04,2024-06-03
불법주정차,2023-12-02,16:37,코스트코 주차장 앞,2023-12-04,2024-06-03
불법주정차,2023-12-02,16:37,금정공원(보행자우선거리,2023-12-04,2024-06-03
불법주정차,2023-12-02,16:37,태전동 964-12 부근 모퉁이,2023-12-07,2024-06-03
불법주정차,2023-12-02,16:42,대현도서관교차로,2023-12-04,2024-06-03
불법주정차,2023-12-02,16:43,코스트코 주차장 앞,2023-12-04,2024-06-03
불법주정차,2023-12-02,16:44,칠성시장교통섬,2023-12-04,2024-06-03
불법주정차,2023-12-02,16:44,침산동 145-34 부근 인도,2023-12-07,2024-06-03
불법주정차,2023-12-02,16:53,매천동 690 부근 횡단보도,2023-12-07,2024-06-03
불법주정차,2023-12-02,16:57,산격동 478-25 부근 횡단보도,2023-12-07,2024-06-03
불법주정차,2023-12-02,17:01,칠성동2가 369-1 부근 인도,2023-12-07,2024-06-03
불법주정차,2023-12-02,17:07,칠성동2가 369-1 부근 인도,2023-12-07,2024-06-03
불법주정차,2023-12-02,17:08,산격동 478-1 부근 횡단보도,2023-12-07,2024-06-03
불법주정차,2023-12-02,17:20,산격동 457-4 부근 횡단보도,2024-01-17,2024-06-03
불법주정차,2023-12-02,17:23,복현동 479-4 부근 인도,2023-12-07,2024-06-03
불법주정차,2023-12-02,17:26,구암동 770-1 부근 횡단보도,2023-12-07,2024-06-03
불법주정차,2023-12-02,17:37,사수동 907 부근 모퉁이,2023-12-07,2024-06-03
불법주정차,2023-12-02,17:47,산격동 1433-14 부근 횡단보도,2023-12-07,2024-06-03
불법주정차,2023-12-02,18:05,팔달동 1-2 부근 인도,2023-12-07,2024-06-03
불법주정차,2023-12-02,18:33,태전동 989-6 부근 횡단보도,2023-12-07,2024-06-03
불법주정차,2023-12-02,18:36,산격동 1727 부근 횡단보도,2023-12-07,2024-06-03
불법주정차,2023-12-02,18:40,산격동 1737 부근 횡단보도,2023-12-07,2024-06-03
불법주정차,2023-12-02,18:48,산격동 1201-3 부근 인도,2023-12-07,2024-06-03
불법주정차,2023-12-02,18:50,산격동 1731 부근 인도,2023-12-11,2024-06-03
불법주정차,2023-12-02,18:58,매천동 750 부근 횡단보도,2023-12-11,2024-06-03
불법주정차,2023-12-02,19:01,대현동 268-1 부근 인도,2023-12-11,2024-06-03
불법주정차,2023-12-02,19:43,동천동 963-13 부근 횡단보도,2023-12-11,2024-06-03
불법주정차,2023-12-02,20:06,동천동 904-4 부근 횡단보도,2023-12-11,2024-06-03
불법주정차,2023-12-02,20:33,침산동 332-10 부근 횡단보도,2023-12-11,2024-06-03
불법주정차,2023-12-02,21:03,검단동 1128-3 부근 횡단보도,2023-12-11,2024-06-03
불법주정차,2023-12-02,21:06,대현동 24-2 부근 모퉁이,2023-12-11,2024-06-03
불법주정차,2023-12-02,21:10,대현동 24-3 부근 모퉁이,2023-12-11,2024-06-03
불법주정차,2023-12-02,21:14,태전동 986-20 부근 횡단보도,2023-12-11,2024-06-03
불법주정차,2023-12-02,21:15,대현동 24-31 부근 횡단보도,2023-12-11,2024-06-03
불법주정차,2023-12-02,21:20,태전동 976 부근 모퉁이,2023-12-11,2024-06-03
불법주정차,2023-12-02,22:46,복현동 539-106 부근 횡단보도,2023-12-11,2024-06-03
불법주정차,2023-12-02,23:15,고성동1가 85-13 부근 횡단보도,2024-01-31,2024-06-03
불법주정차,2023-12-02,23:24,고성동2가 110-10 부근 횡단보도,2023-12-11,2024-06-03
불법주정차,2023-12-02,23:27,고성동2가 130-11 부근 횡단보도,2023-12-11,2024-06-03
불법주정차,2023-12-02,23:58,칠성동2가 409-104 부근 횡단보도,2023-12-11,2024-06-03
불법주정차,2023-12-03,03:06,구암동 695-2 부근 소화전,2023-12-06,2024-06-03
불법주정차,2023-12-03,04:44,검단동 777-62 부근 횡단보도,2023-12-06,2024-06-03
불법주정차,2023-12-03,04:49,검단동 1288 부근 횡단보도,2023-12-06,2024-06-03
불법주정차,2023-12-03,08:07,산격동 457-4 부근 횡단보도,2023-12-06,2024-06-03
불법주정차,2023-12-03,08:20,산격동 1410-24 부근 인도,2023-12-06,2024-06-03
불법주정차,2023-12-03,09:37,구암동 792-10 부근 모퉁이,2023-12-06,2024-06-03
불법주정차,2023-12-03,10:00,새동산산부인과,2023-12-04,2024-06-03
불법주정차,2023-12-03,10:01,동천동회전교차로1,2023-12-04,2024-06-03
불법주정차,2023-12-03,10:01,침산동건영하이츠 정문,2023-12-04,2024-06-03
불법주정차,2023-12-03,10:03,새동산산부인과,2023-12-04,2024-06-03
불법주정차,2023-12-03,10:03,오페라 클래시아,2023-12-04,2024-06-03
불법주정차,2023-12-03,10:03,대산초등학교,2023-12-04,2024-06-03
불법주정차,2023-12-03,10:03,금호서한이다음정문,2023-12-04,2024-06-03
불법주정차,2023-12-03,10:04,유림노르웨이숲,2023-12-04,2024-06-03
불법주정차,2023-12-03,10:04,동천동회전교차로1,2023-12-04,2024-06-03
불법주정차,2023-12-03,10:04,새동산산부인과,2023-12-04,2024-06-03
불법주정차,2023-12-03,10:05,옥산초등학교,2023-12-04,2024-06-03
불법주정차,2023-12-03,10:05,유림노르웨이숲,2023-12-04,2024-06-03
불법주정차,2023-12-03,10:06,동천동회전교차로1,2023-12-04,2024-06-03
불법주정차,2023-12-03,10:06,칠성시장교통섬,2023-12-04,2024-06-03
불법주정차,2023-12-03,10:07,농협침산지점앞,2023-12-04,2024-06-03
불법주정차,2023-12-03,10:07,노원한신더휴 동문,2023-12-04,2024-06-03
불법주정차,2023-12-03,10:07,대구역 오페라더블유1,2023-12-04,2024-06-03
불법주정차,2023-12-03,10:08,장보고식자재마트 사거리,2023-12-04,2024-06-03
불법주정차,2023-12-03,10:09,태전동 166 부근 모퉁이,2023-12-06,2024-06-03
불법주정차,2023-12-03,10:10,오페라 클래시아,2023-12-04,2024-06-03
불법주정차,2023-12-03,10:11,금호서한이다음정문,2023-12-04,2024-06-03
불법주정차,2023-12-03,10:12,관음동 1323-9 부근 횡단보도,2023-12-06,2024-06-03
불법주정차,2023-12-03,10:13,태전동 M&M빌딩,2023-12-04,2024-06-03
불법주정차,2023-12-03,10:16,서변공영주차장 사거리,2023-12-04,2024-06-03
불법주정차,2023-12-03,10:20,엑스코 앞,2023-12-04,2024-06-03
불법주정차,2023-12-03,10:20,엑스코 앞,2023-12-04,2024-06-03
불법주정차,2023-12-03,10:25,복현e편한세상 정문,2023-12-04,2024-06-03
불법주정차,2023-12-03,10:25,매천중학교 건너,2023-12-04,2024-06-03
불법주정차,2023-12-03,10:26,새동산산부인과,2023-12-04,2024-06-03
불법주정차,2023-12-03,10:27,노원동3가 M병원,2023-12-04,2024-06-03
불법주정차,2023-12-03,10:27,오페라코오롱하늘채 앞,2023-12-04,2024-06-03
불법주정차,2023-12-03,10:27,읍내동 1343 부근 횡단보도,2023-12-06,2024-06-03
불법주정차,2023-12-03,10:28,새동산산부인과,2023-12-04,2024-06-03
불법주정차,2023-12-03,10:29,노원한신더휴 동문,2023-12-04,2024-06-03
불법주정차,2023-12-03,10:29,학정동 948-7 부근 횡단보도,2023-12-06,2024-06-03
불법주정차,2023-12-03,10:32,엑스코 앞,2023-12-04,2024-06-03
불법주정차,2023-12-03,10:33,NC아울렛 앞 사거리,2023-12-04,2024-06-03
불법주정차,2023-12-03,10:34,새동산산부인과,2023-12-04,2024-06-03
불법주정차,2023-12-03,10:38,NC아울렛 앞 사거리,2023-12-04,2024-06-03
불법주정차,2023-12-03,10:41,대구병원네거리,2023-12-04,2024-06-03
불법주정차,2023-12-03,10:55,산격동 1727 부근 횡단보도,2023-12-06,2024-06-03
불법주정차,2023-12-03,11:00,태전동 969-27 부근 소화전,2023-12-06,2024-06-03
불법주정차,2023-12-03,11:02,태전동 1228 부근 모퉁이,2023-12-06,2024-06-03
불법주정차,2023-12-03,11:03,태전동 1228 부근 모퉁이,2024-05-23,2024-06-03
불법주정차,2023-12-03,11:10,무지개공영주차장 부근,2023-12-04,2024-06-03
불법주정차,2023-12-03,11:24,노원동3가 1156-5 부근 횡단보도,2023-12-06,2024-06-03
불법주정차,2023-12-03,11:27,무지개공영주차장 부근,2023-12-04,2024-06-03
불법주정차,2023-12-03,11:43,산격동 1707 부근 횡단보도,2023-12-06,2024-06-03
불법주정차,2023-12-03,11:44,웨딩메르디앙 앞,2023-12-04,2024-06-03
불법주정차,2023-12-03,12:11,대학로23길,2023-12-04,2024-06-03
불법주정차,2023-12-03,12:13,대학로23길,2023-12-04,2024-06-03
불법주정차,2023-12-03,12:15,산격동 1574 부근 버스정류소,2023-12-06,2024-06-03
불법주정차,2023-12-03,12:21,산격동 1578 부근 횡단보도,2023-12-06,2024-06-03
불법주정차,2023-12-03,12:25,산격동 1575 부근 횡단보도,2023-12-06,2024-06-03
불법주정차,2023-12-03,12:37,관음동 1278-11 부근 횡단보도,2023-12-06,2024-06-03
불법주정차,2023-12-03,12:40,산격동 1433-14 부근 인도,2023-12-06,2024-06-03
불법주정차,2023-12-03,12:40,산격동 1682 부근 횡단보도,2023-12-06,2024-06-03
불법주정차,2023-12-03,13:01,산격동 1707 부근 횡단보도,2023-12-06,2024-06-03
불법주정차,2023-12-03,13:19,대학로23길,2023-12-04,2024-06-03
불법주정차,2023-12-03,13:21,대학로 파리바게트 부근,2023-12-04,2024-06-03
불법주정차,2023-12-03,13:35,태전동 151-9 부근 인도,2023-12-06,2024-06-03
불법주정차,2023-12-03,13:36,태전동 148-6 부근 인도,2024-01-17,2024-06-03
불법주정차,2023-12-03,13:37,대학로23길,2023-12-04,2024-06-03
불법주정차,2023-12-03,13:38,칠성동2가 176-2 부근 횡단보도,2023-12-06,2024-06-03
불법주정차,2023-12-03,13:40,산격동 1651 부근 횡단보도,2023-12-06,2024-06-03
불법주정차,2023-12-03,13:40,칠성동2가 176-1 부근 횡단보도,2023-12-06,2024-06-03
불법주정차,2023-12-03,13:40,산격동 1430-47 부근 횡단보도,2023-12-06,2024-06-03
불법주정차,2023-12-03,13:42,산격동 1578 부근 횡단보도,2023-12-06,2024-06-03
불법주정차,2023-12-03,13:42,칠성동2가 73-2 부근 횡단보도,2023-12-06,2024-06-03
불법주정차,2023-12-03,13:59,관음동 1275 부근 횡단보도,2023-12-06,2024-06-03
불법주정차,2023-12-03,14:00,동천동 896-1 부근 횡단보도,2023-12-06,2024-06-03
불법주정차,2023-12-03,14:02,산격동 1718 부근 횡단보도,2023-12-06,2024-06-03
불법주정차,2023-12-03,14:15,웨딩메르디앙 앞,2023-12-04,2024-06-03
불법주정차,2023-12-03,14:15,산격동 179-4 부근 인도,2023-12-06,2024-06-03
불법주정차,2023-12-03,14:24,대학로15길,2023-12-04,2024-06-03
불법주정차,2023-12-03,14:27,산격동 1674 부근 모퉁이,2023-12-06,2024-06-03
불법주정차,2023-12-03,14:28,산격동 1575 부근 모퉁이,2023-12-06,2024-06-03
불법주정차,2023-12-03,14:31,노원한신더휴 동문,2023-12-04,2024-06-03
불법주정차,2023-12-03,14:32,노원한신더휴 동문,2023-12-04,2024-06-03
불법주정차,2023-12-03,14:34,유림노르웨이숲,2023-12-04,2024-06-03
불법주정차,2023-12-03,14:34,새동산산부인과,2023-12-04,2024-06-03
불법주정차,2023-12-03,14:34,대구역 오페라더블유1,2023-12-04,2024-06-03
불법주정차,2023-12-03,14:35,칠곡우방타운 삼거리,2023-12-04,2024-06-03
불법주정차,2023-12-03,14:35,코스트코 주차장 앞,2023-12-04,2024-06-03
불법주정차,2023-12-03,14:35,동천동회전교차로1,2023-12-04,2024-06-03
불법주정차,2023-12-03,14:35,노원동주민센터 사거리,2023-12-04,2024-06-03
불법주정차,2023-12-03,14:35,오페라트루엘시민의숲,2023-12-04,2024-06-03
불법주정차,2023-12-03,14:35,대구역 오페라더블유1,2023-12-04,2024-06-03
불법주정차,2023-12-03,14:35,오페라 클래시아,2023-12-04,2024-06-03
불법주정차,2023-12-03,14:35,고성동3가 2 부근 횡단보도,2023-12-06,2024-06-03
불법주정차,2023-12-03,14:35,고성동3가 2 부근 횡단보도,2023-12-06,2024-06-03
불법주정차,2023-12-03,14:36,운암고등학교,2023-12-04,2024-06-03
불법주정차,2023-12-03,14:36,칠성시장교통섬,2023-12-04,2024-06-03
불법주정차,2023-12-03,14:36,코스트코 주차장 앞,2023-12-04,2024-06-03
불법주정차,2023-12-03,14:36,오페라트루엘시민의숲,2023-12-04,2024-06-03
불법주정차,2023-12-03,14:36,고성동3가 2 부근 모퉁이,2023-12-06,2024-06-03
불법주정차,2023-12-03,14:37,대구역 오페라더블유2,2023-12-04,2024-06-03
불법주정차,2023-12-03,14:37,코스트코 주차장 앞,2023-12-04,2024-06-03
불법주정차,2023-12-03,14:37,오페라트루엘시민의숲,2023-12-04,2024-06-03
불법주정차,2023-12-03,14:37,대구역 오페라더블유2,2023-12-04,2024-06-03
불법주정차,2023-12-03,14:37,침산1동회전교차로1,2023-12-04,2024-06-03
불법주정차,2023-12-03,14:37,엑스코 앞,2023-12-04,2024-06-03
불법주정차,2023-12-03,14:38,오페라 클래시아,2023-12-04,2024-06-03
불법주정차,2023-12-03,14:38,농협침산지점앞,2023-12-04,2024-06-03
불법주정차,2023-12-03,14:38,경진초등학교,2023-12-04,2024-06-03
불법주정차,2023-12-03,14:38,대구역 오페라더블유2,2023-12-04,2024-06-03
불법주정차,2023-12-03,14:39,엑스코 앞,2023-12-04,2024-06-03
불법주정차,2023-12-03,14:39,오페라트루엘시민의숲,2023-12-04,2024-06-03
불법주정차,2023-12-03,14:39,금호서한이다음정문,2023-12-04,2024-06-03
불법주정차,2023-12-03,14:39,대구역 오페라더블유2,2023-12-04,2024-06-03
불법주정차,2023-12-03,14:39,엑스코 앞,2023-12-04,2024-06-03
불법주정차,2023-12-03,14:39,사수동 스타힐즈 육교밑,2023-12-04,2024-06-03
불법주정차,2023-12-03,14:39,고성동3가 6-244 부근 모퉁이,2023-12-06,2024-06-03
불법주정차,2023-12-03,14:39,서변동 941 부근 횡단보도,2023-12-06,2024-06-03
불법주정차,2023-12-03,14:40,대구병원네거리,2023-12-04,2024-06-03
불법주정차,2023-12-03,14:40,대구역 오페라더블유2,2023-12-04,2024-06-03
불법주정차,2023-12-03,14:40,오페라 클래시아,2023-12-04,2024-06-03
불법주정차,2023-12-03,14:40,엑스코 앞,2023-12-04,2024-06-03
불법주정차,2023-12-03,14:40,대구역 오페라더블유1,2023-12-04,2024-06-03
불법주정차,2023-12-03,14:41,대구역 오페라더블유1,2023-12-04,2024-06-03
불법주정차,2023-12-03,14:41,대구역 오페라더블유1,2023-12-04,2024-06-03
불법주정차,2023-12-03,14:42,대구역 오페라더블유1,2023-12-04,2024-06-03
불법주정차,2023-12-03,14:42,NC아울렛 앞 사거리,2023-12-04,2024-06-03
불법주정차,2023-12-03,14:43,성삼우리신협 앞,2023-12-04,2024-06-03
불법주정차,2023-12-03,14:43,대구역 오페라더블유1,2023-12-04,2024-06-03
불법주정차,2023-12-03,14:43,NC아울렛 앞 사거리,2023-12-04,2024-06-03
불법주정차,2023-12-03,14:43,코스트코 주차장 앞,2023-12-04,2024-06-03
불법주정차,2023-12-03,14:43,대구역 오페라더블유1,2023-12-04,2024-06-03
불법주정차,2023-12-03,14:43,성삼우리신협 앞,2023-12-04,2024-06-03
불법주정차,2023-12-03,14:44,대구역 오페라더블유1,2023-12-04,2024-06-03
불법주정차,2023-12-03,14:45,대구역 오페라더블유2,2023-12-04,2024-06-03
불법주정차,2023-12-03,14:46,NC아울렛 앞 사거리,2023-12-04,2024-06-03
불법주정차,2023-12-03,14:47,NC아울렛 앞 사거리,2023-12-04,2024-06-03
불법주정차,2023-12-03,14:48,동천동회전교차로2,2023-12-04,2024-06-03
불법주정차,2023-12-03,14:48,동천동 참약국,2023-12-04,2024-06-03
불법주정차,2023-12-03,14:48,칠성시장교통섬,2023-12-04,2024-06-03
불법주정차,2023-12-03,14:48,NC아울렛 앞 사거리,2023-12-04,2024-06-03
불법주정차,2023-12-03,14:49,새동산산부인과,2023-12-04,2024-06-03
불법주정차,2023-12-03,14:50,고성동2가 37-15 부근 횡단보도,2023-12-06,2024-06-03
불법주정차,2023-12-03,14:51,NC아울렛 앞 사거리,2023-12-04,2024-06-03
불법주정차,2023-12-03,14:52,오페라트루엘시민의숲,2023-12-04,2024-06-03
불법주정차,2023-12-03,14:52,르노삼성자동차 침산점,2023-12-04,2024-06-03
불법주정차,2023-12-03,14:54,유림노르웨이숲,2023-12-04,2024-06-03
불법주정차,2023-12-03,14:54,무지개공영주차장 부근,2023-12-04,2024-06-03
불법주정차,2023-12-03,14:54,동천동회전교차로1,2023-12-04,2024-06-03
불법주정차,2023-12-03,14:55,동천동회전교차로1,2023-12-04,2024-06-03
불법주정차,2023-12-03,14:59,영남네오빌아트 후문,2023-12-04,2024-06-03
불법주정차,2023-12-03,15:00,오페라트루엘시민의숲,2023-12-04,2024-06-03
불법주정차,2023-12-03,15:02,동천동회전교차로1,2023-12-04,2024-06-03
불법주정차,2023-12-03,15:02,대산초등학교,2023-12-04,2024-06-03
불법주정차,2023-12-03,15:02,장보고식자재마트 사거리,2023-12-04,2024-06-03
불법주정차,2023-12-03,15:03,대구역 오페라더블유2,2023-12-04,2024-06-03
불법주정차,2023-12-03,15:03,서변동 1148-1 부근 횡단보도,2023-12-06,2024-06-03
불법주정차,2023-12-03,15:04,동아아울렛 뒷편,2023-12-04,2024-06-03
불법주정차,2023-12-03,15:04,코스트코 주차장 앞,2023-12-04,2024-06-03
불법주정차,2023-12-03,15:07,엑스코 앞,2023-12-04,2024-06-03
불법주정차,2023-12-03,15:10,동천동회전교차로2,2023-12-04,2024-06-03
불법주정차,2023-12-03,15:11,대학로23길,2023-12-04,2024-06-03
불법주정차,2023-12-03,15:12,동천동 참약국,2023-12-04,2024-06-03
불법주정차,2023-12-03,15:12,학정동 474-12 부근 횡단보도,2023-12-06,2024-06-03
불법주정차,2023-12-03,15:13,노원한신더휴 동문,2023-12-04,2024-06-03
불법주정차,2023-12-03,15:14,코스트코 주차장 앞,2023-12-04,2024-06-03
불법주정차,2023-12-03,15:16,서변공영주차장 사거리,2023-12-04,2024-06-03
불법주정차,2023-12-03,15:16,산격동 산 63-7 부근 횡단보도,2023-12-06,2024-06-03
불법주정차,2023-12-03,15:16,동천동 893 부근 인도,2023-12-06,2024-06-03
불법주정차,2023-12-03,15:18,오페라트루엘시민의숲,2023-12-04,2024-06-03
불법주정차,2023-12-03,15:19,NC아울렛 앞 사거리,2023-12-04,2024-06-03
불법주정차,2023-12-03,15:20,유림노르웨이숲,2023-12-04,2024-06-03
불법주정차,2023-12-03,15:20,대구역 오페라더블유1,2023-12-04,2024-06-03
불법주정차,2023-12-03,15:21,동천동회전교차로1,2023-12-04,2024-06-03
불법주정차,2023-12-03,15:23,르노삼성자동차 침산점,2023-12-04,2024-06-03
불법주정차,2023-12-03,15:24,오페라코오롱하늘채 앞,2023-12-04,2024-06-03
불법주정차,2023-12-03,15:24,대학로 파리바게트 부근,2023-12-04,2024-06-03
불법주정차,2023-12-03,15:24,오페라코오롱하늘채 앞,2023-12-04,2024-06-03
불법주정차,2023-12-03,15:25,동천동회전교차로2,2023-12-04,2024-06-03
불법주정차,2023-12-03,15:27,오페라트루엘시민의숲,2023-12-04,2024-06-03
불법주정차,2023-12-03,15:30,새동산산부인과,2023-12-04,2024-06-03
불법주정차,2023-12-03,15:31,대학로 파리바게트 부근,2023-12-04,2024-06-03
불법주정차,2023-12-03,15:31,침산1동회전교차로1,2023-12-04,2024-06-03
불법주정차,2023-12-03,15:32,NC아울렛 앞 사거리,2023-12-04,2024-06-03
불법주정차,2023-12-03,15:32,노원한신더휴 동문,2023-12-04,2024-06-03
불법주정차,2023-12-03,15:33,코스트코 주차장 앞,2023-12-04,2024-06-03
불법주정차,2023-12-03,15:33,칠곡에덴타운건너,2023-12-04,2024-06-03
불법주정차,2023-12-03,15:34,연경 동화아이위시 앞,2023-12-04,2024-06-03
불법주정차,2023-12-03,15:35,NC아울렛 앞 사거리,2023-12-04,2024-06-03
불법주정차,2023-12-03,15:36,NC아울렛 앞 사거리,2023-12-04,2024-06-03
불법주정차,2023-12-03,15:40,엑스코 앞,2023-12-04,2024-06-03
불법주정차,2023-12-03,15:41,침산1동회전교차로1,2023-12-04,2024-06-03
불법주정차,2023-12-03,15:41,엑스코 앞,2023-12-04,2024-06-03
불법주정차,2023-12-03,15:41,산격동 북대구 농협,2023-12-04,2024-06-03
불법주정차,2023-12-03,15:41,동대구시장,2023-12-04,2024-06-03
불법주정차,2023-12-03,15:42,옥산초등학교,2023-12-04,2024-06-03
불법주정차,2023-12-03,15:42,엑스코 앞,2023-12-04,2024-06-03
불법주정차,2023-12-03,15:43,오페라코오롱하늘채 앞,2023-12-04,2024-06-03
불법주정차,2023-12-03,15:43,읍내동 1343 부근 모퉁이,2023-12-06,2024-06-03
불법주정차,2023-12-03,15:44,오페라코오롱하늘채 앞,2023-12-04,2024-06-03
불법주정차,2023-12-03,15:45,산격동 경대북문,2023-12-04,2024-06-03
불법주정차,2023-12-03,15:46,읍내동 1343 부근 횡단보도,2023-12-06,2024-06-03
불법주정차,2023-12-03,15:48,웨딩메르디앙 앞,2023-12-04,2024-06-03
불법주정차,2023-12-03,15:48,노원한신더휴 동문,2023-12-04,2024-06-03
불법주정차,2023-12-03,15:50,코스트코 주차장 앞,2023-12-04,2024-06-03
불법주정차,2023-12-03,15:56,침산1동회전교차로1,2023-12-04,2024-06-03
불법주정차,2023-12-03,15:57,사수동 스타힐즈 육교밑,2023-12-04,2024-06-03
불법주정차,2023-12-03,15:59,동천동회전교차로1,2023-12-04,2024-06-03
불법주정차,2023-12-03,15:59,엑스코 앞,2023-12-04,2024-06-03
불법주정차,2023-12-03,16:00,산격동 1575 부근 횡단보도,2023-12-06,2024-06-03
불법주정차,2023-12-03,16:01,칠성시장교통섬,2023-12-04,2024-06-03
불법주정차,2023-12-03,16:02,태전중석타운 남편 도로,2023-12-04,2024-06-03
불법주정차,2023-12-03,16:06,노원한신더휴 동문,2023-12-04,2024-06-03
불법주정차,2023-12-03,16:06,대산초등학교,2023-12-04,2024-06-03
불법주정차,2023-12-03,16:06,동천동회전교차로1,2023-12-04,2024-06-03
불법주정차,2023-12-03,16:06,농협침산지점앞,2023-12-04,2024-06-03
불법주정차,2023-12-03,16:09,동천동회전교차로2,2023-12-04,2024-06-03
불법주정차,2023-12-03,16:10,산격동 1575 부근 횡단보도,2023-12-06,2024-06-03
불법주정차,2023-12-03,16:10,산격동 1575 부근 횡단보도,2023-12-06,2024-06-03
불법주정차,2023-12-03,16:11,새동산산부인과,2023-12-04,2024-06-03
불법주정차,2023-12-03,16:13,NC아울렛 앞 사거리,2023-12-04,2024-06-03
불법주정차,2023-12-03,16:14,오페라코오롱하늘채 앞,2023-12-04,2024-06-03
불법주정차,2023-12-03,16:14,동천동 896-1 부근 인도,2023-12-06,2024-06-03
불법주정차,2023-12-03,16:16,경진초등학교,2023-12-04,2024-06-03
불법주정차,2023-12-03,16:16,대구역 오페라더블유1,2023-12-04,2024-06-03
불법주정차,2023-12-03,16:20,대구병원네거리,2023-12-04,2024-06-03
불법주정차,2023-12-03,16:21,노원한신더휴 동문,2023-12-04,2024-06-03
불법주정차,2023-12-03,16:21,코스트코 주차장 앞,2023-12-04,2024-06-03
불법주정차,2023-12-03,16:22,복현동 376-26 부근 인도,2023-12-06,2024-06-03
불법주정차,2023-12-03,16:23,코스트코 주차장 앞,2023-12-04,2024-06-03
불법주정차,2023-12-03,16:25,새동산산부인과,2023-12-04,2024-06-03
불법주정차,2023-12-03,16:26,칠곡우방타운 삼거리,2023-12-04,2024-06-03
불법주정차,2023-12-03,16:26,대구병원네거리,2023-12-04,2024-06-03
불법주정차,2023-12-03,16:28,명성푸르지오 앞,2023-12-04,2024-06-03
불법주정차,2023-12-03,16:32,엑스코 앞,2023-12-04,2024-06-03
불법주정차,2023-12-03,16:34,대학로 파리바게트 부근,2023-12-04,2024-06-03
불법주정차,2023-12-03,16:34,르노삼성자동차 침산점,2023-12-04,2024-06-03
불법주정차,2023-12-03,16:34,장보고식자재마트 사거리,2023-12-04,2024-06-03
불법주정차,2023-12-03,16:35,침산1동회전교차로1,2023-12-04,2024-06-03
불법주정차,2023-12-03,16:37,대구역 오페라더블유2,2023-12-04,2024-06-03
불법주정차,2023-12-03,16:37,오페라트루엘시민의숲,2023-12-04,2024-06-03
불법주정차,2023-12-03,16:37,코스트코 주차장 앞,2023-12-04,2024-06-03
불법주정차,2023-12-03,16:42,대구역 오페라더블유1,2023-12-04,2024-06-03
불법주정차,2023-12-03,16:43,복현동 시티병원,2023-12-04,2024-06-03
불법주정차,2023-12-03,16:45,노원한신더휴 동문,2023-12-04,2024-06-03
불법주정차,2023-12-03,16:45,노원동주민센터 사거리,2023-12-04,2024-06-03
불법주정차,2023-12-03,16:46,오페라 클래시아,2023-12-04,2024-06-03
불법주정차,2023-12-03,16:46,엑스코 앞,2023-12-04,2024-06-03
불법주정차,2023-12-03,16:47,NC아울렛 앞 사거리,2023-12-04,2024-06-03
불법주정차,2023-12-03,16:47,노원한신더휴 동문,2023-12-04,2024-06-03
불법주정차,2023-12-03,16:47,엑스코 앞,2023-12-04,2024-06-03
불법주정차,2023-12-03,16:47,복현동 376-20 부근 인도,2023-12-06,2024-06-03
불법주정차,2023-12-03,16:48,대학로23길,2023-12-04,2024-06-03
불법주정차,2023-12-03,16:48,동천동회전교차로2,2023-12-04,2024-06-03
불법주정차,2023-12-03,16:59,산격동 478-25 부근 횡단보도,2023-12-07,2024-06-03
불법주정차,2023-12-03,17:00,산격동 478-26 부근 횡단보도,2023-12-07,2024-06-03
불법주정차,2023-12-03,18:17,칠성동2가 302-114 부근 소화전,2023-12-06,2024-06-03
불법주정차,2023-12-03,18:43,침산동 260-2 부근 모퉁이,2023-12-06,2024-06-03
불법주정차,2023-12-03,18:58,침산동 456-7 부근 인도,2023-12-06,2024-06-03
불법주정차,2023-12-03,19:14,서변동 1148-1 부근 횡단보도,2023-12-06,2024-06-03
불법주정차,2023-12-03,19:26,동천동 907-5 부근 인도,2023-12-06,2024-06-03
불법주정차,2023-12-03,19:35,구암동 685 부근 횡단보도,2023-12-06,2024-06-03
불법주정차,2023-12-03,19:53,동천동 910-4 부근 횡단보도,2023-12-06,2024-06-03
불법주정차,2023-12-03,20:10,관음동 1233-31 부근 횡단보도,2023-12-06,2024-06-03
불법주정차,2023-12-03,20:11,구암동 768 부근 소화전,2023-12-06,2024-06-03
불법주정차,2023-12-03,20:24,태전동 1023-19 부근 횡단보도,2023-12-06,2024-06-03
불법주정차,2023-12-03,21:25,고성동2가 112-64 부근 횡단보도,2023-12-06,2024-06-03
불법주정차,2023-12-03,21:35,태전동 215-2 부근 버스정류소,2023-12-06,2024-06-03
불법주정차,2023-12-03,21:37,태전동 255-9 부근 횡단보도,2023-12-06,2024-06-03
불법주정차,2023-12-03,22:16,구암동 663-9 부근 횡단보도,2023-12-06,2024-06-03
불법주정차,2023-12-03,23:26,침산동 85-4 부근 소화전,2023-12-06,2024-06-03
불법주정차,2023-12-04,07:01,연경 동화아이위시 앞,2023-12-05,2024-06-03
불법주정차,2023-12-04,07:01,동천동회전교차로2,2023-12-05,2024-06-03
불법주정차,2023-12-04,07:03,금정공원(보행자우선거리,2023-12-05,2024-06-03
불법주정차,2023-12-04,07:03,침산1동회전교차로1,2023-12-05,2024-06-03
불법주정차,2023-12-04,07:04,침산1동회전교차로1,2023-12-05,2024-06-03
불법주정차,2023-12-04,07:04,운암초등학교,2023-12-05,2024-06-03
불법주정차,2023-12-04,07:04,교동초등학교,2023-12-05,2024-06-03
불법주정차,2023-12-04,07:05,오페라코오롱하늘채 앞,2023-12-05,2024-06-03
불법주정차,2023-12-04,07:05,대구역 오페라더블유2,2023-12-05,2024-06-03
불법주정차,2023-12-04,07:05,함지초등학교,2023-12-05,2024-06-03
불법주정차,2023-12-04,07:05,침산1동회전교차로2,2024-05-28,2024-06-03
불법주정차,2023-12-04,07:06,경진초등학교,2023-12-05,2024-06-03
불법주정차,2023-12-04,07:08,칠곡우방타운 삼거리,2023-12-05,2024-06-03
불법주정차,2023-12-04,07:10,팔달초등학교,2023-12-05,2024-06-03
불법주정차,2023-12-04,07:11,NC아울렛 앞 사거리,2023-12-05,2024-06-03
불법주정차,2023-12-04,07:17,고성동1가 칠성남로 부근,2023-12-05,2024-06-03
불법주정차,2023-12-04,07:17,고성동1가 113-20 부근,2023-12-05,2024-06-03
불법주정차,2023-12-04,07:17,고성동1가 113-20 부근,2023-12-05,2024-06-03
불법주정차,2023-12-04,07:18,대구역 오페라더블유2,2023-12-26,2024-06-03
불법주정차,2023-12-04,07:18,고성동1가 113-20 부근,2023-12-05,2024-06-03
불법주정차,2023-12-04,07:18,고성동1가 113-20 부근,2023-12-05,2024-06-03
불법주정차,2023-12-04,07:18,고성동1가 113-20 부근,2023-12-05,2024-06-03
불법주정차,2023-12-04,07:18,고성동1가 113-20 부근,2023-12-05,2024-06-03
불법주정차,2023-12-04,07:18,고성동1가 113-20 부근,2023-12-05,2024-06-03
불법주정차,2023-12-04,07:18,고성동1가 113-20 부근,2023-12-05,2024-06-03
불법주정차,2023-12-04,07:18,고성동1가 158-3 부근,2023-12-05,2024-06-03
불법주정차,2023-12-04,07:18,고성동1가 158-3 부근,2023-12-05,2024-06-03
불법주정차,2023-12-04,07:18,고성동1가 158-3 부근,2023-12-05,2024-06-03
불법주정차,2023-12-04,07:20,산격동 대학로 부근,2023-12-05,2024-06-03
불법주정차,2023-12-04,07:20,고성동1가 칠성남로50 부근,2023-12-05,2024-06-03
불법주정차,2023-12-04,07:21,고성동1가 칠성남로50 부근,2023-12-05,2024-06-03
불법주정차,2023-12-04,07:21,고성동1가 칠성남로50 부근,2023-12-05,2024-06-03
불법주정차,2023-12-04,07:21,고성동1가 칠성남로50 부근,2023-12-05,2024-06-03
불법주정차,2023-12-04,07:23,태전동 학정로 부근,2023-12-05,2024-06-03
불법주정차,2023-12-04,07:25,복현동 검단로 부근,2023-12-05,2024-06-03
불법주정차,2023-12-04,07:26,복현동 복현로 부근,2023-12-05,2024-06-03
불법주정차,2023-12-04,07:28,학남초등학교 앞 사거리,2023-12-05,2024-06-03
불법주정차,2023-12-04,07:28,태전동 칠곡중앙대로52길 부근,2023-12-05,2024-06-03
불법주정차,2023-12-04,07:29,구암동 태암남로11길 부근,2023-12-05,2024-06-03
불법주정차,2023-12-04,07:30,금호서한이다음정문,2023-12-05,2024-06-03
불법주정차,2023-12-04,07:30,태전동 학정로 부근,2023-12-05,2024-06-03
불법주정차,2023-12-04,07:31,태전동 칠곡중앙대로46길 부근,2023-12-05,2024-06-03
불법주정차,2023-12-04,07:31,태전동 칠곡중앙대로52길 부근,2023-12-05,2024-06-03
불법주정차,2023-12-04,07:32,태전동 태암남로 부근,2023-12-05,2024-06-03
불법주정차,2023-12-04,07:33,금호동 한강로 부근,2023-12-05,2024-06-03
불법주정차,2023-12-04,07:33,금호동 한강로7길 부근,2023-12-05,2024-06-03
불법주정차,2023-12-04,07:35,유림노르웨이숲,2023-12-05,2024-06-03
불법주정차,2023-12-04,07:35,사수동 898 부근,2023-12-05,2024-06-03
불법주정차,2023-12-04,07:36,침산동 233-3 부근,2023-12-07,2024-06-03
불법주정차,2023-12-04,07:38,칠성시장교통섬,2023-12-05,2024-06-03
불법주정차,2023-12-04,07:38,사수동 한강로 부근,2023-12-05,2024-06-03
불법주정차,2023-12-04,07:41,사수동 728 부근,2023-12-05,2024-06-03
불법주정차,2023-12-04,07:41,사수동 728 부근,2023-12-05,2024-06-03
불법주정차,2023-12-04,07:42,사수동 728 부근,2023-12-05,2024-06-03
불법주정차,2023-12-04,07:44,검단동 검단공단로 부근,2023-12-05,2024-06-03
불법주정차,2023-12-04,07:44,침산동 233-3 부근,2023-12-07,2024-06-03
불법주정차,2023-12-04,07:45,검단동 검단공단로 부근,2023-12-05,2024-06-03
불법주정차,2023-12-04,07:46,산격동 유통단지로 부근,2023-12-05,2024-06-03
불법주정차,2023-12-04,07:46,산격동 유통단지로8길 부근,2023-12-05,2024-06-03
불법주정차,2023-12-04,07:46,산격동 유통단지로8길 부근,2023-12-05,2024-06-03
불법주정차,2023-12-04,07:47,구암동 팔거천동로 부근,2023-12-05,2024-06-03
불법주정차,2023-12-04,07:48,구암동 팔거천동로 부근,2023-12-05,2024-06-03
불법주정차,2023-12-04,07:48,구암동 팔거천동로 부근,2023-12-05,2024-06-03
불법주정차,2023-12-04,07:48,팔달동 매천로2길 부근,2023-12-05,2024-06-03
불법주정차,2023-12-04,07:48,산격동 검단로 부근,2024-05-27,2024-06-03
불법주정차,2023-12-04,07:49,산격동 유통단지로8길 부근,2024-01-05,2024-06-03
불법주정차,2023-12-04,07:50,산격동 유통단지로8길 부근,2023-12-05,2024-06-03
불법주정차,2023-12-04,07:51,동천동 팔거천동로 부근,2023-12-05,2024-06-03
불법주정차,2023-12-04,07:51,노원동1가 509 부근 소화전,2023-12-07,2024-06-03
불법주정차,2023-12-04,07:54,동천동 팔거천동로 부근,2023-12-05,2024-06-03
불법주정차,2023-12-04,07:55,학남초등학교 앞 사거리,2023-12-05,2024-06-03
불법주정차,2023-12-04,07:55,구암동 팔거천동로 부근,2023-12-05,2024-06-03
불법주정차,2023-12-04,07:56,구암동 팔거천동로 부근,2023-12-05,2024-06-03
불법주정차,2023-12-04,07:57,매천동 칠곡중앙대로 부근,2023-12-05,2024-06-03
불법주정차,2023-12-04,07:59,동아아울렛 뒷편,2023-12-05,2024-06-03
불법주정차,2023-12-04,08:03,동변공원 사거리,2023-12-18,2024-06-03
불법주정차,2023-12-04,08:03,진성유치원 삼거리,2023-12-05,2024-06-03
불법주정차,2023-12-04,08:05,진성유치원 삼거리,2023-12-05,2024-06-03
불법주정차,2023-12-04,08:07,오페라 클래시아,2023-12-05,2024-06-03
불법주정차,2023-12-04,08:08,동변공원 사거리,2023-12-05,2024-06-03
불법주정차,2023-12-04,08:10,동변공원 사거리,2023-12-05,2024-06-03
불법주정차,2023-12-04,08:11,오페라 클래시아,2023-12-05,2024-06-03
불법주정차,2023-12-04,08:21,침산1동회전교차로1,2023-12-05,2024-06-03
불법주정차,2023-12-04,08:27,서변동 1754 부근 횡단보도,2023-12-07,2024-06-03
불법주정차,2023-12-04,08:29,고성동2가 116-2 부근 인도,2023-12-07,2024-06-03
불법주정차,2023-12-04,08:36,서변공영주차장 사거리,2023-12-05,2024-06-03
불법주정차,2023-12-04,08:37,태전초등학교,2023-12-05,2024-06-03
불법주정차,2023-12-04,08:37,산격동 478-70 부근 모퉁이,2023-12-07,2024-06-03
불법주정차,2023-12-04,08:41,유림노르웨이숲,2023-12-05,2024-06-03
불법주정차,2023-12-04,08:48,서변동 1725 부근 모퉁이,2023-12-07,2024-06-03
불법주정차,2023-12-04,08:57,노원한신더휴 동문,2023-12-05,2024-06-03
불법주정차,2023-12-04,08:58,동평초등학교네거리,2023-12-05,2024-06-03
불법주정차,2023-12-04,09:01,칠성시장교통섬,2023-12-05,2024-06-03
불법주정차,2023-12-04,09:02,유림노르웨이숲,2023-12-05,2024-06-03
불법주정차,2023-12-04,09:12,서변동 1795 부근 횡단보도,2023-12-07,2024-06-03
불법주정차,2023-12-04,09:15,고성동2가 130,2023-12-05,2024-06-03
불법주정차,2023-12-04,09:20,오페라코오롱하늘채 앞,2023-12-05,2024-06-03
불법주정차,2023-12-04,09:20,노원동2가 85-4 부근 횡단보도,2023-12-07,2024-06-03
불법주정차,2023-12-04,09:23,서변동 954 부근 인도,2023-12-07,2024-06-03
불법주정차,2023-12-04,09:24,칠성시장교통섬,2023-12-05,2024-06-03
불법주정차,2023-12-04,09:34,새동산산부인과,2023-12-05,2024-06-03
불법주정차,2023-12-04,09:37,노원한신더휴 남문,2023-12-05,2024-06-03
불법주정차,2023-12-04,09:41,서변공영주차장 사거리,2023-12-05,2024-06-03
불법주정차,2023-12-04,09:47,새동산산부인과,2023-12-05,2024-06-03
불법주정차,2023-12-04,09:48,농협침산지점앞,2023-12-05,2024-06-03
불법주정차,2023-12-04,09:55,복현동 시티병원,2023-12-05,2024-06-03
불법주정차,2023-12-04,10:04,구암동 770-1 부근 횡단보도,2023-12-07,2024-06-03
불법주정차,2023-12-04,10:06,동천동 참약국,2023-12-05,2024-06-03
불법주정차,2023-12-04,10:09,팔달신시장 오내과,2023-12-05,2024-06-03
불법주정차,2023-12-04,10:19,매천동 527-3 부근 인도,2023-12-07,2024-06-03
불법주정차,2023-12-04,10:23,매천동 매전로4길 부근,2023-12-05,2024-06-03
불법주정차,2023-12-04,10:24,매천동 매전로4길 부근,2023-12-05,2024-06-03
불법주정차,2023-12-04,10:26,대산초등학교,2023-12-05,2024-06-03
불법주정차,2023-12-04,10:26,태전동 매전로 부근,2023-12-05,2024-06-03
불법주정차,2023-12-04,10:26,태전동 학정로 부근,2023-12-05,2024-06-03
불법주정차,2023-12-04,10:26,태전동 학정로 부근,2023-12-05,2024-06-03
불법주정차,2023-12-04,10:29,새동산산부인과,2023-12-05,2024-06-03
불법주정차,2023-12-04,10:38,침산동 133-40 부근 모퉁이,2023-12-07,2024-06-03
불법주정차,2023-12-04,10:40,서변공영주차장 사거리,2023-12-05,2024-06-03
불법주정차,2023-12-04,10:42,태전동 칠곡중앙대로53길 부근,2023-12-05,2024-06-03
불법주정차,2023-12-04,10:42,태전동 칠곡중앙대로55길 부근,2023-12-05,2024-06-03
불법주정차,2023-12-04,10:44,태전동 칠곡중앙대로53길 부근,2023-12-05,2024-06-03
불법주정차,2023-12-04,10:44,태전동 칠곡중앙대로53길 부근,2023-12-05,2024-06-03
불법주정차,2023-12-04,10:44,태전동 칠곡중앙대로53길 부근,2023-12-05,2024-06-03
불법주정차,2023-12-04,10:44,태전동 칠곡중앙대로53길 부근,2023-12-05,2024-06-03
불법주정차,2023-12-04,10:45,복현동 동북로57길 부근,2023-12-05,2024-06-03
불법주정차,2023-12-04,10:46,서변공영주차장 사거리,2023-12-05,2024-06-03
불법주정차,2023-12-04,10:49,태전동 37-1 부근,2023-12-05,2024-06-03
불법주정차,2023-12-04,10:53,태전동 매천로 부근,2023-12-05,2024-06-03
불법주정차,2023-12-04,10:53,복현동 동북로65길 부근,2023-12-05,2024-06-03
불법주정차,2023-12-04,10:58,복현동 동북로 288,2023-12-05,2024-06-03
불법주정차,2023-12-04,11:05,대학로 파리바게트 부근,2023-12-05,2024-06-03
불법주정차,2023-12-04,11:09,학정동 칠곡중앙대로136길 부근,2023-12-05,2024-06-03
불법주정차,2023-12-04,11:09,학정동 칠곡중앙대로136길 부근,2023-12-05,2024-06-03
불법주정차,2023-12-04,11:10,학정동 칠곡중앙대로136길 부근,2023-12-05,2024-06-03
불법주정차,2023-12-04,11:12,학정동 칠곡중앙대로136길 부근,2023-12-05,2024-06-03
불법주정차,2023-12-04,11:12,학정동 칠곡중앙대로136길 부근,2023-12-05,2024-06-03
불법주정차,2023-12-04,11:12,학정동 칠곡중앙대로136길 부근,2023-12-05,2024-06-03
불법주정차,2023-12-04,11:12,학정동 칠곡중앙대로136길 부근,2023-12-05,2024-06-03
불법주정차,2023-12-04,11:12,학정동 칠곡중앙대로136길 부근,2024-04-24,2024-06-03
불법주정차,2023-12-04,11:13,동호동 칠곡중앙대로136길 부근,2023-12-05,2024-06-03
불법주정차,2023-12-04,11:15,산격동 대학로 부근,2023-12-05,2024-06-03
불법주정차,2023-12-04,11:15,산격동 대학로 부근,2023-12-05,2024-06-03
불법주정차,2023-12-04,11:16,산격동 산격로8길 부근,2023-12-05,2024-06-03
불법주정차,2023-12-04,11:16,학정동 칠곡중앙대로136길 부근,2023-12-05,2024-06-03
불법주정차,2023-12-04,11:16,학정동 칠곡중앙대로136길 부근,2023-12-05,2024-06-03
불법주정차,2023-12-04,11:17,학정동 칠곡중앙대로136길 부근,2023-12-05,2024-06-03
불법주정차,2023-12-04,11:17,학정동 칠곡중앙대로136길 부근,2023-12-05,2024-06-03
불법주정차,2023-12-04,11:17,학정동 474 부근,2023-12-05,2024-06-03
불법주정차,2023-12-04,11:17,학정동 474 부근,2023-12-05,2024-06-03
불법주정차,2023-12-04,11:18,산격동 산격로6길 부근,2023-12-05,2024-06-03
불법주정차,2023-12-04,11:20,동호동 팔거천동로 부근,2023-12-05,2024-06-03
불법주정차,2023-12-04,11:21,동호동 팔거천동로 부근,2023-12-05,2024-06-03
불법주정차,2023-12-04,11:21,동호동 팔거천동로 부근,2023-12-05,2024-06-03
불법주정차,2023-12-04,11:21,태전동 1068 부근 횡단보도,2023-12-07,2024-06-03
불법주정차,2023-12-04,11:22,동호동 팔거천동로 부근,2023-12-05,2024-06-03
불법주정차,2023-12-04,11:23,산격동 대학로 부근,2023-12-05,2024-06-03
불법주정차,2023-12-04,11:23,산격동 대학로 부근,2023-12-05,2024-06-03
불법주정차,2023-12-04,11:23,태전동 1221 부근 횡단보도,2023-12-07,2024-06-03
불법주정차,2023-12-04,11:24,동호동 팔거천동로 부근,2023-12-05,2024-06-03
불법주정차,2023-12-04,11:26,침산동 118-22 부근 소화전,2023-12-07,2024-06-03
불법주정차,2023-12-04,11:28,대학로 파리바게트 부근,2023-12-05,2024-06-03
불법주정차,2023-12-04,11:53,산격동 유통단지로 부근,2023-12-05,2024-06-03
불법주정차,2023-12-04,11:53,산격동 유통단지로 부근,2024-05-27,2024-06-03
불법주정차,2023-12-04,11:59,산격동 유통단지로 부근,2023-12-05,2024-06-03
불법주정차,2023-12-04,11:59,산격동 유통단지로 부근,2023-12-05,2024-06-03
불법주정차,2023-12-04,12:00,산격동 유통단지로 부근,2023-12-05,2024-06-03
불법주정차,2023-12-04,12:09,고성동3가 6-63 부근 모퉁이,2023-12-07,2024-06-03
불법주정차,2023-12-04,12:23,구암동 773-1 부근 횡단보도,2023-12-07,2024-06-03
불법주정차,2023-12-04,12:26,산격동 1574 부근 횡단보도,2023-12-07,2024-06-03
불법주정차,2023-12-04,12:27,산격동 1767 부근 횡단보도,2023-12-07,2024-06-03
불법주정차,2023-12-04,12:33,학정동 953-2 부근 횡단보도,2023-12-07,2024-06-03
불법주정차,2023-12-04,12:34,산격동 165-1 부근 인도,2023-12-07,2024-06-03
불법주정차,2023-12-04,12:44,서변동 1148-1 부근 횡단보도,2023-12-07,2024-06-03
불법주정차,2023-12-04,12:54,사수동 908 부근 횡단보도,2023-12-07,2024-06-03
불법주정차,2023-12-04,13:02,태전동 409-18 부근 인도,2023-12-07,2024-06-03
불법주정차,2023-12-04,13:03,사수동 962 부근 횡단보도,2023-12-07,2024-06-03
불법주정차,2023-12-04,13:05,태전동 409-21 부근 인도,2023-12-07,2024-06-03
불법주정차,2023-12-04,13:06,사수동 963 부근 횡단보도,2023-12-07,2024-06-03
불법주정차,2023-12-04,13:23,대학로23길,2023-12-05,2024-06-03
불법주정차,2023-12-04,13:50,무지개공영주차장 부근,2023-12-05,2024-06-03
불법주정차,2023-12-04,14:06,산격동 1397-15 부근,2023-12-07,2024-06-03
불법주정차,2023-12-04,14:10,대학로 파리바게트 부근,2023-12-05,2024-06-03
불법주정차,2023-12-04,14:30,칠성동2가 칠성남로30길 부근,2023-12-05,2024-06-03
불법주정차,2023-12-04,14:30,칠성동2가 칠성남로38길 부근,2023-12-05,2024-06-03
불법주정차,2023-12-04,14:30,칠성동2가 칠성남로38길 부근,2023-12-05,2024-06-03
불법주정차,2023-12-04,14:30,칠성동2가 칠성남로38길 부근,2023-12-05,2024-06-03
불법주정차,2023-12-04,14:31,새동산산부인과,2023-12-05,2024-06-03
불법주정차,2023-12-04,14:31,칠성동2가 칠성남로 부근,2023-12-05,2024-06-03
불법주정차,2023-12-04,14:31,칠성동2가 칠성남로 부근,2023-12-05,2024-06-03
불법주정차,2023-12-04,14:32,칠성동2가 칠성남로 부근,2023-12-05,2024-06-03
불법주정차,2023-12-04,14:33,대학로 파리바게트 부근,2023-12-05,2024-06-03
불법주정차,2023-12-04,14:33,칠성동2가 칠성남로29길 부근,2023-12-05,2024-06-03
불법주정차,2023-12-04,14:34,칠성동2가 중앙대로 부근,2023-12-05,2024-06-03
불법주정차,2023-12-04,14:34,칠성동2가 중앙대로106길 부근,2023-12-05,2024-06-03
불법주정차,2023-12-04,14:35,칠성동2가 중앙대로106길 부근,2023-12-05,2024-06-03
불법주정차,2023-12-04,14:35,칠성동2가 중앙대로106길 부근,2023-12-05,2024-06-03
불법주정차,2023-12-04,14:35,칠성동2가 중앙대로106길 부근,2023-12-05,2024-06-03
불법주정차,2023-12-04,14:36,오페라코오롱하늘채 앞,2023-12-05,2024-06-03
불법주정차,2023-12-04,14:36,침산1동회전교차로1,2023-12-05,2024-06-03
불법주정차,2023-12-04,14:36,산격동 유통단지로14길 부근,2023-12-05,2024-06-03
불법주정차,2023-12-04,14:36,산격동 120 부근 횡단보도,2023-12-07,2024-06-03
불법주정차,2023-12-04,14:37,칠곡초등학교,2023-12-05,2024-06-03
불법주정차,2023-12-04,14:37,금정공원(보행자우선거리,2023-12-05,2024-06-03
불법주정차,2023-12-04,14:38,관천초등학교,2023-12-05,2024-06-03
불법주정차,2023-12-04,14:40,연경동 동화천로 부근,2023-12-05,2024-06-03
불법주정차,2023-12-04,14:40,연경동 동화천로 부근,2023-12-05,2024-06-03
불법주정차,2023-12-04,14:40,연경동 동화천로 부근,2023-12-05,2024-06-03
불법주정차,2023-12-04,14:41,연경동 동화천로 부근,2023-12-05,2024-06-03
불법주정차,2023-12-04,14:41,칠성동2가 중앙대로 부근,2023-12-05,2024-06-03
불법주정차,2023-12-04,14:41,칠성동2가 중앙대로 부근,2023-12-05,2024-06-03
불법주정차,2023-12-04,14:41,칠성동2가 중앙대로 부근,2023-12-05,2024-06-03
불법주정차,2023-12-04,14:42,농협침산지점앞,2023-12-05,2024-06-03
불법주정차,2023-12-04,14:42,팔달동 대구수산시장,2023-12-05,2024-06-03
불법주정차,2023-12-04,14:43,산격동 유통단지로 부근,2023-12-05,2024-06-03
불법주정차,2023-12-04,14:43,산격동 유통단지로 부근,2023-12-05,2024-06-03
불법주정차,2023-12-04,14:43,칠성동2가 호암로 부근,2023-12-05,2024-06-03
불법주정차,2023-12-04,14:45,산격동 유통단지로 부근,2023-12-05,2024-06-03
불법주정차,2023-12-04,14:45,사수동 953 부근 모퉁이,2023-12-07,2024-06-03
불법주정차,2023-12-04,14:46,복현e편한세상 정문,2023-12-05,2024-06-03
불법주정차,2023-12-04,14:50,대구역 오페라더블유2,2023-12-05,2024-06-03
불법주정차,2023-12-04,14:51,동아아울렛 뒷편,2023-12-05,2024-06-03
불법주정차,2023-12-04,14:53,오페라 클래시아,2023-12-05,2024-06-03
불법주정차,2023-12-04,14:53,연경동 동화천로 부근,2023-12-05,2024-06-03
불법주정차,2023-12-04,14:53,연경동 동화천로 부근,2023-12-05,2024-06-03
불법주정차,2023-12-04,14:56,국우동 1109-5 부근 횡단보도,2023-12-07,2024-06-03
불법주정차,2023-12-04,14:59,북부초등학교,2023-12-05,2024-06-03
불법주정차,2023-12-04,15:01,고성동2가 고성로 부근,2023-12-05,2024-06-03
불법주정차,2023-12-04,15:02,고성동3가 고성북로 부근,2023-12-05,2024-06-03
불법주정차,2023-12-04,15:02,고성동3가 고성북로 부근,2023-12-05,2024-06-03
불법주정차,2023-12-04,15:03,칠성시장교통섬,2023-12-05,2024-06-03
불법주정차,2023-12-04,15:03,칠성초등학교,2023-12-05,2024-06-03
불법주정차,2023-12-04,15:03,노원한신더휴 동문,2023-12-05,2024-06-03
불법주정차,2023-12-04,15:03,산격동 유통단지로 부근,2023-12-05,2024-06-03
불법주정차,2023-12-04,15:03,고성동3가 고성북로 부근,2023-12-05,2024-06-03
불법주정차,2023-12-04,15:04,노원한신더휴 남문,2023-12-05,2024-06-03
불법주정차,2023-12-04,15:05,새동산산부인과,2023-12-05,2024-06-03
불법주정차,2023-12-04,15:05,산격동 유통단지로 부근,2023-12-05,2024-06-03
불법주정차,2023-12-04,15:10,새동산산부인과,2023-12-05,2024-06-03
불법주정차,2023-12-04,15:13,농협침산지점앞,2023-12-05,2024-06-03
불법주정차,2023-12-04,15:13,진성유치원 삼거리,2023-12-05,2024-06-03
불법주정차,2023-12-04,15:13,농협침산지점앞,2023-12-05,2024-06-03
불법주정차,2023-12-04,15:13,산격동 유통단지로 부근,2023-12-05,2024-06-03
불법주정차,2023-12-04,15:16,산격동 유통단지로8길 부근,2023-12-05,2024-06-03
불법주정차,2023-12-04,15:16,산격동 유통단지로8길 부근,2023-12-05,2024-06-03
불법주정차,2023-12-04,15:16,산격동 유통단지로 부근,2023-12-05,2024-06-03
불법주정차,2023-12-04,15:17,새동산산부인과,2023-12-05,2024-06-03
불법주정차,2023-12-04,15:17,산격동 유통단지로 부근,2023-12-05,2024-06-03
불법주정차,2023-12-04,15:17,산격동 유통단지로 부근,2023-12-05,2024-06-03
불법주정차,2023-12-04,15:22,서변공영주차장 사거리,2023-12-05,2024-06-03
불법주정차,2023-12-04,15:25,산격동 120 부근 횡단보도,2023-12-07,2024-06-03
불법주정차,2023-12-04,15:26,매천동 718 부근 횡단보도,2023-12-07,2024-06-03
불법주정차,2023-12-04,15:29,동천동 참약국,2023-12-05,2024-06-03
불법주정차,2023-12-04,15:29,산격동 유통단지로 부근,2023-12-05,2024-06-03
불법주정차,2023-12-04,15:29,산격동 유통단지로 부근,2023-12-05,2024-06-03
불법주정차,2023-12-04,15:29,산격동 유통단지로 부근,2023-12-05,2024-06-03
불법주정차,2023-12-04,15:29,산격동 검단로 부근,2023-12-05,2024-06-03
불법주정차,2023-12-04,15:29,산격동 검단로 부근,2023-12-05,2024-06-03
불법주정차,2023-12-04,15:30,팔달신시장 오내과,2023-12-05,2024-06-03
불법주정차,2023-12-04,15:31,산격동 유통단지로8길 부근,2023-12-05,2024-06-03
불법주정차,2023-12-04,15:31,산격동 유통단지로8길 부근,2023-12-05,2024-06-03
불법주정차,2023-12-04,15:34,관천초등학교,2023-12-05,2024-06-03
불법주정차,2023-12-04,15:34,침산동 성북로 부근,2023-12-05,2024-06-03
불법주정차,2023-12-04,15:34,침산동 성북로 부근,2023-12-05,2024-06-03
불법주정차,2023-12-04,15:34,침산동 성북로 부근,2023-12-05,2024-06-03
불법주정차,2023-12-04,15:36,대구역 오페라더블유2,2023-12-05,2024-06-03
불법주정차,2023-12-04,15:36,침산동 성북로 부근,2023-12-05,2024-06-03
불법주정차,2023-12-04,15:36,침산동 성북로 부근,2023-12-05,2024-06-03
불법주정차,2023-12-04,15:37,노원한신더휴 남문,2023-12-05,2024-06-03
불법주정차,2023-12-04,15:37,침산동 성북로 부근,2023-12-05,2024-06-03
불법주정차,2023-12-04,15:37,침산동 성북로 부근,2023-12-05,2024-06-03
불법주정차,2023-12-04,15:38,노원한신더휴 남문,2023-12-05,2024-06-03
불법주정차,2023-12-04,15:38,산격동 유통단지로 부근,2023-12-05,2024-06-03
불법주정차,2023-12-04,15:38,산격동 유통단지로 부근,2023-12-05,2024-06-03
불법주정차,2023-12-04,15:41,침산1동회전교차로1,2023-12-05,2024-06-03
불법주정차,2023-12-04,15:41,침산동 성북로9길 부근,2023-12-05,2024-06-03
불법주정차,2023-12-04,15:41,침산동 성북로9길 부근,2023-12-05,2024-06-03
불법주정차,2023-12-04,15:41,침산동 성북로9길 부근,2023-12-05,2024-06-03
불법주정차,2023-12-04,15:42,동천동회전교차로2,2023-12-05,2024-06-03
불법주정차,2023-12-04,15:42,침산동 성북로9길 부근,2023-12-05,2024-06-03
불법주정차,2023-12-04,15:44,동호동 팔거천동로 부근,2023-12-05,2024-06-03
불법주정차,2023-12-04,15:44,동호동 팔거천동로 부근,2023-12-05,2024-06-03
불법주정차,2023-12-04,15:44,동호동 팔거천동로 부근,2023-12-05,2024-06-03
불법주정차,2023-12-04,15:45,칠성시장교통섬,2023-12-05,2024-06-03
불법주정차,2023-12-04,15:48,학정동 칠곡중앙대로136길 부근,2023-12-05,2024-06-03
불법주정차,2023-12-04,15:48,학정동 칠곡중앙대로136길 부근,2023-12-05,2024-06-03
불법주정차,2023-12-04,15:48,학정동 칠곡중앙대로136길 부근,2023-12-05,2024-06-03
불법주정차,2023-12-04,15:48,학정동 칠곡중앙대로136길 부근,2023-12-05,2024-06-03
불법주정차,2023-12-04,15:48,침산동 침산남로 부근,2023-12-05,2024-06-03
불법주정차,2023-12-04,15:48,침산동 침산남로 부근,2023-12-05,2024-06-03
불법주정차,2023-12-04,15:48,침산동 침산남로 부근,2023-12-05,2024-06-03
불법주정차,2023-12-04,15:51,동호동 칠곡중앙대로136길 부근,2023-12-05,2024-06-03
불법주정차,2023-12-04,15:52,노원한신더휴 동문,2023-12-05,2024-06-03
불법주정차,2023-12-04,15:52,동천동회전교차로1,2023-12-05,2024-06-03
불법주정차,2023-12-04,15:52,경진초등학교,2023-12-05,2024-06-03
불법주정차,2023-12-04,15:53,태전동 1227 부근 모퉁이,2023-12-07,2024-06-03
불법주정차,2023-12-04,15:53,태전동 1227 부근 모퉁이,2023-12-07,2024-06-03
불법주정차,2023-12-04,15:53,태전동 1227 부근 모퉁이,2024-05-23,2024-06-03
불법주정차,2023-12-04,15:54,사수동 908 부근 횡단보도,2023-12-07,2024-06-03
불법주정차,2023-12-04,15:59,관천초등학교,2023-12-05,2024-06-03
불법주정차,2023-12-04,16:04,칠성시장교통섬,2023-12-05,2024-06-03
불법주정차,2023-12-04,16:05,산격동 산격로19길 부근,2023-12-05,2024-06-03
불법주정차,2023-12-04,16:05,산격동 산격로19길 부근,2023-12-05,2024-06-03
불법주정차,2023-12-04,16:05,동천동 971-1 부근 횡단보도,2023-12-07,2024-06-03
불법주정차,2023-12-04,16:07,동변공원 사거리,2023-12-05,2024-06-03
불법주정차,2023-12-04,16:07,태전동 1117 부근 인도,2023-12-07,2024-06-03
불법주정차,2023-12-04,16:08,복현동 동북로 288,2023-12-05,2024-06-03
불법주정차,2023-12-04,16:10,북부초등학교,2023-12-05,2024-06-03
불법주정차,2023-12-04,16:11,새동산산부인과,2023-12-05,2024-06-03
불법주정차,2023-12-04,16:12,노원한신더휴 남문,2023-12-05,2024-06-03
불법주정차,2023-12-04,16:15,장보고식자재마트 사거리,2023-12-05,2024-06-03
불법주정차,2023-12-04,16:15,관음동 칠곡중앙대로 부근,2023-12-05,2024-06-03
불법주정차,2023-12-04,16:16,관음동 관음동로 부근,2023-12-05,2024-06-03
불법주정차,2023-12-04,16:16,동천동 동천로 부근,2023-12-05,2024-06-03
불법주정차,2023-12-04,16:17,대구역 오페라더블유2,2023-12-05,2024-06-03
불법주정차,2023-12-04,16:17,무지개공영주차장 부근,2023-12-05,2024-06-03
불법주정차,2023-12-04,16:17,관음동 칠곡중앙대로91길 부근,2023-12-05,2024-06-03
불법주정차,2023-12-04,16:17,관음동 칠곡중앙대로91길 부근,2023-12-05,2024-06-03
불법주정차,2023-12-04,16:17,동천동 897-1 부근 횡단보도,2023-12-07,2024-06-03
불법주정차,2023-12-04,16:19,읍내동 칠곡중앙대로 부근,2023-12-05,2024-06-03
불법주정차,2023-12-04,16:19,읍내동 칠곡중앙대로 부근,2023-12-05,2024-06-03
불법주정차,2023-12-04,16:21,읍내동 구암로15길 부근,2023-12-05,2024-06-03
불법주정차,2023-12-04,16:21,학정동 칠곡중앙대로136길 부근,2023-12-05,2024-06-03
불법주정차,2023-12-04,16:21,학정동 칠곡중앙대로136길 부근,2023-12-05,2024-06-03
불법주정차,2023-12-04,16:22,학정동 칠곡중앙대로136길 부근,2023-12-05,2024-06-03
불법주정차,2023-12-04,16:22,학정동 칠곡중앙대로136길 부근,2023-12-05,2024-06-03
불법주정차,2023-12-04,16:22,읍내동 구암로 부근,2023-12-05,2024-06-03
불법주정차,2023-12-04,16:22,학정동 칠곡중앙대로136길 부근,2023-12-05,2024-06-03
불법주정차,2023-12-04,16:22,읍내동 구암로 부근,2023-12-05,2024-06-03
불법주정차,2023-12-04,16:22,학정동 칠곡중앙대로136길 부근,2023-12-05,2024-06-03
불법주정차,2023-12-04,16:22,읍내동 구암로 부근,2023-12-05,2024-06-03
불법주정차,2023-12-04,16:22,읍내동 구암로 부근,2023-12-05,2024-06-03
불법주정차,2023-12-04,16:23,학정동 칠곡중앙대로136길 부근,2023-12-05,2024-06-03
불법주정차,2023-12-04,16:23,읍내동 칠곡중앙대로 부근,2023-12-05,2024-06-03
불법주정차,2023-12-04,16:24,농협침산지점앞,2023-12-05,2024-06-03
불법주정차,2023-12-04,16:25,서변공영주차장 사거리,2023-12-05,2024-06-03
불법주정차,2023-12-04,16:25,동호동 칠곡중앙대로136길 부근,2023-12-05,2024-06-03
불법주정차,2023-12-04,16:28,읍내동 칠곡중앙대로 부근,2023-12-05,2024-06-03
불법주정차,2023-12-04,16:29,영남네오빌아트 후문,2023-12-05,2024-06-03
불법주정차,2023-12-04,16:29,강북초등학교,2023-12-05,2024-06-03
불법주정차,2023-12-04,16:32,경진초등학교,2023-12-05,2024-06-03
불법주정차,2023-12-04,16:35,태전동 태전로 부근,2023-12-05,2024-06-03
불법주정차,2023-12-04,16:36,대구역 오페라더블유2,2023-12-05,2024-06-03
불법주정차,2023-12-04,16:36,NC아울렛 앞 사거리,2023-12-05,2024-06-03
불법주정차,2023-12-04,16:37,동천동회전교차로1,2023-12-05,2024-06-03
불법주정차,2023-12-04,16:39,오페라코오롱하늘채 앞,2023-12-05,2024-06-03
불법주정차,2023-12-04,16:40,금정공원(보행자우선거리,2023-12-05,2024-06-03
불법주정차,2023-12-04,16:42,고성동3가 6-20 부근 횡단보도,2023-12-07,2024-06-03
불법주정차,2023-12-04,16:44,노원한신더휴 동문,2023-12-05,2024-06-03
불법주정차,2023-12-04,16:45,오페라코오롱하늘채 앞,2023-12-05,2024-06-03
불법주정차,2023-12-04,16:45,금호서한이다음정문,2023-12-05,2024-06-03
불법주정차,2023-12-04,16:48,태전동 태전로 부근,2023-12-05,2024-06-03
불법주정차,2023-12-04,16:50,장태실네거리부근,2023-12-05,2024-06-03
불법주정차,2023-12-04,16:52,태전동 태전로 부근,2023-12-05,2024-06-03
불법주정차,2023-12-04,16:53,칠곡초등학교 진입로,2023-12-05,2024-06-03
불법주정차,2023-12-04,16:53,대학로 파리바게트 부근,2023-12-05,2024-06-03
불법주정차,2023-12-04,16:54,태전동 태전로 부근,2023-12-05,2024-06-03
불법주정차,2023-12-04,16:54,태전동 태전로 부근,2023-12-05,2024-06-03
불법주정차,2023-12-04,16:55,무지개공영주차장 부근,2023-12-05,2024-06-03
불법주정차,2023-12-04,16:55,태전동 태전로19길 부근,2023-12-05,2024-06-03
불법주정차,2023-12-04,16:58,태전동 태전로 부근,2023-12-05,2024-06-03
불법주정차,2023-12-04,16:59,오페라코오롱하늘채 앞,2023-12-05,2024-06-03
불법주정차,2023-12-04,17:10,동천동회전교차로1,2023-12-05,2024-06-03
불법주정차,2023-12-04,17:10,산격동 북대구 농협,2023-12-05,2024-06-03
불법주정차,2023-12-04,17:12,동천동 참약국,2023-12-05,2024-06-03
불법주정차,2023-12-04,17:13,침산1동회전교차로1,2023-12-05,2024-06-03
불법주정차,2023-12-04,17:13,NC아울렛 앞 사거리,2023-12-05,2024-06-03
불법주정차,2023-12-04,17:13,동천동 참약국,2023-12-05,2024-06-03
불법주정차,2023-12-04,17:14,복현동 404-4 부근,2023-12-07,2024-06-03
불법주정차,2023-12-04,17:14,복현동 404-4 부근,2023-12-07,2024-06-03
불법주정차,2023-12-04,17:15,복현동 404-4 부근,2023-12-07,2024-06-03
불법주정차,2023-12-04,17:15,복현동 404-2 부근,2023-12-11,2024-06-03
불법주정차,2023-12-04,17:15,복현동 404-1 부근,2023-12-11,2024-06-03
불법주정차,2023-12-04,17:17,복현동 404-2 부근,2023-12-11,2024-06-03
불법주정차,2023-12-04,17:19,노원동2가 85-4 부근 횡단보도,2023-12-07,2024-06-03
불법주정차,2023-12-04,17:20,산격동 연암로22길 2-10,2023-12-05,2024-06-03
불법주정차,2023-12-04,17:34,복현동 198 부근,2023-12-07,2024-06-03
불법주정차,2023-12-04,17:55,팔달동 54-1 부근 횡단보도,2023-12-07,2024-06-03
불법주정차,2023-12-04,18:09,복현동 713 부근,2023-12-07,2024-06-03
불법주정차,2023-12-04,18:09,복현동 713 부근,2023-12-07,2024-06-03
불법주정차,2023-12-04,18:33,금호동 802 부근 횡단보도,2023-12-07,2024-06-03
불법주정차,2023-12-04,18:38,침산동 456-8 부근 인도,2023-12-07,2024-06-03
불법주정차,2023-12-04,18:40,침산동 456-8 부근 횡단보도,2023-12-07,2024-06-03
불법주정차,2023-12-04,18:40,사수동 952 부근 횡단보도,2023-12-07,2024-06-03
불법주정차,2023-12-04,18:40,구암동 787-1 부근,2023-12-07,2024-06-03
불법주정차,2023-12-04,18:43,사수동 952 부근 횡단보도,2023-12-07,2024-06-03
불법주정차,2023-12-04,18:49,구암동 766 부근 인도,2023-12-07,2024-06-03
불법주정차,2023-12-04,18:54,구암동 766 부근 인도,2023-12-11,2024-06-03
불법주정차,2023-12-04,18:56,동천동 896 부근 인도,2023-12-07,2024-06-03
불법주정차,2023-12-04,18:57,칠성동2가 698 부근 횡단보도,2023-12-07,2024-06-03
불법주정차,2023-12-04,19:10,복현동 427-8 부근 인도,2023-12-07,2024-06-03
불법주정차,2023-12-04,19:16,산격동 1425-26 부근 인도,2023-12-07,2024-06-03
불법주정차,2023-12-04,19:18,산격동 1426 부근 모퉁이,2023-12-07,2024-06-03
불법주정차,2023-12-04,20:18,칠성동2가 302-105 부근 모퉁이,2023-12-07,2024-06-03
불법주정차,2023-12-04,20:23,칠성동2가 296-2 부근 횡단보도,2023-12-07,2024-06-03
불법주정차,2023-12-04,20:40,동천동 892-1 부근 횡단보도,2023-12-07,2024-06-03
불법주정차,2023-12-04,20:42,동천동 894-1 부근 횡단보도,2023-12-07,2024-06-03
불법주정차,2023-12-04,20:47,동천동 895-1 부근 횡단보도,2023-12-07,2024-06-03
불법주정차,2023-12-04,21:18,태전동 681-5 부근 모퉁이,2023-12-07,2024-06-03
불법주정차,2023-12-04,21:34,복현동 318 부근 횡단보도,2023-12-07,2024-06-03
불법주정차,2023-12-04,21:35,복현동 318 부근 모퉁이,2023-12-07,2024-06-03
불법주정차,2023-12-04,21:39,태전동 986-11 부근 횡단보도,2023-12-07,2024-06-03
불법주정차,2023-12-04,22:02,관음동 1241-14 부근 버스정류소,2023-12-07,2024-06-03
불법주정차,2023-12-04,22:20,읍내동 1274 부근 버스정류소,2023-12-07,2024-06-03
불법주정차,2023-12-04,22:22,읍내동 632-2 부근 버스정류소,2023-12-07,2024-06-03
불법주정차,2023-12-04,22:39,관음동 1257-11 부근 버스정류소,2023-12-07,2024-06-03
불법주정차,2023-12-05,00:08,산격동 793-104 부근 횡단보도,2023-12-11,2024-06-03
불법주정차,2023-12-05,00:10,산격동 793-104 부근 횡단보도,2023-12-11,2024-06-03
불법주정차,2023-12-05,00:18,산격동 1428-12 부근 모퉁이,2023-12-11,2024-06-03
불법주정차,2023-12-05,00:20,산격동 1428-12 부근 모퉁이,2023-12-11,2024-06-03
불법주정차,2023-12-05,03:09,태전동 1030 부근 횡단보도,2023-12-14,2024-06-03
불법주정차,2023-12-05,07:03,매천초등학교,2023-12-06,2024-06-03
불법주정차,2023-12-05,07:03,유림노르웨이숲,2023-12-06,2024-06-03
불법주정차,2023-12-05,07:05,경진초등학교,2024-03-21,2024-06-03
불법주정차,2023-12-05,07:07,동천동 참약국,2023-12-06,2024-06-03
불법주정차,2023-12-05,07:07,오페라트루엘시민의숲,2023-12-06,2024-06-03
불법주정차,2023-12-05,07:09,금호서한이다음정문,2023-12-06,2024-06-03
불법주정차,2023-12-05,07:09,금호서한이다음정문,2023-12-06,2024-06-03
불법주정차,2023-12-05,07:09,침산1동회전교차로2,2024-05-28,2024-06-03
불법주정차,2023-12-05,07:11,르노삼성자동차 침산점,2023-12-06,2024-06-03
불법주정차,2023-12-05,07:11,대구역 오페라더블유2,2023-12-06,2024-06-03
불법주정차,2023-12-05,07:15,관천초등학교,2023-12-06,2024-06-03
불법주정차,2023-12-05,07:15,장보고식자재마트 사거리,2023-12-06,2024-06-03
불법주정차,2023-12-05,07:16,칠성동2가 236-61 부근 인도,2023-12-11,2024-06-03
불법주정차,2023-12-05,07:19,대현동 대현남로6길 부근,2023-12-06,2024-06-03
불법주정차,2023-12-05,07:19,대현동 대현남로6길 부근,2023-12-06,2024-06-03
불법주정차,2023-12-05,07:20,대현동 대현남로6길 부근,2023-12-06,2024-06-03
불법주정차,2023-12-05,07:20,대현동 대현남로6길 부근,2023-12-06,2024-06-03
불법주정차,2023-12-05,07:23,유림노르웨이숲,2023-12-06,2024-06-03
불법주정차,2023-12-05,07:25,운암초등학교,2023-12-06,2024-06-03
불법주정차,2023-12-05,07:27,연경동 연경중앙로 부근,2023-12-06,2024-06-03
불법주정차,2023-12-05,07:27,연경동 연경중앙로 부근,2023-12-06,2024-06-03
불법주정차,2023-12-05,07:28,연경동 도덕길 부근,2023-12-06,2024-06-03
불법주정차,2023-12-05,07:31,태전동 칠곡중앙대로 부근,2023-12-06,2024-06-03
불법주정차,2023-12-05,07:32,태전동 팔거천서로 부근,2023-12-06,2024-06-03
불법주정차,2023-12-05,07:32,유림노르웨이숲,2023-12-06,2024-06-03
불법주정차,2023-12-05,07:35,NC아울렛 앞 사거리,2023-12-06,2024-06-03
불법주정차,2023-12-05,07:39,복현동 경대로19길 부근,2023-12-06,2024-06-03
불법주정차,2023-12-05,07:39,복현동 경대로19길 부근,2023-12-06,2024-06-03
불법주정차,2023-12-05,07:39,복현동 경대로19길 부근,2023-12-06,2024-06-03
불법주정차,2023-12-05,07:44,유림노르웨이숲,2023-12-06,2024-06-03
불법주정차,2023-12-05,07:48,서변공영주차장 사거리,2023-12-06,2024-06-03
불법주정차,2023-12-05,07:53,칠성동2가 409-24 부근,2023-12-11,2024-06-03
불법주정차,2023-12-05,07:56,노원동1가 509 부근 소화전,2024-01-17,2024-06-03
불법주정차,2023-12-05,08:00,동호동 151-1 부근,2023-12-06,2024-06-03
불법주정차,2023-12-05,08:01,칠성시장교통섬,2023-12-06,2024-06-03
불법주정차,2023-12-05,08:02,국우동 학남로15길 부근,2023-12-06,2024-06-03
불법주정차,2023-12-05,08:02,국우동 학남로15길 부근,2023-12-06,2024-06-03
불법주정차,2023-12-05,08:03,국우동 1126 부근,2023-12-06,2024-06-03
불법주정차,2023-12-05,08:04,유림노르웨이숲,2023-12-06,2024-06-03
불법주정차,2023-12-05,08:05,오페라 클래시아,2023-12-06,2024-06-03
불법주정차,2023-12-05,08:09,오페라 클래시아,2023-12-06,2024-06-03
불법주정차,2023-12-05,08:09,오페라 클래시아,2023-12-06,2024-06-03
불법주정차,2023-12-05,08:22,대구역 오페라더블유2,2023-12-06,2024-06-03
불법주정차,2023-12-05,08:26,유림노르웨이숲,2023-12-06,2024-06-03
불법주정차,2023-12-05,08:27,서변동 1751-9 부근 횡단보도,2023-12-11,2024-06-03
불법주정차,2023-12-05,08:31,유림노르웨이숲,2023-12-06,2024-06-03
불법주정차,2023-12-05,08:36,서변공영주차장 사거리,2023-12-21,2024-06-03
불법주정차,2023-12-05,08:43,코스트코 주차장 앞,2023-12-06,2024-06-03
불법주정차,2023-12-05,08:46,침산1동회전교차로2,2023-12-06,2024-06-03
불법주정차,2023-12-05,09:03,검단동 1128-3 부근 횡단보도,2023-12-11,2024-06-03
불법주정차,2023-12-05,09:13,노원한신더휴 동문,2023-12-06,2024-06-03
불법주정차,2023-12-05,09:17,태전중석타운 남편 도로,2023-12-06,2024-06-03
불법주정차,2023-12-05,09:26,칠성시장교통섬,2023-12-06,2024-06-03
불법주정차,2023-12-05,09:33,칠성동2가 2-2 부근,2023-12-11,2024-06-03
불법주정차,2023-12-05,09:34,동아아울렛 뒷편,2023-12-06,2024-06-03
불법주정차,2023-12-05,09:42,침산동 267-5 부근 횡단보도,2023-12-11,2024-06-03
불법주정차,2023-12-05,09:47,새동산산부인과,2023-12-06,2024-06-03
불법주정차,2023-12-05,09:57,새동산산부인과,2023-12-06,2024-06-03
불법주정차,2023-12-05,10:01,북부초등학교,2023-12-06,2024-06-03
불법주정차,2023-12-05,10:02,강북초등학교,2023-12-06,2024-06-03
불법주정차,2023-12-05,10:09,서변공영주차장 사거리,2023-12-06,2024-06-03
불법주정차,2023-12-05,10:16,칠성시장교통섬,2023-12-06,2024-06-03
불법주정차,2023-12-05,10:18,노원동3가 노원로10길 부근,2023-12-06,2024-06-03
불법주정차,2023-12-05,10:23,오페라코오롱하늘채 앞,2023-12-06,2024-06-03
불법주정차,2023-12-05,10:25,태전동 칠곡중앙대로 부근,2023-12-06,2024-06-03
불법주정차,2023-12-05,10:25,태전동 칠곡중앙대로 부근,2023-12-06,2024-06-03
불법주정차,2023-12-05,10:25,태전동 칠곡중앙대로 부근,2023-12-06,2024-06-03
불법주정차,2023-12-05,10:25,노원동1가 207-2 부근 횡단보도,2023-12-11,2024-06-03
불법주정차,2023-12-05,10:27,관천초등학교,2023-12-06,2024-06-03
불법주정차,2023-12-05,10:27,대현동 109-13 부근 횡단보도,2023-12-11,2024-06-03
불법주정차,2023-12-05,10:30,산격동 대학로 부근,2023-12-06,2024-06-03
불법주정차,2023-12-05,10:32,읍내동 구암로21길 부근,2023-12-06,2024-06-03
불법주정차,2023-12-05,10:32,읍내동 구암로21길 부근,2023-12-06,2024-06-03
불법주정차,2023-12-05,10:32,읍내동 구암로21길 부근,2023-12-06,2024-06-03
불법주정차,2023-12-05,10:32,읍내동 구암로21길 부근,2023-12-06,2024-06-03
불법주정차,2023-12-05,10:32,읍내동 구암로21길 부근,2023-12-06,2024-06-03
불법주정차,2023-12-05,10:35,산격동 대동로1길 부근,2023-12-06,2024-06-03
불법주정차,2023-12-05,10:35,노원한신더휴 동문,2023-12-06,2024-06-03
불법주정차,2023-12-05,10:36,산격동 대동로1길 부근,2023-12-06,2024-06-03
불법주정차,2023-12-05,10:36,산격동 대동로1길 부근,2023-12-06,2024-06-03
불법주정차,2023-12-05,10:36,산격동 대동로1길 부근,2023-12-06,2024-06-03
불법주정차,2023-12-05,10:36,산격동 대동로1길 부근,2023-12-06,2024-06-03
불법주정차,2023-12-05,10:37,산격동 1712 부근 횡단보도,2023-12-11,2024-06-03
불법주정차,2023-12-05,10:41,산격동 산격로 부근,2023-12-06,2024-06-03
불법주정차,2023-12-05,10:41,산격동 산격로 부근,2023-12-06,2024-06-03
불법주정차,2023-12-05,10:47,관음동 칠곡중앙대로95길 부근,2023-12-06,2024-06-03
불법주정차,2023-12-05,10:47,관음동 칠곡중앙대로 부근,2023-12-06,2024-06-03
불법주정차,2023-12-05,10:49,동천동 동천로 부근,2023-12-06,2024-06-03
불법주정차,2023-12-05,10:49,관음동 칠곡중앙대로 부근,2023-12-06,2024-06-03
불법주정차,2023-12-05,10:49,관음동 칠곡중앙대로 부근,2023-12-06,2024-06-03
불법주정차,2023-12-05,10:49,관음동 관음동로 부근,2023-12-06,2024-06-03
불법주정차,2023-12-05,10:50,관음동 칠곡중앙대로91길 부근,2023-12-06,2024-06-03
불법주정차,2023-12-05,10:50,관음동 칠곡중앙대로91길 부근,2023-12-06,2024-06-03
불법주정차,2023-12-05,10:50,관음동 칠곡중앙대로91길 부근,2023-12-06,2024-06-03
불법주정차,2023-12-05,10:52,동천동 팔거천동로 부근,2023-12-06,2024-06-03
불법주정차,2023-12-05,10:52,동천동 팔거천동로 부근,2023-12-06,2024-06-03
불법주정차,2023-12-05,10:53,읍내동 구암로15길 부근,2023-12-06,2024-06-03
불법주정차,2023-12-05,10:53,동천동 동천로 부근,2023-12-06,2024-06-03
불법주정차,2023-12-05,10:53,동천동 동천로 부근,2023-12-06,2024-06-03
불법주정차,2023-12-05,10:54,동천동 동천로 부근,2023-12-06,2024-06-03
불법주정차,2023-12-05,10:54,동천동 팔거천동로 부근,2023-12-06,2024-06-03
불법주정차,2023-12-05,10:54,읍내동 구암로15길 부근,2023-12-06,2024-06-03
불법주정차,2023-12-05,10:55,읍내동 칠곡중앙대로86길 부근,2023-12-06,2024-06-03
불법주정차,2023-12-05,10:55,읍내동 칠곡중앙대로86길 부근,2023-12-06,2024-06-03
불법주정차,2023-12-05,10:55,읍내동 칠곡중앙대로86길 부근,2023-12-06,2024-06-03
불법주정차,2023-12-05,10:55,읍내동 칠곡중앙대로 부근,2023-12-06,2024-06-03
불법주정차,2023-12-05,10:58,관음동 칠곡중앙대로 부근,2023-12-06,2024-06-03
불법주정차,2023-12-05,11:06,산격동 유통단지로 부근,2023-12-06,2024-06-03
불법주정차,2023-12-05,11:07,산격동 유통단지로8길 부근,2023-12-06,2024-06-03
불법주정차,2023-12-05,11:09,산격동 유통단지로 부근,2023-12-06,2024-06-03
불법주정차,2023-12-05,11:12,동천동 동암로12길 부근,2023-12-06,2024-06-03
불법주정차,2023-12-05,11:12,동천동 동암로12길 부근,2023-12-06,2024-06-03
불법주정차,2023-12-05,11:12,무지개공영주차장 부근,2023-12-06,2024-06-03
불법주정차,2023-12-05,11:13,동천동 동암로 부근,2023-12-06,2024-06-03
불법주정차,2023-12-05,11:13,동천동 동암로 부근,2023-12-06,2024-06-03
불법주정차,2023-12-05,11:13,대현동 24-2 부근 모퉁이,2023-12-11,2024-06-03
불법주정차,2023-12-05,11:16,대현동 24-4 부근 모퉁이,2023-12-11,2024-06-03
불법주정차,2023-12-05,11:17,동천동 동암로12길 부근,2023-12-06,2024-06-03
불법주정차,2023-12-05,11:17,태전동 1030 부근 모퉁이,2023-12-11,2024-06-03
불법주정차,2023-12-05,11:19,동천동 동암로12길 부근,2023-12-06,2024-06-03
불법주정차,2023-12-05,11:19,동천동 동암로12길 부근,2023-12-06,2024-06-03
불법주정차,2023-12-05,11:19,동천동 동암로12길 부근,2023-12-06,2024-06-03
불법주정차,2023-12-05,11:20,산격동 유통단지로8길 부근,2023-12-06,2024-06-03
불법주정차,2023-12-05,11:20,산격동 959 부근 횡단보도,2023-12-11,2024-06-03
불법주정차,2023-12-05,11:25,대현동 24-4 부근 모퉁이,2023-12-11,2024-06-03
불법주정차,2023-12-05,11:42,침산동 133-40 부근 모퉁이,2023-12-11,2024-06-03
불법주정차,2023-12-05,11:49,동호동 팔거천동로 부근,2023-12-06,2024-06-03
불법주정차,2023-12-05,11:49,동호동 팔거천동로 부근,2023-12-06,2024-06-03
불법주정차,2023-12-05,11:49,동호동 팔거천동로 부근,2023-12-06,2024-06-03
불법주정차,2023-12-05,11:49,동호동 팔거천동로 부근,2024-01-08,2024-06-03
불법주정차,2023-12-05,11:49,동호동 팔거천동로 부근,2023-12-06,2024-06-03
불법주정차,2023-12-05,11:50,동호동 팔거천동로 부근,2023-12-06,2024-06-03
불법주정차,2023-12-05,11:52,무지개공영주차장 부근,2023-12-06,2024-06-03
불법주정차,2023-12-05,11:53,산격동 연암로31길 부근,2023-12-06,2024-06-03
불법주정차,2023-12-05,12:21,침산동 575-5 부근 횡단보도,2023-12-11,2024-06-03
불법주정차,2023-12-05,12:25,검단동 887-103 부근 횡단보도,2023-12-11,2024-06-03
불법주정차,2023-12-05,12:27,복현동 539-110 부근 횡단보도,2023-12-11,2024-06-03
불법주정차,2023-12-05,12:29,산격동 1745 부근 인도,2023-12-11,2024-06-03
불법주정차,2023-12-05,12:30,산격동 160-2 부근 횡단보도,2023-12-11,2024-06-03
불법주정차,2023-12-05,12:33,산격동 1767 부근 횡단보도,2023-12-11,2024-06-03
불법주정차,2023-12-05,12:33,산격동 1681 부근 횡단보도,2023-12-11,2024-06-03
불법주정차,2023-12-05,12:42,사수동 831 부근 횡단보도,2023-12-11,2024-06-03
불법주정차,2023-12-05,12:48,학정동 941-9 부근 횡단보도,2023-12-11,2024-06-03
불법주정차,2023-12-05,13:03,노원동3가 234 부근 소화전,2023-12-11,2024-06-03
불법주정차,2023-12-05,13:20,학정동 937-21 부근 횡단보도,2023-12-11,2024-06-03
불법주정차,2023-12-05,13:45,침산동 133-40 부근 모퉁이,2023-12-11,2024-06-03
불법주정차,2023-12-05,13:45,침산동 133-40 부근 횡단보도,2023-12-11,2024-06-03
불법주정차,2023-12-05,13:50,태전동 1228 부근 모퉁이,2023-12-11,2024-06-03
불법주정차,2023-12-05,14:13,노원동1가 원대로 부근,2023-12-06,2024-06-03
불법주정차,2023-12-05,14:14,노원동1가 원대로 부근,2023-12-06,2024-06-03
불법주정차,2023-12-05,14:14,침산동 원대로 부근,2023-12-06,2024-06-03
불법주정차,2023-12-05,14:14,침산동 원대로 부근,2023-12-06,2024-06-03
불법주정차,2023-12-05,14:17,고성동3가 고성북로 부근,2023-12-06,2024-06-03
불법주정차,2023-12-05,14:17,고성동3가 고성북로 부근,2023-12-06,2024-06-03
불법주정차,2023-12-05,14:17,고성동3가 고성북로 부근,2023-12-06,2024-06-03
불법주정차,2023-12-05,14:20,고성동2가 칠성남로 부근,2023-12-06,2024-06-03
불법주정차,2023-12-05,14:20,고성동2가 칠성남로 부근,2023-12-06,2024-06-03
불법주정차,2023-12-05,14:23,복현동 경대로17길 부근,2023-12-06,2024-06-03
불법주정차,2023-12-05,14:23,복현동 경대로19길 부근,2023-12-06,2024-06-03
불법주정차,2023-12-05,14:23,복현동 경대로19길 부근,2023-12-06,2024-06-03
불법주정차,2023-12-05,14:23,복현동 경대로19길 부근,2023-12-06,2024-06-03
불법주정차,2023-12-05,14:23,복현동 경대로19길 부근,2023-12-06,2024-06-03
불법주정차,2023-12-05,14:24,복현동 경대로19길 부근,2023-12-06,2024-06-03
불법주정차,2023-12-05,14:24,복현동 경대로19길 부근,2023-12-06,2024-06-03
불법주정차,2023-12-05,14:24,산격동 1397-15 부근,2023-12-11,2024-06-03
불법주정차,2023-12-05,14:27,팔달동 칠곡중앙대로 부근,2023-12-06,2024-06-03
불법주정차,2023-12-05,14:30,매천동 매천로18길 부근,2023-12-06,2024-06-03
불법주정차,2023-12-05,14:31,매천동 매천로18길 부근,2023-12-06,2024-06-03
불법주정차,2023-12-05,14:31,노원한신더휴 동문,2023-12-06,2024-06-03
불법주정차,2023-12-05,14:32,산격동 대동로1길 부근,2023-12-06,2024-06-03
불법주정차,2023-12-05,14:33,산격동 대동로1길 부근,2023-12-06,2024-06-03
불법주정차,2023-12-05,14:33,산격동 대동로1길 부근,2023-12-06,2024-06-03
불법주정차,2023-12-05,14:33,산격동 대동로1길 부근,2023-12-06,2024-06-03
불법주정차,2023-12-05,14:34,노원한신더휴 남문,2023-12-06,2024-06-03
불법주정차,2023-12-05,14:34,유림노르웨이숲,2023-12-06,2024-06-03
불법주정차,2023-12-05,14:38,무지개공영주차장 부근,2023-12-06,2024-06-03
불법주정차,2023-12-05,14:40,대구역 오페라더블유2,2023-12-06,2024-06-03
불법주정차,2023-12-05,14:42,오페라트루엘시민의숲,2023-12-06,2024-06-03
불법주정차,2023-12-05,14:43,학정초등학교,2023-12-06,2024-06-03
불법주정차,2023-12-05,14:46,금정공원(보행자우선거리,2023-12-06,2024-06-03
불법주정차,2023-12-05,14:49,노원한신더휴 남문,2023-12-06,2024-06-03
불법주정차,2023-12-05,14:52,오페라코오롱하늘채 앞,2023-12-06,2024-06-03
불법주정차,2023-12-05,14:52,복현동 동북로57길 부근,2023-12-06,2024-06-03
불법주정차,2023-12-05,14:52,복현동 복현로 부근,2023-12-06,2024-06-03
불법주정차,2023-12-05,14:52,노원한신더휴 동문,2023-12-06,2024-06-03
불법주정차,2023-12-05,14:53,복현동 동북로53길 부근,2023-12-06,2024-06-03
불법주정차,2023-12-05,14:53,복현동 동북로53길 부근,2023-12-06,2024-06-03
불법주정차,2023-12-05,14:53,새동산산부인과,2023-12-06,2024-06-03
불법주정차,2023-12-05,14:53,서변공영주차장 사거리,2023-12-06,2024-06-03
불법주정차,2023-12-05,14:54,대구역 오페라더블유1,2023-12-06,2024-06-03
불법주정차,2023-12-05,14:54,칠성시장교통섬,2023-12-06,2024-06-03
불법주정차,2023-12-05,14:54,대구은행 학정로 지점,2023-12-06,2024-06-03
불법주정차,2023-12-05,14:56,칠곡초등학교,2023-12-06,2024-06-03
불법주정차,2023-12-05,14:58,오페라코오롱하늘채 앞,2023-12-06,2024-06-03
불법주정차,2023-12-05,14:58,침산동 매일천막 앞,2023-12-06,2024-06-03
불법주정차,2023-12-05,15:00,동천동회전교차로1,2023-12-06,2024-06-03
불법주정차,2023-12-05,15:02,대구은행 학정로 지점,2023-12-06,2024-06-03
불법주정차,2023-12-05,15:03,함지초등학교,2023-12-06,2024-06-03
불법주정차,2023-12-05,15:04,동변공원 사거리,2023-12-06,2024-06-03
불법주정차,2023-12-05,15:07,오페라트루엘시민의숲,2023-12-06,2024-06-03
불법주정차,2023-12-05,15:10,강북초등학교,2023-12-06,2024-06-03
불법주정차,2023-12-05,15:11,서변공영주차장 사거리,2023-12-06,2024-06-03
불법주정차,2023-12-05,15:12,복현동 검단로 부근,2023-12-06,2024-06-03
불법주정차,2023-12-05,15:12,복현동 검단로 부근,2023-12-06,2024-06-03
불법주정차,2023-12-05,15:13,칠성시장교통섬,2023-12-06,2024-06-03
불법주정차,2023-12-05,15:15,고성동2가 고성로 부근,2023-12-06,2024-06-03
불법주정차,2023-12-05,15:15,검단동 검단로 부근,2023-12-06,2024-06-03
불법주정차,2023-12-05,15:15,검단동 검단공단로 부근,2023-12-06,2024-06-03
불법주정차,2023-12-05,15:16,삼영초등학교,2023-12-06,2024-06-03
불법주정차,2023-12-05,15:16,국우동 학정동로 부근,2023-12-06,2024-06-03
불법주정차,2023-12-05,15:17,고성동2가 원대로 부근,2023-12-06,2024-06-03
불법주정차,2023-12-05,15:17,구암동 동암로 부근,2023-12-06,2024-06-03
불법주정차,2023-12-05,15:18,구암동 구암로65길 부근,2023-12-06,2024-06-03
불법주정차,2023-12-05,15:18,구암동 구암로65길 부근,2023-12-06,2024-06-03
불법주정차,2023-12-05,15:18,고성동3가 고성로 부근,2023-12-06,2024-06-03
불법주정차,2023-12-05,15:21,구암동 학정로 부근,2023-12-06,2024-06-03
불법주정차,2023-12-05,15:24,새동산산부인과,2023-12-06,2024-06-03
불법주정차,2023-12-05,15:25,구암동 765-5 부근 인도,2023-12-11,2024-06-03
불법주정차,2023-12-05,15:32,운암초등학교,2023-12-06,2024-06-03
불법주정차,2023-12-05,15:34,금정공원(보행자우선거리,2023-12-06,2024-06-03
불법주정차,2023-12-05,15:36,산격동 경대북문,2023-12-06,2024-06-03
불법주정차,2023-12-05,15:36,동천동 대천로 부근,2023-12-06,2024-06-03
불법주정차,2023-12-05,15:37,칠성시장교통섬,2023-12-06,2024-06-03
불법주정차,2023-12-05,15:38,오페라코오롱하늘채 앞,2023-12-06,2024-06-03
불법주정차,2023-12-05,15:40,동천동 대천로18길 부근,2023-12-06,2024-06-03
불법주정차,2023-12-05,15:40,관음 상가,2023-12-06,2024-06-03
불법주정차,2023-12-05,15:41,노원한신더휴 남문,2023-12-06,2024-06-03
불법주정차,2023-12-05,15:41,서변공영주차장 사거리,2023-12-06,2024-06-03
불법주정차,2023-12-05,15:43,북부초등학교,2023-12-06,2024-06-03
불법주정차,2023-12-05,15:45,칠곡에덴타운건너,2023-12-06,2024-06-03
불법주정차,2023-12-05,15:45,동천동 팔거천동로 부근,2023-12-06,2024-06-03
불법주정차,2023-12-05,15:45,동천동 팔거천동로 부근,2023-12-06,2024-06-03
불법주정차,2023-12-05,15:50,서변공영주차장 사거리,2023-12-06,2024-06-03
불법주정차,2023-12-05,15:51,침산동 133-40 부근 모퉁이,2023-12-11,2024-06-03
불법주정차,2023-12-05,15:52,팔달동 대구수산시장,2023-12-06,2024-06-03
불법주정차,2023-12-05,15:52,침산동 성북로 부근,2023-12-06,2024-06-03
불법주정차,2023-12-05,15:52,침산동 성북로 부근,2023-12-06,2024-06-03
불법주정차,2023-12-05,15:55,노원한신더휴 남문,2023-12-06,2024-06-03
불법주정차,2023-12-05,15:55,침산동 침산로 부근,2023-12-06,2024-06-03
불법주정차,2023-12-05,15:57,침산동 침산로 부근,2023-12-06,2024-06-03
불법주정차,2023-12-05,15:57,학정동 451-10 부근 인도,2023-12-11,2024-06-03
불법주정차,2023-12-05,15:59,침산동 침산로 부근,2023-12-06,2024-06-03
불법주정차,2023-12-05,16:00,칠곡초등학교 진입로,2023-12-06,2024-06-03
불법주정차,2023-12-05,16:03,학정초등학교,2023-12-06,2024-06-03
불법주정차,2023-12-05,16:04,금호서한이다음정문,2023-12-06,2024-06-03
불법주정차,2023-12-05,16:05,대구은행 학정로 지점,2023-12-06,2024-06-03
불법주정차,2023-12-05,16:05,유림노르웨이숲,2023-12-06,2024-06-03
불법주정차,2023-12-05,16:06,산격동 1397-15 부근,2023-12-11,2024-06-03
불법주정차,2023-12-05,16:08,노원한신더휴 동문,2023-12-06,2024-06-03
불법주정차,2023-12-05,16:08,새동산산부인과,2023-12-06,2024-06-03
불법주정차,2023-12-05,16:10,태전동 칠곡중앙대로 부근,2023-12-06,2024-06-03
불법주정차,2023-12-05,16:13,금호서한이다음정문,2023-12-06,2024-06-03
불법주정차,2023-12-05,16:13,태전동 구암로 부근,2023-12-06,2024-06-03
불법주정차,2023-12-05,16:15,읍내동 구암로21길 부근,2023-12-06,2024-06-03
불법주정차,2023-12-05,16:18,읍내동 구암로21길 부근,2023-12-06,2024-06-03
불법주정차,2023-12-05,16:21,읍내동 구암로15길 부근,2023-12-06,2024-06-03
불법주정차,2023-12-05,16:21,관음동 605-45 부근 횡단보도,2023-12-11,2024-06-03
불법주정차,2023-12-05,16:22,읍내동 구암로 부근,2023-12-06,2024-06-03
불법주정차,2023-12-05,16:22,읍내동 구암로 부근,2023-12-06,2024-06-03
불법주정차,2023-12-05,16:23,산격동 1428-12 부근 모퉁이,2023-12-11,2024-06-03
불법주정차,2023-12-05,16:26,침산1동회전교차로1,2023-12-06,2024-06-03
불법주정차,2023-12-05,16:28,관남초등학교,2023-12-06,2024-06-03
불법주정차,2023-12-05,16:29,새동산산부인과,2023-12-06,2024-06-03
불법주정차,2023-12-05,16:30,유림노르웨이숲,2023-12-06,2024-06-03
불법주정차,2023-12-05,16:34,금호서한이다음정문,2023-12-06,2024-06-03
불법주정차,2023-12-05,16:34,서변동 1779-2 부근 인도,2023-12-11,2024-06-03
불법주정차,2023-12-05,16:35,칠성초등학교,2023-12-06,2024-06-03
불법주정차,2023-12-05,16:35,북부초등학교,2023-12-06,2024-06-03
불법주정차,2023-12-05,16:36,대구역 오페라더블유2,2023-12-06,2024-06-03
불법주정차,2023-12-05,16:36,동천동 동암로12길 부근,2023-12-06,2024-06-03
불법주정차,2023-12-05,16:36,동천동 동암로12길 부근,2023-12-06,2024-06-03
불법주정차,2023-12-05,16:39,동천동 구리로 부근,2023-12-06,2024-06-03
불법주정차,2023-12-05,16:39,동천동 구리로 부근,2023-12-06,2024-06-03
불법주정차,2023-12-05,16:39,동천동 동암로 부근,2023-12-06,2024-06-03
불법주정차,2023-12-05,16:39,동천동 동암로 부근,2023-12-06,2024-06-03
불법주정차,2023-12-05,16:40,동천동 동암로12길 부근,2023-12-06,2024-06-03
불법주정차,2023-12-05,16:40,동천동 동암로12길 부근,2023-12-06,2024-06-03
불법주정차,2023-12-05,16:44,노원한신더휴 동문,2023-12-06,2024-06-03
불법주정차,2023-12-05,16:45,태전동 칠곡중앙대로53길 부근,2023-12-06,2024-06-03
불법주정차,2023-12-05,16:46,칠성시장교통섬,2023-12-06,2024-06-03
불법주정차,2023-12-05,16:46,오페라코오롱하늘채 앞,2023-12-06,2024-06-03
불법주정차,2023-12-05,16:46,태전동 칠곡중앙대로55길 부근,2023-12-06,2024-06-03
불법주정차,2023-12-05,16:46,침산 화성파크드림,2023-12-06,2024-06-03
불법주정차,2023-12-05,16:47,르노삼성자동차 침산점,2023-12-06,2024-06-03
불법주정차,2023-12-05,16:47,영남네오빌아트 후문,2023-12-06,2024-06-03
불법주정차,2023-12-05,16:48,태전동 칠곡중앙대로 부근,2023-12-06,2024-06-03
불법주정차,2023-12-05,16:49,태전동 칠곡중앙대로53길 부근,2023-12-06,2024-06-03
불법주정차,2023-12-05,16:50,NC아울렛 앞 사거리,2023-12-06,2024-06-03
불법주정차,2023-12-05,16:50,태전동 태전로13길 부근,2023-12-06,2024-06-03
불법주정차,2023-12-05,16:50,관천초등학교,2024-04-26,2024-06-03
불법주정차,2023-12-05,16:51,태전동 태전로13길 부근,2023-12-06,2024-06-03
불법주정차,2023-12-05,16:56,칠성동2가 칠성로 부근,2023-12-06,2024-06-03
불법주정차,2023-12-05,16:56,칠성동2가 칠성로 부근,2023-12-06,2024-06-03
불법주정차,2023-12-05,16:56,대학로 파리바게트 부근,2023-12-06,2024-06-03
불법주정차,2023-12-05,16:57,칠성동2가 칠성로 부근,2023-12-06,2024-06-03
불법주정차,2023-12-05,17:01,동평초등학교네거리,2023-12-06,2024-06-03
불법주정차,2023-12-05,17:02,노원동3가 35-15 부근 인도,2023-12-11,2024-06-03
불법주정차,2023-12-05,17:06,태전동 1030 부근 횡단보도,2023-12-11,2024-06-03
불법주정차,2023-12-05,17:06,산격동 1397-15 부근,2023-12-11,2024-06-03
불법주정차,2023-12-05,17:07,농협침산지점앞,2023-12-06,2024-06-03
불법주정차,2023-12-05,17:08,대구역 오페라더블유2,2023-12-06,2024-06-03
불법주정차,2023-12-05,17:10,동천동회전교차로1,2023-12-06,2024-06-03
불법주정차,2023-12-05,17:11,칠곡초등학교 진입로,2023-12-06,2024-06-03
불법주정차,2023-12-05,17:11,팔달동 매천로2길 부근,2023-12-06,2024-06-03
불법주정차,2023-12-05,17:47,태전동 953 부근 모퉁이,2023-12-11,2024-06-03
불법주정차,2023-12-05,17:55,태전동 974 부근 모퉁이,2023-12-11,2024-06-03
불법주정차,2023-12-05,18:25,구암동 766 부근 인도,2023-12-11,2024-06-03
불법주정차,2023-12-05,18:27,사수동 993 부근 횡단보도,2023-12-11,2024-06-03
불법주정차,2023-12-05,18:33,사수동 962 부근 횡단보도,2023-12-11,2024-06-03
불법주정차,2023-12-05,18:38,사수동 953 부근 모퉁이,2023-12-11,2024-06-03
불법주정차,2023-12-05,18:43,대현동 153-18 부근 모퉁이,2023-12-11,2024-06-03
불법주정차,2023-12-05,19:26,동천동 962-1 부근 횡단보도,2023-12-11,2024-06-03
불법주정차,2023-12-05,19:28,동천동 962-1 부근 횡단보도,2023-12-11,2024-06-03
불법주정차,2023-12-05,19:34,동천동 962-4 부근 횡단보도,2023-12-11,2024-06-03
불법주정차,2023-12-05,19:49,산격동 1399-11 부근,2023-12-11,2024-06-03
불법주정차,2023-12-05,20:35,산격동 1426 부근 횡단보도,2023-12-11,2024-06-03
불법주정차,2023-12-05,20:37,산격동 1425-26 부근 횡단보도,2023-12-11,2024-06-03
불법주정차,2023-12-05,21:07,태전동 938 부근 횡단보도,2023-12-11,2024-06-03
불법주정차,2023-12-05,21:27,태전동 936-1 부근 횡단보도,2023-12-11,2024-06-03
불법주정차,2023-12-05,21:56,대현동 199-10 부근 인도,2023-12-11,2024-06-03
불법주정차,2023-12-05,22:23,산격동 793-7 부근 횡단보도,2023-12-11,2024-06-03
불법주정차,2023-12-05,22:56,복현동 406-6 부근 모퉁이,2023-12-11,2024-06-03
불법주정차,2023-12-05,22:56,복현동 479-1 부근 모퉁이,2023-12-11,2024-06-03
불법주정차,2023-12-05,23:54,산격동 1425-13 부근 모퉁이,2023-12-11,2024-06-03
불법주정차,2023-12-06,06:56,동변동 690 부근 모퉁이,2023-12-11,2024-06-03
불법주정차,2023-12-06,07:01,노원한신더휴 동문,2023-12-07,2024-06-03
불법주정차,2023-12-06,07:03,금호서한이다음정문,2023-12-07,2024-06-03
불법주정차,2023-12-06,07:04,침산1동회전교차로1,2023-12-07,2024-06-03
불법주정차,2023-12-06,07:04,운암초등학교,2023-12-07,2024-06-03
불법주정차,2023-12-06,07:04,침산1동회전교차로1,2023-12-07,2024-06-03
불법주정차,2023-12-06,07:04,침산 화성파크드림,2023-12-07,2024-06-03
불법주정차,2023-12-06,07:04,침산1동회전교차로2,2024-05-28,2024-06-03
불법주정차,2023-12-06,07:05,침산 화인탑펠리스,2023-12-07,2024-06-03
불법주정차,2023-12-06,07:05,태전중석타운 남편 도로,2023-12-07,2024-06-03
불법주정차,2023-12-06,07:06,칠곡초등학교 진입로,2023-12-07,2024-06-03
불법주정차,2023-12-06,07:06,운암고등학교,2023-12-07,2024-06-03
불법주정차,2023-12-06,07:08,유림노르웨이숲,2023-12-07,2024-06-03
불법주정차,2023-12-06,07:08,옥산초등학교,2023-12-07,2024-06-03
불법주정차,2023-12-06,07:09,칠성동 꽃시장 (아름나라,2023-12-07,2024-06-03
불법주정차,2023-12-06,07:10,도남초등학교,2023-12-07,2024-06-03
불법주정차,2023-12-06,07:10,삼영초등학교,2023-12-07,2024-06-03
불법주정차,2023-12-06,07:10,유림노르웨이숲,2023-12-07,2024-06-03
불법주정차,2023-12-06,07:11,금호서한이다음정문,2023-12-07,2024-06-03
불법주정차,2023-12-06,07:13,유림노르웨이숲,2023-12-07,2024-06-03
불법주정차,2023-12-06,07:16,노원동3가 M병원,2023-12-07,2024-06-03
불법주정차,2023-12-06,07:18,사수동 센스마트,2023-12-07,2024-06-03
불법주정차,2023-12-06,07:24,서변동 서변남로 부근,2023-12-07,2024-06-03
불법주정차,2023-12-06,07:24,고성동1가 칠성남로 50 부근,2023-12-07,2024-06-03
불법주정차,2023-12-06,07:24,서변동 서변남로 부근,2023-12-07,2024-06-03
불법주정차,2023-12-06,07:24,고성동1가 칠성남로 부근,2023-12-07,2024-06-03
불법주정차,2023-12-06,07:24,고성동1가 칠성남로 부근,2023-12-07,2024-06-03
불법주정차,2023-12-06,07:24,고성동1가 칠성남로 부근,2023-12-07,2024-06-03
불법주정차,2023-12-06,07:25,고성동1가 113-20 부근,2023-12-07,2024-06-03
불법주정차,2023-12-06,07:25,고성동1가 113-20 부근,2023-12-07,2024-06-03
불법주정차,2023-12-06,07:25,고성동1가 113-20 부근,2023-12-07,2024-06-03
불법주정차,2023-12-06,07:25,고성동1가 113-20 부근,2023-12-07,2024-06-03
불법주정차,2023-12-06,07:25,고성동1가 113-20 부근,2023-12-07,2024-06-03
불법주정차,2023-12-06,07:25,고성동1가 113-20 부근,2023-12-07,2024-06-03
불법주정차,2023-12-06,07:25,고성동1가 113-20 부근,2023-12-07,2024-06-03
불법주정차,2023-12-06,07:25,고성동1가 113-20 부근,2023-12-07,2024-06-03
불법주정차,2023-12-06,07:25,고성동1가 158-3 부근,2023-12-07,2024-06-03
불법주정차,2023-12-06,07:25,고성동1가 158-3 부근,2023-12-07,2024-06-03
불법주정차,2023-12-06,07:25,고성동1가 158-3 부근,2023-12-07,2024-06-03
불법주정차,2023-12-06,07:25,고성동1가 158-3 부근,2023-12-07,2024-06-03
불법주정차,2023-12-06,07:26,칠성동 꽃시장 (아름나라,2023-12-07,2024-06-03
불법주정차,2023-12-06,07:26,고성동1가 칠성남로 50 부근,2023-12-07,2024-06-03
불법주정차,2023-12-06,07:26,고성동1가 칠성남로 50 부근,2023-12-07,2024-06-03
불법주정차,2023-12-06,07:26,고성동1가 칠성남로 50 부근,2023-12-07,2024-06-03
불법주정차,2023-12-06,07:28,고성동1가 칠성남로 50 부근,2023-12-07,2024-06-03
불법주정차,2023-12-06,07:28,고성동1가 칠성남로 50 부근,2023-12-07,2024-06-03
불법주정차,2023-12-06,07:28,고성동1가 칠성남로 50 부근,2023-12-07,2024-06-03
불법주정차,2023-12-06,07:28,고성동1가 칠성남로 50 부근,2023-12-07,2024-06-03
불법주정차,2023-12-06,07:28,고성동1가 칠성남로 50 부근,2023-12-07,2024-06-03
불법주정차,2023-12-06,07:28,고성동1가 칠성남로 50 부근,2023-12-07,2024-06-03
불법주정차,2023-12-06,07:29,서변동 산 34-3 부근,2023-12-07,2024-06-03
불법주정차,2023-12-06,07:29,서변동 산 34-3 부근,2023-12-07,2024-06-03
불법주정차,2023-12-06,07:32,태전동 관음로 부근,2023-12-07,2024-06-03
불법주정차,2023-12-06,07:32,침산동 456-7 부근 인도,2023-12-12,2024-06-03
불법주정차,2023-12-06,07:35,칠성동 꽃시장 (아름나라,2023-12-07,2024-06-03
불법주정차,2023-12-06,07:35,산격동 엑스코 동문,2023-12-07,2024-06-03
불법주정차,2023-12-06,07:37,장보고식자재마트 사거리,2023-12-07,2024-06-03
불법주정차,2023-12-06,07:37,관음동 관음중앙로17길 부근,2023-12-07,2024-06-03
불법주정차,2023-12-06,07:37,관음동 관음중앙로17길 부근,2023-12-07,2024-06-03
불법주정차,2023-12-06,07:38,구암동 구암서로 부근,2023-12-07,2024-06-03
불법주정차,2023-12-06,07:38,구암동 구암서로 부근,2023-12-07,2024-06-03
불법주정차,2023-12-06,07:38,읍내동 관음로 부근,2023-12-07,2024-06-03
불법주정차,2023-12-06,07:38,구암동 구암서로 부근,2023-12-07,2024-06-03
불법주정차,2023-12-06,07:39,읍내동 관음중앙로29길 부근,2023-12-07,2024-06-03
불법주정차,2023-12-06,07:42,칠성시장 화재(소방),2023-12-07,2024-06-03
불법주정차,2023-12-06,07:42,읍내동 361-4 부근,2023-12-07,2024-06-03
불법주정차,2023-12-06,07:42,읍내동 관음로 부근,2023-12-07,2024-06-03
불법주정차,2023-12-06,07:43,구암동 구암로49길 부근,2023-12-07,2024-06-03
불법주정차,2023-12-06,07:44,구암동 구암로 부근,2023-12-07,2024-06-03
불법주정차,2023-12-06,07:44,읍내동 관음중앙로29길 부근,2023-12-07,2024-06-03
불법주정차,2023-12-06,07:46,동변동 동변로 부근,2023-12-07,2024-06-03
불법주정차,2023-12-06,07:47,동변동 동변로 부근,2023-12-07,2024-06-03
불법주정차,2023-12-06,07:47,동변동 동변로 부근,2023-12-07,2024-06-03
불법주정차,2023-12-06,07:47,동변동 동변로 부근,2023-12-07,2024-06-03
불법주정차,2023-12-06,07:47,동변동 동변로 부근,2023-12-07,2024-06-03
불법주정차,2023-12-06,07:47,동변동 동변로 부근,2023-12-07,2024-06-03
불법주정차,2023-12-06,07:48,동변동 617-1 부근,2023-12-07,2024-06-03
불법주정차,2023-12-06,07:48,구암동 구암서로 부근,2023-12-07,2024-06-03
불법주정차,2023-12-06,07:50,동변동 동변로 부근,2023-12-07,2024-06-03
불법주정차,2023-12-06,07:51,노원동2가 255 부근 인도,2023-12-11,2024-06-03
불법주정차,2023-12-06,07:53,칠성초등학교,2023-12-07,2024-06-03
불법주정차,2023-12-06,07:54,노원동1가 265-9 부근 인도,2023-12-11,2024-06-03
불법주정차,2023-12-06,07:57,유림노르웨이숲,2023-12-07,2024-06-03
불법주정차,2023-12-06,07:59,유림노르웨이숲,2023-12-07,2024-06-03
불법주정차,2023-12-06,07:59,유림노르웨이숲,2023-12-07,2024-06-03
불법주정차,2023-12-06,08:01,칠성시장 화재(소방),2023-12-07,2024-06-03
불법주정차,2023-12-06,08:03,오페라 클래시아,2023-12-07,2024-06-03
불법주정차,2023-12-06,08:04,동변공원 사거리,2023-12-07,2024-06-03
불법주정차,2023-12-06,08:04,오페라 클래시아,2023-12-07,2024-06-03
불법주정차,2023-12-06,08:06,칠성동2가 2-12 부근,2023-12-11,2024-06-03
불법주정차,2023-12-06,08:09,오페라 클래시아,2023-12-07,2024-06-03
불법주정차,2023-12-06,08:10,오페라 클래시아,2023-12-07,2024-06-03
불법주정차,2023-12-06,08:10,동변공원 사거리,2023-12-07,2024-06-03
불법주정차,2023-12-06,08:11,오페라 클래시아,2023-12-07,2024-06-03
불법주정차,2023-12-06,08:12,산격동 1130-6 부근 모퉁이,2023-12-11,2024-06-03
불법주정차,2023-12-06,08:23,칠성동 꽃시장 (아름나라,2023-12-07,2024-06-03
불법주정차,2023-12-06,08:25,유림노르웨이숲,2023-12-07,2024-06-03
불법주정차,2023-12-06,08:28,서변동 1751-9 부근 횡단보도,2023-12-12,2024-06-03
불법주정차,2023-12-06,08:43,검단동 1128-3 부근 횡단보도,2023-12-11,2024-06-03
불법주정차,2023-12-06,08:45,침산동 126-15 부근 횡단보도,2023-12-11,2024-06-03
불법주정차,2023-12-06,08:50,대구역 오페라더블유2,2023-12-07,2024-06-03
불법주정차,2023-12-06,08:51,북부초등학교,2023-12-07,2024-06-03
불법주정차,2023-12-06,08:53,서변공영주차장 사거리,2023-12-07,2024-06-03
불법주정차,2023-12-06,08:53,검단동 887-117 부근 횡단보도,2023-12-11,2024-06-03
불법주정차,2023-12-06,08:58,대구역 오페라더블유2,2023-12-07,2024-06-03
불법주정차,2023-12-06,09:03,서변동 1755-8 부근 횡단보도,2023-12-12,2024-06-03
불법주정차,2023-12-06,09:04,오페라코오롱하늘채 앞,2023-12-07,2024-06-03
불법주정차,2023-12-06,09:08,칠성시장교통섬,2023-12-07,2024-06-03
불법주정차,2023-12-06,09:12,노원한신더휴 동문,2023-12-07,2024-06-03
불법주정차,2023-12-06,09:13,남다른 감자탕,2023-12-07,2024-06-03
불법주정차,2023-12-06,09:17,매천초등학교,2023-12-07,2024-06-03
불법주정차,2023-12-06,09:24,칠성동 꽃시장 (아름나라,2023-12-07,2024-06-03
불법주정차,2023-12-06,09:28,칠성동 꽃시장 (아름나라,2023-12-07,2024-06-03
불법주정차,2023-12-06,09:32,칠성동 꽃시장 (아름나라,2023-12-07,2024-06-03
불법주정차,2023-12-06,09:43,노원동2가 293-1 부근 횡단보도,2023-12-11,2024-06-03
불법주정차,2023-12-06,09:50,동아아울렛 뒷편,2023-12-07,2024-06-03
불법주정차,2023-12-06,09:56,새동산산부인과,2023-12-07,2024-06-03
불법주정차,2023-12-06,09:56,새동산산부인과,2023-12-07,2024-06-03
불법주정차,2023-12-06,09:57,산격동 14-116 부근 모퉁이,2023-12-11,2024-06-03
불법주정차,2023-12-06,09:59,사수동 센스마트,2023-12-07,2024-06-03
불법주정차,2023-12-06,10:06,사수동 센스마트,2023-12-07,2024-06-03
불법주정차,2023-12-06,10:09,르노삼성자동차 침산점,2023-12-07,2024-06-03
불법주정차,2023-12-06,10:12,대구역 오페라더블유2,2023-12-07,2024-06-03
불법주정차,2023-12-06,10:16,새동산산부인과,2023-12-07,2024-06-03
불법주정차,2023-12-06,10:17,팔달동 칠곡중앙대로 부근,2023-12-07,2024-06-03
불법주정차,2023-12-06,10:18,칠곡초등학교 진입로,2023-12-07,2024-06-03
불법주정차,2023-12-06,10:22,칠성시장 화재(소방),2023-12-07,2024-06-03
불법주정차,2023-12-06,10:23,구암동 농협중앙회,2023-12-07,2024-06-03
불법주정차,2023-12-06,10:25,검단동 537-3 부근 버스정류소,2023-12-12,2024-06-03
불법주정차,2023-12-06,10:26,새동산산부인과,2023-12-07,2024-06-03
불법주정차,2023-12-06,10:35,팔달동 대구수산시장,2023-12-07,2024-06-03
불법주정차,2023-12-06,10:35,노원한신더휴 동문,2023-12-07,2024-06-03
불법주정차,2023-12-06,10:37,연경동 연경지묘로 부근,2023-12-07,2024-06-03
불법주정차,2023-12-06,10:37,연경동 동화천로 부근,2023-12-07,2024-06-03
불법주정차,2023-12-06,10:37,연경동 동화천로 부근,2023-12-07,2024-06-03
불법주정차,2023-12-06,10:38,서변공영주차장 사거리,2023-12-07,2024-06-03
불법주정차,2023-12-06,10:39,연경동 연경중앙로 부근,2023-12-07,2024-06-03
불법주정차,2023-12-06,10:40,연경동 동화천로 부근,2023-12-07,2024-06-03
불법주정차,2023-12-06,10:41,태전동 칠곡중앙대로 부근,2023-12-07,2024-06-03
불법주정차,2023-12-06,10:43,태전동 구암로 부근,2023-12-07,2024-06-03
불법주정차,2023-12-06,10:46,동천동 참약국,2023-12-07,2024-06-03
불법주정차,2023-12-06,10:46,읍내동 1234-159 부근,2023-12-07,2024-06-03
불법주정차,2023-12-06,10:48,KB국민은행침산지점,2023-12-07,2024-06-03
불법주정차,2023-12-06,10:49,읍내동 동암로7길 부근,2023-12-07,2024-06-03
불법주정차,2023-12-06,10:50,읍내동 동암로7길 부근,2023-12-07,2024-06-03
불법주정차,2023-12-06,10:50,읍내동 동암로7길 부근,2023-12-07,2024-06-03
불법주정차,2023-12-06,10:50,읍내동 425 부근,2023-12-07,2024-06-03
불법주정차,2023-12-06,10:56,읍내동 칠곡중앙대로 부근,2023-12-07,2024-06-03
불법주정차,2023-12-06,10:57,서변동 서변로 부근,2023-12-07,2024-06-03
불법주정차,2023-12-06,11:00,서변동 서변로 부근,2023-12-07,2024-06-03
불법주정차,2023-12-06,11:01,서변동 서변로 부근,2023-12-07,2024-06-03
불법주정차,2023-12-06,11:01,서변동 서변로 부근,2023-12-07,2024-06-03
불법주정차,2023-12-06,11:02,서변동 호국로57길 부근,2023-12-07,2024-06-03
불법주정차,2023-12-06,11:03,서변동 서변로 부근,2023-12-07,2024-06-03
불법주정차,2023-12-06,11:03,서변동 서변로 부근,2023-12-07,2024-06-03
불법주정차,2023-12-06,11:04,서변동 서변로3길 부근,2023-12-07,2024-06-03
불법주정차,2023-12-06,11:04,서변동 서변로3길 부근,2023-12-07,2024-06-03
불법주정차,2023-12-06,11:04,서변동 서변로3길 부근,2023-12-07,2024-06-03
불법주정차,2023-12-06,11:05,서변동 망월길 부근,2023-12-07,2024-06-03
불법주정차,2023-12-06,11:08,서변동 서변로 부근,2023-12-07,2024-06-03
불법주정차,2023-12-06,11:08,서변동 서변로 부근,2023-12-07,2024-06-03
불법주정차,2023-12-06,11:08,서변동 서변로 부근,2023-12-07,2024-06-03
불법주정차,2023-12-06,11:08,산격동 1686 부근 소화전,2023-12-11,2024-06-03
불법주정차,2023-12-06,11:09,서변동 서변로 부근,2023-12-07,2024-06-03
불법주정차,2023-12-06,11:09,서변동 서변로3길 부근,2023-12-07,2024-06-03
불법주정차,2023-12-06,11:10,서변동 서변로3길 부근,2023-12-07,2024-06-03
불법주정차,2023-12-06,11:11,서변동 산 33 부근,2023-12-07,2024-06-03
불법주정차,2023-12-06,11:13,구암동 학정로 부근,2023-12-07,2024-06-03
불법주정차,2023-12-06,11:14,구암동 학정로 부근,2023-12-07,2024-06-03
불법주정차,2023-12-06,11:14,구암동 학정로 부근,2023-12-07,2024-06-03
불법주정차,2023-12-06,11:14,구암동 학정로 부근,2023-12-07,2024-06-03
불법주정차,2023-12-06,11:15,구암동 학정로 부근,2023-12-07,2024-06-03
불법주정차,2023-12-06,11:15,구암동 학정로 부근,2023-12-07,2024-06-03
불법주정차,2023-12-06,11:15,구암동 학정로 부근,2023-12-07,2024-06-03
불법주정차,2023-12-06,11:15,구암동 학정로 부근,2023-12-07,2024-06-03
불법주정차,2023-12-06,11:16,구암동 학정로 부근,2023-12-07,2024-06-03
불법주정차,2023-12-06,11:18,동천동 동천로 부근,2023-12-07,2024-06-03
불법주정차,2023-12-06,11:18,침산동 133-60 부근 모퉁이,2023-12-12,2024-06-03
불법주정차,2023-12-06,11:19,동천동 동암로 부근,2023-12-07,2024-06-03
불법주정차,2023-12-06,11:20,동천동 동천로 부근,2023-12-07,2024-06-03
불법주정차,2023-12-06,11:34,칠성시장 화재(소방),2023-12-07,2024-06-03
불법주정차,2023-12-06,11:34,동천동 동천로23길 부근,2023-12-07,2024-06-03
불법주정차,2023-12-06,11:34,동천동 동천로23길 부근,2023-12-07,2024-06-03
불법주정차,2023-12-06,11:34,동천동 동천로23길 부근,2023-12-07,2024-06-03
불법주정차,2023-12-06,11:34,동천동 동천로23길 부근,2023-12-07,2024-06-03
불법주정차,2023-12-06,11:34,서변동 1757 부근 횡단보도,2023-12-11,2024-06-03
불법주정차,2023-12-06,11:35,동천동 동천로23길 부근,2023-12-07,2024-06-03
불법주정차,2023-12-06,11:36,동천동 동천로23길 부근,2023-12-07,2024-06-03
불법주정차,2023-12-06,11:37,동천동 팔거천동로 부근,2023-12-07,2024-06-03
불법주정차,2023-12-06,11:37,동천동 팔거천동로 부근,2023-12-07,2024-06-03
불법주정차,2023-12-06,11:37,동천동 동천로23길 부근,2023-12-07,2024-06-03
불법주정차,2023-12-06,11:38,동천동 동천로 부근,2023-12-07,2024-06-03
불법주정차,2023-12-06,11:38,서변동 1758-8 부근 횡단보도,2023-12-11,2024-06-03
불법주정차,2023-12-06,11:40,동천동 학정로 부근,2023-12-07,2024-06-03
불법주정차,2023-12-06,11:40,동천동 학정로 부근,2023-12-07,2024-06-03
불법주정차,2023-12-06,11:41,동천동 학정로 부근,2023-12-07,2024-06-03
불법주정차,2023-12-06,11:41,동천동 학정로 부근,2023-12-07,2024-06-03
불법주정차,2023-12-06,11:41,동천동 학정로 부근,2023-12-07,2024-06-03
불법주정차,2023-12-06,11:42,동천동 학정로 부근,2023-12-07,2024-06-03
불법주정차,2023-12-06,11:42,동천동 동천로 부근,2023-12-07,2024-06-03
불법주정차,2023-12-06,11:42,동천동 동천로 부근,2023-12-07,2024-06-03
불법주정차,2023-12-06,11:48,산격동 1712 부근 횡단보도,2023-12-11,2024-06-03
불법주정차,2023-12-06,11:57,고성동2가 111-51 부근,2023-12-11,2024-06-03
불법주정차,2023-12-06,12:08,산격동 1426 부근 횡단보도,2023-12-11,2024-06-03
불법주정차,2023-12-06,12:29,검단동 573 부근 인도,2023-12-11,2024-06-03
불법주정차,2023-12-06,12:32,검단동 573 부근 인도,2023-12-11,2024-06-03
불법주정차,2023-12-06,12:42,학정동 941-10 부근 횡단보도,2023-12-12,2024-06-03
불법주정차,2023-12-06,13:02,학정동 937-21 부근 횡단보도,2023-12-12,2024-06-03
불법주정차,2023-12-06,13:04,대학로 파리바게트 부근,2023-12-07,2024-06-03
불법주정차,2023-12-06,13:06,학정동 967 부근 횡단보도,2023-12-12,2024-06-03
불법주정차,2023-12-06,13:37,태전동 1035-6 부근 횡단보도,2023-12-12,2024-06-03
불법주정차,2023-12-06,13:46,복현동 694 부근 횡단보도,2023-12-11,2024-06-03
불법주정차,2023-12-06,13:49,칠성동1가 276-102 부근 버스정류소,2023-12-12,2024-06-03
불법주정차,2023-12-06,14:09,대현동 390 부근 횡단보도,2023-12-12,2024-06-03
불법주정차,2023-12-06,14:15,침산동 옥산로 부근,2023-12-07,2024-06-03
불법주정차,2023-12-06,14:16,침산동 원대로 부근,2023-12-07,2024-06-03
불법주정차,2023-12-06,14:19,고성동3가 고성북로 부근,2023-12-07,2024-06-03
불법주정차,2023-12-06,14:19,고성동3가 고성북로 부근,2023-12-07,2024-06-03
불법주정차,2023-12-06,14:19,고성동3가 고성북로 부근,2023-12-07,2024-06-03
불법주정차,2023-12-06,14:19,고성동3가 고성북로 부근,2023-12-07,2024-06-03
불법주정차,2023-12-06,14:21,고성동3가 고성북로 부근,2023-12-07,2024-06-03
불법주정차,2023-12-06,14:24,산격동 유통단지로 부근,2023-12-07,2024-06-03
불법주정차,2023-12-06,14:24,산격동 유통단지로 부근,2023-12-07,2024-06-03
불법주정차,2023-12-06,14:24,산격동 유통단지로 부근,2023-12-07,2024-06-03
불법주정차,2023-12-06,14:24,태전동 학정로 부근,2023-12-07,2024-06-03
불법주정차,2023-12-06,14:24,태전동 학정로 부근,2023-12-07,2024-06-03
불법주정차,2023-12-06,14:25,고성동2가 칠성남로 부근,2023-12-07,2024-06-03
불법주정차,2023-12-06,14:28,산격동 유통단지로 부근,2023-12-07,2024-06-03
불법주정차,2023-12-06,14:28,구암동 태암남로11길 부근,2023-12-07,2024-06-03
불법주정차,2023-12-06,14:30,새동산산부인과,2023-12-07,2024-06-03
불법주정차,2023-12-06,14:30,관음동 관음동로 부근,2023-12-07,2024-06-03
불법주정차,2023-12-06,14:30,관음동 칠곡중앙대로91길 부근,2023-12-07,2024-06-03
불법주정차,2023-12-06,14:31,노원한신더휴 동문,2023-12-07,2024-06-03
불법주정차,2023-12-06,14:31,새동산산부인과,2023-12-07,2024-06-03
불법주정차,2023-12-06,14:31,관음동 칠곡중앙대로91길 부근,2023-12-07,2024-06-03
불법주정차,2023-12-06,14:31,관음동 칠곡중앙대로91길 부근,2023-12-07,2024-06-03
불법주정차,2023-12-06,14:32,새동산산부인과,2023-12-07,2024-06-03
불법주정차,2023-12-06,14:32,산격동 유통단지로 부근,2023-12-07,2024-06-03
불법주정차,2023-12-06,14:32,산격동 유통단지로 부근,2023-12-07,2024-06-03
불법주정차,2023-12-06,14:32,관음동 칠곡중앙대로91길 부근,2023-12-07,2024-06-03
불법주정차,2023-12-06,14:32,태전동 칠곡중앙대로46길 부근,2023-12-07,2024-06-03
불법주정차,2023-12-06,14:33,유림노르웨이숲,2023-12-07,2024-06-03
불법주정차,2023-12-06,14:34,서변공영주차장 사거리,2023-12-07,2024-06-03
불법주정차,2023-12-06,14:34,읍내동 구암로15길 부근,2023-12-07,2024-06-03
불법주정차,2023-12-06,14:35,유림노르웨이숲,2023-12-07,2024-06-03
불법주정차,2023-12-06,14:35,읍내동 칠곡중앙대로86길 부근,2023-12-07,2024-06-03
불법주정차,2023-12-06,14:36,읍내동 구암로 부근,2023-12-07,2024-06-03
불법주정차,2023-12-06,14:36,읍내동 구암로 부근,2023-12-07,2024-06-03
불법주정차,2023-12-06,14:37,대천초등학교,2023-12-07,2024-06-03
불법주정차,2023-12-06,14:37,침산 화인탑펠리스,2023-12-07,2024-06-03
불법주정차,2023-12-06,14:39,침산 화인탑펠리스,2023-12-07,2024-06-03
불법주정차,2023-12-06,14:40,침산 화인탑펠리스,2023-12-07,2024-06-03
불법주정차,2023-12-06,14:40,동천동 참약국,2023-12-07,2024-06-03
불법주정차,2023-12-06,14:41,침산 화인탑펠리스,2023-12-07,2024-06-03
불법주정차,2023-12-06,14:43,구암동 농협중앙회,2023-12-07,2024-06-03
불법주정차,2023-12-06,14:43,노원한신더휴 동문,2023-12-07,2024-06-03
불법주정차,2023-12-06,14:44,오페라코오롱하늘채 앞,2023-12-07,2024-06-03
불법주정차,2023-12-06,14:44,복현e편한세상 정문,2023-12-07,2024-06-03
불법주정차,2023-12-06,14:45,노원한신더휴 동문,2023-12-07,2024-06-03
불법주정차,2023-12-06,14:46,서변동 941 부근 횡단보도,2023-12-11,2024-06-03
불법주정차,2023-12-06,14:49,침산1동회전교차로1,2023-12-07,2024-06-03
불법주정차,2023-12-06,14:49,금정공원(보행자우선거리,2023-12-07,2024-06-03
불법주정차,2023-12-06,14:51,구암동 태암로 부근,2023-12-07,2024-06-03
불법주정차,2023-12-06,14:53,구암동 구암로 부근,2023-12-07,2024-06-03
불법주정차,2023-12-06,14:55,서변공영주차장 사거리,2023-12-07,2024-06-03
불법주정차,2023-12-06,14:55,구암동 767-2 부근 인도,2023-12-11,2024-06-03
불법주정차,2023-12-06,14:56,태전동 칠곡중앙대로80길 부근,2023-12-07,2024-06-03
불법주정차,2023-12-06,14:56,노원동3가 노원로10길 부근,2023-12-07,2024-06-03
불법주정차,2023-12-06,14:56,노원동3가 노원로10길 부근,2023-12-07,2024-06-03
불법주정차,2023-12-06,14:56,태전동 구암로 부근,2023-12-07,2024-06-03
불법주정차,2023-12-06,14:57,동천동회전교차로1,2023-12-07,2024-06-03
불법주정차,2023-12-06,14:57,노원동3가 노원로10길 부근,2023-12-07,2024-06-03
불법주정차,2023-12-06,14:57,노원동3가 노원로10길 부근,2023-12-07,2024-06-03
불법주정차,2023-12-06,14:57,노원동3가 노원로10길 부근,2023-12-07,2024-06-03
불법주정차,2023-12-06,14:58,산격동 유통단지로13길 부근,2023-12-07,2024-06-03
불법주정차,2023-12-06,14:58,산격동 유통단지로13길 부근,2023-12-07,2024-06-03
불법주정차,2023-12-06,14:58,산격동 유통단지로13길 부근,2023-12-07,2024-06-03
불법주정차,2023-12-06,14:59,구암동 산 68 부근,2023-12-07,2024-06-03
불법주정차,2023-12-06,14:59,구암동 구암로 부근,2023-12-07,2024-06-03
불법주정차,2023-12-06,14:59,구암동 구암로 부근,2023-12-07,2024-06-03
불법주정차,2023-12-06,14:59,읍내동 구암로21길 부근,2023-12-07,2024-06-03
불법주정차,2023-12-06,14:59,읍내동 구암로21길 부근,2023-12-07,2024-06-03
불법주정차,2023-12-06,15:00,읍내동 구암로21길 부근,2023-12-07,2024-06-03
불법주정차,2023-12-06,15:01,새동산산부인과,2023-12-07,2024-06-03
불법주정차,2023-12-06,15:01,산격동 유통단지로 부근,2023-12-07,2024-06-03
불법주정차,2023-12-06,15:02,오페라 클래시아,2023-12-07,2024-06-03
불법주정차,2023-12-06,15:04,함지초등학교,2023-12-07,2024-06-03
불법주정차,2023-12-06,15:04,매천중학교 건너,2023-12-07,2024-06-03
불법주정차,2023-12-06,15:09,구암동 농협중앙회,2023-12-07,2024-06-03
불법주정차,2023-12-06,15:13,북부초등학교,2023-12-07,2024-06-03
불법주정차,2023-12-06,15:16,연경 동화아이위시 앞,2023-12-07,2024-06-03
불법주정차,2023-12-06,15:16,관음동 1237-10 부근 모퉁이,2023-12-11,2024-06-03
불법주정차,2023-12-06,15:18,금호서한이다음정문,2023-12-07,2024-06-03
불법주정차,2023-12-06,15:19,산격동 유통단지로 부근,2023-12-07,2024-06-03
불법주정차,2023-12-06,15:20,산격동 유통단지로 부근,2024-05-27,2024-06-03
불법주정차,2023-12-06,15:22,산격동 유통단지로 부근,2023-12-07,2024-06-03
불법주정차,2023-12-06,15:23,산격동 유통단지로 부근,2023-12-07,2024-06-03
불법주정차,2023-12-06,15:25,영남네오빌아트 후문,2023-12-07,2024-06-03
불법주정차,2023-12-06,15:25,복현동 539-106 부근 횡단보도,2023-12-11,2024-06-03
불법주정차,2023-12-06,15:26,대학로 파리바게트 부근,2023-12-07,2024-06-03
불법주정차,2023-12-06,15:26,노원동3가 520-2 부근 인도,2023-12-11,2024-06-03
불법주정차,2023-12-06,15:29,노원한신더휴 남문,2023-12-07,2024-06-03
불법주정차,2023-12-06,15:30,사수동 센스마트,2023-12-07,2024-06-03
불법주정차,2023-12-06,15:30,관천초등학교,2023-12-07,2024-06-03
불법주정차,2023-12-06,15:32,침산 화인탑펠리스,2023-12-07,2024-06-03
불법주정차,2023-12-06,15:33,칠성동2가 호암로 부근,2023-12-07,2024-06-03
불법주정차,2023-12-06,15:34,대학로 파리바게트 부근,2023-12-07,2024-06-03
불법주정차,2023-12-06,15:34,동아아울렛 뒷편,2023-12-07,2024-06-03
불법주정차,2023-12-06,15:36,북부초등학교,2023-12-07,2024-06-03
불법주정차,2023-12-06,15:36,칠성동2가 중앙대로 부근,2023-12-07,2024-06-03
불법주정차,2023-12-06,15:37,칠곡농협 관음지점,2023-12-07,2024-06-03
불법주정차,2023-12-06,15:39,태전동 151-9 부근 인도,2023-12-12,2024-06-03
불법주정차,2023-12-06,15:42,대현도서관교차로,2023-12-07,2024-06-03
불법주정차,2023-12-06,15:42,칠성동2가 칠성남로30길 부근,2023-12-07,2024-06-03
불법주정차,2023-12-06,15:42,칠성동2가 칠성남로30길 부근,2023-12-07,2024-06-03
불법주정차,2023-12-06,15:42,칠성동2가 칠성남로38길 부근,2023-12-07,2024-06-03
불법주정차,2023-12-06,15:43,칠성동2가 칠성남로 부근,2023-12-07,2024-06-03
불법주정차,2023-12-06,15:44,칠성동2가 칠성남로30길 부근,2023-12-07,2024-06-03
불법주정차,2023-12-06,15:45,칠성동2가 칠성남로29길 부근,2023-12-07,2024-06-03
불법주정차,2023-12-06,15:47,침산동 매일천막 앞,2023-12-07,2024-06-03
불법주정차,2023-12-06,15:48,칠성동 꽃시장 (아름나라,2023-12-07,2024-06-03
불법주정차,2023-12-06,15:48,칠성동2가 중앙대로106길 부근,2023-12-07,2024-06-03
불법주정차,2023-12-06,15:49,칠곡초등학교,2023-12-07,2024-06-03
불법주정차,2023-12-06,15:51,침산동 호암로 부근,2023-12-07,2024-06-03
불법주정차,2023-12-06,15:52,농협연경지점 삼거리,2023-12-07,2024-06-03
불법주정차,2023-12-06,16:02,칠곡에덴타운건너,2023-12-07,2024-06-03
불법주정차,2023-12-06,16:04,침산 화성파크드림,2023-12-07,2024-06-03
불법주정차,2023-12-06,16:06,팔달초등학교,2023-12-07,2024-06-03
불법주정차,2023-12-06,16:10,연경동 동화천로 부근,2023-12-07,2024-06-03
불법주정차,2023-12-06,16:11,침산동 매일천막 앞,2023-12-07,2024-06-03
불법주정차,2023-12-06,16:13,동아아울렛 뒷편,2023-12-07,2024-06-03
불법주정차,2023-12-06,16:13,대구역 오페라더블유2,2023-12-07,2024-06-03
불법주정차,2023-12-06,16:14,동천동회전교차로2,2023-12-07,2024-06-03
불법주정차,2023-12-06,16:15,유림노르웨이숲,2023-12-07,2024-06-03
불법주정차,2023-12-06,16:19,사수동 952 부근 모퉁이,2023-12-11,2024-06-03
불법주정차,2023-12-06,16:22,침산동 성북로 부근,2023-12-07,2024-06-03
불법주정차,2023-12-06,16:22,침산동 성북로 부근,2023-12-07,2024-06-03
불법주정차,2023-12-06,16:23,사수동 한강로2길 부근,2023-12-07,2024-06-03
불법주정차,2023-12-06,16:23,사수동 한강로2길 부근,2023-12-07,2024-06-03
불법주정차,2023-12-06,16:24,침산 화인탑펠리스,2023-12-07,2024-06-03
불법주정차,2023-12-06,16:25,침산동 성북로 부근,2023-12-07,2024-06-03
불법주정차,2023-12-06,16:25,침산동 성북로 부근,2023-12-07,2024-06-03
불법주정차,2023-12-06,16:25,침산동 침산로 부근,2023-12-07,2024-06-03
불법주정차,2023-12-06,16:26,침산동 성북로 부근,2023-12-07,2024-06-03
불법주정차,2023-12-06,16:26,연경동 연경지묘로 부근,2023-12-07,2024-06-03
불법주정차,2023-12-06,16:26,연경동 연경지묘로 부근,2023-12-07,2024-06-03
불법주정차,2023-12-06,16:26,사수동 내곡로 부근,2023-12-07,2024-06-03
불법주정차,2023-12-06,16:26,사수동 내곡로 부근,2023-12-07,2024-06-03
불법주정차,2023-12-06,16:26,연경동 동화천로 부근,2023-12-07,2024-06-03
불법주정차,2023-12-06,16:26,연경동 동화천로 부근,2023-12-07,2024-06-03
불법주정차,2023-12-06,16:26,사수동 내곡로 부근,2023-12-07,2024-06-03
불법주정차,2023-12-06,16:26,복현동 복현로 부근,2023-12-07,2024-06-03
불법주정차,2023-12-06,16:26,연경동 동화천로 부근,2023-12-07,2024-06-03
불법주정차,2023-12-06,16:27,연경동 동화천로 부근,2023-12-07,2024-06-03
불법주정차,2023-12-06,16:27,연경동 동화천로 부근,2023-12-07,2024-06-03
불법주정차,2023-12-06,16:27,사수동 내곡로 부근,2023-12-07,2024-06-03
불법주정차,2023-12-06,16:27,복현동 동북로57길 부근,2023-12-07,2024-06-03
불법주정차,2023-12-06,16:27,사수동 내곡로 부근,2023-12-07,2024-06-03
불법주정차,2023-12-06,16:27,연경동 동화천로 부근,2023-12-07,2024-06-03
불법주정차,2023-12-06,16:27,사수동 내곡로 부근,2023-12-07,2024-06-03
불법주정차,2023-12-06,16:27,사수동 내곡로 부근,2023-12-07,2024-06-03
불법주정차,2023-12-06,16:27,복현동 동북로57길 부근,2023-12-07,2024-06-03
불법주정차,2023-12-06,16:27,사수동 내곡로 부근,2023-12-07,2024-06-03
불법주정차,2023-12-06,16:27,복현동 동북로57길 부근,2023-12-07,2024-06-03
불법주정차,2023-12-06,16:27,복현동 동북로57길 부근,2023-12-07,2024-06-03
불법주정차,2023-12-06,16:27,복현동 동북로57길 부근,2023-12-07,2024-06-03
불법주정차,2023-12-06,16:28,복현동 동북로53길 부근,2023-12-07,2024-06-03
불법주정차,2023-12-06,16:28,연경동 연경중앙로 부근,2023-12-07,2024-06-03
불법주정차,2023-12-06,16:29,관천초등학교,2023-12-07,2024-06-03
불법주정차,2023-12-06,16:29,침산 화성파크드림,2023-12-07,2024-06-03
불법주정차,2023-12-06,16:29,연경동 연경중앙로 부근,2023-12-07,2024-06-03
불법주정차,2023-12-06,16:29,연경동 연경중앙로 부근,2023-12-07,2024-06-03
불법주정차,2023-12-06,16:29,침산동 침산로 부근,2023-12-07,2024-06-03
불법주정차,2023-12-06,16:29,연경동 동화천로 부근,2023-12-07,2024-06-03
불법주정차,2023-12-06,16:29,금호동 803 부근 횡단보도,2023-12-11,2024-06-03
불법주정차,2023-12-06,16:31,사수동 내곡로 부근,2023-12-07,2024-06-03
불법주정차,2023-12-06,16:32,매천동 693 부근 횡단보도,2023-12-12,2024-06-03
불법주정차,2023-12-06,16:33,노원한신더휴 동문,2023-12-07,2024-06-03
불법주정차,2023-12-06,16:34,산격동 대동로1길 부근,2023-12-07,2024-06-03
불법주정차,2023-12-06,16:35,산격동 대동로1길 부근,2023-12-07,2024-06-03
불법주정차,2023-12-06,16:35,산격동 대동로1길 부근,2023-12-07,2024-06-03
불법주정차,2023-12-06,16:35,산격동 대동로1길 부근,2023-12-07,2024-06-03
불법주정차,2023-12-06,16:35,산격동 대동로1길 부근,2023-12-07,2024-06-03
불법주정차,2023-12-06,16:35,산격동 대동로1길 부근,2023-12-07,2024-06-03
불법주정차,2023-12-06,16:35,산격동 대동로1길 부근,2023-12-07,2024-06-03
불법주정차,2023-12-06,16:36,산격동 동북로 부근,2023-12-07,2024-06-03
불법주정차,2023-12-06,16:38,운암초등학교,2023-12-07,2024-06-03
불법주정차,2023-12-06,16:39,새동산산부인과,2023-12-07,2024-06-03
불법주정차,2023-12-06,16:39,동천동회전교차로2,2023-12-07,2024-06-03
불법주정차,2023-12-06,16:42,칠성시장교통섬,2023-12-07,2024-06-03
불법주정차,2023-12-06,16:42,관남초등학교,2023-12-07,2024-06-03
불법주정차,2023-12-06,16:45,서변동 1148-1 부근 횡단보도,2023-12-12,2024-06-03
불법주정차,2023-12-06,16:47,서변동 1148-1 부근 횡단보도,2023-12-12,2024-06-03
불법주정차,2023-12-06,16:51,노원한신더휴 남문,2023-12-07,2024-06-03
불법주정차,2023-12-06,16:51,동아아울렛 뒷편,2023-12-07,2024-06-03
불법주정차,2023-12-06,16:54,침산 화인탑펠리스,2023-12-07,2024-06-03
불법주정차,2023-12-06,16:55,농협침산지점앞,2023-12-07,2024-06-03
불법주정차,2023-12-06,16:59,새동산산부인과,2023-12-07,2024-06-03
불법주정차,2023-12-06,17:05,칠성시장교통섬,2023-12-07,2024-06-03
불법주정차,2023-12-06,17:05,칠성시장 화재(소방),2023-12-07,2024-06-03
불법주정차,2023-12-06,17:07,칠성시장 화재(소방),2023-12-07,2024-06-03
불법주정차,2023-12-06,17:11,노원한신더휴 동문,2023-12-07,2024-06-03
불법주정차,2023-12-06,17:11,침산 화인탑펠리스,2023-12-07,2024-06-03
불법주정차,2023-12-06,17:14,구암동 농협중앙회,2023-12-07,2024-06-03
불법주정차,2023-12-06,17:14,대구역 오페라더블유2,2023-12-07,2024-06-03
불법주정차,2023-12-06,17:15,관음 상가,2023-12-07,2024-06-03
불법주정차,2023-12-06,17:16,북부초등학교,2023-12-07,2024-06-03
불법주정차,2023-12-06,17:17,국우동 1111 부근 횡단보도,2023-12-11,2024-06-03
불법주정차,2023-12-06,17:34,침산동 133-40 부근 모퉁이,2023-12-12,2024-06-03
불법주정차,2023-12-06,17:41,동천동 954-1 부근 횡단보도,2023-12-12,2024-06-03
불법주정차,2023-12-06,17:41,복현동 404-3 부근,2023-12-12,2024-06-03
불법주정차,2023-12-06,17:41,복현동 404-3 부근,2023-12-12,2024-06-03
불법주정차,2023-12-06,17:42,고성동3가 고성북로 부근,2023-12-07,2024-06-03
불법주정차,2023-12-06,17:42,복현동 404-3 부근,2023-12-12,2024-06-03
불법주정차,2023-12-06,17:59,칠성동2가 302-114 부근 소화전,2023-12-11,2024-06-03
불법주정차,2023-12-06,18:01,서변동 1754-8 부근 횡단보도,2023-12-11,2024-06-03
불법주정차,2023-12-06,18:31,태전동 976-9 부근 모퉁이,2023-12-11,2024-06-03
불법주정차,2023-12-06,18:33,태전동 1033-6 부근 횡단보도,2023-12-11,2024-06-03
불법주정차,2023-12-06,18:33,태전동 964-12 부근 모퉁이,2023-12-11,2024-06-03
불법주정차,2023-12-06,18:37,산격동 1279-21 부근,2023-12-12,2024-06-03
불법주정차,2023-12-06,18:39,태전동 951-6 부근 횡단보도,2023-12-11,2024-06-03
불법주정차,2023-12-06,18:48,구암동 649-4 부근 인도,2023-12-11,2024-06-03
불법주정차,2023-12-06,19:01,침산동 1750 부근,2023-12-11,2024-06-03
불법주정차,2023-12-06,19:22,태전동 253-14 부근 인도,2023-12-12,2024-06-03
불법주정차,2023-12-06,19:26,태전동 253-14 부근 인도,2023-12-12,2024-06-03
불법주정차,2023-12-06,19:49,복현동 713 부근,2023-12-12,2024-06-03
불법주정차,2023-12-06,19:49,복현동 713 부근,2023-12-12,2024-06-03
불법주정차,2023-12-06,19:49,복현동 713 부근,2023-12-12,2024-06-03
불법주정차,2023-12-06,19:50,복현동 713 부근,2023-12-12,2024-06-03
불법주정차,2023-12-06,19:50,복현동 713 부근,2023-12-12,2024-06-03
불법주정차,2023-12-06,19:50,복현동 713 부근,2023-12-12,2024-06-03
불법주정차,2023-12-06,19:53,태전동 215-2 부근 버스정류소,2023-12-11,2024-06-03
불법주정차,2023-12-06,19:54,태전동 215-2 부근 인도,2023-12-11,2024-06-03
불법주정차,2023-12-06,19:55,복현동 339-14 부근,2023-12-11,2024-06-03
불법주정차,2023-12-06,20:07,관음동 1237 부근 횡단보도,2023-12-11,2024-06-03
불법주정차,2023-12-06,20:10,칠성동2가 369-1 부근 횡단보도,2023-12-11,2024-06-03
불법주정차,2023-12-06,21:18,동천동 900-2 부근 횡단보도,2023-12-12,2024-06-03
불법주정차,2023-12-06,21:20,동천동 899-3 부근 횡단보도,2024-05-17,2024-06-03
불법주정차,2023-12-06,21:21,동천동 897-9 부근 횡단보도,2023-12-12,2024-06-03
불법주정차,2023-12-06,21:36,동천동 907-7 부근 버스정류소,2023-12-11,2024-06-03
불법주정차,2023-12-06,22:39,관음동 209 부근 횡단보도,2023-12-12,2024-06-03
불법주정차,2023-12-06,22:41,관음동 1257-11 부근 버스정류소,2023-12-12,2024-06-03
불법주정차,2023-12-07,01:00,학정동 943-3 부근 모퉁이,2023-12-11,2024-06-03
불법주정차,2023-12-07,06:44,관음동 1323-8 부근 횡단보도,2023-12-11,2024-06-03
불법주정차,2023-12-07,06:47,관음동 1323-8 부근 횡단보도,2023-12-11,2024-06-03
불법주정차,2023-12-07,07:01,노원한신더휴 동문,2023-12-08,2024-06-03
불법주정차,2023-12-07,07:02,동천동회전교차로1,2023-12-08,2024-06-03
불법주정차,2023-12-07,07:03,유림노르웨이숲,2023-12-08,2024-06-03
불법주정차,2023-12-07,07:04,경대북문 건너편,2023-12-08,2024-06-03
불법주정차,2023-12-07,07:04,유림노르웨이숲,2023-12-08,2024-06-03
불법주정차,2023-12-07,07:04,운암초등학교,2023-12-08,2024-06-03
불법주정차,2023-12-07,07:04,금호서한이다음정문,2023-12-08,2024-06-03
불법주정차,2023-12-07,07:04,유림노르웨이숲,2023-12-08,2024-06-03
불법주정차,2023-12-07,07:05,칠성시장 화재(소방),2023-12-08,2024-06-03
불법주정차,2023-12-07,07:06,침산동 매일천막 앞,2023-12-08,2024-06-03
불법주정차,2023-12-07,07:06,칠곡초등학교 진입로,2023-12-08,2024-06-03
불법주정차,2023-12-07,07:07,칠성시장 화재(소방),2023-12-08,2024-06-03
불법주정차,2023-12-07,07:08,유림노르웨이숲,2023-12-08,2024-06-03
불법주정차,2023-12-07,07:10,동천동회전교차로1,2023-12-08,2024-06-03
불법주정차,2023-12-07,07:11,대구일중학교 정문 앞,2023-12-08,2024-06-03
불법주정차,2023-12-07,07:11,산격동 경대북문,2023-12-08,2024-06-03
불법주정차,2023-12-07,07:11,대구일중학교 정문 앞,2023-12-08,2024-06-03
불법주정차,2023-12-07,07:11,침산 화인탑펠리스,2023-12-08,2024-06-03
불법주정차,2023-12-07,07:12,침산동 매일천막 앞,2023-12-08,2024-06-03
불법주정차,2023-12-07,07:12,칠성초등학교 진입로,2023-12-08,2024-06-03
불법주정차,2023-12-07,07:12,금호서한이다음정문,2023-12-08,2024-06-03
불법주정차,2023-12-07,07:17,침산동 침산로21길 부근,2023-12-08,2024-06-03
불법주정차,2023-12-07,07:17,침산동 침산남로 부근,2023-12-08,2024-06-03
불법주정차,2023-12-07,07:18,침산동 침산남로 부근,2023-12-08,2024-06-03
불법주정차,2023-12-07,07:18,침산동 침산남로 부근,2023-12-08,2024-06-03
불법주정차,2023-12-07,07:20,동대구시장,2023-12-08,2024-06-03
불법주정차,2023-12-07,07:21,칠성동2가 침산로 부근,2023-12-08,2024-06-03
불법주정차,2023-12-07,07:21,칠성동2가 침산로 부근,2023-12-08,2024-06-03
불법주정차,2023-12-07,07:30,엑스코 앞,2023-12-08,2024-06-03
불법주정차,2023-12-07,07:31,복현동 검단로 부근,2023-12-08,2024-06-03
불법주정차,2023-12-07,07:32,복현동 복현로 부근,2023-12-08,2024-06-03
불법주정차,2023-12-07,07:33,복현동 복현로 부근,2023-12-08,2024-06-03
불법주정차,2023-12-07,07:34,사수동 한강로 부근,2023-12-08,2024-06-03
불법주정차,2023-12-07,07:35,국우동 학남로15길 부근,2023-12-08,2024-06-03
불법주정차,2023-12-07,07:35,사수동 한강로 부근,2023-12-08,2024-06-03
불법주정차,2023-12-07,07:35,읍내동 660-2 부근,2023-12-11,2024-06-03
불법주정차,2023-12-07,07:36,사수동 한강로2길 부근,2023-12-08,2024-06-03
불법주정차,2023-12-07,07:38,학정동 학남로 부근,2023-12-08,2024-06-03
불법주정차,2023-12-07,07:39,사수동 728 부근,2023-12-08,2024-06-03
불법주정차,2023-12-07,07:39,사수동 728 부근,2023-12-08,2024-06-03
불법주정차,2023-12-07,07:44,대구역 오페라더블유2,2023-12-08,2024-06-03
불법주정차,2023-12-07,07:44,동천동 동천로 부근,2023-12-08,2024-06-03
불법주정차,2023-12-07,07:44,동천동 동천로 부근,2023-12-08,2024-06-03
불법주정차,2023-12-07,07:44,동천동 동천로 부근,2023-12-08,2024-06-03
불법주정차,2023-12-07,07:45,칠성동2가 656-1 부근,2023-12-11,2024-06-03
불법주정차,2023-12-07,07:47,동천동 동천로 부근,2023-12-08,2024-06-03
불법주정차,2023-12-07,07:52,검단동 검단공단로 부근,2023-12-08,2024-06-03
불법주정차,2023-12-07,07:52,검단동 검단공단로 부근,2023-12-08,2024-06-03
불법주정차,2023-12-07,07:53,검단동 검단공단로 부근,2023-12-08,2024-06-03
불법주정차,2023-12-07,07:53,검단동 검단공단로 부근,2023-12-08,2024-06-03
불법주정차,2023-12-07,07:54,산격동 유통단지로8길 부근,2023-12-08,2024-06-03
불법주정차,2023-12-07,07:54,산격동 유통단지로8길 부근,2023-12-08,2024-06-03
불법주정차,2023-12-07,07:54,산격동 유통단지로8길 부근,2023-12-08,2024-06-03
불법주정차,2023-12-07,07:55,산격동 유통단지로8길 부근,2023-12-08,2024-06-03
불법주정차,2023-12-07,07:55,매천동 매전로4길 부근,2023-12-08,2024-06-03
불법주정차,2023-12-07,07:59,태전동 222-2 부근 인도,2023-12-11,2024-06-03
불법주정차,2023-12-07,08:03,오페라 클래시아,2023-12-08,2024-06-03
불법주정차,2023-12-07,08:03,동변공원 사거리,2023-12-08,2024-06-03
불법주정차,2023-12-07,08:04,오페라 클래시아,2023-12-08,2024-06-03
불법주정차,2023-12-07,08:06,영남네오빌아트 후문,2023-12-08,2024-06-03
불법주정차,2023-12-07,08:11,오페라 클래시아,2023-12-08,2024-06-03
불법주정차,2023-12-07,08:12,오페라 클래시아,2023-12-08,2024-06-03
불법주정차,2023-12-07,08:19,오페라 클래시아,2023-12-08,2024-06-03
불법주정차,2023-12-07,08:24,유림노르웨이숲,2023-12-08,2024-06-03
불법주정차,2023-12-07,08:25,유림노르웨이숲,2023-12-08,2024-06-03
불법주정차,2023-12-07,08:35,르노삼성자동차 침산점,2023-12-08,2024-06-03
불법주정차,2023-12-07,08:41,산격동 경대북문,2023-12-08,2024-06-03
불법주정차,2023-12-07,08:41,국우동 1085-2 부근 모퉁이,2023-12-11,2024-06-03
불법주정차,2023-12-07,08:45,칠성시장 화재(소방),2023-12-08,2024-06-03
불법주정차,2023-12-07,08:52,서변공영주차장 사거리,2023-12-08,2024-06-03
불법주정차,2023-12-07,08:55,구암동 농협중앙회,2024-04-04,2024-06-03
불법주정차,2023-12-07,09:06,삼영초등학교,2023-12-08,2024-06-03
불법주정차,2023-12-07,09:10,북부초등학교,2023-12-08,2024-06-03
불법주정차,2023-12-07,09:19,칠성시장교통섬,2023-12-08,2024-06-03
불법주정차,2023-12-07,09:35,유림노르웨이숲,2023-12-08,2024-06-03
불법주정차,2023-12-07,09:43,서변공영주차장 사거리,2023-12-08,2024-06-03
불법주정차,2023-12-07,09:46,칠성시장교통섬,2023-12-08,2024-06-03
불법주정차,2023-12-07,09:54,복현동 73 부근 인도,2023-12-11,2024-06-03
불법주정차,2023-12-07,09:55,사수동 센스마트,2023-12-08,2024-06-03
불법주정차,2023-12-07,09:57,사수동 센스마트,2023-12-08,2024-06-03
불법주정차,2023-12-07,09:57,칠성시장 화재(소방),2023-12-08,2024-06-03
불법주정차,2023-12-07,10:00,오페라코오롱하늘채 앞,2023-12-08,2024-06-03
불법주정차,2023-12-07,10:01,대현도서관교차로,2023-12-08,2024-06-03
불법주정차,2023-12-07,10:02,노원동주민센터 사거리,2023-12-08,2024-06-03
불법주정차,2023-12-07,10:04,노원한신더휴 동문,2023-12-08,2024-06-03
불법주정차,2023-12-07,10:06,새동산산부인과,2023-12-08,2024-06-03
불법주정차,2023-12-07,10:13,노원한신더휴 동문,2023-12-08,2024-06-03
불법주정차,2023-12-07,10:13,침산동 341-5 부근 인도,2023-12-11,2024-06-03
불법주정차,2023-12-07,10:15,복현동 시티병원,2023-12-08,2024-06-03
불법주정차,2023-12-07,10:18,매천동 매천로18길 부근,2023-12-08,2024-06-03
불법주정차,2023-12-07,10:19,매천동 매전로4길 부근,2023-12-08,2024-06-03
불법주정차,2023-12-07,10:20,칠성시장교통섬,2023-12-08,2024-06-03
불법주정차,2023-12-07,10:21,태전동 매전로 부근,2023-12-08,2024-06-03
불법주정차,2023-12-07,10:24,태전동 학정로 부근,2023-12-08,2024-06-03
불법주정차,2023-12-07,10:27,태전동 255-9 부근 횡단보도,2023-12-11,2024-06-03
불법주정차,2023-12-07,10:27,노원동1가 10-2 부근 횡단보도,2023-12-11,2024-06-03
불법주정차,2023-12-07,10:29,매천동 매전로4길 부근,2023-12-08,2024-06-03
불법주정차,2023-12-07,10:32,운암고등학교,2023-12-08,2024-06-03
불법주정차,2023-12-07,10:45,농협침산지점앞,2023-12-08,2024-06-03
불법주정차,2023-12-07,10:47,금정공원(보행자우선거리,2023-12-08,2024-06-03
불법주정차,2023-12-07,10:47,경대북문 건너편,2023-12-08,2024-06-03
불법주정차,2023-12-07,10:50,관음동 칠곡중앙대로91길 부근,2023-12-08,2024-06-03
불법주정차,2023-12-07,10:50,복현동 동북로57길 부근,2023-12-08,2024-06-03
불법주정차,2023-12-07,10:50,복현동 동북로57길 부근,2023-12-08,2024-06-03
불법주정차,2023-12-07,10:51,읍내동 구암로15길 부근,2023-12-08,2024-06-03
불법주정차,2023-12-07,10:51,읍내동 구암로 부근,2023-12-08,2024-06-03
불법주정차,2023-12-07,10:51,읍내동 구암로 부근,2023-12-08,2024-06-03
불법주정차,2023-12-07,10:51,읍내동 구암로 부근,2023-12-08,2024-06-03
불법주정차,2023-12-07,10:51,복현동 동북로57길 부근,2023-12-08,2024-06-03
불법주정차,2023-12-07,10:51,복현동 동북로57길 부근,2023-12-08,2024-06-03
불법주정차,2023-12-07,10:52,복현동 동북로57길 부근,2023-12-08,2024-06-03
불법주정차,2023-12-07,10:52,복현동 복현로 부근,2023-12-08,2024-06-03
불법주정차,2023-12-07,10:53,읍내동 구암로15길 부근,2023-12-08,2024-06-03
불법주정차,2023-12-07,10:53,읍내동 칠곡중앙대로86길 부근,2023-12-08,2024-06-03
불법주정차,2023-12-07,10:54,읍내동 칠곡중앙대로86길 부근,2023-12-08,2024-06-03
불법주정차,2023-12-07,10:54,읍내동 칠곡중앙대로86길 부근,2023-12-08,2024-06-03
불법주정차,2023-12-07,10:54,읍내동 칠곡중앙대로 부근,2023-12-08,2024-06-03
불법주정차,2023-12-07,10:54,읍내동 칠곡중앙대로 부근,2023-12-08,2024-06-03
불법주정차,2023-12-07,10:57,읍내동 칠곡중앙대로 부근,2023-12-08,2024-06-03
불법주정차,2023-12-07,10:57,산격동 1426 부근 횡단보도,2023-12-11,2024-06-03
불법주정차,2023-12-07,11:00,산격동 1426 부근 모퉁이,2023-12-11,2024-06-03
불법주정차,2023-12-07,11:05,동천동 팔거천동로 부근,2023-12-08,2024-06-03
불법주정차,2023-12-07,11:05,동천동 팔거천동로 부근,2023-12-08,2024-06-03
불법주정차,2023-12-07,11:05,칠성동2가 409-106 부근,2023-12-11,2024-06-03
불법주정차,2023-12-07,11:07,동천동 동천로23길 부근,2023-12-08,2024-06-03
불법주정차,2023-12-07,11:08,동천동 동암로12길 부근,2023-12-08,2024-06-03
불법주정차,2023-12-07,11:08,동천동 동암로12길 부근,2023-12-08,2024-06-03
불법주정차,2023-12-07,11:10,동천동 동암로12길 부근,2023-12-08,2024-06-03
불법주정차,2023-12-07,11:12,동천동 동암로 부근,2023-12-08,2024-06-03
불법주정차,2023-12-07,11:19,학정동 칠곡중앙대로136길 부근,2023-12-08,2024-06-03
불법주정차,2023-12-07,11:19,학정동 칠곡중앙대로136길 부근,2023-12-08,2024-06-03
불법주정차,2023-12-07,11:19,학정동 칠곡중앙대로136길 부근,2023-12-08,2024-06-03
불법주정차,2023-12-07,11:20,학정동 칠곡중앙대로136길 부근,2023-12-08,2024-06-03
불법주정차,2023-12-07,11:20,학정동 칠곡중앙대로136길 부근,2023-12-08,2024-06-03
불법주정차,2023-12-07,11:20,학정동 474 부근,2023-12-08,2024-06-03
불법주정차,2023-12-07,11:20,학정동 474 부근,2023-12-08,2024-06-03
불법주정차,2023-12-07,11:20,서변동 1757-8 부근 횡단보도,2023-12-11,2024-06-03
불법주정차,2023-12-07,11:21,학정동 칠곡중앙대로136길 부근,2023-12-08,2024-06-03
불법주정차,2023-12-07,11:22,칠성동2가 태평로 부근,2023-12-08,2024-06-03
불법주정차,2023-12-07,11:22,학정동 칠곡중앙대로136길 부근,2023-12-08,2024-06-03
불법주정차,2023-12-07,11:22,학정동 칠곡중앙대로136길 부근,2023-12-08,2024-06-03
불법주정차,2023-12-07,11:22,칠성동2가 칠성남로38길 부근,2023-12-08,2024-06-03
불법주정차,2023-12-07,11:23,학정동 칠곡중앙대로136길 부근,2023-12-08,2024-06-03
불법주정차,2023-12-07,11:23,칠성동2가 칠성남로 부근,2023-12-08,2024-06-03
불법주정차,2023-12-07,11:24,대학로23길,2023-12-08,2024-06-03
불법주정차,2023-12-07,11:24,복현동 경대로19길 부근,2023-12-08,2024-06-03
불법주정차,2023-12-07,11:24,칠성동2가 칠성남로30길 부근,2023-12-08,2024-06-03
불법주정차,2023-12-07,11:24,칠성동2가 칠성남로30길 부근,2023-12-08,2024-06-03
불법주정차,2023-12-07,11:24,칠성동2가 칠성남로30길 부근,2023-12-08,2024-06-03
불법주정차,2023-12-07,11:25,칠성동2가 칠성남로 부근,2023-12-08,2024-06-03
불법주정차,2023-12-07,11:25,태전동 1068 부근 횡단보도,2023-12-11,2024-06-03
불법주정차,2023-12-07,11:27,학정동 474 부근,2023-12-08,2024-06-03
불법주정차,2023-12-07,11:27,학정동 칠곡중앙대로136길 부근,2023-12-08,2024-06-03
불법주정차,2023-12-07,11:27,학정동 칠곡중앙대로136길 부근,2023-12-08,2024-06-03
불법주정차,2023-12-07,11:28,학정동 칠곡중앙대로136길 부근,2023-12-08,2024-06-03
불법주정차,2023-12-07,11:28,학정동 칠곡중앙대로136길 부근,2023-12-08,2024-06-03
불법주정차,2023-12-07,11:28,복현동 경진로 부근,2023-12-08,2024-06-03
불법주정차,2023-12-07,11:28,동호동 칠곡중앙대로136길 부근,2023-12-08,2024-06-03
불법주정차,2023-12-07,11:28,동호동 칠곡중앙대로136길 부근,2023-12-08,2024-06-03
불법주정차,2023-12-07,11:28,복현동 경진로 부근,2023-12-08,2024-06-03
불법주정차,2023-12-07,11:28,동호동 칠곡중앙대로136길 부근,2023-12-08,2024-06-03
불법주정차,2023-12-07,11:28,동호동 칠곡중앙대로136길 부근,2023-12-08,2024-06-03
불법주정차,2023-12-07,11:29,동호동 칠곡중앙대로136길 부근,2023-12-08,2024-06-03
불법주정차,2023-12-07,11:30,칠성동2가 276-102 부근 버스정류소,2023-12-11,2024-06-03
불법주정차,2023-12-07,11:32,동호동 팔거천동로 부근,2023-12-08,2024-06-03
불법주정차,2023-12-07,11:32,동호동 팔거천동로 부근,2023-12-08,2024-06-03
불법주정차,2023-12-07,11:32,동호동 팔거천동로 부근,2023-12-08,2024-06-03
불법주정차,2023-12-07,11:32,동호동 팔거천동로 부근,2023-12-08,2024-06-03
불법주정차,2023-12-07,11:32,태전동 987-19 부근 모퉁이,2023-12-11,2024-06-03
불법주정차,2023-12-07,11:33,동호동 팔거천동로 부근,2023-12-08,2024-06-03
불법주정차,2023-12-07,11:33,태전동 253-1 부근 횡단보도,2023-12-11,2024-06-03
불법주정차,2023-12-07,11:34,동호동 팔거천동로 부근,2023-12-08,2024-06-03
불법주정차,2023-12-07,11:46,태전동 252-24 부근 인도,2023-12-11,2024-06-03
불법주정차,2023-12-07,11:58,노원동3가 1142-5 부근 횡단보도,2023-12-11,2024-06-03
불법주정차,2023-12-07,12:18,산격동 1674 부근 인도,2023-12-11,2024-06-03
불법주정차,2023-12-07,12:24,무지개공영주차장 부근,2023-12-08,2024-06-03
불법주정차,2023-12-07,12:26,검단동 887-134 부근 인도,2023-12-11,2024-06-03
불법주정차,2023-12-07,12:28,검단동 887-134 부근 횡단보도,2023-12-11,2024-06-03
불법주정차,2023-12-07,12:31,검단동 887-1 부근 횡단보도,2023-12-11,2024-06-03
불법주정차,2023-12-07,12:32,대학로 파리바게트 부근,2023-12-08,2024-06-03
불법주정차,2023-12-07,12:49,침산동 267-5 부근 횡단보도,2023-12-11,2024-06-03
불법주정차,2023-12-07,13:02,고성동2가 116-2 부근 인도,2023-12-11,2024-06-03
불법주정차,2023-12-07,13:08,사수동 908 부근 횡단보도,2023-12-11,2024-06-03
불법주정차,2023-12-07,13:28,침산동 105-73 부근,2023-12-11,2024-06-03
불법주정차,2023-12-07,13:33,읍내동 1274 부근 인도,2023-12-11,2024-06-03
불법주정차,2023-12-07,13:42,관음동 809-1 부근 버스정류소,2023-12-11,2024-06-03
불법주정차,2023-12-07,14:09,태전동 1233 부근 모퉁이,2023-12-11,2024-06-03
불법주정차,2023-12-07,14:12,칠성동2가 369-1 부근 인도,2023-12-11,2024-06-03
불법주정차,2023-12-07,14:14,태전동 974 부근 소화전,2023-12-11,2024-06-03
불법주정차,2023-12-07,14:21,고성동3가 고성북로 부근,2023-12-08,2024-06-03
불법주정차,2023-12-07,14:21,고성동3가 고성북로 부근,2023-12-08,2024-06-03
불법주정차,2023-12-07,14:22,고성동3가 고성북로 부근,2023-12-08,2024-06-03
불법주정차,2023-12-07,14:22,고성동3가 고성북로 부근,2023-12-08,2024-06-03
불법주정차,2023-12-07,14:22,고성동3가 고성북로 부근,2023-12-08,2024-06-03
불법주정차,2023-12-07,14:22,고성동3가 고성북로 부근,2023-12-08,2024-06-03
불법주정차,2023-12-07,14:22,고성동3가 고성북로 부근,2023-12-08,2024-06-03
불법주정차,2023-12-07,14:24,고성동2가 고성로 부근,2023-12-08,2024-06-03
불법주정차,2023-12-07,14:24,고성동3가 고성로 부근,2023-12-08,2024-06-03
불법주정차,2023-12-07,14:25,고성동2가 고성로 부근,2023-12-08,2024-06-03
불법주정차,2023-12-07,14:26,고성동2가 칠성남로 부근,2023-12-08,2024-06-03
불법주정차,2023-12-07,14:26,고성동2가 고성북로 부근,2023-12-08,2024-06-03
불법주정차,2023-12-07,14:29,서변동 서변로3길 부근,2023-12-08,2024-06-03
불법주정차,2023-12-07,14:30,새동산산부인과,2023-12-08,2024-06-03
불법주정차,2023-12-07,14:30,서변동 서변로 부근,2023-12-08,2024-06-03
불법주정차,2023-12-07,14:31,관남초등학교,2023-12-08,2024-06-03
불법주정차,2023-12-07,14:31,노원한신더휴 동문,2023-12-08,2024-06-03
불법주정차,2023-12-07,14:33,동아아울렛 뒷편,2023-12-08,2024-06-03
불법주정차,2023-12-07,14:34,대구역 오페라더블유2,2023-12-08,2024-06-03
불법주정차,2023-12-07,14:35,대구역 오페라더블유2,2023-12-08,2024-06-03
불법주정차,2023-12-07,14:35,서변동 호국로57길 부근,2023-12-08,2024-06-03
불법주정차,2023-12-07,14:36,서변동 서변로 부근,2023-12-08,2024-06-03
불법주정차,2023-12-07,14:36,서변동 서변로 부근,2023-12-08,2024-06-03
불법주정차,2023-12-07,14:37,서변동 서변로3길 부근,2023-12-08,2024-06-03
불법주정차,2023-12-07,14:37,서변동 서변로3길 부근,2023-12-08,2024-06-03
불법주정차,2023-12-07,14:37,서변동 서변로3길 부근,2023-12-08,2024-06-03
불법주정차,2023-12-07,14:37,산격동 산 71-15 부근 소화전,2023-12-11,2024-06-03
불법주정차,2023-12-07,14:38,서변동 망월길 부근,2023-12-08,2024-06-03
불법주정차,2023-12-07,14:39,구암동 태암남로 부근,2024-03-18,2024-06-03
불법주정차,2023-12-07,14:39,구암동 태암남로 부근,2023-12-08,2024-06-03
불법주정차,2023-12-07,14:40,서변동 서변로 부근,2023-12-08,2024-06-03
불법주정차,2023-12-07,14:40,구암동 태암남로11길 부근,2023-12-08,2024-06-03
불법주정차,2023-12-07,14:40,태전동 태암남로 부근,2023-12-08,2024-06-03
불법주정차,2023-12-07,14:40,관음동 칠곡중앙대로 부근,2023-12-08,2024-06-03
불법주정차,2023-12-07,14:40,서변동 서변로 부근,2023-12-08,2024-06-03
불법주정차,2023-12-07,14:40,서변동 서변로 부근,2023-12-08,2024-06-03
불법주정차,2023-12-07,14:40,서변동 서변로 부근,2023-12-08,2024-06-03
불법주정차,2023-12-07,14:41,관음동 칠곡중앙대로 부근,2023-12-08,2024-06-03
불법주정차,2023-12-07,14:42,대구일중학교 정문 앞,2023-12-08,2024-06-03
불법주정차,2023-12-07,14:43,관음동 칠곡중앙대로 부근,2023-12-08,2024-06-03
불법주정차,2023-12-07,14:43,관음동 칠곡중앙대로 부근,2023-12-08,2024-06-03
불법주정차,2023-12-07,14:44,관음동 칠곡중앙대로91길 부근,2023-12-08,2024-06-03
불법주정차,2023-12-07,14:44,동천동 동천로 부근,2023-12-08,2024-06-03
불법주정차,2023-12-07,14:45,동천동 동천로 부근,2023-12-08,2024-06-03
불법주정차,2023-12-07,14:45,동천동 동천로 부근,2023-12-08,2024-06-03
불법주정차,2023-12-07,14:45,동천동 동천로 부근,2023-12-08,2024-06-03
불법주정차,2023-12-07,14:45,동천동 동천로 부근,2023-12-08,2024-06-03
불법주정차,2023-12-07,14:46,유림노르웨이숲,2023-12-08,2024-06-03
불법주정차,2023-12-07,14:47,구암동 구암로 부근,2023-12-08,2024-06-03
불법주정차,2023-12-07,14:47,구암동 구암로 부근,2023-12-08,2024-06-03
불법주정차,2023-12-07,14:47,구암동 구암로 부근,2023-12-08,2024-06-03
불법주정차,2023-12-07,14:47,구암동 구암로 부근,2023-12-08,2024-06-03
불법주정차,2023-12-07,14:48,진성유치원 삼거리,2023-12-08,2024-06-03
불법주정차,2023-12-07,14:48,읍내동 구암로 부근,2023-12-08,2024-06-03
불법주정차,2023-12-07,14:48,읍내동 구암로 부근,2023-12-08,2024-06-03
불법주정차,2023-12-07,14:49,구암동 구암로 부근,2023-12-08,2024-06-03
불법주정차,2023-12-07,14:49,읍내동 칠곡중앙대로86길 부근,2023-12-08,2024-06-03
불법주정차,2023-12-07,14:49,고성동2가 116-2 부근 인도,2023-12-11,2024-06-03
불법주정차,2023-12-07,14:50,오페라코오롱하늘채 앞,2023-12-08,2024-06-03
불법주정차,2023-12-07,14:50,읍내동 칠곡중앙대로 부근,2023-12-08,2024-06-03
불법주정차,2023-12-07,14:51,북부초등학교,2023-12-08,2024-06-03
불법주정차,2023-12-07,14:54,센트럴파크대현 정문,2023-12-08,2024-06-03
불법주정차,2023-12-07,14:55,침산동 13-105 부근,2023-12-11,2024-06-03
불법주정차,2023-12-07,14:57,칠곡초등학교 진입로,2023-12-08,2024-06-03
불법주정차,2023-12-07,14:58,새동산산부인과,2023-12-08,2024-06-03
불법주정차,2023-12-07,15:01,서변동 서변남로 부근,2023-12-08,2024-06-03
불법주정차,2023-12-07,15:01,서변동 서변남로 부근,2023-12-08,2024-06-03
불법주정차,2023-12-07,15:01,서변동 서변남로 부근,2023-12-08,2024-06-03
불법주정차,2023-12-07,15:01,서변동 서변남로 부근,2023-12-08,2024-06-03
불법주정차,2023-12-07,15:01,서변동 서변남로 부근,2023-12-08,2024-06-03
불법주정차,2023-12-07,15:04,칠성동2가 529-1 부근 인도,2023-12-11,2024-06-03
불법주정차,2023-12-07,15:05,동아아울렛 뒷편,2023-12-08,2024-06-03
불법주정차,2023-12-07,15:07,서변동 산 31 부근,2023-12-08,2024-06-03
불법주정차,2023-12-07,15:07,서변동 서변남로 부근,2023-12-08,2024-06-03
불법주정차,2023-12-07,15:07,서변동 서변남로 부근,2023-12-08,2024-06-03
불법주정차,2023-12-07,15:07,구암동 655-4 부근 모퉁이,2023-12-11,2024-06-03
불법주정차,2023-12-07,15:08,침산1동회전교차로1,2023-12-08,2024-06-03
불법주정차,2023-12-07,15:08,칠성동2가 침산로 부근,2023-12-08,2024-06-03
불법주정차,2023-12-07,15:08,동천동 학정로 부근,2023-12-08,2024-06-03
불법주정차,2023-12-07,15:08,칠성동2가 침산로 부근,2023-12-08,2024-06-03
불법주정차,2023-12-07,15:08,고성동1가 84-9 부근,2023-12-08,2024-06-03
불법주정차,2023-12-07,15:09,대구역 오페라더블유2,2023-12-08,2024-06-03
불법주정차,2023-12-07,15:09,고성동2가 116-2 부근 인도,2023-12-11,2024-06-03
불법주정차,2023-12-07,15:11,칠성동 꽃시장 (아름나라,2023-12-08,2024-06-03
불법주정차,2023-12-07,15:11,고성동1가 칠성남로 부근,2023-12-08,2024-06-03
불법주정차,2023-12-07,15:11,고성동1가 칠성남로 부근,2023-12-08,2024-06-03
불법주정차,2023-12-07,15:11,고성동1가 칠성남로 부근,2023-12-08,2024-06-03
불법주정차,2023-12-07,15:11,고성동1가 113-20 부근,2023-12-08,2024-06-03
불법주정차,2023-12-07,15:11,고성동1가 113-20 부근,2023-12-08,2024-06-03
불법주정차,2023-12-07,15:11,고성동1가 113-20 부근,2023-12-08,2024-06-03
불법주정차,2023-12-07,15:12,고성동1가 113-20 부근,2023-12-08,2024-06-03
불법주정차,2023-12-07,15:12,고성동1가 113-20 부근,2023-12-08,2024-06-03
불법주정차,2023-12-07,15:12,고성동1가 113-20 부근,2023-12-08,2024-06-03
불법주정차,2023-12-07,15:12,고성동1가 113-20 부근,2023-12-08,2024-06-03
불법주정차,2023-12-07,15:12,동천동 학정로 부근,2023-12-08,2024-06-03
불법주정차,2023-12-07,15:12,고성동1가 113-20 부근,2023-12-08,2024-06-03
불법주정차,2023-12-07,15:12,고성동1가 113-20 부근,2023-12-08,2024-06-03
불법주정차,2023-12-07,15:13,동천동 동천로 부근,2023-12-08,2024-06-03
불법주정차,2023-12-07,15:13,동천동 동천로 부근,2023-12-08,2024-06-03
불법주정차,2023-12-07,15:13,고성동1가 113-20 부근,2023-12-08,2024-06-03
불법주정차,2023-12-07,15:13,고성동1가 158-3 부근,2023-12-08,2024-06-03
불법주정차,2023-12-07,15:13,고성동1가 158-3 부근,2023-12-08,2024-06-03
불법주정차,2023-12-07,15:13,고성동1가 158-3 부근,2023-12-08,2024-06-03
불법주정차,2023-12-07,15:13,고성동1가 158-3 부근,2023-12-08,2024-06-03
불법주정차,2023-12-07,15:14,고성동2가 칠성남로2길 부근,2023-12-08,2024-06-03
불법주정차,2023-12-07,15:15,동천동 동암로 부근,2023-12-08,2024-06-03
불법주정차,2023-12-07,15:15,고성동1가 칠성남로 부근,2023-12-08,2024-06-03
불법주정차,2023-12-07,15:15,고성동1가 칠성남로 부근,2023-12-08,2024-06-03
불법주정차,2023-12-07,15:16,동천동 동암로 부근,2023-12-08,2024-06-03
불법주정차,2023-12-07,15:16,고성동1가 칠성남로 50 부근,2023-12-08,2024-06-03
불법주정차,2023-12-07,15:16,고성동1가 칠성남로 50 부근,2023-12-08,2024-06-03
불법주정차,2023-12-07,15:16,고성동1가 칠성남로 50 부근,2023-12-08,2024-06-03
불법주정차,2023-12-07,15:16,고성동1가 칠성남로 50 부근,2023-12-08,2024-06-03
불법주정차,2023-12-07,15:16,고성동1가 칠성남로 50 부근,2023-12-08,2024-06-03
불법주정차,2023-12-07,15:16,고성동1가 칠성남로 50 부근,2023-12-08,2024-06-03
불법주정차,2023-12-07,15:16,고성동1가 칠성남로 50 부근,2023-12-08,2024-06-03
불법주정차,2023-12-07,15:17,동천동 동천로23길 부근,2023-12-08,2024-06-03
불법주정차,2023-12-07,15:17,고성동1가 칠성남로 부근,2023-12-08,2024-06-03
불법주정차,2023-12-07,15:17,고성동1가 칠성남로 부근,2023-12-08,2024-06-03
불법주정차,2023-12-07,15:19,대학로 파리바게트 부근,2023-12-08,2024-06-03
불법주정차,2023-12-07,15:21,복현동 218 부근 모퉁이,2023-12-12,2024-06-03
불법주정차,2023-12-07,15:24,대구역 오페라더블유2,2024-04-29,2024-06-03
불법주정차,2023-12-07,15:26,진성유치원 삼거리,2023-12-08,2024-06-03
불법주정차,2023-12-07,15:27,침산동 매일천막 앞,2023-12-08,2024-06-03
불법주정차,2023-12-07,15:28,노원동주민센터 사거리,2023-12-08,2024-06-03
불법주정차,2023-12-07,15:29,사수동 센스마트,2023-12-08,2024-06-03
불법주정차,2023-12-07,15:29,침산 화인탑펠리스,2023-12-08,2024-06-03
불법주정차,2023-12-07,15:31,태전동 940 부근 횡단보도,2023-12-12,2024-06-03
불법주정차,2023-12-07,15:33,동대구시장,2023-12-08,2024-06-03
불법주정차,2023-12-07,15:40,사수동 센스마트,2023-12-08,2024-06-03
불법주정차,2023-12-07,15:43,칠성시장교통섬,2023-12-08,2024-06-03
불법주정차,2023-12-07,15:46,노원한신더휴 남문,2023-12-08,2024-06-03
불법주정차,2023-12-07,15:48,새동산산부인과,2023-12-08,2024-06-03
불법주정차,2023-12-07,15:54,오페라트루엘시민의숲,2023-12-08,2024-06-03
불법주정차,2023-12-07,15:54,태전동 중앙시장,2023-12-08,2024-06-03
불법주정차,2023-12-07,15:57,복현동 404-4 부근,2023-12-12,2024-06-03
불법주정차,2023-12-07,15:58,태전동 구암로 부근,2023-12-08,2024-06-03
불법주정차,2023-12-07,15:58,태전동 구암로 부근,2023-12-08,2024-06-03
불법주정차,2023-12-07,15:58,태전동 구암로 부근,2023-12-08,2024-06-03
불법주정차,2023-12-07,15:58,복현동 404-3 부근,2023-12-12,2024-06-03
불법주정차,2023-12-07,15:58,복현동 404-3 부근,2023-12-12,2024-06-03
불법주정차,2023-12-07,16:01,읍내동 구암로21길 부근,2023-12-08,2024-06-03
불법주정차,2023-12-07,16:01,읍내동 구암로21길 부근,2023-12-08,2024-06-03
불법주정차,2023-12-07,16:01,복현동 597-22 부근,2023-12-12,2024-06-03
불법주정차,2023-12-07,16:02,읍내동 구암로21길 부근,2023-12-08,2024-06-03
불법주정차,2023-12-07,16:03,칠성시장교통섬,2023-12-08,2024-06-03
불법주정차,2023-12-07,16:04,매천초등학교,2023-12-08,2024-06-03
불법주정차,2023-12-07,16:07,대학로 파리바게트 부근,2023-12-08,2024-06-03
불법주정차,2023-12-07,16:07,북부초등학교,2023-12-08,2024-06-03
불법주정차,2023-12-07,16:15,대학로 파리바게트 부근,2023-12-08,2024-06-03
불법주정차,2023-12-07,16:16,칠곡초등학교 진입로,2023-12-08,2024-06-03
불법주정차,2023-12-07,16:19,매천동 718 부근 횡단보도,2023-12-12,2024-06-03
불법주정차,2023-12-07,16:23,읍내동 동암로7길 부근,2023-12-08,2024-06-03
불법주정차,2023-12-07,16:24,노원한신더휴 남문,2023-12-08,2024-06-03
불법주정차,2023-12-07,16:24,읍내동 동암로7길 부근,2023-12-08,2024-06-03
불법주정차,2023-12-07,16:24,읍내동 동암로7길 부근,2023-12-08,2024-06-03
불법주정차,2023-12-07,16:26,산격동 1428-12 부근 모퉁이,2023-12-12,2024-06-03
불법주정차,2023-12-07,16:28,읍내동 동암로7길 부근,2023-12-08,2024-06-03
불법주정차,2023-12-07,16:31,산격동 경대북문,2023-12-08,2024-06-03
불법주정차,2023-12-07,16:33,구암동 농협중앙회,2023-12-08,2024-06-03
불법주정차,2023-12-07,16:33,침산 화인탑펠리스,2023-12-08,2024-06-03
불법주정차,2023-12-07,16:36,북부초등학교,2023-12-08,2024-06-03
불법주정차,2023-12-07,16:42,칠성초등학교,2023-12-08,2024-06-03
불법주정차,2023-12-07,16:42,대구역 오페라더블유2,2023-12-08,2024-06-03
불법주정차,2023-12-07,16:43,국우동 1085-2 부근 모퉁이,2023-12-12,2024-06-03
불법주정차,2023-12-07,16:44,칠성시장교통섬,2023-12-08,2024-06-03
불법주정차,2023-12-07,16:44,매천중학교 건너,2023-12-08,2024-06-03
불법주정차,2023-12-07,16:44,침산 화인탑펠리스,2023-12-08,2024-06-03
불법주정차,2023-12-07,16:47,태전동 1117 부근 인도,2023-12-12,2024-06-03
불법주정차,2023-12-07,16:47,태전동 1117 부근 인도,2023-12-12,2024-06-03
불법주정차,2023-12-07,16:48,새동산산부인과,2023-12-08,2024-06-03
불법주정차,2023-12-07,16:50,칠성시장교통섬,2023-12-08,2024-06-03
불법주정차,2023-12-07,16:52,동천동회전교차로2,2023-12-08,2024-06-03
불법주정차,2023-12-07,16:52,노원한신더휴 동문,2023-12-08,2024-06-03
불법주정차,2023-12-07,16:53,센트럴파크대현 정문,2023-12-08,2024-06-03
불법주정차,2023-12-07,16:59,침산동 매일천막 앞,2023-12-08,2024-06-03
불법주정차,2023-12-07,16:59,대학로 파리바게트 부근,2023-12-08,2024-06-03
불법주정차,2023-12-07,17:03,침산 화인탑펠리스,2023-12-08,2024-06-03
불법주정차,2023-12-07,17:04,구암동 664-7 부근 횡단보도,2023-12-12,2024-06-03
불법주정차,2023-12-07,17:05,구암동 665-9 부근 횡단보도,2023-12-12,2024-06-03
불법주정차,2023-12-07,17:05,구암동 686-7 부근 모퉁이,2023-12-12,2024-06-03
불법주정차,2023-12-07,17:07,구암동 694-2 부근 소화전,2023-12-12,2024-06-03
불법주정차,2023-12-07,17:08,유림노르웨이숲,2023-12-08,2024-06-03
불법주정차,2023-12-07,17:08,구암동 667-4 부근 횡단보도,2023-12-12,2024-06-03
불법주정차,2023-12-07,17:09,무지개공영주차장 부근,2023-12-08,2024-06-03
불법주정차,2023-12-07,17:12,칠곡초등학교 진입로,2023-12-08,2024-06-03
불법주정차,2023-12-07,17:13,산격동 북대구 농협,2023-12-08,2024-06-03
불법주정차,2023-12-07,17:14,금호서한이다음정문,2023-12-08,2024-06-03
불법주정차,2023-12-07,17:18,노원동2가 219 부근 횡단보도,2023-12-12,2024-06-03
불법주정차,2023-12-07,17:18,고성동3가 6-213 부근 모퉁이,2023-12-12,2024-06-03
불법주정차,2023-12-07,17:30,학정동 974-5 부근 횡단보도,2023-12-12,2024-06-03
불법주정차,2023-12-07,17:42,산격동 1428-12 부근 모퉁이,2023-12-12,2024-06-03
불법주정차,2023-12-07,17:48,노원동3가 34-11 부근 인도,2023-12-12,2024-06-03
불법주정차,2023-12-07,18:15,사수동 822 부근 인도,2023-12-12,2024-06-03
불법주정차,2023-12-07,18:18,고성동3가 65-1 부근 횡단보도,2023-12-12,2024-06-03
불법주정차,2023-12-07,18:30,태전동 1121 부근 인도,2023-12-12,2024-06-03
불법주정차,2023-12-07,18:34,동변동 493 부근 횡단보도,2023-12-12,2024-06-03
불법주정차,2023-12-07,18:40,사수동 825 부근 횡단보도,2023-12-12,2024-06-03
불법주정차,2023-12-07,18:48,산격동 1428-12 부근 모퉁이,2023-12-12,2024-06-03
불법주정차,2023-12-07,18:53,구암동 788 부근,2023-12-12,2024-06-03
불법주정차,2023-12-07,18:59,서변동 1148-1 부근 횡단보도,2023-12-12,2024-06-03
불법주정차,2023-12-07,19:00,태전동 943 부근 횡단보도,2023-12-12,2024-06-03
불법주정차,2023-12-07,19:21,구암동 787-1 부근,2023-12-12,2024-06-03
불법주정차,2023-12-07,19:26,태전동 254-3 부근 모퉁이,2023-12-12,2024-06-03
불법주정차,2023-12-07,19:26,읍내동 789-3 부근 인도,2023-12-12,2024-06-03
불법주정차,2023-12-07,19:34,침산동건영하이츠 정문,2023-12-08,2024-06-03
불법주정차,2023-12-07,19:35,관음동 1300 부근 횡단보도,2023-12-12,2024-06-03
불법주정차,2023-12-07,19:41,서변동 1148-1 부근 횡단보도,2023-12-12,2024-06-03
불법주정차,2023-12-07,19:48,복현동 713 부근,2023-12-12,2024-06-03
불법주정차,2023-12-07,19:48,복현동 339-40 부근,2023-12-14,2024-06-03
불법주정차,2023-12-07,19:48,복현동 339-37 부근,2023-12-14,2024-06-03
불법주정차,2023-12-07,19:48,복현동 339-40 부근,2023-12-14,2024-06-03
불법주정차,2023-12-07,19:48,복현동 339-38 부근,2023-12-14,2024-06-03
불법주정차,2023-12-07,19:48,복현동 339-40 부근,2023-12-14,2024-06-03
불법주정차,2023-12-07,19:50,산격동 1399-11 부근,2023-12-14,2024-06-03
불법주정차,2023-12-07,19:51,태전동 253-14 부근 인도,2023-12-14,2024-06-03
불법주정차,2023-12-07,19:55,태전동 409-5 부근,2023-12-14,2024-06-03
불법주정차,2023-12-07,19:55,태전동 409-2 부근,2023-12-14,2024-06-03
불법주정차,2023-12-07,19:57,태전동 409-5 부근,2023-12-14,2024-06-03
불법주정차,2023-12-07,20:17,복현동 376-3 부근 횡단보도,2023-12-14,2024-06-03
불법주정차,2023-12-07,20:17,사수동 826 부근 모퉁이,2023-12-14,2024-06-03
불법주정차,2023-12-07,20:19,복현동 376-3 부근 횡단보도,2023-12-14,2024-06-03
불법주정차,2023-12-07,20:19,복현동 376-3 부근 횡단보도,2023-12-14,2024-06-03
불법주정차,2023-12-07,20:21,복현동 376-3 부근 횡단보도,2023-12-14,2024-06-03
불법주정차,2023-12-07,20:23,구암동 654-1 부근 횡단보도,2023-12-14,2024-06-03
불법주정차,2023-12-07,20:24,복현동 376-3 부근 모퉁이,2023-12-14,2024-06-03
불법주정차,2023-12-07,20:24,복현동 368-1 부근 횡단보도,2023-12-14,2024-06-03
불법주정차,2023-12-07,20:25,산격동 1411-67 부근 소화전,2023-12-14,2024-06-03
불법주정차,2023-12-07,20:28,복현동 368-1 부근 모퉁이,2023-12-14,2024-06-03
불법주정차,2023-12-07,20:29,복현동 368-1 부근 모퉁이,2023-12-14,2024-06-03
불법주정차,2023-12-07,20:43,산격동 1399-11 부근 횡단보도,2023-12-14,2024-06-03
불법주정차,2023-12-07,20:58,대현동 24-2 부근 모퉁이,2023-12-14,2024-06-03
불법주정차,2023-12-07,21:17,대현동 157-1 부근 횡단보도,2023-12-14,2024-06-03
불법주정차,2023-12-07,21:28,노원동1가 342 부근 버스정류소,2023-12-14,2024-06-03
불법주정차,2023-12-07,21:38,산격동 167 부근 횡단보도,2023-12-14,2024-06-03
불법주정차,2023-12-07,21:42,침산동 447-15 부근 횡단보도,2023-12-14,2024-06-03
불법주정차,2023-12-07,22:04,고성동2가 110-39 부근 횡단보도,2023-12-14,2024-06-03
불법주정차,2023-12-07,22:13,동천동 916-1 부근 소화전,2023-12-14,2024-06-03
불법주정차,2023-12-07,22:22,사수동 956 부근 모퉁이,2023-12-14,2024-06-03
불법주정차,2023-12-07,22:24,사수동 967 부근 횡단보도,2023-12-14,2024-06-03
불법주정차,2023-12-07,22:27,사수동 962 부근 횡단보도,2023-12-14,2024-06-03
불법주정차,2023-12-07,22:52,관음동 207 부근 횡단보도,2023-12-14,2024-06-03
불법주정차,2023-12-07,22:57,관음동 1268-23 부근 횡단보도,2023-12-14,2024-06-03
불법주정차,2023-12-07,23:00,관음동 1257-12 부근 버스정류소,2023-12-14,2024-06-03
불법주정차,2023-12-07,23:01,관음동 1335 부근 횡단보도,2023-12-14,2024-06-03
불법주정차,2023-12-07,23:07,태전동 1030 부근 횡단보도,2023-12-12,2024-06-03
불법주정차,2023-12-07,23:59,고성동2가 110-12 부근 횡단보도,2023-12-14,2024-06-03
불법주정차,2023-12-08,00:58,검단동 1128-64 부근 횡단보도,2023-12-12,2024-06-03
불법주정차,2023-12-08,07:03,유림노르웨이숲,2023-12-11,2024-06-03
불법주정차,2023-12-08,07:04,유림노르웨이숲,2023-12-11,2024-06-03
불법주정차,2023-12-08,07:04,침산 화인탑펠리스,2023-12-11,2024-06-03
불법주정차,2023-12-08,07:04,매천시장 3문,2023-12-11,2024-06-03
불법주정차,2023-12-08,07:05,금호서한이다음정문,2023-12-11,2024-06-03
불법주정차,2023-12-08,07:05,장보고식자재마트 사거리,2023-12-11,2024-06-03
불법주정차,2023-12-08,07:05,오페라트루엘시민의숲,2023-12-11,2024-06-03
불법주정차,2023-12-08,07:05,칠곡초등학교 진입로,2023-12-11,2024-06-03
불법주정차,2023-12-08,07:05,침산1동회전교차로1,2023-12-11,2024-06-03
불법주정차,2023-12-08,07:06,유림노르웨이숲,2023-12-11,2024-06-03
불법주정차,2023-12-08,07:06,침산 화성파크드림,2023-12-11,2024-06-03
불법주정차,2023-12-08,07:06,운암고등학교,2023-12-11,2024-06-03
불법주정차,2023-12-08,07:06,노원동3가 M병원,2023-12-11,2024-06-03
불법주정차,2023-12-08,07:06,칠곡초등학교 진입로,2023-12-11,2024-06-03
불법주정차,2023-12-08,07:07,관천초등학교,2023-12-11,2024-06-03
불법주정차,2023-12-08,07:07,침산동 매일천막 앞,2023-12-11,2024-06-03
불법주정차,2023-12-08,07:07,침산 화성파크드림,2023-12-11,2024-06-03
불법주정차,2023-12-08,07:08,칠성시장교통섬,2023-12-11,2024-06-03
불법주정차,2023-12-08,07:08,운암고등학교,2023-12-11,2024-06-03
불법주정차,2023-12-08,07:08,북부초등학교,2023-12-11,2024-06-03
불법주정차,2023-12-08,07:08,사수동 센스마트,2023-12-11,2024-06-03
불법주정차,2023-12-08,07:09,침산 화인탑펠리스,2023-12-11,2024-06-03
불법주정차,2023-12-08,07:09,침산1동회전교차로2,2023-12-11,2024-06-03
불법주정차,2023-12-08,07:09,침산동 360-3 부근,2023-12-12,2024-06-03
불법주정차,2023-12-08,07:13,칠곡초등학교,2023-12-11,2024-06-03
불법주정차,2023-12-08,07:14,칠성동 꽃시장 (아름나라,2024-05-21,2024-06-03
불법주정차,2023-12-08,07:15,고성동1가 칠성남로 부근,2023-12-11,2024-06-03
불법주정차,2023-12-08,07:16,팔달동 대구수산시장,2023-12-11,2024-06-03
불법주정차,2023-12-08,07:16,고성동1가 113-20 부근,2023-12-11,2024-06-03
불법주정차,2023-12-08,07:16,고성동1가 113-20 부근,2023-12-11,2024-06-03
불법주정차,2023-12-08,07:17,고성동1가 113-20 부근,2023-12-11,2024-06-03
불법주정차,2023-12-08,07:17,고성동1가 158-3 부근,2023-12-11,2024-06-03
불법주정차,2023-12-08,07:17,고성동1가 158-3 부근,2023-12-11,2024-06-03
불법주정차,2023-12-08,07:17,고성동1가 158-3 부근,2023-12-11,2024-06-03
불법주정차,2023-12-08,07:17,고성동1가 158-3 부근,2023-12-11,2024-06-03
불법주정차,2023-12-08,07:20,태전동 칠곡중앙대로 부근,2023-12-11,2024-06-03
불법주정차,2023-12-08,07:20,고성동1가 칠성남로 부근,2023-12-11,2024-06-03
불법주정차,2023-12-08,07:21,고성동1가 칠성남로 부근,2023-12-11,2024-06-03
불법주정차,2023-12-08,07:21,고성동1가 칠성남로 부근,2023-12-11,2024-06-03
불법주정차,2023-12-08,07:21,복현동 검단로 부근,2023-12-11,2024-06-03
불법주정차,2023-12-08,07:21,복현동 검단로 부근,2023-12-11,2024-06-03
불법주정차,2023-12-08,07:21,복현동 검단로 부근,2023-12-11,2024-06-03
불법주정차,2023-12-08,07:22,태전동 칠곡중앙대로 부근,2023-12-11,2024-06-03
불법주정차,2023-12-08,07:22,태전동 칠곡중앙대로 부근,2023-12-11,2024-06-03
불법주정차,2023-12-08,07:23,복현동 검단로 부근,2023-12-11,2024-06-03
불법주정차,2023-12-08,07:24,태전동 칠곡중앙대로 부근,2023-12-11,2024-06-03
불법주정차,2023-12-08,07:25,대구역 오페라더블유2,2023-12-11,2024-06-03
불법주정차,2023-12-08,07:25,연경동 연경중앙로 부근,2023-12-11,2024-06-03
불법주정차,2023-12-08,07:27,연경동 도덕길 부근,2023-12-11,2024-06-03
불법주정차,2023-12-08,07:27,읍내동 구암로21길 부근,2023-12-11,2024-06-03
불법주정차,2023-12-08,07:28,읍내동 구암로21길 부근,2023-12-11,2024-06-03
불법주정차,2023-12-08,07:29,읍내동 구암로21길 부근,2023-12-11,2024-06-03
불법주정차,2023-12-08,07:29,읍내동 구암로21길 부근,2023-12-11,2024-06-03
불법주정차,2023-12-08,07:31,태전동 칠곡중앙대로 부근,2023-12-11,2024-06-03
불법주정차,2023-12-08,07:36,칠성시장교통섬,2023-12-11,2024-06-03
불법주정차,2023-12-08,07:37,칠성시장교통섬,2023-12-11,2024-06-03
불법주정차,2023-12-08,07:37,사수동 센스마트,2023-12-11,2024-06-03
불법주정차,2023-12-08,07:46,산격동 동북로 부근,2023-12-11,2024-06-03
불법주정차,2023-12-08,07:46,산격동 동북로 부근,2023-12-11,2024-06-03
불법주정차,2023-12-08,07:49,유림노르웨이숲,2023-12-11,2024-06-03
불법주정차,2023-12-08,07:51,장보고식자재마트 사거리,2023-12-11,2024-06-03
불법주정차,2023-12-08,07:51,학정동 학정로110길 부근,2023-12-11,2024-06-03
불법주정차,2023-12-08,07:53,산격동 대동로1길 부근,2023-12-11,2024-06-03
불법주정차,2023-12-08,07:55,노원동1가 281 부근 횡단보도,2023-12-12,2024-06-03
불법주정차,2023-12-08,07:59,국우동 1126 부근,2023-12-11,2024-06-03
불법주정차,2023-12-08,08:00,국우동 486 부근,2023-12-11,2024-06-03
불법주정차,2023-12-08,08:02,국우동 1089-12 부근 모퉁이,2023-12-12,2024-06-03
불법주정차,2023-12-08,08:02,국우동 1089-12 부근 모퉁이,2023-12-12,2024-06-03
불법주정차,2023-12-08,08:03,오페라 클래시아,2023-12-11,2024-06-03
불법주정차,2023-12-08,08:04,매천초등학교,2023-12-11,2024-06-03
불법주정차,2023-12-08,08:04,유림노르웨이숲,2023-12-11,2024-06-03
불법주정차,2023-12-08,08:05,노원동1가 509 부근 소화전,2023-12-12,2024-06-03
불법주정차,2023-12-08,08:06,노원동1가 509 부근 소화전,2023-12-12,2024-06-03
불법주정차,2023-12-08,08:07,칠성동 꽃시장 (아름나라,2023-12-11,2024-06-03
불법주정차,2023-12-08,08:08,동변공원 사거리,2023-12-11,2024-06-03
불법주정차,2023-12-08,08:08,오페라 클래시아,2023-12-11,2024-06-03
불법주정차,2023-12-08,08:10,대구역 오페라더블유2,2023-12-11,2024-06-03
불법주정차,2023-12-08,08:11,코스트코 주차장 앞,2024-01-05,2024-06-03
불법주정차,2023-12-08,08:15,칠성시장 화재(소방),2023-12-11,2024-06-03
불법주정차,2023-12-08,08:20,서변동 1751-9 부근 모퉁이,2023-12-12,2024-06-03
불법주정차,2023-12-08,08:22,칠성동 꽃시장 (아름나라,2023-12-11,2024-06-03
불법주정차,2023-12-08,08:22,칠성동 꽃시장 (아름나라,2023-12-11,2024-06-03
불법주정차,2023-12-08,08:23,서변동 1756-8 부근 횡단보도,2023-12-12,2024-06-03
불법주정차,2023-12-08,08:34,유림노르웨이숲,2023-12-11,2024-06-03
불법주정차,2023-12-08,08:37,동천동 교보문고,2023-12-11,2024-06-03
불법주정차,2023-12-08,08:41,칠성동 꽃시장 (아름나라,2023-12-11,2024-06-03
불법주정차,2023-12-08,08:47,침산동 133-40 부근 소화전,2023-12-12,2024-06-03
불법주정차,2023-12-08,08:52,노원동3가 20-1 부근 모퉁이,2023-12-12,2024-06-03
불법주정차,2023-12-08,08:54,태전중석타운 남편 도로,2023-12-11,2024-06-03
불법주정차,2023-12-08,09:01,사수동 센스마트,2023-12-11,2024-06-03
불법주정차,2023-12-08,09:02,대구역 오페라더블유2,2023-12-11,2024-06-03
불법주정차,2023-12-08,09:07,농협침산지점앞,2023-12-11,2024-06-03
불법주정차,2023-12-08,09:07,침산동 매일천막 앞,2023-12-11,2024-06-03
불법주정차,2023-12-08,09:14,KB국민은행침산지점,2023-12-11,2024-06-03
불법주정차,2023-12-08,09:19,대산초등학교,2023-12-11,2024-06-03
불법주정차,2023-12-08,09:23,KB국민은행침산지점,2023-12-11,2024-06-03
불법주정차,2023-12-08,09:26,팔달동 대구수산시장,2023-12-11,2024-06-03
불법주정차,2023-12-08,09:30,관천초등학교,2023-12-11,2024-06-03
불법주정차,2023-12-08,09:30,칠성시장교통섬,2023-12-11,2024-06-03
불법주정차,2023-12-08,09:39,학정역 효성해링턴,2023-12-11,2024-06-03
불법주정차,2023-12-08,09:40,동천동 참약국,2023-12-11,2024-06-03
불법주정차,2023-12-08,09:42,유림노르웨이숲,2023-12-11,2024-06-03
불법주정차,2023-12-08,09:49,장보고식자재마트 사거리,2023-12-11,2024-06-03
불법주정차,2023-12-08,09:49,노원한신더휴 동문,2023-12-11,2024-06-03
불법주정차,2023-12-08,09:51,복현동 72-12 부근 횡단보도,2023-12-12,2024-06-03
불법주정차,2023-12-08,10:02,태전동 M&M빌딩,2023-12-11,2024-06-03
불법주정차,2023-12-08,10:02,칠성동 꽃시장 (아름나라,2023-12-11,2024-06-03
불법주정차,2023-12-08,10:02,태전동 1068 부근 모퉁이,2023-12-12,2024-06-03
불법주정차,2023-12-08,10:02,태전동 1068 부근 횡단보도,2023-12-12,2024-06-03
불법주정차,2023-12-08,10:03,침산 화인탑펠리스,2023-12-11,2024-06-03
불법주정차,2023-12-08,10:03,태전동 1068 부근 횡단보도,2023-12-12,2024-06-03
불법주정차,2023-12-08,10:05,관천초등학교,2023-12-11,2024-06-03
불법주정차,2023-12-08,10:13,칠성시장 화재(소방),2023-12-11,2024-06-03
불법주정차,2023-12-08,10:14,서변공영주차장 사거리,2023-12-11,2024-06-03
불법주정차,2023-12-08,10:17,노원한신더휴 동문,2023-12-11,2024-06-03
불법주정차,2023-12-08,10:18,고성동2가 116-3 부근 인도,2023-12-12,2024-06-03
불법주정차,2023-12-08,10:18,고성동2가 116-3 부근 인도,2023-12-12,2024-06-03
불법주정차,2023-12-08,10:18,고성동2가 116-3 부근 인도,2023-12-12,2024-06-03
불법주정차,2023-12-08,10:23,새동산산부인과,2023-12-11,2024-06-03
불법주정차,2023-12-08,10:23,태전동 칠곡중앙대로53길 부근,2023-12-11,2024-06-03
불법주정차,2023-12-08,10:23,태전동 칠곡중앙대로55길 부근,2023-12-11,2024-06-03
불법주정차,2023-12-08,10:24,칠성시장 화재(소방),2023-12-11,2024-06-03
불법주정차,2023-12-08,10:25,태전동 칠곡중앙대로53길 부근,2023-12-11,2024-06-03
불법주정차,2023-12-08,10:25,태전동 칠곡중앙대로53길 부근,2023-12-11,2024-06-03
불법주정차,2023-12-08,10:29,침산 화인탑펠리스,2023-12-11,2024-06-03
불법주정차,2023-12-08,10:32,구암동 농협중앙회,2023-12-11,2024-06-03
불법주정차,2023-12-08,10:34,관음동 603 부근 횡단보도,2023-12-12,2024-06-03
불법주정차,2023-12-08,10:35,칠성시장 화재(소방),2023-12-11,2024-06-03
불법주정차,2023-12-08,10:35,대구역 오페라더블유2,2023-12-11,2024-06-03
불법주정차,2023-12-08,10:39,칠성시장교통섬,2023-12-11,2024-06-03
불법주정차,2023-12-08,10:44,유림노르웨이숲,2023-12-11,2024-06-03
불법주정차,2023-12-08,10:45,서변동 망월길 부근,2023-12-11,2024-06-03
불법주정차,2023-12-08,10:45,서변동 망월길 부근,2023-12-11,2024-06-03
불법주정차,2023-12-08,10:46,노원한신더휴 남문,2023-12-11,2024-06-03
불법주정차,2023-12-08,10:48,서변동 서변로 부근,2023-12-11,2024-06-03
불법주정차,2023-12-08,10:48,서변동 서변로 부근,2023-12-11,2024-06-03
불법주정차,2023-12-08,10:49,서변동 서변로 부근,2023-12-11,2024-06-03
불법주정차,2023-12-08,10:51,서변동 서변로3길 부근,2023-12-11,2024-06-03
불법주정차,2023-12-08,10:51,태전동 칠곡중앙대로 부근,2023-12-11,2024-06-03
불법주정차,2023-12-08,10:51,서변동 1728 부근 모퉁이,2023-12-12,2024-06-03
불법주정차,2023-12-08,10:53,구암동 학정로 부근,2023-12-11,2024-06-03
불법주정차,2023-12-08,10:53,구암동 학정로 부근,2023-12-11,2024-06-03
불법주정차,2023-12-08,10:54,관음동 칠곡중앙대로91길 부근,2023-12-11,2024-06-03
불법주정차,2023-12-08,10:54,관음동 관음동로 부근,2023-12-11,2024-06-03
불법주정차,2023-12-08,10:55,동천동 학정로 부근,2023-12-11,2024-06-03
불법주정차,2023-12-08,10:55,읍내동 구암로 부근,2023-12-11,2024-06-03
불법주정차,2023-12-08,10:55,서변동 서변로 부근,2023-12-11,2024-06-03
불법주정차,2023-12-08,10:55,읍내동 구암로 부근,2023-12-11,2024-06-03
불법주정차,2023-12-08,10:55,서변동 서변로 부근,2023-12-11,2024-06-03
불법주정차,2023-12-08,10:56,읍내동 구암로15길 부근,2023-12-11,2024-06-03
불법주정차,2023-12-08,10:56,서변동 서변로3길 부근,2023-12-11,2024-06-03
불법주정차,2023-12-08,10:56,읍내동 구암로15길 부근,2023-12-11,2024-06-03
불법주정차,2023-12-08,10:56,서변동 서변로3길 부근,2023-12-11,2024-06-03
불법주정차,2023-12-08,10:57,서변동 서변로3길 부근,2023-12-11,2024-06-03
불법주정차,2023-12-08,10:57,동천동 동천로 부근,2023-12-11,2024-06-03
불법주정차,2023-12-08,10:58,동천동 동천로23길 부근,2023-12-11,2024-06-03
불법주정차,2023-12-08,10:59,동천동 동천로23길 부근,2023-12-11,2024-06-03
불법주정차,2023-12-08,10:59,동천동 동천로23길 부근,2023-12-11,2024-06-03
불법주정차,2023-12-08,10:59,동천동 동천로23길 부근,2023-12-11,2024-06-03
불법주정차,2023-12-08,11:02,동천동 학정로 부근,2023-12-11,2024-06-03
불법주정차,2023-12-08,11:06,서변동 서변로 부근,2023-12-11,2024-06-03
불법주정차,2023-12-08,11:11,서변동 서변로3길 부근,2023-12-11,2024-06-03
불법주정차,2023-12-08,11:11,서변동 서변로3길 부근,2023-12-11,2024-06-03
불법주정차,2023-12-08,11:11,서변동 서변로3길 부근,2023-12-11,2024-06-03
불법주정차,2023-12-08,11:11,서변동 서변로3길 부근,2023-12-11,2024-06-03
불법주정차,2023-12-08,11:18,동천동 동천로 부근,2023-12-11,2024-06-03
불법주정차,2023-12-08,11:20,침산동 133-40 부근 모퉁이,2023-12-12,2024-06-03
불법주정차,2023-12-08,11:21,서변동 서변로3길 부근,2023-12-11,2024-06-03
불법주정차,2023-12-08,11:32,동천동 동암로 부근,2023-12-11,2024-06-03
불법주정차,2023-12-08,11:32,동천동 동암로 부근,2023-12-11,2024-06-03
불법주정차,2023-12-08,11:34,동천동 동천로23길 부근,2023-12-11,2024-06-03
불법주정차,2023-12-08,11:34,동천동 동암로12길 부근,2023-12-11,2024-06-03
불법주정차,2023-12-08,11:35,동천동 동암로12길 부근,2023-12-11,2024-06-03
불법주정차,2023-12-08,11:35,동천동 동암로12길 부근,2023-12-11,2024-06-03
불법주정차,2023-12-08,11:36,동천동 동암로12길 부근,2023-12-11,2024-06-03
불법주정차,2023-12-08,11:36,동천동 동암로12길 부근,2023-12-11,2024-06-03
불법주정차,2023-12-08,11:38,동천동 구리로 부근,2023-12-11,2024-06-03
불법주정차,2023-12-08,11:38,동천동 구리로 부근,2023-12-11,2024-06-03
불법주정차,2023-12-08,11:39,동천동 동암로 부근,2023-12-11,2024-06-03
불법주정차,2023-12-08,11:39,동천동 동암로 부근,2023-12-11,2024-06-03
불법주정차,2023-12-08,11:40,대학로 파리바게트 부근,2023-12-11,2024-06-03
불법주정차,2023-12-08,11:40,동천동 동암로12길 부근,2023-12-11,2024-06-03
불법주정차,2023-12-08,11:40,동천동 동암로12길 부근,2023-12-11,2024-06-03
불법주정차,2023-12-08,11:40,동천동 동암로12길 부근,2023-12-11,2024-06-03
불법주정차,2023-12-08,11:40,동천동 동암로12길 부근,2024-05-20,2024-06-03
불법주정차,2023-12-08,11:44,태전동 253-14 부근 인도,2023-12-12,2024-06-03
불법주정차,2023-12-08,11:44,구암동 학정로 부근,2024-05-20,2024-06-03
불법주정차,2023-12-08,11:48,태전동 253-14 부근 인도,2023-12-12,2024-06-03
불법주정차,2023-12-08,11:53,태전동 253-5 부근 모퉁이,2023-12-12,2024-06-03
불법주정차,2023-12-08,12:00,학정동 학정동로13길 부근,2023-12-11,2024-06-03
불법주정차,2023-12-08,12:00,학정동 학정동로13길 부근,2023-12-11,2024-06-03
불법주정차,2023-12-08,12:01,침산동 575-5 부근 횡단보도,2023-12-12,2024-06-03
불법주정차,2023-12-08,12:02,학정동 학정동로13길 부근,2023-12-11,2024-06-03
불법주정차,2023-12-08,12:03,동천동 910-1 부근 인도,2023-12-12,2024-06-03
불법주정차,2023-12-08,12:24,동변동 684-5 부근 인도,2023-12-12,2024-06-03
불법주정차,2023-12-08,12:24,복현동 72-12 부근 횡단보도,2023-12-12,2024-06-03
불법주정차,2023-12-08,12:26,동변동 684-5 부근 인도,2023-12-12,2024-06-03
불법주정차,2023-12-08,12:30,검단동 887-120 부근 횡단보도,2023-12-12,2024-06-03
불법주정차,2023-12-08,12:33,대학로13길,2023-12-11,2024-06-03
불법주정차,2023-12-08,12:42,구암동 766 부근 횡단보도,2023-12-12,2024-06-03
불법주정차,2023-12-08,12:47,구암동 766 부근 인도,2023-12-12,2024-06-03
불법주정차,2023-12-08,13:12,침산동 369-2 부근 인도,2023-12-12,2024-06-03
불법주정차,2023-12-08,13:28,매천동 671 부근 횡단보도,2023-12-12,2024-06-03
불법주정차,2023-12-08,13:52,산격동 1130-3 부근 모퉁이,2023-12-12,2024-06-03
불법주정차,2023-12-08,13:54,무지개공영주차장 부근,2023-12-11,2024-06-03
불법주정차,2023-12-08,13:57,산격동 1123-1 부근 소화전,2023-12-12,2024-06-03
불법주정차,2023-12-08,14:22,복현동 경대로19길 부근,2023-12-11,2024-06-03
불법주정차,2023-12-08,14:22,복현동 경대로19길 부근,2023-12-11,2024-06-03
불법주정차,2023-12-08,14:22,복현동 경대로19길 부근,2023-12-11,2024-06-03
불법주정차,2023-12-08,14:26,매천동 매전로4길 부근,2023-12-11,2024-06-03
불법주정차,2023-12-08,14:26,매천동 매전로4길 부근,2023-12-11,2024-06-03
불법주정차,2023-12-08,14:27,산격동 대동로1길 부근,2023-12-11,2024-06-03
불법주정차,2023-12-08,14:27,산격동 대동로1길 부근,2023-12-11,2024-06-03
불법주정차,2023-12-08,14:28,산격동 대동로1길 부근,2023-12-11,2024-06-03
불법주정차,2023-12-08,14:28,산격동 대동로1길 부근,2023-12-11,2024-06-03
불법주정차,2023-12-08,14:28,산격동 동북로 부근,2023-12-11,2024-06-03
불법주정차,2023-12-08,14:31,태전동 학정로 부근,2023-12-11,2024-06-03
불법주정차,2023-12-08,14:32,동아아울렛 뒷편,2023-12-11,2024-06-03
불법주정차,2023-12-08,14:32,노원동3가 노원로10길 부근,2023-12-11,2024-06-03
불법주정차,2023-12-08,14:33,동변공원 사거리,2023-12-11,2024-06-03
불법주정차,2023-12-08,14:33,태전동 학정로 부근,2023-12-11,2024-06-03
불법주정차,2023-12-08,14:33,노원동3가 노원로10길 부근,2023-12-11,2024-06-03
불법주정차,2023-12-08,14:34,도남초등학교,2023-12-11,2024-06-03
불법주정차,2023-12-08,14:34,유림노르웨이숲,2023-12-11,2024-06-03
불법주정차,2023-12-08,14:35,대구역 오페라더블유2,2023-12-11,2024-06-03
불법주정차,2023-12-08,14:36,대구역 오페라더블유2,2023-12-11,2024-06-03
불법주정차,2023-12-08,14:36,매천동 매전로 부근,2023-12-11,2024-06-03
불법주정차,2023-12-08,14:37,팔달동 대구수산시장,2023-12-11,2024-06-03
불법주정차,2023-12-08,14:37,관천초등학교,2023-12-11,2024-06-03
불법주정차,2023-12-08,14:37,매천동 매전로4길 부근,2023-12-11,2024-06-03
불법주정차,2023-12-08,14:37,매천동 매전로4길 부근,2023-12-11,2024-06-03
불법주정차,2023-12-08,14:38,칠성동 꽃시장 (아름나라,2023-12-11,2024-06-03
불법주정차,2023-12-08,14:38,북부초등학교,2023-12-11,2024-06-03
불법주정차,2023-12-08,14:39,태전동 중앙시장,2023-12-11,2024-06-03
불법주정차,2023-12-08,14:41,매천삼거리,2023-12-11,2024-06-03
불법주정차,2023-12-08,14:41,사수동 831 부근 횡단보도,2023-12-12,2024-06-03
불법주정차,2023-12-08,14:43,침산 화인탑펠리스,2023-12-11,2024-06-03
불법주정차,2023-12-08,14:44,노원동주민센터 사거리,2023-12-11,2024-06-03
불법주정차,2023-12-08,14:44,노원동1가 침산남로 부근,2023-12-11,2024-06-03
불법주정차,2023-12-08,14:45,동천동 참약국,2024-05-17,2024-06-03
불법주정차,2023-12-08,14:46,노원동1가 침산남로9길 부근,2023-12-11,2024-06-03
불법주정차,2023-12-08,14:46,노원동1가 침산남로9길 부근,2023-12-11,2024-06-03
불법주정차,2023-12-08,14:46,복현동 동북로57길 부근,2023-12-11,2024-06-03
불법주정차,2023-12-08,14:46,복현동 동북로57길 부근,2023-12-11,2024-06-03
불법주정차,2023-12-08,14:47,복현동 동북로53길 부근,2023-12-11,2024-06-03
불법주정차,2023-12-08,14:48,북부초등학교,2023-12-11,2024-06-03
불법주정차,2023-12-08,14:49,남다른 감자탕,2023-12-11,2024-06-03
불법주정차,2023-12-08,14:50,복현동 공항로 부근,2023-12-11,2024-06-03
불법주정차,2023-12-08,14:50,복현동 공항로 부근,2023-12-11,2024-06-03
불법주정차,2023-12-08,14:54,팔달동 대구수산시장,2023-12-11,2024-06-03
불법주정차,2023-12-08,14:54,동호동 151-1 부근,2023-12-11,2024-06-03
불법주정차,2023-12-08,14:55,동호동 팔거천동로 부근,2023-12-11,2024-06-03
불법주정차,2023-12-08,14:56,동호동 팔거천동로 부근,2023-12-11,2024-06-03
불법주정차,2023-12-08,14:57,금정공원(보행자우선거리,2023-12-11,2024-06-03
불법주정차,2023-12-08,14:58,동호동 팔거천동로 부근,2023-12-11,2024-06-03
불법주정차,2023-12-08,14:59,서변공영주차장 사거리,2023-12-11,2024-06-03
불법주정차,2023-12-08,15:01,대구역 오페라더블유2,2023-12-11,2024-06-03
불법주정차,2023-12-08,15:01,칠성시장교통섬,2023-12-11,2024-06-03
불법주정차,2023-12-08,15:03,칠성시장교통섬,2023-12-11,2024-06-03
불법주정차,2023-12-08,15:04,북부초등학교,2023-12-11,2024-06-03
불법주정차,2023-12-08,15:06,대현도서관교차로,2023-12-11,2024-06-03
불법주정차,2023-12-08,15:07,학정동 칠곡중앙대로136길 부근,2024-04-04,2024-06-03
불법주정차,2023-12-08,15:07,학정동 칠곡중앙대로136길 부근,2023-12-11,2024-06-03
불법주정차,2023-12-08,15:07,학정동 칠곡중앙대로136길 부근,2023-12-11,2024-06-03
불법주정차,2023-12-08,15:08,학정동 칠곡중앙대로136길 부근,2023-12-11,2024-06-03
불법주정차,2023-12-08,15:08,학정동 칠곡중앙대로136길 부근,2023-12-11,2024-06-03
불법주정차,2023-12-08,15:09,학정동 칠곡중앙대로136길 부근,2023-12-11,2024-06-03
불법주정차,2023-12-08,15:09,학정동 칠곡중앙대로136길 부근,2023-12-11,2024-06-03
불법주정차,2023-12-08,15:09,학정동 칠곡중앙대로136길 부근,2023-12-11,2024-06-03
불법주정차,2023-12-08,15:09,학정동 칠곡중앙대로136길 부근,2023-12-11,2024-06-03
불법주정차,2023-12-08,15:09,학정동 칠곡중앙대로136길 부근,2023-12-11,2024-06-03
불법주정차,2023-12-08,15:09,학정동 칠곡중앙대로136길 부근,2023-12-11,2024-06-03
불법주정차,2023-12-08,15:09,산격동 1803 부근 횡단보도,2023-12-12,2024-06-03
불법주정차,2023-12-08,15:09,산격동 1727 부근 횡단보도,2023-12-12,2024-06-03
불법주정차,2023-12-08,15:09,산격동 1727 부근 횡단보도,2023-12-12,2024-06-03
불법주정차,2023-12-08,15:10,학정동 호국로 부근,2023-12-11,2024-06-03
불법주정차,2023-12-08,15:11,복현동 검단로 부근,2023-12-11,2024-06-03
불법주정차,2023-12-08,15:11,학정동 474 부근,2023-12-11,2024-06-03
불법주정차,2023-12-08,15:11,학정동 칠곡중앙대로136길 부근,2023-12-11,2024-06-03
불법주정차,2023-12-08,15:11,학정동 칠곡중앙대로136길 부근,2023-12-11,2024-06-03
불법주정차,2023-12-08,15:12,동호동 칠곡중앙대로136길 부근,2023-12-11,2024-06-03
불법주정차,2023-12-08,15:12,동호동 칠곡중앙대로136길 부근,2023-12-11,2024-06-03
불법주정차,2023-12-08,15:14,동호동 팔거천동로 부근,2023-12-11,2024-06-03
불법주정차,2023-12-08,15:15,침산 화성파크드림,2023-12-11,2024-06-03
불법주정차,2023-12-08,15:15,동호동 151-1 부근,2023-12-11,2024-06-03
불법주정차,2023-12-08,15:19,새동산산부인과,2023-12-11,2024-06-03
불법주정차,2023-12-08,15:20,오페라트루엘시민의숲,2023-12-11,2024-06-03
불법주정차,2023-12-08,15:21,국우동 486 부근,2023-12-11,2024-06-03
불법주정차,2023-12-08,15:21,산격동 검단로 부근,2023-12-11,2024-06-03
불법주정차,2023-12-08,15:21,산격동 120 부근 횡단보도,2024-04-24,2024-06-03
불법주정차,2023-12-08,15:22,복현동 검단로 부근,2023-12-11,2024-06-03
불법주정차,2023-12-08,15:22,복현동 검단로 부근,2023-12-11,2024-06-03
불법주정차,2023-12-08,15:22,복현동 검단로 부근,2023-12-11,2024-06-03
불법주정차,2023-12-08,15:23,산격동 120 부근 횡단보도,2023-12-12,2024-06-03
불법주정차,2023-12-08,15:26,학정동 학정로110길 부근,2023-12-11,2024-06-03
불법주정차,2023-12-08,15:27,금호서한이다음정문,2023-12-11,2024-06-03
불법주정차,2023-12-08,15:28,새동산산부인과,2023-12-11,2024-06-03
불법주정차,2023-12-08,15:30,침산동 침산남로31길 부근,2023-12-11,2024-06-03
불법주정차,2023-12-08,15:35,침산동 침산로 부근,2023-12-11,2024-06-03
불법주정차,2023-12-08,15:40,사수동 센스마트,2023-12-11,2024-06-03
불법주정차,2023-12-08,15:41,진성유치원 삼거리,2023-12-11,2024-06-03
불법주정차,2023-12-08,15:42,새동산산부인과,2023-12-11,2024-06-03
불법주정차,2023-12-08,15:44,북부초등학교,2023-12-11,2024-06-03
불법주정차,2023-12-08,15:44,읍내동 관음로 부근,2023-12-11,2024-06-03
불법주정차,2023-12-08,15:46,침산동 침산로22길 부근,2023-12-11,2024-06-03
불법주정차,2023-12-08,15:47,노원한신더휴 남문,2023-12-11,2024-06-03
불법주정차,2023-12-08,15:48,칠성동 꽃시장 (아름나라,2023-12-11,2024-06-03
불법주정차,2023-12-08,15:49,대현동 대현남로6길 부근,2023-12-11,2024-06-03
불법주정차,2023-12-08,15:49,대현동 대현남로6길 부근,2023-12-11,2024-06-03
불법주정차,2023-12-08,15:49,대현동 대현남로6길 부근,2023-12-11,2024-06-03
불법주정차,2023-12-08,15:49,대현동 대현남로6길 부근,2023-12-11,2024-06-03
불법주정차,2023-12-08,15:50,금호서한이다음정문,2023-12-11,2024-06-03
불법주정차,2023-12-08,15:53,대구역 오페라더블유2,2023-12-11,2024-06-03
불법주정차,2023-12-08,15:54,칠성동2가 침산로 부근,2023-12-11,2024-06-03
불법주정차,2023-12-08,15:55,새동산산부인과,2023-12-11,2024-06-03
불법주정차,2023-12-08,15:55,칠성동2가 호암로 부근,2023-12-11,2024-06-03
불법주정차,2023-12-08,15:55,산격동 1428-12 부근 모퉁이,2023-12-12,2024-06-03
불법주정차,2023-12-08,15:57,산격동 1428-12 부근 모퉁이,2023-12-12,2024-06-03
불법주정차,2023-12-08,15:57,구암동 766 부근 인도,2023-12-12,2024-06-03
불법주정차,2023-12-08,15:58,침산동 중앙대로 부근,2023-12-11,2024-06-03
불법주정차,2023-12-08,16:01,노원한신더휴 동문,2023-12-11,2024-06-03
불법주정차,2023-12-08,16:01,칠성동2가 침산로 부근,2023-12-11,2024-06-03
불법주정차,2023-12-08,16:01,칠성동2가 침산로 부근,2023-12-11,2024-06-03
불법주정차,2023-12-08,16:08,태전동 1025-8 부근 모퉁이,2023-12-12,2024-06-03
불법주정차,2023-12-08,16:10,노원한신더휴 남문,2023-12-11,2024-06-03
불법주정차,2023-12-08,16:11,동변공원 사거리,2023-12-11,2024-06-03
불법주정차,2023-12-08,16:11,학정동 474 부근,2023-12-11,2024-06-03
불법주정차,2023-12-08,16:12,팔달동 대구수산시장,2023-12-11,2024-06-03
불법주정차,2023-12-08,16:12,사수동 821 부근 모퉁이,2023-12-12,2024-06-03
불법주정차,2023-12-08,16:19,칠성시장교통섬,2023-12-11,2024-06-03
불법주정차,2023-12-08,16:20,노원한신더휴 동문,2023-12-11,2024-06-03
불법주정차,2023-12-08,16:21,노원한신더휴 동문,2023-12-11,2024-06-03
불법주정차,2023-12-08,16:22,북부초등학교,2023-12-11,2024-06-03
불법주정차,2023-12-08,16:22,관음동 칠곡중앙대로 부근,2023-12-11,2024-06-03
불법주정차,2023-12-08,16:23,관음동 칠곡중앙대로91길 부근,2023-12-11,2024-06-03
불법주정차,2023-12-08,16:24,관음동 칠곡중앙대로91길 부근,2023-12-11,2024-06-03
불법주정차,2023-12-08,16:24,관음동 칠곡중앙대로91길 부근,2023-12-11,2024-06-03
불법주정차,2023-12-08,16:24,관음동 칠곡중앙대로91길 부근,2023-12-11,2024-06-03
불법주정차,2023-12-08,16:24,관음동 관음동로 부근,2024-01-03,2024-06-03
불법주정차,2023-12-08,16:24,관음동 칠곡중앙대로 부근,2023-12-11,2024-06-03
불법주정차,2023-12-08,16:25,관음동 관음동로 부근,2023-12-11,2024-06-03
불법주정차,2023-12-08,16:26,오페라 클래시아,2023-12-11,2024-06-03
불법주정차,2023-12-08,16:26,새동산산부인과,2023-12-11,2024-06-03
불법주정차,2023-12-08,16:27,읍내동 칠곡중앙대로86길 부근,2023-12-11,2024-06-03
불법주정차,2023-12-08,16:27,읍내동 구암로 부근,2023-12-11,2024-06-03
불법주정차,2023-12-08,16:28,읍내동 구암로 부근,2023-12-11,2024-06-03
불법주정차,2023-12-08,16:28,읍내동 구암로 부근,2023-12-11,2024-06-03
불법주정차,2023-12-08,16:28,읍내동 구암로 부근,2023-12-11,2024-06-03
불법주정차,2023-12-08,16:29,읍내동 칠곡중앙대로86길 부근,2023-12-11,2024-06-03
불법주정차,2023-12-08,16:32,노원한신더휴 남문,2023-12-11,2024-06-03
불법주정차,2023-12-08,16:33,침산동 성북로 부근,2023-12-11,2024-06-03
불법주정차,2023-12-08,16:34,동아아울렛 뒷편,2023-12-11,2024-06-03
불법주정차,2023-12-08,16:35,침산 화인탑펠리스,2023-12-11,2024-06-03
불법주정차,2023-12-08,16:36,대구역 오페라더블유2,2023-12-11,2024-06-03
불법주정차,2023-12-08,16:39,칠성동 삼성아파트 앞,2023-12-11,2024-06-03
불법주정차,2023-12-08,16:41,운암고등학교,2023-12-11,2024-06-03
불법주정차,2023-12-08,16:45,북부초등학교,2023-12-11,2024-06-03
불법주정차,2023-12-08,16:48,노원한신더휴 남문,2023-12-11,2024-06-03
불법주정차,2023-12-08,16:48,구암동 768 부근 소화전,2023-12-12,2024-06-03
불법주정차,2023-12-08,16:50,침산동 침산로 부근,2023-12-11,2024-06-03
불법주정차,2023-12-08,16:50,침산동 침산로 부근,2023-12-11,2024-06-03
불법주정차,2023-12-08,16:50,침산동 침산로 부근,2023-12-11,2024-06-03
불법주정차,2023-12-08,16:50,침산동 침산로 부근,2023-12-11,2024-06-03
불법주정차,2023-12-08,16:50,침산동 침산로 부근,2023-12-11,2024-06-03
불법주정차,2023-12-08,16:50,침산동 침산로 부근,2023-12-11,2024-06-03
불법주정차,2023-12-08,16:56,북부초등학교,2023-12-11,2024-06-03
불법주정차,2023-12-08,16:57,노원한신더휴 동문,2023-12-11,2024-06-03
불법주정차,2023-12-08,16:57,서변동 1148-1 부근 횡단보도,2023-12-12,2024-06-03
불법주정차,2023-12-08,16:59,서변동 1747 부근 횡단보도,2023-12-12,2024-06-03
불법주정차,2023-12-08,16:59,침산동 133-40 부근 소화전,2023-12-12,2024-06-03
불법주정차,2023-12-08,17:01,학정동 학정로 부근,2023-12-11,2024-06-03
불법주정차,2023-12-08,17:01,서변동 1148-1 부근 횡단보도,2023-12-12,2024-06-03
불법주정차,2023-12-08,17:02,대구역 오페라더블유1,2023-12-11,2024-06-03
불법주정차,2023-12-08,17:05,칠성시장교통섬,2023-12-11,2024-06-03
불법주정차,2023-12-08,17:08,칠성시장교통섬,2023-12-11,2024-06-03
불법주정차,2023-12-08,17:12,침산동 옥산로17길 부근,2023-12-11,2024-06-03
불법주정차,2023-12-08,17:12,침산동 침산남로 부근,2023-12-11,2024-06-03
불법주정차,2023-12-08,17:13,침산동 침산남로 부근,2023-12-11,2024-06-03
불법주정차,2023-12-08,17:14,북부초등학교,2023-12-11,2024-06-03
불법주정차,2023-12-08,17:15,운암고등학교,2023-12-11,2024-06-03
불법주정차,2023-12-08,17:18,서변공영주차장 사거리,2023-12-11,2024-06-03
불법주정차,2023-12-08,17:25,산격동 대동로1길 부근,2023-12-11,2024-06-03
불법주정차,2023-12-08,17:25,산격동 대동로1길 부근,2023-12-11,2024-06-03
불법주정차,2023-12-08,17:26,산격동 대동로1길 부근,2023-12-11,2024-06-03
불법주정차,2023-12-08,17:26,산격동 동북로 부근,2023-12-11,2024-06-03
불법주정차,2023-12-08,17:37,금호동 798 부근 횡단보도,2023-12-12,2024-06-03
불법주정차,2023-12-08,17:42,금호동 794 부근 모퉁이,2024-03-18,2024-06-03
불법주정차,2023-12-08,17:42,침산동 133-40 부근 소화전,2023-12-12,2024-06-03
불법주정차,2023-12-08,17:46,매천동 693 부근 횡단보도,2023-12-12,2024-06-03
불법주정차,2023-12-08,17:49,매천동 693 부근 횡단보도,2023-12-12,2024-06-03
불법주정차,2023-12-08,18:08,복현동 404-2 부근,2023-12-12,2024-06-03
불법주정차,2023-12-08,18:08,복현동 404-2 부근,2023-12-12,2024-06-03
불법주정차,2023-12-08,18:08,복현동 404-2 부근,2023-12-12,2024-06-03
불법주정차,2023-12-08,18:09,복현동 404-2 부근,2023-12-14,2024-06-03
불법주정차,2023-12-08,18:09,복현동 404-2 부근,2023-12-14,2024-06-03
불법주정차,2023-12-08,18:09,복현동 404-2 부근,2023-12-14,2024-06-03
불법주정차,2023-12-08,18:12,팔달동 286-12 부근,2023-12-11,2024-06-03
불법주정차,2023-12-08,18:12,팔달동 286-12 부근,2023-12-11,2024-06-03
불법주정차,2023-12-08,18:12,팔달동 286-12 부근,2023-12-11,2024-06-03
불법주정차,2023-12-08,18:12,금호동 산 103-1 부근,2023-12-11,2024-06-03
불법주정차,2023-12-08,18:12,금호동 산 103-1 부근,2023-12-11,2024-06-03
불법주정차,2023-12-08,18:22,산격동 1279-7 부근 모퉁이,2023-12-12,2024-06-03
불법주정차,2023-12-08,18:31,태전동 976 부근 모퉁이,2023-12-12,2024-06-03
불법주정차,2023-12-08,18:34,태전동 976-9 부근 모퉁이,2023-12-12,2024-06-03
불법주정차,2023-12-08,18:35,태전동 1033-6 부근 횡단보도,2023-12-12,2024-06-03
불법주정차,2023-12-08,18:36,복현동 241-1 부근,2023-12-12,2024-06-03
불법주정차,2023-12-08,18:36,복현동 623 부근,2023-12-12,2024-06-03
불법주정차,2023-12-08,18:44,태전동 370-1 부근 인도,2023-12-12,2024-06-03
불법주정차,2023-12-08,18:48,태전동 344-1 부근 횡단보도,2023-12-12,2024-06-03
불법주정차,2023-12-08,18:51,읍내동 1124-5 부근 횡단보도,2023-12-12,2024-06-03
불법주정차,2023-12-08,19:01,대현동 153-18 부근 모퉁이,2023-12-12,2024-06-03
불법주정차,2023-12-08,19:04,노곡동 281-2 부근 모퉁이,2023-12-12,2024-06-03
불법주정차,2023-12-08,19:05,노곡동 281-2 부근 모퉁이,2023-12-12,2024-06-03
불법주정차,2023-12-08,19:06,동천동 903-4 부근 횡단보도,2023-12-12,2024-06-03
불법주정차,2023-12-08,19:08,동천동 894-1 부근 횡단보도,2023-12-12,2024-06-03
불법주정차,2023-12-08,19:14,동천동 897-1 부근 횡단보도,2023-12-12,2024-06-03
불법주정차,2023-12-08,19:17,동천동 962-1 부근 인도,2023-12-12,2024-06-03
불법주정차,2023-12-08,19:20,산격동 1397-44 부근,2023-12-12,2024-06-03
불법주정차,2023-12-08,19:37,태전동 254-3 부근 인도,2023-12-12,2024-06-03
불법주정차,2023-12-08,19:38,복현동 713 부근,2023-12-12,2024-06-03
불법주정차,2023-12-08,19:38,복현동 713 부근,2023-12-12,2024-06-03
불법주정차,2023-12-08,19:38,복현동 713 부근,2023-12-12,2024-06-03
불법주정차,2023-12-08,19:39,복현동 713 부근,2023-12-12,2024-06-03
불법주정차,2023-12-08,19:39,복현동 713 부근,2023-12-12,2024-06-03
불법주정차,2023-12-08,19:43,고성동3가 37-5 부근 소화전,2023-12-12,2024-06-03
불법주정차,2023-12-08,19:43,태전동 156-1 부근 인도,2023-12-12,2024-06-03
불법주정차,2023-12-08,19:46,노원동1가 141 부근 소화전,2023-12-12,2024-06-03
불법주정차,2023-12-08,20:19,고성동3가 23 부근 횡단보도,2023-12-12,2024-06-03
불법주정차,2023-12-08,20:22,고성동3가 25-1 부근 횡단보도,2023-12-12,2024-06-03
불법주정차,2023-12-08,20:57,동천동 910-4 부근 횡단보도,2023-12-12,2024-06-03
불법주정차,2023-12-08,21:00,구암동 835 부근 버스정류소,2023-12-12,2024-06-03
불법주정차,2023-12-08,21:02,구암동 835 부근 버스정류소,2023-12-12,2024-06-03
불법주정차,2023-12-08,21:09,태전동 1035 부근 횡단보도,2023-12-12,2024-06-03
불법주정차,2023-12-08,21:18,대현동 538 부근 모퉁이,2023-12-12,2024-06-03
불법주정차,2023-12-08,21:28,동천동 907-6 부근 버스정류소,2023-12-12,2024-06-03
불법주정차,2023-12-08,22:19,사수동 964 부근 횡단보도,2023-12-12,2024-06-03
불법주정차,2023-12-08,22:20,칠성동2가 302-105 부근 횡단보도,2023-12-12,2024-06-03
불법주정차,2023-12-08,22:21,사수동 964 부근 횡단보도,2023-12-12,2024-06-03
불법주정차,2023-12-08,22:25,사수동 999 부근 횡단보도,2023-12-12,2024-06-03
불법주정차,2023-12-08,22:38,관음동 1257-11 부근 버스정류소,2024-05-22,2024-06-03
불법주정차,2023-12-08,22:40,관음동 207 부근 횡단보도,2023-12-12,2024-06-03
불법주정차,2023-12-08,22:41,관음동 207 부근 횡단보도,2023-12-12,2024-06-03
불법주정차,2023-12-09,00:15,산격동 1437-67 부근 모퉁이,2023-12-14,2024-06-03
불법주정차,2023-12-09,00:17,산격동 1428-12 부근 횡단보도,2023-12-14,2024-06-03
불법주정차,2023-12-09,00:28,복현동 155 부근 횡단보도,2023-12-14,2024-06-03
불법주정차,2023-12-09,00:29,복현동 155 부근 횡단보도,2023-12-14,2024-06-03
불법주정차,2023-12-09,05:19,읍내동 1343-7 부근 모퉁이,2023-12-14,2024-06-03
불법주정차,2023-12-09,08:12,칠성동2가 302-297 부근 인도,2023-12-14,2024-06-03
불법주정차,2023-12-09,08:17,칠성동2가 409-24 부근 버스정류소,2023-12-14,2024-06-03
불법주정차,2023-12-09,08:27,고성동2가 116-3 부근 인도,2023-12-14,2024-06-03
불법주정차,2023-12-09,08:27,고성동2가 116-3 부근 인도,2023-12-14,2024-06-03
불법주정차,2023-12-09,08:27,고성동2가 116-3 부근 인도,2023-12-14,2024-06-03
불법주정차,2023-12-09,08:41,서변동 1789 부근 횡단보도,2023-12-14,2024-06-03
불법주정차,2023-12-09,08:45,검단동 1128-3 부근 횡단보도,2023-12-14,2024-06-03
불법주정차,2023-12-09,08:49,검단동 1128-3 부근 버스정류소,2023-12-14,2024-06-03
불법주정차,2023-12-09,09:53,복현동 427-1 부근 인도,2023-12-14,2024-06-03
불법주정차,2023-12-09,10:01,새동산산부인과,2023-12-11,2024-06-03
불법주정차,2023-12-09,10:01,동천동회전교차로2,2023-12-11,2024-06-03
불법주정차,2023-12-09,10:02,서변공영주차장 사거리,2023-12-11,2024-06-03
불법주정차,2023-12-09,10:02,동아아울렛 뒷편,2023-12-11,2024-06-03
불법주정차,2023-12-09,10:03,운암초등학교,2023-12-11,2024-06-03
불법주정차,2023-12-09,10:03,칠곡농협 관음지점,2023-12-11,2024-06-03
불법주정차,2023-12-09,10:04,침산1동회전교차로1,2023-12-11,2024-06-03
불법주정차,2023-12-09,10:04,대구역 오페라더블유2,2023-12-11,2024-06-03
불법주정차,2023-12-09,10:04,운암고등학교,2023-12-11,2024-06-03
불법주정차,2023-12-09,10:05,침산 화인탑펠리스,2023-12-11,2024-06-03
불법주정차,2023-12-09,10:05,침산1동회전교차로2,2023-12-11,2024-06-03
불법주정차,2023-12-09,10:05,대구역 오페라더블유2,2023-12-11,2024-06-03
불법주정차,2023-12-09,10:06,침산1동회전교차로1,2023-12-11,2024-06-03
불법주정차,2023-12-09,10:06,동평초등학교네거리,2023-12-11,2024-06-03
불법주정차,2023-12-09,10:06,칠성시장 화재(소방),2023-12-11,2024-06-03
불법주정차,2023-12-09,10:06,운암고등학교,2023-12-11,2024-06-03
불법주정차,2023-12-09,10:07,동아아울렛 뒷편,2023-12-11,2024-06-03
불법주정차,2023-12-09,10:07,침산 화인탑펠리스,2023-12-11,2024-06-03
불법주정차,2023-12-09,10:07,오페라 클래시아,2023-12-11,2024-06-03
불법주정차,2023-12-09,10:08,동천동회전교차로1,2023-12-11,2024-06-03
불법주정차,2023-12-09,10:08,복현동 시티병원,2023-12-11,2024-06-03
불법주정차,2023-12-09,10:08,칠곡초등학교 진입로,2023-12-11,2024-06-03
불법주정차,2023-12-09,10:08,운암고등학교,2023-12-11,2024-06-03
불법주정차,2023-12-09,10:08,칠곡우방타운 삼거리,2023-12-11,2024-06-03
불법주정차,2023-12-09,10:08,노원한신더휴 동문,2023-12-11,2024-06-03
불법주정차,2023-12-09,10:09,매천삼거리,2023-12-11,2024-06-03
불법주정차,2023-12-09,10:09,운암고등학교,2023-12-11,2024-06-03
불법주정차,2023-12-09,10:09,옥산초등학교,2023-12-11,2024-06-03
불법주정차,2023-12-09,10:09,관천초등학교,2023-12-11,2024-06-03
불법주정차,2023-12-09,10:10,유림노르웨이숲,2023-12-11,2024-06-03
불법주정차,2023-12-09,10:11,구암동 농협중앙회,2023-12-11,2024-06-03
불법주정차,2023-12-09,10:11,읍내동 1341-10 부근 인도,2023-12-14,2024-06-03
불법주정차,2023-12-09,10:12,성삼우리신협 앞,2023-12-11,2024-06-03
불법주정차,2023-12-09,10:12,팔달동 대구수산시장,2023-12-11,2024-06-03
불법주정차,2023-12-09,10:12,칠곡초등학교,2023-12-11,2024-06-03
불법주정차,2023-12-09,10:13,태전중석타운 남편 도로,2023-12-11,2024-06-03
불법주정차,2023-12-09,10:14,서변공영주차장 사거리,2023-12-11,2024-06-03
불법주정차,2023-12-09,10:14,칠성동 꽃시장 (아름나라,2023-12-11,2024-06-03
불법주정차,2023-12-09,10:17,장보고식자재마트 사거리,2023-12-11,2024-06-03
불법주정차,2023-12-09,10:17,대구일중학교 정문 앞,2023-12-11,2024-06-03
불법주정차,2023-12-09,10:18,오페라 클래시아,2023-12-11,2024-06-03
불법주정차,2023-12-09,10:19,매천중학교 건너,2023-12-11,2024-06-03
불법주정차,2023-12-09,10:19,칠성시장교통섬,2023-12-11,2024-06-03
불법주정차,2023-12-09,10:20,유림노르웨이숲,2023-12-11,2024-06-03
불법주정차,2023-12-09,10:20,동아아울렛 뒷편,2023-12-11,2024-06-03
불법주정차,2023-12-09,10:22,칠성시장 화재(소방),2023-12-11,2024-06-03
불법주정차,2023-12-09,10:23,대현도서관교차로,2023-12-11,2024-06-03
불법주정차,2023-12-09,10:26,새동산산부인과,2023-12-11,2024-06-03
불법주정차,2023-12-09,10:27,웨딩메르디앙 앞,2023-12-11,2024-06-03
불법주정차,2023-12-09,10:29,사수동 825 부근 모퉁이,2023-12-14,2024-06-03
불법주정차,2023-12-09,10:30,칠성동 꽃시장 (아름나라,2023-12-11,2024-06-03
불법주정차,2023-12-09,10:35,칠성시장교통섬,2023-12-11,2024-06-03
불법주정차,2023-12-09,10:36,사수동 831 부근 횡단보도,2023-12-14,2024-06-03
불법주정차,2023-12-09,10:39,새동산산부인과,2023-12-11,2024-06-03
불법주정차,2023-12-09,10:42,태전동 256-1 부근 횡단보도,2023-12-14,2024-06-03
불법주정차,2023-12-09,10:42,사수동 825 부근 횡단보도,2023-12-14,2024-06-03
불법주정차,2023-12-09,10:42,엑스코 앞,2024-04-24,2024-06-03
불법주정차,2023-12-09,10:47,유림노르웨이숲,2023-12-11,2024-06-03
불법주정차,2023-12-09,10:48,산격동 북대구 농협,2023-12-11,2024-06-03
불법주정차,2023-12-09,10:58,칠성시장 화재(소방),2023-12-11,2024-06-03
불법주정차,2023-12-09,10:59,칠성동2가 574-25 부근 횡단보도,2023-12-14,2024-06-03
불법주정차,2023-12-09,11:05,칠성동2가 101-4 부근 소화전,2023-12-14,2024-06-03
불법주정차,2023-12-09,11:07,무지개공영주차장 부근,2023-12-11,2024-06-03
불법주정차,2023-12-09,11:12,학정동 937-21 부근 횡단보도,2023-12-14,2024-06-03
불법주정차,2023-12-09,11:24,동천동 895-4 부근 인도,2023-12-14,2024-06-03
불법주정차,2023-12-09,11:24,동천동 895-4 부근 인도,2023-12-14,2024-06-03
불법주정차,2023-12-09,11:34,무지개공영주차장 부근,2023-12-11,2024-06-03
불법주정차,2023-12-09,12:15,학정동 927-1 부근 횡단보도,2023-12-14,2024-06-03
불법주정차,2023-12-09,12:21,동천동 910-4 부근 횡단보도,2023-12-14,2024-06-03
불법주정차,2023-12-09,12:23,노원동1가 203 부근 인도,2023-12-14,2024-06-03
불법주정차,2023-12-09,12:24,동천동 909-1 부근 인도,2023-12-14,2024-06-03
불법주정차,2023-12-09,12:25,노원동1가 197 부근 인도,2023-12-14,2024-06-03
불법주정차,2023-12-09,12:26,무지개공영주차장 부근,2023-12-11,2024-06-03
불법주정차,2023-12-09,12:28,칠성동2가 302-197 부근 횡단보도,2023-12-14,2024-06-03
불법주정차,2023-12-09,12:32,칠성동2가 302-315 부근 소화전,2023-12-14,2024-06-03
불법주정차,2023-12-09,12:34,칠성동2가 302-315 부근 소화전,2023-12-14,2024-06-03
불법주정차,2023-12-09,12:36,무지개공영주차장 부근,2023-12-11,2024-06-03
불법주정차,2023-12-09,12:37,노원동3가 236-8 부근 횡단보도,2023-12-14,2024-06-03
불법주정차,2023-12-09,12:40,노원동3가 347 부근 인도,2023-12-14,2024-06-03
불법주정차,2023-12-09,12:41,칠성동2가 412-100 부근 횡단보도,2023-12-14,2024-06-03
불법주정차,2023-12-09,12:42,칠성동2가 369-1 부근 인도,2023-12-14,2024-06-03
불법주정차,2023-12-09,12:45,무지개공영주차장 부근,2023-12-11,2024-06-03
불법주정차,2023-12-09,12:55,태전동 1221 부근 횡단보도,2023-12-14,2024-06-03
불법주정차,2023-12-09,13:02,구암동 654 부근 횡단보도,2023-12-14,2024-06-03
불법주정차,2023-12-09,13:06,구암동 712 부근 횡단보도,2023-12-14,2024-06-03
불법주정차,2023-12-09,13:07,읍내동 1343-6 부근 횡단보도,2023-12-14,2024-06-03
불법주정차,2023-12-09,13:14,무지개공영주차장 부근,2023-12-11,2024-06-03
불법주정차,2023-12-09,13:17,침산동 327-5 부근 모퉁이,2023-12-14,2024-06-03
불법주정차,2023-12-09,13:18,읍내동 1343-7 부근 인도,2023-12-14,2024-06-03
불법주정차,2023-12-09,13:20,산격동 1326-11 부근,2023-12-14,2024-06-03
불법주정차,2023-12-09,13:23,태전동 1065-1 부근 인도,2023-12-14,2024-06-03
불법주정차,2023-12-09,13:25,구암동 767-2 부근 인도,2023-12-14,2024-06-03
불법주정차,2023-12-09,13:34,칠성동2가 369-1 부근 인도,2023-12-14,2024-06-03
불법주정차,2023-12-09,13:48,노원동1가 243-3 부근 인도,2023-12-14,2024-06-03
불법주정차,2023-12-09,13:53,노원동1가 262-3 부근 횡단보도,2023-12-14,2024-06-03
불법주정차,2023-12-09,13:57,노원동3가 1039-6 부근 인도,2023-12-14,2024-06-03
불법주정차,2023-12-09,13:57,매천동 690 부근 횡단보도,2023-12-14,2024-06-03
불법주정차,2023-12-09,14:03,산격동 1428-12 부근 모퉁이,2023-12-14,2024-06-03
불법주정차,2023-12-09,14:06,산격동 1399 부근 모퉁이,2023-12-14,2024-06-03
불법주정차,2023-12-09,14:09,무지개공영주차장 부근,2023-12-11,2024-06-03
불법주정차,2023-12-09,14:09,무지개공영주차장 부근,2023-12-11,2024-06-03
불법주정차,2023-12-09,14:18,대학로 파리바게트 부근,2023-12-11,2024-06-03
불법주정차,2023-12-09,14:19,읍내동 1341-10 부근 인도,2023-12-14,2024-06-03
불법주정차,2023-12-09,14:19,구암동 768 부근 소화전,2023-12-14,2024-06-03
불법주정차,2023-12-09,14:20,태전동 253-12 부근 모퉁이,2023-12-14,2024-06-03
불법주정차,2023-12-09,14:30,태전동 986-12 부근 횡단보도,2023-12-14,2024-06-03
불법주정차,2023-12-09,14:30,태전동 253-1 부근 횡단보도,2023-12-14,2024-06-03
불법주정차,2023-12-09,14:31,노원한신더휴 남문,2023-12-11,2024-06-03
불법주정차,2023-12-09,14:31,서변동 941 부근 횡단보도,2023-12-14,2024-06-03
불법주정차,2023-12-09,14:32,동천동회전교차로1,2023-12-11,2024-06-03
불법주정차,2023-12-09,14:32,새동산산부인과,2023-12-11,2024-06-03
불법주정차,2023-12-09,14:33,운암초등학교,2023-12-11,2024-06-03
불법주정차,2023-12-09,14:33,유림노르웨이숲,2023-12-11,2024-06-03
불법주정차,2023-12-09,14:34,새동산산부인과,2023-12-11,2024-06-03
불법주정차,2023-12-09,14:35,구암동 771-1 부근 횡단보도,2023-12-14,2024-06-03
불법주정차,2023-12-09,14:36,오페라코오롱하늘채 앞,2023-12-11,2024-06-03
불법주정차,2023-12-09,14:36,노원한신더휴 남문,2023-12-11,2024-06-03
불법주정차,2023-12-09,14:36,칠곡초등학교 진입로,2023-12-11,2024-06-03
불법주정차,2023-12-09,14:37,무지개공영주차장 부근,2023-12-11,2024-06-03
불법주정차,2023-12-09,14:38,엑스코 앞,2023-12-11,2024-06-03
불법주정차,2023-12-09,14:38,유림노르웨이숲,2023-12-11,2024-06-03
불법주정차,2023-12-09,14:38,관천초등학교,2023-12-11,2024-06-03
불법주정차,2023-12-09,14:39,엑스코 앞,2023-12-11,2024-06-03
불법주정차,2023-12-09,14:40,엑스코 앞,2023-12-11,2024-06-03
불법주정차,2023-12-09,14:41,침산 화인탑펠리스,2023-12-11,2024-06-03
불법주정차,2023-12-09,14:42,남다른 감자탕,2023-12-11,2024-06-03
불법주정차,2023-12-09,14:43,엑스코 앞,2023-12-11,2024-06-03
불법주정차,2023-12-09,14:44,대구일중학교 정문 앞,2023-12-11,2024-06-03
불법주정차,2023-12-09,14:44,영남네오빌아트 후문,2023-12-11,2024-06-03
불법주정차,2023-12-09,14:44,칠곡초등학교 진입로,2023-12-11,2024-06-03
불법주정차,2023-12-09,14:45,장보고식자재마트 사거리,2023-12-11,2024-06-03
불법주정차,2023-12-09,14:46,동평초등학교네거리,2023-12-11,2024-06-03
불법주정차,2023-12-09,14:47,새동산산부인과,2023-12-11,2024-06-03
불법주정차,2023-12-09,14:49,서변공영주차장 사거리,2023-12-11,2024-06-03
불법주정차,2023-12-09,14:49,동평초등학교네거리,2023-12-11,2024-06-03
불법주정차,2023-12-09,14:49,침산 화성파크드림,2023-12-11,2024-06-03
불법주정차,2023-12-09,14:50,사수동 센스마트,2023-12-11,2024-06-03
불법주정차,2023-12-09,14:50,동천동회전교차로1,2023-12-11,2024-06-03
불법주정차,2023-12-09,14:51,유림노르웨이숲,2023-12-11,2024-06-03
불법주정차,2023-12-09,14:53,동아아울렛 뒷편,2023-12-11,2024-06-03
불법주정차,2023-12-09,14:54,유림노르웨이숲,2023-12-11,2024-06-03
불법주정차,2023-12-09,14:54,새동산산부인과,2023-12-11,2024-06-03
불법주정차,2023-12-09,14:54,동아아울렛 뒷편,2023-12-11,2024-06-03
불법주정차,2023-12-09,14:55,NC아울렛 앞 사거리,2023-12-11,2024-06-03
불법주정차,2023-12-09,14:55,침산 화성파크드림,2023-12-11,2024-06-03
불법주정차,2023-12-09,14:55,농협침산지점앞,2023-12-11,2024-06-03
불법주정차,2023-12-09,14:56,새동산산부인과,2023-12-11,2024-06-03
불법주정차,2023-12-09,14:59,엑스코 앞,2023-12-11,2024-06-03
불법주정차,2023-12-09,15:02,동천동회전교차로1,2023-12-11,2024-06-03
불법주정차,2023-12-09,15:02,칠성초등학교,2023-12-11,2024-06-03
불법주정차,2023-12-09,15:02,칠성동 꽃시장 (아름나라,2023-12-11,2024-06-03
불법주정차,2023-12-09,15:02,엑스코 앞,2023-12-11,2024-06-03
불법주정차,2023-12-09,15:03,북부초등학교,2024-05-23,2024-06-03
불법주정차,2023-12-09,15:06,칠성시장교통섬,2023-12-11,2024-06-03
불법주정차,2023-12-09,15:06,NC아울렛 앞 사거리,2023-12-11,2024-06-03
불법주정차,2023-12-09,15:10,대학로 파리바게트 부근,2023-12-11,2024-06-03
불법주정차,2023-12-09,15:12,노원한신더휴 남문,2023-12-11,2024-06-03
불법주정차,2023-12-09,15:13,침산 화성파크드림,2023-12-11,2024-06-03
불법주정차,2023-12-09,15:13,NC아울렛 앞 사거리,2023-12-11,2024-06-03
불법주정차,2023-12-09,15:14,매천초등학교,2023-12-11,2024-06-03
불법주정차,2023-12-09,15:14,태전동 951-6 부근 횡단보도,2023-12-14,2024-06-03
불법주정차,2023-12-09,15:16,금호서한이다음정문,2023-12-11,2024-06-03
불법주정차,2023-12-09,15:16,동천동회전교차로2,2023-12-11,2024-06-03
불법주정차,2023-12-09,15:18,칠성동 꽃시장 (아름나라,2023-12-11,2024-06-03
불법주정차,2023-12-09,15:18,코스트코 주차장 앞,2023-12-11,2024-06-03
불법주정차,2023-12-09,15:20,칠성시장교통섬,2023-12-11,2024-06-03
불법주정차,2023-12-09,15:21,운암고등학교,2023-12-11,2024-06-03
불법주정차,2023-12-09,15:22,NC아울렛 앞 사거리,2023-12-11,2024-06-03
불법주정차,2023-12-09,15:23,오페라코오롱하늘채 앞,2023-12-11,2024-06-03
불법주정차,2023-12-09,15:23,새동산산부인과,2023-12-11,2024-06-03
불법주정차,2023-12-09,15:25,무지개공영주차장 부근,2023-12-11,2024-06-03
불법주정차,2023-12-09,15:26,노원한신더휴 남문,2023-12-11,2024-06-03
불법주정차,2023-12-09,15:26,운암지,2023-12-11,2024-06-03
불법주정차,2023-12-09,15:28,금호서한이다음정문,2023-12-11,2024-06-03
불법주정차,2023-12-09,15:29,대학로 파리바게트 부근,2023-12-11,2024-06-03
불법주정차,2023-12-09,15:30,동아아울렛 뒷편,2023-12-11,2024-06-03
불법주정차,2023-12-09,15:31,읍내동 527 부근 인도,2023-12-14,2024-06-03
불법주정차,2023-12-09,15:32,오페라트루엘시민의숲,2023-12-11,2024-06-03
불법주정차,2023-12-09,15:32,동아아울렛 뒷편,2023-12-11,2024-06-03
불법주정차,2023-12-09,15:34,노원한신더휴 동문,2023-12-11,2024-06-03
불법주정차,2023-12-09,15:34,유림노르웨이숲,2023-12-11,2024-06-03
불법주정차,2023-12-09,15:36,산격동 경대북문,2023-12-11,2024-06-03
불법주정차,2023-12-09,15:36,오페라 클래시아,2023-12-11,2024-06-03
불법주정차,2023-12-09,15:36,노원한신더휴 남문,2023-12-11,2024-06-03
불법주정차,2023-12-09,15:37,금정공원(보행자우선거리,2023-12-11,2024-06-03
불법주정차,2023-12-09,15:38,사수동 센스마트,2023-12-11,2024-06-03
불법주정차,2023-12-09,15:39,운암지,2023-12-11,2024-06-03
불법주정차,2023-12-09,15:39,엑스코 앞,2023-12-11,2024-06-03
불법주정차,2023-12-09,15:40,오페라코오롱하늘채 앞,2023-12-11,2024-06-03
불법주정차,2023-12-09,15:40,옥산초등학교,2023-12-11,2024-06-03
불법주정차,2023-12-09,15:40,동천동회전교차로2,2023-12-11,2024-06-03
불법주정차,2023-12-09,15:41,노원한신더휴 동문,2023-12-11,2024-06-03
불법주정차,2023-12-09,15:42,무지개공영주차장 부근,2023-12-11,2024-06-03
불법주정차,2023-12-09,15:43,오페라코오롱하늘채 앞,2023-12-11,2024-06-03
불법주정차,2023-12-09,15:44,새동산산부인과,2023-12-11,2024-06-03
불법주정차,2023-12-09,15:44,대구은행 학정로 지점,2023-12-11,2024-06-03
불법주정차,2023-12-09,15:44,연경 동화아이위시 앞,2023-12-11,2024-06-03
불법주정차,2023-12-09,15:45,칠성시장교통섬,2023-12-11,2024-06-03
불법주정차,2023-12-09,15:45,칠성동 꽃시장 (아름나라,2023-12-11,2024-06-03
불법주정차,2023-12-09,15:49,동천동 참약국,2023-12-11,2024-06-03
불법주정차,2023-12-09,15:50,운암초등학교,2023-12-11,2024-06-03
불법주정차,2023-12-09,15:50,사수동 953 부근 횡단보도,2023-12-14,2024-06-03
불법주정차,2023-12-09,15:51,동천동회전교차로2,2023-12-11,2024-06-03
불법주정차,2023-12-09,15:52,금호동 802 부근 모퉁이,2023-12-14,2024-06-03
불법주정차,2023-12-09,15:53,동아아울렛 뒷편,2023-12-11,2024-06-03
불법주정차,2023-12-09,15:57,동천동회전교차로1,2023-12-11,2024-06-03
불법주정차,2023-12-09,15:58,금호동 802 부근 횡단보도,2023-12-14,2024-06-03
불법주정차,2023-12-09,15:58,사수동 953 부근 횡단보도,2023-12-14,2024-06-03
불법주정차,2023-12-09,15:59,칠성시장교통섬,2023-12-11,2024-06-03
불법주정차,2023-12-09,16:00,관천초등학교,2023-12-11,2024-06-03
불법주정차,2023-12-09,16:00,금호서한이다음정문,2023-12-11,2024-06-03
불법주정차,2023-12-09,16:01,대구역 오페라더블유2,2023-12-11,2024-06-03
불법주정차,2023-12-09,16:01,관음 상가,2023-12-11,2024-06-03
불법주정차,2023-12-09,16:01,대학로 파리바게트 부근,2023-12-11,2024-06-03
불법주정차,2023-12-09,16:02,동아아울렛 뒷편,2023-12-11,2024-06-03
불법주정차,2023-12-09,16:02,대구은행 학정로 지점,2023-12-11,2024-06-03
불법주정차,2023-12-09,16:03,NC아울렛 앞 사거리,2023-12-11,2024-06-03
불법주정차,2023-12-09,16:03,칠곡우방타운 삼거리,2023-12-11,2024-06-03
불법주정차,2023-12-09,16:04,북부초등학교,2023-12-11,2024-06-03
불법주정차,2023-12-09,16:04,학정역 효성해링턴,2023-12-11,2024-06-03
불법주정차,2023-12-09,16:04,침산 화성파크드림,2023-12-11,2024-06-03
불법주정차,2023-12-09,16:05,칠성시장교통섬,2023-12-11,2024-06-03
불법주정차,2023-12-09,16:06,엑스코 앞,2023-12-11,2024-06-03
불법주정차,2023-12-09,16:09,오페라트루엘시민의숲,2023-12-11,2024-06-03
불법주정차,2023-12-09,16:11,동평초등학교네거리,2023-12-11,2024-06-03
불법주정차,2023-12-09,16:11,동천동회전교차로1,2023-12-11,2024-06-03
불법주정차,2023-12-09,16:11,동천동 952-3 부근 횡단보도,2023-12-14,2024-06-03
불법주정차,2023-12-09,16:12,운암지,2023-12-11,2024-06-03
불법주정차,2023-12-09,16:12,오페라코오롱하늘채 앞,2023-12-11,2024-06-03
불법주정차,2023-12-09,16:12,대구은행 학정로 지점,2023-12-11,2024-06-03
불법주정차,2023-12-09,16:13,노원한신더휴 동문,2023-12-11,2024-06-03
불법주정차,2023-12-09,16:13,침산 화인탑펠리스,2023-12-11,2024-06-03
불법주정차,2023-12-09,16:15,관음 상가,2023-12-11,2024-06-03
불법주정차,2023-12-09,16:15,산격동 경대북문,2023-12-11,2024-06-03
불법주정차,2023-12-09,16:15,대구역 오페라더블유2,2023-12-11,2024-06-03
불법주정차,2023-12-09,16:16,칠성시장교통섬,2023-12-11,2024-06-03
불법주정차,2023-12-09,16:16,운암초등학교,2023-12-11,2024-06-03
불법주정차,2023-12-09,16:17,대구일중학교 정문 앞,2023-12-11,2024-06-03
불법주정차,2023-12-09,16:18,노원한신더휴 남문,2023-12-11,2024-06-03
불법주정차,2023-12-09,16:19,동천동회전교차로1,2023-12-11,2024-06-03
불법주정차,2023-12-09,16:22,대학로 파리바게트 부근,2023-12-11,2024-06-03
불법주정차,2023-12-09,16:23,칠성동 꽃시장 (아름나라,2023-12-11,2024-06-03
불법주정차,2023-12-09,16:23,복현동 318 부근 횡단보도,2023-12-14,2024-06-03
불법주정차,2023-12-09,16:24,칠곡초등학교 진입로,2023-12-11,2024-06-03
불법주정차,2023-12-09,16:24,관천초등학교,2023-12-11,2024-06-03
불법주정차,2023-12-09,16:25,칠곡농협 관음지점,2023-12-11,2024-06-03
불법주정차,2023-12-09,16:26,노원동주민센터 사거리,2023-12-11,2024-06-03
불법주정차,2023-12-09,16:26,동아아울렛 뒷편,2023-12-11,2024-06-03
불법주정차,2023-12-09,16:26,매천삼거리,2023-12-11,2024-06-03
불법주정차,2023-12-09,16:30,산격동 1676 부근 횡단보도,2023-12-14,2024-06-03
불법주정차,2023-12-09,16:32,노원한신더휴 동문,2023-12-11,2024-06-03
불법주정차,2023-12-09,16:33,대구일중학교 정문 앞,2023-12-11,2024-06-03
불법주정차,2023-12-09,16:33,운암지,2023-12-11,2024-06-03
불법주정차,2023-12-09,16:33,산격동 1676 부근 횡단보도,2023-12-14,2024-06-03
불법주정차,2023-12-09,16:34,무지개공영주차장 부근,2023-12-11,2024-06-03
불법주정차,2023-12-09,16:34,태전동 947 부근 횡단보도,2023-12-14,2024-06-03
불법주정차,2023-12-09,16:35,산격동 1676 부근 횡단보도,2023-12-14,2024-06-03
불법주정차,2023-12-09,16:35,관음동 1400 부근 횡단보도,2023-12-14,2024-06-03
불법주정차,2023-12-09,16:37,새동산산부인과,2023-12-11,2024-06-03
불법주정차,2023-12-09,16:38,노원한신더휴 남문,2023-12-11,2024-06-03
불법주정차,2023-12-09,16:38,오페라 클래시아,2023-12-11,2024-06-03
불법주정차,2023-12-09,16:39,동천동회전교차로2,2023-12-11,2024-06-03
불법주정차,2023-12-09,16:40,엑스코 앞,2023-12-11,2024-06-03
불법주정차,2023-12-09,16:40,대구은행 학정로 지점,2023-12-11,2024-06-03
불법주정차,2023-12-09,16:42,산격동 경대북문,2023-12-11,2024-06-03
불법주정차,2023-12-09,16:45,대구역 오페라더블유2,2023-12-11,2024-06-03
불법주정차,2023-12-09,16:55,산격동 1437-67 부근 모퉁이,2023-12-14,2024-06-03
불법주정차,2023-12-09,17:05,관음동 1372 부근 인도,2023-12-14,2024-06-03
불법주정차,2023-12-09,17:13,태전동 1225 부근 모퉁이,2023-12-14,2024-06-03
불법주정차,2023-12-09,17:13,침산동 486-2 부근 횡단보도,2023-12-14,2024-06-03
불법주정차,2023-12-09,17:25,산격동 1681 부근 횡단보도,2023-12-14,2024-06-03
불법주정차,2023-12-09,17:27,산격동 1681 부근 횡단보도,2023-12-14,2024-06-03
불법주정차,2023-12-09,17:28,산격동 457-4 부근 횡단보도,2023-12-14,2024-06-03
불법주정차,2023-12-09,17:31,산격동 457-4 부근 횡단보도,2023-12-14,2024-06-03
불법주정차,2023-12-09,17:33,산격동 478-26 부근 횡단보도,2023-12-14,2024-06-03
불법주정차,2023-12-09,17:35,읍내동 1343-4 부근 횡단보도,2023-12-14,2024-06-03
불법주정차,2023-12-09,17:37,태전동 938 부근 횡단보도,2023-12-14,2024-06-03
불법주정차,2023-12-09,17:38,읍내동 1124-5 부근 횡단보도,2023-12-14,2024-06-03
불법주정차,2023-12-09,17:47,대현동 3-2 부근 인도,2023-12-14,2024-06-03
불법주정차,2023-12-09,18:08,태전동 253-5 부근 횡단보도,2023-12-14,2024-06-03
불법주정차,2023-12-09,18:10,태전동 986-21 부근 횡단보도,2023-12-14,2024-06-03
불법주정차,2023-12-09,18:10,산격동 1675 부근 횡단보도,2023-12-14,2024-06-03
불법주정차,2023-12-09,18:11,매천동 690 부근 인도,2023-12-14,2024-06-03
불법주정차,2023-12-09,18:13,산격동 1817 부근 횡단보도,2023-12-14,2024-06-03
불법주정차,2023-12-09,18:22,산격동 1727 부근 횡단보도,2023-12-14,2024-06-03
불법주정차,2023-12-09,18:27,대현동 433 부근 소화전,2023-12-14,2024-06-03
불법주정차,2023-12-09,18:41,태전동 1195 부근 인도,2023-12-14,2024-06-03
불법주정차,2023-12-09,18:51,고성동3가 6-97 부근 모퉁이,2023-12-14,2024-06-03
불법주정차,2023-12-09,18:54,고성동2가 112-347 부근 모퉁이,2023-12-14,2024-06-03
불법주정차,2023-12-09,19:02,산격동 167 부근 횡단보도,2023-12-14,2024-06-03
불법주정차,2023-12-09,19:15,고성동3가 37-5 부근 횡단보도,2023-12-14,2024-06-03
불법주정차,2023-12-09,19:25,구암동 802-1 부근 횡단보도,2023-12-14,2024-06-03
불법주정차,2023-12-09,19:26,노원동2가 85-4 부근 횡단보도,2023-12-14,2024-06-03
불법주정차,2023-12-09,19:37,노원동1가 141 부근 소화전,2023-12-14,2024-06-03
불법주정차,2023-12-09,19:49,서변동 1772 부근 인도,2023-12-14,2024-06-03
불법주정차,2023-12-09,19:49,서변동 1772 부근 인도,2023-12-14,2024-06-03
불법주정차,2023-12-09,19:57,노원동1가 270-1 부근 인도,2023-12-14,2024-06-03
불법주정차,2023-12-09,19:58,구암동 824-11 부근 횡단보도,2023-12-14,2024-06-03
불법주정차,2023-12-09,20:58,산격동 1574 부근 버스정류소,2023-12-14,2024-06-03
불법주정차,2023-12-09,21:01,침산동 296-6 부근 횡단보도,2023-12-14,2024-06-03
불법주정차,2023-12-09,21:04,복현동 460-6 부근 횡단보도,2023-12-14,2024-06-03
불법주정차,2023-12-09,21:09,대현동 391-1 부근 모퉁이,2023-12-14,2024-06-03
불법주정차,2023-12-09,21:35,대현동 24-2 부근 모퉁이,2023-12-14,2024-06-03
불법주정차,2023-12-09,21:39,사수동 964 부근 횡단보도,2023-12-14,2024-06-03
불법주정차,2023-12-09,21:42,사수동 962 부근 횡단보도,2023-12-14,2024-06-03
불법주정차,2023-12-09,21:44,사수동 959 부근 횡단보도,2023-12-14,2024-06-03
불법주정차,2023-12-09,22:55,동천동 900-2 부근 모퉁이,2023-12-14,2024-06-03
불법주정차,2023-12-09,22:56,태전동 1035-6 부근 횡단보도,2023-12-14,2024-06-03
불법주정차,2023-12-09,22:56,태전동 1035-5 부근 횡단보도,2023-12-14,2024-06-03
불법주정차,2023-12-09,22:57,동천동 898-1 부근 모퉁이,2023-12-14,2024-06-03
불법주정차,2023-12-10,00:34,산격동 1425-26 부근 횡단보도,2023-12-14,2024-06-03
불법주정차,2023-12-10,01:24,동천동 959-2 부근 소화전,2023-12-14,2024-06-03
불법주정차,2023-12-10,01:36,태전동 1029-4 부근 횡단보도,2023-12-14,2024-06-03
불법주정차,2023-12-10,08:10,산격동 500-1 부근 모퉁이,2023-12-14,2024-06-03
불법주정차,2023-12-10,08:46,태전동 216-4 부근 모퉁이,2023-12-14,2024-06-03
불법주정차,2023-12-10,09:24,태전동 1030 부근 모퉁이,2023-12-14,2024-06-03
불법주정차,2023-12-10,09:34,태전동 1030 부근 횡단보도,2023-12-14,2024-06-03
불법주정차,2023-12-10,10:01,노원한신더휴 동문,2023-12-11,2024-06-03
불법주정차,2023-12-10,10:01,노원한신더휴 남문,2023-12-11,2024-06-03
불법주정차,2023-12-10,10:01,동천동회전교차로1,2023-12-11,2024-06-03
불법주정차,2023-12-10,10:02,서변공영주차장 사거리,2023-12-11,2024-06-03
불법주정차,2023-12-10,10:02,동천동회전교차로1,2023-12-11,2024-06-03
불법주정차,2023-12-10,10:03,운암초등학교,2023-12-11,2024-06-03
불법주정차,2023-12-10,10:03,장태실네거리부근,2023-12-11,2024-06-03
불법주정차,2023-12-10,10:03,운암초등학교,2023-12-11,2024-06-03
불법주정차,2023-12-10,10:04,침산1동회전교차로1,2023-12-11,2024-06-03
불법주정차,2023-12-10,10:04,유림노르웨이숲,2023-12-11,2024-06-03
불법주정차,2023-12-10,10:04,교동초등학교,2023-12-11,2024-06-03
불법주정차,2023-12-10,10:04,동천동회전교차로1,2023-12-11,2024-06-03
불법주정차,2023-12-10,10:04,대구역 오페라더블유2,2023-12-11,2024-06-03
불법주정차,2023-12-10,10:05,농협침산지점앞,2023-12-11,2024-06-03
불법주정차,2023-12-10,10:05,유림노르웨이숲,2023-12-11,2024-06-03
불법주정차,2023-12-10,10:05,팔달초등학교,2023-12-11,2024-06-03
불법주정차,2023-12-10,10:05,칠성시장 화재(소방),2023-12-11,2024-06-03
불법주정차,2023-12-10,10:05,침산초등학교,2023-12-11,2024-06-03
불법주정차,2023-12-10,10:05,동천동회전교차로1,2023-12-11,2024-06-03
불법주정차,2023-12-10,10:05,새동산산부인과,2023-12-11,2024-06-03
불법주정차,2023-12-10,10:06,대구역 오페라더블유2,2023-12-11,2024-06-03
불법주정차,2023-12-10,10:07,침산동 매일천막 앞,2023-12-11,2024-06-03
불법주정차,2023-12-10,10:07,침산 화인탑펠리스,2023-12-11,2024-06-03
불법주정차,2023-12-10,10:07,사수동 센스마트,2023-12-11,2024-06-03
불법주정차,2023-12-10,10:07,경진초등학교,2023-12-18,2024-06-03
불법주정차,2023-12-10,10:07,침산초등학교,2023-12-11,2024-06-03
불법주정차,2023-12-10,10:08,오페라 클래시아,2023-12-11,2024-06-03
불법주정차,2023-12-10,10:08,노원한신더휴 남문,2023-12-11,2024-06-03
불법주정차,2023-12-10,10:08,관천초등학교,2024-04-26,2024-06-03
불법주정차,2023-12-10,10:09,칠곡초등학교 진입로,2023-12-11,2024-06-03
불법주정차,2023-12-10,10:09,경진초등학교,2023-12-11,2024-06-03
불법주정차,2023-12-10,10:09,칠성초등학교,2023-12-11,2024-06-03
불법주정차,2023-12-10,10:10,오페라 클래시아,2023-12-11,2024-06-03
불법주정차,2023-12-10,10:12,금호서한이다음정문,2023-12-11,2024-06-03
불법주정차,2023-12-10,10:13,침산동 매일천막 앞,2023-12-11,2024-06-03
불법주정차,2023-12-10,10:13,새동산산부인과,2023-12-11,2024-06-03
불법주정차,2023-12-10,10:14,대구일중학교 정문 앞,2023-12-11,2024-06-03
불법주정차,2023-12-10,10:14,관천초등학교,2023-12-11,2024-06-03
불법주정차,2023-12-10,10:14,농협침산지점앞,2023-12-11,2024-06-03
불법주정차,2023-12-10,10:14,침산 화인탑펠리스,2023-12-11,2024-06-03
불법주정차,2023-12-10,10:14,경진초등학교,2023-12-11,2024-06-03
불법주정차,2023-12-10,10:15,운암초등학교,2023-12-11,2024-06-03
불법주정차,2023-12-10,10:15,운암고등학교,2023-12-11,2024-06-03
불법주정차,2023-12-10,10:16,노원동3가 M병원,2023-12-11,2024-06-03
불법주정차,2023-12-10,10:16,동평초등학교네거리,2023-12-11,2024-06-03
불법주정차,2023-12-10,10:17,학남초등학교 앞 사거리,2023-12-11,2024-06-03
불법주정차,2023-12-10,10:17,노원한신더휴 남문,2023-12-11,2024-06-03
불법주정차,2023-12-10,10:18,사수동 센스마트,2023-12-11,2024-06-03
불법주정차,2023-12-10,10:18,학남초등학교 앞 사거리,2023-12-11,2024-06-03
불법주정차,2023-12-10,10:20,칠성시장교통섬,2023-12-11,2024-06-03
불법주정차,2023-12-10,10:20,오페라코오롱하늘채 앞,2023-12-11,2024-06-03
불법주정차,2023-12-10,10:22,복현e편한세상 정문,2023-12-11,2024-06-03
불법주정차,2023-12-10,10:23,칠곡농협 관음지점,2023-12-11,2024-06-03
불법주정차,2023-12-10,10:25,침산 화인탑펠리스,2023-12-11,2024-06-03
불법주정차,2023-12-10,10:26,금호동 802 부근 모퉁이,2023-12-14,2024-06-03
불법주정차,2023-12-10,10:27,침산초등학교,2023-12-11,2024-06-03
불법주정차,2023-12-10,10:30,복현동 시티병원,2023-12-11,2024-06-03
불법주정차,2023-12-10,10:33,노원한신더휴 동문,2023-12-11,2024-06-03
불법주정차,2023-12-10,10:33,운암지,2023-12-11,2024-06-03
불법주정차,2023-12-10,10:35,북부초등학교,2023-12-11,2024-06-03
불법주정차,2023-12-10,10:37,노원한신더휴 남문,2023-12-11,2024-06-03
불법주정차,2023-12-10,10:42,오페라 클래시아,2023-12-11,2024-06-03
불법주정차,2023-12-10,10:43,엑스코 앞,2023-12-11,2024-06-03
불법주정차,2023-12-10,10:45,새동산산부인과,2023-12-11,2024-06-03
불법주정차,2023-12-10,10:46,노원동3가 M병원,2023-12-11,2024-06-03
불법주정차,2023-12-10,10:48,대구일중학교 정문 앞,2023-12-11,2024-06-03
불법주정차,2023-12-10,11:04,태전동 253-14 부근 인도,2023-12-14,2024-06-03
불법주정차,2023-12-10,11:04,태전동 253-14 부근 인도,2023-12-14,2024-06-03
불법주정차,2023-12-10,11:20,칠성시장 화재(소방),2023-12-11,2024-06-03
불법주정차,2023-12-10,11:26,동천동 960 부근 횡단보도,2023-12-14,2024-06-03
불법주정차,2023-12-10,11:28,동천동 965 부근 횡단보도,2023-12-14,2024-06-03
불법주정차,2023-12-10,11:33,대학로 파리바게트 부근,2023-12-11,2024-06-03
불법주정차,2023-12-10,12:03,복현동 539-113 부근 횡단보도,2023-12-14,2024-06-03
불법주정차,2023-12-10,12:08,읍내동 1274 부근 버스정류소,2023-12-14,2024-06-03
불법주정차,2023-12-10,12:09,산격동 1437-172 부근 모퉁이,2023-12-14,2024-06-03
불법주정차,2023-12-10,12:11,산격동 1424-48 부근 모퉁이,2023-12-14,2024-06-03
불법주정차,2023-12-10,12:11,읍내동 1076-2 부근 인도,2023-12-14,2024-06-03
불법주정차,2023-12-10,12:12,동천동 962-4 부근 횡단보도,2023-12-14,2024-06-03
불법주정차,2023-12-10,12:14,산격동 1428-12 부근 모퉁이,2023-12-14,2024-06-03
불법주정차,2023-12-10,12:36,관음동 1366 부근 횡단보도,2023-12-14,2024-06-03
불법주정차,2023-12-10,12:36,학정동 953-19 부근 횡단보도,2023-12-14,2024-06-03
불법주정차,2023-12-10,12:38,관음동 1366 부근 횡단보도,2023-12-14,2024-06-03
불법주정차,2023-12-10,12:40,관음동 1366 부근 횡단보도,2023-12-14,2024-06-03
불법주정차,2023-12-10,12:48,동변동 669-5 부근 횡단보도,2023-12-14,2024-06-03
불법주정차,2023-12-10,12:50,대학로 파리바게트 부근,2023-12-11,2024-06-03
불법주정차,2023-12-10,12:53,태전동 271-1 부근 횡단보도,2023-12-14,2024-06-03
불법주정차,2023-12-10,12:56,무지개공영주차장 부근,2023-12-11,2024-06-03
불법주정차,2023-12-10,12:56,대학로 파리바게트 부근,2023-12-11,2024-06-03
불법주정차,2023-12-10,13:01,동천동 965 부근 횡단보도,2023-12-14,2024-06-03
불법주정차,2023-12-10,13:05,태전동 990 부근 모퉁이,2023-12-14,2024-06-03
불법주정차,2023-12-10,13:08,태전동 987-19 부근 모퉁이,2023-12-14,2024-06-03
불법주정차,2023-12-10,13:14,동변동 684-5 부근 인도,2023-12-14,2024-06-03
불법주정차,2023-12-10,13:15,무지개공영주차장 부근,2023-12-11,2024-06-03
불법주정차,2023-12-10,13:16,동변동 684-5 부근 인도,2023-12-14,2024-06-03
불법주정차,2023-12-10,13:18,동변동 684-6 부근 인도,2023-12-14,2024-06-03
불법주정차,2023-12-10,13:21,태전동 401-4 부근 인도,2023-12-14,2024-06-03
불법주정차,2023-12-10,13:32,침산동 269-10 부근 횡단보도,2023-12-14,2024-06-03
불법주정차,2023-12-10,13:41,무지개공영주차장 부근,2023-12-11,2024-06-03
불법주정차,2023-12-10,13:50,무지개공영주차장 부근,2023-12-11,2024-06-03
불법주정차,2023-12-10,14:24,산격동 1424-48 부근 횡단보도,2023-12-14,2024-06-03
불법주정차,2023-12-10,14:31,동천동회전교차로2,2023-12-11,2024-06-03
불법주정차,2023-12-10,14:32,금정공원(보행자우선거리,2023-12-11,2024-06-03
불법주정차,2023-12-10,14:33,매천초등학교,2023-12-11,2024-06-03
불법주정차,2023-12-10,14:33,침산1동회전교차로1,2023-12-11,2024-06-03
불법주정차,2023-12-10,14:33,무지개공영주차장 부근,2023-12-11,2024-06-03
불법주정차,2023-12-10,14:33,금정공원(보행자우선거리,2023-12-11,2024-06-03
불법주정차,2023-12-10,14:33,침산1동회전교차로1,2023-12-11,2024-06-03
불법주정차,2023-12-10,14:34,동천동회전교차로1,2023-12-11,2024-06-03
불법주정차,2023-12-10,14:34,노원한신더휴 남문,2023-12-11,2024-06-03
불법주정차,2023-12-10,14:34,오페라 클래시아,2023-12-11,2024-06-03
불법주정차,2023-12-10,14:35,산격동 경대북문,2023-12-11,2024-06-03
불법주정차,2023-12-10,14:35,오페라코오롱하늘채 앞,2023-12-11,2024-06-03
불법주정차,2023-12-10,14:36,동천동회전교차로1,2023-12-11,2024-06-03
불법주정차,2023-12-10,14:36,침산 화인탑펠리스,2023-12-11,2024-06-03
불법주정차,2023-12-10,14:36,칠곡초등학교 진입로,2023-12-11,2024-06-03
불법주정차,2023-12-10,14:36,산격동 경대북문,2023-12-11,2024-06-03
불법주정차,2023-12-10,14:36,침산 화인탑펠리스,2023-12-11,2024-06-03
불법주정차,2023-12-10,14:36,오페라 클래시아,2023-12-11,2024-06-03
불법주정차,2023-12-10,14:37,관천초등학교,2023-12-11,2024-06-03
불법주정차,2023-12-10,14:37,대현도서관교차로,2023-12-11,2024-06-03
불법주정차,2023-12-10,14:37,사수동 센스마트,2023-12-11,2024-06-03
불법주정차,2023-12-10,14:37,동천동회전교차로2,2023-12-11,2024-06-03
불법주정차,2023-12-10,14:38,엑스코 앞,2023-12-11,2024-06-03
불법주정차,2023-12-10,14:39,엑스코 앞,2023-12-11,2024-06-03
불법주정차,2023-12-10,14:39,운암초등학교,2023-12-11,2024-06-03
불법주정차,2023-12-10,14:39,르노삼성자동차 침산점,2023-12-11,2024-06-03
불법주정차,2023-12-10,14:39,서변동 1726 부근 횡단보도,2023-12-14,2024-06-03
불법주정차,2023-12-10,14:40,르노삼성자동차 침산점,2023-12-11,2024-06-03
불법주정차,2023-12-10,14:40,침산 화성파크드림,2023-12-11,2024-06-03
불법주정차,2023-12-10,14:41,노원한신더휴 남문,2023-12-11,2024-06-03
불법주정차,2023-12-10,14:42,NC아울렛 앞 사거리,2023-12-11,2024-06-03
불법주정차,2023-12-10,14:42,침산 화인탑펠리스,2023-12-11,2024-06-03
불법주정차,2023-12-10,14:42,NC아울렛 앞 사거리,2023-12-11,2024-06-03
불법주정차,2023-12-10,14:43,침산1동회전교차로2,2023-12-11,2024-06-03
불법주정차,2023-12-10,14:44,침산동 매일천막 앞,2023-12-11,2024-06-03
불법주정차,2023-12-10,14:44,오페라 클래시아,2023-12-11,2024-06-03
불법주정차,2023-12-10,14:44,오페라트루엘시민의숲,2023-12-11,2024-06-03
불법주정차,2023-12-10,14:45,칠성동 꽃시장 (아름나라,2023-12-11,2024-06-03
불법주정차,2023-12-10,14:47,운암지,2023-12-11,2024-06-03
불법주정차,2023-12-10,14:48,오페라 클래시아,2023-12-11,2024-06-03
불법주정차,2023-12-10,14:48,르노삼성자동차 침산점,2023-12-11,2024-06-03
불법주정차,2023-12-10,14:49,동천동회전교차로2,2023-12-11,2024-06-03
불법주정차,2023-12-10,14:49,침산초등학교,2023-12-11,2024-06-03
불법주정차,2023-12-10,14:49,산격동 엑스코 동문,2023-12-11,2024-06-03
불법주정차,2023-12-10,14:50,태전중석타운 남편 도로,2023-12-11,2024-06-03
불법주정차,2023-12-10,14:50,칠성시장교통섬,2023-12-11,2024-06-03
불법주정차,2023-12-10,14:50,동아아울렛 뒷편,2023-12-11,2024-06-03
불법주정차,2023-12-10,14:51,복현e편한세상 정문,2023-12-11,2024-06-03
불법주정차,2023-12-10,14:53,동천동회전교차로1,2023-12-11,2024-06-03
불법주정차,2023-12-10,14:55,NC아울렛 앞 사거리,2023-12-11,2024-06-03
불법주정차,2023-12-10,14:56,동천동회전교차로2,2023-12-11,2024-06-03
불법주정차,2023-12-10,14:57,노원한신더휴 동문,2023-12-11,2024-06-03
불법주정차,2023-12-10,14:57,동천동회전교차로2,2023-12-11,2024-06-03
불법주정차,2023-12-10,14:58,침산 화인탑펠리스,2023-12-11,2024-06-03
불법주정차,2023-12-10,14:58,침산1동회전교차로1,2023-12-11,2024-06-03
불법주정차,2023-12-10,15:00,동천동회전교차로1,2023-12-11,2024-06-03
불법주정차,2023-12-10,15:00,산격동 경대북문,2023-12-11,2024-06-03
불법주정차,2023-12-10,15:03,학남초등학교 앞 사거리,2023-12-11,2024-06-03
불법주정차,2023-12-10,15:03,운암지,2023-12-11,2024-06-03
불법주정차,2023-12-10,15:03,동천동회전교차로1,2023-12-11,2024-06-03
불법주정차,2023-12-10,15:04,한영정형외과,2023-12-11,2024-06-03
불법주정차,2023-12-10,15:04,노원한신더휴 동문,2023-12-11,2024-06-03
불법주정차,2023-12-10,15:06,엑스코 앞,2023-12-11,2024-06-03
불법주정차,2023-12-10,15:06,동천동회전교차로1,2023-12-11,2024-06-03
불법주정차,2023-12-10,15:07,엑스코 앞,2023-12-11,2024-06-03
불법주정차,2023-12-10,15:09,북부초등학교,2023-12-11,2024-06-03
불법주정차,2023-12-10,15:10,대구일중학교 정문 앞,2023-12-11,2024-06-03
불법주정차,2023-12-10,15:12,노원한신더휴 동문,2023-12-11,2024-06-03
불법주정차,2023-12-10,15:12,읍내동 812-13 부근 인도,2023-12-14,2024-06-03
불법주정차,2023-12-10,15:14,엑스코 앞,2023-12-11,2024-06-03
불법주정차,2023-12-10,15:14,대구병원네거리,2023-12-11,2024-06-03
불법주정차,2023-12-10,15:14,칠성시장교통섬,2023-12-11,2024-06-03
불법주정차,2023-12-10,15:14,읍내동 814-1 부근 인도,2023-12-14,2024-06-03
불법주정차,2023-12-10,15:15,침산동 매일천막 앞,2023-12-11,2024-06-03
불법주정차,2023-12-10,15:16,산격동 엑스코 동문,2023-12-11,2024-06-03
불법주정차,2023-12-10,15:16,침산 화인탑펠리스,2023-12-11,2024-06-03
불법주정차,2023-12-10,15:17,칠성시장교통섬,2023-12-11,2024-06-03
불법주정차,2023-12-10,15:20,오페라코오롱하늘채 앞,2023-12-11,2024-06-03
불법주정차,2023-12-10,15:23,연경동 954-3 부근 횡단보도,2023-12-14,2024-06-03
불법주정차,2023-12-10,15:24,동천동회전교차로1,2023-12-11,2024-06-03
불법주정차,2023-12-10,15:24,동천동 903-1 부근 모퉁이,2023-12-14,2024-06-03
불법주정차,2023-12-10,15:25,매천삼거리,2023-12-11,2024-06-03
불법주정차,2023-12-10,15:28,침산 화인탑펠리스,2023-12-11,2024-06-03
불법주정차,2023-12-10,15:30,동천동회전교차로2,2023-12-11,2024-06-03
불법주정차,2023-12-10,15:35,침산 화인탑펠리스,2023-12-11,2024-06-03
불법주정차,2023-12-10,15:36,동천동회전교차로1,2023-12-11,2024-06-03
불법주정차,2023-12-10,15:37,KB국민은행침산지점,2023-12-11,2024-06-03
불법주정차,2023-12-10,15:38,동천동회전교차로1,2023-12-11,2024-06-03
불법주정차,2023-12-10,15:38,대학로13길,2023-12-11,2024-06-03
불법주정차,2023-12-10,15:39,르노삼성자동차 침산점,2023-12-11,2024-06-03
불법주정차,2023-12-10,15:43,새동산산부인과,2023-12-11,2024-06-03
불법주정차,2023-12-10,15:44,대현도서관교차로,2023-12-11,2024-06-03
불법주정차,2023-12-10,15:44,오페라트루엘시민의숲,2023-12-11,2024-06-03
불법주정차,2023-12-10,15:44,동천동 955-7 부근 횡단보도,2023-12-14,2024-06-03
불법주정차,2023-12-10,15:46,매천삼거리,2023-12-11,2024-06-03
불법주정차,2023-12-10,15:47,사수동 센스마트,2023-12-11,2024-06-03
불법주정차,2023-12-10,15:47,금정공원(보행자우선거리,2023-12-11,2024-06-03
불법주정차,2023-12-10,15:48,침산 화인탑펠리스,2023-12-11,2024-06-03
불법주정차,2023-12-10,15:49,사수동 센스마트,2023-12-11,2024-06-03
불법주정차,2023-12-10,15:50,동천동회전교차로2,2023-12-11,2024-06-03
불법주정차,2023-12-10,15:51,명성푸르지오 앞,2023-12-11,2024-06-03
불법주정차,2023-12-10,15:52,새동산산부인과,2023-12-11,2024-06-03
불법주정차,2023-12-10,15:52,엑스코 앞,2023-12-11,2024-06-03
불법주정차,2023-12-10,15:56,새동산산부인과,2023-12-11,2024-06-03
불법주정차,2023-12-10,15:57,오페라 클래시아,2023-12-11,2024-06-03
불법주정차,2023-12-10,16:02,오페라트루엘시민의숲,2023-12-11,2024-06-03
불법주정차,2023-12-10,16:02,무지개공영주차장 부근,2023-12-11,2024-06-03
불법주정차,2023-12-10,16:03,대구역 오페라더블유2,2023-12-11,2024-06-03
불법주정차,2023-12-10,16:03,북부초등학교,2023-12-11,2024-06-03
불법주정차,2023-12-10,16:05,새동산산부인과,2023-12-11,2024-06-03
불법주정차,2023-12-10,16:05,운암지,2023-12-11,2024-06-03
불법주정차,2023-12-10,16:06,침산초등학교,2023-12-11,2024-06-03
불법주정차,2023-12-10,16:07,동천동회전교차로1,2023-12-11,2024-06-03
불법주정차,2023-12-10,16:07,오페라코오롱하늘채 앞,2023-12-11,2024-06-03
불법주정차,2023-12-10,16:07,서변공영주차장 사거리,2023-12-11,2024-06-03
불법주정차,2023-12-10,16:08,산격동 1437-172 부근 모퉁이,2023-12-14,2024-06-03
불법주정차,2023-12-10,16:09,오페라 클래시아,2023-12-11,2024-06-03
불법주정차,2023-12-10,16:09,새동산산부인과,2023-12-11,2024-06-03
불법주정차,2023-12-10,16:11,산격동 엑스코 동문,2023-12-11,2024-06-03
불법주정차,2023-12-10,16:11,칠곡초등학교,2023-12-11,2024-06-03
불법주정차,2023-12-10,16:12,동천동회전교차로1,2023-12-11,2024-06-03
불법주정차,2023-12-10,16:12,운암초등학교,2023-12-11,2024-06-03
불법주정차,2023-12-10,16:13,태암초등학교,2023-12-11,2024-06-03
불법주정차,2023-12-10,16:14,노원한신더휴 동문,2023-12-11,2024-06-03
불법주정차,2023-12-10,16:15,새동산산부인과,2023-12-11,2024-06-03
불법주정차,2023-12-10,16:16,무지개공영주차장 부근,2023-12-11,2024-06-03
불법주정차,2023-12-10,16:19,태전중석타운 남편 도로,2023-12-11,2024-06-03
불법주정차,2023-12-10,16:20,오페라코오롱하늘채 앞,2023-12-11,2024-06-03
불법주정차,2023-12-10,16:21,오페라 클래시아,2023-12-11,2024-06-03
불법주정차,2023-12-10,16:21,침산 화인탑펠리스,2023-12-11,2024-06-03
불법주정차,2023-12-10,16:26,무지개공영주차장 부근,2023-12-11,2024-06-03
불법주정차,2023-12-10,16:26,엑스코 앞,2023-12-11,2024-06-03
불법주정차,2023-12-10,16:26,태전동 중앙시장,2023-12-11,2024-06-03
불법주정차,2023-12-10,16:33,노원동주민센터 사거리,2023-12-11,2024-06-03
불법주정차,2023-12-10,16:35,오페라코오롱하늘채 앞,2023-12-11,2024-06-03
불법주정차,2023-12-10,16:36,농협침산지점앞,2023-12-11,2024-06-03
불법주정차,2023-12-10,16:36,관음동 1320 부근 횡단보도,2023-12-14,2024-06-03
불법주정차,2023-12-10,16:38,대학로 파리바게트 부근,2024-05-22,2024-06-03
불법주정차,2023-12-10,16:39,태전중석타운 남편 도로,2023-12-11,2024-06-03
불법주정차,2023-12-10,16:39,동천동회전교차로2,2023-12-11,2024-06-03
불법주정차,2023-12-10,16:41,동천동회전교차로1,2023-12-11,2024-06-03
불법주정차,2023-12-10,16:42,침산 화성파크드림,2023-12-11,2024-06-03
불법주정차,2023-12-10,16:42,침산1동회전교차로1,2024-05-20,2024-06-03
불법주정차,2023-12-10,16:43,오페라코오롱하늘채 앞,2023-12-11,2024-06-03
불법주정차,2023-12-10,16:44,동천동회전교차로1,2023-12-11,2024-06-03
불법주정차,2023-12-10,16:47,산격동 경대북문,2023-12-11,2024-06-03
불법주정차,2023-12-10,16:47,칠성동2가 302-114 부근 소화전,2023-12-14,2024-06-03
불법주정차,2023-12-10,16:51,칠성동2가 302-353 부근 소화전,2023-12-14,2024-06-03
불법주정차,2023-12-10,16:52,칠성동2가 302-353 부근 소화전,2023-12-14,2024-06-03
불법주정차,2023-12-10,16:53,동천동 959-2 부근 소화전,2023-12-14,2024-06-03
불법주정차,2023-12-10,16:59,읍내동 1345 부근 횡단보도,2023-12-14,2024-06-03
불법주정차,2023-12-10,17:10,사수동 825 부근 모퉁이,2023-12-14,2024-06-03
불법주정차,2023-12-10,17:14,산격동 1817 부근 횡단보도,2023-12-14,2024-06-03
불법주정차,2023-12-10,18:17,학정동 922-4 부근 횡단보도,2023-12-14,2024-06-03
불법주정차,2023-12-10,18:42,칠성동2가 369-1 부근 인도,2023-12-14,2024-06-03
불법주정차,2023-12-10,18:58,산격동 1397-12 부근 모퉁이,2023-12-14,2024-06-03
불법주정차,2023-12-10,19:13,칠성동2가 371-2 부근 인도,2023-12-14,2024-06-03
불법주정차,2023-12-10,19:14,읍내동 1124-5 부근 횡단보도,2023-12-14,2024-06-03
불법주정차,2023-12-10,19:27,복현동 479-4 부근 인도,2023-12-14,2024-06-03
불법주정차,2023-12-10,19:29,복현동 479-4 부근 인도,2023-12-14,2024-06-03
불법주정차,2023-12-10,19:31,복현동 479-4 부근 인도,2023-12-14,2024-06-03
불법주정차,2023-12-10,19:42,사수동 825 부근 모퉁이,2023-12-14,2024-06-03
불법주정차,2023-12-10,19:47,사수동 831 부근 모퉁이,2023-12-14,2024-06-03
불법주정차,2023-12-10,19:57,구암동 800-19 부근 인도,2023-12-14,2024-06-03
불법주정차,2023-12-10,20:04,서변동 941 부근 횡단보도,2023-12-14,2024-06-03
불법주정차,2023-12-10,20:14,복현동 694 부근 횡단보도,2023-12-14,2024-06-03
불법주정차,2023-12-10,20:31,구암동 833 부근 횡단보도,2023-12-14,2024-06-03
불법주정차,2023-12-10,20:32,구암동 770-1 부근 모퉁이,2023-12-14,2024-06-03
불법주정차,2023-12-10,21:39,검단동 1288 부근 횡단보도,2023-12-14,2024-06-03
불법주정차,2023-12-10,21:51,대현동 24-2 부근 모퉁이,2023-12-14,2024-06-03
불법주정차,2023-12-10,21:54,침산동 1673 부근 소화전,2023-12-14,2024-06-03
불법주정차,2023-12-10,21:54,대현동 538 부근 모퉁이,2023-12-14,2024-06-03
불법주정차,2023-12-10,21:59,대현동 326-24 부근 모퉁이,2023-12-14,2024-06-03
불법주정차,2023-12-10,22:05,태전동 975 부근 모퉁이,2023-12-14,2024-06-03
불법주정차,2023-12-10,22:12,산격동 1424-48 부근 모퉁이,2023-12-14,2024-06-03
불법주정차,2023-12-10,22:14,산격동 1424-48 부근 횡단보도,2023-12-14,2024-06-03
불법주정차,2023-12-10,22:19,태전동 1030 부근 모퉁이,2023-12-14,2024-06-03
불법주정차,2023-12-10,23:12,읍내동 794-1 부근 모퉁이,2023-12-14,2024-06-03
불법주정차,2023-12-11,01:18,대현동 153-18 부근 횡단보도,2023-12-14,2024-06-03
불법주정차,2023-12-11,07:03,유림노르웨이숲,2023-12-12,2024-06-03
불법주정차,2023-12-11,07:03,운암초등학교,2023-12-12,2024-06-03
불법주정차,2023-12-11,07:04,금호서한이다음정문,2023-12-12,2024-06-03
불법주정차,2023-12-11,07:04,운암초등학교,2023-12-12,2024-06-03
불법주정차,2023-12-11,07:08,사수동 센스마트,2023-12-12,2024-06-03
불법주정차,2023-12-11,07:13,유림노르웨이숲,2023-12-12,2024-06-03
불법주정차,2023-12-11,07:16,칠성시장교통섬,2023-12-12,2024-06-03
불법주정차,2023-12-11,07:17,침산1동회전교차로1,2023-12-12,2024-06-03
불법주정차,2023-12-11,07:18,운암초등학교,2023-12-12,2024-06-03
불법주정차,2023-12-11,07:19,복현동 검단로 부근,2023-12-12,2024-06-03
불법주정차,2023-12-11,07:19,유림노르웨이숲,2023-12-12,2024-06-03
불법주정차,2023-12-11,07:21,복현동 검단로 부근,2023-12-12,2024-06-03
불법주정차,2023-12-11,07:21,복현동 검단로 부근,2023-12-12,2024-06-03
불법주정차,2023-12-11,07:22,복현동 복현로 부근,2023-12-12,2024-06-03
불법주정차,2023-12-11,07:22,구암동 태암남로 부근,2023-12-12,2024-06-03
불법주정차,2023-12-11,07:22,칠성동 꽃시장 (아름나라,2023-12-12,2024-06-03
불법주정차,2023-12-11,07:23,고성동1가 칠성남로 50 부근,2023-12-12,2024-06-03
불법주정차,2023-12-11,07:23,고성동1가 칠성남로 50 부근,2023-12-12,2024-06-03
불법주정차,2023-12-11,07:23,고성동1가 칠성남로 50 부근,2023-12-12,2024-06-03
불법주정차,2023-12-11,07:23,고성동1가 칠성남로 50 부근,2023-12-12,2024-06-03
불법주정차,2023-12-11,07:23,고성동1가 113-20 부근,2023-12-12,2024-06-03
불법주정차,2023-12-11,07:23,고성동1가 113-20 부근,2023-12-12,2024-06-03
불법주정차,2023-12-11,07:23,고성동1가 113-20 부근,2023-12-12,2024-06-03
불법주정차,2023-12-11,07:23,고성동1가 113-20 부근,2023-12-12,2024-06-03
불법주정차,2023-12-11,07:23,고성동1가 113-20 부근,2023-12-18,2024-06-03
불법주정차,2023-12-11,07:23,칠성동 꽃시장 (아름나라,2023-12-12,2024-06-03
불법주정차,2023-12-11,07:24,고성동1가 113-20 부근,2023-12-12,2024-06-03
불법주정차,2023-12-11,07:24,고성동1가 칠성남로 50 부근,2023-12-12,2024-06-03
불법주정차,2023-12-11,07:24,고성동1가 칠성남로 50 부근,2023-12-12,2024-06-03
불법주정차,2023-12-11,07:25,동아아울렛 뒷편,2023-12-12,2024-06-03
불법주정차,2023-12-11,07:26,태전동 태암남로 부근,2023-12-12,2024-06-03
불법주정차,2023-12-11,07:26,고성동1가 칠성남로 부근,2023-12-12,2024-06-03
불법주정차,2023-12-11,07:26,고성동1가 칠성남로 부근,2023-12-12,2024-06-03
불법주정차,2023-12-11,07:26,고성동1가 칠성남로 부근,2023-12-12,2024-06-03
불법주정차,2023-12-11,07:26,고성동1가 칠성남로 부근,2023-12-12,2024-06-03
불법주정차,2023-12-11,07:26,태전동 태암남로 부근,2023-12-12,2024-06-03
불법주정차,2023-12-11,07:26,고성동1가 칠성남로 50 부근,2023-12-12,2024-06-03
불법주정차,2023-12-11,07:26,고성동1가 칠성남로 50 부근,2023-12-12,2024-06-03
불법주정차,2023-12-11,07:27,구암동 태암남로 부근,2023-12-12,2024-06-03
불법주정차,2023-12-11,07:29,태전동 태암남로 부근,2023-12-12,2024-06-03
불법주정차,2023-12-11,07:29,태전동 태암남로 부근,2023-12-12,2024-06-03
불법주정차,2023-12-11,07:29,유림노르웨이숲,2023-12-12,2024-06-03
불법주정차,2023-12-11,07:30,대구역 오페라더블유2,2023-12-12,2024-06-03
불법주정차,2023-12-11,07:31,유림노르웨이숲,2023-12-12,2024-06-03
불법주정차,2023-12-11,07:32,태전동 학정로 부근,2023-12-12,2024-06-03
불법주정차,2023-12-11,07:32,관음동 관음로 부근,2023-12-12,2024-06-03
불법주정차,2023-12-11,07:34,관음동 칠곡중앙대로91길 부근,2023-12-12,2024-06-03
불법주정차,2023-12-11,07:35,관음동 칠곡중앙대로91길 부근,2023-12-12,2024-06-03
불법주정차,2023-12-11,07:35,칠성시장교통섬,2023-12-12,2024-06-03
불법주정차,2023-12-11,07:35,칠성시장교통섬,2023-12-12,2024-06-03
불법주정차,2023-12-11,07:36,관음동 칠곡중앙대로99길 부근,2023-12-12,2024-06-03
불법주정차,2023-12-11,07:37,관음동 관음중앙로17길 부근,2023-12-12,2024-06-03
불법주정차,2023-12-11,07:37,읍내동 관음로 부근,2023-12-12,2024-06-03
불법주정차,2023-12-11,07:37,관천초등학교,2023-12-12,2024-06-03
불법주정차,2023-12-11,07:38,태전동 1049-12 부근 인도,2023-12-14,2024-06-03
불법주정차,2023-12-11,07:39,읍내동 615 부근,2023-12-12,2024-06-03
불법주정차,2023-12-11,07:39,읍내동 615 부근,2023-12-12,2024-06-03
불법주정차,2023-12-11,07:43,읍내동 관음로 부근,2023-12-12,2024-06-03
불법주정차,2023-12-11,07:43,읍내동 361-4 부근,2023-12-12,2024-06-03
불법주정차,2023-12-11,07:43,읍내동 관음로 부근,2023-12-12,2024-06-03
불법주정차,2023-12-11,07:45,읍내동 관음로 부근,2023-12-12,2024-06-03
불법주정차,2023-12-11,07:46,대현동 대현남로6길 부근,2023-12-12,2024-06-03
불법주정차,2023-12-11,07:47,대현동 대현남로6길 부근,2023-12-12,2024-06-03
불법주정차,2023-12-11,07:49,관음동 418 부근,2023-12-12,2024-06-03
불법주정차,2023-12-11,07:49,구암동 팔거천동로 부근,2023-12-12,2024-06-03
불법주정차,2023-12-11,07:49,구암동 팔거천동로 부근,2023-12-12,2024-06-03
불법주정차,2023-12-11,07:50,구암동 팔거천동로 부근,2023-12-12,2024-06-03
불법주정차,2023-12-11,07:50,구암동 팔거천동로 부근,2023-12-12,2024-06-03
불법주정차,2023-12-11,07:50,구암동 팔거천동로 부근,2023-12-12,2024-06-03
불법주정차,2023-12-11,07:52,동천동 팔거천동로 부근,2023-12-12,2024-06-03
불법주정차,2023-12-11,07:57,구암동 팔거천동로 부근,2023-12-12,2024-06-03
불법주정차,2023-12-11,07:58,구암동 팔거천동로 부근,2023-12-12,2024-06-03
불법주정차,2023-12-11,07:58,구암동 팔거천동로 부근,2023-12-12,2024-06-03
불법주정차,2023-12-11,07:58,매천동 매천로18길 부근,2023-12-12,2024-06-03
불법주정차,2023-12-11,07:59,매천동 매천로18길 부근,2023-12-12,2024-06-03
불법주정차,2023-12-11,08:00,구암동 팔거천동로 부근,2023-12-12,2024-06-03
불법주정차,2023-12-11,08:04,오페라 클래시아,2023-12-12,2024-06-03
불법주정차,2023-12-11,08:06,진성유치원 삼거리,2023-12-12,2024-06-03
불법주정차,2023-12-11,08:08,동변공원 사거리,2023-12-12,2024-06-03
불법주정차,2023-12-11,08:13,진성유치원 삼거리,2023-12-12,2024-06-03
불법주정차,2023-12-11,08:13,오페라 클래시아,2023-12-12,2024-06-03
불법주정차,2023-12-11,08:20,한영정형외과,2023-12-12,2024-06-03
불법주정차,2023-12-11,08:22,노원한신더휴 동문,2023-12-12,2024-06-03
불법주정차,2023-12-11,08:25,서변동 1754 부근 횡단보도,2023-12-18,2024-06-03
불법주정차,2023-12-11,08:27,북부초등학교,2023-12-12,2024-06-03
불법주정차,2023-12-11,08:27,서변동 1754-15 부근 모퉁이,2023-12-18,2024-06-03
불법주정차,2023-12-11,08:29,서변동 1751-9 부근 모퉁이,2023-12-18,2024-06-03
불법주정차,2023-12-11,08:36,산격동 1260-1 부근,2023-12-14,2024-06-03
불법주정차,2023-12-11,08:45,칠성시장교통섬,2023-12-12,2024-06-03
불법주정차,2023-12-11,08:45,학남초등학교 앞 사거리,2023-12-12,2024-06-03
불법주정차,2023-12-11,08:46,국우동 1085-2 부근 모퉁이,2023-12-14,2024-06-03
불법주정차,2023-12-11,08:55,서변공영주차장 사거리,2023-12-12,2024-06-03
불법주정차,2023-12-11,08:56,강북초등학교,2023-12-12,2024-06-03
불법주정차,2023-12-11,08:56,구암동 653-4 부근 횡단보도,2023-12-18,2024-06-03
불법주정차,2023-12-11,09:13,농협연경지점 삼거리,2023-12-12,2024-06-03
불법주정차,2023-12-11,09:13,칠성시장 화재(소방),2023-12-12,2024-06-03
불법주정차,2023-12-11,09:13,칠성시장 화재(소방),2023-12-12,2024-06-03
불법주정차,2023-12-11,09:19,태전동 M&M빌딩,2023-12-12,2024-06-03
불법주정차,2023-12-11,09:19,장보고식자재마트 사거리,2023-12-12,2024-06-03
불법주정차,2023-12-11,09:23,한영정형외과,2023-12-12,2024-06-03
불법주정차,2023-12-11,09:23,대구역 오페라더블유2,2023-12-12,2024-06-03
불법주정차,2023-12-11,09:25,침산동 매일천막 앞,2023-12-12,2024-06-03
불법주정차,2023-12-11,09:29,태전동 1233 부근 모퉁이,2024-04-04,2024-06-03
불법주정차,2023-12-11,09:30,금호서한이다음정문,2023-12-12,2024-06-03
불법주정차,2023-12-11,09:33,관음 상가,2023-12-12,2024-06-03
불법주정차,2023-12-11,09:35,노원동3가 20-1 부근 모퉁이,2023-12-14,2024-06-03
불법주정차,2023-12-11,09:36,노원동3가 20-1 부근 모퉁이,2023-12-14,2024-06-03
불법주정차,2023-12-11,09:38,노원동3가 20-1 부근 모퉁이,2023-12-14,2024-06-03
불법주정차,2023-12-11,09:40,동대구시장,2023-12-12,2024-06-03
불법주정차,2023-12-11,09:59,침산 화인탑펠리스,2023-12-12,2024-06-03
불법주정차,2023-12-11,10:00,신암초등학교,2023-12-12,2024-06-03
불법주정차,2023-12-11,10:05,북부초등학교,2023-12-12,2024-06-03
불법주정차,2023-12-11,10:07,새동산산부인과,2023-12-12,2024-06-03
불법주정차,2023-12-11,10:07,복현동 69 부근 횡단보도,2023-12-18,2024-06-03
불법주정차,2023-12-11,10:11,대구역 오페라더블유1,2023-12-12,2024-06-03
불법주정차,2023-12-11,10:11,대구은행 복현지점,2023-12-12,2024-06-03
불법주정차,2023-12-11,10:14,칠성시장교통섬,2023-12-12,2024-06-03
불법주정차,2023-12-11,10:18,노원동1가 358 부근 횡단보도,2023-12-14,2024-06-03
불법주정차,2023-12-11,10:19,사수동 센스마트,2023-12-12,2024-06-03
불법주정차,2023-12-11,10:21,칠성동 꽃시장 (아름나라,2023-12-12,2024-06-03
불법주정차,2023-12-11,10:22,칠성시장 화재(소방),2023-12-12,2024-06-03
불법주정차,2023-12-11,10:23,KB국민은행침산지점,2023-12-12,2024-06-03
불법주정차,2023-12-11,10:24,농협침산지점앞,2023-12-12,2024-06-03
불법주정차,2023-12-11,10:27,팔달동 286-12 부근,2023-12-12,2024-06-03
불법주정차,2023-12-11,10:27,팔달동 286-12 부근,2023-12-12,2024-06-03
불법주정차,2023-12-11,10:28,르노삼성자동차 침산점,2023-12-12,2024-06-03
불법주정차,2023-12-11,10:28,새동산산부인과,2023-12-12,2024-06-03
불법주정차,2023-12-11,10:30,금호동 한강로8길 부근,2023-12-12,2024-06-03
불법주정차,2023-12-11,10:30,사수동 27-3 부근,2023-12-12,2024-06-03
불법주정차,2023-12-11,10:30,사수동 27-3 부근,2023-12-12,2024-06-03
불법주정차,2023-12-11,10:30,경대정문,2023-12-12,2024-06-03
불법주정차,2023-12-11,10:32,사수동 728 부근,2023-12-12,2024-06-03
불법주정차,2023-12-11,10:32,사수동 728 부근,2023-12-12,2024-06-03
불법주정차,2023-12-11,10:32,사수동 728 부근,2023-12-12,2024-06-03
불법주정차,2023-12-11,10:32,오페라코오롱하늘채 앞,2023-12-12,2024-06-03
불법주정차,2023-12-11,10:32,동천동회전교차로1,2023-12-12,2024-06-03
불법주정차,2023-12-11,10:33,복현동 동북로57길 부근,2023-12-12,2024-06-03
불법주정차,2023-12-11,10:33,복현동 동북로57길 부근,2023-12-12,2024-06-03
불법주정차,2023-12-11,10:33,칠성동 꽃시장 (아름나라,2023-12-12,2024-06-03
불법주정차,2023-12-11,10:40,복현동 동북로65길 부근,2023-12-12,2024-06-03
불법주정차,2023-12-11,10:40,복현동 동북로65길 부근,2023-12-12,2024-06-03
불법주정차,2023-12-11,10:40,복현동 동북로65길 부근,2023-12-12,2024-06-03
불법주정차,2023-12-11,10:41,노원한신더휴 동문,2023-12-12,2024-06-03
불법주정차,2023-12-11,10:45,대구은행 복현지점,2023-12-12,2024-06-03
불법주정차,2023-12-11,10:47,한영정형외과,2023-12-12,2024-06-03
불법주정차,2023-12-11,10:48,침산 화인탑펠리스,2023-12-12,2024-06-03
불법주정차,2023-12-11,10:50,동천동 동암로 부근,2023-12-12,2024-06-03
불법주정차,2023-12-11,10:50,동천동 동암로 부근,2023-12-12,2024-06-03
불법주정차,2023-12-11,10:51,동천동 팔거천동로 부근,2023-12-12,2024-06-03
불법주정차,2023-12-11,10:51,동천동 팔거천동로 부근,2023-12-12,2024-06-03
불법주정차,2023-12-11,10:51,동천동 팔거천동로 부근,2023-12-12,2024-06-03
불법주정차,2023-12-11,10:52,동천동 팔거천동로 부근,2023-12-12,2024-06-03
불법주정차,2023-12-11,10:53,칠성시장 화재(소방),2023-12-12,2024-06-03
불법주정차,2023-12-11,10:54,동천동 동암로 부근,2023-12-12,2024-06-03
불법주정차,2023-12-11,10:56,동천동 동암로12길 부근,2023-12-12,2024-06-03
불법주정차,2023-12-11,10:56,동천동 동암로12길 부근,2023-12-12,2024-06-03
불법주정차,2023-12-11,10:56,동천동 동암로12길 부근,2023-12-12,2024-06-03
불법주정차,2023-12-11,10:57,동천동 동암로12길 부근,2023-12-12,2024-06-03
불법주정차,2023-12-11,11:05,학정동 칠곡중앙대로136길 부근,2023-12-12,2024-06-03
불법주정차,2023-12-11,11:06,학정동 칠곡중앙대로136길 부근,2023-12-12,2024-06-03
불법주정차,2023-12-11,11:06,학정동 칠곡중앙대로136길 부근,2023-12-12,2024-06-03
불법주정차,2023-12-11,11:06,학정동 칠곡중앙대로136길 부근,2023-12-12,2024-06-03
불법주정차,2023-12-11,11:06,학정동 칠곡중앙대로136길 부근,2023-12-12,2024-06-03
불법주정차,2023-12-11,11:07,학정동 칠곡중앙대로136길 부근,2023-12-12,2024-06-03
불법주정차,2023-12-11,11:07,학정동 칠곡중앙대로136길 부근,2023-12-12,2024-06-03
불법주정차,2023-12-11,11:08,대학로23길,2023-12-12,2024-06-03
불법주정차,2023-12-11,11:10,학정동 칠곡중앙대로136길 부근,2023-12-12,2024-06-03
불법주정차,2023-12-11,11:10,학정동 칠곡중앙대로136길 부근,2023-12-12,2024-06-03
불법주정차,2023-12-11,11:10,학정동 칠곡중앙대로136길 부근,2023-12-12,2024-06-03
불법주정차,2023-12-11,11:10,동호동 칠곡중앙대로136길 부근,2023-12-12,2024-06-03
불법주정차,2023-12-11,11:11,동호동 칠곡중앙대로136길 부근,2023-12-12,2024-06-03
불법주정차,2023-12-11,11:11,동호동 칠곡중앙대로136길 부근,2023-12-12,2024-06-03
불법주정차,2023-12-11,11:11,동호동 칠곡중앙대로136길 부근,2023-12-12,2024-06-03
불법주정차,2023-12-11,11:11,동호동 칠곡중앙대로136길 부근,2023-12-12,2024-06-03
불법주정차,2023-12-11,11:14,동호동 팔거천동로 부근,2023-12-12,2024-06-03
불법주정차,2023-12-11,11:14,동호동 팔거천동로 부근,2023-12-12,2024-06-03
불법주정차,2023-12-11,11:14,동호동 팔거천동로 부근,2023-12-12,2024-06-03
불법주정차,2023-12-11,11:14,동호동 팔거천동로 부근,2023-12-12,2024-06-03
불법주정차,2023-12-11,11:15,동호동 팔거천동로 부근,2023-12-12,2024-06-03
불법주정차,2023-12-11,11:15,동호동 팔거천동로 부근,2023-12-12,2024-06-03
불법주정차,2023-12-11,11:18,구암동 767-2 부근 인도,2023-12-14,2024-06-03
불법주정차,2023-12-11,11:26,서변동 서변로 부근,2023-12-12,2024-06-03
불법주정차,2023-12-11,11:26,서변동 서변로 부근,2023-12-12,2024-06-03
불법주정차,2023-12-11,11:28,서변동 서변로 부근,2023-12-12,2024-06-03
불법주정차,2023-12-11,11:30,서변동 서변로 부근,2023-12-12,2024-06-03
불법주정차,2023-12-11,11:31,서변동 서변로 부근,2023-12-12,2024-06-03
불법주정차,2023-12-11,11:31,서변동 서변로 부근,2023-12-12,2024-06-03
불법주정차,2023-12-11,11:31,서변동 서변로 부근,2023-12-12,2024-06-03
불법주정차,2023-12-11,11:31,서변동 서변로3길 부근,2023-12-12,2024-06-03
불법주정차,2023-12-11,11:31,서변동 서변로3길 부근,2023-12-12,2024-06-03
불법주정차,2023-12-11,11:31,서변동 서변로3길 부근,2023-12-12,2024-06-03
불법주정차,2023-12-11,11:32,서변동 서변로3길 부근,2023-12-12,2024-06-03
불법주정차,2023-12-11,11:34,서변동 망월길 부근,2023-12-12,2024-06-03
불법주정차,2023-12-11,11:34,서변동 망월길 부근,2023-12-12,2024-06-03
불법주정차,2023-12-11,11:34,서변동 망월길 부근,2023-12-12,2024-06-03
불법주정차,2023-12-11,11:36,서변동 서변로 부근,2023-12-12,2024-06-03
불법주정차,2023-12-11,11:38,서변동 서변로 부근,2023-12-12,2024-06-03
불법주정차,2023-12-11,11:39,서변동 서변로 부근,2023-12-12,2024-06-03
불법주정차,2023-12-11,11:41,서변동 서변로 부근,2023-12-12,2024-06-03
불법주정차,2023-12-11,11:43,서변동 서변로 부근,2023-12-12,2024-06-03
불법주정차,2023-12-11,12:44,칠성동2가 369-1 부근 인도,2023-12-14,2024-06-03
불법주정차,2023-12-11,12:45,대학로13길,2023-12-12,2024-06-03
불법주정차,2023-12-11,12:46,복현동 78-8 부근 버스정류소,2023-12-18,2024-06-03
불법주정차,2023-12-11,13:22,태전동 1023-12 부근 횡단보도,2023-12-18,2024-06-03
불법주정차,2023-12-11,13:26,산격동 1428-12 부근 모퉁이,2023-12-18,2024-06-03
불법주정차,2023-12-11,13:29,노원동1가 336 부근 인도,2023-12-14,2024-06-03
불법주정차,2023-12-11,13:29,산격동 1437-67 부근,2023-12-18,2024-06-03
불법주정차,2023-12-11,13:31,산격동 1428-12 부근 모퉁이,2023-12-18,2024-06-03
불법주정차,2023-12-11,13:35,태전동 1068 부근 횡단보도,2023-12-14,2024-06-03
불법주정차,2023-12-11,13:38,태전동 1068 부근 횡단보도,2023-12-14,2024-06-03
불법주정차,2023-12-11,13:46,태전동 940-6 부근 인도,2023-12-14,2024-06-03
불법주정차,2023-12-11,14:05,함지초등학교,2023-12-12,2024-06-03
불법주정차,2023-12-11,14:22,침산동 원대로 부근,2023-12-12,2024-06-03
불법주정차,2023-12-11,14:23,침산동 원대로 부근,2023-12-12,2024-06-03
불법주정차,2023-12-11,14:24,고성동3가 고성북로 부근,2023-12-12,2024-06-03
불법주정차,2023-12-11,14:25,고성동3가 고성북로 부근,2023-12-12,2024-06-03
불법주정차,2023-12-11,14:25,고성동3가 고성북로 부근,2023-12-12,2024-06-03
불법주정차,2023-12-11,14:25,고성동3가 고성북로 부근,2023-12-12,2024-06-03
불법주정차,2023-12-11,14:25,고성동3가 고성북로 부근,2023-12-12,2024-06-03
불법주정차,2023-12-11,14:25,고성동3가 고성북로 부근,2023-12-12,2024-06-03
불법주정차,2023-12-11,14:26,산격동 488-6 부근 모퉁이,2023-12-14,2024-06-03
불법주정차,2023-12-11,14:27,고성동2가 고성로 부근,2023-12-12,2024-06-03
불법주정차,2023-12-11,14:27,고성동2가 고성로 부근,2024-03-22,2024-06-03
불법주정차,2023-12-11,14:28,학정동 927-1 부근 횡단보도,2023-12-18,2024-06-03
불법주정차,2023-12-11,14:29,고성동2가 칠성남로 부근,2023-12-12,2024-06-03
불법주정차,2023-12-11,14:30,칠성동2가 369-1 부근 인도,2023-12-14,2024-06-03
불법주정차,2023-12-11,14:31,고성동3가 고성로 부근,2023-12-12,2024-06-03
불법주정차,2023-12-11,14:32,동천동회전교차로1,2023-12-12,2024-06-03
불법주정차,2023-12-11,14:32,노원한신더휴 남문,2023-12-12,2024-06-03
불법주정차,2023-12-11,14:33,대현동 229-19 부근 인도,2023-12-14,2024-06-03
불법주정차,2023-12-11,14:34,장태실네거리부근,2023-12-12,2024-06-03
불법주정차,2023-12-11,14:34,침산1동회전교차로1,2023-12-12,2024-06-03
불법주정차,2023-12-11,14:35,대구역 오페라더블유2,2023-12-12,2024-06-03
불법주정차,2023-12-11,14:35,대구역 오페라더블유2,2023-12-12,2024-06-03
불법주정차,2023-12-11,14:36,태전동 구암로 부근,2023-12-12,2024-06-03
불법주정차,2023-12-11,14:37,태전동 구암로 부근,2023-12-12,2024-06-03
불법주정차,2023-12-11,14:37,칠성시장교통섬,2023-12-12,2024-06-03
불법주정차,2023-12-11,14:38,읍내동 구암로21길 부근,2023-12-12,2024-06-03
불법주정차,2023-12-11,14:38,읍내동 구암로21길 부근,2023-12-12,2024-06-03
불법주정차,2023-12-11,14:39,읍내동 구암로21길 부근,2023-12-12,2024-06-03
불법주정차,2023-12-11,14:39,읍내동 구암로21길 부근,2023-12-12,2024-06-03
불법주정차,2023-12-11,14:39,읍내동 구암로21길 부근,2023-12-12,2024-06-03
불법주정차,2023-12-11,14:39,읍내동 구암로21길 부근,2023-12-12,2024-06-03
불법주정차,2023-12-11,14:40,구암동 농협중앙회,2023-12-12,2024-06-03
불법주정차,2023-12-11,14:40,운암초등학교,2023-12-12,2024-06-03
불법주정차,2023-12-11,14:42,오페라트루엘시민의숲,2023-12-12,2024-06-03
불법주정차,2023-12-11,14:45,태전동 칠곡중앙대로 부근,2023-12-12,2024-06-03
불법주정차,2023-12-11,14:45,태전동 칠곡중앙대로 부근,2023-12-12,2024-06-03
불법주정차,2023-12-11,14:45,태전동 칠곡중앙대로 부근,2023-12-12,2024-06-03
불법주정차,2023-12-11,14:47,침산 화인탑펠리스,2023-12-12,2024-06-03
불법주정차,2023-12-11,14:49,KB국민은행침산지점,2023-12-12,2024-06-03
불법주정차,2023-12-11,14:51,북부초등학교,2023-12-12,2024-06-03
불법주정차,2023-12-11,14:52,동천동회전교차로1,2023-12-12,2024-06-03
불법주정차,2023-12-11,14:53,오페라코오롱하늘채 앞,2023-12-12,2024-06-03
불법주정차,2023-12-11,14:54,태전동 중앙시장,2023-12-12,2024-06-03
불법주정차,2023-12-11,14:56,침산1동회전교차로2,2023-12-12,2024-06-03
불법주정차,2023-12-11,14:58,대학로 파리바게트 부근,2023-12-12,2024-06-03
불법주정차,2023-12-11,14:58,KB국민은행침산지점,2023-12-12,2024-06-03
불법주정차,2023-12-11,15:00,관음 상가,2023-12-12,2024-06-03
불법주정차,2023-12-11,15:00,사수동 센스마트,2023-12-12,2024-06-03
불법주정차,2023-12-11,15:00,산격동 1424-48 부근 횡단보도,2023-12-18,2024-06-03
불법주정차,2023-12-11,15:01,고성동2가 고성로 부근,2023-12-12,2024-06-03
불법주정차,2023-12-11,15:02,대구은행 학정로 지점,2023-12-12,2024-06-03
불법주정차,2023-12-11,15:03,오페라 클래시아,2023-12-12,2024-06-03
불법주정차,2023-12-11,15:04,유림노르웨이숲,2023-12-12,2024-06-03
불법주정차,2023-12-11,15:05,매천중학교 건너,2023-12-12,2024-06-03
불법주정차,2023-12-11,15:06,칠곡초등학교 진입로,2023-12-12,2024-06-03
불법주정차,2023-12-11,15:12,노원한신더휴 동문,2023-12-12,2024-06-03
불법주정차,2023-12-11,15:14,동천동 참약국,2023-12-12,2024-06-03
불법주정차,2023-12-11,15:15,칠곡초등학교,2023-12-12,2024-06-03
불법주정차,2023-12-11,15:15,태전동 1115 부근 횡단보도,2023-12-14,2024-06-03
불법주정차,2023-12-11,15:17,고성동3가 고성북로 부근,2023-12-12,2024-06-03
불법주정차,2023-12-11,15:18,고성동2가 고성로 부근,2023-12-12,2024-06-03
불법주정차,2023-12-11,15:18,침산초등학교,2023-12-12,2024-06-03
불법주정차,2023-12-11,15:23,동변공원 사거리,2023-12-12,2024-06-03
불법주정차,2023-12-11,15:24,경대정문,2023-12-12,2024-06-03
불법주정차,2023-12-11,15:25,노원한신더휴 동문,2023-12-12,2024-06-03
불법주정차,2023-12-11,15:26,산격동 793-104 부근 횡단보도,2023-12-18,2024-06-03
불법주정차,2023-12-11,15:34,사수동 센스마트,2023-12-12,2024-06-03
불법주정차,2023-12-11,15:36,무지개공영주차장 부근,2023-12-12,2024-06-03
불법주정차,2023-12-11,15:39,새동산산부인과,2023-12-12,2024-06-03
불법주정차,2023-12-11,15:43,동천동회전교차로1,2023-12-12,2024-06-03
불법주정차,2023-12-11,15:45,대학로 파리바게트 부근,2023-12-12,2024-06-03
불법주정차,2023-12-11,15:49,사수동 센스마트,2023-12-12,2024-06-03
불법주정차,2023-12-11,15:49,금정공원(보행자우선거리,2023-12-12,2024-06-03
불법주정차,2023-12-11,15:54,매천삼거리,2023-12-12,2024-06-03
불법주정차,2023-12-11,15:54,노원한신더휴 남문,2023-12-12,2024-06-03
불법주정차,2023-12-11,15:55,농협침산지점앞,2023-12-12,2024-06-03
불법주정차,2023-12-11,15:55,KB국민은행침산지점,2023-12-12,2024-06-03
불법주정차,2023-12-11,15:56,노원동주민센터 사거리,2023-12-12,2024-06-03
불법주정차,2023-12-11,16:00,북부초등학교,2023-12-12,2024-06-03
불법주정차,2023-12-11,16:02,침산동건영하이츠 정문,2023-12-12,2024-06-03
불법주정차,2023-12-11,16:05,운암초등학교,2024-01-05,2024-06-03
불법주정차,2023-12-11,16:05,사수동 831 부근 횡단보도,2023-12-14,2024-06-03
불법주정차,2023-12-11,16:07,노원한신더휴 남문,2023-12-12,2024-06-03
불법주정차,2023-12-11,16:10,매천동 296-1 부근 횡단보도,2023-12-18,2024-06-03
불법주정차,2023-12-11,16:11,NC아울렛 앞 사거리,2023-12-12,2024-06-03
불법주정차,2023-12-11,16:15,칠성시장교통섬,2023-12-12,2024-06-03
불법주정차,2023-12-11,16:16,복현동 190-1 부근 횡단보도,2023-12-14,2024-06-03
불법주정차,2023-12-11,16:18,금정공원(보행자우선거리,2023-12-12,2024-06-03
불법주정차,2023-12-11,16:21,새동산산부인과,2023-12-12,2024-06-03
불법주정차,2023-12-11,16:24,대산초등학교,2023-12-12,2024-06-03
불법주정차,2023-12-11,16:28,연경동 동화천로 부근,2023-12-12,2024-06-03
불법주정차,2023-12-11,16:28,연경동 동화천로 부근,2023-12-12,2024-06-03
불법주정차,2023-12-11,16:28,연경동 동화천로 부근,2023-12-12,2024-06-03
불법주정차,2023-12-11,16:28,연경동 동화천로 부근,2023-12-12,2024-06-03
불법주정차,2023-12-11,16:28,연경동 동화천로 부근,2023-12-12,2024-06-03
불법주정차,2023-12-11,16:29,연경동 연경중앙로 부근,2023-12-12,2024-06-03
불법주정차,2023-12-11,16:31,연경동 연경중앙로 부근,2023-12-12,2024-06-03
불법주정차,2023-12-11,16:31,연경동 동화천로 부근,2023-12-12,2024-06-03
불법주정차,2023-12-11,16:31,연경동 동화천로 부근,2023-12-12,2024-06-03
불법주정차,2023-12-11,16:32,칠곡초등학교 진입로,2023-12-12,2024-06-03
불법주정차,2023-12-11,16:35,복현동 404-3 부근,2023-12-18,2024-06-03
불법주정차,2023-12-11,16:36,금호서한이다음정문,2023-12-21,2024-06-03
불법주정차,2023-12-11,16:36,복현동 404-2 부근,2023-12-18,2024-06-03
불법주정차,2023-12-11,16:36,복현동 404-2 부근,2023-12-18,2024-06-03
불법주정차,2023-12-11,16:37,침산 화인탑펠리스,2023-12-12,2024-06-03
불법주정차,2023-12-11,16:38,복현e편한세상 정문,2023-12-12,2024-06-03
불법주정차,2023-12-11,16:43,노원한신더휴 남문,2023-12-12,2024-06-03
불법주정차,2023-12-11,16:43,읍내동 1349 부근 횡단보도,2023-12-14,2024-06-03
불법주정차,2023-12-11,16:44,노원한신더휴 남문,2023-12-12,2024-06-03
불법주정차,2023-12-11,16:47,노원한신더휴 동문,2023-12-12,2024-06-03
불법주정차,2023-12-11,16:50,노원동3가 775 부근 횡단보도,2023-12-21,2024-06-03
불법주정차,2023-12-11,16:53,대학로 파리바게트 부근,2023-12-12,2024-06-03
불법주정차,2023-12-11,16:55,산격동 1428-12 부근 모퉁이,2023-12-18,2024-06-03
불법주정차,2023-12-11,17:01,새동산산부인과,2023-12-12,2024-06-03
불법주정차,2023-12-11,17:02,관음 상가,2023-12-12,2024-06-03
불법주정차,2023-12-11,17:05,동천동회전교차로1,2023-12-12,2024-06-03
불법주정차,2023-12-11,17:13,산격동 대학로15길 부근,2023-12-12,2024-06-03
불법주정차,2023-12-11,17:14,태전동 중앙시장,2023-12-12,2024-06-03
불법주정차,2023-12-11,17:38,칠성동2가 302-139 부근 모퉁이,2023-12-14,2024-06-03
불법주정차,2023-12-11,17:53,사수동 964 부근 횡단보도,2023-12-14,2024-06-03
불법주정차,2023-12-11,17:54,복현동 427-8 부근 인도,2023-12-14,2024-06-03
불법주정차,2023-12-11,17:58,복현동 459-1 부근 인도,2023-12-14,2024-06-03
불법주정차,2023-12-11,17:58,사수동 956 부근 횡단보도,2023-12-14,2024-06-03
불법주정차,2023-12-11,17:59,노원동3가 1022 부근 횡단보도,2023-12-14,2024-06-03
불법주정차,2023-12-11,18:03,관음동 1353-2 부근 인도,2023-12-18,2024-06-03
불법주정차,2023-12-11,18:06,태전동 1029-5 부근 횡단보도,2023-12-14,2024-06-03
불법주정차,2023-12-11,18:10,동천동 910-4 부근 횡단보도,2023-12-18,2024-06-03
불법주정차,2023-12-11,18:11,동천동 962-4 부근 소화전,2023-12-18,2024-06-03
불법주정차,2023-12-11,18:30,침산동건영하이츠 정문,2023-12-12,2024-06-03
불법주정차,2023-12-11,18:32,복현동 318 부근 횡단보도,2024-01-17,2024-06-03
불법주정차,2023-12-11,18:34,복현동 368-1 부근 횡단보도,2023-12-18,2024-06-03
불법주정차,2023-12-11,18:34,복현동 368-1 부근 횡단보도,2023-12-18,2024-06-03
불법주정차,2023-12-11,18:35,복현동 318 부근 모퉁이,2023-12-18,2024-06-03
불법주정차,2023-12-11,18:38,복현동 368-1 부근 모퉁이,2023-12-14,2024-06-03
불법주정차,2023-12-11,18:42,연경동 961 부근 횡단보도,2023-12-14,2024-06-03
불법주정차,2023-12-11,18:47,칠성동2가 715 부근 모퉁이,2023-12-14,2024-06-03
불법주정차,2023-12-11,18:53,태전동 964-11 부근 모퉁이,2023-12-18,2024-06-03
불법주정차,2023-12-11,18:56,태전동 976 부근 모퉁이,2023-12-18,2024-06-03
불법주정차,2023-12-11,18:59,태전동 964-12 부근 모퉁이,2023-12-18,2024-06-03
불법주정차,2023-12-11,19:01,대현동 389 부근 인도,2023-12-14,2024-06-03
불법주정차,2023-12-11,19:16,태전동 1023-12 부근 횡단보도,2023-12-18,2024-06-03
불법주정차,2023-12-11,19:20,검단동 532-1 부근 버스정류소,2023-12-14,2024-06-03
불법주정차,2023-12-11,19:43,침산동 217-3 부근 횡단보도,2023-12-14,2024-06-03
불법주정차,2023-12-11,19:48,구암동 654-1 부근 횡단보도,2023-12-18,2024-06-03
불법주정차,2023-12-11,19:50,사수동 825 부근 모퉁이,2023-12-18,2024-06-03
불법주정차,2023-12-11,19:51,복현동 713 부근,2023-12-14,2024-06-03
불법주정차,2023-12-11,19:51,복현동 713 부근,2023-12-18,2024-06-03
불법주정차,2023-12-11,19:51,복현동 713 부근,2023-12-18,2024-06-03
불법주정차,2023-12-11,19:51,복현동 713 부근,2023-12-18,2024-06-03
불법주정차,2023-12-11,19:52,복현동 713 부근,2023-12-14,2024-06-03
불법주정차,2023-12-11,19:52,복현동 713 부근,2023-12-14,2024-06-03
불법주정차,2023-12-11,20:02,사수동 831 부근 모퉁이,2023-12-18,2024-06-03
불법주정차,2023-12-11,20:26,읍내동 1343 부근 횡단보도,2023-12-18,2024-06-03
불법주정차,2023-12-11,22:38,관음동 207 부근 횡단보도,2023-12-18,2024-06-03
불법주정차,2023-12-11,22:40,태전동 1035 부근 횡단보도,2023-12-14,2024-06-03
불법주정차,2023-12-11,22:41,검단동 1128-3 부근 횡단보도,2023-12-14,2024-06-03
불법주정차,2023-12-11,22:43,검단동 1128-3 부근 버스정류소,2023-12-14,2024-06-03
불법주정차,2023-12-11,23:44,고성동2가 112-3 부근 횡단보도,2023-12-18,2024-06-03
불법주정차,2023-12-11,23:46,고성동2가 111-2 부근 횡단보도,2023-12-18,2024-06-03
불법주정차,2023-12-12,07:02,동천동회전교차로1,2023-12-13,2024-06-03
불법주정차,2023-12-12,07:03,침산1동회전교차로1,2023-12-13,2024-06-03
불법주정차,2023-12-12,07:03,운암초등학교,2023-12-13,2024-06-03
불법주정차,2023-12-12,07:05,사수동 센스마트,2023-12-13,2024-06-03
불법주정차,2023-12-12,07:05,대구역 오페라더블유2,2023-12-13,2024-06-03
불법주정차,2023-12-12,07:06,매천시장 3문,2023-12-13,2024-06-03
불법주정차,2023-12-12,07:07,대구역 오페라더블유1,2023-12-13,2024-06-03
불법주정차,2023-12-12,07:08,침산 화성파크드림,2023-12-13,2024-06-03
불법주정차,2023-12-12,07:09,관천초등학교,2023-12-13,2024-06-03
불법주정차,2023-12-12,07:09,대구일중학교 정문 앞,2023-12-13,2024-06-03
불법주정차,2023-12-12,07:09,장보고식자재마트 사거리,2023-12-13,2024-06-03
불법주정차,2023-12-12,07:11,경진초등학교,2023-12-13,2024-06-03
불법주정차,2023-12-12,07:15,칠성동2가 옥산로17길 부근,2023-12-13,2024-06-03
불법주정차,2023-12-12,07:17,침산동 침산로21길 부근,2023-12-13,2024-06-03
불법주정차,2023-12-12,07:19,서변공영주차장 사거리,2023-12-13,2024-06-03
불법주정차,2023-12-12,07:21,서변동 서변남로 부근,2023-12-13,2024-06-03
불법주정차,2023-12-12,07:21,침산동 침산로22길 부근,2023-12-13,2024-06-03
불법주정차,2023-12-12,07:21,서변동 서변남로 부근,2023-12-13,2024-06-03
불법주정차,2023-12-12,07:21,침산동 침산로22길 부근,2023-12-13,2024-06-03
불법주정차,2023-12-12,07:21,칠성동2가 침산로 부근,2023-12-13,2024-06-03
불법주정차,2023-12-12,07:21,서변동 산 30-1 부근,2023-12-13,2024-06-03
불법주정차,2023-12-12,07:22,르노삼성자동차 침산점,2023-12-13,2024-06-03
불법주정차,2023-12-12,07:25,옥산초등학교,2023-12-13,2024-06-03
불법주정차,2023-12-12,07:25,금호서한이다음정문,2023-12-13,2024-06-03
불법주정차,2023-12-12,07:26,서변동 산 30-1 부근,2023-12-13,2024-06-03
불법주정차,2023-12-12,07:27,서변동 서변남로 부근,2023-12-13,2024-06-03
불법주정차,2023-12-12,07:27,연경동 연경중앙로 부근,2023-12-13,2024-06-03
불법주정차,2023-12-12,07:28,연경동 도덕길 부근,2023-12-13,2024-06-03
불법주정차,2023-12-12,07:29,서변공영주차장 사거리,2023-12-13,2024-06-03
불법주정차,2023-12-12,07:29,연경동 도덕길 부근,2023-12-13,2024-06-03
불법주정차,2023-12-12,07:29,연경동 연경중앙로 부근,2023-12-13,2024-06-03
불법주정차,2023-12-12,07:30,연경동 연경중앙로 부근,2023-12-13,2024-06-03
불법주정차,2023-12-12,07:30,태전동 칠곡중앙대로 부근,2023-12-13,2024-06-03
불법주정차,2023-12-12,07:31,동천동 참약국,2023-12-13,2024-06-03
불법주정차,2023-12-12,07:32,구암동 팔거천동로 부근,2023-12-13,2024-06-03
불법주정차,2023-12-12,07:32,구암동 팔거천동로 부근,2023-12-13,2024-06-03
불법주정차,2023-12-12,07:36,태전동 1049-10 부근 인도,2023-12-21,2024-06-03
불법주정차,2023-12-12,07:37,태전동 구암로 부근,2023-12-13,2024-06-03
불법주정차,2023-12-12,07:39,읍내동 구암로21길 부근,2023-12-13,2024-06-03
불법주정차,2023-12-12,07:39,읍내동 구암로21길 부근,2023-12-13,2024-06-03
불법주정차,2023-12-12,07:39,읍내동 구암로21길 부근,2023-12-13,2024-06-03
불법주정차,2023-12-12,07:40,동변동 동변로 부근,2023-12-13,2024-06-03
불법주정차,2023-12-12,07:41,동변동 동변로 부근,2023-12-13,2024-06-03
불법주정차,2023-12-12,07:41,동변동 동변로 부근,2023-12-13,2024-06-03
불법주정차,2023-12-12,07:43,장보고식자재마트 사거리,2023-12-13,2024-06-03
불법주정차,2023-12-12,07:46,동변동 동변로 부근,2023-12-13,2024-06-03
불법주정차,2023-12-12,07:51,대구은행 학정로 지점,2023-12-13,2024-06-03
불법주정차,2023-12-12,07:53,매천동 매전로4길 부근,2023-12-13,2024-06-03
불법주정차,2023-12-12,08:03,노원동1가 509 부근 소화전,2023-12-14,2024-06-03
불법주정차,2023-12-12,08:04,오페라 클래시아,2023-12-13,2024-06-03
불법주정차,2023-12-12,08:05,오페라 클래시아,2023-12-13,2024-06-03
불법주정차,2023-12-12,08:06,동변공원 사거리,2023-12-13,2024-06-03
불법주정차,2023-12-12,08:10,영남네오빌아트 후문,2023-12-13,2024-06-03
불법주정차,2023-12-12,08:11,오페라 클래시아,2023-12-13,2024-06-03
불법주정차,2023-12-12,08:15,태전동 1228 부근 모퉁이,2023-12-21,2024-06-03
불법주정차,2023-12-12,08:18,서변동 1753-2 부근 횡단보도,2023-12-14,2024-06-03
불법주정차,2023-12-12,08:19,태전동 1222 부근 모퉁이,2023-12-21,2024-06-03
불법주정차,2023-12-12,08:22,검단동 887-2 부근 횡단보도,2023-12-14,2024-06-03
불법주정차,2023-12-12,08:22,서변동 1751-9 부근 모퉁이,2023-12-14,2024-06-03
불법주정차,2023-12-12,08:28,칠성시장교통섬,2023-12-13,2024-06-03
불법주정차,2023-12-12,08:30,칠성초등학교,2023-12-13,2024-06-03
불법주정차,2023-12-12,08:33,사수동 953 부근 횡단보도,2023-12-21,2024-06-03
불법주정차,2023-12-12,08:34,구암동 농협중앙회,2023-12-13,2024-06-03
불법주정차,2023-12-12,08:39,대구역 오페라더블유2,2023-12-13,2024-06-03
불법주정차,2023-12-12,08:39,산격동 1428-12 부근,2023-12-14,2024-06-03
불법주정차,2023-12-12,08:49,국우동 1085-2 부근 모퉁이,2023-12-21,2024-06-03
불법주정차,2023-12-12,08:58,산격동 1727 부근 횡단보도,2023-12-14,2024-06-03
불법주정차,2023-12-12,09:00,산격동 1727 부근 횡단보도,2023-12-14,2024-06-03
불법주정차,2023-12-12,09:02,사수동 센스마트,2023-12-13,2024-06-03
불법주정차,2023-12-12,09:08,남다른 감자탕,2023-12-13,2024-06-03
불법주정차,2023-12-12,09:10,칠성시장 화재(소방),2023-12-13,2024-06-03
불법주정차,2023-12-12,09:14,동천동 971-5 부근 모퉁이,2023-12-21,2024-06-03
불법주정차,2023-12-12,09:16,칠성시장교통섬,2023-12-13,2024-06-03
불법주정차,2023-12-12,09:27,대구역 오페라더블유2,2023-12-13,2024-06-03
불법주정차,2023-12-12,09:27,칠성시장교통섬,2023-12-13,2024-06-03
불법주정차,2023-12-12,09:29,한영정형외과,2023-12-13,2024-06-03
불법주정차,2023-12-12,09:29,노원한신더휴 남문,2023-12-13,2024-06-03
불법주정차,2023-12-12,09:32,경진초등학교,2023-12-18,2024-06-03
불법주정차,2023-12-12,09:35,침산동 매일천막 앞,2023-12-13,2024-06-03
불법주정차,2023-12-12,09:40,서변공영주차장 사거리,2023-12-13,2024-06-03
불법주정차,2023-12-12,09:40,팔달동 대구수산시장,2023-12-13,2024-06-03
불법주정차,2023-12-12,09:41,대구역 오페라더블유2,2023-12-13,2024-06-03
불법주정차,2023-12-12,09:41,동천동회전교차로1,2023-12-13,2024-06-03
불법주정차,2023-12-12,09:44,농협침산지점앞,2023-12-13,2024-06-03
불법주정차,2023-12-12,09:52,동천동 참약국,2023-12-13,2024-06-03
불법주정차,2023-12-12,10:00,복현동 72-12 부근 횡단보도,2023-12-14,2024-06-03
불법주정차,2023-12-12,10:08,관음초등학교,2023-12-13,2024-06-03
불법주정차,2023-12-12,10:15,칠성시장 화재(소방),2023-12-13,2024-06-03
불법주정차,2023-12-12,10:15,침산동 성북로 부근,2023-12-13,2024-06-03
불법주정차,2023-12-12,10:16,침산동 침산남로31길 부근,2023-12-13,2024-06-03
불법주정차,2023-12-12,10:16,연경동 동화천로 부근,2023-12-13,2024-06-03
불법주정차,2023-12-12,10:16,연경동 동화천로 부근,2023-12-13,2024-06-03
불법주정차,2023-12-12,10:16,연경동 동화천로 부근,2023-12-13,2024-06-03
불법주정차,2023-12-12,10:16,연경동 동화천로 부근,2023-12-13,2024-06-03
불법주정차,2023-12-12,10:17,연경동 동화천로 부근,2023-12-13,2024-06-03
불법주정차,2023-12-12,10:17,침산동 침산로 부근,2023-12-13,2024-06-03
불법주정차,2023-12-12,10:17,침산동 침산로 부근,2023-12-13,2024-06-03
불법주정차,2023-12-12,10:17,침산동 침산로 부근,2023-12-13,2024-06-03
불법주정차,2023-12-12,10:18,연경동 동화천로 부근,2023-12-13,2024-06-03
불법주정차,2023-12-12,10:18,연경동 동화천로 부근,2023-12-13,2024-06-03
불법주정차,2023-12-12,10:19,진성유치원 삼거리,2023-12-13,2024-06-03
불법주정차,2023-12-12,10:20,매천동 매전로4길 부근,2023-12-13,2024-06-03
불법주정차,2023-12-12,10:21,연경동 연경중앙로 부근,2023-12-13,2024-06-03
불법주정차,2023-12-12,10:21,매천동 매전로4길 부근,2023-12-13,2024-06-03
불법주정차,2023-12-12,10:23,태전동 학정로 부근,2023-12-13,2024-06-03
불법주정차,2023-12-12,10:24,관천초등학교,2023-12-13,2024-06-03
불법주정차,2023-12-12,10:24,장보고식자재마트 사거리,2023-12-13,2024-06-03
불법주정차,2023-12-12,10:24,연경동 동화천로 부근,2023-12-13,2024-06-03
불법주정차,2023-12-12,10:27,침산 화인탑펠리스,2023-12-13,2024-06-03
불법주정차,2023-12-12,10:27,산격동 산격로 부근,2023-12-13,2024-06-03
불법주정차,2023-12-12,10:27,산격동 산격로6길 부근,2023-12-13,2024-06-03
불법주정차,2023-12-12,10:29,산격동 산격로14길 부근,2023-12-13,2024-06-03
불법주정차,2023-12-12,10:29,매천동 매전로4길 부근,2023-12-13,2024-06-03
불법주정차,2023-12-12,10:32,칠성시장 화재(소방),2023-12-13,2024-06-03
불법주정차,2023-12-12,10:32,칠곡초등학교 진입로,2023-12-13,2024-06-03
불법주정차,2023-12-12,10:33,산격동 대동로1길 부근,2023-12-13,2024-06-03
불법주정차,2023-12-12,10:35,노원한신더휴 남문,2023-12-13,2024-06-03
불법주정차,2023-12-12,10:41,진성유치원 삼거리,2023-12-13,2024-06-03
불법주정차,2023-12-12,10:41,산격동 산격로14길 부근,2023-12-13,2024-06-03
불법주정차,2023-12-12,10:42,금호서한이다음정문,2023-12-13,2024-06-03
불법주정차,2023-12-12,10:44,산격동 대학로 부근,2023-12-13,2024-06-03
불법주정차,2023-12-12,10:46,칠성시장교통섬,2023-12-13,2024-06-03
불법주정차,2023-12-12,10:53,태전동 993 부근 인도,2023-12-21,2024-06-03
불법주정차,2023-12-12,11:04,관음동 칠곡중앙대로91길 부근,2023-12-13,2024-06-03
불법주정차,2023-12-12,11:04,관음동 칠곡중앙대로91길 부근,2023-12-13,2024-06-03
불법주정차,2023-12-12,11:04,태전동 940 부근 횡단보도,2023-12-21,2024-06-03
불법주정차,2023-12-12,11:05,관음동 관음동로 부근,2023-12-13,2024-06-03
불법주정차,2023-12-12,11:06,읍내동 구암로 부근,2023-12-13,2024-06-03
불법주정차,2023-12-12,11:07,복현동 대학로 부근,2023-12-13,2024-06-03
불법주정차,2023-12-12,11:11,읍내동 칠곡중앙대로86길 부근,2023-12-13,2024-06-03
불법주정차,2023-12-12,11:11,읍내동 칠곡중앙대로86길 부근,2023-12-13,2024-06-03
불법주정차,2023-12-12,11:11,읍내동 칠곡중앙대로 부근,2023-12-13,2024-06-03
불법주정차,2023-12-12,11:11,읍내동 칠곡중앙대로 부근,2023-12-13,2024-06-03
불법주정차,2023-12-12,11:17,읍내동 칠곡중앙대로 부근,2023-12-13,2024-06-03
불법주정차,2023-12-12,11:19,읍내동 구암로15길 부근,2023-12-13,2024-06-03
불법주정차,2023-12-12,11:24,산격동 유통단지로8길 부근,2023-12-13,2024-06-03
불법주정차,2023-12-12,11:26,산격동 유통단지로8길 부근,2023-12-13,2024-06-03
불법주정차,2023-12-12,11:29,산격동 유통단지로8길 부근,2023-12-13,2024-06-03
불법주정차,2023-12-12,11:29,산격동 유통단지로 부근,2023-12-13,2024-06-03
불법주정차,2023-12-12,11:29,산격동 유통단지로 부근,2023-12-13,2024-06-03
불법주정차,2023-12-12,11:30,검단동 검단공단로 부근,2023-12-13,2024-06-03
불법주정차,2023-12-12,11:31,태전동 1023-12 부근 횡단보도,2023-12-21,2024-06-03
불법주정차,2023-12-12,11:34,검단동 검단로 부근,2023-12-13,2024-06-03
불법주정차,2023-12-12,11:34,검단동 검단로 부근,2023-12-13,2024-06-03
불법주정차,2023-12-12,11:36,무지개공영주차장 부근,2023-12-13,2024-06-03
불법주정차,2023-12-12,11:39,노원동3가 20-1 부근 모퉁이,2023-12-21,2024-06-03
불법주정차,2023-12-12,11:43,복현동 404-1 부근,2023-12-21,2024-06-03
불법주정차,2023-12-12,11:43,복현동 404-1 부근,2023-12-21,2024-06-03
불법주정차,2023-12-12,11:43,복현동 404-1 부근,2023-12-21,2024-06-03
불법주정차,2023-12-12,12:16,무지개공영주차장 부근,2023-12-13,2024-06-03
불법주정차,2023-12-12,12:16,산격동 1727 부근 횡단보도,2023-12-21,2024-06-03
불법주정차,2023-12-12,12:21,검단동 887-134 부근 인도,2023-12-21,2024-06-03
불법주정차,2023-12-12,12:22,태전동 496-7 부근 인도,2023-12-21,2024-06-03
불법주정차,2023-12-12,12:23,검단동 887-157 부근 횡단보도,2023-12-21,2024-06-03
불법주정차,2023-12-12,12:27,산격동 1772 부근 인도,2023-12-13,2024-06-03
불법주정차,2023-12-12,12:27,침산동 265-8 부근 횡단보도,2023-12-21,2024-06-03
불법주정차,2023-12-12,12:29,노원동3가 20-13 부근 모퉁이,2023-12-21,2024-06-03
불법주정차,2023-12-12,12:30,침산동 265-2 부근 횡단보도,2023-12-21,2024-06-03
불법주정차,2023-12-12,12:30,노원동1가 203 부근 인도,2023-12-21,2024-06-03
불법주정차,2023-12-12,12:34,노원동1가 158-1 부근 인도,2023-12-21,2024-06-03
불법주정차,2023-12-12,12:37,침산동 1196-2 부근 인도,2023-12-15,2024-06-03
불법주정차,2023-12-12,12:38,침산동 1196-2 부근 인도,2023-12-21,2024-06-03
불법주정차,2023-12-12,13:12,노원동3가 35-15 부근 인도,2023-12-15,2024-06-03
불법주정차,2023-12-12,13:17,대학로 파리바게트 부근,2023-12-13,2024-06-03
불법주정차,2023-12-12,13:19,학정동 376-1 부근,2023-12-21,2024-06-03
불법주정차,2023-12-12,13:22,노원동3가 1039-6 부근 인도,2023-12-15,2024-06-03
불법주정차,2023-12-12,13:37,읍내동 304 부근 인도,2023-12-21,2024-06-03
불법주정차,2023-12-12,13:59,노원동2가 372-4 부근 인도,2023-12-21,2024-06-03
불법주정차,2023-12-12,14:05,대학로 파리바게트 부근,2023-12-13,2024-06-03
불법주정차,2023-12-12,14:05,침산동 480-26 부근 소화전,2023-12-21,2024-06-03
불법주정차,2023-12-12,14:06,동천동 955-3 부근 횡단보도,2023-12-21,2024-06-03
불법주정차,2023-12-12,14:18,노원동1가 원대로 부근,2023-12-13,2024-06-03
불법주정차,2023-12-12,14:18,산격동 1428-12 부근 모퉁이,2023-12-21,2024-06-03
불법주정차,2023-12-12,14:19,침산동 원대로 부근,2023-12-13,2024-06-03
불법주정차,2023-12-12,14:21,침산동 원대로 부근,2023-12-13,2024-06-03
불법주정차,2023-12-12,14:24,고성동3가 고성북로 부근,2023-12-13,2024-06-03
불법주정차,2023-12-12,14:24,고성동3가 고성북로 부근,2023-12-13,2024-06-03
불법주정차,2023-12-12,14:24,고성동3가 고성북로 부근,2023-12-13,2024-06-03
불법주정차,2023-12-12,14:25,태전동 칠곡중앙대로53길 부근,2023-12-13,2024-06-03
불법주정차,2023-12-12,14:25,태전동 칠곡중앙대로55길 부근,2023-12-13,2024-06-03
불법주정차,2023-12-12,14:25,태전동 칠곡중앙대로55길 부근,2023-12-13,2024-06-03
불법주정차,2023-12-12,14:25,고성동3가 고성북로 부근,2023-12-13,2024-06-03
불법주정차,2023-12-12,14:25,태전동 칠곡중앙대로55길 부근,2023-12-13,2024-06-03
불법주정차,2023-12-12,14:25,태전동 칠곡중앙대로55길 부근,2023-12-13,2024-06-03
불법주정차,2023-12-12,14:25,고성동3가 고성북로 부근,2023-12-13,2024-06-03
불법주정차,2023-12-12,14:25,태전동 칠곡중앙대로55길 부근,2023-12-13,2024-06-03
불법주정차,2023-12-12,14:26,고성동2가 고성로 부근,2023-12-13,2024-06-03
불법주정차,2023-12-12,14:26,고성동2가 고성로 부근,2023-12-13,2024-06-03
불법주정차,2023-12-12,14:27,고성동3가 고성로 부근,2023-12-13,2024-06-03
불법주정차,2023-12-12,14:28,태전동 칠곡중앙대로55길 부근,2023-12-13,2024-06-03
불법주정차,2023-12-12,14:29,태전동 칠곡중앙대로53길 부근,2023-12-13,2024-06-03
불법주정차,2023-12-12,14:29,고성동2가 칠성남로 부근,2023-12-13,2024-06-03
불법주정차,2023-12-12,14:31,새동산산부인과,2023-12-13,2024-06-03
불법주정차,2023-12-12,14:32,태전동 매천로 부근,2023-12-13,2024-06-03
불법주정차,2023-12-12,14:32,고성동2가 117-15 부근 인도,2023-12-21,2024-06-03
불법주정차,2023-12-12,14:33,침산 화성파크드림,2023-12-13,2024-06-03
불법주정차,2023-12-12,14:33,고성동3가 고성로 부근,2023-12-13,2024-06-03
불법주정차,2023-12-12,14:33,고성동3가 고성로 부근,2023-12-13,2024-06-03
불법주정차,2023-12-12,14:34,매천초등학교,2023-12-13,2024-06-03
불법주정차,2023-12-12,14:34,대구역 오페라더블유2,2023-12-13,2024-06-03
불법주정차,2023-12-12,14:35,산격동 경대북문,2023-12-13,2024-06-03
불법주정차,2023-12-12,14:35,침산 화성파크드림,2023-12-13,2024-06-03
불법주정차,2023-12-12,14:36,대구역 오페라더블유2,2023-12-13,2024-06-03
불법주정차,2023-12-12,14:37,농협침산지점앞,2023-12-13,2024-06-03
불법주정차,2023-12-12,14:38,칠성시장교통섬,2023-12-13,2024-06-03
불법주정차,2023-12-12,14:38,사수동 센스마트,2023-12-13,2024-06-03
불법주정차,2023-12-12,14:38,고성동2가 고성로32길 부근,2023-12-13,2024-06-03
불법주정차,2023-12-12,14:39,금호서한이다음정문,2023-12-13,2024-06-03
불법주정차,2023-12-12,14:40,강북초등학교,2023-12-13,2024-06-03
불법주정차,2023-12-12,14:40,서변동 서변로3길 부근,2023-12-13,2024-06-03
불법주정차,2023-12-12,14:40,금호동 802 부근 모퉁이,2023-12-21,2024-06-03
불법주정차,2023-12-12,14:41,금정공원(보행자우선거리,2023-12-13,2024-06-03
불법주정차,2023-12-12,14:41,코스트코 주차장 앞,2023-12-13,2024-06-03
불법주정차,2023-12-12,14:43,침산 화인탑펠리스,2023-12-13,2024-06-03
불법주정차,2023-12-12,14:43,오페라 클래시아,2024-01-17,2024-06-03
불법주정차,2023-12-12,14:43,칠성동 꽃시장 (아름나라,2023-12-13,2024-06-03
불법주정차,2023-12-12,14:45,오페라코오롱하늘채 앞,2023-12-13,2024-06-03
불법주정차,2023-12-12,14:45,동변공원 사거리,2023-12-13,2024-06-03
불법주정차,2023-12-12,14:46,오페라코오롱하늘채 앞,2023-12-13,2024-06-03
불법주정차,2023-12-12,14:46,서변동 호국로57길 부근,2023-12-13,2024-06-03
불법주정차,2023-12-12,14:47,태전동 940-9 부근 인도,2023-12-21,2024-06-03
불법주정차,2023-12-12,14:48,서변동 서변로3길 부근,2023-12-13,2024-06-03
불법주정차,2023-12-12,14:48,서변동 서변로3길 부근,2023-12-13,2024-06-03
불법주정차,2023-12-12,14:48,서변동 서변로3길 부근,2023-12-13,2024-06-03
불법주정차,2023-12-12,14:48,서변동 서변로3길 부근,2023-12-13,2024-06-03
불법주정차,2023-12-12,14:49,서변동 망월길 부근,2023-12-13,2024-06-03
불법주정차,2023-12-12,14:50,오페라트루엘시민의숲,2023-12-13,2024-06-03
불법주정차,2023-12-12,14:50,서변동 망월길 부근,2023-12-13,2024-06-03
불법주정차,2023-12-12,14:50,서변동 망월길 부근,2023-12-13,2024-06-03
불법주정차,2023-12-12,14:50,서변동 서변로 부근,2023-12-13,2024-06-03
불법주정차,2023-12-12,14:50,서변동 서변로 부근,2023-12-13,2024-06-03
불법주정차,2023-12-12,14:51,서변동 서변로 부근,2023-12-13,2024-06-03
불법주정차,2023-12-12,14:51,서변동 서변로 부근,2023-12-13,2024-06-03
불법주정차,2023-12-12,14:51,서변동 서변로 부근,2023-12-13,2024-06-03
불법주정차,2023-12-12,14:57,새동산산부인과,2023-12-13,2024-06-03
불법주정차,2023-12-12,14:58,오페라코오롱하늘채 앞,2023-12-13,2024-06-03
불법주정차,2023-12-12,14:58,동천동 참약국,2023-12-13,2024-06-03
불법주정차,2023-12-12,15:00,사수동 953 부근 횡단보도,2023-12-21,2024-06-03
불법주정차,2023-12-12,15:00,금호동 802 부근 모퉁이,2024-03-18,2024-06-03
불법주정차,2023-12-12,15:02,대학로 파리바게트 부근,2023-12-13,2024-06-03
불법주정차,2023-12-12,15:05,대구역 오페라더블유2,2023-12-13,2024-06-03
불법주정차,2023-12-12,15:11,침산동 497-16 부근 횡단보도,2023-12-21,2024-06-03
불법주정차,2023-12-12,15:17,코스트코 주차장 앞,2023-12-13,2024-06-03
불법주정차,2023-12-12,15:21,서변동 서변남로 부근,2023-12-13,2024-06-03
불법주정차,2023-12-12,15:21,서변동 서변남로 부근,2023-12-13,2024-06-03
불법주정차,2023-12-12,15:22,동천동회전교차로1,2023-12-13,2024-06-03
불법주정차,2023-12-12,15:23,태전초등학교,2023-12-13,2024-06-03
불법주정차,2023-12-12,15:24,팔달초등학교,2023-12-13,2024-06-03
불법주정차,2023-12-12,15:24,고성동1가 84-9 부근,2023-12-13,2024-06-03
불법주정차,2023-12-12,15:24,태평로3가 태평로 부근,2023-12-13,2024-06-03
불법주정차,2023-12-12,15:24,구암동 787-4 부근 인도,2023-12-21,2024-06-03
불법주정차,2023-12-12,15:25,노원한신더휴 남문,2023-12-13,2024-06-03
불법주정차,2023-12-12,15:25,한영정형외과,2023-12-13,2024-06-03
불법주정차,2023-12-12,15:25,칠성시장교통섬,2023-12-13,2024-06-03
불법주정차,2023-12-12,15:25,고성동1가 113-20 부근,2023-12-13,2024-06-03
불법주정차,2023-12-12,15:25,고성동1가 113-20 부근,2023-12-13,2024-06-03
불법주정차,2023-12-12,15:25,고성동1가 113-20 부근,2023-12-13,2024-06-03
불법주정차,2023-12-12,15:25,고성동1가 113-20 부근,2023-12-13,2024-06-03
불법주정차,2023-12-12,15:26,고성동1가 113-20 부근,2023-12-13,2024-06-03
불법주정차,2023-12-12,15:26,고성동1가 113-20 부근,2023-12-13,2024-06-03
불법주정차,2023-12-12,15:26,고성동1가 113-20 부근,2023-12-13,2024-06-03
불법주정차,2023-12-12,15:26,고성동1가 158-3 부근,2023-12-13,2024-06-03
불법주정차,2023-12-12,15:26,고성동1가 158-3 부근,2023-12-13,2024-06-03
불법주정차,2023-12-12,15:26,고성동1가 158-3 부근,2023-12-13,2024-06-03
불법주정차,2023-12-12,15:26,고성동1가 158-3 부근,2023-12-13,2024-06-03
불법주정차,2023-12-12,15:27,사수동 센스마트,2023-12-13,2024-06-03
불법주정차,2023-12-12,15:27,서변동 산 34-3 부근,2023-12-13,2024-06-03
불법주정차,2023-12-12,15:27,서변동 산 34-3 부근,2023-12-13,2024-06-03
불법주정차,2023-12-12,15:29,고성동1가 칠성남로 부근,2023-12-13,2024-06-03
불법주정차,2023-12-12,15:29,고성동1가 칠성남로 부근,2023-12-13,2024-06-03
불법주정차,2023-12-12,15:29,태평로3가 태평로 부근,2023-12-13,2024-06-03
불법주정차,2023-12-12,15:29,태평로3가 태평로 부근,2023-12-13,2024-06-03
불법주정차,2023-12-12,15:29,태평로3가 태평로 부근,2023-12-13,2024-06-03
불법주정차,2023-12-12,15:29,태평로3가 태평로 부근,2023-12-13,2024-06-03
불법주정차,2023-12-12,15:30,태평로3가 태평로 부근,2023-12-13,2024-06-03
불법주정차,2023-12-12,15:30,태평로3가 태평로 부근,2023-12-13,2024-06-03
불법주정차,2023-12-12,15:30,태평로3가 태평로 부근,2023-12-13,2024-06-03
불법주정차,2023-12-12,15:30,구암동 137 부근 모퉁이,2023-12-21,2024-06-03
불법주정차,2023-12-12,15:31,고성동1가 칠성남로 부근,2023-12-13,2024-06-03
불법주정차,2023-12-12,15:31,고성동1가 칠성남로 부근,2023-12-13,2024-06-03
불법주정차,2023-12-12,15:31,구암동 137 부근 모퉁이,2023-12-21,2024-06-03
불법주정차,2023-12-12,15:32,북부초등학교,2023-12-13,2024-06-03
불법주정차,2023-12-12,15:33,침산 화성파크드림,2023-12-13,2024-06-03
불법주정차,2023-12-12,15:43,칠성시장교통섬,2023-12-13,2024-06-03
불법주정차,2023-12-12,15:48,노원한신더휴 동문,2023-12-13,2024-06-03
불법주정차,2023-12-12,15:49,칠성시장교통섬,2023-12-13,2024-06-03
불법주정차,2023-12-12,15:50,매천중학교 건너,2023-12-13,2024-06-03
불법주정차,2023-12-12,15:53,서변공영주차장 사거리,2023-12-13,2024-06-03
불법주정차,2023-12-12,15:55,산격동 1741 부근 횡단보도,2024-04-24,2024-06-03
불법주정차,2023-12-12,15:56,침산동 448-2 부근,2023-12-21,2024-06-03
불법주정차,2023-12-12,15:56,읍내동 1343-6 부근 인도,2023-12-21,2024-06-03
불법주정차,2023-12-12,15:57,읍내동 칠곡중앙대로 부근,2023-12-13,2024-06-03
불법주정차,2023-12-12,15:57,읍내동 칠곡중앙대로 부근,2023-12-13,2024-06-03
불법주정차,2023-12-12,15:59,사수동 778 부근 어린이보호구역,2023-12-21,2024-06-03
불법주정차,2023-12-12,16:01,읍내동 칠곡중앙대로 부근,2023-12-13,2024-06-03
불법주정차,2023-12-12,16:02,칠성시장교통섬,2023-12-13,2024-06-03
불법주정차,2023-12-12,16:03,침산동 448-2 부근,2023-12-21,2024-06-03
불법주정차,2023-12-12,16:03,구암동 686 부근 모퉁이,2023-12-21,2024-06-03
불법주정차,2023-12-12,16:04,사수동 778 부근 어린이보호구역,2023-12-21,2024-06-03
불법주정차,2023-12-12,16:05,노원한신더휴 동문,2023-12-13,2024-06-03
불법주정차,2023-12-12,16:08,대구은행 학정로 지점,2023-12-13,2024-06-03
불법주정차,2023-12-12,16:10,새동산산부인과,2023-12-13,2024-06-03
불법주정차,2023-12-12,16:10,침산동 1761 부근 인도,2023-12-21,2024-06-03
불법주정차,2023-12-12,16:13,읍내동 대천로 부근,2023-12-13,2024-06-03
불법주정차,2023-12-12,16:14,읍내동 칠곡중앙대로 부근,2023-12-13,2024-06-03
불법주정차,2023-12-12,16:15,새동산산부인과,2023-12-13,2024-06-03
불법주정차,2023-12-12,16:16,서변공영주차장 사거리,2023-12-13,2024-06-03
불법주정차,2023-12-12,16:16,관음동 칠곡중앙대로 부근,2023-12-13,2024-06-03
불법주정차,2023-12-12,16:17,관음동 칠곡중앙대로91길 부근,2023-12-13,2024-06-03
불법주정차,2023-12-12,16:18,관음동 칠곡중앙대로91길 부근,2023-12-13,2024-06-03
불법주정차,2023-12-12,16:18,관음동 칠곡중앙대로91길 부근,2023-12-13,2024-06-03
불법주정차,2023-12-12,16:18,관음동 칠곡중앙대로91길 부근,2023-12-13,2024-06-03
불법주정차,2023-12-12,16:18,관음동 관음동로 부근,2023-12-13,2024-06-03
불법주정차,2023-12-12,16:20,노원한신더휴 동문,2023-12-13,2024-06-03
불법주정차,2023-12-12,16:21,대구역 오페라더블유2,2023-12-13,2024-06-03
불법주정차,2023-12-12,16:21,경진초등학교,2023-12-13,2024-06-03
불법주정차,2023-12-12,16:21,대구역 오페라더블유2,2023-12-13,2024-06-03
불법주정차,2023-12-12,16:21,읍내동 구암로 부근,2023-12-13,2024-06-03
불법주정차,2023-12-12,16:22,읍내동 구암로 부근,2023-12-13,2024-06-03
불법주정차,2023-12-12,16:22,읍내동 구암로 부근,2023-12-13,2024-06-03
불법주정차,2023-12-12,16:22,읍내동 구암로 부근,2023-12-13,2024-06-03
불법주정차,2023-12-12,16:22,읍내동 구암로 부근,2023-12-13,2024-06-03
불법주정차,2023-12-12,16:23,노원동1가 침산남로 부근,2023-12-13,2024-06-03
불법주정차,2023-12-12,16:24,노원동1가 오봉로6길 부근,2023-12-13,2024-06-03
불법주정차,2023-12-12,16:26,태전동 구암로 부근,2023-12-13,2024-06-03
불법주정차,2023-12-12,16:26,노원동2가 노원로10길 부근,2023-12-13,2024-06-03
불법주정차,2023-12-12,16:26,노원동2가 노원로10길 부근,2023-12-13,2024-06-03
불법주정차,2023-12-12,16:28,노원동3가 노원로10길 부근,2023-12-13,2024-06-03
불법주정차,2023-12-12,16:28,노원동3가 노원로10길 부근,2023-12-13,2024-06-03
불법주정차,2023-12-12,16:28,노원동3가 노원로10길 부근,2023-12-13,2024-06-03
불법주정차,2023-12-12,16:29,노원동3가 팔달로 부근,2023-12-13,2024-06-03
불법주정차,2023-12-12,16:31,노원동2가 노원로10길 부근,2023-12-13,2024-06-03
불법주정차,2023-12-12,16:36,칠성초등학교,2023-12-13,2024-06-03
불법주정차,2023-12-12,16:37,서변공영주차장 사거리,2023-12-13,2024-06-03
불법주정차,2023-12-12,16:39,노원동주민센터 사거리,2023-12-13,2024-06-03
불법주정차,2023-12-12,16:40,오페라코오롱하늘채 앞,2023-12-13,2024-06-03
불법주정차,2023-12-12,16:46,대구역 오페라더블유2,2023-12-13,2024-06-03
불법주정차,2023-12-12,16:50,동천동 905-1 부근 인도,2023-12-21,2024-06-03
불법주정차,2023-12-12,16:52,노원한신더휴 동문,2023-12-13,2024-06-03
불법주정차,2023-12-12,16:53,노원한신더휴 남문,2023-12-13,2024-06-03
불법주정차,2023-12-12,16:54,노원동2가 293-1 부근 횡단보도,2023-12-21,2024-06-03
불법주정차,2023-12-12,16:55,동천동회전교차로1,2023-12-13,2024-06-03
불법주정차,2023-12-12,16:55,한영정형외과,2023-12-13,2024-06-03
불법주정차,2023-12-12,16:56,검단동 502-6 부근 버스정류소,2023-12-21,2024-06-03
불법주정차,2023-12-12,16:57,오페라코오롱하늘채 앞,2023-12-13,2024-06-03
불법주정차,2023-12-12,16:58,매천화성파크드림정문,2023-12-13,2024-06-03
불법주정차,2023-12-12,16:58,동천동 907-1 부근 모퉁이,2023-12-21,2024-06-03
불법주정차,2023-12-12,16:59,매천화성파크드림정문,2023-12-13,2024-06-03
불법주정차,2023-12-12,17:01,금정공원(보행자우선거리,2023-12-13,2024-06-03
불법주정차,2023-12-12,17:01,관천초등학교,2023-12-13,2024-06-03
불법주정차,2023-12-12,17:03,태전동 태전로 부근,2023-12-13,2024-06-03
불법주정차,2023-12-12,17:06,태전동 태전로 부근,2023-12-13,2024-06-03
불법주정차,2023-12-12,17:06,태전동 태전로 부근,2023-12-13,2024-06-03
불법주정차,2023-12-12,17:07,노원한신더휴 남문,2023-12-13,2024-06-03
불법주정차,2023-12-12,17:07,태전동 태전로19길 부근,2023-12-13,2024-06-03
불법주정차,2023-12-12,17:08,태전동 태전로19길 부근,2023-12-13,2024-06-03
불법주정차,2023-12-12,17:11,태전동 칠곡중앙대로 부근,2023-12-13,2024-06-03
불법주정차,2023-12-12,17:12,태전동 태전로 부근,2023-12-13,2024-06-03
불법주정차,2023-12-12,17:13,동천동회전교차로1,2023-12-13,2024-06-03
불법주정차,2023-12-12,17:13,칠성시장교통섬,2023-12-13,2024-06-03
불법주정차,2023-12-12,17:17,읍내동 구암로 부근,2023-12-13,2024-06-03
불법주정차,2023-12-12,17:23,복현동 426-7 부근 인도,2023-12-21,2024-06-03
불법주정차,2023-12-12,17:24,침산동 원대로 부근,2023-12-13,2024-06-03
불법주정차,2023-12-12,17:24,침산동 원대로 부근,2023-12-13,2024-06-03
불법주정차,2023-12-12,17:24,침산동 원대로 부근,2023-12-13,2024-06-03
불법주정차,2023-12-12,17:28,복현동 426-7 부근 인도,2023-12-21,2024-06-03
불법주정차,2023-12-12,17:39,산격동 대구체육관로 부근,2023-12-13,2024-06-03
불법주정차,2023-12-12,17:39,산격동 1269-26 부근 횡단보도,2023-12-21,2024-06-03
불법주정차,2023-12-12,17:42,산격동 1269-26 부근 인도,2023-12-21,2024-06-03
불법주정차,2023-12-12,18:08,동천동 896 부근 소화전,2023-12-21,2024-06-03
불법주정차,2023-12-12,18:15,복현동 479-3 부근 인도,2023-12-21,2024-06-03
불법주정차,2023-12-12,18:18,읍내동 426-18 부근,2023-12-21,2024-06-03
불법주정차,2023-12-12,18:18,매천동 718 부근 횡단보도,2023-12-21,2024-06-03
불법주정차,2023-12-12,18:26,사수동 959 부근 횡단보도,2023-12-21,2024-06-03
불법주정차,2023-12-12,18:33,사수동 964 부근 횡단보도,2023-12-21,2024-06-03
불법주정차,2023-12-12,18:37,태전동 220-1 부근 횡단보도,2023-12-21,2024-06-03
불법주정차,2023-12-12,18:37,태전동 1035-6 부근 횡단보도,2023-12-22,2024-06-03
불법주정차,2023-12-12,18:39,구암동 787-1 부근,2023-12-22,2024-06-03
불법주정차,2023-12-12,18:39,침산동 1761 부근 횡단보도,2023-12-22,2024-06-03
불법주정차,2023-12-12,18:40,검단동 887-54 부근 모퉁이,2023-12-22,2024-06-03
불법주정차,2023-12-12,18:40,구암동 787-2 부근,2023-12-22,2024-06-03
불법주정차,2023-12-12,18:52,태전동 255-9 부근 횡단보도,2023-12-22,2024-06-03
불법주정차,2023-12-12,18:57,사수동 825 부근 횡단보도,2023-12-22,2024-06-03
불법주정차,2023-12-12,19:02,고성동2가 116-2 부근 인도,2023-12-14,2024-06-03
불법주정차,2023-12-12,19:24,복현동 265-12 부근,2023-12-22,2024-06-03
불법주정차,2023-12-12,19:26,동천동 954-1 부근 횡단보도,2023-12-22,2024-06-03
불법주정차,2023-12-12,19:37,복현동 331-1 부근 모퉁이,2023-12-15,2024-06-03
불법주정차,2023-12-12,19:38,복현동 713 부근,2023-12-15,2024-06-03
불법주정차,2023-12-12,19:38,복현동 339-2 부근,2023-12-22,2024-06-03
불법주정차,2023-12-12,19:38,복현동 339-2 부근,2023-12-22,2024-06-03
불법주정차,2023-12-12,19:38,복현동 339-37 부근,2023-12-22,2024-06-03
불법주정차,2023-12-12,19:39,복현동 713 부근,2023-12-15,2024-06-03
불법주정차,2023-12-12,19:39,복현동 713 부근,2023-12-15,2024-06-03
불법주정차,2023-12-12,19:39,복현동 713 부근,2023-12-15,2024-06-03
불법주정차,2023-12-12,19:39,복현동 339-14 부근,2023-12-22,2024-06-03
불법주정차,2023-12-12,19:39,복현동 339-14 부근,2023-12-22,2024-06-03
불법주정차,2023-12-12,19:39,복현동 339-40 부근,2023-12-22,2024-06-03
불법주정차,2023-12-12,19:40,태전동 256-1 부근 버스정류소,2023-12-22,2024-06-03
불법주정차,2023-12-12,19:41,태전동 255-9 부근 버스정류소,2023-12-22,2024-06-03
불법주정차,2023-12-12,19:45,복현동 713 부근,2023-12-15,2024-06-03
불법주정차,2023-12-12,19:52,복현동 477-1 부근 모퉁이,2023-12-22,2024-06-03
불법주정차,2023-12-12,20:07,구암동 797-8 부근 횡단보도,2023-12-22,2024-06-03
불법주정차,2023-12-12,20:22,동천동 903-1 부근 횡단보도,2023-12-22,2024-06-03
불법주정차,2023-12-12,20:26,동천동 903-4 부근 횡단보도,2023-12-22,2024-06-03
불법주정차,2023-12-12,20:34,동천동 897-3 부근 횡단보도,2023-12-22,2024-06-03
불법주정차,2023-12-12,20:43,태전동 1075-13 부근 횡단보도,2023-12-22,2024-06-03
불법주정차,2023-12-12,21:00,대현동 24-31 부근 횡단보도,2023-12-22,2024-06-03
불법주정차,2023-12-12,21:00,복현동 416-2 부근 소화전,2023-12-22,2024-06-03
불법주정차,2023-12-12,21:37,복현동 산 19-21 부근 모퉁이,2023-12-26,2024-06-03
불법주정차,2023-12-12,21:51,산격동 1428-12 부근 모퉁이,2023-12-26,2024-06-03
불법주정차,2023-12-12,21:51,복현동 376-3 부근 횡단보도,2023-12-26,2024-06-03
불법주정차,2023-12-12,21:51,복현동 376-3 부근 횡단보도,2023-12-26,2024-06-03
불법주정차,2023-12-12,21:54,복현동 376-3 부근 횡단보도,2023-12-26,2024-06-03
불법주정차,2023-12-12,22:05,동천동 968 부근 소화전,2023-12-26,2024-06-03
불법주정차,2023-12-12,22:36,복현동 413-22 부근 소화전,2023-12-26,2024-06-03
불법주정차,2023-12-12,22:37,관음동 1268-23 부근 횡단보도,2023-12-26,2024-06-03
불법주정차,2023-12-12,22:39,관음동 1268-23 부근 횡단보도,2023-12-26,2024-06-03
불법주정차,2023-12-12,22:40,관음동 1268-23 부근 횡단보도,2023-12-26,2024-06-03
불법주정차,2023-12-12,22:44,산격동 1370-1 부근 횡단보도,2023-12-26,2024-06-03
불법주정차,2023-12-12,22:47,태전동 1233 부근 모퉁이,2024-04-04,2024-06-03
불법주정차,2023-12-13,06:22,금호동 802 부근 모퉁이,2023-12-15,2024-06-03
불법주정차,2023-12-13,06:26,사수동 956 부근 모퉁이,2023-12-15,2024-06-03
불법주정차,2023-12-13,06:53,태전동 1233 부근 모퉁이,2024-04-04,2024-06-03
불법주정차,2023-12-13,07:01,서변공영주차장 사거리,2023-12-14,2024-06-03
불법주정차,2023-12-13,07:03,침산 화성파크드림,2023-12-14,2024-06-03
불법주정차,2023-12-13,07:03,칠성동 꽃시장 (아름나라,2023-12-14,2024-06-03
불법주정차,2023-12-13,07:03,침산 화성파크드림,2023-12-14,2024-06-03
불법주정차,2023-12-13,07:04,매천중학교 건너,2023-12-14,2024-06-03
불법주정차,2023-12-13,07:04,대구역 오페라더블유2,2023-12-14,2024-06-03
불법주정차,2023-12-13,07:05,침산1동회전교차로1,2023-12-14,2024-06-03
불법주정차,2023-12-13,07:05,노원한신더휴 남문,2023-12-14,2024-06-03
불법주정차,2023-12-13,07:06,유림노르웨이숲,2023-12-14,2024-06-03
불법주정차,2023-12-13,07:06,사수동 센스마트,2023-12-14,2024-06-03
불법주정차,2023-12-13,07:06,침산동 매일천막 앞,2023-12-14,2024-06-03
불법주정차,2023-12-13,07:07,매천시장 3문,2023-12-14,2024-06-03
불법주정차,2023-12-13,07:07,관천초등학교,2023-12-14,2024-06-03
불법주정차,2023-12-13,07:08,침산 화인탑펠리스,2023-12-14,2024-06-03
불법주정차,2023-12-13,07:09,사수동 센스마트,2023-12-14,2024-06-03
불법주정차,2023-12-13,07:09,매천삼거리,2023-12-14,2024-06-03
불법주정차,2023-12-13,07:14,오페라트루엘시민의숲,2023-12-14,2024-06-03
불법주정차,2023-12-13,07:15,칠성동 꽃시장 (아름나라,2023-12-14,2024-06-03
불법주정차,2023-12-13,07:16,칠성동 꽃시장 (아름나라,2023-12-14,2024-06-03
불법주정차,2023-12-13,07:18,칠곡초등학교 진입로,2023-12-14,2024-06-03
불법주정차,2023-12-13,07:19,복현동 검단로 부근,2023-12-14,2024-06-03
불법주정차,2023-12-13,07:19,복현동 검단로 부근,2023-12-14,2024-06-03
불법주정차,2023-12-13,07:21,고성동1가 104-21 부근,2023-12-14,2024-06-03
불법주정차,2023-12-13,07:21,복현동 복현로 부근,2023-12-14,2024-06-03
불법주정차,2023-12-13,07:21,고성동1가 104-21 부근,2023-12-14,2024-06-03
불법주정차,2023-12-13,07:21,고성동1가 104-21 부근,2023-12-14,2024-06-03
불법주정차,2023-12-13,07:21,고성동1가 104-21 부근,2023-12-14,2024-06-03
불법주정차,2023-12-13,07:21,고성동1가 113-20 부근,2023-12-14,2024-06-03
불법주정차,2023-12-13,07:21,고성동1가 113-20 부근,2023-12-14,2024-06-03
불법주정차,2023-12-13,07:21,고성동1가 113-20 부근,2023-12-14,2024-06-03
불법주정차,2023-12-13,07:21,고성동1가 113-20 부근,2023-12-14,2024-06-03
불법주정차,2023-12-13,07:21,고성동1가 113-20 부근,2023-12-14,2024-06-03
불법주정차,2023-12-13,07:22,고성동1가 113-20 부근,2023-12-14,2024-06-03
불법주정차,2023-12-13,07:22,고성동1가 113-20 부근,2023-12-14,2024-06-03
불법주정차,2023-12-13,07:22,고성동1가 158-3 부근,2023-12-14,2024-06-03
불법주정차,2023-12-13,07:22,고성동1가 158-3 부근,2023-12-14,2024-06-03
불법주정차,2023-12-13,07:23,칠성시장 화재(소방),2023-12-14,2024-06-03
불법주정차,2023-12-13,07:23,고성동1가 104-21 부근,2023-12-14,2024-06-03
불법주정차,2023-12-13,07:23,고성동1가 104-21 부근,2023-12-14,2024-06-03
불법주정차,2023-12-13,07:23,고성동1가 104-21 부근,2023-12-14,2024-06-03
불법주정차,2023-12-13,07:23,고성동1가 104-21 부근,2023-12-14,2024-06-03
불법주정차,2023-12-13,07:23,고성동1가 104-21 부근,2023-12-14,2024-06-03
불법주정차,2023-12-13,07:23,침산동 456-7 부근 인도,2023-12-15,2024-06-03
불법주정차,2023-12-13,07:24,고성동1가 104-21 부근,2023-12-14,2024-06-03
불법주정차,2023-12-13,07:24,고성동1가 104-21 부근,2023-12-14,2024-06-03
불법주정차,2023-12-13,07:24,고성동1가 104-21 부근,2023-12-14,2024-06-03
불법주정차,2023-12-13,07:30,동아아울렛 뒷편,2023-12-14,2024-06-03
불법주정차,2023-12-13,07:30,칠성동 꽃시장 (아름나라,2023-12-14,2024-06-03
불법주정차,2023-12-13,07:30,구암동 구암서로 부근,2023-12-14,2024-06-03
불법주정차,2023-12-13,07:30,구암동 구암서로 부근,2023-12-14,2024-06-03
불법주정차,2023-12-13,07:31,칠성동 꽃시장 (아름나라,2023-12-14,2024-06-03
불법주정차,2023-12-13,07:31,구암동 구암로49길 부근,2023-12-14,2024-06-03
불법주정차,2023-12-13,07:32,구암동 구암로49길 부근,2023-12-14,2024-06-03
불법주정차,2023-12-13,07:34,구암동 학정로 부근,2023-12-14,2024-06-03
불법주정차,2023-12-13,07:38,금호동 한강로 부근,2023-12-14,2024-06-03
불법주정차,2023-12-13,07:39,검단동 검단공단로 부근,2023-12-14,2024-06-03
불법주정차,2023-12-13,07:39,검단동 검단공단로 부근,2023-12-14,2024-06-03
불법주정차,2023-12-13,07:39,검단동 검단공단로 부근,2023-12-14,2024-06-03
불법주정차,2023-12-13,07:40,구암동 구암서로 부근,2023-12-14,2024-06-03
불법주정차,2023-12-13,07:40,산격동 유통단지로8길 부근,2023-12-14,2024-06-03
불법주정차,2023-12-13,07:40,사수동 한강로2길 부근,2023-12-14,2024-06-03
불법주정차,2023-12-13,07:41,산격동 유통단지로8길 부근,2023-12-14,2024-06-03
불법주정차,2023-12-13,07:41,산격동 유통단지로8길 부근,2023-12-14,2024-06-03
불법주정차,2023-12-13,07:41,산격동 유통단지로8길 부근,2024-01-05,2024-06-03
불법주정차,2023-12-13,07:42,구암동 구암로 부근,2023-12-14,2024-06-03
불법주정차,2023-12-13,07:42,산격동 유통단지로8길 부근,2023-12-14,2024-06-03
불법주정차,2023-12-13,07:42,산격동 유통단지로8길 부근,2023-12-14,2024-06-03
불법주정차,2023-12-13,07:43,구암동 구암로54길 부근,2023-12-14,2024-06-03
불법주정차,2023-12-13,07:43,구암동 구암로54길 부근,2023-12-14,2024-06-03
불법주정차,2023-12-13,07:43,사수동 728 부근,2023-12-14,2024-06-03
불법주정차,2023-12-13,07:44,사수동 728 부근,2023-12-14,2024-06-03
불법주정차,2023-12-13,07:44,사수동 728 부근,2023-12-14,2024-06-03
불법주정차,2023-12-13,07:49,팔달동 286-12 부근,2023-12-14,2024-06-03
불법주정차,2023-12-13,07:54,팔달동 매천로2길 부근,2023-12-14,2024-06-03
불법주정차,2023-12-13,07:56,팔달동 매천로2길 부근,2023-12-14,2024-06-03
불법주정차,2023-12-13,07:56,팔달동 매천로2길 부근,2023-12-14,2024-06-03
불법주정차,2023-12-13,07:58,매천동 매천로18길 부근,2023-12-14,2024-06-03
불법주정차,2023-12-13,07:59,태전동 중앙시장,2023-12-14,2024-06-03
불법주정차,2023-12-13,08:00,칠성시장 화재(소방),2023-12-14,2024-06-03
불법주정차,2023-12-13,08:00,대구역 오페라더블유2,2023-12-20,2024-06-03
불법주정차,2023-12-13,08:02,매천초등학교,2023-12-14,2024-06-03
불법주정차,2023-12-13,08:03,오페라 클래시아,2023-12-14,2024-06-03
불법주정차,2023-12-13,08:03,동변공원 사거리,2023-12-14,2024-06-03
불법주정차,2023-12-13,08:07,진성유치원 삼거리,2023-12-14,2024-06-03
불법주정차,2023-12-13,08:15,오페라 클래시아,2023-12-14,2024-06-03
불법주정차,2023-12-13,08:15,오페라 클래시아,2023-12-14,2024-06-03
불법주정차,2023-12-13,08:22,칠성동 꽃시장 (아름나라,2023-12-14,2024-06-03
불법주정차,2023-12-13,08:24,노원동1가 509 부근 소화전,2023-12-15,2024-06-03
불법주정차,2023-12-13,08:26,침산동 385-10 부근,2023-12-15,2024-06-03
불법주정차,2023-12-13,08:32,오페라 클래시아,2023-12-14,2024-06-03
불법주정차,2023-12-13,08:49,침산동 1663-354 부근 횡단보도,2023-12-15,2024-06-03
불법주정차,2023-12-13,08:59,대구역 오페라더블유2,2023-12-14,2024-06-03
불법주정차,2023-12-13,09:05,검단동 1128-3 부근 횡단보도,2023-12-15,2024-06-03
불법주정차,2023-12-13,09:07,대현도서관교차로,2023-12-14,2024-06-03
불법주정차,2023-12-13,09:09,태암초등학교,2023-12-14,2024-06-03
불법주정차,2023-12-13,09:10,사수동 센스마트,2023-12-14,2024-06-03
불법주정차,2023-12-13,09:10,KB국민은행침산지점,2023-12-14,2024-06-03
불법주정차,2023-12-13,09:11,사수동 센스마트,2023-12-14,2024-06-03
불법주정차,2023-12-13,09:11,칠성동 꽃시장 (아름나라,2023-12-14,2024-06-03
불법주정차,2023-12-13,09:12,도남초등학교,2023-12-14,2024-06-03
불법주정차,2023-12-13,09:16,대구일중학교 정문 앞,2023-12-14,2024-06-03
불법주정차,2023-12-13,09:17,서변동 941 부근 횡단보도,2023-12-15,2024-06-03
불법주정차,2023-12-13,09:18,복현동 477-1 부근 모퉁이,2023-12-15,2024-06-03
불법주정차,2023-12-13,09:20,대구역 오페라더블유2,2023-12-14,2024-06-03
불법주정차,2023-12-13,09:21,복현동 461-9 부근 모퉁이,2023-12-15,2024-06-03
불법주정차,2023-12-13,09:22,학정동 949-5 부근 횡단보도,2023-12-15,2024-06-03
불법주정차,2023-12-13,09:23,칠성시장 화재(소방),2023-12-14,2024-06-03
불법주정차,2023-12-13,09:38,동천동회전교차로1,2023-12-14,2024-06-03
불법주정차,2023-12-13,09:45,칠성동2가 302-122 부근,2023-12-15,2024-06-03
불법주정차,2023-12-13,09:47,서변공영주차장 사거리,2023-12-14,2024-06-03
불법주정차,2023-12-13,09:48,오페라트루엘시민의숲,2023-12-14,2024-06-03
불법주정차,2023-12-13,09:50,코스트코 주차장 앞,2023-12-14,2024-06-03
불법주정차,2023-12-13,09:55,동천동 971-5 부근 소화전,2023-12-15,2024-06-03
불법주정차,2023-12-13,09:56,태전동 중앙시장,2023-12-14,2024-06-03
불법주정차,2023-12-13,09:59,노원한신더휴 동문,2023-12-14,2024-06-03
불법주정차,2023-12-13,10:04,새동산산부인과,2023-12-14,2024-06-03
불법주정차,2023-12-13,10:26,칠성동 꽃시장 (아름나라,2023-12-14,2024-06-03
불법주정차,2023-12-13,10:28,노원동2가 293-1 부근 횡단보도,2023-12-15,2024-06-03
불법주정차,2023-12-13,10:32,노원한신더휴 동문,2023-12-14,2024-06-03
불법주정차,2023-12-13,10:35,동평초등학교네거리,2023-12-14,2024-06-03
불법주정차,2023-12-13,10:38,금정공원(보행자우선거리,2023-12-14,2024-06-03
불법주정차,2023-12-13,10:39,태전동 209-11 부근 횡단보도,2023-12-15,2024-06-03
불법주정차,2023-12-13,10:40,침산1동회전교차로1,2023-12-14,2024-06-03
불법주정차,2023-12-13,10:41,노원한신더휴 남문,2023-12-14,2024-06-03
불법주정차,2023-12-13,10:45,관음동 칠곡중앙대로91길 부근,2023-12-14,2024-06-03
불법주정차,2023-12-13,10:45,관음동 칠곡중앙대로91길 부근,2023-12-14,2024-06-03
불법주정차,2023-12-13,10:45,관음동 칠곡중앙대로91길 부근,2023-12-14,2024-06-03
불법주정차,2023-12-13,10:45,관음동 칠곡중앙대로91길 부근,2023-12-14,2024-06-03
불법주정차,2023-12-13,10:45,관음동 칠곡중앙대로91길 부근,2023-12-14,2024-06-03
불법주정차,2023-12-13,10:45,관음동 칠곡중앙대로91길 부근,2023-12-14,2024-06-03
불법주정차,2023-12-13,10:47,읍내동 구암로15길 부근,2023-12-14,2024-06-03
불법주정차,2023-12-13,10:47,읍내동 구암로15길 부근,2023-12-14,2024-06-03
불법주정차,2023-12-13,10:48,읍내동 구암로15길 부근,2023-12-14,2024-06-03
불법주정차,2023-12-13,10:48,읍내동 구암로 부근,2023-12-14,2024-06-03
불법주정차,2023-12-13,10:48,읍내동 구암로 부근,2023-12-14,2024-06-03
불법주정차,2023-12-13,10:48,읍내동 구암로 부근,2023-12-14,2024-06-03
불법주정차,2023-12-13,10:49,태전동 칠곡중앙대로 부근,2023-12-14,2024-06-03
불법주정차,2023-12-13,10:51,구암동 693-3 부근 소화전,2023-12-15,2024-06-03
불법주정차,2023-12-13,10:55,동호동 팔거천동로 부근,2023-12-14,2024-06-03
불법주정차,2023-12-13,10:56,동호동 팔거천동로 부근,2023-12-14,2024-06-03
불법주정차,2023-12-13,10:56,동호동 팔거천동로 부근,2023-12-14,2024-06-03
불법주정차,2023-12-13,10:56,동호동 팔거천동로 부근,2023-12-14,2024-06-03
불법주정차,2023-12-13,10:56,동호동 팔거천동로 부근,2023-12-14,2024-06-03
불법주정차,2023-12-13,10:56,동호동 팔거천동로 부근,2023-12-14,2024-06-03
불법주정차,2023-12-13,10:57,동호동 팔거천동로 부근,2023-12-14,2024-06-03
불법주정차,2023-12-13,11:05,태전동 1239 부근 횡단보도,2023-12-15,2024-06-03
불법주정차,2023-12-13,11:07,태전동 1239 부근 횡단보도,2023-12-15,2024-06-03
불법주정차,2023-12-13,11:13,대학로 파리바게트 부근,2023-12-14,2024-06-03
불법주정차,2023-12-13,11:14,서변동 서변로3길 부근,2023-12-14,2024-06-03
불법주정차,2023-12-13,11:14,서변동 서변로 부근,2023-12-14,2024-06-03
불법주정차,2023-12-13,11:18,서변동 서변로 부근,2023-12-14,2024-06-03
불법주정차,2023-12-13,11:19,서변동 서변로3길 부근,2023-12-14,2024-06-03
불법주정차,2023-12-13,11:19,서변동 서변로3길 부근,2023-12-14,2024-06-03
불법주정차,2023-12-13,11:19,대현동 234-2 부근,2023-12-15,2024-06-03
불법주정차,2023-12-13,11:20,서변동 서변로 부근,2023-12-14,2024-06-03
불법주정차,2023-12-13,11:21,서변동 망월길 부근,2023-12-14,2024-06-03
불법주정차,2023-12-13,11:21,서변동 망월길 부근,2023-12-14,2024-06-03
불법주정차,2023-12-13,11:22,서변동 서변로 부근,2023-12-14,2024-06-03
불법주정차,2023-12-13,11:22,서변동 서변로 부근,2023-12-14,2024-06-03
불법주정차,2023-12-13,11:22,서변동 서변로 부근,2023-12-14,2024-06-03
불법주정차,2023-12-13,11:23,서변동 서변로 부근,2023-12-14,2024-06-03
불법주정차,2023-12-13,11:23,서변동 서변로 부근,2023-12-14,2024-06-03
불법주정차,2023-12-13,11:23,서변동 서변로3길 부근,2023-12-14,2024-06-03
불법주정차,2023-12-13,11:23,서변동 서변로3길 부근,2023-12-14,2024-06-03
불법주정차,2023-12-13,11:24,서변동 서변로3길 부근,2023-12-14,2024-06-03
불법주정차,2023-12-13,11:28,구암동 학정로 부근,2023-12-14,2024-06-03
불법주정차,2023-12-13,11:28,구암동 학정로 부근,2023-12-14,2024-06-03
불법주정차,2023-12-13,11:29,구암동 학정로 부근,2023-12-14,2024-06-03
불법주정차,2023-12-13,11:31,산격동 유통단지로 부근,2023-12-14,2024-06-03
불법주정차,2023-12-13,11:38,동천동 팔거천동로 부근,2023-12-14,2024-06-03
불법주정차,2023-12-13,11:39,동천동 팔거천동로 부근,2023-12-14,2024-06-03
불법주정차,2023-12-13,11:39,동천동 팔거천동로 부근,2023-12-14,2024-06-03
불법주정차,2023-12-13,11:39,동천동 동천로 부근,2023-12-14,2024-06-03
불법주정차,2023-12-13,11:39,동천동 동천로 부근,2023-12-14,2024-06-03
불법주정차,2023-12-13,11:40,동천동 동천로 부근,2023-12-14,2024-06-03
불법주정차,2023-12-13,11:41,산격동 1185-3 부근 인도,2023-12-15,2024-06-03
불법주정차,2023-12-13,11:43,대학로 파리바게트 부근,2023-12-14,2024-06-03
불법주정차,2023-12-13,11:44,무지개공영주차장 부근,2024-05-22,2024-06-03
불법주정차,2023-12-13,11:49,무지개공영주차장 부근,2023-12-14,2024-06-03
불법주정차,2023-12-13,11:50,무지개공영주차장 부근,2023-12-14,2024-06-03
불법주정차,2023-12-13,11:50,학정동 칠곡중앙대로136길 부근,2023-12-14,2024-06-03
불법주정차,2023-12-13,11:52,학정동 칠곡중앙대로136길 부근,2023-12-14,2024-06-03
불법주정차,2023-12-13,11:52,동호동 칠곡중앙대로136길 부근,2023-12-14,2024-06-03
불법주정차,2023-12-13,11:55,학정동 칠곡중앙대로136길 부근,2023-12-14,2024-06-03
불법주정차,2023-12-13,11:55,산격동 1397-44 부근,2023-12-15,2024-06-03
불법주정차,2023-12-13,11:56,학정동 칠곡중앙대로136길 부근,2023-12-14,2024-06-03
불법주정차,2023-12-13,11:58,태전동 271-1 부근 횡단보도,2023-12-15,2024-06-03
불법주정차,2023-12-13,12:01,대학로 파리바게트 부근,2023-12-14,2024-06-03
불법주정차,2023-12-13,12:02,태전동 987-19 부근 모퉁이,2023-12-15,2024-06-03
불법주정차,2023-12-13,12:05,침산동 616-3 부근 횡단보도,2023-12-15,2024-06-03
불법주정차,2023-12-13,12:05,침산동 616-3 부근 횡단보도,2023-12-15,2024-06-03
불법주정차,2023-12-13,12:11,태전동 253-14 부근 인도,2023-12-15,2024-06-03
불법주정차,2023-12-13,12:11,태전동 253-5 부근 인도,2023-12-15,2024-06-03
불법주정차,2023-12-13,12:16,사수동 953 부근 횡단보도,2023-12-15,2024-06-03
불법주정차,2023-12-13,12:30,검단동 887-77 부근 소화전,2023-12-15,2024-06-03
불법주정차,2023-12-13,12:31,검단동 887-77 부근 소화전,2023-12-15,2024-06-03
불법주정차,2023-12-13,12:34,태전동 999-2 부근 어린이보호구역,2023-12-15,2024-06-03
불법주정차,2023-12-13,12:51,노곡동 1478 부근 모퉁이,2023-12-15,2024-06-03
불법주정차,2023-12-13,12:53,노곡동 1478 부근 모퉁이,2023-12-15,2024-06-03
불법주정차,2023-12-13,13:11,노원동3가 233 부근 소화전,2023-12-15,2024-06-03
불법주정차,2023-12-13,13:20,산격동 1411-67 부근 소화전,2023-12-15,2024-06-03
불법주정차,2023-12-13,13:29,복현동 301-17 부근 모퉁이,2023-12-15,2024-06-03
불법주정차,2023-12-13,13:34,칠성동2가 369-1 부근 인도,2023-12-15,2024-06-03
불법주정차,2023-12-13,13:36,칠성동2가 369-1 부근 인도,2023-12-15,2024-06-03
불법주정차,2023-12-13,13:41,산격동 1185-1 부근 소화전,2023-12-15,2024-06-03
불법주정차,2023-12-13,13:42,칠성동1가 176-26 부근 인도,2023-12-15,2024-06-03
불법주정차,2023-12-13,13:46,복현동 539-146 부근 횡단보도,2023-12-15,2024-06-03
불법주정차,2023-12-13,13:52,산격동 167 부근 횡단보도,2023-12-15,2024-06-03
불법주정차,2023-12-13,13:54,동천동 932-3 부근 인도,2023-12-15,2024-06-03
불법주정차,2023-12-13,14:09,무지개공영주차장 부근,2023-12-14,2024-06-03
불법주정차,2023-12-13,14:15,검단동 1287-2 부근 횡단보도,2023-12-15,2024-06-03
불법주정차,2023-12-13,14:20,침산동 133-40 부근 모퉁이,2023-12-15,2024-06-03
불법주정차,2023-12-13,14:26,산격동 14-45 부근,2023-12-14,2024-06-03
불법주정차,2023-12-13,14:26,산격동 유통단지로13길 부근,2023-12-14,2024-06-03
불법주정차,2023-12-13,14:26,산격동 유통단지로3길 부근,2023-12-14,2024-06-03
불법주정차,2023-12-13,14:28,산격동 신천동로 부근,2023-12-14,2024-06-03
불법주정차,2023-12-13,14:30,고성동3가 6-97 부근 횡단보도,2023-12-15,2024-06-03
불법주정차,2023-12-13,14:30,학정동 934-1 부근 횡단보도,2023-12-15,2024-06-03
불법주정차,2023-12-13,14:33,금정공원(보행자우선거리,2023-12-14,2024-06-03
불법주정차,2023-12-13,14:35,침산1동회전교차로2,2023-12-14,2024-06-03
불법주정차,2023-12-13,14:36,오페라 클래시아,2023-12-14,2024-06-03
불법주정차,2023-12-13,14:36,대구병원네거리,2023-12-14,2024-06-03
불법주정차,2023-12-13,14:37,사수동 센스마트,2023-12-14,2024-06-03
불법주정차,2023-12-13,14:39,고성동2가 76 부근 횡단보도,2023-12-15,2024-06-03
불법주정차,2023-12-13,14:42,칠성시장교통섬,2023-12-14,2024-06-03
불법주정차,2023-12-13,14:43,칠성동 꽃시장 (아름나라,2023-12-14,2024-06-03
불법주정차,2023-12-13,14:43,노원한신더휴 동문,2023-12-14,2024-06-03
불법주정차,2023-12-13,14:43,태전동 970 부근 소화전,2023-12-15,2024-06-03
불법주정차,2023-12-13,14:43,태전동 981 부근 소화전,2023-12-15,2024-06-03
불법주정차,2023-12-13,14:44,오페라트루엘시민의숲,2023-12-14,2024-06-03
불법주정차,2023-12-13,14:45,태전동 981 부근 소화전,2023-12-15,2024-06-03
불법주정차,2023-12-13,14:48,대구역 오페라더블유2,2023-12-14,2024-06-03
불법주정차,2023-12-13,14:50,대구역 오페라더블유2,2023-12-14,2024-06-03
불법주정차,2023-12-13,14:51,칠곡초등학교,2023-12-14,2024-06-03
불법주정차,2023-12-13,14:51,복현동 경대로19길 부근,2023-12-14,2024-06-03
불법주정차,2023-12-13,14:51,복현동 경대로19길 부근,2023-12-14,2024-06-03
불법주정차,2023-12-13,14:52,함지초등학교,2023-12-14,2024-06-03
불법주정차,2023-12-13,14:56,서변공영주차장 사거리,2023-12-14,2024-06-03
불법주정차,2023-12-13,14:57,대학로23길,2023-12-14,2024-06-03
불법주정차,2023-12-13,14:58,새동산산부인과,2023-12-14,2024-06-03
불법주정차,2023-12-13,14:58,산격동 1260-1 부근,2023-12-15,2024-06-03
불법주정차,2023-12-13,14:59,대학로 파리바게트 부근,2023-12-14,2024-06-03
불법주정차,2023-12-13,15:00,산격동 대동로1길 부근,2023-12-14,2024-06-03
불법주정차,2023-12-13,15:00,산격동 대동로1길 부근,2023-12-14,2024-06-03
불법주정차,2023-12-13,15:01,산격동 동북로 부근,2023-12-14,2024-06-03
불법주정차,2023-12-13,15:04,읍내동 944-2 부근 인도,2023-12-15,2024-06-03
불법주정차,2023-12-13,15:16,노원한신더휴 동문,2023-12-14,2024-06-03
불법주정차,2023-12-13,15:17,태전동 253-14 부근 인도,2023-12-15,2024-06-03
불법주정차,2023-12-13,15:21,칠곡초등학교 진입로,2023-12-14,2024-06-03
불법주정차,2023-12-13,15:23,오페라 클래시아,2023-12-14,2024-06-03
불법주정차,2023-12-13,15:28,침산 화인탑펠리스,2023-12-14,2024-06-03
불법주정차,2023-12-13,15:29,산격초등학교,2023-12-14,2024-06-03
불법주정차,2023-12-13,15:30,대구병원네거리,2023-12-14,2024-06-03
불법주정차,2023-12-13,15:30,침산동 옥산로 부근,2023-12-14,2024-06-03
불법주정차,2023-12-13,15:30,침산동 옥산로 부근,2023-12-14,2024-06-03
불법주정차,2023-12-13,15:32,노원동1가 원대로 부근,2023-12-14,2024-06-03
불법주정차,2023-12-13,15:35,팔달동 대구수산시장,2023-12-14,2024-06-03
불법주정차,2023-12-13,15:35,구암동 농협중앙회,2024-03-18,2024-06-03
불법주정차,2023-12-13,15:37,대구역 오페라더블유2,2023-12-14,2024-06-03
불법주정차,2023-12-13,15:38,노원동3가 팔달로 부근,2023-12-14,2024-06-03
불법주정차,2023-12-13,15:38,노원동3가 팔달로 부근,2023-12-14,2024-06-03
불법주정차,2023-12-13,15:38,노원동3가 팔달로 부근,2023-12-14,2024-06-03
불법주정차,2023-12-13,15:39,노원동3가 노원로10길 부근,2023-12-14,2024-06-03
불법주정차,2023-12-13,15:39,노원동3가 노원로10길 부근,2023-12-14,2024-06-03
불법주정차,2023-12-13,15:39,노원동3가 노원로10길 부근,2023-12-14,2024-06-03
불법주정차,2023-12-13,15:39,노원동3가 노원로10길 부근,2023-12-14,2024-06-03
불법주정차,2023-12-13,15:40,산격동 북대구 농협,2023-12-14,2024-06-03
불법주정차,2023-12-13,15:40,동천동회전교차로1,2023-12-14,2024-06-03
불법주정차,2023-12-13,15:51,서변동 1775 부근,2023-12-15,2024-06-03
불법주정차,2023-12-13,15:52,관음 상가,2023-12-14,2024-06-03
불법주정차,2023-12-13,15:52,동천동 팔거천동로 부근,2023-12-14,2024-06-03
불법주정차,2023-12-13,15:52,동천동 동천로 부근,2023-12-14,2024-06-03
불법주정차,2023-12-13,15:52,동천동 동천로 부근,2023-12-14,2024-06-03
불법주정차,2023-12-13,15:52,동천동 동천로 부근,2023-12-14,2024-06-03
불법주정차,2023-12-13,15:54,침산 화성파크드림,2023-12-14,2024-06-03
불법주정차,2023-12-13,15:54,구암동 구암로 부근,2023-12-14,2024-06-03
불법주정차,2023-12-13,15:55,구암동 구암로 부근,2023-12-14,2024-06-03
불법주정차,2023-12-13,15:55,구암동 구암로 부근,2023-12-14,2024-06-03
불법주정차,2023-12-13,15:57,대현도서관교차로,2023-12-14,2024-06-03
불법주정차,2023-12-13,15:58,새동산산부인과,2023-12-14,2024-06-03
불법주정차,2023-12-13,15:58,침산동 매일천막 앞,2023-12-14,2024-06-03
불법주정차,2023-12-13,15:59,남다른 감자탕,2023-12-14,2024-06-03
불법주정차,2023-12-13,15:59,침산 화성파크드림,2023-12-14,2024-06-03
불법주정차,2023-12-13,16:05,대구역 오페라더블유2,2023-12-14,2024-06-03
불법주정차,2023-12-13,16:08,산격동 연암공원로28길 부근,2023-12-14,2024-06-03
불법주정차,2023-12-13,16:08,구암동 팔거천동로 부근,2023-12-14,2024-06-03
불법주정차,2023-12-13,16:08,산격동 연암공원로28길 부근,2023-12-14,2024-06-03
불법주정차,2023-12-13,16:08,산격동 1399-11 부근,2023-12-15,2024-06-03
불법주정차,2023-12-13,16:09,태전동 칠곡중앙대로 부근,2023-12-14,2024-06-03
불법주정차,2023-12-13,16:10,동변공원 사거리,2023-12-14,2024-06-03
불법주정차,2023-12-13,16:10,동아아울렛 뒷편,2023-12-14,2024-06-03
불법주정차,2023-12-13,16:11,읍내동 구암로21길 부근,2023-12-14,2024-06-03
불법주정차,2023-12-13,16:11,읍내동 구암로21길 부근,2023-12-14,2024-06-03
불법주정차,2023-12-13,16:13,침산 화인탑펠리스,2023-12-14,2024-06-03
불법주정차,2023-12-13,16:14,서변동 1148-1 부근 횡단보도,2023-12-15,2024-06-03
불법주정차,2023-12-13,16:16,태전동 칠곡중앙대로 부근,2023-12-14,2024-06-03
불법주정차,2023-12-13,16:18,사수동 센스마트,2023-12-14,2024-06-03
불법주정차,2023-12-13,16:20,칠성동 꽃시장 (아름나라,2023-12-14,2024-06-03
불법주정차,2023-12-13,16:20,구암동 구암로 부근,2023-12-14,2024-06-03
불법주정차,2023-12-13,16:21,서변공영주차장 사거리,2023-12-14,2024-06-03
불법주정차,2023-12-13,16:21,구암동 농협중앙회,2024-04-04,2024-06-03
불법주정차,2023-12-13,16:21,무지개공영주차장 부근,2023-12-14,2024-06-03
불법주정차,2023-12-13,16:21,구암동 767-2 부근 인도,2023-12-15,2024-06-03
불법주정차,2023-12-13,16:22,동천동회전교차로1,2023-12-14,2024-06-03
불법주정차,2023-12-13,16:22,침산 화성파크드림,2023-12-14,2024-06-03
불법주정차,2023-12-13,16:22,구암동 태암로 부근,2023-12-14,2024-06-03
불법주정차,2023-12-13,16:22,구암동 팔거천동로 부근,2023-12-14,2024-06-03
불법주정차,2023-12-13,16:23,노원한신더휴 동문,2023-12-14,2024-06-03
불법주정차,2023-12-13,16:23,구암동 팔거천동로 부근,2023-12-14,2024-06-03
불법주정차,2023-12-13,16:27,동천동 팔거천동로 부근,2023-12-14,2024-06-03
불법주정차,2023-12-13,16:28,동천동 대천로 부근,2023-12-14,2024-06-03
불법주정차,2023-12-13,16:29,새동산산부인과,2023-12-14,2024-06-03
불법주정차,2023-12-13,16:29,운암초등학교,2023-12-14,2024-06-03
불법주정차,2023-12-13,16:30,동천동 대천로 부근,2023-12-14,2024-06-03
불법주정차,2023-12-13,16:31,농협침산지점앞,2023-12-14,2024-06-03
불법주정차,2023-12-13,16:31,동천동 대천로 부근,2023-12-14,2024-06-03
불법주정차,2023-12-13,16:32,오페라 클래시아,2023-12-14,2024-06-03
불법주정차,2023-12-13,16:35,침산 화인탑펠리스,2023-12-14,2024-06-03
불법주정차,2023-12-13,16:35,태전동 구암로16길 부근,2023-12-14,2024-06-03
불법주정차,2023-12-13,16:35,태전동 구암로16길 부근,2023-12-14,2024-06-03
불법주정차,2023-12-13,16:35,태전동 구암로16길 부근,2023-12-14,2024-06-03
불법주정차,2023-12-13,16:36,새동산산부인과,2023-12-14,2024-06-03
불법주정차,2023-12-13,16:41,엑스코 앞,2023-12-14,2024-06-03
불법주정차,2023-12-13,16:41,침산동 133-40 부근 소화전,2023-12-15,2024-06-03
불법주정차,2023-12-13,16:43,침산동 133-40 부근 횡단보도,2023-12-15,2024-06-03
불법주정차,2023-12-13,16:44,영남네오빌아트 후문,2023-12-14,2024-06-03
불법주정차,2023-12-13,16:45,침산 화성파크드림,2023-12-14,2024-06-03
불법주정차,2023-12-13,16:45,칠성동 삼성아파트 앞,2023-12-14,2024-06-03
불법주정차,2023-12-13,16:45,침산동 매일천막 앞,2023-12-14,2024-06-03
불법주정차,2023-12-13,16:46,동변동 674-16 부근 버스정류소,2023-12-15,2024-06-03
불법주정차,2023-12-13,16:47,태전동 중앙시장,2023-12-14,2024-06-03
불법주정차,2023-12-13,16:47,침산 화인탑펠리스,2023-12-14,2024-06-03
불법주정차,2023-12-13,16:51,칠성시장교통섬,2023-12-14,2024-06-03
불법주정차,2023-12-13,16:51,오페라코오롱하늘채 앞,2023-12-14,2024-06-03
불법주정차,2023-12-13,16:52,동천동 대천로 부근,2023-12-14,2024-06-03
불법주정차,2023-12-13,16:54,침산동 3-4 부근 인도,2023-12-15,2024-06-03
불법주정차,2023-12-13,16:58,새동산산부인과,2023-12-14,2024-06-03
불법주정차,2023-12-13,17:08,산격동 북대구 농협,2023-12-14,2024-06-03
불법주정차,2023-12-13,17:11,노원한신더휴 남문,2023-12-14,2024-06-03
불법주정차,2023-12-13,17:11,NC아울렛 앞 사거리,2023-12-14,2024-06-03
불법주정차,2023-12-13,17:12,침산 화인탑펠리스,2023-12-14,2024-06-03
불법주정차,2023-12-13,17:13,북부초등학교,2023-12-14,2024-06-03
불법주정차,2023-12-13,17:15,대구역 오페라더블유2,2023-12-14,2024-06-03
불법주정차,2023-12-13,17:16,엑스코 앞,2023-12-14,2024-06-03
불법주정차,2023-12-13,17:16,무지개공영주차장 부근,2023-12-14,2024-06-03
불법주정차,2023-12-13,17:22,사수동 987 부근 횡단보도,2023-12-15,2024-06-03
불법주정차,2023-12-13,17:25,산격동 1428-12 부근 모퉁이,2023-12-15,2024-06-03
불법주정차,2023-12-13,17:30,태전동 태전로19길 부근,2023-12-14,2024-06-03
불법주정차,2023-12-13,17:33,칠성동2가 237-3 부근 인도,2023-12-15,2024-06-03
불법주정차,2023-12-13,17:34,태전동 칠곡중앙대로 부근,2023-12-14,2024-06-03
불법주정차,2023-12-13,17:34,노원동3가 545-3 부근 인도,2023-12-15,2024-06-03
불법주정차,2023-12-13,17:35,태전동 태전로 부근,2023-12-14,2024-06-03
불법주정차,2023-12-13,17:35,태전동 태전로 부근,2023-12-14,2024-06-03
불법주정차,2023-12-13,17:35,태전동 태전로 부근,2023-12-14,2024-06-03
불법주정차,2023-12-13,17:35,태전동 태전로 부근,2023-12-14,2024-06-03
불법주정차,2023-12-13,17:35,태전동 태전로 부근,2023-12-14,2024-06-03
불법주정차,2023-12-13,17:45,침산동 431-2 부근 인도,2023-12-15,2024-06-03
불법주정차,2023-12-13,17:56,복현동 694 부근 횡단보도,2023-12-15,2024-06-03
불법주정차,2023-12-13,17:58,복현동 376-3 부근 횡단보도,2023-12-15,2024-06-03
불법주정차,2023-12-13,17:58,대현동 415-34 부근 인도,2023-12-15,2024-06-03
불법주정차,2023-12-13,18:22,산격동 1397-44 부근,2023-12-15,2024-06-03
불법주정차,2023-12-13,18:28,복현동 265-1 부근 횡단보도,2023-12-15,2024-06-03
불법주정차,2023-12-13,18:36,산격동 1490-8 부근 인도,2023-12-15,2024-06-03
불법주정차,2023-12-13,18:45,침산동건영하이츠 정문,2023-12-14,2024-06-03
불법주정차,2023-12-13,18:47,태전동 957-11 부근 횡단보도,2023-12-15,2024-06-03
불법주정차,2023-12-13,18:52,읍내동 1234-12 부근 인도,2023-12-15,2024-06-03
불법주정차,2023-12-13,18:52,태전동 936-1 부근 횡단보도,2024-01-17,2024-06-03
불법주정차,2023-12-13,18:53,칠성동2가 409-24 부근 소화전,2023-12-15,2024-06-03
불법주정차,2023-12-13,19:05,태전동 180-8 부근 인도,2023-12-15,2024-06-03
불법주정차,2023-12-13,19:07,태전동 151-9 부근 버스정류소,2023-12-15,2024-06-03
불법주정차,2023-12-13,19:07,칠성동2가 302-221 부근 횡단보도,2023-12-15,2024-06-03
불법주정차,2023-12-13,19:25,노곡동 281-2 부근 모퉁이,2023-12-15,2024-06-03
불법주정차,2023-12-13,19:28,동천동 953-1 부근 횡단보도,2023-12-15,2024-06-03
불법주정차,2023-12-13,19:42,사수동 922 부근 모퉁이,2023-12-15,2024-06-03
불법주정차,2023-12-13,19:44,사수동 945 부근 모퉁이,2023-12-15,2024-06-03
불법주정차,2023-12-13,19:47,사수동 956 부근 횡단보도,2023-12-15,2024-06-03
불법주정차,2023-12-13,19:48,국우동 719-1 부근 인도,2023-12-15,2024-06-03
불법주정차,2023-12-13,19:51,칠성동2가 68-9 부근 인도,2023-12-15,2024-06-03
불법주정차,2023-12-13,19:53,서변동 1759-11 부근 횡단보도,2023-12-15,2024-06-03
불법주정차,2023-12-13,20:35,복현동 190-1 부근 횡단보도,2023-12-15,2024-06-03
불법주정차,2023-12-13,20:54,관음동 1284 부근 횡단보도,2023-12-15,2024-06-03
불법주정차,2023-12-13,20:58,관음동 1237-10 부근 횡단보도,2023-12-15,2024-06-03
불법주정차,2023-12-13,21:09,복현동 694 부근 모퉁이,2023-12-15,2024-06-03
불법주정차,2023-12-13,21:09,사수동 952 부근 모퉁이,2023-12-15,2024-06-03
불법주정차,2023-12-13,21:10,복현동 318 부근 모퉁이,2023-12-15,2024-06-03
불법주정차,2023-12-13,21:11,사수동 962 부근 모퉁이,2023-12-15,2024-06-03
불법주정차,2023-12-13,21:13,복현동 318 부근 모퉁이,2023-12-15,2024-06-03
불법주정차,2023-12-13,21:15,동천동 130-7 부근 횡단보도,2023-12-15,2024-06-03
불법주정차,2023-12-13,21:16,사수동 959 부근 횡단보도,2023-12-15,2024-06-03
불법주정차,2023-12-13,21:21,서변동 1759-11 부근 횡단보도,2023-12-15,2024-06-03
불법주정차,2023-12-13,21:24,서변동 1771 부근 횡단보도,2023-12-15,2024-06-03
불법주정차,2023-12-13,21:24,읍내동 1366-3 부근 횡단보도,2023-12-15,2024-06-03
불법주정차,2023-12-13,22:17,서변동 1783 부근 교차로,2023-12-15,2024-06-03
불법주정차,2023-12-13,22:17,서변동 1783 부근 교차로,2023-12-15,2024-06-03
불법주정차,2023-12-13,22:49,관음동 1268-23 부근 횡단보도,2023-12-15,2024-06-03
불법주정차,2023-12-13,22:52,관음동 1268-23 부근 횡단보도,2023-12-15,2024-06-03
불법주정차,2023-12-14,00:00,복현동 155 부근 횡단보도,2023-12-21,2024-06-03
불법주정차,2023-12-14,00:18,복현동 421-1 부근 모퉁이,2023-12-21,2024-06-03
불법주정차,2023-12-14,07:02,동천동회전교차로2,2023-12-15,2024-06-03
불법주정차,2023-12-14,07:02,동천동회전교차로1,2023-12-15,2024-06-03
불법주정차,2023-12-14,07:02,운암초등학교,2023-12-15,2024-06-03
불법주정차,2023-12-14,07:03,운암초등학교,2023-12-15,2024-06-03
불법주정차,2023-12-14,07:04,대구역 오페라더블유2,2023-12-15,2024-06-03
불법주정차,2023-12-14,07:04,칠곡우방타운 삼거리,2023-12-15,2024-06-03
불법주정차,2023-12-14,07:05,대구역 오페라더블유2,2023-12-15,2024-06-03
불법주정차,2023-12-14,07:05,칠성시장교통섬,2023-12-15,2024-06-03
불법주정차,2023-12-14,07:06,대구역 오페라더블유2,2023-12-15,2024-06-03
불법주정차,2023-12-14,07:06,오페라트루엘시민의숲,2023-12-15,2024-06-03
불법주정차,2023-12-14,07:07,칠성시장교통섬,2023-12-15,2024-06-03
불법주정차,2023-12-14,07:07,사수동 센스마트,2023-12-15,2024-06-03
불법주정차,2023-12-14,07:07,대구역 오페라더블유2,2023-12-15,2024-06-03
불법주정차,2023-12-14,07:07,침산동 매일천막 앞,2023-12-15,2024-06-03
불법주정차,2023-12-14,07:08,매천시장 3문,2023-12-15,2024-06-03
불법주정차,2023-12-14,07:09,장보고식자재마트 사거리,2023-12-15,2024-06-03
불법주정차,2023-12-14,07:09,금호서한이다음정문,2023-12-15,2024-06-03
불법주정차,2023-12-14,07:12,침산 화인탑펠리스,2023-12-15,2024-06-03
불법주정차,2023-12-14,07:12,학정동 922-2 부근 인도,2023-12-21,2024-06-03
불법주정차,2023-12-14,07:14,고성동3가 고성북로 부근,2023-12-15,2024-06-03
불법주정차,2023-12-14,07:17,침산동 매일천막 앞,2023-12-15,2024-06-03
불법주정차,2023-12-14,07:18,고성동2가 칠성남로 부근,2023-12-15,2024-06-03
불법주정차,2023-12-14,07:18,고성동2가 칠성남로 부근,2023-12-15,2024-06-03
불법주정차,2023-12-14,07:18,고성동2가 칠성남로 부근,2023-12-15,2024-06-03
불법주정차,2023-12-14,07:18,고성동2가 칠성남로 부근,2023-12-15,2024-06-03
불법주정차,2023-12-14,07:18,고성동2가 칠성남로 부근,2023-12-15,2024-06-03
불법주정차,2023-12-14,07:19,운암초등학교,2023-12-15,2024-06-03
불법주정차,2023-12-14,07:20,복현동 대학로 부근,2023-12-15,2024-06-03
불법주정차,2023-12-14,07:22,사수동 센스마트,2023-12-15,2024-06-03
불법주정차,2023-12-14,07:23,대구역 오페라더블유2,2023-12-15,2024-06-03
불법주정차,2023-12-14,07:25,복현동 검단로 부근,2023-12-15,2024-06-03
불법주정차,2023-12-14,07:25,복현동 검단로 부근,2023-12-15,2024-06-03
불법주정차,2023-12-14,07:26,장보고식자재마트 사거리,2023-12-15,2024-06-03
불법주정차,2023-12-14,07:26,복현동 검단로 부근,2023-12-15,2024-06-03
불법주정차,2023-12-14,07:26,산격동 검단로 부근,2023-12-15,2024-06-03
불법주정차,2023-12-14,07:33,태전동 태전로13길 부근,2023-12-15,2024-06-03
불법주정차,2023-12-14,07:33,태전동 태전로13길 부근,2023-12-15,2024-06-03
불법주정차,2023-12-14,07:34,태전동 태전로3길 부근,2023-12-15,2024-06-03
불법주정차,2023-12-14,07:39,매천삼거리,2023-12-15,2024-06-03
불법주정차,2023-12-14,07:40,태전동 48-3 부근,2023-12-15,2024-06-03
불법주정차,2023-12-14,07:42,대구은행 학정로 지점,2023-12-15,2024-06-03
불법주정차,2023-12-14,07:42,검단동 검단공단로 부근,2023-12-15,2024-06-03
불법주정차,2023-12-14,07:42,검단동 검단공단로 부근,2023-12-15,2024-06-03
불법주정차,2023-12-14,07:44,산격동 유통단지로8길 부근,2023-12-15,2024-06-03
불법주정차,2023-12-14,07:45,산격동 검단로 부근,2023-12-15,2024-06-03
불법주정차,2023-12-14,07:46,산격동 유통단지로8길 부근,2023-12-15,2024-06-03
불법주정차,2023-12-14,07:46,칠성동1가 276-35 부근 모퉁이,2023-12-21,2024-06-03
불법주정차,2023-12-14,07:49,동천동회전교차로2,2023-12-15,2024-06-03
불법주정차,2023-12-14,07:50,복현동 320-11 부근 인도,2023-12-21,2024-06-03
불법주정차,2023-12-14,07:58,칠성시장 화재(소방),2023-12-15,2024-06-03
불법주정차,2023-12-14,08:01,침산초등학교,2023-12-15,2024-06-03
불법주정차,2023-12-14,08:03,동변공원 사거리,2023-12-15,2024-06-03
불법주정차,2023-12-14,08:03,노원동1가 509 부근 소화전,2023-12-21,2024-06-03
불법주정차,2023-12-14,08:04,칠성시장 화재(소방),2023-12-15,2024-06-03
불법주정차,2023-12-14,08:08,오페라 클래시아,2023-12-15,2024-06-03
불법주정차,2023-12-14,08:08,읍내동 1234-7 부근 횡단보도,2023-12-21,2024-06-03
불법주정차,2023-12-14,08:09,오페라 클래시아,2023-12-15,2024-06-03
불법주정차,2023-12-14,08:12,동아아울렛 뒷편,2023-12-15,2024-06-03
불법주정차,2023-12-14,08:15,영남네오빌아트 후문,2023-12-15,2024-06-03
불법주정차,2023-12-14,08:16,영남네오빌아트 후문,2023-12-15,2024-06-03
불법주정차,2023-12-14,08:16,칠성동2가 656-1 부근,2023-12-21,2024-06-03
불법주정차,2023-12-14,08:19,칠성동 꽃시장 (아름나라,2023-12-15,2024-06-03
불법주정차,2023-12-14,08:22,오페라 클래시아,2023-12-15,2024-06-03
불법주정차,2023-12-14,08:23,태전동 1035-5 부근 횡단보도,2023-12-21,2024-06-03
불법주정차,2023-12-14,08:26,태전동 957 부근 모퉁이,2023-12-21,2024-06-03
불법주정차,2023-12-14,08:34,태전동 1073-88 부근 모퉁이,2023-12-21,2024-06-03
불법주정차,2023-12-14,08:36,태전동 1072-43 부근 소화전,2023-12-21,2024-06-03
불법주정차,2023-12-14,08:42,동천동회전교차로2,2023-12-15,2024-06-03
불법주정차,2023-12-14,08:42,국우동 1085-2 부근 모퉁이,2023-12-21,2024-06-03
불법주정차,2023-12-14,08:47,침산동 133-40 부근 소화전,2023-12-21,2024-06-03
불법주정차,2023-12-14,08:50,구암동 농협중앙회,2023-12-15,2024-06-03
불법주정차,2023-12-14,08:54,산격동 1686 부근 소화전,2023-12-21,2024-06-03
불법주정차,2023-12-14,09:06,칠성동2가 89-1 부근,2023-12-21,2024-06-03
불법주정차,2023-12-14,09:11,관천초등학교,2023-12-15,2024-06-03
불법주정차,2023-12-14,09:21,관음동 603 부근 횡단보도,2023-12-21,2024-06-03
불법주정차,2023-12-14,09:22,관음동 603 부근 횡단보도,2023-12-21,2024-06-03
불법주정차,2023-12-14,09:23,동천동 951-3 부근 인도,2023-12-21,2024-06-03
불법주정차,2023-12-14,09:24,칠성시장교통섬,2023-12-15,2024-06-03
불법주정차,2023-12-14,09:24,관음동 599 부근 횡단보도,2023-12-21,2024-06-03
불법주정차,2023-12-14,09:25,매천동 306-3 부근 모퉁이,2023-12-21,2024-06-03
불법주정차,2023-12-14,09:29,노원동1가 327 부근 소화전,2023-12-21,2024-06-03
불법주정차,2023-12-14,09:32,북부초등학교,2023-12-15,2024-06-03
불법주정차,2023-12-14,09:46,읍내동 1349 부근 횡단보도,2023-12-21,2024-06-03
불법주정차,2023-12-14,09:48,읍내동 1349 부근 횡단보도,2023-12-21,2024-06-03
불법주정차,2023-12-14,09:52,노원한신더휴 동문,2023-12-15,2024-06-03
불법주정차,2023-12-14,09:57,서변공영주차장 사거리,2023-12-15,2024-06-03
불법주정차,2023-12-14,10:00,금호동 802 부근 모퉁이,2023-12-21,2024-06-03
불법주정차,2023-12-14,10:05,노원한신더휴 동문,2023-12-15,2024-06-03
불법주정차,2023-12-14,10:06,금호서한이다음정문,2023-12-15,2024-06-03
불법주정차,2023-12-14,10:09,새동산산부인과,2023-12-15,2024-06-03
불법주정차,2023-12-14,10:09,유림노르웨이숲,2023-12-15,2024-06-03
불법주정차,2023-12-14,10:10,침산동 295-3 부근 모퉁이,2023-12-21,2024-06-03
불법주정차,2023-12-14,10:11,오페라코오롱하늘채 앞,2023-12-15,2024-06-03
불법주정차,2023-12-14,10:13,침산 화인탑펠리스,2023-12-15,2024-06-03
불법주정차,2023-12-14,10:15,북부초등학교,2023-12-15,2024-06-03
불법주정차,2023-12-14,10:24,칠성동 꽃시장 (아름나라,2023-12-15,2024-06-03
불법주정차,2023-12-14,10:24,태전동 칠곡중앙대로 부근,2023-12-15,2024-06-03
불법주정차,2023-12-14,10:27,읍내동 구암로21길 부근,2023-12-15,2024-06-03
불법주정차,2023-12-14,10:27,읍내동 구암로21길 부근,2023-12-15,2024-06-03
불법주정차,2023-12-14,10:28,읍내동 구암로21길 부근,2023-12-15,2024-06-03
불법주정차,2023-12-14,10:28,읍내동 구암로21길 부근,2023-12-15,2024-06-03
불법주정차,2023-12-14,10:30,읍내동 구암로21길 부근,2023-12-15,2024-06-03
불법주정차,2023-12-14,10:32,태전동 1074-26 부근 횡단보도,2023-12-21,2024-06-03
불법주정차,2023-12-14,10:33,매천삼거리,2023-12-15,2024-06-03
불법주정차,2023-12-14,10:34,복현동 동북로57길 부근,2023-12-15,2024-06-03
불법주정차,2023-12-14,10:35,복현동 동북로57길 부근,2023-12-15,2024-06-03
불법주정차,2023-12-14,10:35,복현동 동북로57길 부근,2023-12-15,2024-06-03
불법주정차,2023-12-14,10:35,복현동 동북로57길 부근,2023-12-15,2024-06-03
불법주정차,2023-12-14,10:35,복현동 동북로57길 부근,2023-12-15,2024-06-03
불법주정차,2023-12-14,10:36,복현동 동북로53길 부근,2023-12-15,2024-06-03
불법주정차,2023-12-14,10:37,복현동 동북로 부근,2023-12-15,2024-06-03
불법주정차,2023-12-14,10:37,태전동 421-7 부근 인도,2023-12-21,2024-06-03
불법주정차,2023-12-14,10:43,복현동 동북로 부근,2023-12-15,2024-06-03
불법주정차,2023-12-14,10:46,노원한신더휴 동문,2023-12-15,2024-06-03
불법주정차,2023-12-14,11:00,고성동3가 71-1 부근 소화전,2023-12-21,2024-06-03
불법주정차,2023-12-14,11:01,고성동3가 71-1 부근 소화전,2023-12-21,2024-06-03
불법주정차,2023-12-14,11:03,함지초등학교,2023-12-15,2024-06-03
불법주정차,2023-12-14,11:05,칠성시장 화재(소방),2023-12-15,2024-06-03
불법주정차,2023-12-14,11:05,사수동 내곡로 부근,2023-12-15,2024-06-03
불법주정차,2023-12-14,11:05,사수동 내곡로 부근,2023-12-15,2024-06-03
불법주정차,2023-12-14,11:06,사수동 내곡로 부근,2023-12-15,2024-06-03
불법주정차,2023-12-14,11:11,사수동 898 부근,2023-12-15,2024-06-03
불법주정차,2023-12-14,11:15,사수동 728 부근,2023-12-15,2024-06-03
불법주정차,2023-12-14,11:17,산격동 대학로15길 부근,2023-12-15,2024-06-03
불법주정차,2023-12-14,11:17,산격동 대학로 부근,2023-12-15,2024-06-03
불법주정차,2023-12-14,11:21,산격동 산격로8길 부근,2023-12-15,2024-06-03
불법주정차,2023-12-14,11:22,산격동 대학로 부근,2023-12-15,2024-06-03
불법주정차,2023-12-14,11:22,노원동3가 234 부근 소화전,2023-12-21,2024-06-03
불법주정차,2023-12-14,11:23,태전동 1221 부근 횡단보도,2023-12-21,2024-06-03
불법주정차,2023-12-14,11:24,칠성동2가 302-128 부근 인도,2023-12-21,2024-06-03
불법주정차,2023-12-14,11:24,대현동 270-2 부근 모퉁이,2023-12-21,2024-06-03
불법주정차,2023-12-14,11:25,태전동 1221 부근 횡단보도,2023-12-21,2024-06-03
불법주정차,2023-12-14,11:47,산격동 1326-11 부근,2023-12-21,2024-06-03
불법주정차,2023-12-14,11:51,침산동 성북로 부근,2023-12-15,2024-06-03
불법주정차,2023-12-14,11:52,대학로13길,2023-12-15,2024-06-03
불법주정차,2023-12-14,11:53,침산동 성북로 부근,2023-12-15,2024-06-03
불법주정차,2023-12-14,11:55,침산동 804-9 부근 인도,2023-12-21,2024-06-03
불법주정차,2023-12-14,12:02,산격동 1422-24 부근 횡단보도,2023-12-21,2024-06-03
불법주정차,2023-12-14,12:08,학정동 937-1 부근 횡단보도,2023-12-21,2024-06-03
불법주정차,2023-12-14,12:19,대학로 파리바게트 부근,2023-12-15,2024-06-03
불법주정차,2023-12-14,12:30,무지개공영주차장 부근,2023-12-15,2024-06-03
불법주정차,2023-12-14,12:44,구암동 770-1 부근 모퉁이,2023-12-21,2024-06-03
불법주정차,2023-12-14,12:45,대현동 259-4 부근 인도,2023-12-21,2024-06-03
불법주정차,2023-12-14,12:54,칠성동2가 302-380 부근 인도,2023-12-21,2024-06-03
불법주정차,2023-12-14,12:55,칠성동1가 270-37 부근 버스정류소,2023-12-21,2024-06-03
불법주정차,2023-12-14,13:02,대학로 파리바게트 부근,2023-12-15,2024-06-03
불법주정차,2023-12-14,13:03,노원동3가 1038-1 부근 인도,2023-12-21,2024-06-03
불법주정차,2023-12-14,13:05,노원동3가 1039-12 부근 인도,2023-12-21,2024-06-03
불법주정차,2023-12-14,13:07,산격동 1422-24 부근 횡단보도,2023-12-21,2024-06-03
불법주정차,2023-12-14,13:07,노원동3가 1039-10 부근 인도,2023-12-22,2024-06-03
불법주정차,2023-12-14,13:09,노원동3가 1039-10 부근 인도,2023-12-22,2024-06-03
불법주정차,2023-12-14,13:12,노원동3가 1046-2 부근 인도,2023-12-22,2024-06-03
불법주정차,2023-12-14,13:18,무지개공영주차장 부근,2023-12-15,2024-06-03
불법주정차,2023-12-14,13:32,칠성동2가 168-13 부근 소화전,2023-12-21,2024-06-03
불법주정차,2023-12-14,13:35,대학로13길,2023-12-15,2024-06-03
불법주정차,2023-12-14,13:35,침산동 118-7 부근 횡단보도,2023-12-21,2024-06-03
불법주정차,2023-12-14,13:45,태전동 999-2 부근 인도,2023-12-21,2024-06-03
불법주정차,2023-12-14,13:54,무지개공영주차장 부근,2023-12-15,2024-06-03
불법주정차,2023-12-14,14:10,침산동 133-40 부근 모퉁이,2023-12-21,2024-06-03
불법주정차,2023-12-14,14:26,산격동 유통단지로14길 부근,2023-12-15,2024-06-03
불법주정차,2023-12-14,14:26,산격동 유통단지로 부근,2023-12-15,2024-06-03
불법주정차,2023-12-14,14:26,산격동 유통단지로 부근,2023-12-15,2024-06-03
불법주정차,2023-12-14,14:26,산격동 유통단지로 부근,2023-12-15,2024-06-03
불법주정차,2023-12-14,14:26,산격동 유통단지로 부근,2023-12-15,2024-06-03
불법주정차,2023-12-14,14:26,산격동 유통단지로 부근,2023-12-15,2024-06-03
불법주정차,2023-12-14,14:31,노원동1가 원대로 부근,2023-12-15,2024-06-03
불법주정차,2023-12-14,14:31,산격동 유통단지로8길 부근,2023-12-15,2024-06-03
불법주정차,2023-12-14,14:31,산격동 유통단지로8길 부근,2023-12-15,2024-06-03
불법주정차,2023-12-14,14:32,서변공영주차장 사거리,2023-12-15,2024-06-03
불법주정차,2023-12-14,14:32,대학로 파리바게트 부근,2023-12-15,2024-06-03
불법주정차,2023-12-14,14:32,산격동 유통단지로8길 부근,2023-12-15,2024-06-03
불법주정차,2023-12-14,14:32,산격동 유통단지로8길 부근,2023-12-15,2024-06-03
불법주정차,2023-12-14,14:33,침산1동회전교차로1,2023-12-15,2024-06-03
불법주정차,2023-12-14,14:33,노원동1가 원대로 부근,2023-12-15,2024-06-03
불법주정차,2023-12-14,14:33,산격동 유통단지로 부근,2023-12-15,2024-06-03
불법주정차,2023-12-14,14:33,산격동 유통단지로 부근,2023-12-15,2024-06-03
불법주정차,2023-12-14,14:33,침산동 원대로 부근,2023-12-15,2024-06-03
불법주정차,2023-12-14,14:34,동변공원 사거리,2023-12-15,2024-06-03
불법주정차,2023-12-14,14:34,동아아울렛 뒷편,2023-12-15,2024-06-03
불법주정차,2023-12-14,14:34,옥산초등학교,2023-12-15,2024-06-03
불법주정차,2023-12-14,14:34,대학로 파리바게트 부근,2023-12-15,2024-06-03
불법주정차,2023-12-14,14:34,산격동 유통단지로8길 부근,2023-12-15,2024-06-03
불법주정차,2023-12-14,14:34,태전동 940-6 부근 인도,2023-12-21,2024-06-03
불법주정차,2023-12-14,14:35,대구역 오페라더블유1,2023-12-15,2024-06-03
불법주정차,2023-12-14,14:36,침산1동회전교차로1,2023-12-15,2024-06-03
불법주정차,2023-12-14,14:36,대현도서관교차로,2023-12-15,2024-06-03
불법주정차,2023-12-14,14:36,칠성시장교통섬,2023-12-15,2024-06-03
불법주정차,2023-12-14,14:36,고성동3가 고성북로 부근,2023-12-15,2024-06-03
불법주정차,2023-12-14,14:36,고성동3가 고성북로 부근,2023-12-15,2024-06-03
불법주정차,2023-12-14,14:36,고성동3가 고성북로 부근,2023-12-15,2024-06-03
불법주정차,2023-12-14,14:37,칠곡초등학교,2023-12-15,2024-06-03
불법주정차,2023-12-14,14:37,사수동 센스마트,2023-12-15,2024-06-03
불법주정차,2023-12-14,14:38,대구은행 학정로 지점,2023-12-15,2024-06-03
불법주정차,2023-12-14,14:38,침산 화인탑펠리스,2023-12-15,2024-06-03
불법주정차,2023-12-14,14:38,고성동3가 고성북로 부근,2023-12-15,2024-06-03
불법주정차,2023-12-14,14:39,대학로 파리바게트 부근,2023-12-15,2024-06-03
불법주정차,2023-12-14,14:42,고성동2가 고성로 부근,2023-12-15,2024-06-03
불법주정차,2023-12-14,14:43,칠곡초등학교 진입로,2023-12-15,2024-06-03
불법주정차,2023-12-14,14:44,오페라트루엘시민의숲,2023-12-15,2024-06-03
불법주정차,2023-12-14,14:45,고성동2가 원대로 부근,2023-12-15,2024-06-03
불법주정차,2023-12-14,14:46,노원한신더휴 동문,2023-12-15,2024-06-03
불법주정차,2023-12-14,14:46,동천동 신한은행,2023-12-15,2024-06-03
불법주정차,2023-12-14,14:46,센트럴파크대현 정문,2023-12-15,2024-06-03
불법주정차,2023-12-14,14:48,칠성시장교통섬,2023-12-15,2024-06-03
불법주정차,2023-12-14,14:49,침산 화성파크드림,2023-12-15,2024-06-03
불법주정차,2023-12-14,14:50,북부초등학교,2023-12-15,2024-06-03
불법주정차,2023-12-14,14:50,웨딩메르디앙 앞,2023-12-15,2024-06-03
불법주정차,2023-12-14,14:52,산격동 유통단지로 부근,2023-12-15,2024-06-03
불법주정차,2023-12-14,14:52,산격동 유통단지로 부근,2023-12-15,2024-06-03
불법주정차,2023-12-14,14:56,동변공원 사거리,2023-12-15,2024-06-03
불법주정차,2023-12-14,14:58,동천동 신한은행,2023-12-15,2024-06-03
불법주정차,2023-12-14,15:00,태전동 1128 부근 인도,2023-12-21,2024-06-03
불법주정차,2023-12-14,15:01,산격동 유통단지로13길 부근,2023-12-15,2024-06-03
불법주정차,2023-12-14,15:04,산격동 유통단지로8길 부근,2023-12-15,2024-06-03
불법주정차,2023-12-14,15:04,산격동 유통단지로 부근,2023-12-15,2024-06-03
불법주정차,2023-12-14,15:05,노원한신더휴 동문,2023-12-15,2024-06-03
불법주정차,2023-12-14,15:09,복현동 국민은행,2023-12-15,2024-06-03
불법주정차,2023-12-14,15:09,오페라 클래시아,2023-12-15,2024-06-03
불법주정차,2023-12-14,15:10,학정동 934-1 부근 횡단보도,2023-12-21,2024-06-03
불법주정차,2023-12-14,15:11,대구은행 복현지점,2023-12-15,2024-06-03
불법주정차,2023-12-14,15:18,칠성동2가 칠성남로 부근,2023-12-15,2024-06-03
불법주정차,2023-12-14,15:19,칠성동2가 칠성남로26길 부근,2023-12-15,2024-06-03
불법주정차,2023-12-14,15:19,칠성동2가 중앙대로 부근,2023-12-15,2024-06-03
불법주정차,2023-12-14,15:22,금정공원(보행자우선거리,2023-12-15,2024-06-03
불법주정차,2023-12-14,15:24,칠성동2가 침산로 부근,2023-12-15,2024-06-03
불법주정차,2023-12-14,15:24,칠성동2가 침산로 부근,2023-12-15,2024-06-03
불법주정차,2023-12-14,15:24,칠성동2가 침산로 부근,2023-12-15,2024-06-03
불법주정차,2023-12-14,15:24,복현동 539-110 부근 횡단보도,2023-12-21,2024-06-03
불법주정차,2023-12-14,15:24,노원동2가 133 부근 소화전,2023-12-21,2024-06-03
불법주정차,2023-12-14,15:25,태전초등학교,2023-12-15,2024-06-03
불법주정차,2023-12-14,15:25,칠성동2가 호암로 부근,2023-12-15,2024-06-03
불법주정차,2023-12-14,15:25,관음동 관음중앙로 부근,2023-12-15,2024-06-03
불법주정차,2023-12-14,15:25,관음동 칠곡중앙대로95길 부근,2023-12-15,2024-06-03
불법주정차,2023-12-14,15:25,산격동 유통단지로 부근,2023-12-15,2024-06-03
불법주정차,2023-12-14,15:26,산격동 유통단지로 부근,2023-12-15,2024-06-03
불법주정차,2023-12-14,15:26,관음동 관음중앙로 부근,2023-12-15,2024-06-03
불법주정차,2023-12-14,15:28,구암동 농협중앙회,2023-12-15,2024-06-03
불법주정차,2023-12-14,15:31,금정공원(보행자우선거리,2023-12-15,2024-06-03
불법주정차,2023-12-14,15:31,관음동 관음동로 부근,2023-12-15,2024-06-03
불법주정차,2023-12-14,15:32,칠성동2가 중앙대로106길 부근,2023-12-15,2024-06-03
불법주정차,2023-12-14,15:33,관음동 관음동로 부근,2023-12-15,2024-06-03
불법주정차,2023-12-14,15:33,관음동 관음동로 부근,2023-12-15,2024-06-03
불법주정차,2023-12-14,15:34,강북초등학교,2023-12-15,2024-06-03
불법주정차,2023-12-14,15:34,침산동 중앙대로 부근,2023-12-15,2024-06-03
불법주정차,2023-12-14,15:35,오페라트루엘시민의숲,2023-12-15,2024-06-03
불법주정차,2023-12-14,15:35,관음동 칠곡중앙대로95길 부근,2023-12-15,2024-06-03
불법주정차,2023-12-14,15:36,매천초등학교,2023-12-15,2024-06-03
불법주정차,2023-12-14,15:36,관음동 관음중앙로 부근,2023-12-15,2024-06-03
불법주정차,2023-12-14,15:38,칠성동 꽃시장 (아름나라,2023-12-15,2024-06-03
불법주정차,2023-12-14,15:39,오페라트루엘시민의숲,2023-12-15,2024-06-03
불법주정차,2023-12-14,15:40,칠성동2가 칠성남로20길 부근,2023-12-15,2024-06-03
불법주정차,2023-12-14,15:42,금호서한이다음정문,2023-12-15,2024-06-03
불법주정차,2023-12-14,15:43,동천동 참약국,2023-12-15,2024-06-03
불법주정차,2023-12-14,15:46,운암고등학교,2023-12-15,2024-06-03
불법주정차,2023-12-14,15:47,함지초등학교,2023-12-15,2024-06-03
불법주정차,2023-12-14,15:49,새동산산부인과,2023-12-15,2024-06-03
불법주정차,2023-12-14,15:50,동천동회전교차로2,2023-12-15,2024-06-03
불법주정차,2023-12-14,15:50,관천초등학교,2023-12-15,2024-06-03
불법주정차,2023-12-14,15:54,태전동 중앙시장,2023-12-15,2024-06-03
불법주정차,2023-12-14,15:54,칠곡초등학교,2023-12-15,2024-06-03
불법주정차,2023-12-14,15:57,무지개공영주차장 부근,2023-12-15,2024-06-03
불법주정차,2023-12-14,15:57,노원동주민센터 사거리,2023-12-15,2024-06-03
불법주정차,2023-12-14,16:01,오페라트루엘시민의숲,2023-12-15,2024-06-03
불법주정차,2023-12-14,16:04,노원한신더휴 남문,2023-12-15,2024-06-03
불법주정차,2023-12-14,16:04,팔달초등학교,2023-12-15,2024-06-03
불법주정차,2023-12-14,16:08,노원한신더휴 동문,2023-12-15,2024-06-03
불법주정차,2023-12-14,16:11,무지개공영주차장 부근,2023-12-15,2024-06-03
불법주정차,2023-12-14,16:11,침산 화성파크드림,2023-12-15,2024-06-03
불법주정차,2023-12-14,16:11,관음동 칠곡중앙대로 부근,2023-12-15,2024-06-03
불법주정차,2023-12-14,16:11,관음동 칠곡중앙대로 부근,2023-12-15,2024-06-03
불법주정차,2023-12-14,16:12,관음동 칠곡중앙대로91길 부근,2023-12-15,2024-06-03
불법주정차,2023-12-14,16:13,관음동 관음동로 부근,2023-12-15,2024-06-03
불법주정차,2023-12-14,16:14,관음동 칠곡중앙대로 부근,2023-12-15,2024-06-03
불법주정차,2023-12-14,16:14,관음동 칠곡중앙대로 부근,2023-12-15,2024-06-03
불법주정차,2023-12-14,16:16,대구역 오페라더블유2,2023-12-15,2024-06-03
불법주정차,2023-12-14,16:16,읍내동 칠곡중앙대로 부근,2023-12-15,2024-06-03
불법주정차,2023-12-14,16:17,대현동 229-21 부근 인도,2023-12-21,2024-06-03
불법주정차,2023-12-14,16:18,읍내동 칠곡중앙대로86길 부근,2023-12-15,2024-06-03
불법주정차,2023-12-14,16:18,읍내동 칠곡중앙대로 부근,2023-12-15,2024-06-03
불법주정차,2023-12-14,16:21,새동산산부인과,2023-12-15,2024-06-03
불법주정차,2023-12-14,16:21,운암초등학교,2023-12-15,2024-06-03
불법주정차,2023-12-14,16:22,복현동 190-1 부근 횡단보도,2024-01-03,2024-06-03
불법주정차,2023-12-14,16:23,칠곡농협 관음지점,2023-12-15,2024-06-03
불법주정차,2023-12-14,16:23,읍내동 칠곡중앙대로 부근,2023-12-15,2024-06-03
불법주정차,2023-12-14,16:25,산격동 산격로 부근,2023-12-15,2024-06-03
불법주정차,2023-12-14,16:26,오페라 클래시아,2023-12-15,2024-06-03
불법주정차,2023-12-14,16:27,새동산산부인과,2023-12-15,2024-06-03
불법주정차,2023-12-14,16:27,산격동 산격로6길 부근,2023-12-15,2024-06-03
불법주정차,2023-12-14,16:29,대구역 오페라더블유1,2023-12-15,2024-06-03
불법주정차,2023-12-14,16:29,북부초등학교,2023-12-15,2024-06-03
불법주정차,2023-12-14,16:32,동천동회전교차로1,2023-12-15,2024-06-03
불법주정차,2023-12-14,16:38,구암동 농협중앙회,2023-12-15,2024-06-03
불법주정차,2023-12-14,16:41,침산 화성파크드림,2023-12-15,2024-06-03
불법주정차,2023-12-14,16:50,금정공원(보행자우선거리,2023-12-15,2024-06-03
불법주정차,2023-12-14,16:56,태전동 중앙시장,2023-12-15,2024-06-03
불법주정차,2023-12-14,16:59,노원동3가 35-15 부근 인도,2023-12-21,2024-06-03
불법주정차,2023-12-14,16:59,노원동3가 35-15 부근 인도,2023-12-21,2024-06-03
불법주정차,2023-12-14,17:03,침산 화성파크드림,2023-12-15,2024-06-03
불법주정차,2023-12-14,17:07,태전동 253-14 부근,2023-12-21,2024-06-03
불법주정차,2023-12-14,17:09,동천동회전교차로1,2023-12-15,2024-06-03
불법주정차,2023-12-14,17:10,노원한신더휴 동문,2023-12-15,2024-06-03
불법주정차,2023-12-14,17:11,금호서한이다음정문,2023-12-15,2024-06-03
불법주정차,2023-12-14,17:13,칠성시장교통섬,2023-12-15,2024-06-03
불법주정차,2023-12-14,17:16,대구역 오페라더블유2,2023-12-15,2024-06-03
불법주정차,2023-12-14,17:19,침산동 507-22 부근 모퉁이,2023-12-21,2024-06-03
불법주정차,2023-12-14,17:26,읍내동 1234-12 부근 인도,2023-12-21,2024-06-03
불법주정차,2023-12-14,17:50,노원동3가 779-13 부근 인도,2023-12-21,2024-06-03
불법주정차,2023-12-14,17:51,노원동3가 775 부근 횡단보도,2023-12-21,2024-06-03
불법주정차,2023-12-14,18:44,태전동 156-1 부근 횡단보도,2023-12-21,2024-06-03
불법주정차,2023-12-14,18:45,동천동 892-1 부근 횡단보도,2023-12-21,2024-06-03
불법주정차,2023-12-14,18:47,동천동 903-1 부근 횡단보도,2023-12-21,2024-06-03
불법주정차,2023-12-14,18:48,국우동 1123-3 부근 횡단보도,2023-12-21,2024-06-03
불법주정차,2023-12-14,19:08,산격동 1397-44 부근,2023-12-21,2024-06-03
불법주정차,2023-12-14,19:10,고성동3가 6-328 부근 모퉁이,2023-12-21,2024-06-03
불법주정차,2023-12-14,19:15,산격동 1428-12 부근 모퉁이,2023-12-21,2024-06-03
불법주정차,2023-12-14,19:16,칠성동2가 142-2 부근 모퉁이,2023-12-21,2024-06-03
불법주정차,2023-12-14,19:19,칠성동2가 142-2 부근,2023-12-21,2024-06-03
불법주정차,2023-12-14,19:21,산격동 1428-12 부근 횡단보도,2023-12-21,2024-06-03
불법주정차,2023-12-14,19:26,산격동 1428-12 부근 모퉁이,2023-12-21,2024-06-03
불법주정차,2023-12-14,19:27,복현동 713 부근,2023-12-21,2024-06-03
불법주정차,2023-12-14,19:27,복현동 713 부근,2023-12-21,2024-06-03
불법주정차,2023-12-14,19:27,복현동 713 부근,2023-12-21,2024-06-03
불법주정차,2023-12-14,19:27,복현동 713 부근 모퉁이,2023-12-22,2024-06-03
불법주정차,2023-12-14,19:27,복현동 331-1 부근 모퉁이,2023-12-22,2024-06-03
불법주정차,2023-12-14,19:28,복현동 713 부근,2023-12-21,2024-06-03
불법주정차,2023-12-14,19:28,복현동 713 부근,2023-12-21,2024-06-03
불법주정차,2023-12-14,19:28,복현동 713 부근,2023-12-22,2024-06-03
불법주정차,2023-12-14,19:28,복현동 713 부근,2024-03-13,2024-06-03
불법주정차,2023-12-14,19:29,복현동 713 부근,2023-12-21,2024-06-03
불법주정차,2023-12-14,19:30,산격동 1437-67 부근 모퉁이,2023-12-21,2024-06-03
불법주정차,2023-12-14,19:30,복현동 713 부근,2023-12-22,2024-06-03
불법주정차,2023-12-14,19:46,태전동 409-7 부근,2023-12-21,2024-06-03
불법주정차,2023-12-14,19:47,관음동 1369 부근 인도,2023-12-21,2024-06-03
불법주정차,2023-12-14,19:48,서변동 1779-10 부근 인도,2023-12-21,2024-06-03
불법주정차,2023-12-14,19:53,대현동 281-7 부근 인도,2023-12-21,2024-06-03
불법주정차,2023-12-14,20:32,학정동 939-3 부근 횡단보도,2023-12-21,2024-06-03
불법주정차,2023-12-14,20:39,구암동 663-9 부근,2023-12-21,2024-06-03
불법주정차,2023-12-14,20:42,구암동 663-9 부근 횡단보도,2023-12-21,2024-06-03
불법주정차,2023-12-14,20:50,산격동 1424-48 부근 모퉁이,2023-12-21,2024-06-03
불법주정차,2023-12-14,22:25,복현동 89-16 부근 횡단보도,2023-12-21,2024-06-03
불법주정차,2023-12-14,22:39,관음동 1268-23 부근 횡단보도,2023-12-21,2024-06-03
불법주정차,2023-12-14,22:42,관음동 207 부근 횡단보도,2023-12-21,2024-06-03
불법주정차,2023-12-14,22:43,사수동 939 부근 모퉁이,2023-12-21,2024-06-03
불법주정차,2023-12-14,22:45,사수동 944 부근 모퉁이,2023-12-21,2024-06-03
불법주정차,2023-12-14,22:47,사수동 963 부근 횡단보도,2023-12-21,2024-06-03
불법주정차,2023-12-14,23:42,서변동 1724 부근 횡단보도,2023-12-21,2024-06-03
불법주정차,2023-12-14,23:47,태전동 271-2 부근 횡단보도,2023-12-21,2024-06-03
불법주정차,2023-12-15,04:36,금호동 803 부근 횡단보도,2023-12-22,2024-06-03
불법주정차,2023-12-15,04:39,금호동 798 부근 모퉁이,2023-12-22,2024-06-03
불법주정차,2023-12-15,04:46,금호동 802 부근 모퉁이,2024-03-18,2024-06-03
불법주정차,2023-12-15,05:12,동천동 962-2 부근 모퉁이,2023-12-22,2024-06-03
불법주정차,2023-12-15,07:01,동천동회전교차로2,2023-12-18,2024-06-03
불법주정차,2023-12-15,07:03,칠성시장교통섬,2023-12-18,2024-06-03
불법주정차,2023-12-15,07:04,동천동회전교차로1,2023-12-18,2024-06-03
불법주정차,2023-12-15,07:05,대구역 오페라더블유2,2023-12-18,2024-06-03
불법주정차,2023-12-15,07:06,칠성시장 화재(소방),2023-12-18,2024-06-03
불법주정차,2023-12-15,07:07,팔달동 대구수산시장,2023-12-18,2024-06-03
불법주정차,2023-12-15,07:09,침산 화인탑펠리스,2023-12-18,2024-06-03
불법주정차,2023-12-15,07:13,칠성동 꽃시장 (아름나라,2023-12-18,2024-06-03
불법주정차,2023-12-15,07:13,복현동 713 부근,2023-12-22,2024-06-03
불법주정차,2023-12-15,07:15,사수동 센스마트,2023-12-18,2024-06-03
불법주정차,2023-12-15,07:17,복현e편한세상 정문,2023-12-18,2024-06-03
불법주정차,2023-12-15,07:24,칠성동 꽃시장 (아름나라,2023-12-18,2024-06-03
불법주정차,2023-12-15,07:24,칠성시장교통섬,2023-12-18,2024-06-03
불법주정차,2023-12-15,07:25,운암초등학교,2023-12-18,2024-06-03
불법주정차,2023-12-15,07:29,국우동 동암로 부근,2023-12-18,2024-06-03
불법주정차,2023-12-15,07:29,국우동 학남로 부근,2023-12-18,2024-06-03
불법주정차,2023-12-15,07:29,국우동 학남로 부근,2023-12-18,2024-06-03
불법주정차,2023-12-15,07:30,복현동 경대로19길 부근,2023-12-18,2024-06-03
불법주정차,2023-12-15,07:30,복현동 경대로19길 부근,2023-12-18,2024-06-03
불법주정차,2023-12-15,07:33,학정동 학정동로 부근,2023-12-18,2024-06-03
불법주정차,2023-12-15,07:34,칠성동 꽃시장 (아름나라,2023-12-18,2024-06-03
불법주정차,2023-12-15,07:34,학정동 학정동로 부근,2024-05-17,2024-06-03
불법주정차,2023-12-15,07:35,고성동1가 104-21 부근,2023-12-18,2024-06-03
불법주정차,2023-12-15,07:35,고성동1가 104-21 부근,2023-12-18,2024-06-03
불법주정차,2023-12-15,07:35,고성동1가 104-21 부근,2023-12-18,2024-06-03
불법주정차,2023-12-15,07:35,고성동1가 104-21 부근,2023-12-18,2024-06-03
불법주정차,2023-12-15,07:35,고성동1가 칠성남로 부근,2023-12-18,2024-06-03
불법주정차,2023-12-15,07:35,고성동1가 칠성남로 부근,2023-12-18,2024-06-03
불법주정차,2023-12-15,07:35,고성동1가 113-20 부근,2023-12-18,2024-06-03
불법주정차,2023-12-15,07:35,고성동1가 113-20 부근,2023-12-18,2024-06-03
불법주정차,2023-12-15,07:35,고성동1가 113-20 부근,2023-12-18,2024-06-03
불법주정차,2023-12-15,07:35,고성동1가 113-20 부근,2023-12-18,2024-06-03
불법주정차,2023-12-15,07:35,고성동1가 113-20 부근,2023-12-18,2024-06-03
불법주정차,2023-12-15,07:35,고성동1가 113-20 부근,2023-12-18,2024-06-03
불법주정차,2023-12-15,07:36,관음동 칠곡중앙대로99길 부근,2023-12-18,2024-06-03
불법주정차,2023-12-15,07:37,관음동 149-1 부근,2023-12-18,2024-06-03
불법주정차,2023-12-15,07:37,관음동 149-1 부근,2023-12-18,2024-06-03
불법주정차,2023-12-15,07:37,읍내동 관음로 부근,2023-12-18,2024-06-03
불법주정차,2023-12-15,07:37,읍내동 관음로 부근,2023-12-18,2024-06-03
불법주정차,2023-12-15,07:37,읍내동 관음로 부근,2023-12-18,2024-06-03
불법주정차,2023-12-15,07:38,관천초등학교,2023-12-18,2024-06-03
불법주정차,2023-12-15,07:38,국우동 학정동로 부근,2023-12-18,2024-06-03
불법주정차,2023-12-15,07:38,읍내동 관음중앙로29길 부근,2023-12-18,2024-06-03
불법주정차,2023-12-15,07:38,고성동1가 104-21 부근,2023-12-18,2024-06-03
불법주정차,2023-12-15,07:38,고성동1가 104-21 부근,2023-12-18,2024-06-03
불법주정차,2023-12-15,07:38,고성동1가 104-21 부근,2023-12-18,2024-06-03
불법주정차,2023-12-15,07:38,고성동1가 104-21 부근,2023-12-18,2024-06-03
불법주정차,2023-12-15,07:38,고성동1가 104-21 부근,2023-12-18,2024-06-03
불법주정차,2023-12-15,07:38,고성동1가 104-21 부근,2023-12-18,2024-06-03
불법주정차,2023-12-15,07:38,읍내동 관음중앙로29길 부근,2023-12-18,2024-06-03
불법주정차,2023-12-15,07:38,고성동1가 104-21 부근,2023-12-18,2024-06-03
불법주정차,2023-12-15,07:38,고성동1가 104-21 부근,2023-12-18,2024-06-03
불법주정차,2023-12-15,07:38,고성동1가 104-21 부근,2023-12-18,2024-06-03
불법주정차,2023-12-15,07:38,고성동1가 104-21 부근,2023-12-18,2024-06-03
불법주정차,2023-12-15,07:38,고성동1가 104-21 부근,2023-12-18,2024-06-03
불법주정차,2023-12-15,07:38,고성동1가 104-21 부근,2023-12-18,2024-06-03
불법주정차,2023-12-15,07:38,고성동1가 104-21 부근,2023-12-18,2024-06-03
불법주정차,2023-12-15,07:38,고성동1가 104-21 부근,2023-12-18,2024-06-03
불법주정차,2023-12-15,07:38,고성동1가 104-21 부근,2023-12-18,2024-06-03
불법주정차,2023-12-15,07:38,고성동1가 104-21 부근,2023-12-18,2024-06-03
불법주정차,2023-12-15,07:38,고성동1가 104-21 부근,2023-12-18,2024-06-03
불법주정차,2023-12-15,07:39,고성동1가 104-21 부근,2023-12-18,2024-06-03
불법주정차,2023-12-15,07:39,고성동1가 104-21 부근,2023-12-18,2024-06-03
불법주정차,2023-12-15,07:39,고성동1가 104-21 부근,2024-02-08,2024-06-03
불법주정차,2023-12-15,07:39,고성동1가 104-21 부근,2023-12-18,2024-06-03
불법주정차,2023-12-15,07:39,읍내동 615 부근,2023-12-18,2024-06-03
불법주정차,2023-12-15,07:41,읍내동 관음로 부근,2023-12-18,2024-06-03
불법주정차,2023-12-15,07:42,읍내동 관음로 부근,2023-12-18,2024-06-03
불법주정차,2023-12-15,07:43,읍내동 관음로 부근,2023-12-18,2024-06-03
불법주정차,2023-12-15,07:45,북부초등학교,2023-12-18,2024-06-03
불법주정차,2023-12-15,07:49,칠성시장교통섬,2023-12-18,2024-06-03
불법주정차,2023-12-15,07:51,거창식당 앞(칠성시장),2023-12-18,2024-06-03
불법주정차,2023-12-15,07:56,검단동 검단공단로 부근,2023-12-18,2024-06-03
불법주정차,2023-12-15,07:57,산격동 유통단지로8길 부근,2023-12-18,2024-06-03
불법주정차,2023-12-15,07:57,산격동 유통단지로8길 부근,2023-12-18,2024-06-03
불법주정차,2023-12-15,07:58,노원한신더휴 남문,2023-12-18,2024-06-03
불법주정차,2023-12-15,08:03,오페라 클래시아,2023-12-18,2024-06-03
불법주정차,2023-12-15,08:06,동변공원 사거리,2023-12-18,2024-06-03
불법주정차,2023-12-15,08:07,오페라 클래시아,2023-12-18,2024-06-03
불법주정차,2023-12-15,08:11,오페라 클래시아,2023-12-18,2024-06-03
불법주정차,2023-12-15,08:16,칠성동 꽃시장 (아름나라,2023-12-18,2024-06-03
불법주정차,2023-12-15,08:17,진성유치원 삼거리,2023-12-18,2024-06-03
불법주정차,2023-12-15,08:19,동아아울렛 뒷편,2023-12-18,2024-06-03
불법주정차,2023-12-15,08:23,르노삼성자동차 침산점,2023-12-18,2024-06-03
불법주정차,2023-12-15,08:25,동천동회전교차로1,2023-12-18,2024-06-03
불법주정차,2023-12-15,08:27,관천초등학교,2023-12-18,2024-06-03
불법주정차,2023-12-15,08:29,서변동 1753-2 부근 횡단보도,2023-12-22,2024-06-03
불법주정차,2023-12-15,08:31,서변동 1754 부근 횡단보도,2023-12-22,2024-06-03
불법주정차,2023-12-15,08:34,서변동 1751-9 부근 횡단보도,2023-12-22,2024-06-03
불법주정차,2023-12-15,08:39,국우동 1085-2 부근 모퉁이,2023-12-22,2024-06-03
불법주정차,2023-12-15,08:43,칠곡초등학교,2023-12-18,2024-06-03
불법주정차,2023-12-15,08:46,칠성시장교통섬,2023-12-18,2024-06-03
불법주정차,2023-12-15,08:51,검단동 537-3 부근 버스정류소,2023-12-22,2024-06-03
불법주정차,2023-12-15,08:59,동아아울렛 뒷편,2023-12-18,2024-06-03
불법주정차,2023-12-15,09:00,노원동1가 509 부근 소화전,2023-12-22,2024-06-03
불법주정차,2023-12-15,09:07,노원한신더휴 남문,2023-12-18,2024-06-03
불법주정차,2023-12-15,09:16,침산동 매일천막 앞,2023-12-18,2024-06-03
불법주정차,2023-12-15,09:17,침산1동회전교차로1,2023-12-18,2024-06-03
불법주정차,2023-12-15,09:18,동아아울렛 뒷편,2023-12-18,2024-06-03
불법주정차,2023-12-15,09:22,태전동 1233 부근 모퉁이,2024-04-04,2024-06-03
불법주정차,2023-12-15,09:27,태전동 494-7 부근 인도,2023-12-22,2024-06-03
불법주정차,2023-12-15,09:33,칠성시장교통섬,2023-12-18,2024-06-03
불법주정차,2023-12-15,09:36,복현동 477-1 부근 모퉁이,2023-12-22,2024-06-03
불법주정차,2023-12-15,09:41,칠성시장교통섬,2023-12-18,2024-06-03
불법주정차,2023-12-15,09:45,대구은행 복현지점,2023-12-18,2024-06-03
불법주정차,2023-12-15,09:45,태암초등학교,2023-12-18,2024-06-03
불법주정차,2023-12-15,09:46,복현동 709 부근 횡단보도,2023-12-22,2024-06-03
불법주정차,2023-12-15,09:50,북부초등학교,2023-12-18,2024-06-03
불법주정차,2023-12-15,09:56,매천동 756 부근 모퉁이,2023-12-22,2024-06-03
불법주정차,2023-12-15,09:58,사수동 센스마트,2023-12-18,2024-06-03
불법주정차,2023-12-15,10:05,새동산산부인과,2023-12-18,2024-06-03
불법주정차,2023-12-15,10:07,유림노르웨이숲,2023-12-18,2024-06-03
불법주정차,2023-12-15,10:09,침산 화인탑펠리스,2023-12-18,2024-06-03
불법주정차,2023-12-15,10:14,노원한신더휴 남문,2023-12-18,2024-06-03
불법주정차,2023-12-15,10:19,경대정문,2023-12-18,2024-06-03
불법주정차,2023-12-15,10:20,칠성동1가 276-110 부근 모퉁이,2023-12-22,2024-06-03
불법주정차,2023-12-15,10:22,장보고식자재마트 사거리,2023-12-18,2024-06-03
불법주정차,2023-12-15,10:26,새동산산부인과,2023-12-18,2024-06-03
불법주정차,2023-12-15,10:30,칠성시장교통섬,2023-12-18,2024-06-03
불법주정차,2023-12-15,10:30,새동산산부인과,2023-12-18,2024-06-03
불법주정차,2023-12-15,10:31,산격동 경대북문,2023-12-18,2024-06-03
불법주정차,2023-12-15,10:31,태전동 영송로 부근,2023-12-18,2024-06-03
불법주정차,2023-12-15,10:32,칠곡초등학교,2023-12-18,2024-06-03
불법주정차,2023-12-15,10:36,산격동 1547 부근 인도,2023-12-22,2024-06-03
불법주정차,2023-12-15,10:39,태전동 산 84 부근,2023-12-18,2024-06-03
불법주정차,2023-12-15,10:44,새동산산부인과,2023-12-18,2024-06-03
불법주정차,2023-12-15,10:47,노원한신더휴 동문,2023-12-18,2024-06-03
불법주정차,2023-12-15,10:51,칠성시장 화재(소방),2023-12-18,2024-06-03
불법주정차,2023-12-15,10:53,서변동 서변로 부근,2023-12-18,2024-06-03
불법주정차,2023-12-15,10:53,구암동 학정로 부근,2023-12-18,2024-06-03
불법주정차,2023-12-15,10:53,구암동 학정로 부근,2023-12-18,2024-06-03
불법주정차,2023-12-15,10:54,서변동 서변로 부근,2023-12-18,2024-06-03
불법주정차,2023-12-15,10:55,서변동 서변로3길 부근,2023-12-18,2024-06-03
불법주정차,2023-12-15,10:55,서변동 서변로 부근,2023-12-18,2024-06-03
불법주정차,2023-12-15,10:55,서변동 서변로 부근,2023-12-18,2024-06-03
불법주정차,2023-12-15,10:55,동천동 학정로 부근,2023-12-18,2024-06-03
불법주정차,2023-12-15,10:55,서변동 서변로 부근,2023-12-18,2024-06-03
불법주정차,2023-12-15,10:55,서변동 1725 부근 모퉁이,2023-12-22,2024-06-03
불법주정차,2023-12-15,10:55,노원동3가 779-12 부근 횡단보도,2024-01-12,2024-06-03
불법주정차,2023-12-15,10:56,서변동 망월길 부근,2023-12-18,2024-06-03
불법주정차,2023-12-15,10:56,서변동 망월길 부근,2023-12-18,2024-06-03
불법주정차,2023-12-15,10:57,태전동 1030 부근 횡단보도,2023-12-22,2024-06-03
불법주정차,2023-12-15,10:58,서변동 서변로 부근,2023-12-18,2024-06-03
불법주정차,2023-12-15,10:58,서변동 서변로 부근,2023-12-18,2024-06-03
불법주정차,2023-12-15,10:58,동천동 동천로 부근,2023-12-18,2024-06-03
불법주정차,2023-12-15,10:59,동천동 동천로23길 부근,2023-12-18,2024-06-03
불법주정차,2023-12-15,11:01,동천동 동천로23길 부근,2023-12-18,2024-06-03
불법주정차,2023-12-15,11:02,동천동 동천로23길 부근,2023-12-18,2024-06-03
불법주정차,2023-12-15,11:04,동천동 동천로23길 부근,2023-12-18,2024-06-03
불법주정차,2023-12-15,11:07,대학로23길,2023-12-18,2024-06-03
불법주정차,2023-12-15,11:08,대학로15길,2023-12-18,2024-06-03
불법주정차,2023-12-15,11:12,서변동 서변로3길 부근,2023-12-18,2024-06-03
불법주정차,2023-12-15,11:13,서변동 서변로3길 부근,2023-12-18,2024-06-03
불법주정차,2023-12-15,11:16,동변동 동변로 부근,2023-12-18,2024-06-03
불법주정차,2023-12-15,11:19,동변동 동변로 부근,2023-12-18,2024-06-03
불법주정차,2023-12-15,11:21,칠성동1가 276-110 부근 횡단보도,2023-12-22,2024-06-03
불법주정차,2023-12-15,11:23,동천동 동천로 부근,2023-12-18,2024-06-03
불법주정차,2023-12-15,11:24,대학로23길,2023-12-18,2024-06-03
불법주정차,2023-12-15,11:24,동천동 동천로 부근,2023-12-18,2024-06-03
불법주정차,2023-12-15,11:24,동천동 학정로 부근,2023-12-18,2024-06-03
불법주정차,2023-12-15,11:24,동천동 동천로 부근,2024-04-30,2024-06-03
불법주정차,2023-12-15,11:26,동천동 학정로 부근,2023-12-18,2024-06-03
불법주정차,2023-12-15,11:27,동천동 학정로 부근,2023-12-18,2024-06-03
불법주정차,2023-12-15,11:27,동천동 학정로 부근,2023-12-18,2024-06-03
불법주정차,2023-12-15,11:28,동천동 학정로 부근,2023-12-18,2024-06-03
불법주정차,2023-12-15,11:29,동천동 동천로 부근,2023-12-18,2024-06-03
불법주정차,2023-12-15,11:37,서변동 1783 부근 횡단보도,2023-12-22,2024-06-03
불법주정차,2023-12-15,11:47,무지개공영주차장 부근,2023-12-18,2024-06-03
불법주정차,2023-12-15,11:49,복현동 318 부근 모퉁이,2023-12-22,2024-06-03
불법주정차,2023-12-15,11:58,산격동 1397-6 부근,2023-12-22,2024-06-03
불법주정차,2023-12-15,12:01,산격동 1397-6 부근,2023-12-22,2024-06-03
불법주정차,2023-12-15,12:41,읍내동 1343-5 부근 횡단보도,2023-12-22,2024-06-03
불법주정차,2023-12-15,12:56,대현동 259-4 부근 인도,2024-04-04,2024-06-03
불법주정차,2023-12-15,13:04,산격동 1441-2 부근 인도,2023-12-22,2024-06-03
불법주정차,2023-12-15,13:12,읍내동 304-2 부근 인도,2023-12-22,2024-06-03
불법주정차,2023-12-15,13:14,읍내동 304-2 부근 인도,2023-12-22,2024-06-03
불법주정차,2023-12-15,13:20,대학로23길,2023-12-18,2024-06-03
불법주정차,2023-12-15,14:00,태전동 882-7 부근 소화전,2023-12-22,2024-06-03
불법주정차,2023-12-15,14:10,산격동 1285 부근 횡단보도,2023-12-22,2024-06-03
불법주정차,2023-12-15,14:15,침산동 옥산로 부근,2023-12-18,2024-06-03
불법주정차,2023-12-15,14:16,노원동1가 원대로 부근,2023-12-18,2024-06-03
불법주정차,2023-12-15,14:16,노원동1가 원대로 부근,2023-12-18,2024-06-03
불법주정차,2023-12-15,14:17,침산동 원대로 부근,2023-12-18,2024-06-03
불법주정차,2023-12-15,14:17,노원동1가 원대로 부근,2023-12-18,2024-06-03
불법주정차,2023-12-15,14:18,침산동 원대로 부근,2023-12-18,2024-06-03
불법주정차,2023-12-15,14:18,침산동 원대로 부근,2023-12-18,2024-06-03
불법주정차,2023-12-15,14:21,고성동3가 고성북로 부근,2023-12-18,2024-06-03
불법주정차,2023-12-15,14:21,고성동3가 고성북로 부근,2023-12-18,2024-06-03
불법주정차,2023-12-15,14:22,고성동3가 고성북로 부근,2023-12-18,2024-06-03
불법주정차,2023-12-15,14:23,고성동3가 고성북로 부근,2023-12-18,2024-06-03
불법주정차,2023-12-15,14:24,고성동2가 고성로 부근,2023-12-18,2024-06-03
불법주정차,2023-12-15,14:26,고성동2가 고성로 부근,2023-12-18,2024-06-03
불법주정차,2023-12-15,14:29,고성동2가 원대로 부근,2023-12-18,2024-06-03
불법주정차,2023-12-15,14:29,읍내동 947-1 부근 모퉁이,2023-12-22,2024-06-03
불법주정차,2023-12-15,14:30,새동산산부인과,2023-12-18,2024-06-03
불법주정차,2023-12-15,14:31,동천동회전교차로1,2023-12-18,2024-06-03
불법주정차,2023-12-15,14:33,운암초등학교,2023-12-18,2024-06-03
불법주정차,2023-12-15,14:35,침산 화성파크드림,2023-12-18,2024-06-03
불법주정차,2023-12-15,14:35,태전동 칠곡중앙대로 부근,2023-12-18,2024-06-03
불법주정차,2023-12-15,14:36,오륙민물수산(칠성시장),2023-12-18,2024-06-03
불법주정차,2023-12-15,14:37,노원한신더휴 동문,2023-12-18,2024-06-03
불법주정차,2023-12-15,14:37,태전동 태전로 부근,2023-12-18,2024-06-03
불법주정차,2023-12-15,14:37,태전동 태전로 부근,2023-12-18,2024-06-03
불법주정차,2023-12-15,14:39,새동산산부인과,2023-12-18,2024-06-03
불법주정차,2023-12-15,14:41,침산 화인탑펠리스,2023-12-18,2024-06-03
불법주정차,2023-12-15,14:41,태전동 태전로 부근,2023-12-18,2024-06-03
불법주정차,2023-12-15,14:42,침산 화인탑펠리스,2023-12-18,2024-06-03
불법주정차,2023-12-15,14:42,침산 화인탑펠리스,2023-12-18,2024-06-03
불법주정차,2023-12-15,14:44,노원한신더휴 남문,2023-12-18,2024-06-03
불법주정차,2023-12-15,14:45,동평초등학교네거리,2023-12-18,2024-06-03
불법주정차,2023-12-15,14:46,농협침산지점앞,2023-12-18,2024-06-03
불법주정차,2023-12-15,14:46,산격동 엑스코 동문,2023-12-18,2024-06-03
불법주정차,2023-12-15,14:46,대학로 파리바게트 부근,2023-12-18,2024-06-03
불법주정차,2023-12-15,14:46,대구역 오페라더블유1,2023-12-18,2024-06-03
불법주정차,2023-12-15,14:46,고성동2가 130-19 부근 인도,2023-12-22,2024-06-03
불법주정차,2023-12-15,14:47,고성동3가 옥산로 부근,2023-12-18,2024-06-03
불법주정차,2023-12-15,14:49,서변공영주차장 사거리,2023-12-18,2024-06-03
불법주정차,2023-12-15,14:50,침산동 447-15 부근 횡단보도,2023-12-22,2024-06-03
불법주정차,2023-12-15,14:51,새동산산부인과,2023-12-18,2024-06-03
불법주정차,2023-12-15,14:52,도남초등학교,2023-12-18,2024-06-03
불법주정차,2023-12-15,14:53,오페라코오롱하늘채 앞,2023-12-18,2024-06-03
불법주정차,2023-12-15,15:04,서변공영주차장 사거리,2023-12-18,2024-06-03
불법주정차,2023-12-15,15:05,오페라코오롱하늘채 앞,2023-12-18,2024-06-03
불법주정차,2023-12-15,15:09,한영정형외과,2023-12-18,2024-06-03
불법주정차,2023-12-15,15:09,동천동회전교차로2,2023-12-18,2024-06-03
불법주정차,2023-12-15,15:13,대학로 파리바게트 부근,2023-12-18,2024-06-03
불법주정차,2023-12-15,15:15,대학로 파리바게트 부근,2023-12-18,2024-06-03
불법주정차,2023-12-15,15:16,운암초등학교,2023-12-18,2024-06-03
불법주정차,2023-12-15,15:16,산격동 120 부근 횡단보도,2023-12-22,2024-06-03
불법주정차,2023-12-15,15:19,관천초등학교,2023-12-18,2024-06-03
불법주정차,2023-12-15,15:21,대구은행 학정로 지점,2023-12-18,2024-06-03
불법주정차,2023-12-15,15:22,침산 화인탑펠리스,2023-12-18,2024-06-03
불법주정차,2023-12-15,15:24,대구은행 학정로 지점,2023-12-18,2024-06-03
불법주정차,2023-12-15,15:25,금호서한이다음정문,2023-12-18,2024-06-03
불법주정차,2023-12-15,15:26,영남네오빌아트 후문,2023-12-18,2024-06-03
불법주정차,2023-12-15,15:30,거창식당 앞(칠성시장),2023-12-18,2024-06-03
불법주정차,2023-12-15,15:31,무지개공영주차장 부근,2023-12-18,2024-06-03
불법주정차,2023-12-15,15:36,칠성시장교통섬,2023-12-18,2024-06-03
불법주정차,2023-12-15,15:39,칠성동 꽃시장 (아름나라,2023-12-18,2024-06-03
불법주정차,2023-12-15,15:40,동평초등학교네거리,2023-12-18,2024-06-03
불법주정차,2023-12-15,15:44,침산 화인탑펠리스,2023-12-18,2024-06-03
불법주정차,2023-12-15,15:44,칠성시장교통섬,2023-12-18,2024-06-03
불법주정차,2023-12-15,15:44,사수동 센스마트,2023-12-18,2024-06-03
불법주정차,2023-12-15,15:45,매천삼거리,2023-12-18,2024-06-03
불법주정차,2023-12-15,15:47,동아아울렛 뒷편,2023-12-18,2024-06-03
불법주정차,2023-12-15,15:49,침산 화인탑펠리스,2023-12-18,2024-06-03
불법주정차,2023-12-15,15:49,산격동 1428-12 부근 횡단보도,2023-12-22,2024-06-03
불법주정차,2023-12-15,15:50,북부초등학교,2023-12-18,2024-06-03
불법주정차,2023-12-15,15:50,학정동 474-12 부근 버스정류소,2023-12-22,2024-06-03
불법주정차,2023-12-15,15:51,새동산산부인과,2023-12-18,2024-06-03
불법주정차,2023-12-15,15:53,동천동회전교차로1,2023-12-18,2024-06-03
불법주정차,2023-12-15,15:57,금호서한이다음정문,2023-12-18,2024-06-03
불법주정차,2023-12-15,16:03,동대구시장,2023-12-18,2024-06-03
불법주정차,2023-12-15,16:06,진성유치원 삼거리,2023-12-18,2024-06-03
불법주정차,2023-12-15,16:07,새동산산부인과,2023-12-18,2024-06-03
불법주정차,2023-12-15,16:08,새동산산부인과,2023-12-18,2024-06-03
불법주정차,2023-12-15,16:09,침산동 매일천막 앞,2023-12-18,2024-06-03
불법주정차,2023-12-15,16:10,새동산산부인과,2023-12-18,2024-06-03
불법주정차,2023-12-15,16:12,영남네오빌아트 후문,2023-12-18,2024-06-03
불법주정차,2023-12-15,16:12,산격동 경대북문,2023-12-18,2024-06-03
불법주정차,2023-12-15,16:13,학정동 928-7 부근 인도,2023-12-22,2024-06-03
불법주정차,2023-12-15,16:13,학정동 928-7 부근 인도,2023-12-22,2024-06-03
불법주정차,2023-12-15,16:15,농협연경지점 삼거리,2023-12-18,2024-06-03
불법주정차,2023-12-15,16:17,학정동 935-13 부근 횡단보도,2023-12-22,2024-06-03
불법주정차,2023-12-15,16:21,동천동회전교차로1,2023-12-18,2024-06-03
불법주정차,2023-12-15,16:21,팔달동 대구수산시장,2023-12-18,2024-06-03
불법주정차,2023-12-15,16:24,대학로 파리바게트 부근,2023-12-18,2024-06-03
불법주정차,2023-12-15,16:29,칠성동1가 171-12 부근 인도,2023-12-22,2024-06-03
불법주정차,2023-12-15,16:32,금정공원(보행자우선거리,2023-12-18,2024-06-03
불법주정차,2023-12-15,16:34,칠곡초등학교 진입로,2023-12-18,2024-06-03
불법주정차,2023-12-15,16:36,옥산초등학교,2023-12-18,2024-06-03
불법주정차,2023-12-15,16:37,관남초등학교,2023-12-18,2024-06-03
불법주정차,2023-12-15,16:38,침산 화인탑펠리스,2023-12-18,2024-06-03
불법주정차,2023-12-15,16:40,동천동회전교차로1,2023-12-18,2024-06-03
불법주정차,2023-12-15,16:40,동변공원 사거리,2023-12-18,2024-06-03
불법주정차,2023-12-15,16:41,NC아울렛 앞 사거리,2023-12-18,2024-06-03
불법주정차,2023-12-15,16:42,관천초등학교,2023-12-18,2024-06-03
불법주정차,2023-12-15,16:42,동대구시장,2023-12-18,2024-06-03
불법주정차,2023-12-15,16:45,읍내동 1351-2 부근 횡단보도,2023-12-22,2024-06-03
불법주정차,2023-12-15,16:47,칠곡우방타운 삼거리,2023-12-18,2024-06-03
불법주정차,2023-12-15,16:49,칠곡농협 관음지점,2023-12-18,2024-06-03
불법주정차,2023-12-15,16:51,무지개공영주차장 부근,2023-12-18,2024-06-03
불법주정차,2023-12-15,16:52,사수동 한강로 부근,2023-12-18,2024-06-03
불법주정차,2023-12-15,16:52,사수동 한강로 부근,2023-12-18,2024-06-03
불법주정차,2023-12-15,16:52,사수동 한강로2길 부근,2023-12-18,2024-06-03
불법주정차,2023-12-15,16:53,사수동 한강로2길 부근,2023-12-18,2024-06-03
불법주정차,2023-12-15,16:53,사수동 한강로2길 부근,2023-12-18,2024-06-03
불법주정차,2023-12-15,16:53,사수동 한강로2길 부근,2023-12-18,2024-06-03
불법주정차,2023-12-15,16:53,사수동 한강로2길 부근,2023-12-18,2024-06-03
불법주정차,2023-12-15,16:54,칠곡초등학교,2023-12-18,2024-06-03
불법주정차,2023-12-15,16:56,침산 화인탑펠리스,2023-12-18,2024-06-03
불법주정차,2023-12-15,16:56,사수동 내곡로 부근,2023-12-18,2024-06-03
불법주정차,2023-12-15,16:56,사수동 내곡로 부근,2023-12-18,2024-06-03
불법주정차,2023-12-15,16:56,사수동 내곡로 부근,2023-12-18,2024-06-03
불법주정차,2023-12-15,16:56,사수동 내곡로 부근,2023-12-18,2024-06-03
불법주정차,2023-12-15,16:56,사수동 내곡로 부근,2023-12-18,2024-06-03
불법주정차,2023-12-15,16:57,칠곡초등학교 진입로,2023-12-18,2024-06-03
불법주정차,2023-12-15,16:57,사수동 내곡로 부근,2023-12-18,2024-06-03
불법주정차,2023-12-15,16:57,사수동 내곡로 부근,2023-12-18,2024-06-03
불법주정차,2023-12-15,16:57,사수동 내곡로 부근,2023-12-18,2024-06-03
불법주정차,2023-12-15,17:00,사수동 내곡로 부근,2023-12-18,2024-06-03
불법주정차,2023-12-15,17:01,사수동 내곡로 부근,2023-12-18,2024-06-03
불법주정차,2023-12-15,17:01,산격동 488-6 부근 모퉁이,2023-12-22,2024-06-03
불법주정차,2023-12-15,17:05,동천동 참약국,2023-12-18,2024-06-03
불법주정차,2023-12-15,17:05,오페라코오롱하늘채 앞,2023-12-18,2024-06-03
불법주정차,2023-12-15,17:08,KB국민은행침산지점,2023-12-18,2024-06-03
불법주정차,2023-12-15,17:13,오페라코오롱하늘채 앞,2023-12-18,2024-06-03
불법주정차,2023-12-15,17:13,대구역 오페라더블유1,2023-12-18,2024-06-03
불법주정차,2023-12-15,17:15,대구역 오페라더블유2,2023-12-18,2024-06-03
불법주정차,2023-12-15,17:15,사수동 831 부근 횡단보도,2023-12-22,2024-06-03
불법주정차,2023-12-15,17:16,칠성시장교통섬,2023-12-18,2024-06-03
불법주정차,2023-12-15,17:17,운암초등학교,2023-12-18,2024-06-03
불법주정차,2023-12-15,17:18,칠성동2가 344-1 부근 인도,2023-12-22,2024-06-03
불법주정차,2023-12-15,17:19,사수동 831 부근 횡단보도,2023-12-22,2024-06-03
불법주정차,2023-12-15,17:20,팔달동 286-12 부근,2023-12-18,2024-06-03
불법주정차,2023-12-15,17:21,칠성동2가 296-2 부근 횡단보도,2023-12-22,2024-06-03
불법주정차,2023-12-15,17:24,읍내동 1200-2 부근 횡단보도,2023-12-22,2024-06-03
불법주정차,2023-12-15,17:45,침산동 1761 부근 횡단보도,2023-12-22,2024-06-03
불법주정차,2023-12-15,17:49,칠성동2가 721 부근 횡단보도,2023-12-22,2024-06-03
불법주정차,2023-12-15,17:59,침산동 133-40 부근 모퉁이,2023-12-22,2024-06-03
불법주정차,2023-12-15,18:15,복현동 404-2 부근,2023-12-22,2024-06-03
불법주정차,2023-12-15,18:15,복현동 404-2 부근,2023-12-22,2024-06-03
불법주정차,2023-12-15,18:16,복현동 404-3 부근,2023-12-21,2024-06-03
불법주정차,2023-12-15,18:16,복현동 404-3 부근,2023-12-21,2024-06-03
불법주정차,2023-12-15,18:16,복현동 404-2 부근,2023-12-22,2024-06-03
불법주정차,2023-12-15,18:17,복현동 570 부근,2023-12-21,2024-06-03
불법주정차,2023-12-15,18:25,사수동 952 부근 횡단보도,2023-12-22,2024-06-03
불법주정차,2023-12-15,18:28,사수동 963 부근 횡단보도,2023-12-22,2024-06-03
불법주정차,2023-12-15,18:46,복현동 69 부근 횡단보도,2023-12-22,2024-06-03
불법주정차,2023-12-15,18:50,산격동 172-14 부근 횡단보도,2023-12-22,2024-06-03
불법주정차,2023-12-15,18:54,산격동 173-2 부근 횡단보도,2023-12-22,2024-06-03
불법주정차,2023-12-15,18:56,산격동 1229-16 부근 인도,2023-12-22,2024-06-03
불법주정차,2023-12-15,19:01,산격동 478-25 부근 모퉁이,2023-12-22,2024-06-03
불법주정차,2023-12-15,19:13,노원동1가 18-2 부근 인도,2023-12-22,2024-06-03
불법주정차,2023-12-15,19:14,노원동1가 18-2 부근 횡단보도,2023-12-22,2024-06-03
불법주정차,2023-12-15,19:22,노원동1가 253-2 부근 인도,2023-12-22,2024-06-03
불법주정차,2023-12-15,19:22,노원동1가 265-1 부근 인도,2023-12-22,2024-06-03
불법주정차,2023-12-15,19:24,노원동1가 255 부근 인도,2023-12-22,2024-06-03
불법주정차,2023-12-15,19:24,노원동1가 265-1 부근 인도,2023-12-22,2024-06-03
불법주정차,2023-12-15,19:31,구암동 770-1 부근 횡단보도,2023-12-22,2024-06-03
불법주정차,2023-12-15,19:33,동천동 912-1 부근 횡단보도,2023-12-22,2024-06-03
불법주정차,2023-12-15,19:37,학정동 953-17 부근 횡단보도,2023-12-22,2024-06-03
불법주정차,2023-12-15,19:37,동천동 962-4 부근 횡단보도,2023-12-22,2024-06-03
불법주정차,2023-12-15,19:45,동천동 952-1 부근 횡단보도,2023-12-22,2024-06-03
불법주정차,2023-12-15,20:27,연경동 954-3 부근 횡단보도,2023-12-22,2024-06-03
불법주정차,2023-12-15,20:30,연경동 954-3 부근 횡단보도,2023-12-22,2024-06-03
불법주정차,2023-12-15,20:42,대현동 25-51 부근 횡단보도,2023-12-22,2024-06-03
불법주정차,2023-12-15,21:03,사수동 954 부근 횡단보도,2024-03-13,2024-06-03
불법주정차,2023-12-15,21:36,대현동 482-36 부근 모퉁이,2024-03-13,2024-06-03
불법주정차,2023-12-15,21:58,읍내동 1350 부근 버스정류소,2023-12-22,2024-06-03
불법주정차,2023-12-15,22:10,태전동 216-2 부근 횡단보도,2023-12-22,2024-06-03
불법주정차,2023-12-15,22:12,금호동 798 부근 소화전,2023-12-21,2024-06-03
불법주정차,2023-12-15,22:21,금호동 802 부근 모퉁이,2023-12-26,2024-06-03
불법주정차,2023-12-15,22:29,복현동 440-3 부근 횡단보도,2023-12-22,2024-06-03
불법주정차,2023-12-15,22:30,태전동 647-4 부근 횡단보도,2023-12-22,2024-06-03
불법주정차,2023-12-15,22:36,관음동 207 부근 횡단보도,2023-12-22,2024-06-03
불법주정차,2023-12-15,22:38,관음동 1257-11 부근 버스정류소,2023-12-22,2024-06-03
불법주정차,2023-12-15,23:23,동천동 962-5 부근 횡단보도,2023-12-22,2024-06-03
불법주정차,2023-12-15,23:25,동천동 962-5 부근 횡단보도,2023-12-22,2024-06-03
불법주정차,2023-12-15,23:27,동천동 898-1 부근 소화전,2023-12-22,2024-06-03
불법주정차,2023-12-15,23:32,복현동 400-3 부근 버스정류소,2023-12-22,2024-06-03
불법주정차,2023-12-16,00:58,복현동 477-1 부근 모퉁이,2024-03-18,2024-06-03
불법주정차,2023-12-16,01:24,동천동 891 부근 소화전,2023-12-26,2024-06-03
불법주정차,2023-12-16,03:50,태전동 1029-10 부근 모퉁이,2023-12-26,2024-06-03
불법주정차,2023-12-16,07:40,구암동 789-6 부근 버스정류소,2023-12-21,2024-06-03
불법주정차,2023-12-16,08:39,구암동 768 부근 소화전,2023-12-26,2024-06-03
불법주정차,2023-12-16,08:43,서변동 1788-7 부근 횡단보도,2023-12-21,2024-06-03
불법주정차,2023-12-16,08:46,검단동 1128-3 부근 횡단보도,2023-12-21,2024-06-03
불법주정차,2023-12-16,08:49,검단동 1128-3 부근 횡단보도,2023-12-21,2024-06-03
불법주정차,2023-12-16,08:50,동천동 878 부근 인도,2023-12-26,2024-06-03
불법주정차,2023-12-16,09:20,구암동 792-10 부근 모퉁이,2023-12-21,2024-06-03
불법주정차,2023-12-16,09:20,침산동 1761 부근 모퉁이,2023-12-21,2024-06-03
불법주정차,2023-12-16,09:20,태전동 1023-12 부근 횡단보도,2023-12-26,2024-06-03
불법주정차,2023-12-16,09:41,태전동 1068 부근 횡단보도,2023-12-21,2024-06-03
불법주정차,2023-12-16,09:42,동천동 912-3 부근 모퉁이,2023-12-21,2024-06-03
불법주정차,2023-12-16,10:01,동천동회전교차로1,2023-12-18,2024-06-03
불법주정차,2023-12-16,10:02,동천동회전교차로2,2023-12-18,2024-06-03
불법주정차,2023-12-16,10:03,침산1동회전교차로1,2023-12-18,2024-06-03
불법주정차,2023-12-16,10:04,노원동3가 M병원,2023-12-18,2024-06-03
불법주정차,2023-12-16,10:04,운암초등학교,2023-12-18,2024-06-03
불법주정차,2023-12-16,10:04,대구역 오페라더블유2,2023-12-18,2024-06-03
불법주정차,2023-12-16,10:04,칠곡초등학교 진입로,2023-12-18,2024-06-03
불법주정차,2023-12-16,10:06,대구역 오페라더블유2,2023-12-18,2024-06-03
불법주정차,2023-12-16,10:06,칠성시장 화재(소방),2023-12-18,2024-06-03
불법주정차,2023-12-16,10:06,대구역 오페라더블유2,2023-12-18,2024-06-03
불법주정차,2023-12-16,10:07,새동산산부인과,2023-12-18,2024-06-03
불법주정차,2023-12-16,10:08,칠성시장 화재(소방),2023-12-18,2024-06-03
불법주정차,2023-12-16,10:10,대현동 강남약국,2023-12-18,2024-06-03
불법주정차,2023-12-16,10:12,NC아울렛 앞 사거리,2023-12-18,2024-06-03
불법주정차,2023-12-16,10:15,금호서한이다음정문,2023-12-18,2024-06-03
불법주정차,2023-12-16,10:15,동대구시장,2023-12-18,2024-06-03
불법주정차,2023-12-16,10:16,동평초등학교네거리,2023-12-18,2024-06-03
불법주정차,2023-12-16,10:17,관천초등학교,2023-12-18,2024-06-03
불법주정차,2023-12-16,10:18,새동산산부인과,2023-12-18,2024-06-03
불법주정차,2023-12-16,10:19,학남초등학교 앞 사거리,2023-12-18,2024-06-03
불법주정차,2023-12-16,10:20,동천동 895-4 부근 횡단보도,2023-12-21,2024-06-03
불법주정차,2023-12-16,10:23,대산초등학교,2023-12-18,2024-06-03
불법주정차,2023-12-16,10:23,동천동 895-4 부근 횡단보도,2023-12-26,2024-06-03
불법주정차,2023-12-16,10:27,노원동2가 246 부근 모퉁이,2023-12-21,2024-06-03
불법주정차,2023-12-16,10:28,사수동 센스마트,2023-12-18,2024-06-03
불법주정차,2023-12-16,10:35,칠성동 꽃시장 (아름나라,2023-12-18,2024-06-03
불법주정차,2023-12-16,10:36,새동산산부인과,2023-12-18,2024-06-03
불법주정차,2023-12-16,10:38,새동산산부인과,2023-12-18,2024-06-03
불법주정차,2023-12-16,10:39,동평초등학교네거리,2023-12-18,2024-06-03
불법주정차,2023-12-16,10:40,칠성시장 화재(소방),2023-12-18,2024-06-03
불법주정차,2023-12-16,10:44,새동산산부인과,2023-12-18,2024-06-03
불법주정차,2023-12-16,10:46,학정동 137-2 부근,2023-12-18,2024-06-03
불법주정차,2023-12-16,10:47,국우동 학남로15길 부근,2023-12-18,2024-06-03
불법주정차,2023-12-16,10:47,국우동 학남로15길 부근,2023-12-18,2024-06-03
불법주정차,2023-12-16,10:48,국우동 학남로15길 부근,2023-12-18,2024-06-03
불법주정차,2023-12-16,10:48,국우동 학남로15길 부근,2023-12-18,2024-06-03
불법주정차,2023-12-16,10:48,국우동 학남로15길 부근,2023-12-18,2024-06-03
불법주정차,2023-12-16,10:49,국우동 1126 부근,2023-12-18,2024-06-03
불법주정차,2023-12-16,10:49,국우동 486 부근,2023-12-18,2024-06-03
불법주정차,2023-12-16,10:50,국우동 486 부근,2023-12-18,2024-06-03
불법주정차,2023-12-16,10:53,국우동 구리로34길 부근,2023-12-18,2024-06-03
불법주정차,2023-12-16,10:54,국우동 구리로34길 부근,2023-12-18,2024-06-03
불법주정차,2023-12-16,10:54,국우동 구리로34길 부근,2023-12-18,2024-06-03
불법주정차,2023-12-16,10:56,학정동 산 22 부근,2023-12-18,2024-06-03
불법주정차,2023-12-16,10:56,학정동 학정로110길 부근,2023-12-18,2024-06-03
불법주정차,2023-12-16,10:56,학정동 21 부근,2023-12-18,2024-06-03
불법주정차,2023-12-16,10:56,침산동 133-40 부근 모퉁이,2023-12-21,2024-06-03
불법주정차,2023-12-16,11:01,국우동 학남로15길 부근,2023-12-18,2024-06-03
불법주정차,2023-12-16,11:06,무지개공영주차장 부근,2023-12-18,2024-06-03
불법주정차,2023-12-16,11:07,태전동 155-2 부근 인도,2023-12-26,2024-06-03
불법주정차,2023-12-16,11:31,무지개공영주차장 부근,2023-12-18,2024-06-03
불법주정차,2023-12-16,11:37,산격동 1399-11 부근,2023-12-21,2024-06-03
불법주정차,2023-12-16,11:41,태전동 253-5 부근 모퉁이,2023-12-21,2024-06-03
불법주정차,2023-12-16,11:46,태전동 987-19 부근 모퉁이,2023-12-21,2024-06-03
불법주정차,2023-12-16,11:46,동천동 903-4 부근 횡단보도,2023-12-26,2024-06-03
불법주정차,2023-12-16,11:51,산격동 994-1 부근 횡단보도,2023-12-21,2024-06-03
불법주정차,2023-12-16,12:00,동변동 684 부근 모퉁이,2023-12-21,2024-06-03
불법주정차,2023-12-16,12:00,복현동 477-1 부근 모퉁이,2023-12-21,2024-06-03
불법주정차,2023-12-16,12:11,무지개공영주차장 부근,2023-12-18,2024-06-03
불법주정차,2023-12-16,12:15,대학로 파리바게트 부근,2023-12-18,2024-06-03
불법주정차,2023-12-16,12:29,태전동 940-6 부근 인도,2023-12-26,2024-06-03
불법주정차,2023-12-16,12:31,산격동 1818 부근 인도,2023-12-21,2024-06-03
불법주정차,2023-12-16,12:32,태전동 940 부근 횡단보도,2023-12-21,2024-06-03
불법주정차,2023-12-16,12:35,동천동 951-1 부근 인도,2023-12-21,2024-06-03
불법주정차,2023-12-16,13:04,무지개공영주차장 부근,2023-12-18,2024-06-03
불법주정차,2023-12-16,13:05,대학로 파리바게트 부근,2023-12-18,2024-06-03
불법주정차,2023-12-16,13:09,태전동 1218 부근 횡단보도,2023-12-29,2024-06-03
불법주정차,2023-12-16,13:13,태전동 344-1 부근 횡단보도,2023-12-29,2024-06-03
불법주정차,2023-12-16,13:15,무지개공영주차장 부근,2023-12-18,2024-06-03
불법주정차,2023-12-16,13:20,태전동 936-1 부근 횡단보도,2023-12-26,2024-06-03
불법주정차,2023-12-16,13:30,고성동2가 130-17 부근 횡단보도,2023-12-21,2024-06-03
불법주정차,2023-12-16,13:33,고성동2가 130-17 부근 인도,2023-12-21,2024-06-03
불법주정차,2023-12-16,13:33,고성동2가 130-17 부근 모퉁이,2023-12-21,2024-06-03
불법주정차,2023-12-16,13:39,무지개공영주차장 부근,2023-12-18,2024-06-03
불법주정차,2023-12-16,13:46,고성동3가 140 부근 인도,2023-12-21,2024-06-03
불법주정차,2023-12-16,13:57,대학로13길,2023-12-18,2024-06-03
불법주정차,2023-12-16,14:11,대학로 파리바게트 부근,2023-12-18,2024-06-03
불법주정차,2023-12-16,14:13,산격동 1818 부근 인도,2023-12-21,2024-06-03
불법주정차,2023-12-16,14:15,산격동 1818 부근 인도,2023-12-21,2024-06-03
불법주정차,2023-12-16,14:17,태전동 344-1 부근 인도,2023-12-26,2024-06-03
불법주정차,2023-12-16,14:22,학정동 979 부근 횡단보도,2023-12-21,2024-06-03
불법주정차,2023-12-16,14:22,태전동 951-6 부근 횡단보도,2023-12-26,2024-06-03
불법주정차,2023-12-16,14:31,동아아울렛 뒷편,2023-12-18,2024-06-03
불법주정차,2023-12-16,14:31,동천동회전교차로1,2023-12-18,2024-06-03
불법주정차,2023-12-16,14:31,노원한신더휴 남문,2023-12-18,2024-06-03
불법주정차,2023-12-16,14:33,운암초등학교,2023-12-18,2024-06-03
불법주정차,2023-12-16,14:33,칠성동 꽃시장 (아름나라,2023-12-18,2024-06-03
불법주정차,2023-12-16,14:33,태전동 중앙시장,2023-12-18,2024-06-03
불법주정차,2023-12-16,14:34,운암고등학교,2023-12-18,2024-06-03
불법주정차,2023-12-16,14:34,관천초등학교,2023-12-18,2024-06-03
불법주정차,2023-12-16,14:35,농협침산지점앞,2023-12-18,2024-06-03
불법주정차,2023-12-16,14:35,새동산산부인과,2023-12-18,2024-06-03
불법주정차,2023-12-16,14:35,운암지,2023-12-18,2024-06-03
불법주정차,2023-12-16,14:35,침산동 매일천막 앞,2023-12-18,2024-06-03
불법주정차,2023-12-16,14:36,엑스코 앞,2023-12-18,2024-06-03
불법주정차,2023-12-16,14:36,산격동 경대북문,2023-12-18,2024-06-03
불법주정차,2023-12-16,14:37,동천동 참약국,2023-12-18,2024-06-03
불법주정차,2023-12-16,14:37,칠곡초등학교 진입로,2023-12-18,2024-06-03
불법주정차,2023-12-16,14:37,산격동 경대북문,2023-12-18,2024-06-03
불법주정차,2023-12-16,14:37,침산 화성파크드림,2023-12-18,2024-06-03
불법주정차,2023-12-16,14:37,동천동회전교차로1,2023-12-18,2024-06-03
불법주정차,2023-12-16,14:37,무지개공영주차장 부근,2023-12-18,2024-06-03
불법주정차,2023-12-16,14:38,산격동 경대북문,2023-12-18,2024-06-03
불법주정차,2023-12-16,14:38,침산동 매일천막 앞,2023-12-18,2024-06-03
불법주정차,2023-12-16,14:38,거창식당 앞(칠성시장),2023-12-18,2024-06-03
불법주정차,2023-12-16,14:38,엑스코 앞,2023-12-18,2024-06-03
불법주정차,2023-12-16,14:39,영남네오빌아트 후문,2023-12-18,2024-06-03
불법주정차,2023-12-16,14:39,대구역 오페라더블유2,2023-12-18,2024-06-03
불법주정차,2023-12-16,14:39,팔달초등학교,2023-12-18,2024-06-03
불법주정차,2023-12-16,14:39,엑스코 앞,2023-12-18,2024-06-03
불법주정차,2023-12-16,14:40,엑스코 앞,2023-12-18,2024-06-03
불법주정차,2023-12-16,14:40,르노삼성자동차 침산점,2023-12-18,2024-06-03
불법주정차,2023-12-16,14:40,르노삼성자동차 침산점,2023-12-18,2024-06-03
불법주정차,2023-12-16,14:41,노원한신더휴 동문,2023-12-18,2024-06-03
불법주정차,2023-12-16,14:41,새동산산부인과,2023-12-18,2024-06-03
불법주정차,2023-12-16,14:41,침산 화성파크드림,2023-12-18,2024-06-03
불법주정차,2023-12-16,14:41,NC아울렛 앞 사거리,2023-12-18,2024-06-03
불법주정차,2023-12-16,14:42,엑스코 앞,2023-12-18,2024-06-03
불법주정차,2023-12-16,14:43,칠성동 꽃시장 (아름나라,2023-12-18,2024-06-03
불법주정차,2023-12-16,14:44,대학로 파리바게트 부근,2023-12-18,2024-06-03
불법주정차,2023-12-16,14:45,금정공원(보행자우선거리,2023-12-18,2024-06-03
불법주정차,2023-12-16,14:48,동평초등학교네거리,2023-12-18,2024-06-03
불법주정차,2023-12-16,14:50,NC아울렛 앞 사거리,2023-12-18,2024-06-03
불법주정차,2023-12-16,14:51,칠성동 꽃시장 (아름나라,2023-12-18,2024-06-03
불법주정차,2023-12-16,14:51,NC아울렛 앞 사거리,2023-12-18,2024-06-03
불법주정차,2023-12-16,14:52,칠성동 꽃시장 (아름나라,2023-12-18,2024-06-03
불법주정차,2023-12-16,14:52,칠성동 꽃시장 (아름나라,2023-12-18,2024-06-03
불법주정차,2023-12-16,14:54,노원한신더휴 남문,2023-12-18,2024-06-03
불법주정차,2023-12-16,14:56,대학로13길,2023-12-18,2024-06-03
불법주정차,2023-12-16,14:56,KB국민은행침산지점,2023-12-18,2024-06-03
불법주정차,2023-12-16,14:56,새동산산부인과,2023-12-18,2024-06-03
불법주정차,2023-12-16,14:57,새동산산부인과,2023-12-18,2024-06-03
불법주정차,2023-12-16,14:58,서변공영주차장 사거리,2023-12-18,2024-06-03
불법주정차,2023-12-16,14:59,북부초등학교,2023-12-18,2024-06-03
불법주정차,2023-12-16,15:00,태전동 중앙시장,2023-12-18,2024-06-03
불법주정차,2023-12-16,15:01,운암초등학교,2023-12-18,2024-06-03
불법주정차,2023-12-16,15:02,새동산산부인과,2023-12-18,2024-06-03
불법주정차,2023-12-16,15:03,구암동 797-8 부근 횡단보도,2023-12-21,2024-06-03
불법주정차,2023-12-16,15:03,침산동 265-11 부근 모퉁이,2023-12-21,2024-06-03
불법주정차,2023-12-16,15:04,금정공원(보행자우선거리,2023-12-18,2024-06-03
불법주정차,2023-12-16,15:05,엑스코 앞,2023-12-18,2024-06-03
불법주정차,2023-12-16,15:05,대현동 24-2 부근 횡단보도,2023-12-21,2024-06-03
불법주정차,2023-12-16,15:06,농협침산지점앞,2023-12-18,2024-06-03
불법주정차,2023-12-16,15:06,사수동 센스마트,2024-04-05,2024-06-03
불법주정차,2023-12-16,15:07,엑스코 앞,2023-12-18,2024-06-03
불법주정차,2023-12-16,15:07,오페라 클래시아,2023-12-18,2024-06-03
불법주정차,2023-12-16,15:07,태암초등학교,2023-12-18,2024-06-03
불법주정차,2023-12-16,15:08,칠성동 꽃시장 (아름나라,2023-12-18,2024-06-03
불법주정차,2023-12-16,15:10,엑스코 앞,2023-12-18,2024-06-03
불법주정차,2023-12-16,15:11,대학로 파리바게트 부근,2023-12-18,2024-06-03
불법주정차,2023-12-16,15:11,동천동회전교차로1,2023-12-18,2024-06-03
불법주정차,2023-12-16,15:11,르노삼성자동차 침산점,2023-12-18,2024-06-03
불법주정차,2023-12-16,15:12,복현동 368-1 부근 횡단보도,2023-12-21,2024-06-03
불법주정차,2023-12-16,15:13,북부초등학교,2023-12-18,2024-06-03
불법주정차,2023-12-16,15:17,금정공원(보행자우선거리,2023-12-18,2024-06-03
불법주정차,2023-12-16,15:19,대산초등학교,2023-12-18,2024-06-03
불법주정차,2023-12-16,15:20,태전중석타운 남편 도로,2023-12-18,2024-06-03
불법주정차,2023-12-16,15:21,엑스코 앞,2023-12-18,2024-06-03
불법주정차,2023-12-16,15:21,르노삼성자동차 침산점,2023-12-18,2024-06-03
불법주정차,2023-12-16,15:22,성삼우리신협 앞,2023-12-18,2024-06-03
불법주정차,2023-12-16,15:23,르노삼성자동차 침산점,2023-12-18,2024-06-03
불법주정차,2023-12-16,15:23,동천동회전교차로1,2023-12-18,2024-06-03
불법주정차,2023-12-16,15:24,NC아울렛 앞 사거리,2023-12-18,2024-06-03
불법주정차,2023-12-16,15:24,칠성동 꽃시장 (아름나라,2023-12-18,2024-06-03
불법주정차,2023-12-16,15:24,대구역 오페라더블유2,2023-12-18,2024-06-03
불법주정차,2023-12-16,15:26,노원한신더휴 동문,2023-12-18,2024-06-03
불법주정차,2023-12-16,15:29,태전동 중앙시장,2023-12-18,2024-06-03
불법주정차,2023-12-16,15:32,동대구시장,2023-12-18,2024-06-03
불법주정차,2023-12-16,15:32,엑스코 앞,2023-12-18,2024-06-03
불법주정차,2023-12-16,15:33,침산 화성파크드림,2023-12-18,2024-06-03
불법주정차,2023-12-16,15:35,농협침산지점앞,2023-12-18,2024-06-03
불법주정차,2023-12-16,15:37,침산1동회전교차로1,2023-12-18,2024-06-03
불법주정차,2023-12-16,15:37,대산초등학교,2023-12-18,2024-06-03
불법주정차,2023-12-16,15:38,성삼우리신협 앞,2023-12-18,2024-06-03
불법주정차,2023-12-16,15:38,매천중학교 건너,2023-12-18,2024-06-03
불법주정차,2023-12-16,15:39,엑스코 앞,2023-12-18,2024-06-03
불법주정차,2023-12-16,15:39,팔달초등학교,2023-12-18,2024-06-03
불법주정차,2023-12-16,15:40,새동산산부인과,2023-12-18,2024-06-03
불법주정차,2023-12-16,15:40,금정공원(보행자우선거리,2023-12-18,2024-06-03
불법주정차,2023-12-16,15:40,산격동 경대북문,2023-12-18,2024-06-03
불법주정차,2023-12-16,15:40,르노삼성자동차 침산점,2023-12-18,2024-06-03
불법주정차,2023-12-16,15:40,침산 화인탑펠리스,2023-12-18,2024-06-03
불법주정차,2023-12-16,15:44,오페라코오롱하늘채 앞,2023-12-18,2024-06-03
불법주정차,2023-12-16,15:44,동천동회전교차로1,2023-12-18,2024-06-03
불법주정차,2023-12-16,15:45,운암초등학교,2023-12-18,2024-06-03
불법주정차,2023-12-16,15:50,칠성동 꽃시장 (아름나라,2023-12-18,2024-06-03
불법주정차,2023-12-16,15:50,침산 화인탑펠리스,2023-12-18,2024-06-03
불법주정차,2023-12-16,15:51,학남초등학교 앞 사거리,2023-12-18,2024-06-03
불법주정차,2023-12-16,15:52,칠성동 꽃시장 (아름나라,2023-12-18,2024-06-03
불법주정차,2023-12-16,15:53,엑스코 앞,2023-12-18,2024-06-03
불법주정차,2023-12-16,15:54,대학로 파리바게트 부근,2023-12-18,2024-06-03
불법주정차,2023-12-16,15:54,새동산산부인과,2023-12-18,2024-06-03
불법주정차,2023-12-16,15:55,엑스코 앞,2023-12-18,2024-06-03
불법주정차,2023-12-16,15:56,칠성시장교통섬,2023-12-18,2024-06-03
불법주정차,2023-12-16,15:57,팔달초등학교,2023-12-18,2024-06-03
불법주정차,2023-12-16,15:59,대구역 오페라더블유2,2023-12-18,2024-06-03
불법주정차,2023-12-16,15:59,침산 화인탑펠리스,2023-12-18,2024-06-03
불법주정차,2023-12-16,16:01,NC아울렛 앞 사거리,2023-12-18,2024-06-03
불법주정차,2023-12-16,16:01,태전동 중앙시장,2023-12-18,2024-06-03
불법주정차,2023-12-16,16:01,사수동 962 부근 모퉁이,2023-12-26,2024-06-03
불법주정차,2023-12-16,16:02,침산 화성파크드림,2023-12-18,2024-06-03
불법주정차,2023-12-16,16:03,사수동 963 부근 횡단보도,2024-03-13,2024-06-03
불법주정차,2023-12-16,16:04,동천동회전교차로2,2023-12-18,2024-06-03
불법주정차,2023-12-16,16:04,침산 화성파크드림,2023-12-18,2024-06-03
불법주정차,2023-12-16,16:07,사수동 953 부근 모퉁이,2023-12-26,2024-06-03
불법주정차,2023-12-16,16:08,동아아울렛 뒷편,2023-12-18,2024-06-03
불법주정차,2023-12-16,16:08,르노삼성자동차 침산점,2023-12-18,2024-06-03
불법주정차,2023-12-16,16:11,농협침산지점앞,2023-12-18,2024-06-03
불법주정차,2023-12-16,16:11,노원한신더휴 남문,2023-12-18,2024-06-03
불법주정차,2023-12-16,16:12,대학로 파리바게트 부근,2023-12-18,2024-06-03
불법주정차,2023-12-16,16:12,엑스코 앞,2023-12-18,2024-06-03
불법주정차,2023-12-16,16:12,NC아울렛 앞 사거리,2023-12-18,2024-06-03
불법주정차,2023-12-16,16:14,서변공영주차장 사거리,2023-12-18,2024-06-03
불법주정차,2023-12-16,16:14,산격동 경대북문,2023-12-18,2024-06-03
불법주정차,2023-12-16,16:16,무지개공영주차장 부근,2023-12-18,2024-06-03
불법주정차,2023-12-16,16:18,오페라코오롱하늘채 앞,2023-12-18,2024-06-03
불법주정차,2023-12-16,16:18,산격동 1424-49 부근 횡단보도,2023-12-21,2024-06-03
불법주정차,2023-12-16,16:19,노원한신더휴 동문,2023-12-18,2024-06-03
불법주정차,2023-12-16,16:21,노원동1가 336 부근 인도,2023-12-21,2024-06-03
불법주정차,2023-12-16,16:22,영남네오빌아트 후문,2023-12-18,2024-06-03
불법주정차,2023-12-16,16:22,르노삼성자동차 침산점,2023-12-18,2024-06-03
불법주정차,2023-12-16,16:22,태전동 943 부근 횡단보도,2023-12-29,2024-06-03
불법주정차,2023-12-16,16:23,노원동1가 336 부근 인도,2023-12-21,2024-06-03
불법주정차,2023-12-16,16:30,매천삼거리,2023-12-18,2024-06-03
불법주정차,2023-12-16,16:31,침산 화성파크드림,2023-12-18,2024-06-03
불법주정차,2023-12-16,16:32,유림노르웨이숲,2023-12-18,2024-06-03
불법주정차,2023-12-16,16:32,노원한신더휴 동문,2023-12-18,2024-06-03
불법주정차,2023-12-16,16:34,오페라코오롱하늘채 앞,2023-12-18,2024-06-03
불법주정차,2023-12-16,16:34,경진초등학교,2023-12-18,2024-06-03
불법주정차,2023-12-16,16:35,북부초등학교,2023-12-18,2024-06-03
불법주정차,2023-12-16,16:36,엑스코 앞,2023-12-18,2024-06-03
불법주정차,2023-12-16,16:37,대학로 파리바게트 부근,2023-12-18,2024-06-03
불법주정차,2023-12-16,16:39,엑스코 앞,2023-12-18,2024-06-03
불법주정차,2023-12-16,16:39,노원한신더휴 동문,2023-12-18,2024-06-03
불법주정차,2023-12-16,16:41,서변공영주차장 사거리,2023-12-18,2024-06-03
불법주정차,2023-12-16,16:44,칠성시장교통섬,2023-12-18,2024-06-03
불법주정차,2023-12-16,16:44,칠성시장교통섬,2023-12-18,2024-06-03
불법주정차,2023-12-16,17:14,산격동 1397-44 부근,2023-12-21,2024-06-03
불법주정차,2023-12-16,18:21,산격동 1670 부근 횡단보도,2023-12-21,2024-06-03
불법주정차,2023-12-16,18:22,산격동 1676 부근 횡단보도,2023-12-21,2024-06-03
불법주정차,2023-12-16,18:22,산격동 1676 부근 횡단보도,2023-12-21,2024-06-03
불법주정차,2023-12-16,18:37,칠성동2가 42-11 부근 인도,2023-12-21,2024-06-03
불법주정차,2023-12-16,19:32,산격동 1327-7 부근,2023-12-21,2024-06-03
불법주정차,2023-12-16,19:32,산격동 1393-11 부근,2023-12-21,2024-06-03
불법주정차,2023-12-16,19:48,침산동 456-7 부근 인도,2023-12-21,2024-06-03
불법주정차,2023-12-16,20:06,서변동 941 부근 횡단보도,2023-12-21,2024-06-03
불법주정차,2023-12-16,20:50,산격동 1218-15 부근 모퉁이,2023-12-21,2024-06-03
불법주정차,2023-12-16,20:52,사수동 953 부근 횡단보도,2023-12-26,2024-06-03
불법주정차,2023-12-16,20:55,태전동 1035-6 부근 횡단보도,2023-12-26,2024-06-03
불법주정차,2023-12-16,20:58,사수동 962 부근 횡단보도,2023-12-26,2024-06-03
불법주정차,2023-12-16,21:01,사수동 967 부근 횡단보도,2023-12-26,2024-06-03
불법주정차,2023-12-16,21:04,서변동 1756-8 부근 횡단보도,2023-12-21,2024-06-03
불법주정차,2023-12-16,21:07,서변동 1756-8 부근 횡단보도,2023-12-21,2024-06-03
불법주정차,2023-12-16,21:09,서변동 1756-8 부근 횡단보도,2023-12-21,2024-06-03
불법주정차,2023-12-16,21:11,태전동 1240 부근 모퉁이,2023-12-26,2024-06-03
불법주정차,2023-12-16,21:12,금호동 796 부근 모퉁이,2023-12-26,2024-06-03
불법주정차,2023-12-16,21:13,금호동 802 부근 모퉁이,2023-12-26,2024-06-03
불법주정차,2023-12-16,21:17,금호동 807 부근 횡단보도,2023-12-26,2024-06-03
불법주정차,2023-12-16,21:22,동변동 660 부근 횡단보도,2023-12-21,2024-06-03
불법주정차,2023-12-16,22:27,서변동 1784 부근 모퉁이,2023-12-21,2024-06-03
불법주정차,2023-12-16,22:38,산격동 1686 부근 모퉁이,2023-12-21,2024-06-03
불법주정차,2023-12-16,23:32,산격동 1427-6 부근 횡단보도,2023-12-21,2024-06-03
불법주정차,2023-12-17,01:32,동천동 891 부근 소화전,2023-12-26,2024-06-03
불법주정차,2023-12-17,01:34,동천동 890 부근 횡단보도,2023-12-26,2024-06-03
불법주정차,2023-12-17,03:02,태전동 1023-10 부근 모퉁이,2023-12-28,2024-06-03
불법주정차,2023-12-17,07:53,침산동 456-7 부근 인도,2023-12-26,2024-06-03
불법주정차,2023-12-17,08:20,산격동 1101-3 부근 모퉁이,2023-12-26,2024-06-03
불법주정차,2023-12-17,08:44,검단동 1128-3 부근 횡단보도,2023-12-26,2024-06-03
불법주정차,2023-12-17,10:01,태현초등학교,2023-12-18,2024-06-03
불법주정차,2023-12-17,10:02,동천동회전교차로1,2023-12-18,2024-06-03
불법주정차,2023-12-17,10:02,운암초등학교,2023-12-18,2024-06-03
불법주정차,2023-12-17,10:02,동천동회전교차로1,2023-12-18,2024-06-03
불법주정차,2023-12-17,10:03,운암초등학교,2024-01-05,2024-06-03
불법주정차,2023-12-17,10:04,관천초등학교,2023-12-18,2024-06-03
불법주정차,2023-12-17,10:04,칠곡농협 관음지점,2023-12-18,2024-06-03
불법주정차,2023-12-17,10:04,태암초등학교,2023-12-18,2024-06-03
불법주정차,2023-12-17,10:04,운암고등학교,2023-12-18,2024-06-03
불법주정차,2023-12-17,10:04,대구역 오페라더블유2,2023-12-18,2024-06-03
불법주정차,2023-12-17,10:05,농협침산지점앞,2023-12-18,2024-06-03
불법주정차,2023-12-17,10:05,오페라코오롱하늘채 앞,2023-12-18,2024-06-03
불법주정차,2023-12-17,10:05,관천초등학교,2023-12-18,2024-06-03
불법주정차,2023-12-17,10:06,유림노르웨이숲,2023-12-18,2024-06-03
불법주정차,2023-12-17,10:06,사수동 센스마트,2023-12-18,2024-06-03
불법주정차,2023-12-17,10:06,운암지,2023-12-18,2024-06-03
불법주정차,2023-12-17,10:08,사수동 센스마트,2023-12-18,2024-06-03
불법주정차,2023-12-17,10:09,대구병원네거리,2023-12-18,2024-06-03
불법주정차,2023-12-17,10:09,칠곡우방타운 삼거리,2023-12-18,2024-06-03
불법주정차,2023-12-17,10:09,관천초등학교,2023-12-18,2024-06-03
불법주정차,2023-12-17,10:10,팔달동 대구수산시장,2023-12-18,2024-06-03
불법주정차,2023-12-17,10:10,새동산산부인과,2023-12-18,2024-06-03
불법주정차,2023-12-17,10:10,관음 상가,2023-12-18,2024-06-03
불법주정차,2023-12-17,10:12,칠곡초등학교 진입로,2023-12-18,2024-06-03
불법주정차,2023-12-17,10:12,대구일중학교 정문 앞,2023-12-18,2024-06-03
불법주정차,2023-12-17,10:13,금호서한이다음정문,2023-12-18,2024-06-03
불법주정차,2023-12-17,10:13,NC아울렛 앞 사거리,2023-12-18,2024-06-03
불법주정차,2023-12-17,10:13,장보고식자재마트 사거리,2023-12-18,2024-06-03
불법주정차,2023-12-17,10:14,칠성시장교통섬,2023-12-18,2024-06-03
불법주정차,2023-12-17,10:15,대구일중학교 정문 앞,2023-12-18,2024-06-03
불법주정차,2023-12-17,10:18,대구보건대,2023-12-18,2024-06-03
불법주정차,2023-12-17,10:18,운암지,2023-12-18,2024-06-03
불법주정차,2023-12-17,10:21,대구역 오페라더블유2,2023-12-18,2024-06-03
불법주정차,2023-12-17,10:24,유림노르웨이숲,2023-12-18,2024-06-03
불법주정차,2023-12-17,10:24,금호동 796 부근 모퉁이,2023-12-20,2024-06-03
불법주정차,2023-12-17,10:25,노원한신더휴 동문,2023-12-18,2024-06-03
불법주정차,2023-12-17,10:26,오페라 클래시아,2023-12-18,2024-06-03
불법주정차,2023-12-17,10:27,새동산산부인과,2023-12-18,2024-06-03
불법주정차,2023-12-17,10:27,노원한신더휴 동문,2023-12-18,2024-06-03
불법주정차,2023-12-17,10:29,침산 화인탑펠리스,2023-12-18,2024-06-03
불법주정차,2023-12-17,10:29,금호동 802 부근 모퉁이,2023-12-20,2024-06-03
불법주정차,2023-12-17,10:30,동대구시장,2023-12-18,2024-06-03
불법주정차,2023-12-17,10:30,NC아울렛 앞 사거리,2023-12-18,2024-06-03
불법주정차,2023-12-17,10:31,장보고식자재마트 사거리,2023-12-18,2024-06-03
불법주정차,2023-12-17,10:36,서변공영주차장 사거리,2023-12-18,2024-06-03
불법주정차,2023-12-17,10:37,산격동 경대북문,2023-12-18,2024-06-03
불법주정차,2023-12-17,10:38,대구일중학교 정문 앞,2023-12-18,2024-06-03
불법주정차,2023-12-17,10:39,운암고등학교,2023-12-18,2024-06-03
불법주정차,2023-12-17,10:39,새동산산부인과,2023-12-18,2024-06-03
불법주정차,2023-12-17,10:42,노원동3가 M병원,2023-12-18,2024-06-03
불법주정차,2023-12-17,10:43,오페라코오롱하늘채 앞,2023-12-18,2024-06-03
불법주정차,2023-12-17,10:45,운암고등학교,2023-12-18,2024-06-03
불법주정차,2023-12-17,10:47,침산 화성파크드림,2023-12-18,2024-06-03
불법주정차,2023-12-17,11:00,칠성시장 화재(소방),2023-12-18,2024-06-03
불법주정차,2023-12-17,11:09,대학로 파리바게트 부근,2023-12-18,2024-06-03
불법주정차,2023-12-17,11:14,서변동 1736-7 부근 모퉁이,2023-12-26,2024-06-03
불법주정차,2023-12-17,11:21,칠성시장 화재(소방),2023-12-18,2024-06-03
불법주정차,2023-12-17,11:29,산격동 1817 부근 인도,2023-12-26,2024-06-03
불법주정차,2023-12-17,11:44,대학로 파리바게트 부근,2023-12-18,2024-06-03
불법주정차,2023-12-17,11:45,대학로 파리바게트 부근,2023-12-18,2024-06-03
불법주정차,2023-12-17,11:57,웨딩메르디앙 앞,2023-12-18,2024-06-03
불법주정차,2023-12-17,12:00,사수동 831 부근 모퉁이,2023-12-26,2024-06-03
불법주정차,2023-12-17,12:16,무지개공영주차장 부근,2023-12-18,2024-06-03
불법주정차,2023-12-17,12:17,태전동 252-24 부근 인도,2023-12-28,2024-06-03
불법주정차,2023-12-17,12:18,대학로15길,2023-12-18,2024-06-03
불법주정차,2023-12-17,12:30,무지개공영주차장 부근,2023-12-18,2024-06-03
불법주정차,2023-12-17,12:35,태전동 244 부근 인도,2023-12-28,2024-06-03
불법주정차,2023-12-17,12:42,복현동 694 부근 모퉁이,2023-12-26,2024-06-03
불법주정차,2023-12-17,12:43,태전동 409-21 부근 인도,2023-12-28,2024-06-03
불법주정차,2023-12-17,12:46,침산동 133-40 부근 모퉁이,2023-12-28,2024-06-03
불법주정차,2023-12-17,12:50,관음동 1249-5 부근 횡단보도,2023-12-28,2024-06-03
불법주정차,2023-12-17,12:52,웨딩메르디앙 앞,2023-12-18,2024-06-03
불법주정차,2023-12-17,13:06,무지개공영주차장 부근,2023-12-18,2024-06-03
불법주정차,2023-12-17,13:14,무지개공영주차장 부근,2023-12-18,2024-06-03
불법주정차,2023-12-17,13:17,대학로 파리바게트 부근,2023-12-18,2024-06-03
불법주정차,2023-12-17,13:21,대학로23길,2023-12-18,2024-06-03
불법주정차,2023-12-17,13:27,무지개공영주차장 부근,2023-12-18,2024-06-03
불법주정차,2023-12-17,13:28,서변동 974-4 부근 횡단보도,2023-12-28,2024-06-03
불법주정차,2023-12-17,13:39,동천동 953-1 부근 횡단보도,2023-12-28,2024-06-03
불법주정차,2023-12-17,13:41,산격동 1428-12 부근 횡단보도,2023-12-28,2024-06-03
불법주정차,2023-12-17,14:23,사수동 953 부근 모퉁이,2023-12-28,2024-06-03
불법주정차,2023-12-17,14:25,사수동 908 부근 횡단보도,2023-12-28,2024-06-03
불법주정차,2023-12-17,14:25,산격동 1428-12 부근 모퉁이,2023-12-28,2024-06-03
불법주정차,2023-12-17,14:32,사수동 956 부근 횡단보도,2023-12-28,2024-06-03
불법주정차,2023-12-17,14:33,동아아울렛 뒷편,2023-12-18,2024-06-03
불법주정차,2023-12-17,14:34,대구일중학교 정문 앞,2023-12-18,2024-06-03
불법주정차,2023-12-17,14:34,침산 화인탑펠리스,2023-12-18,2024-06-03
불법주정차,2023-12-17,14:35,매천중학교 건너,2023-12-18,2024-06-03
불법주정차,2023-12-17,14:35,운암지,2023-12-18,2024-06-03
불법주정차,2023-12-17,14:35,대산초등학교,2023-12-18,2024-06-03
불법주정차,2023-12-17,14:35,대학로 파리바게트 부근,2023-12-18,2024-06-03
불법주정차,2023-12-17,14:35,침산 화성파크드림,2023-12-18,2024-06-03
불법주정차,2023-12-17,14:35,칠성초등학교 진입로,2023-12-18,2024-06-03
불법주정차,2023-12-17,14:35,칠곡초등학교,2023-12-18,2024-06-03
불법주정차,2023-12-17,14:36,산격동 경대북문,2023-12-18,2024-06-03
불법주정차,2023-12-17,14:37,엑스코 앞,2023-12-18,2024-06-03
불법주정차,2023-12-17,14:37,동천동회전교차로1,2023-12-18,2024-06-03
불법주정차,2023-12-17,14:38,동천동회전교차로1,2023-12-18,2024-06-03
불법주정차,2023-12-17,14:38,엑스코 앞,2023-12-18,2024-06-03
불법주정차,2023-12-17,14:38,동천동회전교차로1,2023-12-18,2024-06-03
불법주정차,2023-12-17,14:39,칠곡초등학교 진입로,2023-12-18,2024-06-03
불법주정차,2023-12-17,14:40,엑스코 앞,2023-12-18,2024-06-03
불법주정차,2023-12-17,14:40,무지개공영주차장 부근,2023-12-18,2024-06-03
불법주정차,2023-12-17,14:41,노원한신더휴 남문,2023-12-18,2024-06-03
불법주정차,2023-12-17,14:41,침산 화인탑펠리스,2023-12-18,2024-06-03
불법주정차,2023-12-17,14:43,엑스코 앞,2023-12-18,2024-06-03
불법주정차,2023-12-17,14:43,산격동 경대북문,2023-12-18,2024-06-03
불법주정차,2023-12-17,14:43,동천동 신한은행,2023-12-18,2024-06-03
불법주정차,2023-12-17,14:44,대구은행 복현지점,2023-12-18,2024-06-03
불법주정차,2023-12-17,14:44,엑스코 앞,2023-12-18,2024-06-03
불법주정차,2023-12-17,14:44,한영정형외과,2023-12-18,2024-06-03
불법주정차,2023-12-17,14:45,엑스코 앞,2023-12-18,2024-06-03
불법주정차,2023-12-17,14:45,노원한신더휴 동문,2023-12-18,2024-06-03
불법주정차,2023-12-17,14:46,동평초등학교네거리,2023-12-18,2024-06-03
불법주정차,2023-12-17,14:47,동천동회전교차로1,2023-12-18,2024-06-03
불법주정차,2023-12-17,14:48,대구은행 학정로 지점,2023-12-18,2024-06-03
불법주정차,2023-12-17,14:48,삼영초등학교,2023-12-18,2024-06-03
불법주정차,2023-12-17,14:48,르노삼성자동차 침산점,2023-12-18,2024-06-03
불법주정차,2023-12-17,14:49,칠곡초등학교 진입로,2023-12-18,2024-06-03
불법주정차,2023-12-17,14:50,새동산산부인과,2023-12-18,2024-06-03
불법주정차,2023-12-17,14:51,침산 화인탑펠리스,2023-12-18,2024-06-03
불법주정차,2023-12-17,14:52,운암지,2023-12-18,2024-06-03
불법주정차,2023-12-17,14:53,새동산산부인과,2023-12-18,2024-06-03
불법주정차,2023-12-17,14:54,동천동회전교차로2,2023-12-18,2024-06-03
불법주정차,2023-12-17,14:55,산격동 경대북문,2023-12-18,2024-06-03
불법주정차,2023-12-17,14:56,동천동회전교차로1,2023-12-18,2024-06-03
불법주정차,2023-12-17,14:56,산격동 엑스코 동문,2023-12-18,2024-06-03
불법주정차,2023-12-17,14:57,NC아울렛 앞 사거리,2023-12-18,2024-06-03
불법주정차,2023-12-17,14:57,동천동회전교차로1,2023-12-18,2024-06-03
불법주정차,2023-12-17,14:58,새동산산부인과,2023-12-18,2024-06-03
불법주정차,2023-12-17,14:59,새동산산부인과,2023-12-18,2024-06-03
불법주정차,2023-12-17,14:59,침산 화인탑펠리스,2023-12-18,2024-06-03
불법주정차,2023-12-17,14:59,대구병원네거리,2023-12-18,2024-06-03
불법주정차,2023-12-17,14:59,북부초등학교,2023-12-18,2024-06-03
불법주정차,2023-12-17,15:00,오페라코오롱하늘채 앞,2023-12-18,2024-06-03
불법주정차,2023-12-17,15:01,복현동 155 부근 횡단보도,2023-12-28,2024-06-03
불법주정차,2023-12-17,15:03,옥산초등학교,2023-12-18,2024-06-03
불법주정차,2023-12-17,15:04,침산 화성파크드림,2023-12-18,2024-06-03
불법주정차,2023-12-17,15:05,동천동회전교차로1,2023-12-18,2024-06-03
불법주정차,2023-12-17,15:05,NC아울렛 앞 사거리,2023-12-18,2024-06-03
불법주정차,2023-12-17,15:05,운암지,2023-12-18,2024-06-03
불법주정차,2023-12-17,15:06,칠성동 꽃시장 (아름나라,2023-12-18,2024-06-03
불법주정차,2023-12-17,15:08,노원한신더휴 동문,2023-12-18,2024-06-03
불법주정차,2023-12-17,15:11,대구일중학교 정문 앞,2023-12-18,2024-06-03
불법주정차,2023-12-17,15:12,코스트코 주차장 앞,2023-12-18,2024-06-03
불법주정차,2023-12-17,15:13,장보고식자재마트 사거리,2023-12-18,2024-06-03
불법주정차,2023-12-17,15:13,매천중학교 건너,2023-12-18,2024-06-03
불법주정차,2023-12-17,15:14,엑스코 앞,2023-12-18,2024-06-03
불법주정차,2023-12-17,15:17,오페라코오롱하늘채 앞,2023-12-18,2024-06-03
불법주정차,2023-12-17,15:18,노원한신더휴 남문,2023-12-18,2024-06-03
불법주정차,2023-12-17,15:18,농협침산지점앞,2023-12-18,2024-06-03
불법주정차,2023-12-17,15:18,칠곡시외버스하차장,2023-12-18,2024-06-03
불법주정차,2023-12-17,15:19,침산초등학교,2023-12-18,2024-06-03
불법주정차,2023-12-17,15:22,노원한신더휴 동문,2023-12-18,2024-06-03
불법주정차,2023-12-17,15:22,NC아울렛 앞 사거리,2023-12-18,2024-06-03
불법주정차,2023-12-17,15:22,산격동 경대북문,2023-12-18,2024-06-03
불법주정차,2023-12-17,15:25,사수동 센스마트,2023-12-18,2024-06-03
불법주정차,2023-12-17,15:25,엑스코 앞,2023-12-18,2024-06-03
불법주정차,2023-12-17,15:26,오페라코오롱하늘채 앞,2023-12-18,2024-06-03
불법주정차,2023-12-17,15:29,동천동회전교차로2,2023-12-18,2024-06-03
불법주정차,2023-12-17,15:32,산격동 엑스코 동문,2023-12-18,2024-06-03
불법주정차,2023-12-17,15:32,동천동회전교차로2,2023-12-18,2024-06-03
불법주정차,2023-12-17,15:33,침산 화인탑펠리스,2023-12-18,2024-06-03
불법주정차,2023-12-17,15:34,노원한신더휴 남문,2023-12-18,2024-06-03
불법주정차,2023-12-17,15:35,금호서한이다음정문,2023-12-18,2024-06-03
불법주정차,2023-12-17,15:35,노원한신더휴 동문,2023-12-18,2024-06-03
불법주정차,2023-12-17,15:35,칠성동 꽃시장 (아름나라,2023-12-18,2024-06-03
불법주정차,2023-12-17,15:36,동천동회전교차로1,2023-12-18,2024-06-03
불법주정차,2023-12-17,15:36,침산1동회전교차로1,2023-12-18,2024-06-03
불법주정차,2023-12-17,15:38,노원한신더휴 남문,2023-12-18,2024-06-03
불법주정차,2023-12-17,15:38,침산 화인탑펠리스,2023-12-18,2024-06-03
불법주정차,2023-12-17,15:38,동천동회전교차로1,2023-12-18,2024-06-03
불법주정차,2023-12-17,15:41,산격동 경대북문,2023-12-18,2024-06-03
불법주정차,2023-12-17,15:43,태전동 969-6 부근 모퉁이,2023-12-28,2024-06-03
불법주정차,2023-12-17,15:44,동아아울렛 뒷편,2023-12-18,2024-06-03
불법주정차,2023-12-17,15:45,엑스코 앞,2023-12-18,2024-06-03
불법주정차,2023-12-17,15:45,장보고식자재마트 사거리,2023-12-18,2024-06-03
불법주정차,2023-12-17,15:46,경진초등학교,2023-12-18,2024-06-03
불법주정차,2023-12-17,15:48,엑스코 앞,2023-12-18,2024-06-03
불법주정차,2023-12-17,15:48,새동산산부인과,2023-12-18,2024-06-03
불법주정차,2023-12-17,15:48,사수동 953 부근 횡단보도,2023-12-28,2024-06-03
불법주정차,2023-12-17,15:48,태전동 1023-12 부근 횡단보도,2023-12-28,2024-06-03
불법주정차,2023-12-17,15:49,금정공원(보행자우선거리,2023-12-18,2024-06-03
불법주정차,2023-12-17,15:49,노원한신더휴 남문,2023-12-18,2024-06-03
불법주정차,2023-12-17,15:49,동천동회전교차로2,2023-12-18,2024-06-03
불법주정차,2023-12-17,15:49,동대구시장,2023-12-18,2024-06-03
불법주정차,2023-12-17,15:51,대학로15길,2023-12-18,2024-06-03
불법주정차,2023-12-17,15:51,엑스코 앞,2023-12-18,2024-06-03
불법주정차,2023-12-17,15:51,새동산산부인과,2023-12-18,2024-06-03
불법주정차,2023-12-17,15:53,무지개공영주차장 부근,2023-12-18,2024-06-03
불법주정차,2023-12-17,15:54,동천동회전교차로1,2023-12-18,2024-06-03
불법주정차,2023-12-17,15:59,동천동회전교차로1,2023-12-18,2024-06-03
불법주정차,2023-12-17,15:59,운암지,2023-12-18,2024-06-03
불법주정차,2023-12-17,15:59,오페라코오롱하늘채 앞,2023-12-18,2024-06-03
불법주정차,2023-12-17,16:01,NC아울렛 앞 사거리,2023-12-18,2024-06-03
불법주정차,2023-12-17,16:01,동천동회전교차로2,2023-12-18,2024-06-03
불법주정차,2023-12-17,16:01,북부초등학교,2024-05-23,2024-06-03
불법주정차,2023-12-17,16:02,동천동회전교차로1,2023-12-18,2024-06-03
불법주정차,2023-12-17,16:03,동천동회전교차로1,2023-12-18,2024-06-03
불법주정차,2023-12-17,16:03,NC아울렛 앞 사거리,2023-12-18,2024-06-03
불법주정차,2023-12-17,16:04,노원한신더휴 남문,2023-12-18,2024-06-03
불법주정차,2023-12-17,16:06,운암지,2023-12-18,2024-06-03
불법주정차,2023-12-17,16:07,태암초등학교,2023-12-18,2024-06-03
불법주정차,2023-12-17,16:10,동아아울렛 뒷편,2023-12-18,2024-06-03
불법주정차,2023-12-17,16:12,침산 화성파크드림,2023-12-18,2024-06-03
불법주정차,2023-12-17,16:13,운암초등학교,2023-12-18,2024-06-03
불법주정차,2023-12-17,16:15,새동산산부인과,2023-12-18,2024-06-03
불법주정차,2023-12-17,16:17,경대북문 건너편,2023-12-18,2024-06-03
불법주정차,2023-12-17,16:17,동천동회전교차로2,2023-12-18,2024-06-03
불법주정차,2023-12-17,16:18,동아아울렛 뒷편,2023-12-18,2024-06-03
불법주정차,2023-12-17,16:18,동천동 참약국,2023-12-18,2024-06-03
불법주정차,2023-12-17,16:21,산격동 엑스코 동문,2023-12-18,2024-06-03
불법주정차,2023-12-17,16:23,팔달동 대구수산시장,2023-12-18,2024-06-03
불법주정차,2023-12-17,16:28,동천동 참약국,2023-12-18,2024-06-03
불법주정차,2023-12-17,16:28,구암동 671-10 부근 횡단보도,2023-12-28,2024-06-03
불법주정차,2023-12-17,16:29,산격동 경대북문,2023-12-18,2024-06-03
불법주정차,2023-12-17,16:31,관천초등학교,2023-12-18,2024-06-03
불법주정차,2023-12-17,16:32,장보고식자재마트 사거리,2023-12-18,2024-06-03
불법주정차,2023-12-17,16:33,산격동 엑스코 동문,2023-12-18,2024-06-03
불법주정차,2023-12-17,16:34,코스트코 주차장 앞,2023-12-18,2024-06-03
불법주정차,2023-12-17,16:36,NC아울렛 앞 사거리,2023-12-18,2024-06-03
불법주정차,2023-12-17,16:37,침산 화인탑펠리스,2023-12-18,2024-06-03
불법주정차,2023-12-17,16:40,엑스코 앞,2023-12-18,2024-06-03
불법주정차,2023-12-17,16:40,관음 상가,2023-12-18,2024-06-03
불법주정차,2023-12-17,16:40,북부초등학교,2023-12-18,2024-06-03
불법주정차,2023-12-17,16:40,엑스코 앞,2023-12-18,2024-06-03
불법주정차,2023-12-17,16:40,산격동 경대북문,2023-12-18,2024-06-03
불법주정차,2023-12-17,16:40,동천동 874-4 부근 모퉁이,2023-12-28,2024-06-03
불법주정차,2023-12-17,16:40,관음동 1372-2 부근 인도,2023-12-28,2024-06-03
불법주정차,2023-12-17,16:42,오페라트루엘시민의숲,2023-12-18,2024-06-03
불법주정차,2023-12-17,16:43,무지개공영주차장 부근,2023-12-18,2024-06-03
불법주정차,2023-12-17,16:44,새동산산부인과,2023-12-18,2024-06-03
불법주정차,2023-12-17,16:44,침산 화성파크드림,2023-12-18,2024-06-03
불법주정차,2023-12-17,16:44,동천동회전교차로2,2023-12-18,2024-06-03
불법주정차,2023-12-17,16:45,태암초등학교,2023-12-18,2024-06-03
불법주정차,2023-12-17,16:46,엑스코 앞,2023-12-18,2024-06-03
불법주정차,2023-12-17,16:48,동천동회전교차로1,2023-12-18,2024-06-03
불법주정차,2023-12-17,16:48,무지개공영주차장 부근,2023-12-18,2024-06-03
불법주정차,2023-12-17,17:19,태전동 1021-7 부근 인도,2023-12-28,2024-06-03
불법주정차,2023-12-17,17:21,태전동 1110 부근 소화전,2023-12-28,2024-06-03
불법주정차,2023-12-17,17:21,칠성동2가 369-1 부근 인도,2023-12-28,2024-06-03
불법주정차,2023-12-17,17:34,서변동 1756-8 부근 횡단보도,2023-12-28,2024-06-03
불법주정차,2023-12-17,17:35,서변동 1756-8 부근 횡단보도,2023-12-28,2024-06-03
불법주정차,2023-12-17,18:03,구암동 767-2 부근 인도,2023-12-28,2024-06-03
불법주정차,2023-12-17,18:09,침산동 1761 부근 횡단보도,2023-12-28,2024-06-03
불법주정차,2023-12-17,18:11,관음동 1378-7 부근 횡단보도,2023-12-28,2024-06-03
불법주정차,2023-12-17,18:25,산격동 1727 부근 횡단보도,2023-12-28,2024-06-03
불법주정차,2023-12-17,18:44,사수동 825 부근 모퉁이,2023-12-28,2024-06-03
불법주정차,2023-12-17,18:46,동변동 686-9 부근 횡단보도,2023-12-28,2024-06-03
불법주정차,2023-12-17,19:26,산격동 산 71-4 부근 횡단보도,2023-12-28,2024-06-03
불법주정차,2023-12-17,19:28,관음동 1378-8 부근 횡단보도,2023-12-28,2024-06-03
불법주정차,2023-12-17,19:42,서변동 1779 부근 횡단보도,2023-12-29,2024-06-03
불법주정차,2023-12-17,20:34,고성동3가 25-1 부근 횡단보도,2023-12-29,2024-06-03
불법주정차,2023-12-17,22:21,침산동 85-12 부근 소화전,2024-03-13,2024-06-03
불법주정차,2023-12-17,23:21,산격동 1498-56 부근 횡단보도,2023-12-29,2024-06-03
불법주정차,2023-12-17,23:24,산격동 1449-3 부근 모퉁이,2023-12-29,2024-06-03
불법주정차,2023-12-17,23:24,산격동 1449-3 부근 모퉁이,2023-12-29,2024-06-03
불법주정차,2023-12-17,23:30,산격동 1498-54 부근 횡단보도,2023-12-29,2024-06-03
불법주정차,2023-12-18,00:09,태전동 1023-13 부근 횡단보도,2023-12-20,2024-06-03
불법주정차,2023-12-18,07:02,운암초등학교,2023-12-19,2024-06-03
불법주정차,2023-12-18,07:03,침산1동회전교차로1,2023-12-19,2024-06-03
불법주정차,2023-12-18,07:04,대구역 오페라더블유2,2023-12-19,2024-06-03
불법주정차,2023-12-18,07:05,대구역 오페라더블유2,2023-12-19,2024-06-03
불법주정차,2023-12-18,07:06,칠곡초등학교 진입로,2023-12-19,2024-06-03
불법주정차,2023-12-18,07:06,칠곡초등학교 진입로,2023-12-19,2024-06-03
불법주정차,2023-12-18,07:07,거창식당 앞(칠성시장),2023-12-19,2024-06-03
불법주정차,2023-12-18,07:08,대구역 오페라더블유1,2023-12-19,2024-06-03
불법주정차,2023-12-18,07:08,코스트코 주차장 앞,2023-12-19,2024-06-03
불법주정차,2023-12-18,07:08,북부초등학교,2023-12-19,2024-06-03
불법주정차,2023-12-18,07:09,장보고식자재마트 사거리,2023-12-19,2024-06-03
불법주정차,2023-12-18,07:09,칠성동 꽃시장 (아름나라,2023-12-19,2024-06-03
불법주정차,2023-12-18,07:11,금정공원(보행자우선거리,2023-12-19,2024-06-03
불법주정차,2023-12-18,07:17,고성동1가 104-21 부근,2023-12-19,2024-06-03
불법주정차,2023-12-18,07:17,고성동1가 104-21 부근,2023-12-19,2024-06-03
불법주정차,2023-12-18,07:17,고성동1가 칠성남로 부근,2023-12-19,2024-06-03
불법주정차,2023-12-18,07:18,매천삼거리,2023-12-19,2024-06-03
불법주정차,2023-12-18,07:18,고성동1가 113-20 부근,2023-12-19,2024-06-03
불법주정차,2023-12-18,07:18,고성동1가 113-20 부근,2023-12-19,2024-06-03
불법주정차,2023-12-18,07:18,고성동1가 158-3 부근,2023-12-19,2024-06-03
불법주정차,2023-12-18,07:19,고성동1가 칠성남로 부근,2023-12-19,2024-06-03
불법주정차,2023-12-18,07:19,고성동1가 칠성남로 부근,2023-12-19,2024-06-03
불법주정차,2023-12-18,07:19,고성동1가 칠성남로 부근,2023-12-19,2024-06-03
불법주정차,2023-12-18,07:19,고성동1가 칠성남로 부근,2023-12-19,2024-06-03
불법주정차,2023-12-18,07:20,고성동1가 칠성남로 부근,2023-12-19,2024-06-03
불법주정차,2023-12-18,07:20,고성동1가 104-21 부근,2023-12-19,2024-06-03
불법주정차,2023-12-18,07:22,한영정형외과,2023-12-19,2024-06-03
불법주정차,2023-12-18,07:23,태전동 학정로 부근,2023-12-19,2024-06-03
불법주정차,2023-12-18,07:24,매천동 매천로18길 부근,2023-12-19,2024-06-03
불법주정차,2023-12-18,07:25,복현동 검단로 부근,2023-12-19,2024-06-03
불법주정차,2023-12-18,07:25,복현동 검단로 부근,2023-12-19,2024-06-03
불법주정차,2023-12-18,07:25,팔달동 매천로2길 부근,2023-12-19,2024-06-03
불법주정차,2023-12-18,07:25,팔달동 매천로2길 부근,2023-12-19,2024-06-03
불법주정차,2023-12-18,07:26,복현동 검단로 부근,2023-12-19,2024-06-03
불법주정차,2023-12-18,07:26,복현동 검단로 부근,2023-12-19,2024-06-03
불법주정차,2023-12-18,07:26,복현동 검단로 부근,2023-12-19,2024-06-03
불법주정차,2023-12-18,07:26,복현동 복현로 부근,2023-12-19,2024-06-03
불법주정차,2023-12-18,07:27,산격동 검단로 부근,2023-12-19,2024-06-03
불법주정차,2023-12-18,07:27,구암동 태암남로 부근,2023-12-19,2024-06-03
불법주정차,2023-12-18,07:28,구암동 태암남로11길 부근,2023-12-19,2024-06-03
불법주정차,2023-12-18,07:28,복현동 검단로 부근,2023-12-19,2024-06-03
불법주정차,2023-12-18,07:29,매천시장 3문,2023-12-19,2024-06-03
불법주정차,2023-12-18,07:29,팔달동 286-12 부근,2023-12-19,2024-06-03
불법주정차,2023-12-18,07:30,팔달동 286-12 부근,2023-12-19,2024-06-03
불법주정차,2023-12-18,07:30,금호동 산 103-1 부근,2023-12-19,2024-06-03
불법주정차,2023-12-18,07:30,금호동 산 103-1 부근,2023-12-19,2024-06-03
불법주정차,2023-12-18,07:31,대구역 오페라더블유1,2023-12-19,2024-06-03
불법주정차,2023-12-18,07:31,태전동 학정로 부근,2023-12-19,2024-06-03
불법주정차,2023-12-18,07:32,칠성시장 화재(소방),2023-12-19,2024-06-03
불법주정차,2023-12-18,07:32,태전동 칠곡중앙대로46길 부근,2023-12-19,2024-06-03
불법주정차,2023-12-18,07:32,태전동 칠곡중앙대로52길 부근,2023-12-19,2024-06-03
불법주정차,2023-12-18,07:32,태전동 칠곡중앙대로52길 부근,2023-12-19,2024-06-03
불법주정차,2023-12-18,07:33,태전동 칠곡중앙대로52길 부근,2023-12-19,2024-06-03
불법주정차,2023-12-18,07:33,태전동 칠곡중앙대로52길 부근,2023-12-19,2024-06-03
불법주정차,2023-12-18,07:33,태전동 칠곡중앙대로46길 부근,2023-12-19,2024-06-03
불법주정차,2023-12-18,07:45,대구역 오페라더블유2,2023-12-19,2024-06-03
불법주정차,2023-12-18,07:45,칠성시장 화재(소방),2023-12-19,2024-06-03
불법주정차,2023-12-18,07:48,금호동 한강로 부근,2023-12-19,2024-06-03
불법주정차,2023-12-18,07:49,사수동 한강로 부근,2023-12-19,2024-06-03
불법주정차,2023-12-18,07:51,구암동 666 부근,2023-12-19,2024-06-03
불법주정차,2023-12-18,07:51,금호동 한강로7길 부근,2023-12-19,2024-06-03
불법주정차,2023-12-18,07:52,구암동 팔거천동로 부근,2023-12-19,2024-06-03
불법주정차,2023-12-18,07:52,사수동 27-3 부근,2023-12-19,2024-06-03
불법주정차,2023-12-18,07:53,사수동 한강로4길 부근,2023-12-19,2024-06-03
불법주정차,2023-12-18,07:54,동천동 팔거천동로 부근,2023-12-19,2024-06-03
불법주정차,2023-12-18,07:56,사수동 한강로 부근,2023-12-19,2024-06-03
불법주정차,2023-12-18,07:58,노원동1가 509 부근 소화전,2023-12-20,2024-06-03
불법주정차,2023-12-18,08:00,구암동 팔거천동로 부근,2023-12-19,2024-06-03
불법주정차,2023-12-18,08:00,사수동 728 부근,2023-12-19,2024-06-03
불법주정차,2023-12-18,08:00,사수동 728 부근,2023-12-19,2024-06-03
불법주정차,2023-12-18,08:00,사수동 728 부근,2023-12-19,2024-06-03
불법주정차,2023-12-18,08:00,사수동 728 부근,2023-12-19,2024-06-03
불법주정차,2023-12-18,08:00,구암동 팔거천동로 부근,2023-12-19,2024-06-03
불법주정차,2023-12-18,08:02,동아아울렛 뒷편,2023-12-19,2024-06-03
불법주정차,2023-12-18,08:02,북부초등학교,2023-12-19,2024-06-03
불법주정차,2023-12-18,08:03,오페라 클래시아,2023-12-19,2024-06-03
불법주정차,2023-12-18,08:05,오페라트루엘시민의숲,2023-12-19,2024-06-03
불법주정차,2023-12-18,08:05,진성유치원 삼거리,2023-12-19,2024-06-03
불법주정차,2023-12-18,08:06,동변공원 사거리,2023-12-19,2024-06-03
불법주정차,2023-12-18,08:08,오페라 클래시아,2023-12-19,2024-06-03
불법주정차,2023-12-18,08:19,진성유치원 삼거리,2023-12-19,2024-06-03
불법주정차,2023-12-18,08:20,오페라 클래시아,2023-12-19,2024-06-03
불법주정차,2023-12-18,08:25,읍내동 1308 부근 횡단보도,2023-12-20,2024-06-03
불법주정차,2023-12-18,08:25,칠성동 꽃시장 (아름나라,2024-05-21,2024-06-03
불법주정차,2023-12-18,08:26,고성동2가 116-2 부근 인도,2023-12-20,2024-06-03
불법주정차,2023-12-18,08:32,동변공원 사거리,2023-12-19,2024-06-03
불법주정차,2023-12-18,08:38,서변동 1751-9 부근 횡단보도,2023-12-20,2024-06-03
불법주정차,2023-12-18,08:39,칠성동 꽃시장 (아름나라,2023-12-19,2024-06-03
불법주정차,2023-12-18,08:42,동변공원 사거리,2023-12-19,2024-06-03
불법주정차,2023-12-18,08:49,국우동 1085-2 부근 모퉁이,2023-12-20,2024-06-03
불법주정차,2023-12-18,08:58,노원한신더휴 남문,2023-12-19,2024-06-03
불법주정차,2023-12-18,09:11,칠성시장 화재(소방),2023-12-19,2024-06-03
불법주정차,2023-12-18,09:11,서변동 1750-7 부근 횡단보도,2023-12-20,2024-06-03
불법주정차,2023-12-18,09:16,동평초등학교네거리,2023-12-19,2024-06-03
불법주정차,2023-12-18,09:20,구암동 농협중앙회,2023-12-19,2024-06-03
불법주정차,2023-12-18,09:24,산격동 705-1 부근 인도,2024-01-17,2024-06-03
불법주정차,2023-12-18,09:25,영남네오빌아트 후문,2023-12-19,2024-06-03
불법주정차,2023-12-18,09:25,노원동1가 509 부근 소화전,2023-12-20,2024-06-03
불법주정차,2023-12-18,09:28,매천동 753 부근 모퉁이,2023-12-20,2024-06-03
불법주정차,2023-12-18,09:28,산격동 697-9 부근 인도,2024-03-18,2024-06-03
불법주정차,2023-12-18,09:39,칠성동 꽃시장 (아름나라,2023-12-19,2024-06-03
불법주정차,2023-12-18,09:48,대구역 오페라더블유2,2023-12-19,2024-06-03
불법주정차,2023-12-18,09:49,서변동 1787-10 부근 횡단보도,2023-12-20,2024-06-03
불법주정차,2023-12-18,09:51,거창식당 앞(칠성시장),2023-12-19,2024-06-03
불법주정차,2023-12-18,10:12,대구역 오페라더블유2,2023-12-19,2024-06-03
불법주정차,2023-12-18,10:14,경대정문,2023-12-19,2024-06-03
불법주정차,2023-12-18,10:18,새동산산부인과,2023-12-19,2024-06-03
불법주정차,2023-12-18,10:21,검단동 532-1 부근 버스정류소,2023-12-20,2024-06-03
불법주정차,2023-12-18,10:24,새동산산부인과,2023-12-19,2024-06-03
불법주정차,2023-12-18,10:26,칠성동 꽃시장 (아름나라,2023-12-19,2024-06-03
불법주정차,2023-12-18,10:28,팔달동 186-32 부근,2023-12-20,2024-06-03
불법주정차,2023-12-18,10:30,노원한신더휴 동문,2023-12-19,2024-06-03
불법주정차,2023-12-18,10:32,서변동 서변로 부근,2023-12-19,2024-06-03
불법주정차,2023-12-18,10:35,새동산산부인과,2023-12-19,2024-06-03
불법주정차,2023-12-18,10:37,매천동 매전로4길 부근,2023-12-19,2024-06-03
불법주정차,2023-12-18,10:38,진성유치원 삼거리,2023-12-19,2024-06-03
불법주정차,2023-12-18,10:38,서변동 서변로 부근,2023-12-19,2024-06-03
불법주정차,2023-12-18,10:38,서변동 서변로 부근,2023-12-19,2024-06-03
불법주정차,2023-12-18,10:38,복현동 479-4 부근 인도,2023-12-20,2024-06-03
불법주정차,2023-12-18,10:38,금호동 798 부근 모퉁이,2023-12-26,2024-06-03
불법주정차,2023-12-18,10:39,서변동 서변로 부근,2023-12-19,2024-06-03
불법주정차,2023-12-18,10:41,도남초등학교,2023-12-19,2024-06-03
불법주정차,2023-12-18,10:42,칠성시장교통섬,2023-12-19,2024-06-03
불법주정차,2023-12-18,10:43,금호서한이다음정문,2023-12-19,2024-06-03
불법주정차,2023-12-18,10:44,태전동 칠곡중앙대로53길 부근,2023-12-19,2024-06-03
불법주정차,2023-12-18,10:44,태전동 칠곡중앙대로53길 부근,2023-12-19,2024-06-03
불법주정차,2023-12-18,10:44,태전동 칠곡중앙대로53길 부근,2023-12-19,2024-06-03
불법주정차,2023-12-18,10:44,태전동 칠곡중앙대로53길 부근,2023-12-19,2024-06-03
불법주정차,2023-12-18,10:45,태전동 칠곡중앙대로53길 부근,2023-12-19,2024-06-03
불법주정차,2023-12-18,10:45,태전동 칠곡중앙대로53길 부근,2023-12-19,2024-06-03
불법주정차,2023-12-18,10:45,태전동 칠곡중앙대로55길 부근,2023-12-19,2024-06-03
불법주정차,2023-12-18,10:47,동아아울렛 뒷편,2023-12-19,2024-06-03
불법주정차,2023-12-18,10:48,오페라 클래시아,2023-12-19,2024-06-03
불법주정차,2023-12-18,10:52,태전동 1239 부근 횡단보도,2023-12-20,2024-06-03
불법주정차,2023-12-18,11:05,복현동 620 부근,2023-12-19,2024-06-03
불법주정차,2023-12-18,11:05,복현동 620 부근,2023-12-19,2024-06-03
불법주정차,2023-12-18,11:05,복현동 620 부근,2023-12-19,2024-06-03
불법주정차,2023-12-18,11:05,복현동 620 부근,2023-12-19,2024-06-03
불법주정차,2023-12-18,11:07,학정동 칠곡중앙대로136길 부근,2023-12-19,2024-06-03
불법주정차,2023-12-18,11:08,학정동 칠곡중앙대로136길 부근,2023-12-19,2024-06-03
불법주정차,2023-12-18,11:08,학정동 칠곡중앙대로136길 부근,2023-12-19,2024-06-03
불법주정차,2023-12-18,11:08,학정동 칠곡중앙대로136길 부근,2023-12-19,2024-06-03
불법주정차,2023-12-18,11:09,학정동 칠곡중앙대로136길 부근,2023-12-19,2024-06-03
불법주정차,2023-12-18,11:09,학정동 칠곡중앙대로136길 부근,2023-12-19,2024-06-03
불법주정차,2023-12-18,11:10,학정동 칠곡중앙대로136길 부근,2023-12-19,2024-06-03
불법주정차,2023-12-18,11:10,학정동 칠곡중앙대로136길 부근,2023-12-19,2024-06-03
불법주정차,2023-12-18,11:10,학정동 칠곡중앙대로136길 부근,2023-12-19,2024-06-03
불법주정차,2023-12-18,11:10,학정동 칠곡중앙대로136길 부근,2023-12-19,2024-06-03
불법주정차,2023-12-18,11:10,동호동 칠곡중앙대로136길 부근,2023-12-19,2024-06-03
불법주정차,2023-12-18,11:11,대학로 파리바게트 부근,2023-12-19,2024-06-03
불법주정차,2023-12-18,11:11,동호동 칠곡중앙대로136길 부근,2023-12-19,2024-06-03
불법주정차,2023-12-18,11:11,동호동 칠곡중앙대로136길 부근,2023-12-19,2024-06-03
불법주정차,2023-12-18,11:12,학정동 칠곡중앙대로136길 부근,2023-12-19,2024-06-03
불법주정차,2023-12-18,11:12,학정동 칠곡중앙대로136길 부근,2023-12-19,2024-06-03
불법주정차,2023-12-18,11:12,학정동 칠곡중앙대로136길 부근,2023-12-19,2024-06-03
불법주정차,2023-12-18,11:12,학정동 칠곡중앙대로136길 부근,2023-12-19,2024-06-03
불법주정차,2023-12-18,11:12,학정동 칠곡중앙대로136길 부근,2023-12-19,2024-06-03
불법주정차,2023-12-18,11:12,학정동 칠곡중앙대로136길 부근,2023-12-19,2024-06-03
불법주정차,2023-12-18,11:13,학정동 칠곡중앙대로136길 부근,2023-12-19,2024-06-03
불법주정차,2023-12-18,11:13,학정동 칠곡중앙대로136길 부근,2023-12-19,2024-06-03
불법주정차,2023-12-18,11:13,학정동 474 부근,2023-12-19,2024-06-03
불법주정차,2023-12-18,11:15,관음동 149-1 부근,2023-12-19,2024-06-03
불법주정차,2023-12-18,11:21,대학로23길,2023-12-19,2024-06-03
불법주정차,2023-12-18,11:40,동호동 팔거천동로 부근,2023-12-19,2024-06-03
불법주정차,2023-12-18,11:41,동호동 팔거천동로 부근,2023-12-19,2024-06-03
불법주정차,2023-12-18,11:41,동호동 팔거천동로 부근,2023-12-19,2024-06-03
불법주정차,2023-12-18,11:41,동호동 팔거천동로 부근,2023-12-19,2024-06-03
불법주정차,2023-12-18,11:41,동호동 팔거천동로 부근,2023-12-19,2024-06-03
불법주정차,2023-12-18,11:41,노원동3가 233 부근 소화전,2023-12-20,2024-06-03
불법주정차,2023-12-18,11:42,동호동 팔거천동로 부근,2023-12-19,2024-06-03
불법주정차,2023-12-18,11:47,침산동 침산로 부근,2023-12-19,2024-06-03
불법주정차,2023-12-18,11:48,침산동 노원로57길 부근,2023-12-19,2024-06-03
불법주정차,2023-12-18,12:00,산격동 1397-6 부근,2023-12-20,2024-06-03
불법주정차,2023-12-18,12:25,침산동 133-40 부근 모퉁이,2023-12-20,2024-06-03
불법주정차,2023-12-18,12:38,태전동 1037-5 부근 횡단보도,2023-12-20,2024-06-03
불법주정차,2023-12-18,12:43,무지개공영주차장 부근,2023-12-19,2024-06-03
불법주정차,2023-12-18,12:53,태전동 166 부근,2023-12-20,2024-06-03
불법주정차,2023-12-18,12:58,읍내동 354 부근 인도,2023-12-20,2024-06-03
불법주정차,2023-12-18,13:05,동천동 874-4 부근 횡단보도,2023-12-20,2024-06-03
불법주정차,2023-12-18,13:53,학정동 927-1 부근 횡단보도,2023-12-20,2024-06-03
불법주정차,2023-12-18,13:53,태전동 1008-9 부근 횡단보도,2023-12-20,2024-06-03
불법주정차,2023-12-18,14:31,구암동 태암남로 부근,2023-12-19,2024-06-03
불법주정차,2023-12-18,14:32,새동산산부인과,2023-12-19,2024-06-03
불법주정차,2023-12-18,14:32,태전동 태암남로 부근,2023-12-19,2024-06-03
불법주정차,2023-12-18,14:33,구암동 팔거천동로 부근,2023-12-19,2024-06-03
불법주정차,2023-12-18,14:34,구암동 팔거천동로 부근,2023-12-19,2024-06-03
불법주정차,2023-12-18,14:35,노원한신더휴 남문,2023-12-19,2024-06-03
불법주정차,2023-12-18,14:35,오페라코오롱하늘채 앞,2023-12-19,2024-06-03
불법주정차,2023-12-18,14:36,금정공원(보행자우선거리,2023-12-19,2024-06-03
불법주정차,2023-12-18,14:36,구암동 태암로 부근,2023-12-19,2024-06-03
불법주정차,2023-12-18,14:38,동천동회전교차로1,2023-12-19,2024-06-03
불법주정차,2023-12-18,14:38,노원한신더휴 남문,2023-12-19,2024-06-03
불법주정차,2023-12-18,14:39,구암동 구암로 부근,2023-12-19,2024-06-03
불법주정차,2023-12-18,14:42,동천동회전교차로1,2023-12-19,2024-06-03
불법주정차,2023-12-18,14:43,칠성동2가 침산로 부근,2023-12-19,2024-06-03
불법주정차,2023-12-18,14:48,칠성동2가 중앙대로 부근,2023-12-19,2024-06-03
불법주정차,2023-12-18,14:48,칠성동2가 중앙대로 부근,2023-12-19,2024-06-03
불법주정차,2023-12-18,14:48,칠성동2가 중앙대로 부근,2023-12-19,2024-06-03
불법주정차,2023-12-18,14:49,칠성동2가 중앙대로 부근,2023-12-19,2024-06-03
불법주정차,2023-12-18,14:49,칠성동2가 중앙대로 부근,2023-12-19,2024-06-03
불법주정차,2023-12-18,14:49,칠성동2가 중앙대로 부근,2023-12-19,2024-06-03
불법주정차,2023-12-18,14:50,칠성동2가 칠성로 부근,2023-12-19,2024-06-03
불법주정차,2023-12-18,14:51,칠성시장교통섬,2023-12-19,2024-06-03
불법주정차,2023-12-18,14:52,복현동 190-1 부근 횡단보도,2023-12-20,2024-06-03
불법주정차,2023-12-18,14:54,칠곡우방타운 삼거리,2023-12-19,2024-06-03
불법주정차,2023-12-18,14:54,성삼우리신협 앞,2023-12-19,2024-06-03
불법주정차,2023-12-18,14:55,칠성동2가 중앙대로106길 부근,2024-03-18,2024-06-03
불법주정차,2023-12-18,14:55,칠성동2가 중앙대로106길 부근,2023-12-19,2024-06-03
불법주정차,2023-12-18,14:59,구암동 구암로 부근,2023-12-19,2024-06-03
불법주정차,2023-12-18,14:59,구암동 학정로 부근,2023-12-19,2024-06-03
불법주정차,2023-12-18,15:00,복현동 76-1 부근,2023-12-20,2024-06-03
불법주정차,2023-12-18,15:01,구암동 구암로 부근,2023-12-19,2024-06-03
불법주정차,2023-12-18,15:02,동천동 팔거천동로 부근,2023-12-19,2024-06-03
불법주정차,2023-12-18,15:02,동천동 팔거천동로 부근,2023-12-19,2024-06-03
불법주정차,2023-12-18,15:02,동천동 팔거천동로 부근,2023-12-19,2024-06-03
불법주정차,2023-12-18,15:02,동천동 팔거천동로 부근,2023-12-19,2024-06-03
불법주정차,2023-12-18,15:02,동천동 팔거천동로 부근,2023-12-19,2024-06-03
불법주정차,2023-12-18,15:03,새동산산부인과,2023-12-19,2024-06-03
불법주정차,2023-12-18,15:03,동천동 동천로 부근,2023-12-19,2024-06-03
불법주정차,2023-12-18,15:03,동천동 동천로 부근,2023-12-19,2024-06-03
불법주정차,2023-12-18,15:03,동천동 동천로 부근,2023-12-19,2024-06-03
불법주정차,2023-12-18,15:03,동천동 동천로 부근,2023-12-19,2024-06-03
불법주정차,2023-12-18,15:03,동천동 동천로 부근,2023-12-19,2024-06-03
불법주정차,2023-12-18,15:03,동천동 동천로 부근,2023-12-19,2024-06-03
불법주정차,2023-12-18,15:03,동천동 971-5 부근 소화전,2023-12-20,2024-06-03
불법주정차,2023-12-18,15:04,동천동 팔거천동로 부근,2023-12-19,2024-06-03
불법주정차,2023-12-18,15:04,동천동 팔거천동로 부근,2024-04-29,2024-06-03
불법주정차,2023-12-18,15:06,동천동 팔거천동로26길 부근,2023-12-19,2024-06-03
불법주정차,2023-12-18,15:06,구암동 688-7 부근 모퉁이,2023-12-20,2024-06-03
불법주정차,2023-12-18,15:08,KB국민은행침산지점,2023-12-19,2024-06-03
불법주정차,2023-12-18,15:08,구암동 686-7 부근 모퉁이,2023-12-20,2024-06-03
불법주정차,2023-12-18,15:09,대학로 파리바게트 부근,2023-12-19,2024-06-03
불법주정차,2023-12-18,15:09,매천삼거리,2023-12-19,2024-06-03
불법주정차,2023-12-18,15:10,노원한신더휴 동문,2023-12-19,2024-06-03
불법주정차,2023-12-18,15:10,구암동 구암로39길 부근,2023-12-19,2024-06-03
불법주정차,2023-12-18,15:16,복현동 경대로19길 부근,2023-12-19,2024-06-03
불법주정차,2023-12-18,15:16,복현동 경대로19길 부근,2023-12-19,2024-06-03
불법주정차,2023-12-18,15:16,복현동 경대로19길 부근,2023-12-19,2024-06-03
불법주정차,2023-12-18,15:16,복현동 경대로19길 부근,2023-12-19,2024-06-03
불법주정차,2023-12-18,15:18,함지초등학교,2023-12-19,2024-06-03
불법주정차,2023-12-18,15:18,영남네오빌아트 후문,2023-12-19,2024-06-03
불법주정차,2023-12-18,15:19,진성유치원 삼거리,2023-12-19,2024-06-03
불법주정차,2023-12-18,15:19,사수동 953 부근 횡단보도,2023-12-20,2024-06-03
불법주정차,2023-12-18,15:22,고성동3가 옥산로 부근,2023-12-19,2024-06-03
불법주정차,2023-12-18,15:23,칠성초등학교 진입로,2023-12-19,2024-06-03
불법주정차,2023-12-18,15:23,노원한신더휴 남문,2023-12-19,2024-06-03
불법주정차,2023-12-18,15:23,산격동 대동로1길 부근,2023-12-19,2024-06-03
불법주정차,2023-12-18,15:23,산격동 대동로1길 부근,2023-12-19,2024-06-03
불법주정차,2023-12-18,15:23,사수동 956 부근 모퉁이,2023-12-20,2024-06-03
불법주정차,2023-12-18,15:25,남다른 감자탕,2023-12-19,2024-06-03
불법주정차,2023-12-18,15:25,동천동회전교차로1,2023-12-19,2024-06-03
불법주정차,2023-12-18,15:26,구암동 농협중앙회,2023-12-19,2024-06-03
불법주정차,2023-12-18,15:26,사수동 953 부근 모퉁이,2023-12-20,2024-06-03
불법주정차,2023-12-18,15:27,진성유치원 삼거리,2023-12-19,2024-06-03
불법주정차,2023-12-18,15:29,관천초등학교,2023-12-19,2024-06-03
불법주정차,2023-12-18,15:33,금호서한이다음정문,2023-12-19,2024-06-03
불법주정차,2023-12-18,15:33,새동산산부인과,2023-12-19,2024-06-03
불법주정차,2023-12-18,15:38,동천동회전교차로1,2023-12-19,2024-06-03
불법주정차,2023-12-18,15:38,새동산산부인과,2023-12-19,2024-06-03
불법주정차,2023-12-18,15:47,복현동 동북로57길 부근,2023-12-19,2024-06-03
불법주정차,2023-12-18,15:48,복현동 동북로57길 부근,2023-12-19,2024-06-03
불법주정차,2023-12-18,15:56,팔달동 88-7 부근,2023-12-20,2024-06-03
불법주정차,2023-12-18,15:58,칠성시장교통섬,2023-12-19,2024-06-03
불법주정차,2023-12-18,16:03,구암동 농협중앙회,2023-12-19,2024-06-03
불법주정차,2023-12-18,16:03,관음동 칠곡중앙대로91길 부근,2023-12-19,2024-06-03
불법주정차,2023-12-18,16:03,관음동 칠곡중앙대로91길 부근,2023-12-19,2024-06-03
불법주정차,2023-12-18,16:04,관음동 칠곡중앙대로91길 부근,2023-12-19,2024-06-03
불법주정차,2023-12-18,16:05,관음동 칠곡중앙대로91길 부근,2023-12-19,2024-06-03
불법주정차,2023-12-18,16:05,관음동 관음동로 부근,2023-12-19,2024-06-03
불법주정차,2023-12-18,16:05,침산동 성북로 부근,2023-12-19,2024-06-03
불법주정차,2023-12-18,16:05,침산동 성북로 부근,2023-12-19,2024-06-03
불법주정차,2023-12-18,16:05,침산동 성북로 부근,2023-12-19,2024-06-03
불법주정차,2023-12-18,16:06,노원한신더휴 동문,2023-12-19,2024-06-03
불법주정차,2023-12-18,16:07,북부초등학교,2023-12-19,2024-06-03
불법주정차,2023-12-18,16:07,성삼우리신협 앞,2023-12-19,2024-06-03
불법주정차,2023-12-18,16:07,침산동 성북로 부근,2023-12-19,2024-06-03
불법주정차,2023-12-18,16:07,침산동 침산로 부근,2023-12-19,2024-06-03
불법주정차,2023-12-18,16:08,침산동 침산로 부근,2023-12-19,2024-06-03
불법주정차,2023-12-18,16:08,읍내동 구암로 부근,2024-03-13,2024-06-03
불법주정차,2023-12-18,16:10,읍내동 칠곡중앙대로 부근,2023-12-19,2024-06-03
불법주정차,2023-12-18,16:10,읍내동 칠곡중앙대로 부근,2023-12-19,2024-06-03
불법주정차,2023-12-18,16:10,읍내동 칠곡중앙대로 부근,2023-12-19,2024-06-03
불법주정차,2023-12-18,16:10,복현동 검단로 부근,2023-12-19,2024-06-03
불법주정차,2023-12-18,16:10,읍내동 칠곡중앙대로86길 부근,2024-05-16,2024-06-03
불법주정차,2023-12-18,16:11,복현동 검단로 부근,2023-12-19,2024-06-03
불법주정차,2023-12-18,16:11,관음동 칠곡중앙대로 부근,2023-12-19,2024-06-03
불법주정차,2023-12-18,16:11,관음동 관음동로 부근,2023-12-19,2024-06-03
불법주정차,2023-12-18,16:12,관음동 관음동로 부근,2023-12-19,2024-06-03
불법주정차,2023-12-18,16:12,관음동 관음동로 부근,2023-12-19,2024-06-03
불법주정차,2023-12-18,16:12,침산동 침산로 부근,2023-12-19,2024-06-03
불법주정차,2023-12-18,16:12,관음동 칠곡중앙대로 부근,2023-12-19,2024-06-03
불법주정차,2023-12-18,16:12,침산동 침산로 부근,2023-12-19,2024-06-03
불법주정차,2023-12-18,16:12,침산동 침산로 부근,2023-12-19,2024-06-03
불법주정차,2023-12-18,16:12,검단동 검단로 부근,2023-12-19,2024-06-03
불법주정차,2023-12-18,16:14,동천동회전교차로1,2023-12-19,2024-06-03
불법주정차,2023-12-18,16:14,검단동 검단공단로 부근,2023-12-19,2024-06-03
불법주정차,2023-12-18,16:14,검단동 검단공단로 부근,2023-12-19,2024-06-03
불법주정차,2023-12-18,16:14,검단동 검단공단로 부근,2023-12-19,2024-06-03
불법주정차,2023-12-18,16:14,검단동 검단공단로 부근,2023-12-19,2024-06-03
불법주정차,2023-12-18,16:14,검단동 검단공단로 부근,2023-12-19,2024-06-03
불법주정차,2023-12-18,16:14,침산동 133-40 부근 모퉁이,2024-01-17,2024-06-03
불법주정차,2023-12-18,16:15,침산동 133-40 부근 모퉁이,2023-12-20,2024-06-03
불법주정차,2023-12-18,16:19,복현동 검단로 부근,2023-12-19,2024-06-03
불법주정차,2023-12-18,16:21,노원한신더휴 동문,2023-12-19,2024-06-03
불법주정차,2023-12-18,16:23,칠성시장교통섬,2023-12-19,2024-06-03
불법주정차,2023-12-18,16:24,동천동 참약국,2023-12-19,2024-06-03
불법주정차,2023-12-18,16:24,금정공원(보행자우선거리,2023-12-19,2024-06-03
불법주정차,2023-12-18,16:25,한영정형외과,2023-12-19,2024-06-03
불법주정차,2023-12-18,16:26,사수동 센스마트,2023-12-19,2024-06-03
불법주정차,2023-12-18,16:27,서변동 941 부근 횡단보도,2023-12-20,2024-06-03
불법주정차,2023-12-18,16:30,농협침산지점앞,2023-12-19,2024-06-03
불법주정차,2023-12-18,16:31,연경동 연경지묘로 부근,2023-12-19,2024-06-03
불법주정차,2023-12-18,16:31,연경동 연경지묘로 부근,2023-12-19,2024-06-03
불법주정차,2023-12-18,16:31,연경동 동화천로 부근,2023-12-19,2024-06-03
불법주정차,2023-12-18,16:31,연경동 동화천로 부근,2023-12-19,2024-06-03
불법주정차,2023-12-18,16:32,연경동 동화천로 부근,2023-12-19,2024-06-03
불법주정차,2023-12-18,16:32,연경동 동화천로 부근,2023-12-19,2024-06-03
불법주정차,2023-12-18,16:32,연경동 동화천로 부근,2023-12-19,2024-06-03
불법주정차,2023-12-18,16:32,연경동 동화천로 부근,2023-12-19,2024-06-03
불법주정차,2023-12-18,16:33,진성유치원 삼거리,2023-12-19,2024-06-03
불법주정차,2023-12-18,16:33,대구역 오페라더블유2,2023-12-19,2024-06-03
불법주정차,2023-12-18,16:33,연경동 연경중앙로 부근,2023-12-19,2024-06-03
불법주정차,2023-12-18,16:33,서변동 1786 부근 횡단보도,2023-12-20,2024-06-03
불법주정차,2023-12-18,16:34,칠성시장교통섬,2023-12-19,2024-06-03
불법주정차,2023-12-18,16:34,태전동 관음로 부근,2023-12-19,2024-06-03
불법주정차,2023-12-18,16:34,태전동 관음로 부근,2023-12-19,2024-06-03
불법주정차,2023-12-18,16:35,연경동 연경중앙로 부근,2023-12-19,2024-06-03
불법주정차,2023-12-18,16:35,연경동 연경중앙로 부근,2023-12-19,2024-06-03
불법주정차,2023-12-18,16:35,연경동 연경중앙로 부근,2023-12-19,2024-06-03
불법주정차,2023-12-18,16:35,대현동 482-11 부근 모퉁이,2023-12-20,2024-06-03
불법주정차,2023-12-18,16:36,연경동 동화천로 부근,2023-12-19,2024-06-03
불법주정차,2023-12-18,16:37,노원한신더휴 남문,2023-12-19,2024-06-03
불법주정차,2023-12-18,16:37,태전동 태전로19길 부근,2023-12-19,2024-06-03
불법주정차,2023-12-18,16:39,칠성동 꽃시장 (아름나라,2023-12-19,2024-06-03
불법주정차,2023-12-18,16:41,금정공원(보행자우선거리,2023-12-19,2024-06-03
불법주정차,2023-12-18,16:41,대구일중학교 정문 앞,2023-12-19,2024-06-03
불법주정차,2023-12-18,16:43,노원한신더휴 동문,2023-12-19,2024-06-03
불법주정차,2023-12-18,16:44,북부초등학교,2023-12-19,2024-06-03
불법주정차,2023-12-18,16:47,동천동회전교차로2,2023-12-19,2024-06-03
불법주정차,2023-12-18,16:47,금호서한이다음정문,2023-12-19,2024-06-03
불법주정차,2023-12-18,16:48,관천초등학교,2023-12-19,2024-06-03
불법주정차,2023-12-18,16:48,산격동 1409-11 부근 횡단보도,2023-12-20,2024-06-03
불법주정차,2023-12-18,16:50,오페라트루엘시민의숲,2023-12-19,2024-06-03
불법주정차,2023-12-18,16:51,금호서한이다음정문,2023-12-19,2024-06-03
불법주정차,2023-12-18,16:56,북부초등학교,2023-12-19,2024-06-03
불법주정차,2023-12-18,17:03,칠곡초등학교 진입로,2023-12-19,2024-06-03
불법주정차,2023-12-18,17:05,칠성시장 화재(소방),2023-12-19,2024-06-03
불법주정차,2023-12-18,17:06,무지개공영주차장 부근,2023-12-19,2024-06-03
불법주정차,2023-12-18,17:06,칠성시장 화재(소방),2023-12-19,2024-06-03
불법주정차,2023-12-18,17:10,오페라코오롱하늘채 앞,2023-12-19,2024-06-03
불법주정차,2023-12-18,17:13,노원한신더휴 남문,2023-12-19,2024-06-03
불법주정차,2023-12-18,17:16,금정공원(보행자우선거리,2023-12-19,2024-06-03
불법주정차,2023-12-18,17:19,대구역 오페라더블유2,2023-12-19,2024-06-03
불법주정차,2023-12-18,17:28,산격동 1429-17 부근 인도,2023-12-20,2024-06-03
불법주정차,2023-12-18,17:29,산격동 1429-17 부근 인도,2023-12-20,2024-06-03
불법주정차,2023-12-18,17:31,산격동 1429-12 부근 인도,2023-12-20,2024-06-03
불법주정차,2023-12-18,17:33,산격동 846-43 부근 인도,2023-12-20,2024-06-03
불법주정차,2023-12-18,18:07,복현동 234-5 부근 모퉁이,2023-12-20,2024-06-03
불법주정차,2023-12-18,18:07,복현동 234-5 부근 횡단보도,2023-12-20,2024-06-03
불법주정차,2023-12-18,18:09,복현동 694 부근 횡단보도,2023-12-20,2024-06-03
불법주정차,2023-12-18,18:11,복현동 694 부근 모퉁이,2023-12-20,2024-06-03
불법주정차,2023-12-18,18:11,복현동 694 부근 횡단보도,2023-12-20,2024-06-03
불법주정차,2023-12-18,18:13,복현동 301-17 부근 모퉁이,2023-12-20,2024-06-03
불법주정차,2023-12-18,18:17,태전동 957-2 부근 모퉁이,2023-12-20,2024-06-03
불법주정차,2023-12-18,18:18,복현동 265-1 부근 횡단보도,2023-12-20,2024-06-03
불법주정차,2023-12-18,18:52,관음동 1323 부근 횡단보도,2023-12-20,2024-06-03
불법주정차,2023-12-18,18:58,복현동 713 부근,2023-12-20,2024-06-03
불법주정차,2023-12-18,18:58,복현동 713 부근,2023-12-20,2024-06-03
불법주정차,2023-12-18,18:58,복현동 713 부근,2023-12-20,2024-06-03
불법주정차,2023-12-18,18:59,복현동 713 부근,2023-12-20,2024-06-03
불법주정차,2023-12-18,18:59,복현동 713 부근,2023-12-20,2024-06-03
불법주정차,2023-12-18,18:59,복현동 713 부근,2023-12-20,2024-06-03
불법주정차,2023-12-18,19:01,복현동 477-1 부근 모퉁이,2023-12-20,2024-06-03
불법주정차,2023-12-18,19:05,사수동 826 부근 모퉁이,2023-12-20,2024-06-03
불법주정차,2023-12-18,19:09,산격동 1397-44 부근,2023-12-20,2024-06-03
불법주정차,2023-12-18,19:10,사수동 831 부근 모퉁이,2023-12-20,2024-06-03
불법주정차,2023-12-18,19:25,산격동 1428-12 부근 모퉁이,2023-12-20,2024-06-03
불법주정차,2023-12-18,19:30,산격동 1498-56 부근 모퉁이,2023-12-20,2024-06-03
불법주정차,2023-12-18,19:31,산격동 1449-3 부근 모퉁이,2023-12-20,2024-06-03
불법주정차,2023-12-18,19:33,산격동 1498-58 부근 모퉁이,2023-12-20,2024-06-03
불법주정차,2023-12-18,20:09,구암동 824-9 부근 횡단보도,2023-12-26,2024-06-03
불법주정차,2023-12-18,20:15,칠성동2가 369-1 부근 횡단보도,2023-12-20,2024-06-03
불법주정차,2023-12-18,20:19,대현동 24-3 부근 모퉁이,2023-12-20,2024-06-03
불법주정차,2023-12-18,20:20,서변동 941 부근 횡단보도,2023-12-20,2024-06-03
불법주정차,2023-12-18,20:31,구암동 769-1 부근 모퉁이,2023-12-20,2024-06-03
불법주정차,2023-12-18,20:37,산격동 485-19 부근 횡단보도,2023-12-20,2024-06-03
불법주정차,2023-12-18,20:44,동천동 901-2 부근 횡단보도,2023-12-20,2024-06-03
불법주정차,2023-12-18,20:52,동천동 896-1 부근 횡단보도,2023-12-20,2024-06-03
불법주정차,2023-12-18,20:53,산격동 1428-12 부근 횡단보도,2023-12-20,2024-06-03
불법주정차,2023-12-18,20:54,동천동 897-5 부근 횡단보도,2023-12-20,2024-06-03
불법주정차,2023-12-18,20:54,대현동 24-3 부근 모퉁이,2023-12-20,2024-06-03
불법주정차,2023-12-18,20:56,산격동 1425-26 부근 횡단보도,2023-12-20,2024-06-03
불법주정차,2023-12-18,21:34,복현동 694 부근 모퉁이,2023-12-20,2024-06-03
불법주정차,2023-12-18,21:38,복현동 694 부근 횡단보도,2023-12-20,2024-06-03
불법주정차,2023-12-18,21:51,복현동 492-6 부근 횡단보도,2023-12-20,2024-06-03
불법주정차,2023-12-18,21:59,관음동 1323-9 부근 교차로,2023-12-20,2024-06-03
불법주정차,2023-12-18,22:17,산격동 1416-57 부근 모퉁이,2023-12-20,2024-06-03
불법주정차,2023-12-18,22:29,구암동 653-4 부근 횡단보도,2023-12-20,2024-06-03
불법주정차,2023-12-18,22:36,관음동 1268-23 부근 횡단보도,2023-12-20,2024-06-03
불법주정차,2023-12-18,23:02,동천동 910-1 부근 횡단보도,2023-12-20,2024-06-03
불법주정차,2023-12-18,23:05,동천동 899-3 부근 횡단보도,2023-12-20,2024-06-03
불법주정차,2023-12-18,23:25,서변동 747-1 부근 모퉁이,2023-12-20,2024-06-03
불법주정차,2023-12-19,01:17,태전동 1023-10 부근 모퉁이,2023-12-26,2024-06-03
불법주정차,2023-12-19,02:29,산격동 1424-48 부근 모퉁이,2023-12-26,2024-06-03
불법주정차,2023-12-19,07:04,운암초등학교,2023-12-20,2024-06-03
불법주정차,2023-12-19,07:05,대구역 오페라더블유2,2023-12-20,2024-06-03
불법주정차,2023-12-19,07:05,대구역 오페라더블유2,2023-12-20,2024-06-03
불법주정차,2023-12-19,07:06,복현동 시티병원,2023-12-20,2024-06-03
불법주정차,2023-12-19,07:06,대구역 오페라더블유2,2023-12-20,2024-06-03
불법주정차,2023-12-19,07:06,침산 화성파크드림,2023-12-20,2024-06-03
불법주정차,2023-12-19,07:07,관천초등학교,2023-12-20,2024-06-03
불법주정차,2023-12-19,07:11,연경 동화아이위시 앞,2023-12-20,2024-06-03
불법주정차,2023-12-19,07:13,칠성시장교통섬,2023-12-20,2024-06-03
불법주정차,2023-12-19,07:17,칠성시장 화재(소방),2023-12-20,2024-06-03
불법주정차,2023-12-19,07:22,침산1동회전교차로2,2023-12-20,2024-06-03
불법주정차,2023-12-19,07:23,고성동1가 104-21 부근,2023-12-20,2024-06-03
불법주정차,2023-12-19,07:23,고성동1가 104-21 부근,2023-12-20,2024-06-03
불법주정차,2023-12-19,07:23,고성동1가 칠성남로 부근,2023-12-20,2024-06-03
불법주정차,2023-12-19,07:23,고성동1가 113-20 부근,2023-12-20,2024-06-03
불법주정차,2023-12-19,07:23,고성동1가 113-20 부근,2023-12-20,2024-06-03
불법주정차,2023-12-19,07:23,고성동1가 113-20 부근,2023-12-20,2024-06-03
불법주정차,2023-12-19,07:23,고성동1가 113-20 부근,2023-12-20,2024-06-03
불법주정차,2023-12-19,07:23,고성동1가 113-20 부근,2023-12-20,2024-06-03
불법주정차,2023-12-19,07:23,고성동1가 113-20 부근,2023-12-20,2024-06-03
불법주정차,2023-12-19,07:23,고성동1가 158-3 부근,2023-12-20,2024-06-03
불법주정차,2023-12-19,07:24,연경동 연경중앙로 부근,2023-12-20,2024-06-03
불법주정차,2023-12-19,07:24,연경동 연경중앙로 부근,2023-12-20,2024-06-03
불법주정차,2023-12-19,07:25,연경동 연경중앙로 부근,2023-12-20,2024-06-03
불법주정차,2023-12-19,07:25,연경동 연경중앙로 부근,2023-12-20,2024-06-03
불법주정차,2023-12-19,07:26,동천동회전교차로2,2023-12-20,2024-06-03
불법주정차,2023-12-19,07:26,고성동1가 104-21 부근,2023-12-20,2024-06-03
불법주정차,2023-12-19,07:26,고성동1가 104-21 부근,2023-12-20,2024-06-03
불법주정차,2023-12-19,07:26,고성동1가 104-21 부근,2023-12-20,2024-06-03
불법주정차,2023-12-19,07:28,연경동 연경중앙로11길 부근,2023-12-20,2024-06-03
불법주정차,2023-12-19,07:31,관천초등학교,2023-12-20,2024-06-03
불법주정차,2023-12-19,07:31,태전동 칠곡중앙대로 부근,2023-12-20,2024-06-03
불법주정차,2023-12-19,07:33,태전동 팔거천서로17  부근,2023-12-20,2024-06-03
불법주정차,2023-12-19,07:35,대구보건대,2023-12-20,2024-06-03
불법주정차,2023-12-19,07:36,칠성시장 화재(소방),2023-12-20,2024-06-03
불법주정차,2023-12-19,07:38,읍내동 구암로21길 부근,2023-12-20,2024-06-03
불법주정차,2023-12-19,07:38,읍내동 구암로21길 부근,2023-12-20,2024-06-03
불법주정차,2023-12-19,07:41,코스트코 주차장 앞,2023-12-20,2024-06-03
불법주정차,2023-12-19,07:47,대구역 오페라더블유2,2023-12-20,2024-06-03
불법주정차,2023-12-19,07:48,동변동 동변로 부근,2023-12-20,2024-06-03
불법주정차,2023-12-19,07:48,동변동 동변로 부근,2023-12-20,2024-06-03
불법주정차,2023-12-19,07:48,동변동 동변로 부근,2023-12-20,2024-06-03
불법주정차,2023-12-19,07:59,태전동 중앙시장,2023-12-20,2024-06-03
불법주정차,2023-12-19,07:59,관음동 관음로 부근,2023-12-20,2024-06-03
불법주정차,2023-12-19,07:59,노원동1가 509 부근 소화전,2023-12-26,2024-06-03
불법주정차,2023-12-19,08:00,관음동 149-1 부근,2023-12-20,2024-06-03
불법주정차,2023-12-19,08:00,읍내동 1248-4 부근,2023-12-20,2024-06-03
불법주정차,2023-12-19,08:06,오페라 클래시아,2023-12-20,2024-06-03
불법주정차,2023-12-19,08:09,읍내동 1234-7 부근 횡단보도,2024-03-13,2024-06-03
불법주정차,2023-12-19,08:15,칠성동2가 302-219 부근 인도,2023-12-26,2024-06-03
불법주정차,2023-12-19,08:22,서변동 1751-9 부근 모퉁이,2023-12-26,2024-06-03
불법주정차,2023-12-19,08:26,오페라 클래시아,2023-12-20,2024-06-03
불법주정차,2023-12-19,08:30,동천동회전교차로1,2023-12-20,2024-06-03
불법주정차,2023-12-19,08:32,칠성시장 화재(소방),2023-12-20,2024-06-03
불법주정차,2023-12-19,08:32,산격동 478-25 부근 모퉁이,2023-12-26,2024-06-03
불법주정차,2023-12-19,08:35,산격동 462-20 부근 모퉁이,2023-12-26,2024-06-03
불법주정차,2023-12-19,08:36,오페라트루엘시민의숲,2023-12-20,2024-06-03
불법주정차,2023-12-19,08:37,고성동3가 71-1 부근 소화전,2023-12-26,2024-06-03
불법주정차,2023-12-19,08:53,칠성시장 화재(소방),2023-12-20,2024-06-03
불법주정차,2023-12-19,09:06,사수동 831 부근 모퉁이,2023-12-26,2024-06-03
불법주정차,2023-12-19,09:12,노원한신더휴 동문,2023-12-20,2024-06-03
불법주정차,2023-12-19,09:13,북부초등학교,2023-12-20,2024-06-03
불법주정차,2023-12-19,09:18,오페라 클래시아,2023-12-20,2024-06-03
불법주정차,2023-12-19,09:23,동천동 951-3 부근 인도,2023-12-26,2024-06-03
불법주정차,2023-12-19,09:32,침산동 매일천막 앞,2023-12-20,2024-06-03
불법주정차,2023-12-19,09:41,사수동 821 부근 모퉁이,2023-12-26,2024-06-03
불법주정차,2023-12-19,09:52,노원한신더휴 동문,2023-12-20,2024-06-03
불법주정차,2023-12-19,09:54,대구역 오페라더블유2,2023-12-20,2024-06-03
불법주정차,2023-12-19,09:59,새동산산부인과,2023-12-20,2024-06-03
불법주정차,2023-12-19,10:01,매천삼거리,2023-12-20,2024-06-03
불법주정차,2023-12-19,10:12,칠성시장 화재(소방),2023-12-20,2024-06-03
불법주정차,2023-12-19,10:16,태전동 1124 부근 횡단보도,2023-12-26,2024-06-03
불법주정차,2023-12-19,10:21,대구은행 복현지점,2023-12-20,2024-06-03
불법주정차,2023-12-19,10:22,노원한신더휴 남문,2023-12-20,2024-06-03
불법주정차,2023-12-19,10:26,농협침산지점앞,2023-12-20,2024-06-03
불법주정차,2023-12-19,10:32,대구역 오페라더블유2,2023-12-20,2024-06-03
불법주정차,2023-12-19,10:32,산격동 산격로14길 부근,2023-12-20,2024-06-03
불법주정차,2023-12-19,10:32,산격동 산격로 부근,2023-12-20,2024-06-03
불법주정차,2023-12-19,10:33,노원동주민센터 사거리,2023-12-20,2024-06-03
불법주정차,2023-12-19,10:34,산격동 동북로 부근,2023-12-20,2024-06-03
불법주정차,2023-12-19,10:34,산격동 동북로 부근,2023-12-20,2024-06-03
불법주정차,2023-12-19,10:40,칠성시장 화재(소방),2023-12-20,2024-06-03
불법주정차,2023-12-19,10:40,산격동 산격로 부근,2023-12-20,2024-06-03
불법주정차,2023-12-19,10:41,산격동 산격로 부근,2023-12-20,2024-06-03
불법주정차,2023-12-19,10:42,북부초등학교,2023-12-20,2024-06-03
불법주정차,2023-12-19,10:42,산격동 산격로 부근,2023-12-20,2024-06-03
불법주정차,2023-12-19,10:42,산격동 산격로 부근,2023-12-20,2024-06-03
불법주정차,2023-12-19,10:42,산격동 산격로 부근,2023-12-20,2024-06-03
불법주정차,2023-12-19,10:44,새동산산부인과,2023-12-20,2024-06-03
불법주정차,2023-12-19,10:46,태전동 칠곡중앙대로 부근,2023-12-20,2024-06-03
불법주정차,2023-12-19,10:47,칠성시장 화재(소방),2023-12-20,2024-06-03
불법주정차,2023-12-19,10:47,NC아울렛 앞 사거리,2023-12-20,2024-06-03
불법주정차,2023-12-19,10:49,관음동 칠곡중앙대로91길 부근,2023-12-20,2024-06-03
불법주정차,2023-12-19,10:49,노원동1가 334 부근 모퉁이,2023-12-26,2024-06-03
불법주정차,2023-12-19,10:50,관음동 칠곡중앙대로 부근,2023-12-20,2024-06-03
불법주정차,2023-12-19,10:50,읍내동 구암로15길 부근,2023-12-20,2024-06-03
불법주정차,2023-12-19,10:50,읍내동 구암로15길 부근,2023-12-20,2024-06-03
불법주정차,2023-12-19,10:51,읍내동 구암로15길 부근,2023-12-20,2024-06-03
불법주정차,2023-12-19,10:51,읍내동 구암로 부근,2023-12-20,2024-06-03
불법주정차,2023-12-19,10:53,읍내동 칠곡중앙대로 부근,2023-12-20,2024-06-03
불법주정차,2023-12-19,10:53,읍내동 칠곡중앙대로 부근,2023-12-20,2024-06-03
불법주정차,2023-12-19,10:58,읍내동 대천로 부근,2023-12-20,2024-06-03
불법주정차,2023-12-19,10:58,구암동 학정로 부근,2023-12-20,2024-06-03
불법주정차,2023-12-19,10:58,읍내동 칠곡중앙대로 부근,2023-12-20,2024-06-03
불법주정차,2023-12-19,10:59,구암동 구암로65길 부근,2023-12-20,2024-06-03
불법주정차,2023-12-19,11:03,동천동 동천로 부근,2023-12-20,2024-06-03
불법주정차,2023-12-19,11:03,동천동 동천로 부근,2023-12-20,2024-06-03
불법주정차,2023-12-19,11:04,동천동 동천로 부근,2023-12-20,2024-06-03
불법주정차,2023-12-19,11:15,동천동 동천로23길 부근,2023-12-20,2024-06-03
불법주정차,2023-12-19,11:16,동천동 동천로23길 부근,2023-12-20,2024-06-03
불법주정차,2023-12-19,11:17,동천동 동천로23길 부근,2023-12-20,2024-06-03
불법주정차,2023-12-19,11:18,동천동 팔거천동로 부근,2023-12-20,2024-06-03
불법주정차,2023-12-19,11:19,동천동 동천로 부근,2023-12-20,2024-06-03
불법주정차,2023-12-19,11:20,동천동 동천로 부근,2023-12-20,2024-06-03
불법주정차,2023-12-19,11:21,동천동 학정로 부근,2023-12-20,2024-06-03
불법주정차,2023-12-19,11:22,산격동 대학로 부근,2023-12-20,2024-06-03
불법주정차,2023-12-19,11:22,동천동 학정로 부근,2023-12-20,2024-06-03
불법주정차,2023-12-19,11:22,동천동 학정로 부근,2023-12-20,2024-06-03
불법주정차,2023-12-19,11:23,동천동 동천로 부근,2023-12-20,2024-06-03
불법주정차,2023-12-19,11:24,산격동 대학로15길 부근,2023-12-20,2024-06-03
불법주정차,2023-12-19,11:24,산격동 대학로 부근,2023-12-20,2024-06-03
불법주정차,2023-12-19,11:27,산격동 대학로15길 부근,2023-12-20,2024-06-03
불법주정차,2023-12-19,11:27,산격동 대학로15길 부근,2023-12-20,2024-06-03
불법주정차,2023-12-19,11:28,산격동 산격로8길 부근,2023-12-20,2024-06-03
불법주정차,2023-12-19,11:28,산격동 산격로8길 부근,2023-12-20,2024-06-03
불법주정차,2023-12-19,11:45,태전동 1068 부근 횡단보도,2023-12-26,2024-06-03
불법주정차,2023-12-19,11:47,태전동 1221 부근 인도,2023-12-26,2024-06-03
불법주정차,2023-12-19,12:09,학정동 948-7 부근 횡단보도,2023-12-26,2024-06-03
불법주정차,2023-12-19,12:17,동변동 493 부근 인도,2023-12-26,2024-06-03
불법주정차,2023-12-19,12:32,복현동 539-113 부근 횡단보도,2023-12-26,2024-06-03
불법주정차,2023-12-19,12:33,산격동 1291-22 부근 횡단보도,2023-12-26,2024-06-03
불법주정차,2023-12-19,12:53,대학로 파리바게트 부근,2023-12-20,2024-06-03
불법주정차,2023-12-19,12:59,침산동 133-40 부근 모퉁이,2023-12-26,2024-06-03
불법주정차,2023-12-19,13:05,노곡동 281-4 부근 모퉁이,2023-12-26,2024-06-03
불법주정차,2023-12-19,13:43,서변동 1791 부근 소화전,2023-12-26,2024-06-03
불법주정차,2023-12-19,13:46,구암동 767-2 부근 인도,2023-12-26,2024-06-03
불법주정차,2023-12-19,13:49,서변동 1746-5 부근 인도,2023-12-26,2024-06-03
불법주정차,2023-12-19,14:01,노원동1가 245-4 부근 횡단보도,2023-12-28,2024-06-03
불법주정차,2023-12-19,14:13,침산동 원대로 부근,2023-12-20,2024-06-03
불법주정차,2023-12-19,14:14,침산동 원대로 부근,2023-12-20,2024-06-03
불법주정차,2023-12-19,14:14,침산동 원대로 부근,2023-12-20,2024-06-03
불법주정차,2023-12-19,14:15,침산동 원대로 부근,2023-12-20,2024-06-03
불법주정차,2023-12-19,14:16,고성동3가 고성북로 부근,2023-12-20,2024-06-03
불법주정차,2023-12-19,14:16,고성동3가 고성북로 부근,2023-12-20,2024-06-03
불법주정차,2023-12-19,14:16,고성동3가 고성북로 부근,2023-12-20,2024-06-03
불법주정차,2023-12-19,14:17,고성동3가 고성북로 부근,2023-12-20,2024-06-03
불법주정차,2023-12-19,14:17,사수동 953 부근 횡단보도,2023-12-26,2024-06-03
불법주정차,2023-12-19,14:19,고성동3가 고성로 부근,2023-12-20,2024-06-03
불법주정차,2023-12-19,14:19,노곡동 281-4 부근 모퉁이,2023-12-26,2024-06-03
불법주정차,2023-12-19,14:21,고성동2가 고성북로 부근,2023-12-20,2024-06-03
불법주정차,2023-12-19,14:22,고성동2가 고성북로 부근,2023-12-20,2024-06-03
불법주정차,2023-12-19,14:22,고성동2가 고성북로 부근,2023-12-20,2024-06-03
불법주정차,2023-12-19,14:24,사수동 825 부근 모퉁이,2023-12-26,2024-06-03
불법주정차,2023-12-19,14:26,산격동 유통단지로14길 부근,2023-12-20,2024-06-03
불법주정차,2023-12-19,14:26,산격동 유통단지로 부근,2023-12-20,2024-06-03
불법주정차,2023-12-19,14:26,산격동 유통단지로 부근,2023-12-20,2024-06-03
불법주정차,2023-12-19,14:30,산격동 유통단지로 부근,2023-12-20,2024-06-03
불법주정차,2023-12-19,14:30,산격동 유통단지로 부근,2023-12-20,2024-06-03
불법주정차,2023-12-19,14:31,산격동 유통단지로 부근,2023-12-20,2024-06-03
불법주정차,2023-12-19,14:31,산격동 유통단지로8길 부근,2023-12-20,2024-06-03
불법주정차,2023-12-19,14:31,산격동 유통단지로8길 부근,2023-12-20,2024-06-03
불법주정차,2023-12-19,14:31,산격동 유통단지로 부근,2023-12-20,2024-06-03
불법주정차,2023-12-19,14:32,새동산산부인과,2023-12-20,2024-06-03
불법주정차,2023-12-19,14:32,노원한신더휴 동문,2023-12-20,2024-06-03
불법주정차,2023-12-19,14:33,삼영초등학교,2023-12-20,2024-06-03
불법주정차,2023-12-19,14:33,동변공원 사거리,2023-12-20,2024-06-03
불법주정차,2023-12-19,14:33,산격동 유통단지로8길 부근,2023-12-20,2024-06-03
불법주정차,2023-12-19,14:34,대구역 오페라더블유2,2023-12-20,2024-06-03
불법주정차,2023-12-19,14:34,산격동 유통단지로 부근,2023-12-20,2024-06-03
불법주정차,2023-12-19,14:34,산격동 유통단지로 부근,2023-12-20,2024-06-03
불법주정차,2023-12-19,14:34,산격동 유통단지로 부근,2023-12-20,2024-06-03
불법주정차,2023-12-19,14:34,산격동 유통단지로8길 부근,2023-12-20,2024-06-03
불법주정차,2023-12-19,14:35,대구역 오페라더블유2,2023-12-20,2024-06-03
불법주정차,2023-12-19,14:35,침산1동회전교차로1,2023-12-20,2024-06-03
불법주정차,2023-12-19,14:35,산격동 유통단지로 부근,2023-12-20,2024-06-03
불법주정차,2023-12-19,14:36,칠성시장교통섬,2023-12-20,2024-06-03
불법주정차,2023-12-19,14:36,사수동 센스마트,2023-12-20,2024-06-03
불법주정차,2023-12-19,14:36,구암동 구암로32길 부근,2023-12-20,2024-06-03
불법주정차,2023-12-19,14:37,구암동 구암로 부근,2023-12-20,2024-06-03
불법주정차,2023-12-19,14:37,구암동 구암로 부근,2023-12-20,2024-06-03
불법주정차,2023-12-19,14:38,침산1동회전교차로1,2023-12-20,2024-06-03
불법주정차,2023-12-19,14:40,북부초등학교,2023-12-20,2024-06-03
불법주정차,2023-12-19,14:40,경진초등학교,2023-12-20,2024-06-03
불법주정차,2023-12-19,14:45,동천동회전교차로1,2023-12-20,2024-06-03
불법주정차,2023-12-19,14:46,관천초등학교,2023-12-20,2024-06-03
불법주정차,2023-12-19,14:47,남다른 감자탕,2023-12-20,2024-06-03
불법주정차,2023-12-19,14:48,매천초등학교,2023-12-20,2024-06-03
불법주정차,2023-12-19,14:50,새동산산부인과,2023-12-20,2024-06-03
불법주정차,2023-12-19,14:56,서변동 1779 부근 모퉁이,2023-12-26,2024-06-03
불법주정차,2023-12-19,14:59,침산동 성북로 부근,2023-12-20,2024-06-03
불법주정차,2023-12-19,15:01,사수동 내곡로 부근,2023-12-20,2024-06-03
불법주정차,2023-12-19,15:01,사수동 내곡로 부근,2023-12-20,2024-06-03
불법주정차,2023-12-19,15:01,산격동 유통단지로 부근,2023-12-20,2024-06-03
불법주정차,2023-12-19,15:01,사수동 내곡로 부근,2023-12-20,2024-06-03
불법주정차,2023-12-19,15:01,사수동 내곡로 부근,2023-12-20,2024-06-03
불법주정차,2023-12-19,15:01,구암동 구암로 부근,2023-12-20,2024-06-03
불법주정차,2023-12-19,15:01,사수동 내곡로 부근,2023-12-20,2024-06-03
불법주정차,2023-12-19,15:01,침산동 성북로 부근,2023-12-20,2024-06-03
불법주정차,2023-12-19,15:01,사수동 내곡로 부근,2023-12-20,2024-06-03
불법주정차,2023-12-19,15:02,구암동 학정로 부근,2023-12-20,2024-06-03
불법주정차,2023-12-19,15:02,사수동 내곡로 부근,2023-12-20,2024-06-03
불법주정차,2023-12-19,15:05,대학로 파리바게트 부근,2023-12-20,2024-06-03
불법주정차,2023-12-19,15:05,동변공원 사거리,2023-12-20,2024-06-03
불법주정차,2023-12-19,15:07,침산동 침산로 부근,2023-12-20,2024-06-03
불법주정차,2023-12-19,15:07,태전동 칠곡중앙대로52길 부근,2023-12-20,2024-06-03
불법주정차,2023-12-19,15:08,사수동 한강로2길 부근,2023-12-20,2024-06-03
불법주정차,2023-12-19,15:08,사수동 한강로2길 부근,2023-12-20,2024-06-03
불법주정차,2023-12-19,15:10,북부초등학교,2023-12-20,2024-06-03
불법주정차,2023-12-19,15:12,태전동 칠곡중앙대로46길 부근,2023-12-20,2024-06-03
불법주정차,2023-12-19,15:12,사수동 829 부근 소화전,2023-12-26,2024-06-03
불법주정차,2023-12-19,15:14,태전동 M&M빌딩,2023-12-20,2024-06-03
불법주정차,2023-12-19,15:15,새동산산부인과,2023-12-20,2024-06-03
불법주정차,2023-12-19,15:15,팔달동 286-12 부근,2023-12-20,2024-06-03
불법주정차,2023-12-19,15:15,팔달동 286-12 부근,2023-12-20,2024-06-03
불법주정차,2023-12-19,15:16,노원한신더휴 동문,2023-12-20,2024-06-03
불법주정차,2023-12-19,15:17,새동산산부인과,2023-12-20,2024-06-03
불법주정차,2023-12-19,15:19,동천동 908-2 부근 인도,2023-12-26,2024-06-03
불법주정차,2023-12-19,15:21,오페라 클래시아,2023-12-20,2024-06-03
불법주정차,2023-12-19,15:21,대구역 오페라더블유2,2023-12-20,2024-06-03
불법주정차,2023-12-19,15:25,칠곡초등학교 진입로,2023-12-20,2024-06-03
불법주정차,2023-12-19,15:25,침산1동회전교차로1,2023-12-20,2024-06-03
불법주정차,2023-12-19,15:28,산격동 유통단지로13길 부근,2023-12-20,2024-06-03
불법주정차,2023-12-19,15:28,산격동 유통단지로13길 부근,2023-12-20,2024-06-03
불법주정차,2023-12-19,15:28,산격동 유통단지로13길 부근,2023-12-20,2024-06-03
불법주정차,2023-12-19,15:28,산격동 유통단지로13길 부근,2023-12-20,2024-06-03
불법주정차,2023-12-19,15:29,산격동 유통단지로 부근,2023-12-20,2024-06-03
불법주정차,2023-12-19,15:31,산격동 유통단지로 부근,2023-12-20,2024-06-03
불법주정차,2023-12-19,15:34,오페라코오롱하늘채 앞,2023-12-20,2024-06-03
불법주정차,2023-12-19,15:34,산격동 유통단지로7길 부근,2023-12-20,2024-06-03
불법주정차,2023-12-19,15:34,산격동 유통단지로 부근,2023-12-20,2024-06-03
불법주정차,2023-12-19,15:37,노원한신더휴 동문,2023-12-20,2024-06-03
불법주정차,2023-12-19,15:42,노원한신더휴 남문,2023-12-20,2024-06-03
불법주정차,2023-12-19,15:44,침산1동회전교차로1,2023-12-20,2024-06-03
불법주정차,2023-12-19,15:44,새동산산부인과,2023-12-20,2024-06-03
불법주정차,2023-12-19,15:52,태전동 344-1 부근 횡단보도,2023-12-26,2024-06-03
불법주정차,2023-12-19,15:53,대구역 오페라더블유2,2023-12-20,2024-06-03
불법주정차,2023-12-19,15:53,서변동 서변로3길 부근,2023-12-20,2024-06-03
불법주정차,2023-12-19,15:54,서변동 서변로3길 부근,2023-12-20,2024-06-03
불법주정차,2023-12-19,15:58,장보고식자재마트 사거리,2023-12-20,2024-06-03
불법주정차,2023-12-19,16:02,산격동 492-4 부근 인도,2023-12-26,2024-06-03
불법주정차,2023-12-19,16:04,북부초등학교,2023-12-20,2024-06-03
불법주정차,2023-12-19,16:07,동천동회전교차로1,2023-12-20,2024-06-03
불법주정차,2023-12-19,16:10,칠곡에덴타운건너,2023-12-20,2024-06-03
불법주정차,2023-12-19,16:12,침산1동회전교차로1,2023-12-20,2024-06-03
불법주정차,2023-12-19,16:15,동천동 동암로 부근,2023-12-20,2024-06-03
불법주정차,2023-12-19,16:16,금정공원(보행자우선거리,2023-12-20,2024-06-03
불법주정차,2023-12-19,16:17,동천동 동천로23길 부근,2023-12-20,2024-06-03
불법주정차,2023-12-19,16:17,동천동 동암로12길 부근,2023-12-20,2024-06-03
불법주정차,2023-12-19,16:18,노원한신더휴 동문,2023-12-20,2024-06-03
불법주정차,2023-12-19,16:18,동천동 동암로12길 부근,2023-12-20,2024-06-03
불법주정차,2023-12-19,16:18,동천동 동암로 부근,2023-12-20,2024-06-03
불법주정차,2023-12-19,16:20,동천동 동암로 부근,2023-12-20,2024-06-03
불법주정차,2023-12-19,16:20,동천동 동암로 부근,2023-12-20,2024-06-03
불법주정차,2023-12-19,16:20,동천동 동암로 부근,2023-12-20,2024-06-03
불법주정차,2023-12-19,16:21,동천동 동암로12길 부근,2023-12-20,2024-06-03
불법주정차,2023-12-19,16:21,동천동 동암로12길 부근,2023-12-20,2024-06-03
불법주정차,2023-12-19,16:21,동천동 동암로12길 부근,2023-12-20,2024-06-03
불법주정차,2023-12-19,16:21,동천동 동암로12길 부근,2023-12-20,2024-06-03
불법주정차,2023-12-19,16:23,태전동 칠곡중앙대로 부근,2023-12-20,2024-06-03
불법주정차,2023-12-19,16:23,태전동 칠곡중앙대로 부근,2023-12-20,2024-06-03
불법주정차,2023-12-19,16:23,태전동 칠곡중앙대로 부근,2023-12-20,2024-06-03
불법주정차,2023-12-19,16:24,새동산산부인과,2023-12-20,2024-06-03
불법주정차,2023-12-19,16:24,읍내동 1234-159 부근,2023-12-20,2024-06-03
불법주정차,2023-12-19,16:25,학정동 927-17 부근 소화전,2023-12-26,2024-06-03
불법주정차,2023-12-19,16:31,동천동 동천로 부근,2023-12-20,2024-06-03
불법주정차,2023-12-19,16:32,태전동 칠곡중앙대로 부근,2023-12-20,2024-06-03
불법주정차,2023-12-19,16:34,동천동 팔거천동로 부근,2023-12-20,2024-06-03
불법주정차,2023-12-19,16:35,동천동 팔거천동로 부근,2023-12-20,2024-06-03
불법주정차,2023-12-19,16:36,새동산산부인과,2023-12-20,2024-06-03
불법주정차,2023-12-19,16:37,코스트코 주차장 앞,2023-12-20,2024-06-03
불법주정차,2023-12-19,16:38,사수동 821 부근 횡단보도,2023-12-26,2024-06-03
불법주정차,2023-12-19,16:41,노원동1가 177 부근 모퉁이,2023-12-26,2024-06-03
불법주정차,2023-12-19,16:45,금호서한이다음정문,2023-12-20,2024-06-03
불법주정차,2023-12-19,16:48,운암초등학교,2023-12-20,2024-06-03
불법주정차,2023-12-19,16:54,매천동 매전로4길 부근,2023-12-20,2024-06-03
불법주정차,2023-12-19,16:55,관천초등학교,2023-12-20,2024-06-03
불법주정차,2023-12-19,16:55,매천동 매전로4길 부근,2023-12-20,2024-06-03
불법주정차,2023-12-19,16:55,매천동 매전로4길 부근,2023-12-20,2024-06-03
불법주정차,2023-12-19,16:57,KB국민은행침산지점,2023-12-20,2024-06-03
불법주정차,2023-12-19,16:58,매천동 매전로4길 부근,2023-12-20,2024-06-03
불법주정차,2023-12-19,16:58,매천동 매전로4길 부근,2023-12-20,2024-06-03
불법주정차,2023-12-19,17:01,남다른 감자탕,2023-12-20,2024-06-03
불법주정차,2023-12-19,17:01,읍내동 1234-204 부근,2023-12-26,2024-06-03
불법주정차,2023-12-19,17:02,새동산산부인과,2023-12-20,2024-06-03
불법주정차,2023-12-19,17:02,태전동 매전로 부근,2023-12-20,2024-06-03
불법주정차,2023-12-19,17:04,동천동 954-4 부근 횡단보도,2023-12-26,2024-06-03
불법주정차,2023-12-19,17:08,칠성시장 화재(소방),2023-12-20,2024-06-03
불법주정차,2023-12-19,17:08,대구역 오페라더블유2,2023-12-20,2024-06-03
불법주정차,2023-12-19,17:08,매천동 매천로37길 부근,2023-12-20,2024-06-03
불법주정차,2023-12-19,17:08,매천동 매천로37길 부근,2023-12-20,2024-06-03
불법주정차,2023-12-19,17:09,읍내동 430 부근,2023-12-26,2024-06-03
불법주정차,2023-12-19,17:11,금호서한이다음정문,2023-12-20,2024-06-03
불법주정차,2023-12-19,17:15,노원한신더휴 남문,2023-12-20,2024-06-03
불법주정차,2023-12-19,17:16,노원한신더휴 남문,2023-12-20,2024-06-03
불법주정차,2023-12-19,17:19,동변동 493 부근 횡단보도,2023-12-26,2024-06-03
불법주정차,2023-12-19,17:25,관음동 1372-2 부근 인도,2023-12-26,2024-06-03
불법주정차,2023-12-19,17:28,노원동3가 604-1 부근 인도,2024-03-13,2024-06-03
불법주정차,2023-12-19,17:33,대현동 392-22 부근 모퉁이,2023-12-26,2024-06-03
불법주정차,2023-12-19,17:48,노원동3가 775 부근 횡단보도,2023-12-26,2024-06-03
불법주정차,2023-12-19,17:49,노원동1가 141 부근 소화전,2023-12-26,2024-06-03
불법주정차,2023-12-19,17:49,금호동 784 부근 모퉁이,2023-12-28,2024-06-03
불법주정차,2023-12-19,17:50,금호동 775 부근 모퉁이,2023-12-28,2024-06-03
불법주정차,2023-12-19,17:50,금호동 784 부근 모퉁이,2023-12-28,2024-06-03
불법주정차,2023-12-19,18:02,복현동 477-1 부근 모퉁이,2023-12-26,2024-06-03
불법주정차,2023-12-19,18:08,연경동 952-2 부근 횡단보도,2023-12-26,2024-06-03
불법주정차,2023-12-19,18:27,침산동 216-1 부근 횡단보도,2023-12-26,2024-06-03
불법주정차,2023-12-19,18:30,침산동 216-1 부근 횡단보도,2023-12-26,2024-06-03
불법주정차,2023-12-19,18:34,관음동 1372-2 부근 인도,2023-12-26,2024-06-03
불법주정차,2023-12-19,18:36,태전동 1023-12 부근 횡단보도,2023-12-26,2024-06-03
불법주정차,2023-12-19,18:40,산격동 1418-10 부근 횡단보도,2023-12-26,2024-06-03
불법주정차,2023-12-19,18:53,읍내동 1234-204 부근,2023-12-26,2024-06-03
불법주정차,2023-12-19,19:00,태전동 255-12 부근 인도,2023-12-26,2024-06-03
불법주정차,2023-12-19,19:09,침산동 1027-1 부근 횡단보도,2023-12-26,2024-06-03
불법주정차,2023-12-19,19:46,복현동 241-1 부근,2023-12-26,2024-06-03
불법주정차,2023-12-19,19:46,복현동 241-1 부근,2023-12-26,2024-06-03
불법주정차,2023-12-19,19:46,동천동 895-5 부근 횡단보도,2023-12-26,2024-06-03
불법주정차,2023-12-19,19:47,동천동 895-5 부근 횡단보도,2023-12-26,2024-06-03
불법주정차,2023-12-19,19:49,동천동 897-3 부근 횡단보도,2023-12-26,2024-06-03
불법주정차,2023-12-19,20:00,동변동 493 부근 횡단보도,2023-12-26,2024-06-03
불법주정차,2023-12-19,20:09,태전동 957-2 부근 모퉁이,2023-12-26,2024-06-03
불법주정차,2023-12-19,20:12,태전동 957-2 부근 모퉁이,2023-12-26,2024-06-03
불법주정차,2023-12-19,20:38,동천동 965 부근 횡단보도,2023-12-26,2024-06-03
불법주정차,2023-12-19,20:46,대현동 24-2 부근 모퉁이,2023-12-26,2024-06-03
불법주정차,2023-12-19,20:48,산격동 1498-56 부근 횡단보도,2023-12-26,2024-06-03
불법주정차,2023-12-19,21:17,동천동 914 부근 모퉁이,2023-12-26,2024-06-03
불법주정차,2023-12-19,21:38,대현동 538 부근 모퉁이,2023-12-26,2024-06-03
불법주정차,2023-12-19,22:20,관음동 1257-11 부근 버스정류소,2023-12-26,2024-06-03
불법주정차,2023-12-19,22:22,관음동 1268-23 부근 횡단보도,2023-12-26,2024-06-03
불법주정차,2023-12-19,22:23,관음동 207 부근 횡단보도,2023-12-26,2024-06-03
불법주정차,2023-12-19,22:48,고성동3가 95-2 부근 횡단보도,2023-12-26,2024-06-03
불법주정차,2023-12-19,22:58,고성동3가 6-213 부근 모퉁이,2023-12-26,2024-06-03
불법주정차,2023-12-19,23:22,서변동 1787-9 부근 횡단보도,2023-12-26,2024-06-03
불법주정차,2023-12-20,00:16,태전동 1030 부근 횡단보도,2023-12-28,2024-06-03
불법주정차,2023-12-20,00:19,검단동 1236-1 부근 횡단보도,2023-12-28,2024-06-03
불법주정차,2023-12-20,00:39,태전동 1030 부근 모퉁이,2023-12-28,2024-06-03
불법주정차,2023-12-20,00:41,검단동 1128-3 부근 횡단보도,2024-03-13,2024-06-03
불법주정차,2023-12-20,02:34,산격동 1428-12 부근 모퉁이,2023-12-28,2024-06-03
불법주정차,2023-12-20,07:02,운암초등학교,2023-12-21,2024-06-03
불법주정차,2023-12-20,07:03,침산 화성파크드림,2023-12-21,2024-06-03
불법주정차,2023-12-20,07:03,침산1동회전교차로1,2023-12-21,2024-06-03
불법주정차,2023-12-20,07:04,대구역 오페라더블유2,2023-12-21,2024-06-03
불법주정차,2023-12-20,07:04,복현동 시티병원,2023-12-21,2024-06-03
불법주정차,2023-12-20,07:05,침산1동회전교차로2,2023-12-21,2024-06-03
불법주정차,2023-12-20,07:05,대구역 오페라더블유2,2023-12-21,2024-06-03
불법주정차,2023-12-20,07:05,칠성시장 화재(소방),2023-12-21,2024-06-03
불법주정차,2023-12-20,07:05,대구역 오페라더블유2,2023-12-21,2024-06-03
불법주정차,2023-12-20,07:06,침산동 매일천막 앞,2023-12-21,2024-06-03
불법주정차,2023-12-20,07:07,칠성시장 화재(소방),2023-12-21,2024-06-03
불법주정차,2023-12-20,07:08,관천초등학교,2023-12-21,2024-06-03
불법주정차,2023-12-20,07:08,동천동회전교차로2,2023-12-21,2024-06-03
불법주정차,2023-12-20,07:11,읍내동 1386-6 부근,2023-12-28,2024-06-03
불법주정차,2023-12-20,07:12,오페라코오롱하늘채 앞,2023-12-21,2024-06-03
불법주정차,2023-12-20,07:17,침산동 침산로21길 부근,2023-12-21,2024-06-03
불법주정차,2023-12-20,07:18,운암초등학교,2023-12-21,2024-06-03
불법주정차,2023-12-20,07:20,대구보건대,2023-12-21,2024-06-03
불법주정차,2023-12-20,07:21,침산동 침산로22길 부근,2023-12-21,2024-06-03
불법주정차,2023-12-20,07:21,칠성동2가 침산로 부근,2023-12-21,2024-06-03
불법주정차,2023-12-20,07:21,대현동 대현남로6길 부근,2023-12-21,2024-06-03
불법주정차,2023-12-20,07:21,침산동 침산로22길 부근,2024-03-13,2024-06-03
불법주정차,2023-12-20,07:34,매천중학교 건너,2023-12-21,2024-06-03
불법주정차,2023-12-20,07:35,매천동 산 1 부근,2023-12-21,2024-06-03
불법주정차,2023-12-20,07:36,태전동 태전로1길 부근,2023-12-21,2024-06-03
불법주정차,2023-12-20,07:36,태전동 태전로3길 부근,2023-12-21,2024-06-03
불법주정차,2023-12-20,07:36,태전동 태전로3길 부근,2023-12-21,2024-06-03
불법주정차,2023-12-20,07:36,태전동 태전로3길 부근,2023-12-21,2024-06-03
불법주정차,2023-12-20,07:37,태전동 태전로13길 부근,2023-12-21,2024-06-03
불법주정차,2023-12-20,07:38,대구역 오페라더블유2,2023-12-21,2024-06-03
불법주정차,2023-12-20,07:41,산격동 동북로 부근,2023-12-21,2024-06-03
불법주정차,2023-12-20,07:41,산격동 동북로 부근,2023-12-21,2024-06-03
불법주정차,2023-12-20,07:42,금호서한이다음정문,2023-12-21,2024-06-03
불법주정차,2023-12-20,07:42,장보고식자재마트 사거리,2023-12-21,2024-06-03
불법주정차,2023-12-20,07:43,구암동 구암로50길 부근,2023-12-21,2024-06-03
불법주정차,2023-12-20,07:43,구암동 구암로49길 부근,2023-12-21,2024-06-03
불법주정차,2023-12-20,07:43,산격동 1743 부근 횡단보도,2023-12-28,2024-06-03
불법주정차,2023-12-20,07:44,칠성동 꽃시장 (아름나라,2023-12-21,2024-06-03
불법주정차,2023-12-20,07:44,구암동 구암로49길 부근,2023-12-21,2024-06-03
불법주정차,2023-12-20,07:44,구암동 구암로49길 부근,2023-12-21,2024-06-03
불법주정차,2023-12-20,07:44,구암동 구암로49길 부근,2023-12-21,2024-06-03
불법주정차,2023-12-20,07:44,칠성동2가 302-8 부근 횡단보도,2023-12-28,2024-06-03
불법주정차,2023-12-20,07:45,구암동 구암로49길 부근,2023-12-21,2024-06-03
불법주정차,2023-12-20,07:46,대구역 오페라더블유1,2023-12-21,2024-06-03
불법주정차,2023-12-20,07:46,구암동 학정로 부근,2023-12-21,2024-06-03
불법주정차,2023-12-20,07:47,구암동 대천로 부근,2023-12-21,2024-06-03
불법주정차,2023-12-20,07:47,칠성동2가 302-8 부근 횡단보도,2023-12-28,2024-06-03
불법주정차,2023-12-20,07:49,칠성동2가 302-8 부근 횡단보도,2023-12-28,2024-06-03
불법주정차,2023-12-20,07:51,칠성시장 화재(소방),2023-12-21,2024-06-03
불법주정차,2023-12-20,07:53,산격동 687 부근,2023-12-21,2024-06-03
불법주정차,2023-12-20,07:55,관음동 149-1 부근,2023-12-21,2024-06-03
불법주정차,2023-12-20,07:56,산격동 신천동로 부근,2024-03-18,2024-06-03
불법주정차,2023-12-20,07:58,관음동 149-1 부근,2023-12-21,2024-06-03
불법주정차,2023-12-20,08:03,진성유치원 삼거리,2023-12-21,2024-06-03
불법주정차,2023-12-20,08:07,오페라 클래시아,2023-12-21,2024-06-03
불법주정차,2023-12-20,08:07,진성유치원 삼거리,2023-12-21,2024-06-03
불법주정차,2023-12-20,08:07,칠성시장교통섬,2023-12-21,2024-06-03
불법주정차,2023-12-20,08:09,오페라 클래시아,2023-12-21,2024-06-03
불법주정차,2023-12-20,08:16,동아아울렛 뒷편,2023-12-21,2024-06-03
불법주정차,2023-12-20,08:21,사수동 센스마트,2023-12-21,2024-06-03
불법주정차,2023-12-20,08:33,대구역 오페라더블유2,2023-12-21,2024-06-03
불법주정차,2023-12-20,08:33,진성유치원 삼거리,2023-12-21,2024-06-03
불법주정차,2023-12-20,08:38,산격동 1000-4 부근 횡단보도,2023-12-28,2024-06-03
불법주정차,2023-12-20,08:39,칠성시장교통섬,2023-12-21,2024-06-03
불법주정차,2023-12-20,09:02,북부초등학교,2023-12-21,2024-06-03
불법주정차,2023-12-20,09:02,서변동 1755-8 부근 횡단보도,2023-12-28,2024-06-03
불법주정차,2023-12-20,09:10,침산동건영하이츠 정문,2023-12-21,2024-06-03
불법주정차,2023-12-20,09:15,구암동 656-6 부근 모퉁이,2023-12-28,2024-06-03
불법주정차,2023-12-20,09:24,사수동 센스마트,2023-12-21,2024-06-03
불법주정차,2023-12-20,09:24,새동산산부인과,2023-12-21,2024-06-03
불법주정차,2023-12-20,09:27,태전동 976-9 부근 모퉁이,2023-12-28,2024-06-03
불법주정차,2023-12-20,09:31,대구역 오페라더블유2,2023-12-21,2024-06-03
불법주정차,2023-12-20,09:32,칠성동 꽃시장 (아름나라,2023-12-21,2024-06-03
불법주정차,2023-12-20,09:32,침산동 447-16 부근,2023-12-28,2024-06-03
불법주정차,2023-12-20,09:34,칠성동 꽃시장 (아름나라,2023-12-21,2024-06-03
불법주정차,2023-12-20,09:41,침산 화인탑펠리스,2023-12-21,2024-06-03
불법주정차,2023-12-20,09:42,서변동 1787 부근 횡단보도,2023-12-28,2024-06-03
불법주정차,2023-12-20,09:46,서변동 1793 부근 횡단보도,2023-12-28,2024-06-03
불법주정차,2023-12-20,09:50,노원한신더휴 동문,2023-12-21,2024-06-03
불법주정차,2023-12-20,09:53,대구역 오페라더블유2,2023-12-21,2024-06-03
불법주정차,2023-12-20,09:54,새동산산부인과,2023-12-21,2024-06-03
불법주정차,2023-12-20,09:56,국우동 1085-2 부근 모퉁이,2023-12-28,2024-06-03
불법주정차,2023-12-20,09:57,새동산산부인과,2023-12-21,2024-06-03
불법주정차,2023-12-20,10:01,장보고식자재마트 사거리,2024-03-13,2024-06-03
불법주정차,2023-12-20,10:06,농협연경지점 삼거리,2023-12-21,2024-06-03
불법주정차,2023-12-20,10:06,금호서한이다음정문,2023-12-21,2024-06-03
불법주정차,2023-12-20,10:07,칠성시장교통섬,2023-12-21,2024-06-03
불법주정차,2023-12-20,10:10,노원한신더휴 남문,2023-12-21,2024-06-03
불법주정차,2023-12-20,10:22,명성푸르지오 앞,2023-12-21,2024-06-03
불법주정차,2023-12-20,10:25,학정동 929-1 부근 횡단보도,2023-12-28,2024-06-03
불법주정차,2023-12-20,10:30,읍내동 구암로21길 부근,2023-12-21,2024-06-03
불법주정차,2023-12-20,10:31,읍내동 구암로21길 부근,2023-12-21,2024-06-03
불법주정차,2023-12-20,10:31,읍내동 구암로21길 부근,2023-12-21,2024-06-03
불법주정차,2023-12-20,10:31,읍내동 구암로21길 부근,2023-12-21,2024-06-03
불법주정차,2023-12-20,10:31,읍내동 구암로21길 부근,2023-12-21,2024-06-03
불법주정차,2023-12-20,10:32,코스트코 주차장 앞,2023-12-21,2024-06-03
불법주정차,2023-12-20,10:34,읍내동 구암로21길 부근,2023-12-21,2024-06-03
불법주정차,2023-12-20,10:39,읍내동 구암로15길 부근,2023-12-21,2024-06-03
불법주정차,2023-12-20,10:40,읍내동 구암로15길 부근,2023-12-21,2024-06-03
불법주정차,2023-12-20,10:40,읍내동 구암로 부근,2023-12-21,2024-06-03
불법주정차,2023-12-20,10:40,읍내동 구암로 부근,2023-12-21,2024-06-03
불법주정차,2023-12-20,10:41,산격동 유통단지로 부근,2023-12-21,2024-06-03
불법주정차,2023-12-20,10:42,칠성시장 화재(소방),2023-12-21,2024-06-03
불법주정차,2023-12-20,10:42,산격동 유통단지로 부근,2023-12-21,2024-06-03
불법주정차,2023-12-20,10:42,산격동 유통단지로 부근,2023-12-21,2024-06-03
불법주정차,2023-12-20,10:42,산격동 유통단지로 부근,2023-12-21,2024-06-03
불법주정차,2023-12-20,10:42,검단동 603-3 부근 횡단보도,2023-12-28,2024-06-03
불법주정차,2023-12-20,10:48,산격동 유통단지로 부근,2023-12-21,2024-06-03
불법주정차,2023-12-20,10:49,산격동 유통단지로8길 부근,2023-12-21,2024-06-03
불법주정차,2023-12-20,10:49,산격동 유통단지로8길 부근,2023-12-21,2024-06-03
불법주정차,2023-12-20,10:49,산격동 유통단지로8길 부근,2023-12-21,2024-06-03
불법주정차,2023-12-20,10:50,산격동 유통단지로 부근,2023-12-21,2024-06-03
불법주정차,2023-12-20,10:52,복현동 477-1 부근 모퉁이,2023-12-28,2024-06-03
불법주정차,2023-12-20,10:53,산격동 유통단지로 부근,2023-12-21,2024-06-03
불법주정차,2023-12-20,10:55,동천동 팔거천동로 부근,2023-12-21,2024-06-03
불법주정차,2023-12-20,10:57,동천동 팔거천동로 부근,2023-12-21,2024-06-03
불법주정차,2023-12-20,10:57,동천동 팔거천동로 부근,2023-12-21,2024-06-03
불법주정차,2023-12-20,10:57,동천동 팔거천동로 부근,2023-12-21,2024-06-03
불법주정차,2023-12-20,10:59,동천동 동암로12길 부근,2023-12-21,2024-06-03
불법주정차,2023-12-20,11:00,동천동 동암로 부근,2023-12-21,2024-06-03
불법주정차,2023-12-20,11:02,동천동 동암로 부근,2023-12-21,2024-06-03
불법주정차,2023-12-20,11:03,동천동 동암로12길 부근,2023-12-21,2024-06-03
불법주정차,2023-12-20,11:09,칠성시장 화재(소방),2023-12-21,2024-06-03
불법주정차,2023-12-20,11:09,산격동 유통단지로8길 부근,2023-12-21,2024-06-03
불법주정차,2023-12-20,11:09,서변동 1758-8 부근 횡단보도,2023-12-28,2024-06-03
불법주정차,2023-12-20,11:10,산격동 유통단지로 부근,2023-12-21,2024-06-03
불법주정차,2023-12-20,11:10,학정동 칠곡중앙대로136길 부근,2023-12-21,2024-06-03
불법주정차,2023-12-20,11:10,학정동 칠곡중앙대로136길 부근,2023-12-21,2024-06-03
불법주정차,2023-12-20,11:10,검단동 검단공단로 부근,2023-12-21,2024-06-03
불법주정차,2023-12-20,11:10,학정동 칠곡중앙대로136길 부근,2023-12-21,2024-06-03
불법주정차,2023-12-20,11:10,태전동 940-9 부근 횡단보도,2023-12-28,2024-06-03
불법주정차,2023-12-20,11:11,학정동 칠곡중앙대로136길 부근,2023-12-21,2024-06-03
불법주정차,2023-12-20,11:11,칠성동2가 칠성남로 부근,2023-12-21,2024-06-03
불법주정차,2023-12-20,11:11,학정동 474 부근,2023-12-21,2024-06-03
불법주정차,2023-12-20,11:11,학정동 474 부근,2023-12-21,2024-06-03
불법주정차,2023-12-20,11:11,학정동 474 부근,2023-12-21,2024-06-03
불법주정차,2023-12-20,11:11,산격동 유통단지로 부근,2023-12-21,2024-06-03
불법주정차,2023-12-20,11:12,산격동 유통단지로8길 부근,2023-12-21,2024-06-03
불법주정차,2023-12-20,11:12,산격동 검단로 부근,2023-12-21,2024-06-03
불법주정차,2023-12-20,11:13,산격동 유통단지로8길 부근,2023-12-21,2024-06-03
불법주정차,2023-12-20,11:13,산격동 유통단지로8길 부근,2023-12-21,2024-06-03
불법주정차,2023-12-20,11:13,칠성동2가 칠성남로30길 부근,2023-12-21,2024-06-03
불법주정차,2023-12-20,11:13,칠성동2가 칠성남로30길 부근,2023-12-21,2024-06-03
불법주정차,2023-12-20,11:13,칠성동2가 칠성남로30길 부근,2023-12-21,2024-06-03
불법주정차,2023-12-20,11:13,칠성동2가 칠성남로30길 부근,2023-12-21,2024-06-03
불법주정차,2023-12-20,11:13,칠성동2가 태평로 부근,2023-12-21,2024-06-03
불법주정차,2023-12-20,11:14,칠성동2가 태평로 부근,2023-12-21,2024-06-03
불법주정차,2023-12-20,11:14,칠성동2가 칠성남로38길 부근,2023-12-21,2024-06-03
불법주정차,2023-12-20,11:14,칠성동2가 칠성남로38길 부근,2023-12-21,2024-06-03
불법주정차,2023-12-20,11:14,학정동 칠곡중앙대로136길 부근,2023-12-21,2024-06-03
불법주정차,2023-12-20,11:14,학정동 칠곡중앙대로136길 부근,2023-12-21,2024-06-03
불법주정차,2023-12-20,11:14,태전동 1063 부근 인도,2023-12-28,2024-06-03
불법주정차,2023-12-20,11:15,학정동 칠곡중앙대로136길 부근,2023-12-21,2024-06-03
불법주정차,2023-12-20,11:15,칠성동2가 칠성남로 부근,2023-12-21,2024-06-03
불법주정차,2023-12-20,11:15,칠성동2가 칠성남로 부근,2023-12-21,2024-06-03
불법주정차,2023-12-20,11:15,학정동 474 부근,2023-12-21,2024-06-03
불법주정차,2023-12-20,11:15,칠성동2가 칠성남로30길 부근,2023-12-21,2024-06-03
불법주정차,2023-12-20,11:15,학정동 칠곡중앙대로136길 부근,2023-12-21,2024-06-03
불법주정차,2023-12-20,11:16,학정동 칠곡중앙대로136길 부근,2023-12-21,2024-06-03
불법주정차,2023-12-20,11:16,학정동 칠곡중앙대로136길 부근,2023-12-21,2024-06-03
불법주정차,2023-12-20,11:16,학정동 칠곡중앙대로136길 부근,2023-12-21,2024-06-03
불법주정차,2023-12-20,11:16,칠성동2가 칠성남로29길 부근,2023-12-21,2024-06-03
불법주정차,2023-12-20,11:16,동호동 칠곡중앙대로136길 부근,2023-12-21,2024-06-03
불법주정차,2023-12-20,11:17,동호동 칠곡중앙대로136길 부근,2023-12-21,2024-06-03
불법주정차,2023-12-20,11:21,동호동 팔거천동로 부근,2023-12-21,2024-06-03
불법주정차,2023-12-20,11:21,동호동 팔거천동로 부근,2023-12-21,2024-06-03
불법주정차,2023-12-20,11:21,동호동 팔거천동로 부근,2023-12-21,2024-06-03
불법주정차,2023-12-20,11:23,매천동 756 부근 모퉁이,2023-12-28,2024-06-03
불법주정차,2023-12-20,11:33,대학로13길,2023-12-21,2024-06-03
불법주정차,2023-12-20,11:45,학정동 953-7 부근 횡단보도,2023-12-28,2024-06-03
불법주정차,2023-12-20,12:01,침산동 133-40 부근 모퉁이,2023-12-28,2024-06-03
불법주정차,2023-12-20,12:01,침산동 133-40 부근 모퉁이,2023-12-28,2024-06-03
불법주정차,2023-12-20,12:05,산격동 1782 부근 횡단보도,2023-12-28,2024-06-03
불법주정차,2023-12-20,12:09,산격동 1739 부근 모퉁이,2023-12-28,2024-06-03
불법주정차,2023-12-20,12:09,산격동 1728 부근 횡단보도,2023-12-28,2024-06-03
불법주정차,2023-12-20,12:16,대학로 파리바게트 부근,2023-12-21,2024-06-03
불법주정차,2023-12-20,12:20,무지개공영주차장 부근,2023-12-21,2024-06-03
불법주정차,2023-12-20,12:29,무지개공영주차장 부근,2023-12-21,2024-06-03
불법주정차,2023-12-20,12:42,학정동 942-1 부근 인도,2023-12-28,2024-06-03
불법주정차,2023-12-20,12:46,태전동 232-4 부근 모퉁이,2023-12-28,2024-06-03
불법주정차,2023-12-20,12:47,노원동2가 219 부근 횡단보도,2023-12-28,2024-06-03
불법주정차,2023-12-20,12:49,태전동 252-7 부근 인도,2023-12-28,2024-06-03
불법주정차,2023-12-20,12:54,대학로23길,2023-12-21,2024-06-03
불법주정차,2023-12-20,13:01,태전동 999-2 부근 인도,2023-12-28,2024-06-03
불법주정차,2023-12-20,13:06,사수동 953 부근 횡단보도,2023-12-28,2024-06-03
불법주정차,2023-12-20,13:08,사수동 953 부근 횡단보도,2023-12-28,2024-06-03
불법주정차,2023-12-20,13:12,태전동 962 부근 횡단보도,2023-12-28,2024-06-03
불법주정차,2023-12-20,13:24,대학로 파리바게트 부근,2023-12-21,2024-06-03
불법주정차,2023-12-20,13:30,검단동 1302-5 부근 횡단보도,2023-12-28,2024-06-03
불법주정차,2023-12-20,13:33,매천동 370 부근 횡단보도,2023-12-28,2024-06-03
불법주정차,2023-12-20,13:45,서변동 1730 부근 인도,2023-12-28,2024-06-03
불법주정차,2023-12-20,14:01,검단동 838-4 부근 인도,2023-12-28,2024-06-03
불법주정차,2023-12-20,14:01,검단동 838-4 부근 인도,2023-12-28,2024-06-03
불법주정차,2023-12-20,14:02,검단동 838-4 부근 인도,2023-12-28,2024-06-03
불법주정차,2023-12-20,14:11,대학로 파리바게트 부근,2023-12-21,2024-06-03
불법주정차,2023-12-20,14:15,노원동1가 원대로 부근,2023-12-21,2024-06-03
불법주정차,2023-12-20,14:16,노원동1가 원대로 부근,2023-12-21,2024-06-03
불법주정차,2023-12-20,14:16,노원동1가 원대로 부근,2023-12-21,2024-06-03
불법주정차,2023-12-20,14:19,고성동3가 고성북로 부근,2023-12-21,2024-06-03
불법주정차,2023-12-20,14:19,고성동3가 고성북로 부근,2023-12-21,2024-06-03
불법주정차,2023-12-20,14:20,고성동3가 고성북로 부근,2023-12-21,2024-06-03
불법주정차,2023-12-20,14:21,고성동2가 고성로 부근,2023-12-21,2024-06-03
불법주정차,2023-12-20,14:22,고성동3가 고성로 부근,2023-12-21,2024-06-03
불법주정차,2023-12-20,14:24,고성동2가 칠성남로 부근,2023-12-21,2024-06-03
불법주정차,2023-12-20,14:24,고성동2가 고성북로 부근,2023-12-21,2024-06-03
불법주정차,2023-12-20,14:24,서변동 서변로3길 부근,2023-12-21,2024-06-03
불법주정차,2023-12-20,14:26,서변동 서변로 부근,2023-12-21,2024-06-03
불법주정차,2023-12-20,14:31,서변동 서변로 부근,2023-12-21,2024-06-03
불법주정차,2023-12-20,14:31,서변동 서변로 부근,2023-12-21,2024-06-03
불법주정차,2023-12-20,14:31,서변동 서변로 부근,2023-12-21,2024-06-03
불법주정차,2023-12-20,14:32,서변동 서변로3길 부근,2023-12-21,2024-06-03
불법주정차,2023-12-20,14:32,서변동 서변로3길 부근,2023-12-21,2024-06-03
불법주정차,2023-12-20,14:32,서변동 서변로3길 부근,2023-12-21,2024-06-03
불법주정차,2023-12-20,14:33,매천초등학교,2023-12-21,2024-06-03
불법주정차,2023-12-20,14:34,서변동 서변로 부근,2023-12-21,2024-06-03
불법주정차,2023-12-20,14:34,서변동 서변로 부근,2023-12-21,2024-06-03
불법주정차,2023-12-20,14:34,서변동 서변로 부근,2023-12-21,2024-06-03
불법주정차,2023-12-20,14:35,농협침산지점앞,2023-12-21,2024-06-03
불법주정차,2023-12-20,14:35,서변동 서변로3길 부근,2023-12-21,2024-06-03
불법주정차,2023-12-20,14:36,무지개공영주차장 부근,2023-12-21,2024-06-03
불법주정차,2023-12-20,14:36,대구역 오페라더블유2,2023-12-21,2024-06-03
불법주정차,2023-12-20,14:37,노원한신더휴 동문,2023-12-21,2024-06-03
불법주정차,2023-12-20,14:41,사수동 내곡로 부근,2023-12-21,2024-06-03
불법주정차,2023-12-20,14:41,사수동 내곡로 부근,2023-12-21,2024-06-03
불법주정차,2023-12-20,14:41,사수동 내곡로 부근,2023-12-21,2024-06-03
불법주정차,2023-12-20,14:41,사수동 내곡로 부근,2023-12-21,2024-06-03
불법주정차,2023-12-20,14:41,사수동 내곡로 부근,2023-12-21,2024-06-03
불법주정차,2023-12-20,14:41,사수동 내곡로 부근,2023-12-21,2024-06-03
불법주정차,2023-12-20,14:46,사수동 한강로2길 부근,2023-12-21,2024-06-03
불법주정차,2023-12-20,14:46,사수동 한강로2길 부근,2023-12-21,2024-06-03
불법주정차,2023-12-20,14:48,서변동 서변남로 부근,2023-12-21,2024-06-03
불법주정차,2023-12-20,14:49,사수동 27-3 부근,2023-12-21,2024-06-03
불법주정차,2023-12-20,14:49,사수동 한강로4길 부근,2023-12-21,2024-06-03
불법주정차,2023-12-20,14:49,사수동 한강로4길 부근,2023-12-21,2024-06-03
불법주정차,2023-12-20,14:57,산격동 687 부근,2023-12-21,2024-06-03
불법주정차,2023-12-20,14:57,산격동 687 부근,2023-12-21,2024-06-03
불법주정차,2023-12-20,14:58,태전동 원대새마을금고,2023-12-21,2024-06-03
불법주정차,2023-12-20,15:03,대구역 오페라더블유2,2023-12-21,2024-06-03
불법주정차,2023-12-20,15:04,금정공원(보행자우선거리,2023-12-21,2024-06-03
불법주정차,2023-12-20,15:04,연경동 연경지묘로 부근,2023-12-21,2024-06-03
불법주정차,2023-12-20,15:04,연경동 동화천로 부근,2023-12-21,2024-06-03
불법주정차,2023-12-20,15:05,연경동 동화천로 부근,2023-12-21,2024-06-03
불법주정차,2023-12-20,15:05,연경동 동화천로 부근,2023-12-21,2024-06-03
불법주정차,2023-12-20,15:06,새동산산부인과,2023-12-21,2024-06-03
불법주정차,2023-12-20,15:06,연경동 연경중앙로 부근,2023-12-21,2024-06-03
불법주정차,2023-12-20,15:09,구암동 685 부근 모퉁이,2023-12-28,2024-06-03
불법주정차,2023-12-20,15:10,새동산산부인과,2023-12-21,2024-06-03
불법주정차,2023-12-20,15:10,고성동3가 고성로 부근,2023-12-21,2024-06-03
불법주정차,2023-12-20,15:11,노원동주민센터 사거리,2023-12-21,2024-06-03
불법주정차,2023-12-20,15:14,동천동회전교차로2,2023-12-21,2024-06-03
불법주정차,2023-12-20,15:16,학정동 935-11 부근 모퉁이,2023-12-28,2024-06-03
불법주정차,2023-12-20,15:17,대현도서관교차로,2023-12-21,2024-06-03
불법주정차,2023-12-20,15:20,관천초등학교,2023-12-21,2024-06-03
불법주정차,2023-12-20,15:21,KB국민은행침산지점,2023-12-21,2024-06-03
불법주정차,2023-12-20,15:28,태전동 1233 부근 교차로,2024-05-23,2024-06-03
불법주정차,2023-12-20,15:30,칠성초등학교 진입로,2023-12-21,2024-06-03
불법주정차,2023-12-20,15:32,태전동 368-1 부근 인도,2023-12-28,2024-06-03
불법주정차,2023-12-20,15:33,사수동 센스마트,2023-12-21,2024-06-03
불법주정차,2023-12-20,15:35,대구역 오페라더블유2,2024-01-31,2024-06-03
불법주정차,2023-12-20,15:37,침산동 133-40 부근 모퉁이,2023-12-28,2024-06-03
불법주정차,2023-12-20,15:39,동호동 팔거천동로 부근,2023-12-21,2024-06-03
불법주정차,2023-12-20,15:39,동호동 팔거천동로 부근,2023-12-21,2024-06-03
불법주정차,2023-12-20,15:39,동호동 팔거천동로 부근,2023-12-21,2024-06-03
불법주정차,2023-12-20,15:39,동호동 팔거천동로 부근,2023-12-21,2024-06-03
불법주정차,2023-12-20,15:39,동호동 팔거천동로 부근,2023-12-21,2024-06-03
불법주정차,2023-12-20,15:41,산격동 경대북문,2023-12-21,2024-06-03
불법주정차,2023-12-20,15:43,오페라코오롱하늘채 앞,2023-12-21,2024-06-03
불법주정차,2023-12-20,15:46,대구은행 학정로 지점,2023-12-21,2024-06-03
불법주정차,2023-12-20,15:50,새동산산부인과,2023-12-21,2024-06-03
불법주정차,2023-12-20,15:50,사수동 899 부근 모퉁이,2023-12-28,2024-06-03
불법주정차,2023-12-20,15:51,복현동 190-1 부근 횡단보도,2023-12-28,2024-06-03
불법주정차,2023-12-20,15:52,새동산산부인과,2023-12-21,2024-06-03
불법주정차,2023-12-20,15:54,칠성동2가 중앙대로 부근,2023-12-21,2024-06-03
불법주정차,2023-12-20,15:54,칠성동2가 중앙대로 부근,2023-12-21,2024-06-03
불법주정차,2023-12-20,15:54,사수동 962 부근 횡단보도,2023-12-28,2024-06-03
불법주정차,2023-12-20,15:55,관천초등학교,2023-12-21,2024-06-03
불법주정차,2023-12-20,15:56,NC아울렛 앞 사거리,2023-12-21,2024-06-03
불법주정차,2023-12-20,15:58,대구은행 학정로 지점,2023-12-21,2024-06-03
불법주정차,2023-12-20,16:00,사수동 962 부근 모퉁이,2023-12-28,2024-06-03
불법주정차,2023-12-20,16:02,학정동 928-7 부근 인도,2023-12-28,2024-06-03
불법주정차,2023-12-20,16:03,동천동 962-4 부근 횡단보도,2023-12-28,2024-06-03
불법주정차,2023-12-20,16:07,사수초등학교,2023-12-21,2024-06-03
불법주정차,2023-12-20,16:07,노원한신더휴 동문,2023-12-21,2024-06-03
불법주정차,2023-12-20,16:07,학정동 953-7 부근 횡단보도,2023-12-28,2024-06-03
불법주정차,2023-12-20,16:09,칠성동2가 침산로 부근,2023-12-21,2024-06-03
불법주정차,2023-12-20,16:09,칠성동2가 침산로 부근,2023-12-21,2024-06-03
불법주정차,2023-12-20,16:12,침산 화인탑펠리스,2023-12-21,2024-06-03
불법주정차,2023-12-20,16:12,칠성동2가 중앙대로 부근,2023-12-21,2024-06-03
불법주정차,2023-12-20,16:13,칠성동2가 중앙대로 부근,2023-12-21,2024-06-03
불법주정차,2023-12-20,16:14,동천동회전교차로1,2023-12-21,2024-06-03
불법주정차,2023-12-20,16:15,구암동 농협중앙회,2023-12-21,2024-06-03
불법주정차,2023-12-20,16:16,새동산산부인과,2023-12-21,2024-06-03
불법주정차,2023-12-20,16:17,산격동 산격로19길 부근,2023-12-21,2024-06-03
불법주정차,2023-12-20,16:17,구암동 663-9 부근 횡단보도,2023-12-28,2024-06-03
불법주정차,2023-12-20,16:18,대구역 오페라더블유1,2023-12-21,2024-06-03
불법주정차,2023-12-20,16:20,대구역 오페라더블유2,2023-12-21,2024-06-03
불법주정차,2023-12-20,16:20,노원한신더휴 동문,2023-12-21,2024-06-03
불법주정차,2023-12-20,16:20,동변공원 사거리,2023-12-21,2024-06-03
불법주정차,2023-12-20,16:20,NC아울렛 앞 사거리,2023-12-21,2024-06-03
불법주정차,2023-12-20,16:21,오페라 클래시아,2023-12-21,2024-06-03
불법주정차,2023-12-20,16:24,새동산산부인과,2023-12-21,2024-06-03
불법주정차,2023-12-20,16:25,동천동 동암로 부근,2023-12-21,2024-06-03
불법주정차,2023-12-20,16:27,대구역 오페라더블유2,2023-12-21,2024-06-03
불법주정차,2023-12-20,16:27,동천동 동암로12길 부근,2023-12-21,2024-06-03
불법주정차,2023-12-20,16:27,동천동 동암로12길 부근,2023-12-21,2024-06-03
불법주정차,2023-12-20,16:30,동천동 동암로 부근,2023-12-21,2024-06-03
불법주정차,2023-12-20,16:30,동천동 동암로 부근,2023-12-21,2024-06-03
불법주정차,2023-12-20,16:30,동천동 동암로 부근,2023-12-21,2024-06-03
불법주정차,2023-12-20,16:30,동천동 동암로 부근,2023-12-21,2024-06-03
불법주정차,2023-12-20,16:30,동천동 동암로12길 부근,2023-12-21,2024-06-03
불법주정차,2023-12-20,16:30,동천동 동암로12길 부근,2023-12-21,2024-06-03
불법주정차,2023-12-20,16:30,동천동 972 부근 인도,2023-12-28,2024-06-03
불법주정차,2023-12-20,16:31,노원한신더휴 남문,2023-12-21,2024-06-03
불법주정차,2023-12-20,16:31,동천동 동암로12길 부근,2023-12-21,2024-06-03
불법주정차,2023-12-20,16:31,동천동 동암로12길 부근,2023-12-21,2024-06-03
불법주정차,2023-12-20,16:32,동천동 동암로12길 부근,2023-12-21,2024-06-03
불법주정차,2023-12-20,16:32,관음동 칠곡중앙대로 부근,2023-12-21,2024-06-03
불법주정차,2023-12-20,16:32,동천동 972 부근 인도,2023-12-28,2024-06-03
불법주정차,2023-12-20,16:33,관음동 관음동로 부근,2023-12-21,2024-06-03
불법주정차,2023-12-20,16:33,관음동 관음동로 부근,2023-12-21,2024-06-03
불법주정차,2023-12-20,16:33,관음동 관음동로 부근,2023-12-21,2024-06-03
불법주정차,2023-12-20,16:33,관음동 관음동로 부근,2023-12-21,2024-06-03
불법주정차,2023-12-20,16:34,동천동 동천로23길 부근,2023-12-21,2024-06-03
불법주정차,2023-12-20,16:34,관음동 칠곡중앙대로91길 부근,2023-12-21,2024-06-03
불법주정차,2023-12-20,16:34,관음동 관음동로 부근,2023-12-21,2024-06-03
불법주정차,2023-12-20,16:34,동천동 동천로23길 부근,2023-12-21,2024-06-03
불법주정차,2023-12-20,16:35,관음동 관음동로 부근,2023-12-21,2024-06-03
불법주정차,2023-12-20,16:35,관음동 관음동로 부근,2023-12-21,2024-06-03
불법주정차,2023-12-20,16:35,복현동 477-1 부근 모퉁이,2023-12-28,2024-06-03
불법주정차,2023-12-20,16:36,관음동 칠곡중앙대로 부근,2023-12-21,2024-06-03
불법주정차,2023-12-20,16:36,관음동 칠곡중앙대로 부근,2023-12-21,2024-06-03
불법주정차,2023-12-20,16:38,팔달동 대구수산시장,2023-12-21,2024-06-03
불법주정차,2023-12-20,16:38,읍내동 구암로 부근,2023-12-21,2024-06-03
불법주정차,2023-12-20,16:38,읍내동 구암로 부근,2023-12-21,2024-06-03
불법주정차,2023-12-20,16:40,읍내동 칠곡중앙대로86길 부근,2023-12-21,2024-06-03
불법주정차,2023-12-20,16:40,읍내동 칠곡중앙대로86길 부근,2023-12-21,2024-06-03
불법주정차,2023-12-20,16:40,읍내동 칠곡중앙대로 부근,2023-12-21,2024-06-03
불법주정차,2023-12-20,16:45,새동산산부인과,2023-12-21,2024-06-03
불법주정차,2023-12-20,16:45,구암동 농협중앙회,2023-12-21,2024-06-03
불법주정차,2023-12-20,16:46,노원한신더휴 남문,2023-12-21,2024-06-03
불법주정차,2023-12-20,16:49,오페라코오롱하늘채 앞,2023-12-21,2024-06-03
불법주정차,2023-12-20,16:49,침산 화성파크드림,2023-12-21,2024-06-03
불법주정차,2023-12-20,16:56,산격동 대동로1길 부근,2023-12-21,2024-06-03
불법주정차,2023-12-20,16:56,산격동 대동로1길 부근,2023-12-21,2024-06-03
불법주정차,2023-12-20,16:56,산격동 대동로1길 부근,2023-12-21,2024-06-03
불법주정차,2023-12-20,16:57,관음동 칠곡중앙대로 부근,2023-12-21,2024-06-03
불법주정차,2023-12-20,16:57,침산동 1762 부근 횡단보도,2023-12-28,2024-06-03
불법주정차,2023-12-20,17:02,칠곡우방타운 삼거리,2023-12-21,2024-06-03
불법주정차,2023-12-20,17:02,새동산산부인과,2023-12-21,2024-06-03
불법주정차,2023-12-20,17:02,산격동 1425 부근 인도,2023-12-28,2024-06-03
불법주정차,2023-12-20,17:03,태전동 중앙시장,2023-12-21,2024-06-03
불법주정차,2023-12-20,17:03,노원동2가 366 부근 인도,2023-12-28,2024-06-03
불법주정차,2023-12-20,17:11,산격동 1437-172 부근 모퉁이,2023-12-28,2024-06-03
불법주정차,2023-12-20,17:14,노원한신더휴 동문,2023-12-21,2024-06-03
불법주정차,2023-12-20,17:15,운암초등학교,2023-12-21,2024-06-03
불법주정차,2023-12-20,17:15,금정공원(보행자우선거리,2023-12-21,2024-06-03
불법주정차,2023-12-20,17:32,침산동 543-4 부근 인도,2023-12-28,2024-06-03
불법주정차,2023-12-20,17:35,침산동 560-5 부근 인도,2024-01-02,2024-06-03
불법주정차,2023-12-20,17:46,읍내동 1234-184 부근 인도,2023-12-28,2024-06-03
불법주정차,2023-12-20,17:58,복현동 404-4 부근,2023-12-28,2024-06-03
불법주정차,2023-12-20,17:59,복현동 404-4 부근,2024-03-18,2024-06-03
불법주정차,2023-12-20,17:59,복현동 404-4 부근,2023-12-28,2024-06-03
불법주정차,2023-12-20,18:04,대현동 259-3 부근 인도,2023-12-28,2024-06-03
불법주정차,2023-12-20,18:05,동천동 912-1 부근 횡단보도,2023-12-28,2024-06-03
불법주정차,2023-12-20,18:31,구암동 656-11 부근 횡단보도,2023-12-28,2024-06-03
불법주정차,2023-12-20,18:40,침산동 314-4 부근 횡단보도,2023-12-28,2024-06-03
불법주정차,2023-12-20,18:41,동천동 972-1 부근 소화전,2023-12-28,2024-06-03
불법주정차,2023-12-20,18:42,구암동 836-1 부근,2023-12-28,2024-06-03
불법주정차,2023-12-20,18:45,구암동 836-1 부근,2023-12-28,2024-06-03
불법주정차,2023-12-20,18:47,동호동 420 부근 인도,2023-12-28,2024-06-03
불법주정차,2023-12-20,18:53,태전동 936-1 부근 횡단보도,2023-12-28,2024-06-03
불법주정차,2023-12-20,19:08,산격동 1399-11 부근,2023-12-28,2024-06-03
불법주정차,2023-12-20,19:34,동변동 684-5 부근 인도,2023-12-28,2024-06-03
불법주정차,2023-12-20,19:36,복현동 713 부근,2023-12-28,2024-06-03
불법주정차,2023-12-20,19:36,복현동 713 부근,2023-12-28,2024-06-03
불법주정차,2023-12-20,19:36,복현동 713 부근,2023-12-28,2024-06-03
불법주정차,2023-12-20,19:37,복현동 713 부근 모퉁이,2023-12-28,2024-06-03
불법주정차,2023-12-20,20:15,금호동 775 부근 모퉁이,2023-12-28,2024-06-03
불법주정차,2023-12-20,20:15,금호동 775 부근 모퉁이,2023-12-28,2024-06-03
불법주정차,2023-12-20,20:51,복현동 463-14 부근 모퉁이,2023-12-28,2024-06-03
불법주정차,2023-12-20,20:55,복현동 454-3 부근 모퉁이,2023-12-28,2024-06-03
불법주정차,2023-12-20,21:05,동천동 948-9 부근 횡단보도,2023-12-28,2024-06-03
불법주정차,2023-12-20,21:22,복현동 462 부근 소화전,2023-12-28,2024-06-03
불법주정차,2023-12-20,21:40,태전동 986-11 부근 횡단보도,2023-12-28,2024-06-03
불법주정차,2023-12-20,22:35,동천동 960-2 부근 모퉁이,2023-12-28,2024-06-03
불법주정차,2023-12-20,22:36,관음동 1257-11 부근 버스정류소,2023-12-28,2024-06-03
불법주정차,2023-12-20,22:38,관음동 1257-11 부근 버스정류소,2023-12-28,2024-06-03
불법주정차,2023-12-20,22:40,관음동 1268-23 부근 횡단보도,2023-12-28,2024-06-03
불법주정차,2023-12-20,22:44,구암동 765-1 부근 횡단보도,2023-12-28,2024-06-03
불법주정차,2023-12-20,23:05,금호동 802 부근 모퉁이,2023-12-28,2024-06-03
불법주정차,2023-12-21,02:43,동천동 891 부근 소화전,2023-12-28,2024-06-03
불법주정차,2023-12-21,07:01,동천동회전교차로1,2023-12-22,2024-06-03
불법주정차,2023-12-21,07:03,침산1동회전교차로1,2023-12-22,2024-06-03
불법주정차,2023-12-21,07:04,운암초등학교,2023-12-22,2024-06-03
불법주정차,2023-12-21,07:04,침산 화인탑펠리스,2023-12-22,2024-06-03
불법주정차,2023-12-21,07:04,칠곡우방타운 삼거리,2023-12-22,2024-06-03
불법주정차,2023-12-21,07:05,매천시장 3문,2023-12-22,2024-06-03
불법주정차,2023-12-21,07:05,태전동 1228 부근 모퉁이,2023-12-28,2024-06-03
불법주정차,2023-12-21,07:06,대구역 오페라더블유1,2023-12-22,2024-06-03
불법주정차,2023-12-21,07:08,대구역 오페라더블유2,2023-12-22,2024-06-03
불법주정차,2023-12-21,07:09,칠곡우방타운 삼거리,2023-12-22,2024-06-03
불법주정차,2023-12-21,07:09,침산 화인탑펠리스,2023-12-22,2024-06-03
불법주정차,2023-12-21,07:09,대구역 오페라더블유1,2023-12-22,2024-06-03
불법주정차,2023-12-21,07:12,매천시장 3문,2023-12-22,2024-06-03
불법주정차,2023-12-21,07:18,매천시장 3문,2023-12-22,2024-06-03
불법주정차,2023-12-21,07:18,고성동1가 칠성남로 부근,2023-12-22,2024-06-03
불법주정차,2023-12-21,07:18,고성동1가 칠성남로 부근,2023-12-22,2024-06-03
불법주정차,2023-12-21,07:18,고성동1가 칠성남로 부근,2023-12-22,2024-06-03
불법주정차,2023-12-21,07:18,고성동1가 113-20 부근,2023-12-22,2024-06-03
불법주정차,2023-12-21,07:18,고성동1가 113-20 부근,2023-12-22,2024-06-03
불법주정차,2023-12-21,07:19,고성동1가 113-20 부근,2023-12-22,2024-06-03
불법주정차,2023-12-21,07:19,고성동1가 113-20 부근,2023-12-22,2024-06-03
불법주정차,2023-12-21,07:19,고성동1가 113-20 부근,2023-12-22,2024-06-03
불법주정차,2023-12-21,07:19,고성동1가 113-20 부근,2023-12-22,2024-06-03
불법주정차,2023-12-21,07:19,고성동1가 113-20 부근,2023-12-22,2024-06-03
불법주정차,2023-12-21,07:19,고성동1가 113-20 부근,2023-12-22,2024-06-03
불법주정차,2023-12-21,07:19,고성동1가 113-20 부근,2023-12-22,2024-06-03
불법주정차,2023-12-21,07:19,고성동1가 158-3 부근,2023-12-22,2024-06-03
불법주정차,2023-12-21,07:19,고성동1가 158-3 부근,2023-12-22,2024-06-03
불법주정차,2023-12-21,07:19,고성동1가 158-3 부근,2023-12-22,2024-06-03
불법주정차,2023-12-21,07:19,고성동1가 158-3 부근,2023-12-22,2024-06-03
불법주정차,2023-12-21,07:19,고성동1가 158-3 부근,2023-12-22,2024-06-03
불법주정차,2023-12-21,07:21,고성동1가 104-21 부근,2023-12-22,2024-06-03
불법주정차,2023-12-21,07:21,고성동1가 104-21 부근,2023-12-22,2024-06-03
불법주정차,2023-12-21,07:21,고성동1가 104-21 부근,2023-12-22,2024-06-03
불법주정차,2023-12-21,07:21,고성동1가 104-21 부근,2023-12-22,2024-06-03
불법주정차,2023-12-21,07:21,고성동1가 104-21 부근,2023-12-22,2024-06-03
불법주정차,2023-12-21,07:21,고성동1가 104-21 부근,2023-12-22,2024-06-03
불법주정차,2023-12-21,07:21,고성동1가 104-21 부근,2023-12-22,2024-06-03
불법주정차,2023-12-21,07:21,고성동1가 104-21 부근,2023-12-22,2024-06-03
불법주정차,2023-12-21,07:21,고성동1가 104-21 부근,2024-02-08,2024-06-03
불법주정차,2023-12-21,07:23,관천초등학교,2023-12-22,2024-06-03
불법주정차,2023-12-21,07:24,복현동 검단로 부근,2023-12-22,2024-06-03
불법주정차,2023-12-21,07:29,국우동 학남로 부근,2023-12-22,2024-06-03
불법주정차,2023-12-21,07:30,국우동 학남로 부근,2023-12-22,2024-06-03
불법주정차,2023-12-21,07:33,학정동 학정동로 부근,2023-12-22,2024-06-03
불법주정차,2023-12-21,07:33,국우동 학정동로 부근,2023-12-22,2024-06-03
불법주정차,2023-12-21,07:36,구암동 구암서로 부근,2023-12-22,2024-06-03
불법주정차,2023-12-21,07:38,국우동 학남로 부근,2023-12-22,2024-06-03
불법주정차,2023-12-21,07:42,팔달동 286-12 부근,2023-12-22,2024-06-03
불법주정차,2023-12-21,07:42,금호동 산 103-1 부근,2023-12-22,2024-06-03
불법주정차,2023-12-21,07:42,검단동 검단공단로 부근,2023-12-22,2024-06-03
불법주정차,2023-12-21,07:43,칠곡초등학교 진입로,2023-12-22,2024-06-03
불법주정차,2023-12-21,07:43,검단동 검단공단로 부근,2023-12-22,2024-06-03
불법주정차,2023-12-21,07:43,금호동 한강로 부근,2023-12-22,2024-06-03
불법주정차,2023-12-21,07:43,금호동 한강로 부근,2023-12-22,2024-06-03
불법주정차,2023-12-21,07:44,대구역 오페라더블유2,2023-12-22,2024-06-03
불법주정차,2023-12-21,07:44,금호동 한강로7길 부근,2023-12-22,2024-06-03
불법주정차,2023-12-21,07:44,태전동 1049-11 부근 인도,2023-12-28,2024-06-03
불법주정차,2023-12-21,07:45,산격동 검단로 부근,2023-12-22,2024-06-03
불법주정차,2023-12-21,07:47,대구역 오페라더블유2,2023-12-22,2024-06-03
불법주정차,2023-12-21,07:48,태전동 1068 부근 횡단보도,2023-12-28,2024-06-03
불법주정차,2023-12-21,07:51,사수동 728 부근,2023-12-22,2024-06-03
불법주정차,2023-12-21,07:51,사수동 728 부근,2023-12-22,2024-06-03
불법주정차,2023-12-21,07:51,사수동 728 부근,2023-12-22,2024-06-03
불법주정차,2023-12-21,07:54,관음동 1323 부근 횡단보도,2023-12-28,2024-06-03
불법주정차,2023-12-21,08:04,대구역 오페라더블유2,2023-12-22,2024-06-03
불법주정차,2023-12-21,08:04,오페라 클래시아,2023-12-22,2024-06-03
불법주정차,2023-12-21,08:05,금호서한이다음정문,2023-12-22,2024-06-03
불법주정차,2023-12-21,08:07,동변공원 사거리,2023-12-22,2024-06-03
불법주정차,2023-12-21,08:08,오페라 클래시아,2023-12-22,2024-06-03
불법주정차,2023-12-21,08:08,동변공원 사거리,2023-12-22,2024-06-03
불법주정차,2023-12-21,08:09,관음동 1369-1 부근 모퉁이,2023-12-28,2024-06-03
불법주정차,2023-12-21,08:12,노원동1가 509 부근 소화전,2023-12-28,2024-06-03
불법주정차,2023-12-21,08:14,대구역 오페라더블유2,2023-12-22,2024-06-03
불법주정차,2023-12-21,08:17,오페라 클래시아,2024-03-13,2024-06-03
불법주정차,2023-12-21,08:22,오페라트루엘시민의숲,2023-12-22,2024-06-03
불법주정차,2023-12-21,08:23,노원한신더휴 남문,2023-12-22,2024-06-03
불법주정차,2023-12-21,08:23,진성유치원 삼거리,2023-12-22,2024-06-03
불법주정차,2023-12-21,08:31,서변동 1753-2 부근 횡단보도,2023-12-28,2024-06-03
불법주정차,2023-12-21,08:37,칠성동 꽃시장 (아름나라,2023-12-22,2024-06-03
불법주정차,2023-12-21,08:50,오페라 클래시아,2023-12-22,2024-06-03
불법주정차,2023-12-21,09:03,매천시장 3문,2023-12-22,2024-06-03
불법주정차,2023-12-21,09:37,NC아울렛 앞 사거리,2023-12-22,2024-06-03
불법주정차,2023-12-21,09:49,산격동 14-29 부근 모퉁이,2023-12-28,2024-06-03
불법주정차,2023-12-21,09:58,노원동주민센터 사거리,2023-12-22,2024-06-03
불법주정차,2023-12-21,10:07,거창식당 앞(칠성시장),2023-12-22,2024-06-03
불법주정차,2023-12-21,10:13,노원한신더휴 동문,2023-12-22,2024-06-03
불법주정차,2023-12-21,10:15,북부초등학교,2023-12-22,2024-06-03
불법주정차,2023-12-21,10:24,칠성동2가 2-4 부근 횡단보도,2023-12-28,2024-06-03
불법주정차,2023-12-21,10:34,대구은행 복현지점,2023-12-22,2024-06-03
불법주정차,2023-12-21,10:34,금호서한이다음정문,2023-12-22,2024-06-03
불법주정차,2023-12-21,10:36,서변동 산 30-1 부근,2023-12-22,2024-06-03
불법주정차,2023-12-21,10:37,새동산산부인과,2023-12-22,2024-06-03
불법주정차,2023-12-21,10:38,노원한신더휴 남문,2023-12-22,2024-06-03
불법주정차,2023-12-21,10:38,산격초등학교,2023-12-22,2024-06-03
불법주정차,2023-12-21,10:40,동변동 동변로23길 부근,2023-12-22,2024-06-03
불법주정차,2023-12-21,10:41,구암동 학정로 부근,2023-12-22,2024-06-03
불법주정차,2023-12-21,10:42,읍내동 동암로7길 부근,2023-12-22,2024-06-03
불법주정차,2023-12-21,10:42,구암동 학정로 부근,2023-12-22,2024-06-03
불법주정차,2023-12-21,10:43,구암동 학정로 부근,2023-12-22,2024-06-03
불법주정차,2023-12-21,10:43,읍내동 동암로7길 부근,2023-12-22,2024-06-03
불법주정차,2023-12-21,10:43,읍내동 동암로7길 부근,2023-12-22,2024-06-03
불법주정차,2023-12-21,10:43,읍내동 동암로7길 부근,2023-12-22,2024-06-03
불법주정차,2023-12-21,10:43,구암동 학정로 부근,2023-12-22,2024-06-03
불법주정차,2023-12-21,10:43,읍내동 동암로7길 부근,2023-12-22,2024-06-03
불법주정차,2023-12-21,10:44,북부초등학교,2023-12-22,2024-06-03
불법주정차,2023-12-21,10:45,읍내동 동암로7길 부근,2023-12-22,2024-06-03
불법주정차,2023-12-21,10:46,동천동 학정로 부근,2023-12-22,2024-06-03
불법주정차,2023-12-21,10:46,동천동 학정로 부근,2023-12-22,2024-06-03
불법주정차,2023-12-21,10:47,노원동주민센터 사거리,2023-12-22,2024-06-03
불법주정차,2023-12-21,10:48,태전동 중앙시장,2023-12-22,2024-06-03
불법주정차,2023-12-21,10:48,동천동 동천로 부근,2023-12-22,2024-06-03
불법주정차,2023-12-21,10:49,동천동 동천로23길 부근,2023-12-22,2024-06-03
불법주정차,2023-12-21,10:50,동천동 동천로23길 부근,2023-12-22,2024-06-03
불법주정차,2023-12-21,10:50,동천동 동천로23길 부근,2023-12-22,2024-06-03
불법주정차,2023-12-21,10:50,동천동 동천로23길 부근,2023-12-22,2024-06-03
불법주정차,2023-12-21,10:51,동천동 동천로23길 부근,2023-12-22,2024-06-03
불법주정차,2023-12-21,10:58,서변동 서변로 부근,2023-12-22,2024-06-03
불법주정차,2023-12-21,10:58,침산동 13-54 부근 인도,2023-12-28,2024-06-03
불법주정차,2023-12-21,10:59,태전동 1023-14 부근 횡단보도,2023-12-28,2024-06-03
불법주정차,2023-12-21,11:00,서변동 서변로 부근,2023-12-22,2024-06-03
불법주정차,2023-12-21,11:00,서변동 서변로 부근,2023-12-22,2024-06-03
불법주정차,2023-12-21,11:00,침산동 133-40 부근 모퉁이,2023-12-28,2024-06-03
불법주정차,2023-12-21,11:02,서변동 서변로 부근,2023-12-22,2024-06-03
불법주정차,2023-12-21,11:02,태전동 940-6 부근 인도,2023-12-28,2024-06-03
불법주정차,2023-12-21,11:03,서변동 서변로3길 부근,2023-12-22,2024-06-03
불법주정차,2023-12-21,11:03,서변동 서변로3길 부근,2023-12-22,2024-06-03
불법주정차,2023-12-21,11:04,서변동 망월길 부근,2024-03-13,2024-06-03
불법주정차,2023-12-21,11:05,서변동 망월길 부근,2023-12-22,2024-06-03
불법주정차,2023-12-21,11:06,서변동 서변로 부근,2023-12-22,2024-06-03
불법주정차,2023-12-21,11:07,서변동 서변로 부근,2023-12-22,2024-06-03
불법주정차,2023-12-21,11:11,동천동 동천로 부근,2023-12-22,2024-06-03
불법주정차,2023-12-21,11:17,동천동 동천로 부근,2024-03-13,2024-06-03
불법주정차,2023-12-21,11:18,동천동 대천로18길 부근,2023-12-22,2024-06-03
불법주정차,2023-12-21,11:18,서변동 서변로3길 부근,2023-12-22,2024-06-03
불법주정차,2023-12-21,11:19,서변동 서변로3길 부근,2023-12-22,2024-06-03
불법주정차,2023-12-21,11:19,서변동 서변로3길 부근,2023-12-22,2024-06-03
불법주정차,2023-12-21,11:22,태전동 981 부근 소화전,2023-12-28,2024-06-03
불법주정차,2023-12-21,11:22,태전동 975 부근 소화전,2023-12-28,2024-06-03
불법주정차,2023-12-21,11:25,동천동 팔거천동로 부근,2023-12-22,2024-06-03
불법주정차,2023-12-21,11:25,동천동 팔거천동로 부근,2024-04-04,2024-06-03
불법주정차,2023-12-21,11:26,동천동 동천로 부근,2023-12-22,2024-06-03
불법주정차,2023-12-21,11:27,칠성시장 화재(소방),2023-12-22,2024-06-03
불법주정차,2023-12-21,11:28,무지개공영주차장 부근,2023-12-22,2024-06-03
불법주정차,2023-12-21,11:41,산격동 1426 부근 모퉁이,2023-12-28,2024-06-03
불법주정차,2023-12-21,12:07,산격동 1424-6 부근 횡단보도,2023-12-28,2024-06-03
불법주정차,2023-12-21,12:23,산격동 1426 부근 횡단보도,2023-12-28,2024-06-03
불법주정차,2023-12-21,12:26,태전동 532-6 부근 인도,2023-12-28,2024-06-03
불법주정차,2023-12-21,13:12,학정동 949-5 부근 모퉁이,2023-12-28,2024-06-03
불법주정차,2023-12-21,13:52,침산동 133-40 부근 모퉁이,2023-12-28,2024-06-03
불법주정차,2023-12-21,14:09,무지개공영주차장 부근,2023-12-22,2024-06-03
불법주정차,2023-12-21,14:18,노원동1가 원대로 부근,2024-03-13,2024-06-03
불법주정차,2023-12-21,14:20,노원동1가 원대로 부근,2023-12-22,2024-06-03
불법주정차,2023-12-21,14:21,침산동 원대로 부근,2023-12-22,2024-06-03
불법주정차,2023-12-21,14:21,침산동 원대로 부근,2023-12-22,2024-06-03
불법주정차,2023-12-21,14:21,칠성동1가 270-37 부근 버스정류소,2023-12-28,2024-06-03
불법주정차,2023-12-21,14:24,읍내동 1343-4 부근 횡단보도,2023-12-28,2024-06-03
불법주정차,2023-12-21,14:25,금호동 806 부근 횡단보도,2023-12-28,2024-06-03
불법주정차,2023-12-21,14:25,고성동3가 73 부근,2023-12-28,2024-06-03
불법주정차,2023-12-21,14:28,고성동2가 고성로32길 부근,2023-12-22,2024-06-03
불법주정차,2023-12-21,14:28,고성동2가 고성북로 부근,2023-12-22,2024-06-03
불법주정차,2023-12-21,14:30,태전동 학정로 부근,2023-12-22,2024-06-03
불법주정차,2023-12-21,14:30,태전동 학정로 부근,2023-12-22,2024-06-03
불법주정차,2023-12-21,14:33,대구은행 복현지점,2023-12-22,2024-06-03
불법주정차,2023-12-21,14:35,대구역 오페라더블유2,2023-12-22,2024-06-03
불법주정차,2023-12-21,14:36,복현동 경대로19길 부근,2023-12-22,2024-06-03
불법주정차,2023-12-21,14:36,복현동 경대로19길 부근,2023-12-22,2024-06-03
불법주정차,2023-12-21,14:36,복현동 경대로19길 부근,2023-12-22,2024-06-03
불법주정차,2023-12-21,14:36,복현동 경대로19길 부근,2023-12-22,2024-06-03
불법주정차,2023-12-21,14:36,복현동 경대로19길 부근,2023-12-22,2024-06-03
불법주정차,2023-12-21,14:37,새동산산부인과,2023-12-22,2024-06-03
불법주정차,2023-12-21,14:37,노원한신더휴 동문,2023-12-22,2024-06-03
불법주정차,2023-12-21,14:37,복현동 경대로19길 부근,2023-12-22,2024-06-03
불법주정차,2023-12-21,14:37,구암동 태암남로 부근,2023-12-22,2024-06-03
불법주정차,2023-12-21,14:38,태전동 태암남로 부근,2023-12-22,2024-06-03
불법주정차,2023-12-21,14:40,복현동 경진로 부근,2023-12-22,2024-06-03
불법주정차,2023-12-21,14:41,무지개공영주차장 부근,2023-12-22,2024-06-03
불법주정차,2023-12-21,14:42,태전동 학정로 부근,2024-03-13,2024-06-03
불법주정차,2023-12-21,14:43,대구일중학교 정문 앞,2023-12-22,2024-06-03
불법주정차,2023-12-21,14:45,무지개공영주차장 부근,2023-12-22,2024-06-03
불법주정차,2023-12-21,14:45,산격동 대동로1길 부근,2023-12-22,2024-06-03
불법주정차,2023-12-21,14:45,산격동 대동로1길 부근,2023-12-22,2024-06-03
불법주정차,2023-12-21,14:45,산격동 대동로1길 부근,2023-12-22,2024-06-03
불법주정차,2023-12-21,14:46,새동산산부인과,2023-12-22,2024-06-03
불법주정차,2023-12-21,14:46,산격동 동북로 부근,2023-12-22,2024-06-03
불법주정차,2023-12-21,14:50,관음동 관음중앙로 부근,2023-12-22,2024-06-03
불법주정차,2023-12-21,14:50,관음동 관음중앙로 부근,2023-12-22,2024-06-03
불법주정차,2023-12-21,14:51,관음동 관음중앙로 부근,2023-12-22,2024-06-03
불법주정차,2023-12-21,14:52,관음동 관음중앙로22길 부근,2023-12-22,2024-06-03
불법주정차,2023-12-21,14:54,관음동 관음중앙로28길 부근,2023-12-22,2024-06-03
불법주정차,2023-12-21,14:55,관음동 관음중앙로 부근,2023-12-22,2024-06-03
불법주정차,2023-12-21,14:55,관음동 관음중앙로 부근,2023-12-22,2024-06-03
불법주정차,2023-12-21,14:56,관음동 관음중앙로28길 부근,2023-12-22,2024-06-03
불법주정차,2023-12-21,14:56,관음동 관음중앙로28길 부근,2023-12-22,2024-06-03
불법주정차,2023-12-21,14:56,관음동 관음동로 부근,2023-12-22,2024-06-03
불법주정차,2023-12-21,14:56,관음동 관음동로 부근,2023-12-22,2024-06-03
불법주정차,2023-12-21,14:58,칠곡시외버스하차장,2023-12-22,2024-06-03
불법주정차,2023-12-21,14:58,칠성동2가 침산로 부근,2023-12-22,2024-06-03
불법주정차,2023-12-21,14:58,칠성동2가 침산로 부근,2023-12-22,2024-06-03
불법주정차,2023-12-21,14:59,관음동 관음중앙로28길 부근,2023-12-22,2024-06-03
불법주정차,2023-12-21,14:59,관음동 관음중앙로 부근,2023-12-22,2024-06-03
불법주정차,2023-12-21,15:00,거창식당 앞(칠성시장),2023-12-22,2024-06-03
불법주정차,2023-12-21,15:01,칠성동2가 중앙대로 부근,2023-12-22,2024-06-03
불법주정차,2023-12-21,15:02,침산 화인탑펠리스,2023-12-22,2024-06-03
불법주정차,2023-12-21,15:02,노원한신더휴 남문,2023-12-22,2024-06-03
불법주정차,2023-12-21,15:02,관음동 관음중앙로 부근,2023-12-22,2024-06-03
불법주정차,2023-12-21,15:02,관음동 관음중앙로 부근,2023-12-22,2024-06-03
불법주정차,2023-12-21,15:04,칠성동2가 중앙대로106길 부근,2023-12-22,2024-06-03
불법주정차,2023-12-21,15:04,칠성동2가 중앙대로106길 부근,2023-12-22,2024-06-03
불법주정차,2023-12-21,15:04,칠성동1가 270-37 부근 버스정류소,2023-12-28,2024-06-03
불법주정차,2023-12-21,15:06,침산동 중앙대로 부근,2023-12-22,2024-06-03
불법주정차,2023-12-21,15:08,새동산산부인과,2023-12-22,2024-06-03
불법주정차,2023-12-21,15:08,동천동 팔거천동로 부근,2023-12-22,2024-06-03
불법주정차,2023-12-21,15:08,동천동 동천로 부근,2023-12-22,2024-06-03
불법주정차,2023-12-21,15:08,동천동 동천로 부근,2023-12-22,2024-06-03
불법주정차,2023-12-21,15:10,구암동 구암로32길 부근,2023-12-22,2024-06-03
불법주정차,2023-12-21,15:10,침산동 침산로22길 부근,2023-12-22,2024-06-03
불법주정차,2023-12-21,15:11,침산동 침산로22길 부근,2023-12-22,2024-06-03
불법주정차,2023-12-21,15:11,침산동 침산로22길 부근,2023-12-22,2024-06-03
불법주정차,2023-12-21,15:11,칠성동2가 침산로 부근,2023-12-22,2024-06-03
불법주정차,2023-12-21,15:11,복현동 공항로 부근,2023-12-22,2024-06-03
불법주정차,2023-12-21,15:11,칠성동2가 침산로 부근,2023-12-22,2024-06-03
불법주정차,2023-12-21,15:13,노원한신더휴 동문,2023-12-22,2024-06-03
불법주정차,2023-12-21,15:15,새동산산부인과,2023-12-22,2024-06-03
불법주정차,2023-12-21,15:16,오페라코오롱하늘채 앞,2023-12-22,2024-06-03
불법주정차,2023-12-21,15:22,오페라코오롱하늘채 앞,2023-12-22,2024-06-03
불법주정차,2023-12-21,15:23,복현동 404-2 부근,2024-01-02,2024-06-03
불법주정차,2023-12-21,15:30,북부초등학교,2023-12-22,2024-06-03
불법주정차,2023-12-21,15:31,오페라 클래시아,2023-12-22,2024-06-03
불법주정차,2023-12-21,15:32,대구역 오페라더블유2,2023-12-22,2024-06-03
불법주정차,2023-12-21,15:37,대현동 대현남로6길 부근,2023-12-22,2024-06-03
불법주정차,2023-12-21,15:37,대현동 대현남로6길 부근,2023-12-22,2024-06-03
불법주정차,2023-12-21,15:40,노원한신더휴 동문,2023-12-22,2024-06-03
불법주정차,2023-12-21,15:40,칠곡초등학교 진입로,2023-12-22,2024-06-03
불법주정차,2023-12-21,15:41,새동산산부인과,2023-12-22,2024-06-03
불법주정차,2023-12-21,15:41,서변공영주차장 사거리,2023-12-22,2024-06-03
불법주정차,2023-12-21,15:42,칠성시장교통섬,2023-12-22,2024-06-03
불법주정차,2023-12-21,15:44,동변공원 사거리,2023-12-22,2024-06-03
불법주정차,2023-12-21,15:47,침산동 성북로 부근,2023-12-22,2024-06-03
불법주정차,2023-12-21,15:47,침산동 성북로 부근,2023-12-22,2024-06-03
불법주정차,2023-12-21,15:47,침산동 성북로 부근,2023-12-22,2024-06-03
불법주정차,2023-12-21,15:47,침산동 성북로 부근,2023-12-22,2024-06-03
불법주정차,2023-12-21,15:48,침산동 성북로 부근,2023-12-22,2024-06-03
불법주정차,2023-12-21,15:49,운암고등학교,2023-12-22,2024-06-03
불법주정차,2023-12-21,15:49,침산동 침산로 부근,2023-12-22,2024-06-03
불법주정차,2023-12-21,15:50,침산 화인탑펠리스,2023-12-22,2024-06-03
불법주정차,2023-12-21,15:52,노원한신더휴 남문,2023-12-22,2024-06-03
불법주정차,2023-12-21,15:53,르노삼성자동차 침산점,2023-12-22,2024-06-03
불법주정차,2023-12-21,15:53,북부초등학교,2023-12-22,2024-06-03
불법주정차,2023-12-21,16:00,동천동회전교차로2,2023-12-22,2024-06-03
불법주정차,2023-12-21,16:00,칠곡초등학교 진입로,2023-12-22,2024-06-03
불법주정차,2023-12-21,16:00,산격동 산격로 부근,2023-12-22,2024-06-03
불법주정차,2023-12-21,16:00,산격동 산격로 부근,2024-03-13,2024-06-03
불법주정차,2023-12-21,16:04,동대구시장,2023-12-22,2024-06-03
불법주정차,2023-12-21,16:04,새동산산부인과,2023-12-22,2024-06-03
불법주정차,2023-12-21,16:08,태전동 칠곡중앙대로 부근,2023-12-22,2024-06-03
불법주정차,2023-12-21,16:08,태전동 칠곡중앙대로 부근,2023-12-22,2024-06-03
불법주정차,2023-12-21,16:10,검단동 537-3 부근 버스정류소,2023-12-28,2024-06-03
불법주정차,2023-12-21,16:13,태전동 구암로 부근,2023-12-22,2024-06-03
불법주정차,2023-12-21,16:15,관천초등학교,2023-12-22,2024-06-03
불법주정차,2023-12-21,16:15,읍내동 구암로21길 부근,2023-12-22,2024-06-03
불법주정차,2023-12-21,16:16,구암동 학정로 부근,2023-12-22,2024-06-03
불법주정차,2023-12-21,16:17,읍내동 구암로21길 부근,2023-12-22,2024-06-03
불법주정차,2023-12-21,16:17,읍내동 구암로21길 부근,2023-12-22,2024-06-03
불법주정차,2023-12-21,16:17,칠성동2가 침산로 부근,2023-12-22,2024-06-03
불법주정차,2023-12-21,16:18,북부초등학교,2023-12-22,2024-06-03
불법주정차,2023-12-21,16:19,산격동 경대북문,2023-12-22,2024-06-03
불법주정차,2023-12-21,16:19,읍내동 구암로 부근,2023-12-22,2024-06-03
불법주정차,2023-12-21,16:22,진성유치원 삼거리,2023-12-22,2024-06-03
불법주정차,2023-12-21,16:22,동천동 동암로 부근,2023-12-22,2024-06-03
불법주정차,2023-12-21,16:23,동천동회전교차로1,2023-12-22,2024-06-03
불법주정차,2023-12-21,16:23,동천동 동암로12길 부근,2023-12-22,2024-06-03
불법주정차,2023-12-21,16:23,동천동 동암로12길 부근,2023-12-22,2024-06-03
불법주정차,2023-12-21,16:24,노원동1가 침산남로 부근,2023-12-22,2024-06-03
불법주정차,2023-12-21,16:25,동천동 구리로 부근,2023-12-22,2024-06-03
불법주정차,2023-12-21,16:25,노원동1가 침산남로9길 부근,2024-01-12,2024-06-03
불법주정차,2023-12-21,16:25,동천동 구리로 부근,2023-12-22,2024-06-03
불법주정차,2023-12-21,16:25,동천동 동암로 부근,2023-12-22,2024-06-03
불법주정차,2023-12-21,16:26,노원동1가 옥산로7길 부근,2023-12-22,2024-06-03
불법주정차,2023-12-21,16:27,북부초등학교,2023-12-22,2024-06-03
불법주정차,2023-12-21,16:27,노원동1가 원대로 부근,2023-12-22,2024-06-03
불법주정차,2023-12-21,16:28,동천동 동천로23길 부근,2023-12-22,2024-06-03
불법주정차,2023-12-21,16:28,북부초등학교,2024-03-13,2024-06-03
불법주정차,2023-12-21,16:29,새동산산부인과,2023-12-22,2024-06-03
불법주정차,2023-12-21,16:30,대학로13길,2024-03-13,2024-06-03
불법주정차,2023-12-21,16:35,고성동3가 6-213 부근 모퉁이,2023-12-28,2024-06-03
불법주정차,2023-12-21,16:36,침산1동회전교차로2,2023-12-22,2024-06-03
불법주정차,2023-12-21,16:39,한영정형외과,2023-12-22,2024-06-03
불법주정차,2023-12-21,16:39,옥산초등학교,2023-12-22,2024-06-03
불법주정차,2023-12-21,16:39,동천동 동암로 부근,2023-12-22,2024-06-03
불법주정차,2023-12-21,16:39,동천동 동암로 부근,2023-12-22,2024-06-03
불법주정차,2023-12-21,16:39,동천동 동암로 부근,2023-12-22,2024-06-03
불법주정차,2023-12-21,16:39,동천동 동암로 부근,2023-12-22,2024-06-03
불법주정차,2023-12-21,16:41,동천동 동암로12길 부근,2023-12-22,2024-06-03
불법주정차,2023-12-21,16:50,칠성시장교통섬,2023-12-22,2024-06-03
불법주정차,2023-12-21,16:51,관천초등학교,2023-12-22,2024-06-03
불법주정차,2023-12-21,16:53,노원한신더휴 동문,2023-12-22,2024-06-03
불법주정차,2023-12-21,16:53,칠곡농협 관음지점,2023-12-22,2024-06-03
불법주정차,2023-12-21,16:56,칠성동2가 침산로 부근,2023-12-22,2024-06-03
불법주정차,2023-12-21,16:57,동천동회전교차로2,2023-12-22,2024-06-03
불법주정차,2023-12-21,16:58,동천동회전교차로1,2023-12-22,2024-06-03
불법주정차,2023-12-21,16:58,칠성동2가 침산로 부근,2023-12-22,2024-06-03
불법주정차,2023-12-21,16:58,칠성동2가 호암로 부근,2023-12-22,2024-06-03
불법주정차,2023-12-21,16:58,침산동 217-3 부근 횡단보도,2023-12-28,2024-06-03
불법주정차,2023-12-21,17:01,구암동 768 부근 소화전,2023-12-28,2024-06-03
불법주정차,2023-12-21,17:02,금정공원(보행자우선거리,2023-12-22,2024-06-03
불법주정차,2023-12-21,17:09,노원동주민센터 사거리,2023-12-22,2024-06-03
불법주정차,2023-12-21,17:13,동천동 신한은행,2023-12-22,2024-06-03
불법주정차,2023-12-21,17:16,산격동 1416-49 부근 횡단보도,2023-12-28,2024-06-03
불법주정차,2023-12-21,17:17,관천초등학교,2023-12-22,2024-06-03
불법주정차,2023-12-21,17:17,고성동1가 84-9 부근,2023-12-22,2024-06-03
불법주정차,2023-12-21,17:17,읍내동 426-18 부근,2023-12-28,2024-06-03
불법주정차,2023-12-21,17:18,구암동 767-2 부근 인도,2023-12-28,2024-06-03
불법주정차,2023-12-21,17:18,사수동 825 부근 모퉁이,2023-12-28,2024-06-03
불법주정차,2023-12-21,17:22,사수동 831 부근 횡단보도,2023-12-28,2024-06-03
불법주정차,2023-12-21,17:47,산격동 1425-1 부근 인도,2023-12-28,2024-06-03
불법주정차,2023-12-21,18:05,동천동 895-1 부근 인도,2023-12-28,2024-06-03
불법주정차,2023-12-21,18:43,침산동건영하이츠 정문,2023-12-22,2024-06-03
불법주정차,2023-12-21,18:47,고성동3가 11-1 부근 인도,2023-12-28,2024-06-03
불법주정차,2023-12-21,19:01,서변동 1779-10 부근 인도,2023-12-28,2024-06-03
불법주정차,2023-12-21,20:06,산격동 1235-23 부근 횡단보도,2023-12-28,2024-06-03
불법주정차,2023-12-21,20:25,대현동 24-2 부근 모퉁이,2023-12-28,2024-06-03
불법주정차,2023-12-21,20:49,학정동 111 부근 모퉁이,2023-12-28,2024-06-03
불법주정차,2023-12-21,21:36,고성동3가 145 부근 횡단보도,2023-12-28,2024-06-03
불법주정차,2023-12-21,21:50,노원동1가 342 부근 버스정류소,2023-12-28,2024-06-03
불법주정차,2023-12-21,22:06,동천동 910-4 부근 횡단보도,2023-12-28,2024-06-03
불법주정차,2023-12-21,22:08,동천동 898-5 부근 횡단보도,2023-12-28,2024-06-03
불법주정차,2023-12-21,22:11,동천동 896-5 부근 횡단보도,2023-12-28,2024-06-03
불법주정차,2023-12-21,22:36,관음동 1257-11 부근 횡단보도,2023-12-28,2024-06-03
불법주정차,2023-12-21,22:40,관음동 207 부근 횡단보도,2023-12-28,2024-06-03
불법주정차,2023-12-22,07:04,운암초등학교,2023-12-26,2024-06-03
불법주정차,2023-12-22,07:05,침산1동회전교차로2,2023-12-26,2024-06-03
불법주정차,2023-12-22,07:05,대구역 오페라더블유2,2023-12-26,2024-06-03
불법주정차,2023-12-22,07:05,산격초등학교,2023-12-26,2024-06-03
불법주정차,2023-12-22,07:06,대구역 오페라더블유1,2023-12-26,2024-06-03
불법주정차,2023-12-22,07:07,관천초등학교,2023-12-26,2024-06-03
불법주정차,2023-12-22,07:07,북부초등학교,2023-12-26,2024-06-03
불법주정차,2023-12-22,07:08,르노삼성자동차 침산점,2023-12-26,2024-06-03
불법주정차,2023-12-22,07:08,침산 화성파크드림,2023-12-26,2024-06-03
불법주정차,2023-12-22,07:10,칠성동 꽃시장 (아름나라,2023-12-26,2024-06-03
불법주정차,2023-12-22,07:12,대구일중학교 정문 앞,2023-12-26,2024-06-03
불법주정차,2023-12-22,07:13,사수동 센스마트,2023-12-26,2024-06-03
불법주정차,2023-12-22,07:16,노원동3가 M병원,2023-12-26,2024-06-03
불법주정차,2023-12-22,07:20,고성동1가 칠성남로 부근,2023-12-26,2024-06-03
불법주정차,2023-12-22,07:20,고성동1가 칠성남로 부근,2023-12-26,2024-06-03
불법주정차,2023-12-22,07:20,고성동1가 칠성남로 부근,2023-12-26,2024-06-03
불법주정차,2023-12-22,07:20,고성동1가 113-20 부근,2023-12-26,2024-06-03
불법주정차,2023-12-22,07:20,고성동1가 158-3 부근,2023-12-26,2024-06-03
불법주정차,2023-12-22,07:20,고성동1가 158-3 부근,2023-12-26,2024-06-03
불법주정차,2023-12-22,07:22,고성동1가 칠성남로 부근,2023-12-26,2024-06-03
불법주정차,2023-12-22,07:22,고성동1가 104-21 부근,2023-12-26,2024-06-03
불법주정차,2023-12-22,07:22,고성동1가 104-21 부근,2023-12-26,2024-06-03
불법주정차,2023-12-22,07:24,복현동 검단로 부근,2023-12-26,2024-06-03
불법주정차,2023-12-22,07:26,대구역 오페라더블유2,2023-12-26,2024-06-03
불법주정차,2023-12-22,07:26,복현동 검단로 부근,2023-12-26,2024-06-03
불법주정차,2023-12-22,07:26,복현동 검단로 부근,2023-12-26,2024-06-03
불법주정차,2023-12-22,07:27,침산초등학교,2024-03-13,2024-06-03
불법주정차,2023-12-22,07:29,복현동 복현로 부근,2023-12-26,2024-06-03
불법주정차,2023-12-22,07:29,복현동 복현로 부근,2023-12-26,2024-06-03
불법주정차,2023-12-22,07:35,태전동 칠곡중앙대로 부근,2023-12-26,2024-06-03
불법주정차,2023-12-22,07:35,태전동 칠곡중앙대로 부근,2023-12-26,2024-06-03
불법주정차,2023-12-22,07:36,태전동 팔거천서로 부근,2023-12-26,2024-06-03
불법주정차,2023-12-22,07:39,대구역 오페라더블유2,2023-12-26,2024-06-03
불법주정차,2023-12-22,07:39,태전동 칠곡중앙대로 부근,2023-12-26,2024-06-03
불법주정차,2023-12-22,07:41,대구역 오페라더블유1,2023-12-26,2024-06-03
불법주정차,2023-12-22,07:42,읍내동 구암로21길 부근,2023-12-26,2024-06-03
불법주정차,2023-12-22,07:42,칠성동2가 302-222 부근 소화전,2023-12-29,2024-06-03
불법주정차,2023-12-22,07:43,읍내동 구암로21길 부근,2023-12-26,2024-06-03
불법주정차,2023-12-22,07:44,농협침산지점앞,2024-03-13,2024-06-03
불법주정차,2023-12-22,07:47,동천동 동암로 부근,2023-12-26,2024-06-03
불법주정차,2023-12-22,07:47,검단동 검단공단로 부근,2023-12-26,2024-06-03
불법주정차,2023-12-22,07:47,검단동 검단공단로 부근,2023-12-26,2024-06-03
불법주정차,2023-12-22,07:47,동천동 동천로 부근,2023-12-26,2024-06-03
불법주정차,2023-12-22,07:47,동천동 동천로 부근,2023-12-26,2024-06-03
불법주정차,2023-12-22,07:48,검단동 검단공단로 부근,2023-12-26,2024-06-03
불법주정차,2023-12-22,07:51,장보고식자재마트 사거리,2023-12-26,2024-06-03
불법주정차,2023-12-22,07:51,태전동 칠곡중앙대로 부근,2023-12-26,2024-06-03
불법주정차,2023-12-22,07:54,르노삼성자동차 침산점,2023-12-26,2024-06-03
불법주정차,2023-12-22,07:56,칠성동 꽃시장 (아름나라,2023-12-26,2024-06-03
불법주정차,2023-12-22,08:03,오페라 클래시아,2023-12-26,2024-06-03
불법주정차,2023-12-22,08:05,고성동2가 117-22 부근 인도,2023-12-29,2024-06-03
불법주정차,2023-12-22,08:06,대현도서관교차로,2023-12-26,2024-06-03
불법주정차,2023-12-22,08:07,진성유치원 삼거리,2023-12-26,2024-06-03
불법주정차,2023-12-22,08:09,오페라 클래시아,2023-12-26,2024-06-03
불법주정차,2023-12-22,08:09,칠성동2가 302-8 부근 횡단보도,2023-12-29,2024-06-03
불법주정차,2023-12-22,08:09,오페라 클래시아,2024-03-13,2024-06-03
불법주정차,2023-12-22,08:10,오페라 클래시아,2023-12-26,2024-06-03
불법주정차,2023-12-22,08:10,국우동 1085-2 부근 모퉁이,2023-12-29,2024-06-03
불법주정차,2023-12-22,08:11,국우동 1085-2 부근 모퉁이,2023-12-29,2024-06-03
불법주정차,2023-12-22,08:11,국우동 1085-2 부근 모퉁이,2023-12-29,2024-06-03
불법주정차,2023-12-22,08:12,동아아울렛 뒷편,2023-12-26,2024-06-03
불법주정차,2023-12-22,08:12,오페라코오롱하늘채 앞,2023-12-26,2024-06-03
불법주정차,2023-12-22,08:21,사수동 963 부근 모퉁이,2023-12-29,2024-06-03
불법주정차,2023-12-22,08:36,서변동 1751-9 부근 횡단보도,2023-12-29,2024-06-03
불법주정차,2023-12-22,08:38,서변동 1756-15 부근 모퉁이,2023-12-29,2024-06-03
불법주정차,2023-12-22,08:56,복현e편한세상 정문,2023-12-26,2024-06-03
불법주정차,2023-12-22,08:58,노원동1가 509 부근 소화전,2023-12-29,2024-06-03
불법주정차,2023-12-22,09:28,북부초등학교,2023-12-26,2024-06-03
불법주정차,2023-12-22,09:34,진성유치원 삼거리,2023-12-26,2024-06-03
불법주정차,2023-12-22,09:40,칠성동 꽃시장 (아름나라,2023-12-26,2024-06-03
불법주정차,2023-12-22,09:40,칠성동 꽃시장 (아름나라,2024-03-13,2024-06-03
불법주정차,2023-12-22,09:42,칠성동 꽃시장 (아름나라,2023-12-26,2024-06-03
불법주정차,2023-12-22,09:47,복현동 404-2 부근,2024-01-02,2024-06-03
불법주정차,2023-12-22,09:48,복현동 404-4 부근,2024-01-02,2024-06-03
불법주정차,2023-12-22,09:51,NC아울렛 앞 사거리,2023-12-26,2024-06-03
불법주정차,2023-12-22,09:53,동천동 참약국,2023-12-26,2024-06-03
불법주정차,2023-12-22,09:53,산격동 120 부근 횡단보도,2023-12-29,2024-06-03
불법주정차,2023-12-22,09:55,침산동 637-1 부근 소화전,2023-12-26,2024-06-03
불법주정차,2023-12-22,09:55,산격동 1739 부근 횡단보도,2023-12-29,2024-06-03
불법주정차,2023-12-22,10:07,사수동 센스마트,2023-12-26,2024-06-03
불법주정차,2023-12-22,10:07,산격동 경대북문,2023-12-26,2024-06-03
불법주정차,2023-12-22,10:09,노원한신더휴 동문,2023-12-26,2024-06-03
불법주정차,2023-12-22,10:11,새동산산부인과,2023-12-26,2024-06-03
불법주정차,2023-12-22,10:14,서변공영주차장 사거리,2023-12-26,2024-06-03
불법주정차,2023-12-22,10:14,사수동 825 부근 횡단보도,2023-12-29,2024-06-03
불법주정차,2023-12-22,10:15,칠성동 꽃시장 (아름나라,2023-12-26,2024-06-03
불법주정차,2023-12-22,10:22,산격동 1020 부근 횡단보도,2023-12-29,2024-06-03
불법주정차,2023-12-22,10:27,KB국민은행침산지점,2023-12-26,2024-06-03
불법주정차,2023-12-22,10:30,동천동 신한은행,2023-12-26,2024-06-03
불법주정차,2023-12-22,10:32,태전동 매천로 부근,2023-12-26,2024-06-03
불법주정차,2023-12-22,10:34,코스트코 주차장 앞,2023-12-26,2024-06-03
불법주정차,2023-12-22,10:34,코스트코 주차장 앞,2024-03-22,2024-06-03
불법주정차,2023-12-22,10:35,장보고식자재마트 사거리,2023-12-26,2024-06-03
불법주정차,2023-12-22,10:36,침산동 매일천막 앞,2023-12-26,2024-06-03
불법주정차,2023-12-22,10:37,태전동 37-1 부근,2023-12-26,2024-06-03
불법주정차,2023-12-22,10:38,금호서한이다음정문,2023-12-26,2024-06-03
불법주정차,2023-12-22,10:39,복현동 경진로 부근,2023-12-26,2024-06-03
불법주정차,2023-12-22,10:45,읍내동 250 부근 인도,2023-12-29,2024-06-03
불법주정차,2023-12-22,10:46,복현동 경진로 부근,2023-12-26,2024-06-03
불법주정차,2023-12-22,10:47,복현동 경진로 부근,2023-12-26,2024-06-03
불법주정차,2023-12-22,10:47,복현동 경진로 부근,2023-12-26,2024-06-03
불법주정차,2023-12-22,10:47,복현동 경진로 부근,2023-12-26,2024-06-03
불법주정차,2023-12-22,11:06,동천동 동암로 부근,2023-12-26,2024-06-03
불법주정차,2023-12-22,11:06,동천동 동암로 부근,2023-12-26,2024-06-03
불법주정차,2023-12-22,11:08,동천동 동암로12길 부근,2023-12-26,2024-06-03
불법주정차,2023-12-22,11:09,동천동 동암로12길 부근,2023-12-26,2024-06-03
불법주정차,2023-12-22,11:10,복현동 동북로57길 부근,2023-12-26,2024-06-03
불법주정차,2023-12-22,11:10,복현동 동북로57길 부근,2023-12-26,2024-06-03
불법주정차,2023-12-22,11:10,복현동 동북로57길 부근,2023-12-26,2024-06-03
불법주정차,2023-12-22,11:11,복현동 동북로53길 부근,2023-12-26,2024-06-03
불법주정차,2023-12-22,11:11,복현동 동북로53길 부근,2023-12-26,2024-06-03
불법주정차,2023-12-22,11:11,동천동 구리로 부근,2023-12-26,2024-06-03
불법주정차,2023-12-22,11:11,동천동 동암로 부근,2023-12-26,2024-06-03
불법주정차,2023-12-22,11:11,동천동 동암로 부근,2023-12-26,2024-06-03
불법주정차,2023-12-22,11:11,동천동 동암로12길 부근,2023-12-26,2024-06-03
불법주정차,2023-12-22,11:11,동천동 동암로12길 부근,2023-12-26,2024-06-03
불법주정차,2023-12-22,11:13,동천동 동암로12길 부근,2023-12-26,2024-06-03
불법주정차,2023-12-22,11:15,복현동 456-4 부근 모퉁이,2023-12-29,2024-06-03
불법주정차,2023-12-22,11:18,복현동 동북로65길 부근,2023-12-26,2024-06-03
불법주정차,2023-12-22,11:19,복현동 동북로65길 부근,2023-12-26,2024-06-03
불법주정차,2023-12-22,11:19,복현동 동북로65길 부근,2023-12-26,2024-06-03
불법주정차,2023-12-22,11:19,복현동 동북로65길 부근,2023-12-26,2024-06-03
불법주정차,2023-12-22,11:19,학정동 칠곡중앙대로136길 부근,2024-03-13,2024-06-03
불법주정차,2023-12-22,11:20,학정동 칠곡중앙대로136길 부근,2023-12-26,2024-06-03
불법주정차,2023-12-22,11:20,학정동 칠곡중앙대로136길 부근,2023-12-26,2024-06-03
불법주정차,2023-12-22,11:20,학정동 칠곡중앙대로136길 부근,2023-12-26,2024-06-03
불법주정차,2023-12-22,11:20,학정동 칠곡중앙대로136길 부근,2023-12-26,2024-06-03
불법주정차,2023-12-22,11:20,학정동 칠곡중앙대로136길 부근,2023-12-26,2024-06-03
불법주정차,2023-12-22,11:20,학정동 칠곡중앙대로136길 부근,2023-12-26,2024-06-03
불법주정차,2023-12-22,11:22,학정동 칠곡중앙대로136길 부근,2023-12-26,2024-06-03
불법주정차,2023-12-22,11:24,학정동 칠곡중앙대로136길 부근,2023-12-26,2024-06-03
불법주정차,2023-12-22,11:25,학정동 474 부근,2023-12-26,2024-06-03
불법주정차,2023-12-22,11:25,학정동 칠곡중앙대로136길 부근,2023-12-26,2024-06-03
불법주정차,2023-12-22,11:25,학정동 칠곡중앙대로136길 부근,2023-12-26,2024-06-03
불법주정차,2023-12-22,11:26,동호동 칠곡중앙대로136길 부근,2023-12-26,2024-06-03
불법주정차,2023-12-22,11:26,동호동 칠곡중앙대로136길 부근,2023-12-26,2024-06-03
불법주정차,2023-12-22,11:26,동호동 칠곡중앙대로136길 부근,2023-12-26,2024-06-03
불법주정차,2023-12-22,11:26,동호동 칠곡중앙대로136길 부근,2023-12-26,2024-06-03
불법주정차,2023-12-22,11:28,칠성시장 화재(소방),2023-12-26,2024-06-03
불법주정차,2023-12-22,11:28,동호동 팔거천동로 부근,2023-12-26,2024-06-03
불법주정차,2023-12-22,11:28,동호동 팔거천동로 부근,2023-12-26,2024-06-03
불법주정차,2023-12-22,11:28,동호동 팔거천동로 부근,2023-12-26,2024-06-03
불법주정차,2023-12-22,11:29,동호동 팔거천동로 부근,2023-12-26,2024-06-03
불법주정차,2023-12-22,11:52,서변동 1255 부근 인도,2023-12-29,2024-06-03
불법주정차,2023-12-22,11:54,서변동 1255 부근 인도,2023-12-29,2024-06-03
불법주정차,2023-12-22,12:09,구암동 767-2 부근 인도,2023-12-29,2024-06-03
불법주정차,2023-12-22,12:20,매천동 743 부근 어린이보호구역,2024-03-13,2024-06-03
불법주정차,2023-12-22,12:28,대학로23길,2023-12-26,2024-06-03
불법주정차,2023-12-22,12:32,대학로13길,2023-12-26,2024-06-03
불법주정차,2023-12-22,12:34,산격동 1325-1 부근,2023-12-29,2024-06-03
불법주정차,2023-12-22,12:38,대학로23길,2023-12-26,2024-06-03
불법주정차,2023-12-22,12:39,칠성동1가 184-10 부근 모퉁이,2024-01-02,2024-06-03
불법주정차,2023-12-22,12:44,학정동 930-1 부근 횡단보도,2024-01-02,2024-06-03
불법주정차,2023-12-22,12:46,산격동 1426-50 부근 횡단보도,2024-01-02,2024-06-03
불법주정차,2023-12-22,12:50,금호동 806 부근 횡단보도,2024-01-02,2024-06-03
불법주정차,2023-12-22,12:52,금호동 801 부근 횡단보도,2024-01-02,2024-06-03
불법주정차,2023-12-22,12:58,태전동 973-3 부근 인도,2024-01-02,2024-06-03
불법주정차,2023-12-22,13:21,노원동3가 234-10 부근 횡단보도,2024-01-02,2024-06-03
불법주정차,2023-12-22,13:29,읍내동 1343-4 부근 횡단보도,2024-01-02,2024-06-03
불법주정차,2023-12-22,13:34,무지개공영주차장 부근,2023-12-26,2024-06-03
불법주정차,2023-12-22,13:40,대학로 파리바게트 부근,2023-12-26,2024-06-03
불법주정차,2023-12-22,14:08,검단동 537-3 부근 버스정류소,2024-01-02,2024-06-03
불법주정차,2023-12-22,14:14,대학로 파리바게트 부근,2023-12-26,2024-06-03
불법주정차,2023-12-22,14:17,침산동 원대로 부근,2023-12-26,2024-06-03
불법주정차,2023-12-22,14:17,노원동1가 329 부근,2024-01-02,2024-06-03
불법주정차,2023-12-22,14:19,고성동3가 고성북로 부근,2023-12-26,2024-06-03
불법주정차,2023-12-22,14:19,고성동3가 고성북로 부근,2023-12-26,2024-06-03
불법주정차,2023-12-22,14:20,고성동3가 고성북로 부근,2023-12-26,2024-06-03
불법주정차,2023-12-22,14:21,고성동2가 고성로 부근,2023-12-26,2024-06-03
불법주정차,2023-12-22,14:24,고성동3가 고성로 부근,2023-12-26,2024-06-03
불법주정차,2023-12-22,14:31,동천동회전교차로1,2023-12-26,2024-06-03
불법주정차,2023-12-22,14:31,동천동회전교차로1,2023-12-26,2024-06-03
불법주정차,2023-12-22,14:31,고성동2가 116-2 부근 인도,2024-01-02,2024-06-03
불법주정차,2023-12-22,14:33,동천동회전교차로1,2023-12-26,2024-06-03
불법주정차,2023-12-22,14:34,대구역 오페라더블유2,2023-12-26,2024-06-03
불법주정차,2023-12-22,14:36,산격동 유통단지로 부근,2024-03-13,2024-06-03
불법주정차,2023-12-22,14:37,새동산산부인과,2023-12-26,2024-06-03
불법주정차,2023-12-22,14:37,침산동 매일천막 앞,2023-12-26,2024-06-03
불법주정차,2023-12-22,14:40,대구병원네거리,2023-12-26,2024-06-03
불법주정차,2023-12-22,14:40,칠성동 꽃시장 (아름나라,2023-12-26,2024-06-03
불법주정차,2023-12-22,14:40,고성동3가 고성북로 부근,2023-12-26,2024-06-03
불법주정차,2023-12-22,14:41,고성동3가 옥산로 부근,2023-12-26,2024-06-03
불법주정차,2023-12-22,14:41,고성동3가 옥산로 부근,2023-12-26,2024-06-03
불법주정차,2023-12-22,14:41,고성동3가 옥산로 부근,2023-12-26,2024-06-03
불법주정차,2023-12-22,14:41,산격동 유통단지로 부근,2023-12-26,2024-06-03
불법주정차,2023-12-22,14:41,산격동 유통단지로 부근,2023-12-26,2024-06-03
불법주정차,2023-12-22,14:42,칠성시장교통섬,2023-12-26,2024-06-03
불법주정차,2023-12-22,14:43,동천동 교보문고,2023-12-26,2024-06-03
불법주정차,2023-12-22,14:43,복현동 시티병원,2023-12-26,2024-06-03
불법주정차,2023-12-22,14:43,구암동 학정로 부근,2024-03-13,2024-06-03
불법주정차,2023-12-22,14:44,노원한신더휴 동문,2023-12-26,2024-06-03
불법주정차,2023-12-22,14:45,한영정형외과,2023-12-26,2024-06-03
불법주정차,2023-12-22,14:45,동천동 참약국,2023-12-26,2024-06-03
불법주정차,2023-12-22,14:45,태전동 1117 부근 인도,2024-01-02,2024-06-03
불법주정차,2023-12-22,14:45,태전동 1117 부근 인도,2024-03-13,2024-06-03
불법주정차,2023-12-22,14:46,구암동 구암로65길 부근,2023-12-26,2024-06-03
불법주정차,2023-12-22,14:46,구암동 학정로 부근,2023-12-26,2024-06-03
불법주정차,2023-12-22,14:47,구암동 구암로65길 부근,2023-12-26,2024-06-03
불법주정차,2023-12-22,14:51,동아아울렛 뒷편,2023-12-26,2024-06-03
불법주정차,2023-12-22,14:55,동천동 동암로 부근,2023-12-26,2024-06-03
불법주정차,2023-12-22,14:58,KB국민은행침산지점,2023-12-26,2024-06-03
불법주정차,2023-12-22,14:58,동천동 학정로 부근,2023-12-26,2024-06-03
불법주정차,2023-12-22,14:59,구암동 학정로 부근,2023-12-26,2024-06-03
불법주정차,2023-12-22,15:00,칠성동 꽃시장 (아름나라,2023-12-26,2024-06-03
불법주정차,2023-12-22,15:01,북부초등학교,2023-12-26,2024-06-03
불법주정차,2023-12-22,15:02,칠곡에덴타운건너,2023-12-26,2024-06-03
불법주정차,2023-12-22,15:02,노원동3가 M병원,2023-12-26,2024-06-03
불법주정차,2023-12-22,15:02,침산 화성파크드림,2023-12-26,2024-06-03
불법주정차,2023-12-22,15:02,산격동 유통단지로 부근,2023-12-26,2024-06-03
불법주정차,2023-12-22,15:02,산격동 유통단지로 부근,2023-12-26,2024-06-03
불법주정차,2023-12-22,15:04,무지개공영주차장 부근,2023-12-26,2024-06-03
불법주정차,2023-12-22,15:04,동천동회전교차로1,2023-12-26,2024-06-03
불법주정차,2023-12-22,15:06,동천동 909-6 부근 인도,2024-01-02,2024-06-03
불법주정차,2023-12-22,15:08,산격동 유통단지로13길 부근,2023-12-26,2024-06-03
불법주정차,2023-12-22,15:08,산격동 유통단지로13길 부근,2023-12-26,2024-06-03
불법주정차,2023-12-22,15:09,산격동 유통단지로13길 부근,2023-12-26,2024-06-03
불법주정차,2023-12-22,15:09,산격동 유통단지로13길 부근,2023-12-26,2024-06-03
불법주정차,2023-12-22,15:12,팔달동 대구수산시장,2023-12-26,2024-06-03
불법주정차,2023-12-22,15:13,칠곡초등학교 진입로,2023-12-26,2024-06-03
불법주정차,2023-12-22,15:13,KB국민은행침산지점,2023-12-26,2024-06-03
불법주정차,2023-12-22,15:14,침산1동회전교차로1,2023-12-26,2024-06-03
불법주정차,2023-12-22,15:16,동천동회전교차로1,2023-12-26,2024-06-03
불법주정차,2023-12-22,15:16,칠곡농협 관음지점,2023-12-26,2024-06-03
불법주정차,2023-12-22,15:18,침산동 341-5 부근 인도,2024-01-02,2024-06-03
불법주정차,2023-12-22,15:19,태전동 999-2 부근 어린이보호구역,2024-01-02,2024-06-03
불법주정차,2023-12-22,15:23,동천동회전교차로1,2023-12-26,2024-06-03
불법주정차,2023-12-22,15:24,침산동 521-2 부근 인도,2024-01-02,2024-06-03
불법주정차,2023-12-22,15:26,산격동 유통단지로 부근,2023-12-26,2024-06-03
불법주정차,2023-12-22,15:28,KB국민은행침산지점,2023-12-26,2024-06-03
불법주정차,2023-12-22,15:28,새동산산부인과,2023-12-26,2024-06-03
불법주정차,2023-12-22,15:28,동천동 구리로 부근,2023-12-26,2024-06-03
불법주정차,2023-12-22,15:29,금호서한이다음정문,2023-12-26,2024-06-03
불법주정차,2023-12-22,15:32,동천동 팔거천동로 부근,2023-12-26,2024-06-03
불법주정차,2023-12-22,15:33,동천동 참약국,2023-12-26,2024-06-03
불법주정차,2023-12-22,15:33,함지초등학교,2023-12-26,2024-06-03
불법주정차,2023-12-22,15:33,동천동 동암로12길 부근,2023-12-26,2024-06-03
불법주정차,2023-12-22,15:33,동천동 동암로12길 부근,2023-12-26,2024-06-03
불법주정차,2023-12-22,15:33,동천동 동암로12길 부근,2023-12-26,2024-06-03
불법주정차,2023-12-22,15:35,금정공원(보행자우선거리,2023-12-26,2024-06-03
불법주정차,2023-12-22,15:36,동천동 동암로12길 부근,2023-12-26,2024-06-03
불법주정차,2023-12-22,15:36,동천동 동암로 부근,2023-12-26,2024-06-03
불법주정차,2023-12-22,15:36,동천동 동암로 부근,2023-12-26,2024-06-03
불법주정차,2023-12-22,15:36,동천동 동암로 부근,2023-12-26,2024-06-03
불법주정차,2023-12-22,15:36,동천동 동암로12길 부근,2023-12-26,2024-06-03
불법주정차,2023-12-22,15:37,동천동 동암로12길 부근,2023-12-26,2024-06-03
불법주정차,2023-12-22,15:37,동천동 동암로12길 부근,2023-12-26,2024-06-03
불법주정차,2023-12-22,15:46,구암동 농협중앙회,2023-12-26,2024-06-03
불법주정차,2023-12-22,15:46,복현동 368-1 부근 모퉁이,2024-01-02,2024-06-03
불법주정차,2023-12-22,15:49,경대북문 건너편,2023-12-26,2024-06-03
불법주정차,2023-12-22,15:54,산격동 1420-17 부근,2024-01-02,2024-06-03
불법주정차,2023-12-22,15:55,오페라코오롱하늘채 앞,2023-12-26,2024-06-03
불법주정차,2023-12-22,15:56,금정공원(보행자우선거리,2023-12-26,2024-06-03
불법주정차,2023-12-22,15:58,팔달동 매천로2길 부근,2023-12-26,2024-06-03
불법주정차,2023-12-22,16:00,동아아울렛 뒷편,2023-12-26,2024-06-03
불법주정차,2023-12-22,16:00,팔달동 매천로2길 부근,2023-12-26,2024-06-03
불법주정차,2023-12-22,16:00,팔달동 매천로2길 부근,2023-12-26,2024-06-03
불법주정차,2023-12-22,16:00,팔달동 매천로2길 부근,2023-12-26,2024-06-03
불법주정차,2023-12-22,16:02,칠성동 삼성아파트 앞,2023-12-26,2024-06-03
불법주정차,2023-12-22,16:03,학정역 효성해링턴,2023-12-26,2024-06-03
불법주정차,2023-12-22,16:04,새동산산부인과,2023-12-26,2024-06-03
불법주정차,2023-12-22,16:07,노원한신더휴 남문,2023-12-26,2024-06-03
불법주정차,2023-12-22,16:09,침산 화성파크드림,2023-12-26,2024-06-03
불법주정차,2023-12-22,16:11,산격동 경대북문,2023-12-26,2024-06-03
불법주정차,2023-12-22,16:14,칠성동2가 호암로 부근,2023-12-26,2024-06-03
불법주정차,2023-12-22,16:16,칠성동2가 중앙대로106길 부근,2023-12-26,2024-06-03
불법주정차,2023-12-22,16:17,칠성동2가 중앙대로106길 부근,2023-12-26,2024-06-03
불법주정차,2023-12-22,16:17,칠성동2가 중앙대로106길 부근,2024-03-13,2024-06-03
불법주정차,2023-12-22,16:18,노원한신더휴 동문,2023-12-26,2024-06-03
불법주정차,2023-12-22,16:18,칠성동2가 중앙대로 부근,2023-12-26,2024-06-03
불법주정차,2023-12-22,16:18,칠성동2가 중앙대로 부근,2023-12-26,2024-06-03
불법주정차,2023-12-22,16:20,칠곡시외버스하차장,2023-12-26,2024-06-03
불법주정차,2023-12-22,16:20,칠성동 꽃시장 (아름나라,2023-12-26,2024-06-03
불법주정차,2023-12-22,16:21,태전동 169-2 부근,2023-12-26,2024-06-03
불법주정차,2023-12-22,16:21,태전동 169-2 부근,2023-12-26,2024-06-03
불법주정차,2023-12-22,16:21,태전동 169-2 부근,2023-12-26,2024-06-03
불법주정차,2023-12-22,16:21,태전동 169-2 부근,2023-12-26,2024-06-03
불법주정차,2023-12-22,16:23,태전동 칠곡중앙대로53길 부근,2023-12-26,2024-06-03
불법주정차,2023-12-22,16:23,태전동 칠곡중앙대로53길 부근,2023-12-26,2024-06-03
불법주정차,2023-12-22,16:23,태전동 칠곡중앙대로53길 부근,2023-12-26,2024-06-03
불법주정차,2023-12-22,16:23,태전동 칠곡중앙대로51길 부근,2023-12-26,2024-06-03
불법주정차,2023-12-22,16:23,태전동 칠곡중앙대로55길 부근,2023-12-26,2024-06-03
불법주정차,2023-12-22,16:23,태전동 칠곡중앙대로55길 부근,2023-12-26,2024-06-03
불법주정차,2023-12-22,16:23,태전동 칠곡중앙대로55길 부근,2023-12-26,2024-06-03
불법주정차,2023-12-22,16:23,태전동 칠곡중앙대로55길 부근,2023-12-26,2024-06-03
불법주정차,2023-12-22,16:23,태전동 칠곡중앙대로55길 부근,2023-12-26,2024-06-03
불법주정차,2023-12-22,16:24,대구병원네거리,2023-12-26,2024-06-03
불법주정차,2023-12-22,16:25,태전동 칠곡중앙대로51길 부근,2023-12-26,2024-06-03
불법주정차,2023-12-22,16:26,새동산산부인과,2023-12-26,2024-06-03
불법주정차,2023-12-22,16:27,동아아울렛 뒷편,2023-12-26,2024-06-03
불법주정차,2023-12-22,16:27,태전동 칠곡중앙대로53길 부근,2023-12-26,2024-06-03
불법주정차,2023-12-22,16:28,오페라코오롱하늘채 앞,2023-12-26,2024-06-03
불법주정차,2023-12-22,16:29,태전동 태전로3길 부근,2023-12-26,2024-06-03
불법주정차,2023-12-22,16:34,새동산산부인과,2023-12-26,2024-06-03
불법주정차,2023-12-22,16:36,사수동 센스마트,2023-12-26,2024-06-03
불법주정차,2023-12-22,16:37,오페라 클래시아,2023-12-26,2024-06-03
불법주정차,2023-12-22,16:37,노원한신더휴 동문,2023-12-26,2024-06-03
불법주정차,2023-12-22,16:38,사수동 센스마트,2023-12-26,2024-06-03
불법주정차,2023-12-22,16:46,동천동회전교차로1,2023-12-26,2024-06-03
불법주정차,2023-12-22,16:46,동천동 910-1 부근 횡단보도,2024-01-02,2024-06-03
불법주정차,2023-12-22,16:48,동천동회전교차로2,2023-12-26,2024-06-03
불법주정차,2023-12-22,16:50,NC아울렛 앞 사거리,2023-12-26,2024-06-03
불법주정차,2023-12-22,16:58,영남네오빌아트 후문,2023-12-26,2024-06-03
불법주정차,2023-12-22,17:04,관음동 1345-12 부근 횡단보도,2024-01-02,2024-06-03
불법주정차,2023-12-22,17:05,칠성시장 화재(소방),2023-12-26,2024-06-03
불법주정차,2023-12-22,17:05,동천동 913 부근,2024-01-02,2024-06-03
불법주정차,2023-12-22,17:05,동천동 913 부근,2024-01-02,2024-06-03
불법주정차,2023-12-22,17:06,칠성시장교통섬,2023-12-26,2024-06-03
불법주정차,2023-12-22,17:06,태암초등학교,2023-12-26,2024-06-03
불법주정차,2023-12-22,17:08,침산1동회전교차로2,2024-04-04,2024-06-03
불법주정차,2023-12-22,17:14,대산초등학교,2023-12-26,2024-06-03
불법주정차,2023-12-22,17:15,동천동회전교차로1,2023-12-26,2024-06-03
불법주정차,2023-12-22,17:17,사수동 825 부근 모퉁이,2023-12-27,2024-06-03
불법주정차,2023-12-22,17:36,복현동 339-2 부근,2024-01-02,2024-06-03
불법주정차,2023-12-22,17:40,읍내동 1341 부근 횡단보도,2024-01-02,2024-06-03
불법주정차,2023-12-22,17:52,산격동 485-2 부근 모퉁이,2024-01-02,2024-06-03
불법주정차,2023-12-22,17:55,산격동 485-19 부근 횡단보도,2024-01-02,2024-06-03
불법주정차,2023-12-22,18:00,고성동3가 37-5 부근 횡단보도,2024-01-02,2024-06-03
불법주정차,2023-12-22,18:04,동천동 895-2 부근 인도,2024-01-02,2024-06-03
불법주정차,2023-12-22,18:24,동천동 912-1 부근 모퉁이,2024-01-02,2024-06-03
불법주정차,2023-12-22,19:07,고성동3가 23 부근 인도,2024-01-02,2024-06-03
불법주정차,2023-12-22,19:09,고성동3가 23 부근 횡단보도,2024-01-02,2024-06-03
불법주정차,2023-12-22,19:10,태전동 1037-5 부근 횡단보도,2024-01-02,2024-06-03
불법주정차,2023-12-22,19:11,고성동3가 25-1 부근 모퉁이,2024-01-02,2024-06-03
불법주정차,2023-12-22,19:27,구암동 800-19 부근 횡단보도,2024-01-02,2024-06-03
불법주정차,2023-12-22,19:38,산격동 1399-11 부근,2024-01-02,2024-06-03
불법주정차,2023-12-22,19:39,산격동 827-1 부근 인도,2024-01-02,2024-06-03
불법주정차,2023-12-22,20:18,산격동 1235-23 부근 횡단보도,2024-01-02,2024-06-03
불법주정차,2023-12-22,20:59,칠성동2가 89-1 부근 모퉁이,2024-01-02,2024-06-03
불법주정차,2023-12-22,21:41,고성동3가 73 부근 횡단보도,2024-01-02,2024-06-03
불법주정차,2023-12-22,21:59,침산동 265-11 부근 모퉁이,2024-01-02,2024-06-03
불법주정차,2023-12-22,22:27,읍내동 1359-3 부근 버스정류장,2024-01-02,2024-06-03
불법주정차,2023-12-22,22:36,관음동 207 부근 횡단보도,2024-01-02,2024-06-03
불법주정차,2023-12-22,22:39,관음동 1268-23 부근 횡단보도,2024-01-02,2024-06-03
불법주정차,2023-12-22,22:41,관음동 1257-11 부근 버스정류소,2024-01-02,2024-06-03
불법주정차,2023-12-22,22:44,학정동 953-11 부근 모퉁이,2024-01-02,2024-06-03
불법주정차,2023-12-22,22:47,학정동 934-8 부근 횡단보도,2024-01-02,2024-06-03
불법주정차,2023-12-22,23:13,산격동 1232-1 부근 횡단보도,2024-01-02,2024-06-03
불법주정차,2023-12-22,23:20,태전동 957-2 부근 모퉁이,2024-01-02,2024-06-03
불법주정차,2023-12-22,23:30,고성동2가 112-3 부근 모퉁이,2024-01-02,2024-06-03
불법주정차,2023-12-22,23:55,산격동 1216-4 부근 횡단보도,2024-01-02,2024-06-03
불법주정차,2023-12-23,00:26,칠성동2가 73-2 부근 횡단보도,2023-12-27,2024-06-03
불법주정차,2023-12-23,01:12,태전동 1030 부근 횡단보도,2023-12-27,2024-06-03
불법주정차,2023-12-23,01:36,태전동 1030 부근 횡단보도,2023-12-27,2024-06-03
불법주정차,2023-12-23,01:36,태전동 1030 부근 모퉁이,2023-12-27,2024-06-03
불법주정차,2023-12-23,06:43,금호동 756 부근 모퉁이,2023-12-27,2024-06-03
불법주정차,2023-12-23,06:45,금호동 794 부근 모퉁이,2023-12-27,2024-06-03
불법주정차,2023-12-23,06:48,금호동 803 부근 횡단보도,2023-12-27,2024-06-03
불법주정차,2023-12-23,07:29,관음동 1323 부근 횡단보도,2023-12-27,2024-06-03
불법주정차,2023-12-23,07:31,관음동 1319-18 부근 횡단보도,2023-12-27,2024-06-03
불법주정차,2023-12-23,08:14,복현동 33-4 부근 횡단보도,2023-12-27,2024-06-03
불법주정차,2023-12-23,08:55,태전동 253-14 부근 인도,2023-12-27,2024-06-03
불법주정차,2023-12-23,09:28,고성동3가 107-38 부근 교차로,2024-03-13,2024-06-03
불법주정차,2023-12-23,10:02,동천동회전교차로1,2023-12-26,2024-06-03
불법주정차,2023-12-23,10:02,동아아울렛 뒷편,2023-12-26,2024-06-03
불법주정차,2023-12-23,10:03,금호서한이다음정문,2023-12-26,2024-06-03
불법주정차,2023-12-23,10:04,오페라 클래시아,2023-12-26,2024-06-03
불법주정차,2023-12-23,10:04,대구역 오페라더블유2,2023-12-26,2024-06-03
불법주정차,2023-12-23,10:04,오페라 클래시아,2023-12-26,2024-06-03
불법주정차,2023-12-23,10:05,경진초등학교,2023-12-26,2024-06-03
불법주정차,2023-12-23,10:05,동천동회전교차로1,2023-12-26,2024-06-03
불법주정차,2023-12-23,10:06,복현동 시티병원,2023-12-26,2024-06-03
불법주정차,2023-12-23,10:06,칠성시장 화재(소방),2023-12-26,2024-06-03
불법주정차,2023-12-23,10:07,태전초등학교,2023-12-26,2024-06-03
불법주정차,2023-12-23,10:07,관천초등학교,2023-12-26,2024-06-03
불법주정차,2023-12-23,10:08,영남네오빌아트 후문,2023-12-26,2024-06-03
불법주정차,2023-12-23,10:08,노원한신더휴 동문,2023-12-26,2024-06-03
불법주정차,2023-12-23,10:09,한영정형외과,2023-12-26,2024-06-03
불법주정차,2023-12-23,10:09,영남네오빌아트 후문,2023-12-26,2024-06-03
불법주정차,2023-12-23,10:10,경진초등학교,2023-12-26,2024-06-03
불법주정차,2023-12-23,10:10,침산초등학교,2023-12-26,2024-06-03
불법주정차,2023-12-23,10:11,오페라 클래시아,2023-12-26,2024-06-03
불법주정차,2023-12-23,10:11,성삼우리신협 앞,2023-12-26,2024-06-03
불법주정차,2023-12-23,10:12,운암고등학교,2023-12-26,2024-06-03
불법주정차,2023-12-23,10:12,복현동 201-18 부근 횡단보도,2023-12-27,2024-06-03
불법주정차,2023-12-23,10:15,거창식당 앞(칠성시장),2023-12-26,2024-06-03
불법주정차,2023-12-23,10:15,칠곡시외버스하차장,2023-12-26,2024-06-03
불법주정차,2023-12-23,10:17,관천초등학교,2023-12-26,2024-06-03
불법주정차,2023-12-23,10:18,한영정형외과,2023-12-26,2024-06-03
불법주정차,2023-12-23,10:20,금정공원(보행자우선거리,2023-12-26,2024-06-03
불법주정차,2023-12-23,10:21,칠성초등학교,2023-12-26,2024-06-03
불법주정차,2023-12-23,10:24,오페라코오롱하늘채 앞,2023-12-26,2024-06-03
불법주정차,2023-12-23,10:29,운암고등학교,2023-12-26,2024-06-03
불법주정차,2023-12-23,10:31,성삼우리신협 앞,2023-12-26,2024-06-03
불법주정차,2023-12-23,10:31,관음초등학교,2023-12-26,2024-06-03
불법주정차,2023-12-23,10:31,동천동회전교차로1,2023-12-26,2024-06-03
불법주정차,2023-12-23,10:32,오페라 클래시아,2023-12-26,2024-06-03
불법주정차,2023-12-23,10:32,동천동회전교차로1,2024-03-13,2024-06-03
불법주정차,2023-12-23,10:33,동천동회전교차로1,2023-12-26,2024-06-03
불법주정차,2023-12-23,10:37,거창식당 앞(칠성시장),2023-12-26,2024-06-03
불법주정차,2023-12-23,10:37,칠성시장교통섬,2023-12-26,2024-06-03
불법주정차,2023-12-23,10:38,칠성동 삼성아파트 앞,2023-12-26,2024-06-03
불법주정차,2023-12-23,10:39,대구역 오페라더블유2,2023-12-26,2024-06-03
불법주정차,2023-12-23,10:44,사수동 908 부근 횡단보도,2023-12-27,2024-06-03
불법주정차,2023-12-23,10:45,노원한신더휴 동문,2023-12-26,2024-06-03
불법주정차,2023-12-23,10:46,대구역 유림노르웨이숲,2023-12-26,2024-06-03
불법주정차,2023-12-23,10:51,동천동 909-1 부근 횡단보도,2023-12-27,2024-06-03
불법주정차,2023-12-23,10:55,사수동 825 부근 모퉁이,2024-03-13,2024-06-03
불법주정차,2023-12-23,10:57,사수동 825 부근 모퉁이,2023-12-27,2024-06-03
불법주정차,2023-12-23,11:06,무지개공영주차장 부근,2023-12-26,2024-06-03
불법주정차,2023-12-23,11:06,침산동 133-40 부근 모퉁이,2023-12-27,2024-06-03
불법주정차,2023-12-23,11:11,산격동 1326-26 부근,2023-12-27,2024-06-03
불법주정차,2023-12-23,11:13,산격동 1416-44 부근 모퉁이,2023-12-27,2024-06-03
불법주정차,2023-12-23,11:15,동천동 874-4 부근 횡단보도,2023-12-27,2024-06-03
불법주정차,2023-12-23,11:18,산격동 1409-59 부근 소화전,2023-12-27,2024-06-03
불법주정차,2023-12-23,11:24,칠성시장 화재(소방),2023-12-26,2024-06-03
불법주정차,2023-12-23,11:34,침산동 260-2 부근 교차로,2023-12-27,2024-06-03
불법주정차,2023-12-23,11:34,침산동 260-2 부근 교차로,2023-12-27,2024-06-03
불법주정차,2023-12-23,11:38,대학로 파리바게트 부근,2023-12-26,2024-06-03
불법주정차,2023-12-23,11:42,웨딩메르디앙 앞,2023-12-26,2024-06-03
불법주정차,2023-12-23,11:51,무지개공영주차장 부근,2023-12-26,2024-06-03
불법주정차,2023-12-23,11:51,침산동 260-2 부근 교차로,2023-12-27,2024-06-03
불법주정차,2023-12-23,11:58,금호동 801 부근 횡단보도,2024-01-02,2024-06-03
불법주정차,2023-12-23,12:03,대학로 파리바게트 부근,2023-12-26,2024-06-03
불법주정차,2023-12-23,12:09,웨딩메르디앙 앞,2023-12-26,2024-06-03
불법주정차,2023-12-23,12:10,무지개공영주차장 부근,2023-12-26,2024-06-03
불법주정차,2023-12-23,12:38,동천동 896-5 부근 횡단보도,2023-12-27,2024-06-03
불법주정차,2023-12-23,12:39,대학로15길,2023-12-26,2024-06-03
불법주정차,2023-12-23,12:39,동천동 898-5 부근 횡단보도,2023-12-27,2024-06-03
불법주정차,2023-12-23,12:46,웨딩메르디앙 앞,2023-12-26,2024-06-03
불법주정차,2023-12-23,12:46,금호동 816 부근 인도,2024-01-02,2024-06-03
불법주정차,2023-12-23,12:53,동천동 896-1 부근 인도,2023-12-27,2024-06-03
불법주정차,2023-12-23,13:10,동천동 896-1 부근 인도,2023-12-27,2024-06-03
불법주정차,2023-12-23,13:21,무지개공영주차장 부근,2023-12-26,2024-06-03
불법주정차,2023-12-23,13:24,대학로 파리바게트 부근,2023-12-26,2024-06-03
불법주정차,2023-12-23,13:37,대학로 파리바게트 부근,2023-12-26,2024-06-03
불법주정차,2023-12-23,13:58,태전동 1239 부근 횡단보도,2023-12-27,2024-06-03
불법주정차,2023-12-23,14:00,태전동 1239 부근 횡단보도,2023-12-27,2024-06-03
불법주정차,2023-12-23,14:01,무지개공영주차장 부근,2023-12-26,2024-06-03
불법주정차,2023-12-23,14:03,태전동 1235 부근 횡단보도,2023-12-27,2024-06-03
불법주정차,2023-12-23,14:07,대학로 파리바게트 부근,2023-12-26,2024-06-03
불법주정차,2023-12-23,14:24,웨딩메르디앙 앞,2023-12-26,2024-06-03
불법주정차,2023-12-23,14:25,웨딩메르디앙 앞,2023-12-26,2024-06-03
불법주정차,2023-12-23,14:27,침산동 260-2 부근 횡단보도,2024-01-02,2024-06-03
불법주정차,2023-12-23,14:27,침산동 260-2 부근 모퉁이,2024-01-02,2024-06-03
불법주정차,2023-12-23,14:30,노원한신더휴 동문,2023-12-26,2024-06-03
불법주정차,2023-12-23,14:31,노원한신더휴 동문,2023-12-26,2024-06-03
불법주정차,2023-12-23,14:33,동천동회전교차로1,2023-12-26,2024-06-03
불법주정차,2023-12-23,14:33,매천초등학교,2023-12-26,2024-06-03
불법주정차,2023-12-23,14:34,칠성동 꽃시장 (아름나라,2023-12-26,2024-06-03
불법주정차,2023-12-23,14:34,침산 화성파크드림,2023-12-26,2024-06-03
불법주정차,2023-12-23,14:34,오페라코오롱하늘채 앞,2023-12-26,2024-06-03
불법주정차,2023-12-23,14:35,대구역 오페라더블유2,2023-12-26,2024-06-03
불법주정차,2023-12-23,14:35,매천중학교 건너,2023-12-26,2024-06-03
불법주정차,2023-12-23,14:35,칠성시장교통섬,2023-12-26,2024-06-03
불법주정차,2023-12-23,14:35,산격동 경대북문,2023-12-26,2024-06-03
불법주정차,2023-12-23,14:36,웨딩메르디앙 앞,2023-12-26,2024-06-03
불법주정차,2023-12-23,14:36,오페라트루엘시민의숲,2023-12-26,2024-06-03
불법주정차,2023-12-23,14:37,농협침산지점앞,2023-12-26,2024-06-03
불법주정차,2023-12-23,14:37,침산동 매일천막 앞,2023-12-26,2024-06-03
불법주정차,2023-12-23,14:39,코스트코 주차장 앞,2023-12-26,2024-06-03
불법주정차,2023-12-23,14:39,엑스코 앞,2023-12-26,2024-06-03
불법주정차,2023-12-23,14:40,엑스코 앞,2023-12-26,2024-06-03
불법주정차,2023-12-23,14:40,르노삼성자동차 침산점,2023-12-26,2024-06-03
불법주정차,2023-12-23,14:40,북부초등학교,2023-12-26,2024-06-03
불법주정차,2023-12-23,14:41,금정공원(보행자우선거리,2023-12-26,2024-06-03
불법주정차,2023-12-23,14:42,칠곡초등학교,2023-12-26,2024-06-03
불법주정차,2023-12-23,14:42,산격동 1674 부근 횡단보도,2023-12-27,2024-06-03
불법주정차,2023-12-23,14:44,운암초등학교,2023-12-26,2024-06-03
불법주정차,2023-12-23,14:44,대구은행 학정로 지점,2023-12-26,2024-06-03
불법주정차,2023-12-23,14:45,오페라트루엘시민의숲,2023-12-26,2024-06-03
불법주정차,2023-12-23,14:45,장보고식자재마트 사거리,2023-12-26,2024-06-03
불법주정차,2023-12-23,14:45,산격동 경대북문,2023-12-26,2024-06-03
불법주정차,2023-12-23,14:45,서변동 1746-4 부근 횡단보도,2023-12-27,2024-06-03
불법주정차,2023-12-23,14:45,관음동 1319-10 부근 횡단보도,2023-12-27,2024-06-03
불법주정차,2023-12-23,14:46,오페라트루엘시민의숲,2023-12-26,2024-06-03
불법주정차,2023-12-23,14:46,동천동회전교차로1,2023-12-26,2024-06-03
불법주정차,2023-12-23,14:47,거창식당 앞(칠성시장),2023-12-26,2024-06-03
불법주정차,2023-12-23,14:47,무지개공영주차장 부근,2023-12-26,2024-06-03
불법주정차,2023-12-23,14:47,대구일중학교 정문 앞,2023-12-26,2024-06-03
불법주정차,2023-12-23,14:48,대구역 오페라더블유2,2023-12-26,2024-06-03
불법주정차,2023-12-23,14:48,거창식당 앞(칠성시장),2023-12-26,2024-06-03
불법주정차,2023-12-23,14:49,NC아울렛 앞 사거리,2023-12-26,2024-06-03
불법주정차,2023-12-23,14:49,관음동 1319-10 부근 횡단보도,2023-12-27,2024-06-03
불법주정차,2023-12-23,14:49,산격동 1737 부근 횡단보도,2023-12-27,2024-06-03
불법주정차,2023-12-23,14:50,새동산산부인과,2023-12-26,2024-06-03
불법주정차,2023-12-23,14:50,동천동회전교차로1,2023-12-26,2024-06-03
불법주정차,2023-12-23,14:50,칠성동 꽃시장 (아름나라,2023-12-26,2024-06-03
불법주정차,2023-12-23,14:51,한영정형외과,2023-12-26,2024-06-03
불법주정차,2023-12-23,14:52,운암지,2023-12-26,2024-06-03
불법주정차,2023-12-23,14:53,새동산산부인과,2023-12-26,2024-06-03
불법주정차,2023-12-23,14:54,새동산산부인과,2023-12-26,2024-06-03
불법주정차,2023-12-23,14:54,동평초등학교네거리,2023-12-26,2024-06-03
불법주정차,2023-12-23,14:54,거창식당 앞(칠성시장),2023-12-26,2024-06-03
불법주정차,2023-12-23,14:54,관천초등학교,2023-12-26,2024-06-03
불법주정차,2023-12-23,14:54,서변동 1783 부근 횡단보도,2023-12-27,2024-06-03
불법주정차,2023-12-23,14:55,대학로 파리바게트 부근,2023-12-26,2024-06-03
불법주정차,2023-12-23,14:56,엑스코 앞,2023-12-26,2024-06-03
불법주정차,2023-12-23,14:56,웨딩메르디앙 앞,2023-12-26,2024-06-03
불법주정차,2023-12-23,14:57,오페라 클래시아,2023-12-26,2024-06-03
불법주정차,2023-12-23,14:58,영남네오빌아트 후문,2023-12-26,2024-06-03
불법주정차,2023-12-23,14:58,복현e편한세상 정문,2023-12-26,2024-06-03
불법주정차,2023-12-23,14:59,칠곡초등학교 진입로,2023-12-26,2024-06-03
불법주정차,2023-12-23,15:01,노원한신더휴 동문,2023-12-26,2024-06-03
불법주정차,2023-12-23,15:01,엑스코 앞,2023-12-26,2024-06-03
불법주정차,2023-12-23,15:04,오륙민물수산(칠성시장),2023-12-26,2024-06-03
불법주정차,2023-12-23,15:04,산격동 경대북문,2023-12-26,2024-06-03
불법주정차,2023-12-23,15:07,산격동 1727 부근 횡단보도,2023-12-27,2024-06-03
불법주정차,2023-12-23,15:08,노원한신더휴 남문,2023-12-26,2024-06-03
불법주정차,2023-12-23,15:09,산격동 1727 부근 횡단보도,2023-12-27,2024-06-03
불법주정차,2023-12-23,15:13,무지개공영주차장 부근,2023-12-26,2024-06-03
불법주정차,2023-12-23,15:15,NC아울렛 앞 사거리,2023-12-26,2024-06-03
불법주정차,2023-12-23,15:17,매천삼거리,2023-12-26,2024-06-03
불법주정차,2023-12-23,15:17,엑스코 앞,2023-12-26,2024-06-03
불법주정차,2023-12-23,15:19,대구일중학교 정문 앞,2023-12-26,2024-06-03
불법주정차,2023-12-23,15:19,농협침산지점앞,2023-12-26,2024-06-03
불법주정차,2023-12-23,15:20,산격동 경대북문,2023-12-26,2024-06-03
불법주정차,2023-12-23,15:20,NC아울렛 앞 사거리,2023-12-26,2024-06-03
불법주정차,2023-12-23,15:20,사수동 827 부근 모퉁이,2023-12-27,2024-06-03
불법주정차,2023-12-23,15:20,사수동 827 부근 모퉁이,2023-12-27,2024-06-03
불법주정차,2023-12-23,15:21,새동산산부인과,2023-12-26,2024-06-03
불법주정차,2023-12-23,15:22,칠곡우방타운 삼거리,2023-12-26,2024-06-03
불법주정차,2023-12-23,15:23,새동산산부인과,2023-12-26,2024-06-03
불법주정차,2023-12-23,15:23,침산초등학교,2023-12-26,2024-06-03
불법주정차,2023-12-23,15:24,팔달동 대구수산시장,2023-12-26,2024-06-03
불법주정차,2023-12-23,15:25,산격동 1727 부근 횡단보도,2023-12-27,2024-06-03
불법주정차,2023-12-23,15:26,동천동 참약국,2023-12-26,2024-06-03
불법주정차,2023-12-23,15:26,영남네오빌아트 후문,2023-12-26,2024-06-03
불법주정차,2023-12-23,15:27,동평초등학교네거리,2023-12-26,2024-06-03
불법주정차,2023-12-23,15:28,침산 화성파크드림,2023-12-26,2024-06-03
불법주정차,2023-12-23,15:32,무지개공영주차장 부근,2023-12-26,2024-06-03
불법주정차,2023-12-23,15:33,팔달초등학교,2023-12-26,2024-06-03
불법주정차,2023-12-23,15:34,무지개공영주차장 부근,2023-12-26,2024-06-03
불법주정차,2023-12-23,15:35,노원한신더휴 남문,2023-12-26,2024-06-03
불법주정차,2023-12-23,15:36,엑스코 앞,2023-12-26,2024-06-03
불법주정차,2023-12-23,15:37,운암초등학교,2023-12-26,2024-06-03
불법주정차,2023-12-23,15:37,엑스코 앞,2023-12-26,2024-06-03
불법주정차,2023-12-23,15:38,침산1동회전교차로1,2023-12-26,2024-06-03
불법주정차,2023-12-23,15:38,동천동회전교차로1,2023-12-26,2024-06-03
불법주정차,2023-12-23,15:39,노원동3가 681 부근 인도,2024-01-02,2024-06-03
불법주정차,2023-12-23,15:41,관천초등학교,2023-12-26,2024-06-03
불법주정차,2023-12-23,15:42,북부초등학교,2023-12-26,2024-06-03
불법주정차,2023-12-23,15:42,태전동 중앙시장,2023-12-26,2024-06-03
불법주정차,2023-12-23,15:42,노원동3가 681-1 부근 인도,2023-12-27,2024-06-03
불법주정차,2023-12-23,15:43,코스트코 주차장 앞,2023-12-26,2024-06-03
불법주정차,2023-12-23,15:43,대현도서관교차로,2023-12-26,2024-06-03
불법주정차,2023-12-23,15:45,동아아울렛 뒷편,2023-12-26,2024-06-03
불법주정차,2023-12-23,15:45,르노삼성자동차 침산점,2023-12-26,2024-06-03
불법주정차,2023-12-23,15:46,NC아울렛 앞 사거리,2023-12-26,2024-06-03
불법주정차,2023-12-23,15:47,경대북문 건너편,2023-12-26,2024-06-03
불법주정차,2023-12-23,15:48,새동산산부인과,2023-12-26,2024-06-03
불법주정차,2023-12-23,15:48,팔달초등학교,2023-12-26,2024-06-03
불법주정차,2023-12-23,15:48,엑스코 앞,2023-12-26,2024-06-03
불법주정차,2023-12-23,15:52,칠곡시외버스하차장,2023-12-26,2024-06-03
불법주정차,2023-12-23,15:52,산격동 경대북문,2023-12-26,2024-06-03
불법주정차,2023-12-23,15:54,금정공원(보행자우선거리,2023-12-26,2024-06-03
불법주정차,2023-12-23,15:54,연경 동화아이위시 앞,2023-12-26,2024-06-03
불법주정차,2023-12-23,15:57,침산 화성파크드림,2023-12-26,2024-06-03
불법주정차,2023-12-23,15:58,관천초등학교,2023-12-26,2024-06-03
불법주정차,2023-12-23,16:00,무지개공영주차장 부근,2023-12-26,2024-06-03
불법주정차,2023-12-23,16:01,북부초등학교,2023-12-26,2024-06-03
불법주정차,2023-12-23,16:03,남다른 감자탕,2023-12-26,2024-06-03
불법주정차,2023-12-23,16:03,코스트코 주차장 앞,2023-12-26,2024-06-03
불법주정차,2023-12-23,16:04,북부초등학교,2023-12-26,2024-06-03
불법주정차,2023-12-23,16:04,코스트코 주차장 앞,2023-12-26,2024-06-03
불법주정차,2023-12-23,16:05,동천동 참약국,2023-12-26,2024-06-03
불법주정차,2023-12-23,16:05,거창식당 앞(칠성시장),2023-12-26,2024-06-03
불법주정차,2023-12-23,16:06,동천동회전교차로1,2023-12-26,2024-06-03
불법주정차,2023-12-23,16:09,침산 화성파크드림,2023-12-26,2024-06-03
불법주정차,2023-12-23,16:11,엑스코 앞,2023-12-26,2024-06-03
불법주정차,2023-12-23,16:12,운암고등학교,2023-12-26,2024-06-03
불법주정차,2023-12-23,16:14,거창식당 앞(칠성시장),2023-12-26,2024-06-03
불법주정차,2023-12-23,16:16,새동산산부인과,2023-12-26,2024-06-03
불법주정차,2023-12-23,16:16,NC아울렛 앞 사거리,2023-12-26,2024-06-03
불법주정차,2023-12-23,16:17,새동산산부인과,2023-12-26,2024-06-03
불법주정차,2023-12-23,16:18,코스트코 주차장 앞,2023-12-26,2024-06-03
불법주정차,2023-12-23,16:18,NC아울렛 앞 사거리,2023-12-26,2024-06-03
불법주정차,2023-12-23,16:19,NC아울렛 앞 사거리,2023-12-26,2024-06-03
불법주정차,2023-12-23,16:20,코스트코 주차장 앞,2023-12-26,2024-06-03
불법주정차,2023-12-23,16:20,오페라트루엘시민의숲,2023-12-26,2024-06-03
불법주정차,2023-12-23,16:22,대학로 파리바게트 부근,2023-12-26,2024-06-03
불법주정차,2023-12-23,16:23,무지개공영주차장 부근,2023-12-26,2024-06-03
불법주정차,2023-12-23,16:27,고성동2가 112-64 부근 모퉁이,2023-12-27,2024-06-03
불법주정차,2023-12-23,16:28,함지초등학교,2023-12-26,2024-06-03
불법주정차,2023-12-23,16:30,침산 화성파크드림,2023-12-26,2024-06-03
불법주정차,2023-12-23,16:32,서변공영주차장 사거리,2024-03-13,2024-06-03
불법주정차,2023-12-23,16:35,새동산산부인과,2023-12-26,2024-06-03
불법주정차,2023-12-23,16:36,새동산산부인과,2023-12-26,2024-06-03
불법주정차,2023-12-23,16:38,칠곡시외버스하차장,2024-03-13,2024-06-03
불법주정차,2023-12-23,16:39,관천초등학교,2023-12-26,2024-06-03
불법주정차,2023-12-23,16:41,운암고등학교,2023-12-26,2024-06-03
불법주정차,2023-12-23,16:42,새동산산부인과,2023-12-26,2024-06-03
불법주정차,2023-12-23,16:45,동천동회전교차로2,2023-12-26,2024-06-03
불법주정차,2023-12-23,16:46,산격동 경대북문,2023-12-26,2024-06-03
불법주정차,2023-12-23,16:47,칠성시장교통섬,2023-12-26,2024-06-03
불법주정차,2023-12-23,16:48,구암동 770-1 부근 횡단보도,2023-12-27,2024-06-03
불법주정차,2023-12-23,16:49,운암초등학교,2023-12-26,2024-06-03
불법주정차,2023-12-23,16:51,복현동 694 부근 모퉁이,2023-12-27,2024-06-03
불법주정차,2023-12-23,16:53,동변동 684-5 부근 인도,2023-12-27,2024-06-03
불법주정차,2023-12-23,17:04,동천동 900-2 부근 인도,2023-12-27,2024-06-03
불법주정차,2023-12-23,17:04,산격동 산 172-1 부근 횡단보도,2023-12-27,2024-06-03
불법주정차,2023-12-23,17:05,산격동 457-4 부근 횡단보도,2024-01-02,2024-06-03
불법주정차,2023-12-23,17:05,산격동 457-4 부근 횡단보도,2024-01-02,2024-06-03
불법주정차,2023-12-23,17:07,산격동 478-25 부근 횡단보도,2023-12-27,2024-06-03
불법주정차,2023-12-23,17:07,산격동 462-20 부근 횡단보도,2023-12-27,2024-06-03
불법주정차,2023-12-23,17:14,동천동 954-1 부근 횡단보도,2023-12-27,2024-06-03
불법주정차,2023-12-23,17:38,구암동 791-7 부근 모퉁이,2023-12-27,2024-06-03
불법주정차,2023-12-23,17:57,구암동 767-2 부근 인도,2023-12-27,2024-06-03
불법주정차,2023-12-23,18:02,산격동 1236-10 부근 인도,2024-03-13,2024-06-03
불법주정차,2023-12-23,18:16,산격동 1672 부근 횡단보도,2023-12-27,2024-06-03
불법주정차,2023-12-23,18:20,산격동 1218-15 부근 인도,2023-12-27,2024-06-03
불법주정차,2023-12-23,18:30,고성동3가 23 부근 횡단보도,2023-12-27,2024-06-03
불법주정차,2023-12-23,18:31,고성동3가 25-1 부근 모퉁이,2023-12-27,2024-06-03
불법주정차,2023-12-23,18:32,고성동3가 25-1 부근 횡단보도,2023-12-27,2024-06-03
불법주정차,2023-12-23,18:36,국우동 765-2 부근 인도,2023-12-27,2024-06-03
불법주정차,2023-12-23,18:49,침산동 447-16 부근 모퉁이,2023-12-27,2024-06-03
불법주정차,2023-12-23,18:51,검단동 571-4 부근 인도,2023-12-27,2024-06-03
불법주정차,2023-12-23,18:52,태전동 957-2 부근 모퉁이,2023-12-27,2024-06-03
불법주정차,2023-12-23,18:54,검단동 572-3 부근 인도,2023-12-27,2024-06-03
불법주정차,2023-12-23,19:10,동천동 951-1 부근 횡단보도,2023-12-27,2024-06-03
불법주정차,2023-12-23,19:31,산격동 1677 부근 횡단보도,2023-12-27,2024-06-03
불법주정차,2023-12-23,19:32,산격동 1677 부근 횡단보도,2023-12-27,2024-06-03
불법주정차,2023-12-23,19:34,산격동 1720 부근 모퉁이,2023-12-27,2024-06-03
불법주정차,2023-12-23,19:37,산격동 1790 부근 버스정류소,2023-12-27,2024-06-03
불법주정차,2023-12-23,19:39,산격동 1790 부근 버스정류소,2023-12-27,2024-06-03
불법주정차,2023-12-23,20:46,사수동 833 부근 모퉁이,2023-12-27,2024-06-03
불법주정차,2023-12-23,21:35,사수동 899 부근 모퉁이,2023-12-27,2024-06-03
불법주정차,2023-12-23,21:38,사수동 962 부근 모퉁이,2023-12-27,2024-06-03
불법주정차,2023-12-23,21:38,대현동 407-12 부근 횡단보도,2023-12-27,2024-06-03
불법주정차,2023-12-23,21:42,대현동 270-8 부근 모퉁이,2023-12-27,2024-06-03
불법주정차,2023-12-23,22:44,산격동 1498-54 부근 모퉁이,2023-12-27,2024-06-03
불법주정차,2023-12-24,00:20,복현동 477-1 부근 모퉁이,2024-01-02,2024-06-03
불법주정차,2023-12-24,08:10,태전동 969-6 부근 모퉁이,2024-01-02,2024-06-03
불법주정차,2023-12-24,08:12,학정동 974 부근 인도,2024-03-13,2024-06-03
불법주정차,2023-12-24,08:15,태전동 974 부근 모퉁이,2024-01-02,2024-06-03
불법주정차,2023-12-24,08:38,복현동 421-1 부근 모퉁이,2024-01-02,2024-06-03
불법주정차,2023-12-24,09:01,금호동 806 부근 횡단보도,2024-01-02,2024-06-03
불법주정차,2023-12-24,09:01,금호동 806 부근 횡단보도,2024-01-02,2024-06-03
불법주정차,2023-12-24,09:10,사수동 963 부근 모퉁이,2024-01-02,2024-06-03
불법주정차,2023-12-24,09:27,태전동 1035-6 부근 모퉁이,2024-01-02,2024-06-03
불법주정차,2023-12-24,09:32,침산동 456-7 부근 인도,2024-01-02,2024-06-03
불법주정차,2023-12-24,09:35,동천동 895-5 부근 횡단보도,2024-01-02,2024-06-03
불법주정차,2023-12-24,09:37,침산동 430-7 부근 인도,2024-01-02,2024-06-03
불법주정차,2023-12-24,10:01,동천동회전교차로1,2023-12-26,2024-06-03
불법주정차,2023-12-24,10:01,동천동회전교차로2,2023-12-26,2024-06-03
불법주정차,2023-12-24,10:04,운암고등학교,2023-12-26,2024-06-03
불법주정차,2023-12-24,10:04,관천초등학교,2023-12-26,2024-06-03
불법주정차,2023-12-24,10:04,오페라 클래시아,2023-12-26,2024-06-03
불법주정차,2023-12-24,10:04,대구역 오페라더블유2,2023-12-26,2024-06-03
불법주정차,2023-12-24,10:04,오페라트루엘시민의숲,2023-12-26,2024-06-03
불법주정차,2023-12-24,10:05,학정초등학교,2023-12-26,2024-06-03
불법주정차,2023-12-24,10:05,대구역 오페라더블유2,2023-12-26,2024-06-03
불법주정차,2023-12-24,10:05,운암지,2023-12-26,2024-06-03
불법주정차,2023-12-24,10:05,영남네오빌아트 후문,2023-12-26,2024-06-03
불법주정차,2023-12-24,10:05,새동산산부인과,2023-12-26,2024-06-03
불법주정차,2023-12-24,10:06,오페라코오롱하늘채 앞,2023-12-26,2024-06-03
불법주정차,2023-12-24,10:06,대구역 오페라더블유2,2023-12-26,2024-06-03
불법주정차,2023-12-24,10:07,관음 상가,2023-12-26,2024-06-03
불법주정차,2023-12-24,10:07,노원한신더휴 동문,2023-12-26,2024-06-03
불법주정차,2023-12-24,10:07,사수동 센스마트,2023-12-26,2024-06-03
불법주정차,2023-12-24,10:08,침산 화성파크드림,2023-12-26,2024-06-03
불법주정차,2023-12-24,10:08,운암고등학교,2023-12-26,2024-06-03
불법주정차,2023-12-24,10:08,경진초등학교,2023-12-26,2024-06-03
불법주정차,2023-12-24,10:09,관천초등학교,2023-12-26,2024-06-03
불법주정차,2023-12-24,10:10,사수동 센스마트,2023-12-26,2024-06-03
불법주정차,2023-12-24,10:10,운암초등학교,2023-12-26,2024-06-03
불법주정차,2023-12-24,10:10,칠성초등학교 진입로,2023-12-26,2024-06-03
불법주정차,2023-12-24,10:10,오페라 클래시아,2023-12-26,2024-06-03
불법주정차,2023-12-24,10:11,NC아울렛 앞 사거리,2024-03-13,2024-06-03
불법주정차,2023-12-24,10:12,성삼우리신협 앞,2023-12-26,2024-06-03
불법주정차,2023-12-24,10:13,오페라 클래시아,2023-12-26,2024-06-03
불법주정차,2023-12-24,10:13,성삼우리신협 앞,2023-12-26,2024-06-03
불법주정차,2023-12-24,10:13,동대구시장,2023-12-26,2024-06-03
불법주정차,2023-12-24,10:15,칠성초등학교 진입로,2023-12-26,2024-06-03
불법주정차,2023-12-24,10:16,KB국민은행침산지점,2023-12-26,2024-06-03
불법주정차,2023-12-24,10:17,칠곡우방타운 삼거리,2023-12-26,2024-06-03
불법주정차,2023-12-24,10:18,서변공영주차장 사거리,2023-12-26,2024-06-03
불법주정차,2023-12-24,10:18,칠곡초등학교,2023-12-26,2024-06-03
불법주정차,2023-12-24,10:18,노원동주민센터 사거리,2023-12-26,2024-06-03
불법주정차,2023-12-24,10:20,칠성초등학교,2023-12-26,2024-06-03
불법주정차,2023-12-24,10:21,노원한신더휴 남문,2023-12-26,2024-06-03
불법주정차,2023-12-24,10:22,노원동3가 M병원,2023-12-26,2024-06-03
불법주정차,2023-12-24,10:22,칠곡시외버스하차장,2023-12-26,2024-06-03
불법주정차,2023-12-24,10:24,대구보건대,2023-12-26,2024-06-03
불법주정차,2023-12-24,10:25,침산 화성파크드림,2023-12-26,2024-06-03
불법주정차,2023-12-24,10:25,침산동 매일천막 앞,2023-12-26,2024-06-03
불법주정차,2023-12-24,10:25,칠성시장교통섬,2023-12-26,2024-06-03
불법주정차,2023-12-24,10:27,동천동회전교차로2,2023-12-26,2024-06-03
불법주정차,2023-12-24,10:27,운암지,2023-12-26,2024-06-03
불법주정차,2023-12-24,10:30,운암지,2023-12-26,2024-06-03
불법주정차,2023-12-24,10:33,거창식당 앞(칠성시장),2023-12-26,2024-06-03
불법주정차,2023-12-24,10:35,르노삼성자동차 침산점,2023-12-26,2024-06-03
불법주정차,2023-12-24,10:37,매천중학교 건너,2023-12-26,2024-06-03
불법주정차,2023-12-24,10:40,새동산산부인과,2023-12-26,2024-06-03
불법주정차,2023-12-24,10:41,노원한신더휴 동문,2023-12-26,2024-06-03
불법주정차,2023-12-24,10:41,장보고식자재마트 사거리,2023-12-26,2024-06-03
불법주정차,2023-12-24,10:42,노원동주민센터 사거리,2023-12-26,2024-06-03
불법주정차,2023-12-24,10:42,거창식당 앞(칠성시장),2023-12-26,2024-06-03
불법주정차,2023-12-24,10:45,대구일중학교 정문 앞,2023-12-26,2024-06-03
불법주정차,2023-12-24,10:49,칠성시장 화재(소방),2023-12-26,2024-06-03
불법주정차,2023-12-24,11:04,무지개공영주차장 부근,2023-12-26,2024-06-03
불법주정차,2023-12-24,11:05,동천동 895-5 부근 인도,2024-01-02,2024-06-03
불법주정차,2023-12-24,11:10,무지개공영주차장 부근,2023-12-26,2024-06-03
불법주정차,2023-12-24,11:12,대학로 파리바게트 부근,2023-12-26,2024-06-03
불법주정차,2023-12-24,11:18,구암동 766 부근 인도,2024-01-02,2024-06-03
불법주정차,2023-12-24,11:51,무지개공영주차장 부근,2023-12-26,2024-06-03
불법주정차,2023-12-24,12:02,대학로 파리바게트 부근,2023-12-26,2024-06-03
불법주정차,2023-12-24,12:11,태전동 1068 부근 횡단보도,2024-01-02,2024-06-03
불법주정차,2023-12-24,12:24,읍내동 1343-4 부근 횡단보도,2024-01-02,2024-06-03
불법주정차,2023-12-24,12:26,대학로23길,2023-12-26,2024-06-03
불법주정차,2023-12-24,12:26,무지개공영주차장 부근,2023-12-26,2024-06-03
불법주정차,2023-12-24,12:26,읍내동 1343-10 부근 횡단보도,2024-01-02,2024-06-03
불법주정차,2023-12-24,12:34,무지개공영주차장 부근,2023-12-26,2024-06-03
불법주정차,2023-12-24,12:34,대학로 파리바게트 부근,2023-12-26,2024-06-03
불법주정차,2023-12-24,12:54,무지개공영주차장 부근,2023-12-26,2024-06-03
불법주정차,2023-12-24,13:07,대학로 파리바게트 부근,2023-12-26,2024-06-03
불법주정차,2023-12-24,13:19,무지개공영주차장 부근,2023-12-26,2024-06-03
불법주정차,2023-12-24,13:26,무지개공영주차장 부근,2023-12-26,2024-06-03
불법주정차,2023-12-24,13:32,칠성동1가 270-37 부근 버스정류소,2024-01-02,2024-06-03
불법주정차,2023-12-24,13:52,대학로13길,2023-12-26,2024-06-03
불법주정차,2023-12-24,13:57,무지개공영주차장 부근,2023-12-26,2024-06-03
불법주정차,2023-12-24,14:23,무지개공영주차장 부근,2023-12-26,2024-06-03
불법주정차,2023-12-24,14:30,태전동 1023-13 부근 횡단보도,2024-01-02,2024-06-03
불법주정차,2023-12-24,14:31,동천동회전교차로2,2023-12-26,2024-06-03
불법주정차,2023-12-24,14:31,새동산산부인과,2023-12-26,2024-06-03
불법주정차,2023-12-24,14:31,동천동회전교차로1,2023-12-26,2024-06-03
불법주정차,2023-12-24,14:32,대학로 파리바게트 부근,2023-12-26,2024-06-03
불법주정차,2023-12-24,14:33,침산1동회전교차로1,2023-12-26,2024-06-03
불법주정차,2023-12-24,14:33,동천동회전교차로2,2023-12-26,2024-06-03
불법주정차,2023-12-24,14:33,칠성동 삼성아파트 앞,2023-12-26,2024-06-03
불법주정차,2023-12-24,14:33,노원한신더휴 동문,2023-12-26,2024-06-03
불법주정차,2023-12-24,14:34,운암초등학교,2023-12-26,2024-06-03
불법주정차,2023-12-24,14:34,동천동회전교차로2,2023-12-26,2024-06-03
불법주정차,2023-12-24,14:34,팔달동 대구수산시장,2023-12-26,2024-06-03
불법주정차,2023-12-24,14:35,운암지,2023-12-26,2024-06-03
불법주정차,2023-12-24,14:35,거창식당 앞(칠성시장),2023-12-26,2024-06-03
불법주정차,2023-12-24,14:35,오페라코오롱하늘채 앞,2023-12-26,2024-06-03
불법주정차,2023-12-24,14:35,칠성동 삼성아파트 앞,2023-12-26,2024-06-03
불법주정차,2023-12-24,14:35,칠성초등학교 진입로,2023-12-26,2024-06-03
불법주정차,2023-12-24,14:36,산격동 경대북문,2023-12-26,2024-06-03
불법주정차,2023-12-24,14:36,동천동회전교차로1,2023-12-26,2024-06-03
불법주정차,2023-12-24,14:36,태전초등학교,2023-12-26,2024-06-03
불법주정차,2023-12-24,14:36,신암초등학교,2023-12-26,2024-06-03
불법주정차,2023-12-24,14:36,산격동 경대북문,2023-12-26,2024-06-03
불법주정차,2023-12-24,14:36,사수동 센스마트,2023-12-26,2024-06-03
불법주정차,2023-12-24,14:37,거창식당 앞(칠성시장),2023-12-26,2024-06-03
불법주정차,2023-12-24,14:37,새동산산부인과,2023-12-26,2024-06-03
불법주정차,2023-12-24,14:37,농협침산지점앞,2023-12-26,2024-06-03
불법주정차,2023-12-24,14:37,산격동 경대북문,2023-12-26,2024-06-03
불법주정차,2023-12-24,14:38,코스트코 주차장 앞,2023-12-26,2024-06-03
불법주정차,2023-12-24,14:38,거창식당 앞(칠성시장),2023-12-26,2024-06-03
불법주정차,2023-12-24,14:38,운암고등학교,2023-12-26,2024-06-03
불법주정차,2023-12-24,14:38,동아아울렛 뒷편,2023-12-26,2024-06-03
불법주정차,2023-12-24,14:39,팔달동 대구수산시장,2023-12-26,2024-06-03
불법주정차,2023-12-24,14:40,도남초등학교,2023-12-26,2024-06-03
불법주정차,2023-12-24,14:41,성삼우리신협 앞,2023-12-26,2024-06-03
불법주정차,2023-12-24,14:42,NC아울렛 앞 사거리,2023-12-26,2024-06-03
불법주정차,2023-12-24,14:42,성삼우리신협 앞,2023-12-26,2024-06-03
불법주정차,2023-12-24,14:43,NC아울렛 앞 사거리,2023-12-26,2024-06-03
불법주정차,2023-12-24,14:43,NC아울렛 앞 사거리,2023-12-26,2024-06-03
불법주정차,2023-12-24,14:43,노원한신더휴 동문,2023-12-26,2024-06-03
불법주정차,2023-12-24,14:44,오페라 클래시아,2023-12-26,2024-06-03
불법주정차,2023-12-24,14:44,NC아울렛 앞 사거리,2023-12-26,2024-06-03
불법주정차,2023-12-24,14:45,산격동 경대북문,2023-12-26,2024-06-03
불법주정차,2023-12-24,14:45,금정공원(보행자우선거리,2023-12-26,2024-06-03
불법주정차,2023-12-24,14:46,칠곡시외버스하차장,2023-12-26,2024-06-03
불법주정차,2023-12-24,14:48,NC아울렛 앞 사거리,2023-12-26,2024-06-03
불법주정차,2023-12-24,14:48,침산 화성파크드림,2023-12-26,2024-06-03
불법주정차,2023-12-24,14:48,침산동 매일천막 앞,2023-12-26,2024-06-03
불법주정차,2023-12-24,14:49,영남네오빌아트 후문,2023-12-26,2024-06-03
불법주정차,2023-12-24,14:49,매천초등학교,2023-12-26,2024-06-03
불법주정차,2023-12-24,14:50,동천동회전교차로2,2023-12-26,2024-06-03
불법주정차,2023-12-24,14:50,엑스코 앞,2023-12-26,2024-06-03
불법주정차,2023-12-24,14:51,칠성동 꽃시장 (아름나라,2023-12-26,2024-06-03
불법주정차,2023-12-24,14:51,동천동회전교차로1,2023-12-26,2024-06-03
불법주정차,2023-12-24,14:52,칠성동 꽃시장 (아름나라,2023-12-26,2024-06-03
불법주정차,2023-12-24,14:53,동천동회전교차로1,2023-12-26,2024-06-03
불법주정차,2023-12-24,14:55,칠곡시외버스하차장,2023-12-26,2024-06-03
불법주정차,2023-12-24,14:55,산격동 1399 부근 모퉁이,2024-01-02,2024-06-03
불법주정차,2023-12-24,14:57,복현동 시티병원,2023-12-26,2024-06-03
불법주정차,2023-12-24,14:58,팔달동 대구수산시장,2023-12-26,2024-06-03
불법주정차,2023-12-24,14:58,거창식당 앞(칠성시장),2023-12-26,2024-06-03
불법주정차,2023-12-24,14:58,팔달동 대구수산시장,2023-12-26,2024-06-03
불법주정차,2023-12-24,15:00,동평초등학교네거리,2023-12-26,2024-06-03
불법주정차,2023-12-24,15:02,삼영초등학교,2023-12-26,2024-06-03
불법주정차,2023-12-24,15:02,관천초등학교,2023-12-26,2024-06-03
불법주정차,2023-12-24,15:03,새동산산부인과,2023-12-26,2024-06-03
불법주정차,2023-12-24,15:03,동천동회전교차로2,2023-12-26,2024-06-03
불법주정차,2023-12-24,15:04,팔달동 대구수산시장,2023-12-26,2024-06-03
불법주정차,2023-12-24,15:04,칠성시장교통섬,2023-12-26,2024-06-03
불법주정차,2023-12-24,15:04,오페라 클래시아,2023-12-26,2024-06-03
불법주정차,2023-12-24,15:04,관천초등학교,2023-12-26,2024-06-03
불법주정차,2023-12-24,15:04,노원한신더휴 남문,2023-12-26,2024-06-03
불법주정차,2023-12-24,15:05,대구일중학교 정문 앞,2023-12-26,2024-06-03
불법주정차,2023-12-24,15:05,대구은행 학정로 지점,2023-12-26,2024-06-03
불법주정차,2023-12-24,15:07,동천동회전교차로2,2023-12-26,2024-06-03
불법주정차,2023-12-24,15:10,노원한신더휴 남문,2023-12-26,2024-06-03
불법주정차,2023-12-24,15:10,동대구시장,2023-12-26,2024-06-03
불법주정차,2023-12-24,15:11,동천동 897-3 부근 횡단보도,2024-01-02,2024-06-03
불법주정차,2023-12-24,15:13,사수동 센스마트,2023-12-26,2024-06-03
불법주정차,2023-12-24,15:14,매천초등학교,2023-12-26,2024-06-03
불법주정차,2023-12-24,15:14,태전동 원대새마을금고,2023-12-26,2024-06-03
불법주정차,2023-12-24,15:14,칠곡우방타운 삼거리,2023-12-26,2024-06-03
불법주정차,2023-12-24,15:15,칠성초등학교,2023-12-26,2024-06-03
불법주정차,2023-12-24,15:16,오페라 클래시아,2023-12-26,2024-06-03
불법주정차,2023-12-24,15:16,칠곡초등학교 진입로,2023-12-26,2024-06-03
불법주정차,2023-12-24,15:17,대구일중학교 정문 앞,2024-01-16,2024-06-03
불법주정차,2023-12-24,15:18,구암동 농협중앙회,2023-12-26,2024-06-03
불법주정차,2023-12-24,15:19,새동산산부인과,2023-12-26,2024-06-03
불법주정차,2023-12-24,15:19,한영정형외과,2023-12-26,2024-06-03
불법주정차,2023-12-24,15:19,노원한신더휴 남문,2023-12-26,2024-06-03
불법주정차,2023-12-24,15:20,NC아울렛 앞 사거리,2023-12-26,2024-06-03
불법주정차,2023-12-24,15:20,학정동 926-1 부근 인도,2024-01-02,2024-06-03
불법주정차,2023-12-24,15:22,팔달동 대구수산시장,2023-12-26,2024-06-03
불법주정차,2023-12-24,15:23,노원한신더휴 남문,2023-12-26,2024-06-03
불법주정차,2023-12-24,15:23,대구역 오페라더블유2,2023-12-26,2024-06-03
불법주정차,2023-12-24,15:23,관천초등학교,2023-12-26,2024-06-03
불법주정차,2023-12-24,15:28,오페라 클래시아,2023-12-26,2024-06-03
불법주정차,2023-12-24,15:29,대구병원네거리,2023-12-26,2024-06-03
불법주정차,2023-12-24,15:29,무지개공영주차장 부근,2023-12-26,2024-06-03
불법주정차,2023-12-24,15:29,코스트코 주차장 앞,2023-12-26,2024-06-03
불법주정차,2023-12-24,15:30,동천동회전교차로2,2023-12-26,2024-06-03
불법주정차,2023-12-24,15:31,노원한신더휴 동문,2023-12-26,2024-06-03
불법주정차,2023-12-24,15:31,오페라트루엘시민의숲,2023-12-26,2024-06-03
불법주정차,2023-12-24,15:32,운암초등학교,2024-05-13,2024-06-03
불법주정차,2023-12-24,15:35,팔달동 대구수산시장,2023-12-26,2024-06-03
불법주정차,2023-12-24,15:37,운암지,2023-12-26,2024-06-03
불법주정차,2023-12-24,15:37,새동산산부인과,2023-12-26,2024-06-03
불법주정차,2023-12-24,15:39,동천동회전교차로1,2023-12-26,2024-06-03
불법주정차,2023-12-24,15:40,운암초등학교,2023-12-26,2024-06-03
불법주정차,2023-12-24,15:40,오페라 클래시아,2023-12-26,2024-06-03
불법주정차,2023-12-24,15:42,운암지,2023-12-26,2024-06-03
불법주정차,2023-12-24,15:42,칠곡시외버스하차장,2023-12-26,2024-06-03
불법주정차,2023-12-24,15:43,노원동주민센터 사거리,2023-12-26,2024-06-03
불법주정차,2023-12-24,15:45,팔달동 대구수산시장,2023-12-26,2024-06-03
불법주정차,2023-12-24,15:48,서변공영주차장 사거리,2023-12-26,2024-06-03
불법주정차,2023-12-24,15:48,운암초등학교,2023-12-26,2024-06-03
불법주정차,2023-12-24,15:50,노원한신더휴 동문,2023-12-26,2024-06-03
불법주정차,2023-12-24,15:50,영남네오빌아트 후문,2023-12-26,2024-06-03
불법주정차,2023-12-24,15:51,대구일중학교 정문 앞,2023-12-26,2024-06-03
불법주정차,2023-12-24,15:52,오페라 클래시아,2023-12-26,2024-06-03
불법주정차,2023-12-24,15:53,매천화성파크드림정문,2023-12-26,2024-06-03
불법주정차,2023-12-24,15:54,팔달시장역,2023-12-26,2024-06-03
불법주정차,2023-12-24,15:54,동천동회전교차로1,2023-12-26,2024-06-03
불법주정차,2023-12-24,15:55,동천동회전교차로1,2023-12-26,2024-06-03
불법주정차,2023-12-24,15:57,농협침산지점앞,2023-12-26,2024-06-03
불법주정차,2023-12-24,15:58,팔달동 대구수산시장,2023-12-26,2024-06-03
불법주정차,2023-12-24,15:58,읍내동 1343 부근 횡단보도,2024-01-02,2024-06-03
불법주정차,2023-12-24,15:59,침산1동회전교차로1,2023-12-26,2024-06-03
불법주정차,2023-12-24,15:59,운암지,2023-12-26,2024-06-03
불법주정차,2023-12-24,16:00,매천화성파크드림정문,2023-12-26,2024-06-03
불법주정차,2023-12-24,16:00,NC아울렛 앞 사거리,2023-12-26,2024-06-03
불법주정차,2023-12-24,16:00,동평초등학교네거리,2023-12-26,2024-06-03
불법주정차,2023-12-24,16:01,오페라트루엘시민의숲,2023-12-26,2024-06-03
불법주정차,2023-12-24,16:01,동천동 954-6 부근 인도,2024-01-02,2024-06-03
불법주정차,2023-12-24,16:02,대구일중학교 정문 앞,2023-12-26,2024-06-03
불법주정차,2023-12-24,16:02,팔달동 대구수산시장,2023-12-26,2024-06-03
불법주정차,2023-12-24,16:02,매천동 543-5 부근 인도,2024-01-02,2024-06-03
불법주정차,2023-12-24,16:03,팔달동 대구수산시장,2023-12-26,2024-06-03
불법주정차,2023-12-24,16:03,복현e편한세상 정문,2023-12-26,2024-06-03
불법주정차,2023-12-24,16:03,관천초등학교,2023-12-26,2024-06-03
불법주정차,2023-12-24,16:04,오페라 클래시아,2023-12-26,2024-06-03
불법주정차,2023-12-24,16:04,동천동 954-6 부근 횡단보도,2024-01-02,2024-06-03
불법주정차,2023-12-24,16:05,노원동3가 M병원,2023-12-26,2024-06-03
불법주정차,2023-12-24,16:05,침산 화성파크드림,2023-12-26,2024-06-03
불법주정차,2023-12-24,16:05,칠곡농협 관음지점,2023-12-26,2024-06-03
불법주정차,2023-12-24,16:05,동대구시장,2023-12-26,2024-06-03
불법주정차,2023-12-24,16:05,태전동 1023-10 부근 모퉁이,2024-01-02,2024-06-03
불법주정차,2023-12-24,16:06,금호서한이다음정문,2023-12-26,2024-06-03
불법주정차,2023-12-24,16:07,동천동회전교차로2,2023-12-26,2024-06-03
불법주정차,2023-12-24,16:08,읍내동 812-13 부근 인도,2024-01-02,2024-06-03
불법주정차,2023-12-24,16:09,학남초등학교 앞 사거리,2023-12-26,2024-06-03
불법주정차,2023-12-24,16:09,팔달동 대구수산시장,2023-12-26,2024-06-03
불법주정차,2023-12-24,16:09,팔달동 대구수산시장,2023-12-26,2024-06-03
불법주정차,2023-12-24,16:11,운암지,2023-12-26,2024-06-03
불법주정차,2023-12-24,16:11,동천동회전교차로1,2023-12-26,2024-06-03
불법주정차,2023-12-24,16:11,새동산산부인과,2023-12-26,2024-06-03
불법주정차,2023-12-24,16:11,성삼우리신협 앞,2023-12-26,2024-06-03
불법주정차,2023-12-24,16:13,금호서한이다음정문,2023-12-26,2024-06-03
불법주정차,2023-12-24,16:14,산격동 1576 부근 인도,2024-01-02,2024-06-03
불법주정차,2023-12-24,16:15,경대북문 건너편,2023-12-26,2024-06-03
불법주정차,2023-12-24,16:17,교동초등학교,2023-12-26,2024-06-03
불법주정차,2023-12-24,16:22,대구일중학교 정문 앞,2023-12-26,2024-06-03
불법주정차,2023-12-24,16:22,금호서한이다음정문,2023-12-26,2024-06-03
불법주정차,2023-12-24,16:22,오페라코오롱하늘채 앞,2023-12-26,2024-06-03
불법주정차,2023-12-24,16:26,팔달동 대구수산시장,2023-12-26,2024-06-03
불법주정차,2023-12-24,16:26,대학로 파리바게트 부근,2023-12-26,2024-06-03
불법주정차,2023-12-24,16:26,동천동회전교차로1,2023-12-26,2024-06-03
불법주정차,2023-12-24,16:26,교동초등학교,2023-12-26,2024-06-03
불법주정차,2023-12-24,16:26,팔달동 대구수산시장,2023-12-26,2024-06-03
불법주정차,2023-12-24,16:26,동천동 968 부근 소화전,2024-01-02,2024-06-03
불법주정차,2023-12-24,16:27,오페라코오롱하늘채 앞,2023-12-26,2024-06-03
불법주정차,2023-12-24,16:28,엑스코 앞,2023-12-26,2024-06-03
불법주정차,2023-12-24,16:32,노원한신더휴 남문,2023-12-26,2024-06-03
불법주정차,2023-12-24,16:33,NC아울렛 앞 사거리,2023-12-26,2024-06-03
불법주정차,2023-12-24,16:33,KB국민은행침산지점,2023-12-26,2024-06-03
불법주정차,2023-12-24,16:33,새동산산부인과,2023-12-26,2024-06-03
불법주정차,2023-12-24,16:34,동천동회전교차로1,2023-12-26,2024-06-03
불법주정차,2023-12-24,16:36,칠곡초등학교,2023-12-26,2024-06-03
불법주정차,2023-12-24,16:36,금호서한이다음정문,2023-12-26,2024-06-03
불법주정차,2023-12-24,16:37,칠성시장교통섬,2023-12-26,2024-06-03
불법주정차,2023-12-24,16:38,금정공원(보행자우선거리,2023-12-26,2024-06-03
불법주정차,2023-12-24,16:38,산격동 478-26 부근 횡단보도,2024-01-02,2024-06-03
불법주정차,2023-12-24,16:44,대학로 파리바게트 부근,2023-12-26,2024-06-03
불법주정차,2023-12-24,16:45,엑스코 앞,2023-12-26,2024-06-03
불법주정차,2023-12-24,16:45,동천동 895-2 부근 인도,2024-01-02,2024-06-03
불법주정차,2023-12-24,16:46,엑스코 앞,2023-12-26,2024-06-03
불법주정차,2023-12-24,16:47,새동산산부인과,2023-12-26,2024-06-03
불법주정차,2023-12-24,16:47,동천동회전교차로1,2023-12-26,2024-06-03
불법주정차,2023-12-24,16:48,운암고등학교,2023-12-26,2024-06-03
불법주정차,2023-12-24,16:48,태전동 중앙시장,2023-12-26,2024-06-03
불법주정차,2023-12-24,16:59,동천동 951-1 부근 인도,2024-01-02,2024-06-03
불법주정차,2023-12-24,17:03,사수동 821 부근 모퉁이,2024-01-02,2024-06-03
불법주정차,2023-12-24,17:05,구암동 797-8 부근 횡단보도,2024-01-02,2024-06-03
불법주정차,2023-12-24,17:06,산격동 172-5 부근 횡단보도,2024-01-02,2024-06-03
불법주정차,2023-12-24,17:06,산격동 172-5 부근 횡단보도,2024-01-02,2024-06-03
불법주정차,2023-12-24,17:07,산격동 172-5 부근 횡단보도,2024-01-02,2024-06-03
불법주정차,2023-12-24,17:10,팔달동 4-20 부근 인도,2024-01-02,2024-06-03
불법주정차,2023-12-24,17:16,관음동 1323-8 부근 횡단보도,2024-01-02,2024-06-03
불법주정차,2023-12-24,17:35,대현동 393-10 부근 인도,2024-01-02,2024-06-03
불법주정차,2023-12-24,17:35,대현동 393-10 부근 모퉁이,2024-01-02,2024-06-03
불법주정차,2023-12-24,17:39,대현동 393-10 부근 인도,2024-01-02,2024-06-03
불법주정차,2023-12-24,17:57,산격동 1670 부근 인도,2024-03-13,2024-06-03
불법주정차,2023-12-24,18:02,동천동 951-1 부근 인도,2024-01-02,2024-06-03
불법주정차,2023-12-24,18:21,산격동 1574 부근 버스정류소,2024-01-02,2024-06-03
불법주정차,2023-12-24,18:25,산격동 1580 부근 버스정류소,2024-01-02,2024-06-03
불법주정차,2023-12-24,18:46,대현동 274-65 부근 인도,2024-01-02,2024-06-03
불법주정차,2023-12-24,19:21,산격동 1576 부근 인도,2024-01-02,2024-06-03
불법주정차,2023-12-24,19:39,읍내동 309 부근 인도,2024-01-02,2024-06-03
불법주정차,2023-12-24,19:44,사수동 831 부근 모퉁이,2024-01-02,2024-06-03
불법주정차,2023-12-24,19:47,읍내동 1351-2 부근 버스정류소,2024-01-02,2024-06-03
불법주정차,2023-12-24,19:50,사수동 825 부근 모퉁이,2024-01-02,2024-06-03
불법주정차,2023-12-24,19:57,복현동 318 부근 모퉁이,2024-01-02,2024-06-03
불법주정차,2023-12-24,21:25,사수동 964 부근 횡단보도,2024-01-02,2024-06-03
불법주정차,2023-12-24,21:30,사수동 963 부근 횡단보도,2024-01-02,2024-06-03
불법주정차,2023-12-25,00:09,산격동 1000-4 부근 횡단보도,2024-01-02,2024-06-03
불법주정차,2023-12-25,08:12,침산동 456-7 부근 인도,2024-01-02,2024-06-03
불법주정차,2023-12-25,08:41,검단동 1128-3 부근 횡단보도,2024-03-13,2024-06-03
불법주정차,2023-12-25,08:43,검단동 1128-3 부근 횡단보도,2024-01-02,2024-06-03
불법주정차,2023-12-25,09:16,검단동 572-1 부근 인도,2024-01-02,2024-06-03
불법주정차,2023-12-25,09:18,검단동 573 부근 인도,2024-01-02,2024-06-03
불법주정차,2023-12-25,10:03,대구일중학교 정문 앞,2023-12-26,2024-06-03
불법주정차,2023-12-25,10:06,칠성초등학교 진입로,2023-12-26,2024-06-03
불법주정차,2023-12-25,10:13,노원한신더휴 남문,2023-12-26,2024-06-03
불법주정차,2023-12-25,10:14,태전동 254-3 부근 모퉁이,2024-01-02,2024-06-03
불법주정차,2023-12-25,10:16,새동산산부인과,2023-12-26,2024-06-03
불법주정차,2023-12-25,10:21,노원동3가 M병원,2024-05-17,2024-06-03
불법주정차,2023-12-25,10:26,오페라코오롱하늘채 앞,2023-12-26,2024-06-03
불법주정차,2023-12-25,10:26,관음 상가,2023-12-26,2024-06-03
불법주정차,2023-12-25,10:32,동천동회전교차로2,2023-12-26,2024-06-03
불법주정차,2023-12-25,10:38,침산 화성파크드림,2023-12-26,2024-06-03
불법주정차,2023-12-25,10:44,산격동 북대구 농협,2023-12-26,2024-06-03
불법주정차,2023-12-25,10:48,동천동 신한은행,2023-12-26,2024-06-03
불법주정차,2023-12-25,10:55,칠성시장 화재(소방),2023-12-26,2024-06-03
불법주정차,2023-12-25,11:09,대학로 파리바게트 부근,2023-12-26,2024-06-03
불법주정차,2023-12-25,11:16,태전동 1030 부근 모퉁이,2024-01-02,2024-06-03
불법주정차,2023-12-25,11:16,태전동 1030 부근 모퉁이,2024-01-02,2024-06-03
불법주정차,2023-12-25,11:17,태전동 1030 부근 횡단보도,2024-01-02,2024-06-03
불법주정차,2023-12-25,11:18,태전동 1068 부근 횡단보도,2024-01-02,2024-06-03
불법주정차,2023-12-25,11:20,태전동 962 부근 횡단보도,2024-01-02,2024-06-03
불법주정차,2023-12-25,11:23,금호동 803 부근 모퉁이,2024-01-03,2024-06-03
불법주정차,2023-12-25,11:27,태전동 256-12 부근 인도,2024-01-02,2024-06-03
불법주정차,2023-12-25,11:28,무지개공영주차장 부근,2023-12-26,2024-06-03
불법주정차,2023-12-25,11:30,산격동 1071-2 부근 모퉁이,2024-03-13,2024-06-03
불법주정차,2023-12-25,11:31,태전동 993-1 부근 횡단보도,2024-01-02,2024-06-03
불법주정차,2023-12-25,11:42,금호동 816 부근 횡단보도,2024-01-03,2024-06-03
불법주정차,2023-12-25,12:05,무지개공영주차장 부근,2023-12-26,2024-06-03
불법주정차,2023-12-25,12:14,대학로 파리바게트 부근,2023-12-26,2024-06-03
불법주정차,2023-12-25,12:25,무지개공영주차장 부근,2023-12-26,2024-06-03
불법주정차,2023-12-25,12:45,태전동 244-4 부근 인도,2024-01-02,2024-06-03
불법주정차,2023-12-25,12:46,태전동 244-4 부근 인도,2024-01-02,2024-06-03
불법주정차,2023-12-25,12:52,태전동 246-10 부근 인도,2024-01-18,2024-06-03
불법주정차,2023-12-25,12:58,무지개공영주차장 부근,2023-12-26,2024-06-03
불법주정차,2023-12-25,13:04,동천동 971-2 부근 횡단보도,2024-01-02,2024-06-03
불법주정차,2023-12-25,13:13,노원동1가 19-21 부근 소화전,2024-01-02,2024-06-03
불법주정차,2023-12-25,13:21,복현동 364-9 부근 인도,2024-01-02,2024-06-03
불법주정차,2023-12-25,13:27,무지개공영주차장 부근,2023-12-26,2024-06-03
불법주정차,2023-12-25,13:35,무지개공영주차장 부근,2023-12-26,2024-06-03
불법주정차,2023-12-25,13:46,대학로 파리바게트 부근,2023-12-26,2024-06-03
불법주정차,2023-12-25,14:12,무지개공영주차장 부근,2023-12-26,2024-06-03
불법주정차,2023-12-25,14:24,대학로 파리바게트 부근,2023-12-26,2024-06-03
불법주정차,2023-12-25,14:30,새동산산부인과,2023-12-26,2024-06-03
불법주정차,2023-12-25,14:31,동천동회전교차로1,2023-12-26,2024-06-03
불법주정차,2023-12-25,14:32,금정공원(보행자우선거리,2023-12-26,2024-06-03
불법주정차,2023-12-25,14:32,동천동회전교차로2,2023-12-26,2024-06-03
불법주정차,2023-12-25,14:32,동천동회전교차로1,2023-12-26,2024-06-03
불법주정차,2023-12-25,14:33,동천동회전교차로2,2023-12-26,2024-06-03
불법주정차,2023-12-25,14:33,칠성동 꽃시장 (아름나라,2023-12-26,2024-06-03
불법주정차,2023-12-25,14:35,오페라 클래시아,2023-12-26,2024-06-03
불법주정차,2023-12-25,14:35,노원한신더휴 남문,2023-12-26,2024-06-03
불법주정차,2023-12-25,14:36,동천동 참약국,2023-12-26,2024-06-03
불법주정차,2023-12-25,14:36,산격동 경대북문,2024-03-13,2024-06-03
불법주정차,2023-12-25,14:37,대구역 오페라더블유2,2023-12-26,2024-06-03
불법주정차,2023-12-25,14:37,무지개공영주차장 부근,2023-12-26,2024-06-03
불법주정차,2023-12-25,14:37,대구은행 학정로 지점,2023-12-26,2024-06-03
불법주정차,2023-12-25,14:37,동천동회전교차로1,2023-12-26,2024-06-03
불법주정차,2023-12-25,14:37,관음초등학교,2023-12-26,2024-06-03
불법주정차,2023-12-25,14:37,운암지,2023-12-26,2024-06-03
불법주정차,2023-12-25,14:39,대학로 파리바게트 부근,2023-12-26,2024-06-03
불법주정차,2023-12-25,14:39,새동산산부인과,2023-12-26,2024-06-03
불법주정차,2023-12-25,14:39,복현동 시티병원,2023-12-26,2024-06-03
불법주정차,2023-12-25,14:39,침산 화성파크드림,2023-12-26,2024-06-03
불법주정차,2023-12-25,14:39,동아아울렛 뒷편,2023-12-26,2024-06-03
불법주정차,2023-12-25,14:39,대구병원네거리,2023-12-26,2024-06-03
불법주정차,2023-12-25,14:40,칠성초등학교,2023-12-26,2024-06-03
불법주정차,2023-12-25,14:40,동천동회전교차로2,2023-12-26,2024-06-03
불법주정차,2023-12-25,14:41,칠곡초등학교,2023-12-26,2024-06-03
불법주정차,2023-12-25,14:45,동평초등학교네거리,2023-12-26,2024-06-03
불법주정차,2023-12-25,14:45,칠성시장교통섬,2023-12-26,2024-06-03
불법주정차,2023-12-25,14:46,NC아울렛 앞 사거리,2023-12-26,2024-06-03
불법주정차,2023-12-25,14:46,금정공원(보행자우선거리,2023-12-26,2024-06-03
불법주정차,2023-12-25,14:46,동아아울렛 뒷편,2023-12-26,2024-06-03
불법주정차,2023-12-25,14:48,삼영초등학교,2023-12-26,2024-06-03
불법주정차,2023-12-25,14:48,노원동주민센터 사거리,2024-03-13,2024-06-03
불법주정차,2023-12-25,14:49,칠성동 꽃시장 (아름나라,2023-12-26,2024-06-03
불법주정차,2023-12-25,14:49,칠성동 꽃시장 (아름나라,2023-12-26,2024-06-03
불법주정차,2023-12-25,14:50,산격동 경대북문,2023-12-26,2024-06-03
불법주정차,2023-12-25,14:50,무지개공영주차장 부근,2023-12-26,2024-06-03
불법주정차,2023-12-25,14:52,농협연경지점 삼거리,2023-12-26,2024-06-03
불법주정차,2023-12-25,14:52,침산 화성파크드림,2023-12-26,2024-06-03
불법주정차,2023-12-25,14:55,오페라코오롱하늘채 앞,2023-12-26,2024-06-03
불법주정차,2023-12-25,14:56,운암고등학교,2023-12-26,2024-06-03
불법주정차,2023-12-25,14:59,영남네오빌아트 후문,2023-12-26,2024-06-03
불법주정차,2023-12-25,15:00,대학로15길,2023-12-26,2024-06-03
불법주정차,2023-12-25,15:01,매천화성파크드림정문,2023-12-26,2024-06-03
불법주정차,2023-12-25,15:01,침산 화성파크드림,2023-12-26,2024-06-03
불법주정차,2023-12-25,15:01,서변공영주차장 사거리,2023-12-26,2024-06-03
불법주정차,2023-12-25,15:04,노원한신더휴 동문,2023-12-26,2024-06-03
불법주정차,2023-12-25,15:06,동천동회전교차로1,2023-12-26,2024-06-03
불법주정차,2023-12-25,15:08,운암지,2023-12-26,2024-06-03
불법주정차,2023-12-25,15:09,오페라트루엘시민의숲,2023-12-26,2024-06-03
불법주정차,2023-12-25,15:09,운암초등학교,2023-12-26,2024-06-03
불법주정차,2023-12-25,15:09,칠곡농협 관음지점,2023-12-26,2024-06-03
불법주정차,2023-12-25,15:11,동천동회전교차로1,2023-12-26,2024-06-03
불법주정차,2023-12-25,15:12,칠성시장교통섬,2023-12-26,2024-06-03
불법주정차,2023-12-25,15:13,태전초등학교,2023-12-26,2024-06-03
불법주정차,2023-12-25,15:14,경진초등학교,2023-12-26,2024-06-03
불법주정차,2023-12-25,15:15,동천동회전교차로1,2023-12-26,2024-06-03
불법주정차,2023-12-25,15:23,오페라코오롱하늘채 앞,2023-12-26,2024-06-03
불법주정차,2023-12-25,15:25,동천동회전교차로2,2023-12-26,2024-06-03
불법주정차,2023-12-25,15:25,영남네오빌아트 후문,2023-12-26,2024-06-03
불법주정차,2023-12-25,15:26,무지개공영주차장 부근,2023-12-26,2024-06-03
불법주정차,2023-12-25,15:28,금호서한이다음정문,2023-12-26,2024-06-03
불법주정차,2023-12-25,15:28,NC아울렛 앞 사거리,2023-12-26,2024-06-03
불법주정차,2023-12-25,15:28,동천동 참약국,2023-12-26,2024-06-03
불법주정차,2023-12-25,15:30,구암동 농협중앙회,2023-12-26,2024-06-03
불법주정차,2023-12-25,15:31,운암지,2023-12-26,2024-06-03
불법주정차,2023-12-25,15:32,운암지,2023-12-26,2024-06-03
불법주정차,2023-12-25,15:32,금정공원(보행자우선거리,2023-12-26,2024-06-03
불법주정차,2023-12-25,15:34,새동산산부인과,2023-12-26,2024-06-03
불법주정차,2023-12-25,15:35,대구은행 학정로 지점,2023-12-26,2024-06-03
불법주정차,2023-12-25,15:36,센트럴파크대현 정문,2023-12-26,2024-06-03
불법주정차,2023-12-25,15:37,칠성동 꽃시장 (아름나라,2023-12-26,2024-06-03
불법주정차,2023-12-25,15:39,노원한신더휴 남문,2023-12-26,2024-06-03
불법주정차,2023-12-25,15:39,새동산산부인과,2023-12-26,2024-06-03
불법주정차,2023-12-25,15:40,동아아울렛 뒷편,2023-12-26,2024-06-03
불법주정차,2023-12-25,15:43,오페라트루엘시민의숲,2023-12-26,2024-06-03
불법주정차,2023-12-25,15:45,대구일중학교 정문 앞,2023-12-26,2024-06-03
불법주정차,2023-12-25,15:45,동천동 참약국,2023-12-26,2024-06-03
불법주정차,2023-12-25,15:48,영남네오빌아트 후문,2023-12-26,2024-06-03
불법주정차,2023-12-25,15:48,금호서한이다음정문,2023-12-26,2024-06-03
불법주정차,2023-12-25,15:48,태전동 중앙시장,2023-12-26,2024-06-03
불법주정차,2023-12-25,15:48,팔달동 대구수산시장,2023-12-26,2024-06-03
불법주정차,2023-12-25,15:50,오페라 클래시아,2023-12-26,2024-06-03
불법주정차,2023-12-25,15:52,노원한신더휴 남문,2023-12-26,2024-06-03
불법주정차,2023-12-25,15:52,운암초등학교,2023-12-26,2024-06-03
불법주정차,2023-12-25,15:56,칠성동 꽃시장 (아름나라,2023-12-26,2024-06-03
불법주정차,2023-12-25,15:57,농협침산지점앞,2023-12-26,2024-06-03
불법주정차,2023-12-25,15:57,운암초등학교,2024-05-13,2024-06-03
불법주정차,2023-12-25,16:00,도남초등학교,2023-12-26,2024-06-03
불법주정차,2023-12-25,16:02,대구역 오페라더블유2,2023-12-26,2024-06-03
불법주정차,2023-12-25,16:04,동천동회전교차로1,2023-12-26,2024-06-03
불법주정차,2023-12-25,16:05,산격동 경대북문,2023-12-26,2024-06-03
불법주정차,2023-12-25,16:08,오페라 클래시아,2023-12-26,2024-06-03
불법주정차,2023-12-25,16:09,침산 화성파크드림,2023-12-26,2024-06-03
불법주정차,2023-12-25,16:09,동천동회전교차로2,2023-12-26,2024-06-03
불법주정차,2023-12-25,16:09,사수동 825 부근 모퉁이,2024-01-02,2024-06-03
불법주정차,2023-12-25,16:10,사수동 센스마트,2023-12-26,2024-06-03
불법주정차,2023-12-25,16:12,사수동 826 부근 모퉁이,2024-01-02,2024-06-03
불법주정차,2023-12-25,16:13,칠성동 꽃시장 (아름나라,2023-12-26,2024-06-03
불법주정차,2023-12-25,16:13,운암지,2023-12-26,2024-06-03
불법주정차,2023-12-25,16:13,산격동 경대북문,2023-12-26,2024-06-03
불법주정차,2023-12-25,16:14,KB국민은행침산지점,2023-12-26,2024-06-03
불법주정차,2023-12-25,16:15,동천동회전교차로2,2023-12-26,2024-06-03
불법주정차,2023-12-25,16:15,침산 화성파크드림,2023-12-26,2024-06-03
불법주정차,2023-12-25,16:15,동천동회전교차로1,2023-12-26,2024-06-03
불법주정차,2023-12-25,16:15,학정역 효성해링턴,2023-12-26,2024-06-03
불법주정차,2023-12-25,16:15,관음동 1378-8 부근 횡단보도,2024-01-02,2024-06-03
불법주정차,2023-12-25,16:16,운암지,2023-12-26,2024-06-03
불법주정차,2023-12-25,16:16,사수동 827 부근 모퉁이,2024-01-02,2024-06-03
불법주정차,2023-12-25,16:19,새동산산부인과,2023-12-26,2024-06-03
불법주정차,2023-12-25,16:20,새동산산부인과,2023-12-26,2024-06-03
불법주정차,2023-12-25,16:20,장보고식자재마트 사거리,2023-12-26,2024-06-03
불법주정차,2023-12-25,16:21,산격동 경대북문,2023-12-26,2024-06-03
불법주정차,2023-12-25,16:22,학남초등학교 앞 사거리,2023-12-26,2024-06-03
불법주정차,2023-12-25,16:24,무지개공영주차장 부근,2023-12-26,2024-06-03
불법주정차,2023-12-25,16:24,관음동 1400-2 부근 인도,2024-01-02,2024-06-03
불법주정차,2023-12-25,16:25,칠곡시외버스하차장,2023-12-26,2024-06-03
불법주정차,2023-12-25,16:25,동호동 191-1 부근 횡단보도,2024-01-02,2024-06-03
불법주정차,2023-12-25,16:26,대구병원네거리,2023-12-26,2024-06-03
불법주정차,2023-12-25,16:27,영남네오빌아트 후문,2023-12-26,2024-06-03
불법주정차,2023-12-25,16:27,대학로 파리바게트 부근,2023-12-26,2024-06-03
불법주정차,2023-12-25,16:28,오페라트루엘시민의숲,2023-12-26,2024-06-03
불법주정차,2023-12-25,16:28,관천초등학교,2023-12-26,2024-06-03
불법주정차,2023-12-25,16:32,경대북문 건너편,2023-12-26,2024-06-03
불법주정차,2023-12-25,16:32,경진초등학교,2023-12-26,2024-06-03
불법주정차,2023-12-25,16:32,서변동 1738-10 부근 횡단보도,2024-01-02,2024-06-03
불법주정차,2023-12-25,16:36,동천동 959-1 부근 소화전,2024-01-02,2024-06-03
불법주정차,2023-12-25,16:38,새동산산부인과,2023-12-26,2024-06-03
불법주정차,2023-12-25,16:39,동아아울렛 뒷편,2023-12-26,2024-06-03
불법주정차,2023-12-25,16:40,동천동 890 부근 인도,2024-01-02,2024-06-03
불법주정차,2023-12-25,16:43,노원한신더휴 동문,2023-12-26,2024-06-03
불법주정차,2023-12-25,16:44,칠곡초등학교,2023-12-26,2024-06-03
불법주정차,2023-12-25,16:48,동천동회전교차로1,2023-12-26,2024-06-03
불법주정차,2023-12-25,18:36,서변동 1779-10 부근 인도,2024-01-02,2024-06-03
불법주정차,2023-12-25,19:15,학정동 953 부근 인도,2024-01-02,2024-06-03
불법주정차,2023-12-25,19:38,산격동 1510-1 부근 횡단보도,2024-01-02,2024-06-03
불법주정차,2023-12-25,19:40,산격동 1000-4 부근 횡단보도,2024-01-02,2024-06-03
불법주정차,2023-12-25,19:41,산격동 1424-48 부근 횡단보도,2024-01-02,2024-06-03
불법주정차,2023-12-25,19:43,산격동 1424-48 부근 횡단보도,2024-01-02,2024-06-03
불법주정차,2023-12-25,19:46,산격동 1428-12 부근 모퉁이,2024-01-02,2024-06-03
불법주정차,2023-12-25,20:01,산격동 1437-172 부근 모퉁이,2024-05-13,2024-06-03
불법주정차,2023-12-25,21:09,동천동 902-1 부근 모퉁이,2024-01-02,2024-06-03
불법주정차,2023-12-25,21:11,동천동 904-4 부근 횡단보도,2024-01-02,2024-06-03
불법주정차,2023-12-25,22:28,관음동 207 부근 횡단보도,2024-01-02,2024-06-03
불법주정차,2023-12-26,01:25,태전동 1023-10 부근 모퉁이,2024-01-03,2024-06-03
불법주정차,2023-12-26,01:25,태전동 1023-10 부근 모퉁이,2024-01-03,2024-06-03
불법주정차,2023-12-26,06:54,동천동 932-1 부근 횡단보도,2024-01-02,2024-06-03
불법주정차,2023-12-26,07:03,침산1동회전교차로1,2023-12-27,2024-06-03
불법주정차,2023-12-26,07:04,칠성시장 화재(소방),2023-12-27,2024-06-03
불법주정차,2023-12-26,07:06,태전동 중앙시장,2023-12-27,2024-06-03
불법주정차,2023-12-26,07:06,사수동 센스마트,2023-12-27,2024-06-03
불법주정차,2023-12-26,07:06,경진초등학교,2023-12-27,2024-06-03
불법주정차,2023-12-26,07:08,사수동 센스마트,2023-12-27,2024-06-03
불법주정차,2023-12-26,07:09,장보고식자재마트 사거리,2023-12-27,2024-06-03
불법주정차,2023-12-26,07:09,대구역 오페라더블유2,2023-12-27,2024-06-03
불법주정차,2023-12-26,07:11,대구역 오페라더블유1,2023-12-27,2024-06-03
불법주정차,2023-12-26,07:12,노원한신더휴 동문,2023-12-27,2024-06-03
불법주정차,2023-12-26,07:12,동아아울렛 뒷편,2023-12-27,2024-06-03
불법주정차,2023-12-26,07:14,칠성시장 화재(소방),2023-12-27,2024-06-03
불법주정차,2023-12-26,07:14,동아아울렛 뒷편,2023-12-27,2024-06-03
불법주정차,2023-12-26,07:20,대구일중학교 정문 앞,2023-12-27,2024-06-03
불법주정차,2023-12-26,07:24,노원동3가 M병원,2023-12-27,2024-06-03
불법주정차,2023-12-26,07:27,장보고식자재마트 사거리,2023-12-27,2024-06-03
불법주정차,2023-12-26,07:33,거창식당 앞(칠성시장),2023-12-27,2024-06-03
불법주정차,2023-12-26,07:38,침산동 매일천막 앞,2023-12-27,2024-06-03
불법주정차,2023-12-26,07:40,노원한신더휴 동문,2023-12-27,2024-06-03
불법주정차,2023-12-26,07:54,침산동 233-3 부근 모퉁이,2024-01-02,2024-06-03
불법주정차,2023-12-26,08:01,대구역 오페라더블유2,2023-12-27,2024-06-03
불법주정차,2023-12-26,08:02,진성유치원 삼거리,2023-12-27,2024-06-03
불법주정차,2023-12-26,08:04,오페라 클래시아,2023-12-27,2024-06-03
불법주정차,2023-12-26,08:08,오페라 클래시아,2023-12-27,2024-06-03
불법주정차,2023-12-26,08:08,서변동 1742 부근 횡단보도,2024-01-03,2024-06-03
불법주정차,2023-12-26,08:10,오페라 클래시아,2023-12-27,2024-06-03
불법주정차,2023-12-26,08:10,경진초등학교,2023-12-27,2024-06-03
불법주정차,2023-12-26,08:11,태전동 산 34-4 부근,2024-01-03,2024-06-03
불법주정차,2023-12-26,08:12,오페라 클래시아,2023-12-27,2024-06-03
불법주정차,2023-12-26,08:22,대구역 오페라더블유2,2023-12-27,2024-06-03
불법주정차,2023-12-26,08:22,동천동회전교차로1,2023-12-27,2024-06-03
불법주정차,2023-12-26,08:29,노원한신더휴 동문,2023-12-27,2024-06-03
불법주정차,2023-12-26,08:31,칠성시장 화재(소방),2023-12-27,2024-06-03
불법주정차,2023-12-26,08:43,오페라 클래시아,2023-12-27,2024-06-03
불법주정차,2023-12-26,08:45,구암동 농협중앙회,2023-12-27,2024-06-03
불법주정차,2023-12-26,08:57,노원동1가 509 부근 소화전,2024-01-02,2024-06-03
불법주정차,2023-12-26,08:59,노원동1가 509 부근 소화전,2024-01-02,2024-06-03
불법주정차,2023-12-26,09:06,산격동 1584 부근 인도,2024-01-02,2024-06-03
불법주정차,2023-12-26,09:09,진성유치원 삼거리,2023-12-27,2024-06-03
불법주정차,2023-12-26,09:11,칠성시장교통섬,2024-03-13,2024-06-03
불법주정차,2023-12-26,09:17,서변공영주차장 사거리,2024-03-13,2024-06-03
불법주정차,2023-12-26,09:18,거창식당 앞(칠성시장),2023-12-27,2024-06-03
불법주정차,2023-12-26,09:18,금호동 798 부근 횡단보도,2024-01-02,2024-06-03
불법주정차,2023-12-26,09:19,고성동2가 130-19 부근 횡단보도,2024-01-03,2024-06-03
불법주정차,2023-12-26,09:21,금호동 806 부근 횡단보도,2024-01-02,2024-06-03
불법주정차,2023-12-26,09:21,산격동 167 부근 인도,2024-01-03,2024-06-03
불법주정차,2023-12-26,09:24,오페라트루엘시민의숲,2023-12-27,2024-06-03
불법주정차,2023-12-26,09:28,침산1동회전교차로1,2023-12-27,2024-06-03
불법주정차,2023-12-26,09:28,운암고등학교,2023-12-27,2024-06-03
불법주정차,2023-12-26,09:34,매천시장 3문,2023-12-27,2024-06-03
불법주정차,2023-12-26,09:50,태전동 중앙시장,2023-12-27,2024-06-03
불법주정차,2023-12-26,09:52,태전동 M&M빌딩,2023-12-27,2024-06-03
불법주정차,2023-12-26,09:57,서변공영주차장 사거리,2023-12-27,2024-06-03
불법주정차,2023-12-26,09:59,노원한신더휴 동문,2023-12-27,2024-06-03
불법주정차,2023-12-26,10:26,동천동회전교차로1,2023-12-27,2024-06-03
불법주정차,2023-12-26,10:34,동평초등학교네거리,2023-12-27,2024-06-03
불법주정차,2023-12-26,10:36,산격동 대동로1길 부근,2023-12-27,2024-06-03
불법주정차,2023-12-26,10:36,산격동 대동로1길 부근,2023-12-27,2024-06-03
불법주정차,2023-12-26,10:37,관남초등학교,2023-12-27,2024-06-03
불법주정차,2023-12-26,10:37,산격동 대동로1길 부근,2023-12-27,2024-06-03
불법주정차,2023-12-26,10:46,오페라코오롱하늘채 앞,2023-12-27,2024-06-03
불법주정차,2023-12-26,10:47,산격동 1426 부근 모퉁이,2024-01-02,2024-06-03
불법주정차,2023-12-26,10:50,산격동 1804 부근 횡단보도,2024-01-02,2024-06-03
불법주정차,2023-12-26,10:52,읍내동 943-4 부근 모퉁이,2024-01-02,2024-06-03
불법주정차,2023-12-26,10:54,산격동 1424-6 부근 인도,2024-01-02,2024-06-03
불법주정차,2023-12-26,10:56,산격동 14-45 부근,2023-12-27,2024-06-03
불법주정차,2023-12-26,11:06,고성동1가 113-20 부근,2023-12-27,2024-06-03
불법주정차,2023-12-26,11:06,고성동1가 113-20 부근,2023-12-27,2024-06-03
불법주정차,2023-12-26,11:06,고성동1가 113-20 부근,2023-12-27,2024-06-03
불법주정차,2023-12-26,11:06,고성동1가 113-20 부근,2023-12-27,2024-06-03
불법주정차,2023-12-26,11:06,고성동1가 113-20 부근,2023-12-27,2024-06-03
불법주정차,2023-12-26,11:06,고성동1가 113-20 부근,2023-12-27,2024-06-03
불법주정차,2023-12-26,11:06,고성동1가 113-20 부근,2023-12-27,2024-06-03
불법주정차,2023-12-26,11:06,고성동1가 158-3 부근,2023-12-27,2024-06-03
불법주정차,2023-12-26,11:06,고성동1가 158-3 부근,2023-12-27,2024-06-03
불법주정차,2023-12-26,11:06,고성동1가 158-3 부근,2023-12-27,2024-06-03
불법주정차,2023-12-26,11:06,고성동1가 158-3 부근,2023-12-27,2024-06-03
불법주정차,2023-12-26,11:08,고성동1가 칠성남로 부근,2023-12-27,2024-06-03
불법주정차,2023-12-26,11:08,고성동1가 104-21 부근,2023-12-27,2024-06-03
불법주정차,2023-12-26,11:08,고성동1가 104-21 부근,2023-12-27,2024-06-03
불법주정차,2023-12-26,11:08,고성동1가 104-21 부근,2023-12-27,2024-06-03
불법주정차,2023-12-26,11:08,고성동1가 104-21 부근,2023-12-27,2024-06-03
불법주정차,2023-12-26,11:08,고성동1가 104-21 부근,2023-12-27,2024-06-03
불법주정차,2023-12-26,11:08,고성동1가 104-21 부근,2023-12-27,2024-06-03
불법주정차,2023-12-26,11:08,고성동1가 104-21 부근,2023-12-27,2024-06-03
불법주정차,2023-12-26,11:13,서변동 1751-8 부근,2024-01-03,2024-06-03
불법주정차,2023-12-26,11:14,노원동2가 219 부근 횡단보도,2024-01-02,2024-06-03
불법주정차,2023-12-26,11:17,팔달동 286-12 부근,2023-12-27,2024-06-03
불법주정차,2023-12-26,11:17,금호동 산 103-1 부근,2023-12-27,2024-06-03
불법주정차,2023-12-26,11:18,태전동 940-6 부근 인도,2024-01-02,2024-06-03
불법주정차,2023-12-26,11:34,구암동 767-2 부근 인도,2024-01-02,2024-06-03
불법주정차,2023-12-26,11:37,검단동 887-5 부근 횡단보도,2024-01-03,2024-06-03
불법주정차,2023-12-26,12:11,산격동 1325-1 부근,2024-01-02,2024-06-03
불법주정차,2023-12-26,12:47,침산동 1761 부근 횡단보도,2024-01-02,2024-06-03
불법주정차,2023-12-26,12:53,노곡동 281-4 부근 모퉁이,2024-01-03,2024-06-03
불법주정차,2023-12-26,12:59,태전동 1126 부근 인도,2024-01-02,2024-06-03
불법주정차,2023-12-26,13:04,대학로23길,2023-12-27,2024-06-03
불법주정차,2023-12-26,13:21,구암동 786-3 부근 버스정류소,2024-01-02,2024-06-03
불법주정차,2023-12-26,13:27,산격동 167 부근 횡단보도,2024-01-03,2024-06-03
불법주정차,2023-12-26,14:04,대학로 파리바게트 부근,2023-12-27,2024-06-03
불법주정차,2023-12-26,14:09,무지개공영주차장 부근,2023-12-27,2024-06-03
불법주정차,2023-12-26,14:10,산격동 1428-12 부근 모퉁이,2024-01-03,2024-06-03
불법주정차,2023-12-26,14:34,동천동 892-3 부근 횡단보도,2024-01-02,2024-06-03
불법주정차,2023-12-26,14:36,오페라 클래시아,2023-12-27,2024-06-03
불법주정차,2023-12-26,14:36,대구역 오페라더블유2,2023-12-27,2024-06-03
불법주정차,2023-12-26,14:39,새동산산부인과,2023-12-27,2024-06-03
불법주정차,2023-12-26,14:43,동대구시장,2023-12-27,2024-06-03
불법주정차,2023-12-26,14:46,학정동 927-17 부근 소화전,2024-01-02,2024-06-03
불법주정차,2023-12-26,14:51,노원한신더휴 동문,2023-12-27,2024-06-03
불법주정차,2023-12-26,14:52,오페라 클래시아,2023-12-27,2024-06-03
불법주정차,2023-12-26,14:52,대구역 오페라더블유2,2023-12-27,2024-06-03
불법주정차,2023-12-26,14:56,사수동 센스마트,2023-12-27,2024-06-03
불법주정차,2023-12-26,14:56,관음동 1323-8 부근 횡단보도,2024-01-02,2024-06-03
불법주정차,2023-12-26,15:00,동천동회전교차로1,2023-12-27,2024-06-03
불법주정차,2023-12-26,15:04,대학로15길,2023-12-27,2024-06-03
불법주정차,2023-12-26,15:09,무지개공영주차장 부근,2023-12-27,2024-06-03
불법주정차,2023-12-26,15:09,구암동 767-2 부근 횡단보도,2024-01-02,2024-06-03
불법주정차,2023-12-26,15:11,복현e편한세상 정문,2023-12-27,2024-06-03
불법주정차,2023-12-26,15:11,새동산산부인과,2023-12-27,2024-06-03
불법주정차,2023-12-26,15:11,구암동 768 부근 횡단보도,2024-01-02,2024-06-03
불법주정차,2023-12-26,15:13,새동산산부인과,2023-12-27,2024-06-03
불법주정차,2023-12-26,15:13,구암동 768 부근 소화전,2024-01-02,2024-06-03
불법주정차,2023-12-26,15:22,동천동 955-3 부근 횡단보도,2024-01-02,2024-06-03
불법주정차,2023-12-26,15:23,사수동 센스마트,2023-12-27,2024-06-03
불법주정차,2023-12-26,15:24,노원한신더휴 동문,2023-12-27,2024-06-03
불법주정차,2023-12-26,15:30,칠성시장교통섬,2023-12-27,2024-06-03
불법주정차,2023-12-26,15:30,오페라코오롱하늘채 앞,2023-12-27,2024-06-03
불법주정차,2023-12-26,15:32,서변동 1779-11 부근 횡단보도,2024-01-02,2024-06-03
불법주정차,2023-12-26,15:34,관남초등학교,2023-12-27,2024-06-03
불법주정차,2023-12-26,15:38,거창식당 앞(칠성시장),2023-12-27,2024-06-03
불법주정차,2023-12-26,15:43,대구일중학교 정문 앞,2023-12-27,2024-06-03
불법주정차,2023-12-26,15:44,태전동 1186 부근 횡단보도,2024-01-02,2024-06-03
불법주정차,2023-12-26,15:45,노원한신더휴 동문,2023-12-27,2024-06-03
불법주정차,2023-12-26,15:47,대구은행 학정로 지점,2023-12-27,2024-06-03
불법주정차,2023-12-26,15:48,태전동 962 부근 횡단보도,2024-01-02,2024-06-03
불법주정차,2023-12-26,15:51,새동산산부인과,2023-12-27,2024-06-03
불법주정차,2023-12-26,15:54,구암동 771-1 부근 인도,2024-01-02,2024-06-03
불법주정차,2023-12-26,15:55,침산1동회전교차로2,2023-12-27,2024-06-03
불법주정차,2023-12-26,15:58,진성유치원 삼거리,2023-12-27,2024-06-03
불법주정차,2023-12-26,15:59,노원한신더휴 동문,2023-12-27,2024-06-03
불법주정차,2023-12-26,16:02,태전동 M&M빌딩,2023-12-27,2024-06-03
불법주정차,2023-12-26,16:05,무지개공영주차장 부근,2023-12-27,2024-06-03
불법주정차,2023-12-26,16:08,대학로 파리바게트 부근,2023-12-27,2024-06-03
불법주정차,2023-12-26,16:12,장보고식자재마트 사거리,2023-12-27,2024-06-03
불법주정차,2023-12-26,16:14,오페라 클래시아,2023-12-27,2024-06-03
불법주정차,2023-12-26,16:14,태전동 중앙시장,2023-12-27,2024-06-03
불법주정차,2023-12-26,16:15,칠곡초등학교 진입로,2023-12-27,2024-06-03
불법주정차,2023-12-26,16:16,남다른 감자탕,2024-03-13,2024-06-03
불법주정차,2023-12-26,16:26,복현동 376-20 부근 인도,2024-01-02,2024-06-03
불법주정차,2023-12-26,16:29,장보고식자재마트 사거리,2023-12-27,2024-06-03
불법주정차,2023-12-26,16:29,진성유치원 삼거리,2023-12-27,2024-06-03
불법주정차,2023-12-26,16:32,읍내동 491 부근 횡단보도,2024-01-02,2024-06-03
불법주정차,2023-12-26,16:38,서변공영주차장 사거리,2023-12-27,2024-06-03
불법주정차,2023-12-26,16:40,노원한신더휴 남문,2023-12-27,2024-06-03
불법주정차,2023-12-26,16:40,영남네오빌아트 후문,2023-12-27,2024-06-03
불법주정차,2023-12-26,16:41,산격동 1422-24 부근 횡단보도,2024-01-03,2024-06-03
불법주정차,2023-12-26,16:43,서변동 1756-7 부근 소화전,2024-01-02,2024-06-03
불법주정차,2023-12-26,16:46,대구보건대,2023-12-27,2024-06-03
불법주정차,2023-12-26,16:47,태전동 1074-26 부근 횡단보도,2024-01-02,2024-06-03
불법주정차,2023-12-26,16:51,운암초등학교,2023-12-27,2024-06-03
불법주정차,2023-12-26,16:52,동천동회전교차로1,2023-12-27,2024-06-03
불법주정차,2023-12-26,16:55,경대북문 건너편,2023-12-27,2024-06-03
불법주정차,2023-12-26,16:57,대구역 오페라더블유2,2023-12-27,2024-06-03
불법주정차,2023-12-26,16:58,노원한신더휴 동문,2023-12-27,2024-06-03
불법주정차,2023-12-26,16:58,동천동 908-3 부근 인도,2024-01-02,2024-06-03
불법주정차,2023-12-26,16:59,장보고식자재마트 사거리,2023-12-27,2024-06-03
불법주정차,2023-12-26,17:00,오페라코오롱하늘채 앞,2023-12-27,2024-06-03
불법주정차,2023-12-26,17:05,침산 화성파크드림,2023-12-27,2024-06-03
불법주정차,2023-12-26,17:11,태전동 1059-14 부근,2024-01-02,2024-06-03
불법주정차,2023-12-26,17:12,대구역 오페라더블유1,2023-12-27,2024-06-03
불법주정차,2023-12-26,17:14,노원한신더휴 동문,2023-12-27,2024-06-03
불법주정차,2023-12-26,17:15,동천동 955-1 부근 인도,2024-01-02,2024-06-03
불법주정차,2023-12-26,17:16,칠성동 삼성아파트 앞,2023-12-27,2024-06-03
불법주정차,2023-12-26,17:57,노원동1가 265-9 부근 인도,2024-01-02,2024-06-03
불법주정차,2023-12-26,18:08,침산동 507-22 부근 모퉁이,2024-01-02,2024-06-03
불법주정차,2023-12-26,18:09,침산동 508-3 부근 모퉁이,2024-01-02,2024-06-03
불법주정차,2023-12-26,18:35,칠성동2가 73-2 부근 인도,2024-01-03,2024-06-03
불법주정차,2023-12-26,18:47,구암동 788-2 부근 버스정류소,2024-01-03,2024-06-03
불법주정차,2023-12-26,18:48,구암동 650 부근 인도,2024-01-03,2024-06-03
불법주정차,2023-12-26,19:12,산격동 1424-48 부근 모퉁이,2024-01-03,2024-06-03
불법주정차,2023-12-26,19:15,산격동 1428-12 부근 모퉁이,2024-01-03,2024-06-03
불법주정차,2023-12-26,19:18,읍내동 1332 부근 횡단보도,2024-01-03,2024-06-03
불법주정차,2023-12-26,19:36,산격동 1235-23 부근 인도,2024-01-02,2024-06-03
불법주정차,2023-12-26,19:36,태전동 1035-6 부근 횡단보도,2024-01-03,2024-06-03
불법주정차,2023-12-26,19:44,동천동 904-1 부근 횡단보도,2024-01-03,2024-06-03
불법주정차,2023-12-26,19:54,산격동 1604 부근 인도,2024-01-02,2024-06-03
불법주정차,2023-12-26,20:03,사수동 831 부근 모퉁이,2024-01-03,2024-06-03
불법주정차,2023-12-26,20:06,사수동 964 부근 횡단보도,2024-01-03,2024-06-03
불법주정차,2023-12-26,20:10,사수동 962 부근 횡단보도,2024-01-03,2024-06-03
불법주정차,2023-12-26,20:13,사수동 944 부근 모퉁이,2024-01-03,2024-06-03
불법주정차,2023-12-26,20:48,고성동3가 145 부근 횡단보도,2024-03-13,2024-06-03
불법주정차,2023-12-26,21:30,사수동 829 부근 소화전,2024-01-03,2024-06-03
불법주정차,2023-12-26,22:05,산격동 1498-54 부근 모퉁이,2024-01-02,2024-06-03
불법주정차,2023-12-26,22:06,동천동 912-1 부근 횡단보도,2024-01-03,2024-06-03
불법주정차,2023-12-26,22:38,관음동 1335-10 부근 횡단보도,2024-01-03,2024-06-03
불법주정차,2023-12-26,23:37,복현동 376-3 부근 횡단보도,2024-01-03,2024-06-03
불법주정차,2023-12-26,23:37,복현동 368-1 부근 모퉁이,2024-01-03,2024-06-03
불법주정차,2023-12-27,00:09,동천동 899-3 부근 횡단보도,2024-01-02,2024-06-03
불법주정차,2023-12-27,00:35,태전동 1023-10 부근 모퉁이,2024-01-02,2024-06-03
불법주정차,2023-12-27,00:36,태전동 1023-10 부근 모퉁이,2024-01-02,2024-06-03
불법주정차,2023-12-27,01:21,동천동 891 부근 소화전,2024-01-02,2024-06-03
불법주정차,2023-12-27,02:29,학정동 949-5 부근 모퉁이,2024-01-02,2024-06-03
불법주정차,2023-12-27,02:31,학정동 948-11 부근 횡단보도,2024-01-02,2024-06-03
불법주정차,2023-12-27,02:33,학정동 935-5 부근 횡단보도,2024-01-02,2024-06-03
불법주정차,2023-12-27,07:01,경대정문,2023-12-28,2024-06-03
불법주정차,2023-12-27,07:01,노원한신더휴 동문,2023-12-28,2024-06-03
불법주정차,2023-12-27,07:03,운암초등학교,2023-12-28,2024-06-03
불법주정차,2023-12-27,07:04,노원동3가 M병원,2023-12-28,2024-06-03
불법주정차,2023-12-27,07:05,대구역 오페라더블유2,2024-03-13,2024-06-03
불법주정차,2023-12-27,07:06,대구역 오페라더블유2,2023-12-28,2024-06-03
불법주정차,2023-12-27,07:07,운암고등학교,2023-12-28,2024-06-03
불법주정차,2023-12-27,07:08,대구역 오페라더블유2,2023-12-28,2024-06-03
불법주정차,2023-12-27,07:11,칠곡초등학교 진입로,2023-12-28,2024-06-03
불법주정차,2023-12-27,07:12,칠성동 꽃시장 (아름나라,2023-12-28,2024-06-03
불법주정차,2023-12-27,07:14,운암초등학교,2023-12-28,2024-06-03
불법주정차,2023-12-27,07:22,관천초등학교,2023-12-28,2024-06-03
불법주정차,2023-12-27,07:22,사수동 센스마트,2023-12-28,2024-06-03
불법주정차,2023-12-27,07:23,산격동 316 부근,2024-01-02,2024-06-03
불법주정차,2023-12-27,07:27,칠성동 꽃시장 (아름나라,2023-12-28,2024-06-03
불법주정차,2023-12-27,07:32,칠성동 꽃시장 (아름나라,2023-12-28,2024-06-03
불법주정차,2023-12-27,07:33,칠성시장 화재(소방),2023-12-28,2024-06-03
불법주정차,2023-12-27,07:37,팔달초등학교,2023-12-28,2024-06-03
불법주정차,2023-12-27,08:05,오페라 클래시아,2023-12-28,2024-06-03
불법주정차,2023-12-27,08:05,칠성동 꽃시장 (아름나라,2024-03-13,2024-06-03
불법주정차,2023-12-27,08:06,노원한신더휴 동문,2023-12-28,2024-06-03
불법주정차,2023-12-27,08:06,동변공원 사거리,2023-12-28,2024-06-03
불법주정차,2023-12-27,08:08,동아아울렛 뒷편,2023-12-28,2024-06-03
불법주정차,2023-12-27,08:09,오페라 클래시아,2023-12-28,2024-06-03
불법주정차,2023-12-27,08:09,금호동 806 부근 횡단보도,2024-01-02,2024-06-03
불법주정차,2023-12-27,08:10,금호동 806 부근 횡단보도,2024-01-02,2024-06-03
불법주정차,2023-12-27,08:14,금호동 802 부근 모퉁이,2024-01-02,2024-06-03
불법주정차,2023-12-27,08:21,오페라 클래시아,2023-12-28,2024-06-03
불법주정차,2023-12-27,08:30,노원한신더휴 동문,2023-12-28,2024-06-03
불법주정차,2023-12-27,08:30,산격동 478-25 부근 모퉁이,2024-01-02,2024-06-03
불법주정차,2023-12-27,08:32,산격동 462-20 부근 모퉁이,2024-01-02,2024-06-03
불법주정차,2023-12-27,08:37,산격동 478-22 부근 모퉁이,2024-01-02,2024-06-03
불법주정차,2023-12-27,08:38,매천동 588-4 부근 버스정류소,2024-01-02,2024-06-03
불법주정차,2023-12-27,08:42,국우동 1085-2 부근 모퉁이,2024-01-02,2024-06-03
불법주정차,2023-12-27,09:04,노원한신더휴 남문,2023-12-28,2024-06-03
불법주정차,2023-12-27,09:04,산격동 53-3 부근 인도,2024-01-02,2024-06-03
불법주정차,2023-12-27,09:08,사수동 센스마트,2023-12-28,2024-06-03
불법주정차,2023-12-27,09:20,매천초등학교,2023-12-28,2024-06-03
불법주정차,2023-12-27,09:28,산격동 1428-12 부근 모퉁이,2024-01-02,2024-06-03
불법주정차,2023-12-27,09:30,대구역 오페라더블유2,2023-12-28,2024-06-03
불법주정차,2023-12-27,09:32,산격동 1428-12 부근 모퉁이,2024-01-02,2024-06-03
불법주정차,2023-12-27,09:37,서변공영주차장 사거리,2023-12-28,2024-06-03
불법주정차,2023-12-27,09:38,진성유치원 삼거리,2023-12-28,2024-06-03
불법주정차,2023-12-27,09:39,노원한신더휴 동문,2023-12-28,2024-06-03
불법주정차,2023-12-27,09:40,노원동1가 509 부근 소화전,2024-01-02,2024-06-03
불법주정차,2023-12-27,09:45,칠곡초등학교 진입로,2023-12-28,2024-06-03
불법주정차,2023-12-27,09:46,산격동 1614 부근 횡단보도,2024-01-02,2024-06-03
불법주정차,2023-12-27,09:51,서변공영주차장 사거리,2023-12-28,2024-06-03
불법주정차,2023-12-27,09:55,읍내동 1351 부근 횡단보도,2024-01-02,2024-06-03
불법주정차,2023-12-27,09:58,서변초등학교 후문,2023-12-28,2024-06-03
불법주정차,2023-12-27,10:02,동천동회전교차로1,2023-12-28,2024-06-03
불법주정차,2023-12-27,10:03,서변공영주차장 사거리,2023-12-28,2024-06-03
불법주정차,2023-12-27,10:27,동평초등학교네거리,2023-12-28,2024-06-03
불법주정차,2023-12-27,10:30,구암동 농협중앙회,2023-12-28,2024-06-03
불법주정차,2023-12-27,10:32,새동산산부인과,2023-12-28,2024-06-03
불법주정차,2023-12-27,10:34,새동산산부인과,2023-12-28,2024-06-03
불법주정차,2023-12-27,10:36,노원한신더휴 동문,2023-12-28,2024-06-03
불법주정차,2023-12-27,10:37,새동산산부인과,2023-12-28,2024-06-03
불법주정차,2023-12-27,10:39,대구역 오페라더블유2,2023-12-28,2024-06-03
불법주정차,2023-12-27,10:41,칠성동 꽃시장 (아름나라,2023-12-28,2024-06-03
불법주정차,2023-12-27,10:49,침산동 133-40 부근 모퉁이,2024-01-02,2024-06-03
불법주정차,2023-12-27,11:13,대학로 파리바게트 부근,2023-12-28,2024-06-03
불법주정차,2023-12-27,11:14,태전동 1068 부근 횡단보도,2024-01-02,2024-06-03
불법주정차,2023-12-27,11:16,태전동 959-11 부근 횡단보도,2024-01-02,2024-06-03
불법주정차,2023-12-27,11:47,복현동 376-3 부근 모퉁이,2024-01-03,2024-06-03
불법주정차,2023-12-27,11:48,구암동 태암남로11길 부근,2023-12-28,2024-06-03
불법주정차,2023-12-27,11:48,구암동 태암남로11길 부근,2023-12-28,2024-06-03
불법주정차,2023-12-27,11:49,구암동 태암남로11길 부근,2023-12-28,2024-06-03
불법주정차,2023-12-27,11:49,구암동 태암남로11길 부근,2023-12-28,2024-06-03
불법주정차,2023-12-27,11:49,구암동 태암남로 부근,2023-12-28,2024-06-03
불법주정차,2023-12-27,11:49,구암동 태암남로 부근,2023-12-28,2024-06-03
불법주정차,2023-12-27,11:50,구암동 태암남로 부근,2023-12-28,2024-06-03
불법주정차,2023-12-27,11:50,구암동 태암남로 부근,2023-12-28,2024-06-03
불법주정차,2023-12-27,11:52,태전동 칠곡중앙대로52길 부근,2023-12-28,2024-06-03
불법주정차,2023-12-27,11:53,태전동 태암남로 부근,2023-12-28,2024-06-03
불법주정차,2023-12-27,11:53,태전동 태암남로 부근,2023-12-28,2024-06-03
불법주정차,2023-12-27,11:57,태전동 태암남로 부근,2023-12-28,2024-06-03
불법주정차,2023-12-27,11:59,사수동 827 부근 모퉁이,2024-01-03,2024-06-03
불법주정차,2023-12-27,12:01,태전동 155-37 부근 인도,2024-01-03,2024-06-03
불법주정차,2023-12-27,12:02,사수동 831 부근 횡단보도,2024-01-03,2024-06-03
불법주정차,2023-12-27,12:49,무지개공영주차장 부근,2023-12-28,2024-06-03
불법주정차,2023-12-27,12:52,산격동 1422-24 부근 횡단보도,2024-01-03,2024-06-03
불법주정차,2023-12-27,12:56,대학로13길,2023-12-28,2024-06-03
불법주정차,2023-12-27,13:20,태전동 252-24 부근 인도,2024-01-03,2024-06-03
불법주정차,2023-12-27,13:21,태전동 253-12 부근 모퉁이,2024-01-03,2024-06-03
불법주정차,2023-12-27,14:10,사수동 899 부근 횡단보도,2024-01-03,2024-06-03
불법주정차,2023-12-27,14:21,태전동 344-1 부근 횡단보도,2024-01-03,2024-06-03
불법주정차,2023-12-27,14:24,무지개공영주차장 부근,2023-12-28,2024-06-03
불법주정차,2023-12-27,14:30,새동산산부인과,2023-12-28,2024-06-03
불법주정차,2023-12-27,14:30,태전동 1222 부근 횡단보도,2024-01-03,2024-06-03
불법주정차,2023-12-27,14:31,노원한신더휴 동문,2023-12-28,2024-06-03
불법주정차,2023-12-27,14:32,금정공원(보행자우선거리,2023-12-28,2024-06-03
불법주정차,2023-12-27,14:32,서변공영주차장 사거리,2024-03-13,2024-06-03
불법주정차,2023-12-27,14:33,운암초등학교,2023-12-28,2024-06-03
불법주정차,2023-12-27,14:39,칠성시장교통섬,2023-12-28,2024-06-03
불법주정차,2023-12-27,14:48,관천초등학교,2023-12-28,2024-06-03
불법주정차,2023-12-27,14:49,침산1동회전교차로2,2023-12-28,2024-06-03
불법주정차,2023-12-27,15:00,매천중학교 건너,2023-12-28,2024-06-03
불법주정차,2023-12-27,15:00,대구역 오페라더블유1,2023-12-28,2024-06-03
불법주정차,2023-12-27,15:02,노원한신더휴 동문,2023-12-28,2024-06-03
불법주정차,2023-12-27,15:02,대구병원네거리,2023-12-28,2024-06-03
불법주정차,2023-12-27,15:03,북부초등학교,2023-12-28,2024-06-03
불법주정차,2023-12-27,15:07,태전동 969-20 부근 모퉁이,2024-01-03,2024-06-03
불법주정차,2023-12-27,15:08,노원한신더휴 동문,2023-12-28,2024-06-03
불법주정차,2023-12-27,15:09,거창식당 앞(칠성시장),2023-12-28,2024-06-03
불법주정차,2023-12-27,15:09,장보고식자재마트 사거리,2023-12-28,2024-06-03
불법주정차,2023-12-27,15:09,연경동 923 부근 소화전,2024-01-03,2024-06-03
불법주정차,2023-12-27,15:14,새동산산부인과,2023-12-28,2024-06-03
불법주정차,2023-12-27,15:18,새동산산부인과,2023-12-28,2024-06-03
불법주정차,2023-12-27,15:19,농협침산지점앞,2023-12-28,2024-06-03
불법주정차,2023-12-27,15:22,오페라코오롱하늘채 앞,2023-12-28,2024-06-03
불법주정차,2023-12-27,15:23,침산1동회전교차로1,2023-12-28,2024-06-03
불법주정차,2023-12-27,15:23,북부초등학교,2023-12-28,2024-06-03
불법주정차,2023-12-27,15:25,침산 화인탑펠리스,2023-12-28,2024-06-03
불법주정차,2023-12-27,15:29,칠곡시외버스하차장,2023-12-28,2024-06-03
불법주정차,2023-12-27,15:29,칠성동2가 칠성시장로 부근,2023-12-28,2024-06-03
불법주정차,2023-12-27,15:29,칠성동2가 칠성시장로 부근,2023-12-28,2024-06-03
불법주정차,2023-12-27,15:30,관천초등학교,2023-12-28,2024-06-03
불법주정차,2023-12-27,15:30,칠성동2가 공평로 부근,2023-12-28,2024-06-03
불법주정차,2023-12-27,15:30,칠성동2가 공평로 부근,2023-12-28,2024-06-03
불법주정차,2023-12-27,15:30,칠성동2가 칠성시장로 부근,2023-12-28,2024-06-03
불법주정차,2023-12-27,15:31,칠성동1가 칠성시장로9길 부근,2023-12-28,2024-06-03
불법주정차,2023-12-27,15:31,칠성동1가 칠성시장로9길 부근,2023-12-28,2024-06-03
불법주정차,2023-12-27,15:31,칠성동1가 칠성시장로 부근,2023-12-28,2024-06-03
불법주정차,2023-12-27,15:32,칠성동1가 칠성시장로 부근,2023-12-28,2024-06-03
불법주정차,2023-12-27,15:33,오페라코오롱하늘채 앞,2023-12-28,2024-06-03
불법주정차,2023-12-27,15:33,복현동 364-1 부근 인도,2024-01-03,2024-06-03
불법주정차,2023-12-27,15:34,침산1동회전교차로2,2023-12-28,2024-06-03
불법주정차,2023-12-27,15:35,오페라코오롱하늘채 앞,2023-12-28,2024-06-03
불법주정차,2023-12-27,15:35,칠성동1가 칠성시장로 부근,2023-12-28,2024-06-03
불법주정차,2023-12-27,15:35,구암동 654 부근 횡단보도,2024-01-03,2024-06-03
불법주정차,2023-12-27,15:36,사수동 센스마트,2023-12-28,2024-06-03
불법주정차,2023-12-27,15:36,칠성동2가 칠성시장로 부근,2023-12-28,2024-06-03
불법주정차,2023-12-27,15:37,남다른 감자탕,2023-12-28,2024-06-03
불법주정차,2023-12-27,15:37,칠성동2가 공평로 부근,2023-12-28,2024-06-03
불법주정차,2023-12-27,15:37,칠성동2가 공평로 부근,2023-12-28,2024-06-03
불법주정차,2023-12-27,15:37,칠성동2가 공평로 부근,2023-12-28,2024-06-03
불법주정차,2023-12-27,15:39,동천동 참약국,2024-03-13,2024-06-03
불법주정차,2023-12-27,15:47,대구역 오페라더블유2,2023-12-28,2024-06-03
불법주정차,2023-12-27,15:49,동천동회전교차로1,2023-12-28,2024-06-03
불법주정차,2023-12-27,15:49,북부초등학교,2023-12-28,2024-06-03
불법주정차,2023-12-27,15:49,노원한신더휴 동문,2023-12-28,2024-06-03
불법주정차,2023-12-27,15:49,노원동3가 1022 부근 모퉁이,2024-01-03,2024-06-03
불법주정차,2023-12-27,15:50,동대구시장,2023-12-28,2024-06-03
불법주정차,2023-12-27,15:50,노원한신더휴 동문,2024-03-13,2024-06-03
불법주정차,2023-12-27,15:51,복현동 364-1 부근 인도,2024-01-02,2024-06-03
불법주정차,2023-12-27,15:51,산격동 1428-12 부근 횡단보도,2024-01-03,2024-06-03
불법주정차,2023-12-27,15:55,노원한신더휴 남문,2023-12-28,2024-06-03
불법주정차,2023-12-27,15:56,대구은행 복현지점,2023-12-28,2024-06-03
불법주정차,2023-12-27,15:57,노원동2가 84-1 부근 횡단보도,2024-05-13,2024-06-03
불법주정차,2023-12-27,15:59,오페라코오롱하늘채 앞,2023-12-28,2024-06-03
불법주정차,2023-12-27,16:00,오페라코오롱하늘채 앞,2023-12-28,2024-06-03
불법주정차,2023-12-27,16:02,대산초등학교,2023-12-28,2024-06-03
불법주정차,2023-12-27,16:02,대구역 오페라더블유1,2023-12-28,2024-06-03
불법주정차,2023-12-27,16:05,읍내동 1385 부근 횡단보도,2024-01-03,2024-06-03
불법주정차,2023-12-27,16:06,노원동주민센터 사거리,2023-12-28,2024-06-03
불법주정차,2023-12-27,16:07,침산 화인탑펠리스,2023-12-28,2024-06-03
불법주정차,2023-12-27,16:07,서변공영주차장 사거리,2023-12-28,2024-06-03
불법주정차,2023-12-27,16:18,침산 화인탑펠리스,2023-12-28,2024-06-03
불법주정차,2023-12-27,16:20,서변공영주차장 사거리,2023-12-28,2024-06-03
불법주정차,2023-12-27,16:21,대학로 파리바게트 부근,2023-12-28,2024-06-03
불법주정차,2023-12-27,16:22,새동산산부인과,2023-12-28,2024-06-03
불법주정차,2023-12-27,16:25,대구역 오페라더블유2,2023-12-28,2024-06-03
불법주정차,2023-12-27,16:25,노원한신더휴 남문,2023-12-28,2024-06-03
불법주정차,2023-12-27,16:27,대학로 파리바게트 부근,2023-12-28,2024-06-03
불법주정차,2023-12-27,16:27,진성유치원 삼거리,2023-12-28,2024-06-03
불법주정차,2023-12-27,16:29,칠성동1가 276-110 부근 모퉁이,2024-01-03,2024-06-03
불법주정차,2023-12-27,16:33,대구역 오페라더블유2,2023-12-28,2024-06-03
불법주정차,2023-12-27,16:33,대구보건대,2023-12-28,2024-06-03
불법주정차,2023-12-27,16:34,대학로 파리바게트 부근,2023-12-28,2024-06-03
불법주정차,2023-12-27,16:35,서변공영주차장 사거리,2023-12-28,2024-06-03
불법주정차,2023-12-27,16:38,대구역 오페라더블유2,2023-12-28,2024-06-03
불법주정차,2023-12-27,16:39,무지개공영주차장 부근,2023-12-28,2024-06-03
불법주정차,2023-12-27,16:39,산격동 840-3 부근 횡단보도,2024-01-03,2024-06-03
불법주정차,2023-12-27,16:45,동천동회전교차로1,2023-12-28,2024-06-03
불법주정차,2023-12-27,16:55,노원한신더휴 동문,2023-12-28,2024-06-03
불법주정차,2023-12-27,16:57,노원한신더휴 동문,2023-12-28,2024-06-03
불법주정차,2023-12-27,16:58,침산 화인탑펠리스,2023-12-28,2024-06-03
불법주정차,2023-12-27,16:58,새동산산부인과,2023-12-28,2024-06-03
불법주정차,2023-12-27,16:59,대구역 오페라더블유2,2024-01-29,2024-06-03
불법주정차,2023-12-27,17:00,산격동 1428-12 부근 모퉁이,2024-01-03,2024-06-03
불법주정차,2023-12-27,17:02,침산 화성파크드림,2023-12-28,2024-06-03
불법주정차,2023-12-27,17:03,운암초등학교,2023-12-28,2024-06-03
불법주정차,2023-12-27,17:04,동천동 951-2 부근 버스정류소,2024-01-03,2024-06-03
불법주정차,2023-12-27,17:07,동천동 참약국,2023-12-28,2024-06-03
불법주정차,2023-12-27,17:08,금호서한이다음정문,2023-12-28,2024-06-03
불법주정차,2023-12-27,17:08,북부초등학교,2023-12-28,2024-06-03
불법주정차,2023-12-27,17:13,칠곡초등학교,2023-12-28,2024-06-03
불법주정차,2023-12-27,17:16,새동산산부인과,2023-12-28,2024-06-03
불법주정차,2023-12-27,17:18,칠곡초등학교,2023-12-28,2024-06-03
불법주정차,2023-12-27,17:30,복현동 200-4 부근 인도,2024-01-03,2024-06-03
불법주정차,2023-12-27,17:39,침산동 265-2 부근 횡단보도,2024-01-03,2024-06-03
불법주정차,2023-12-27,17:42,칠성동2가 302-380 부근 인도,2024-01-03,2024-06-03
불법주정차,2023-12-27,18:27,구암동 802-1 부근 횡단보도,2024-01-03,2024-06-03
불법주정차,2023-12-27,18:32,칠성동2가 346-9 부근 모퉁이,2024-01-03,2024-06-03
불법주정차,2023-12-27,18:38,칠성동2가 346-9 부근 모퉁이,2024-01-03,2024-06-03
불법주정차,2023-12-27,18:38,사수동 961 부근 모퉁이,2024-01-03,2024-06-03
불법주정차,2023-12-27,18:39,산격동 1428-12 부근 모퉁이,2024-01-03,2024-06-03
불법주정차,2023-12-27,18:41,칠성동2가 346-9 부근 횡단보도,2024-01-03,2024-06-03
불법주정차,2023-12-27,18:58,고성동3가 102-25 부근 횡단보도,2024-03-13,2024-06-03
불법주정차,2023-12-27,19:01,고성동3가 6-67 부근 횡단보도,2024-01-03,2024-06-03
불법주정차,2023-12-27,19:01,서변동 1148-1 부근 횡단보도,2024-01-03,2024-06-03
불법주정차,2023-12-27,19:01,태전동 1033-6 부근 횡단보도,2024-01-03,2024-06-03
불법주정차,2023-12-27,19:04,구암동 797-8 부근 모퉁이,2024-01-03,2024-06-03
불법주정차,2023-12-27,19:12,노원동1가 265-9 부근 인도,2024-01-03,2024-06-03
불법주정차,2023-12-27,19:12,복현동 265-12 부근,2024-01-03,2024-06-03
불법주정차,2023-12-27,19:14,노원동1가 265-9 부근 인도,2024-01-03,2024-06-03
불법주정차,2023-12-27,19:33,고성동3가 73 부근 횡단보도,2024-01-03,2024-06-03
불법주정차,2023-12-27,19:34,학정동 941-5 부근 인도,2024-01-03,2024-06-03
불법주정차,2023-12-27,19:45,산격동 994-1 부근 횡단보도,2024-01-03,2024-06-03
불법주정차,2023-12-27,20:00,산격동 1490 부근 인도,2024-01-03,2024-06-03
불법주정차,2023-12-27,20:27,서변동 1756-8 부근 횡단보도,2024-01-03,2024-06-03
불법주정차,2023-12-27,20:30,서변동 1756-8 부근 횡단보도,2024-01-03,2024-06-03
불법주정차,2023-12-27,21:28,고성동3가 6-97 부근 횡단보도,2024-01-03,2024-06-03
불법주정차,2023-12-27,21:45,침산동 498-4 부근 횡단보도,2024-01-03,2024-06-03
불법주정차,2023-12-27,22:01,복현동 477-1 부근 모퉁이,2024-01-03,2024-06-03
불법주정차,2023-12-27,22:03,복현동 460-6 부근 횡단보도,2024-01-03,2024-06-03
불법주정차,2023-12-27,22:16,동천동 897-3 부근 횡단보도,2024-01-03,2024-06-03
불법주정차,2023-12-27,22:36,관음동 1257-11 부근 횡단보도,2024-01-03,2024-06-03
불법주정차,2023-12-27,22:38,관음동 207 부근 횡단보도,2024-01-03,2024-06-03
불법주정차,2023-12-28,07:01,동천동회전교차로1,2023-12-29,2024-06-03
불법주정차,2023-12-28,07:04,운암초등학교,2023-12-29,2024-06-03
불법주정차,2023-12-28,07:05,대구역 오페라더블유2,2023-12-29,2024-06-03
불법주정차,2023-12-28,07:07,관천초등학교,2023-12-29,2024-06-03
불법주정차,2023-12-28,07:08,장보고식자재마트 사거리,2023-12-29,2024-06-03
불법주정차,2023-12-28,07:08,산격초등학교,2023-12-29,2024-06-03
불법주정차,2023-12-28,07:10,칠곡우방타운 삼거리,2023-12-29,2024-06-03
불법주정차,2023-12-28,07:11,금호서한이다음정문,2023-12-29,2024-06-03
불법주정차,2023-12-28,07:11,칠곡초등학교 진입로,2023-12-29,2024-06-03
불법주정차,2023-12-28,07:12,농협침산지점앞,2023-12-29,2024-06-03
불법주정차,2023-12-28,07:12,침산 화인탑펠리스,2023-12-29,2024-06-03
불법주정차,2023-12-28,07:13,노원한신더휴 남문,2023-12-29,2024-06-03
불법주정차,2023-12-28,07:15,사수동 센스마트,2023-12-29,2024-06-03
불법주정차,2023-12-28,07:15,칠곡우방타운 삼거리,2023-12-29,2024-06-03
불법주정차,2023-12-28,07:17,르노삼성자동차 침산점,2023-12-29,2024-06-03
불법주정차,2023-12-28,07:19,운암지,2023-12-29,2024-06-03
불법주정차,2023-12-28,07:22,장보고식자재마트 사거리,2023-12-29,2024-06-03
불법주정차,2023-12-28,07:23,운암초등학교,2023-12-29,2024-06-03
불법주정차,2023-12-28,07:28,학정동 학정동로 부근,2023-12-29,2024-06-03
불법주정차,2023-12-28,07:28,학정동 학정동로 부근,2023-12-29,2024-06-03
불법주정차,2023-12-28,07:30,매천삼거리,2023-12-29,2024-06-03
불법주정차,2023-12-28,07:31,침산동 431-1 부근 인도,2024-01-02,2024-06-03
불법주정차,2023-12-28,07:38,복현동 713 부근,2024-01-02,2024-06-03
불법주정차,2023-12-28,07:58,노원동1가 509 부근 소화전,2024-01-02,2024-06-03
불법주정차,2023-12-28,08:01,노원동1가 509 부근 소화전,2024-01-02,2024-06-03
불법주정차,2023-12-28,08:05,오페라 클래시아,2023-12-29,2024-06-03
불법주정차,2023-12-28,08:07,오페라 클래시아,2023-12-29,2024-06-03
불법주정차,2023-12-28,08:08,센트럴파크대현 정문,2023-12-29,2024-06-03
불법주정차,2023-12-28,08:09,오페라 클래시아,2023-12-29,2024-06-03
불법주정차,2023-12-28,08:10,금호동 803 부근 횡단보도,2024-01-04,2024-06-03
불법주정차,2023-12-28,08:12,오페라 클래시아,2023-12-29,2024-06-03
불법주정차,2023-12-28,08:13,오페라 클래시아,2023-12-29,2024-06-03
불법주정차,2023-12-28,08:16,금호동 806 부근 횡단보도,2024-01-04,2024-06-03
불법주정차,2023-12-28,08:17,읍내동 660-2 부근,2024-01-02,2024-06-03
불법주정차,2023-12-28,08:19,오페라 클래시아,2023-12-29,2024-06-03
불법주정차,2023-12-28,08:23,서변동 1148-1 부근 횡단보도,2024-01-02,2024-06-03
불법주정차,2023-12-28,08:41,칠성동 꽃시장 (아름나라,2023-12-29,2024-06-03
불법주정차,2023-12-28,08:42,대현도서관교차로,2023-12-29,2024-06-03
불법주정차,2023-12-28,08:59,서변동 1786 부근 모퉁이,2024-01-02,2024-06-03
불법주정차,2023-12-28,09:08,거창식당 앞(칠성시장),2023-12-29,2024-06-03
불법주정차,2023-12-28,09:12,칠성시장교통섬,2023-12-29,2024-06-03
불법주정차,2023-12-28,09:17,산격동 1586 부근 인도,2024-01-02,2024-06-03
불법주정차,2023-12-28,09:19,노원한신더휴 동문,2023-12-29,2024-06-03
불법주정차,2023-12-28,09:26,검단동 573 부근 인도,2024-01-02,2024-06-03
불법주정차,2023-12-28,09:27,복현e편한세상 정문,2023-12-29,2024-06-03
불법주정차,2023-12-28,09:28,검단동 573 부근 인도,2024-01-02,2024-06-03
불법주정차,2023-12-28,09:35,침산동 447-15 부근,2024-01-02,2024-06-03
불법주정차,2023-12-28,09:48,새동산산부인과,2023-12-29,2024-06-03
불법주정차,2023-12-28,09:51,칠곡시외버스하차장,2023-12-29,2024-06-03
불법주정차,2023-12-28,09:54,서변공영주차장 사거리,2023-12-29,2024-06-03
불법주정차,2023-12-28,10:01,칠성시장교통섬,2023-12-29,2024-06-03
불법주정차,2023-12-28,10:07,노원한신더휴 남문,2023-12-29,2024-06-03
불법주정차,2023-12-28,10:08,칠성동1가 285-4 부근 모퉁이,2024-01-04,2024-06-03
불법주정차,2023-12-28,10:11,새동산산부인과,2023-12-29,2024-06-03
불법주정차,2023-12-28,10:12,고성동1가 108-29 부근,2024-01-02,2024-06-03
불법주정차,2023-12-28,10:17,칠성동2가 302-111 부근 모퉁이,2024-01-02,2024-06-03
불법주정차,2023-12-28,10:23,노원한신더휴 남문,2023-12-29,2024-06-03
불법주정차,2023-12-28,10:25,센트럴파크대현 정문,2023-12-29,2024-06-03
불법주정차,2023-12-28,10:25,검단동 537-3 부근 버스정류소,2024-01-02,2024-06-03
불법주정차,2023-12-28,10:31,새동산산부인과,2023-12-29,2024-06-03
불법주정차,2023-12-28,10:38,태전동 중앙시장,2023-12-29,2024-06-03
불법주정차,2023-12-28,10:41,칠성시장 화재(소방),2023-12-29,2024-06-03
불법주정차,2023-12-28,10:43,노원한신더휴 남문,2023-12-29,2024-06-03
불법주정차,2023-12-28,10:45,대산초등학교,2023-12-29,2024-06-03
불법주정차,2023-12-28,10:46,서변동 1751-8 부근 모퉁이,2024-01-02,2024-06-03
불법주정차,2023-12-28,10:47,태암초등학교,2023-12-29,2024-06-03
불법주정차,2023-12-28,10:51,산격동 1553 부근 모퉁이,2024-01-02,2024-06-03
불법주정차,2023-12-28,10:51,서변동 1751-9 부근 모퉁이,2024-01-02,2024-06-03
불법주정차,2023-12-28,10:54,학정동 917-1 부근 횡단보도,2024-01-02,2024-06-03
불법주정차,2023-12-28,11:03,무지개공영주차장 부근,2023-12-29,2024-06-03
불법주정차,2023-12-28,11:12,태전동 1239 부근 횡단보도,2024-01-02,2024-06-03
불법주정차,2023-12-28,11:31,태전동 칠곡중앙대로52길 부근,2023-12-29,2024-06-03
불법주정차,2023-12-28,11:32,태전동 칠곡중앙대로52길 부근,2023-12-29,2024-06-03
불법주정차,2023-12-28,11:32,태전동 태암남로 부근,2023-12-29,2024-06-03
불법주정차,2023-12-28,11:32,태전동 태암남로 부근,2023-12-29,2024-06-03
불법주정차,2023-12-28,11:32,태전동 태암남로 부근,2023-12-29,2024-06-03
불법주정차,2023-12-28,11:33,태전동 태암남로 부근,2023-12-29,2024-06-03
불법주정차,2023-12-28,11:34,태전동 태암남로 부근,2023-12-29,2024-06-03
불법주정차,2023-12-28,11:34,태전동 태암남로 부근,2024-03-13,2024-06-03
불법주정차,2023-12-28,11:35,태전동 태암남로 부근,2023-12-29,2024-06-03
불법주정차,2023-12-28,11:39,산격동 1427-1 부근 인도,2024-01-02,2024-06-03
불법주정차,2023-12-28,11:44,노원동2가 188-8 부근 횡단보도,2024-01-02,2024-06-03
불법주정차,2023-12-28,11:50,읍내동 533 부근 인도,2024-01-02,2024-06-03
불법주정차,2023-12-28,11:54,대현동 404-1 부근 인도,2024-04-11,2024-06-03
불법주정차,2023-12-28,11:57,산격동 1213-17 부근,2024-01-02,2024-06-03
불법주정차,2023-12-28,11:58,침산동 575-5 부근 횡단보도,2024-01-02,2024-06-03
불법주정차,2023-12-28,12:00,노원동1가 336 부근 인도,2024-01-02,2024-06-03
불법주정차,2023-12-28,12:45,관음동 1323-7 부근 횡단보도,2024-01-02,2024-06-03
불법주정차,2023-12-28,12:46,침산동 133-40 부근 모퉁이,2024-01-02,2024-06-03
불법주정차,2023-12-28,12:51,침산동 307-3 부근 소화전,2024-01-02,2024-06-03
불법주정차,2023-12-28,12:52,산격동 478-25 부근 모퉁이,2024-01-02,2024-06-03
불법주정차,2023-12-28,12:54,산격동 478-25 부근 모퉁이,2024-01-02,2024-06-03
불법주정차,2023-12-28,13:06,무지개공영주차장 부근,2023-12-29,2024-06-03
불법주정차,2023-12-28,13:09,태전동 252-24 부근 인도,2024-01-02,2024-06-03
불법주정차,2023-12-28,13:10,태전동 253-12 부근 모퉁이,2024-01-02,2024-06-03
불법주정차,2023-12-28,13:13,태전동 252-1 부근 모퉁이,2024-01-02,2024-06-03
불법주정차,2023-12-28,13:14,노원동2가 257-1 부근 인도,2024-01-02,2024-06-03
불법주정차,2023-12-28,13:19,관음동 1275-11 부근 버스정류소,2024-01-02,2024-06-03
불법주정차,2023-12-28,13:30,검단동 1280-10 부근 인도,2024-01-02,2024-06-03
불법주정차,2023-12-28,13:46,대학로 파리바게트 부근,2023-12-29,2024-06-03
불법주정차,2023-12-28,14:21,대학로23길,2023-12-29,2024-06-03
불법주정차,2023-12-28,14:24,태전동 1238 부근 횡단보도,2024-01-02,2024-06-03
불법주정차,2023-12-28,14:28,대학로 파리바게트 부근,2023-12-29,2024-06-03
불법주정차,2023-12-28,14:31,노원한신더휴 동문,2023-12-29,2024-06-03
불법주정차,2023-12-28,14:37,영남네오빌아트 후문,2023-12-29,2024-06-03
불법주정차,2023-12-28,14:37,침산1동회전교차로1,2023-12-29,2024-06-03
불법주정차,2023-12-28,14:40,매천초등학교,2023-12-29,2024-06-03
불법주정차,2023-12-28,14:40,사수동 센스마트,2023-12-29,2024-06-03
불법주정차,2023-12-28,14:41,노원한신더휴 남문,2023-12-29,2024-06-03
불법주정차,2023-12-28,14:45,대구은행 복현지점,2023-12-29,2024-06-03
불법주정차,2023-12-28,14:47,동천동회전교차로1,2023-12-29,2024-06-03
불법주정차,2023-12-28,14:51,대구역 오페라더블유2,2023-12-29,2024-06-03
불법주정차,2023-12-28,14:52,새동산산부인과,2023-12-29,2024-06-03
불법주정차,2023-12-28,14:56,노원한신더휴 동문,2023-12-29,2024-06-03
불법주정차,2023-12-28,14:58,관음동 1364-17 부근 횡단보도,2024-01-02,2024-06-03
불법주정차,2023-12-28,14:59,대구일중학교 정문 앞,2023-12-29,2024-06-03
불법주정차,2023-12-28,15:03,구암동 686 부근 인도,2024-01-02,2024-06-03
불법주정차,2023-12-28,15:05,서변공영주차장 사거리,2023-12-29,2024-06-03
불법주정차,2023-12-28,15:05,동천동회전교차로1,2024-03-13,2024-06-03
불법주정차,2023-12-28,15:10,오페라코오롱하늘채 앞,2023-12-29,2024-06-03
불법주정차,2023-12-28,15:11,오페라코오롱하늘채 앞,2023-12-29,2024-06-03
불법주정차,2023-12-28,15:11,노원한신더휴 동문,2023-12-29,2024-06-03
불법주정차,2023-12-28,15:12,침산동 213-3 부근 인도,2024-01-02,2024-06-03
불법주정차,2023-12-28,15:13,새동산산부인과,2023-12-29,2024-06-03
불법주정차,2023-12-28,15:16,고성동3가 5-62 부근 모퉁이,2024-01-02,2024-06-03
불법주정차,2023-12-28,15:20,금호서한이다음정문,2023-12-29,2024-06-03
불법주정차,2023-12-28,15:22,태전동 945-11 부근 횡단보도,2024-01-02,2024-06-03
불법주정차,2023-12-28,15:31,금호서한이다음정문,2023-12-29,2024-06-03
불법주정차,2023-12-28,15:31,사수동 센스마트,2023-12-29,2024-06-03
불법주정차,2023-12-28,15:33,동아아울렛 뒷편,2023-12-29,2024-06-03
불법주정차,2023-12-28,15:36,옥산초등학교,2023-12-29,2024-06-03
불법주정차,2023-12-28,15:44,동평초등학교네거리,2023-12-29,2024-06-03
불법주정차,2023-12-28,15:48,대구보건대,2023-12-29,2024-06-03
불법주정차,2023-12-28,15:49,노원동주민센터 사거리,2023-12-29,2024-06-03
불법주정차,2023-12-28,15:53,서변공영주차장 사거리,2023-12-29,2024-06-03
불법주정차,2023-12-28,15:53,대구은행 학정로 지점,2023-12-29,2024-06-03
불법주정차,2023-12-28,15:57,노원동주민센터 사거리,2023-12-29,2024-06-03
불법주정차,2023-12-28,15:59,동천동 908-3 부근 인도,2024-01-02,2024-06-03
불법주정차,2023-12-28,16:00,노원한신더휴 동문,2023-12-29,2024-06-03
불법주정차,2023-12-28,16:01,북부초등학교,2023-12-29,2024-06-03
불법주정차,2023-12-28,16:02,농협침산지점앞,2023-12-29,2024-06-03
불법주정차,2023-12-28,16:02,산격동 1428-12 부근 모퉁이,2024-01-02,2024-06-03
불법주정차,2023-12-28,16:07,대구일중학교 정문 앞,2023-12-29,2024-06-03
불법주정차,2023-12-28,16:14,태전동 1117 부근 인도,2024-01-02,2024-06-03
불법주정차,2023-12-28,16:14,태전동 1117 부근 인도,2024-01-02,2024-06-03
불법주정차,2023-12-28,16:17,동변공원 사거리,2023-12-29,2024-06-03
불법주정차,2023-12-28,16:18,칠성동 꽃시장 (아름나라,2023-12-29,2024-06-03
불법주정차,2023-12-28,16:25,새동산산부인과,2023-12-29,2024-06-03
불법주정차,2023-12-28,16:32,대구역 오페라더블유2,2023-12-29,2024-06-03
불법주정차,2023-12-28,16:32,사수동 953 부근 모퉁이,2024-01-02,2024-06-03
불법주정차,2023-12-28,16:34,명성푸르지오 앞,2023-12-29,2024-06-03
불법주정차,2023-12-28,16:34,대구보건대,2024-03-13,2024-06-03
불법주정차,2023-12-28,16:35,오페라 클래시아,2023-12-29,2024-06-03
불법주정차,2023-12-28,16:35,칠성동2가 421-15 부근 횡단보도,2024-01-02,2024-06-03
불법주정차,2023-12-28,16:37,새동산산부인과,2023-12-29,2024-06-03
불법주정차,2023-12-28,16:45,오페라코오롱하늘채 앞,2023-12-29,2024-06-03
불법주정차,2023-12-28,16:46,침산동 13-114 부근 인도,2024-01-02,2024-06-03
불법주정차,2023-12-28,16:47,장보고식자재마트 사거리,2023-12-29,2024-06-03
불법주정차,2023-12-28,16:52,동천동 908-3 부근 인도,2024-01-02,2024-06-03
불법주정차,2023-12-28,16:53,새동산산부인과,2023-12-29,2024-06-03
불법주정차,2023-12-28,16:56,노원한신더휴 남문,2023-12-29,2024-06-03
불법주정차,2023-12-28,16:57,태암초등학교,2023-12-29,2024-06-03
불법주정차,2023-12-28,17:01,대구역 오페라더블유2,2023-12-29,2024-06-03
불법주정차,2023-12-28,17:01,대구역 오페라더블유2,2023-12-29,2024-06-03
불법주정차,2023-12-28,17:03,침산 화인탑펠리스,2023-12-29,2024-06-03
불법주정차,2023-12-28,17:04,칠성시장 화재(소방),2023-12-29,2024-06-03
불법주정차,2023-12-28,17:05,침산 화성파크드림,2023-12-29,2024-06-03
불법주정차,2023-12-28,17:06,오페라트루엘시민의숲,2023-12-29,2024-06-03
불법주정차,2023-12-28,17:06,칠성시장 화재(소방),2023-12-29,2024-06-03
불법주정차,2023-12-28,17:07,새동산산부인과,2023-12-29,2024-06-03
불법주정차,2023-12-28,17:08,대학로 파리바게트 부근,2023-12-29,2024-06-03
불법주정차,2023-12-28,17:10,동천동회전교차로1,2023-12-29,2024-06-03
불법주정차,2023-12-28,17:11,운암초등학교,2023-12-29,2024-06-03
불법주정차,2023-12-28,17:14,대구역 오페라더블유2,2023-12-29,2024-06-03
불법주정차,2023-12-28,17:15,읍내동 409-1 부근,2024-01-02,2024-06-03
불법주정차,2023-12-28,17:16,읍내동 409-1 부근,2024-01-02,2024-06-03
불법주정차,2023-12-28,17:16,읍내동 409-3 부근,2024-01-02,2024-06-03
불법주정차,2023-12-28,17:33,대현동 392-22 부근 횡단보도,2024-05-17,2024-06-03
불법주정차,2023-12-28,17:40,태전동 957 부근 횡단보도,2024-01-02,2024-06-03
불법주정차,2023-12-28,17:44,산격동 1397-44 부근,2024-01-02,2024-06-03
불법주정차,2023-12-28,17:49,침산동 498-4 부근 횡단보도,2024-01-02,2024-06-03
불법주정차,2023-12-28,17:50,복현동 376-3 부근 교차로,2024-01-02,2024-06-03
불법주정차,2023-12-28,17:51,복현동 376-3 부근 모퉁이,2024-01-02,2024-06-03
불법주정차,2023-12-28,17:52,복현동 376-3 부근 횡단보도,2024-01-02,2024-06-03
불법주정차,2023-12-28,18:17,사수동 944 부근 모퉁이,2024-01-02,2024-06-03
불법주정차,2023-12-28,18:18,산격동 1498-56 부근 모퉁이,2024-01-02,2024-06-03
불법주정차,2023-12-28,18:19,산격동 1498-56 부근 모퉁이,2024-01-02,2024-06-03
불법주정차,2023-12-28,18:20,산격동 1498-56 부근 모퉁이,2024-01-02,2024-06-03
불법주정차,2023-12-28,18:20,사수동 956 부근 인도,2024-01-02,2024-06-03
불법주정차,2023-12-28,18:22,산격동 1498-54 부근 인도,2024-01-02,2024-06-03
불법주정차,2023-12-28,18:22,사수동 962 부근 횡단보도,2024-01-02,2024-06-03
불법주정차,2023-12-28,18:27,산격동 1428-12 부근 횡단보도,2024-01-02,2024-06-03
불법주정차,2023-12-28,18:31,침산동 327-5 부근 횡단보도,2024-01-02,2024-06-03
불법주정차,2023-12-28,18:35,복현동 265-12 부근,2024-01-02,2024-06-03
불법주정차,2023-12-28,18:35,복현동 265-12 부근,2024-01-02,2024-06-03
불법주정차,2023-12-28,18:35,사수동 831 부근 횡단보도,2024-01-02,2024-06-03
불법주정차,2023-12-28,18:36,복현동 265-12 부근,2024-01-02,2024-06-03
불법주정차,2023-12-28,18:42,고성동3가 6-27 부근 횡단보도,2024-01-02,2024-06-03
불법주정차,2023-12-28,18:50,산격동 1424-48 부근 횡단보도,2024-01-02,2024-06-03
불법주정차,2023-12-28,19:02,태전동 1030 부근 횡단보도,2024-01-02,2024-06-03
불법주정차,2023-12-28,19:15,읍내동 789-13 부근 인도,2024-01-02,2024-06-03
불법주정차,2023-12-28,19:23,대현동 538 부근 모퉁이,2024-01-02,2024-06-03
불법주정차,2023-12-28,19:29,동천동 910-1 부근 횡단보도,2024-01-02,2024-06-03
불법주정차,2023-12-28,19:45,복현동 713 부근,2024-01-02,2024-06-03
불법주정차,2023-12-28,19:45,복현동 713 부근,2024-01-02,2024-06-03
불법주정차,2023-12-28,19:46,복현동 713 부근,2024-01-02,2024-06-03
불법주정차,2023-12-28,19:46,복현동 713 부근,2024-01-02,2024-06-03
불법주정차,2023-12-28,20:07,고성동2가 76 부근 교차로,2024-01-02,2024-06-03
불법주정차,2023-12-28,20:19,산격동 1424-48 부근 모퉁이,2024-01-02,2024-06-03
불법주정차,2023-12-28,20:22,산격동 1428-12 부근 횡단보도,2024-01-02,2024-06-03
불법주정차,2023-12-28,20:22,산격동 1428-12 부근 모퉁이,2024-01-02,2024-06-03
불법주정차,2023-12-28,20:25,산격동 1437-98 부근 모퉁이,2024-03-13,2024-06-03
불법주정차,2023-12-28,20:47,사수동 825 부근 모퉁이,2024-01-02,2024-06-03
불법주정차,2023-12-28,21:14,태전동 1030 부근 횡단보도,2024-01-02,2024-06-03
불법주정차,2023-12-28,23:27,고성동3가 6-213 부근 모퉁이,2024-01-02,2024-06-03
불법주정차,2023-12-28,23:35,대현동 326-11 부근 횡단보도,2024-01-02,2024-06-03
불법주정차,2023-12-28,23:36,고성동2가 110-9 부근 횡단보도,2024-01-02,2024-06-03
불법주정차,2023-12-29,06:45,태전동 1035 부근 횡단보도,2024-01-04,2024-06-03
불법주정차,2023-12-29,06:50,태전동 1233 부근 모퉁이,2024-01-04,2024-06-03
불법주정차,2023-12-29,06:55,태전동 1228 부근 모퉁이,2024-01-04,2024-06-03
불법주정차,2023-12-29,07:01,동천동회전교차로1,2024-01-02,2024-06-03
불법주정차,2023-12-29,07:04,동천동회전교차로1,2024-01-02,2024-06-03
불법주정차,2023-12-29,07:04,대구역 오페라더블유2,2024-01-02,2024-06-03
불법주정차,2023-12-29,07:04,운암초등학교,2024-01-02,2024-06-03
불법주정차,2023-12-29,07:05,산격초등학교,2024-01-02,2024-06-03
불법주정차,2023-12-29,07:05,대구역 오페라더블유2,2024-01-02,2024-06-03
불법주정차,2023-12-29,07:05,운암지,2024-01-02,2024-06-03
불법주정차,2023-12-29,07:05,대구역 오페라더블유2,2024-01-02,2024-06-03
불법주정차,2023-12-29,07:06,노원한신더휴 동문,2024-01-02,2024-06-03
불법주정차,2023-12-29,07:06,동천동회전교차로1,2024-01-02,2024-06-03
불법주정차,2023-12-29,07:09,침산 화인탑펠리스,2024-01-02,2024-06-03
불법주정차,2023-12-29,07:11,관음초등학교,2024-01-02,2024-06-03
불법주정차,2023-12-29,07:11,금호서한이다음정문,2024-01-02,2024-06-03
불법주정차,2023-12-29,07:11,금호서한이다음정문,2024-01-02,2024-06-03
불법주정차,2023-12-29,07:13,팔달동 대구수산시장,2024-01-02,2024-06-03
불법주정차,2023-12-29,07:14,장보고식자재마트 사거리,2024-01-02,2024-06-03
불법주정차,2023-12-29,07:14,복현동 713 부근,2024-01-04,2024-06-03
불법주정차,2023-12-29,07:14,복현동 713 부근,2024-01-04,2024-06-03
불법주정차,2023-12-29,07:21,대구병원네거리,2024-01-02,2024-06-03
불법주정차,2023-12-29,07:26,금호서한이다음정문,2024-01-02,2024-06-03
불법주정차,2023-12-29,07:26,북부초등학교,2024-01-02,2024-06-03
불법주정차,2023-12-29,07:27,금호서한이다음정문,2024-01-02,2024-06-03
불법주정차,2023-12-29,07:27,운암초등학교,2024-01-02,2024-06-03
불법주정차,2023-12-29,07:27,칠성동2가 302-222 부근 소화전,2024-01-04,2024-06-03
불법주정차,2023-12-29,07:30,대구역 오페라더블유2,2024-01-02,2024-06-03
불법주정차,2023-12-29,07:31,칠성동 꽃시장 (아름나라,2024-01-02,2024-06-03
불법주정차,2023-12-29,07:32,침산동 277-1 부근,2024-01-04,2024-06-03
불법주정차,2023-12-29,07:33,산격초등학교,2024-01-02,2024-06-03
불법주정차,2023-12-29,07:35,침산동 456-7 부근 인도,2024-01-04,2024-06-03
불법주정차,2023-12-29,07:44,연경동 연경중앙로 부근,2024-01-02,2024-06-03
불법주정차,2023-12-29,07:46,연경동 연경중앙로 부근,2024-03-13,2024-06-03
불법주정차,2023-12-29,07:47,칠성시장교통섬,2024-01-02,2024-06-03
불법주정차,2023-12-29,08:06,오페라 클래시아,2024-01-02,2024-06-03
불법주정차,2023-12-29,08:07,동변공원 사거리,2024-01-02,2024-06-03
불법주정차,2023-12-29,08:09,오페라 클래시아,2024-01-02,2024-06-03
불법주정차,2023-12-29,08:10,대구역 오페라더블유2,2024-01-02,2024-06-03
불법주정차,2023-12-29,08:12,노원한신더휴 남문,2024-01-02,2024-06-03
불법주정차,2023-12-29,08:15,오페라 클래시아,2024-01-02,2024-06-03
불법주정차,2023-12-29,08:22,대구역 오페라더블유2,2024-01-02,2024-06-03
불법주정차,2023-12-29,08:26,대구역 오페라더블유2,2024-01-02,2024-06-03
불법주정차,2023-12-29,08:31,거창식당 앞(칠성시장),2024-01-02,2024-06-03
불법주정차,2023-12-29,08:36,칠성시장 화재(소방),2024-01-02,2024-06-03
불법주정차,2023-12-29,08:39,노원한신더휴 동문,2024-01-02,2024-06-03
불법주정차,2023-12-29,08:42,태전동 253-14 부근 인도,2024-01-04,2024-06-03
불법주정차,2023-12-29,08:45,칠성동 꽃시장 (아름나라,2024-01-02,2024-06-03
불법주정차,2023-12-29,09:02,검단동 1128-3 부근 횡단보도,2024-01-04,2024-06-03
불법주정차,2023-12-29,09:07,검단동 1393-16 부근 횡단보도,2024-01-04,2024-06-03
불법주정차,2023-12-29,09:07,산격동 1586 부근 인도,2024-01-04,2024-06-03
불법주정차,2023-12-29,09:10,산격동 53-3 부근 인도,2024-01-04,2024-06-03
불법주정차,2023-12-29,09:12,칠성시장 화재(소방),2024-01-02,2024-06-03
불법주정차,2023-12-29,09:13,동천동회전교차로1,2024-01-02,2024-06-03
불법주정차,2023-12-29,09:16,칠곡에덴타운건너,2024-01-02,2024-06-03
불법주정차,2023-12-29,09:16,읍내동 1341-5 부근 횡단보도,2024-01-04,2024-06-03
불법주정차,2023-12-29,09:17,대구역 오페라더블유2,2024-01-02,2024-06-03
불법주정차,2023-12-29,09:37,코스트코 주차장 앞,2024-01-02,2024-06-03
불법주정차,2023-12-29,09:39,노원한신더휴 동문,2024-01-02,2024-06-03
불법주정차,2023-12-29,09:42,사수동 센스마트,2024-01-02,2024-06-03
불법주정차,2023-12-29,09:43,침산동 133-40 부근 모퉁이,2024-01-04,2024-06-03
불법주정차,2023-12-29,09:46,산격동 경대북문,2024-01-02,2024-06-03
불법주정차,2023-12-29,09:47,침산동 133-40 부근 모퉁이,2024-01-04,2024-06-03
불법주정차,2023-12-29,09:48,북부초등학교,2024-01-02,2024-06-03
불법주정차,2023-12-29,09:52,읍내동 1234-7 부근 횡단보도,2024-01-04,2024-06-03
불법주정차,2023-12-29,09:59,산격동 120 부근 횡단보도,2024-01-04,2024-06-03
불법주정차,2023-12-29,10:01,칠곡초등학교 진입로,2024-01-02,2024-06-03
불법주정차,2023-12-29,10:03,매천화성파크드림정문,2024-03-13,2024-06-03
불법주정차,2023-12-29,10:08,새동산산부인과,2024-01-02,2024-06-03
불법주정차,2023-12-29,10:10,사수동 센스마트,2024-01-02,2024-06-03
불법주정차,2023-12-29,10:12,새동산산부인과,2024-01-02,2024-06-03
불법주정차,2023-12-29,10:16,칠성동2가 중앙대로105길 부근,2024-01-02,2024-06-03
불법주정차,2023-12-29,10:16,칠성동2가 중앙대로 부근,2024-01-02,2024-06-03
불법주정차,2023-12-29,10:16,칠성동2가 중앙대로 부근,2024-01-02,2024-06-03
불법주정차,2023-12-29,10:16,칠성동2가 중앙대로 부근,2024-01-02,2024-06-03
불법주정차,2023-12-29,10:17,새동산산부인과,2024-01-02,2024-06-03
불법주정차,2023-12-29,10:17,칠성동2가 중앙대로 부근,2024-01-02,2024-06-03
불법주정차,2023-12-29,10:22,동천동 903-4 부근 횡단보도,2024-01-04,2024-06-03
불법주정차,2023-12-29,10:23,북부초등학교,2024-01-02,2024-06-03
불법주정차,2023-12-29,10:23,노원한신더휴 동문,2024-01-02,2024-06-03
불법주정차,2023-12-29,10:26,금호동 802 부근 횡단보도,2024-01-04,2024-06-03
불법주정차,2023-12-29,10:30,금호동 806 부근 횡단보도,2024-01-04,2024-06-03
불법주정차,2023-12-29,10:35,금호동 806 부근 횡단보도,2024-01-04,2024-06-03
불법주정차,2023-12-29,10:35,산격동 1260-1 부근,2024-01-04,2024-06-03
불법주정차,2023-12-29,10:38,대구보건대,2024-01-02,2024-06-03
불법주정차,2023-12-29,10:38,노원한신더휴 동문,2024-01-02,2024-06-03
불법주정차,2023-12-29,10:43,침산동 13-105 부근,2024-01-04,2024-06-03
불법주정차,2023-12-29,10:44,금호서한이다음정문,2024-03-13,2024-06-03
불법주정차,2023-12-29,10:46,태전동 태암남로 부근,2024-01-02,2024-06-03
불법주정차,2023-12-29,10:47,태전동 태암남로 부근,2024-01-02,2024-06-03
불법주정차,2023-12-29,10:47,태전동 태암남로 부근,2024-01-02,2024-06-03
불법주정차,2023-12-29,10:47,태전동 태암남로 부근,2024-01-02,2024-06-03
불법주정차,2023-12-29,10:47,침산동 133-40 부근 모퉁이,2024-01-04,2024-06-03
불법주정차,2023-12-29,10:48,북부초등학교,2024-01-02,2024-06-03
불법주정차,2023-12-29,10:48,태전동 태암남로 부근,2024-01-02,2024-06-03
불법주정차,2023-12-29,10:52,구암동 태암남로11길 부근,2024-01-02,2024-06-03
불법주정차,2023-12-29,10:52,구암동 태암남로11길 부근,2024-01-02,2024-06-03
불법주정차,2023-12-29,10:52,구암동 태암남로11길 부근,2024-01-02,2024-06-03
불법주정차,2023-12-29,10:52,구암동 태암남로11길 부근,2024-01-02,2024-06-03
불법주정차,2023-12-29,10:53,구암동 태암남로 부근,2024-01-02,2024-06-03
불법주정차,2023-12-29,10:53,구암동 태암남로 부근,2024-01-02,2024-06-03
불법주정차,2023-12-29,10:53,구암동 태암남로 부근,2024-01-02,2024-06-03
불법주정차,2023-12-29,10:59,태전동 태암남로 부근,2024-01-02,2024-06-03
불법주정차,2023-12-29,11:03,구암동 태암남로11길 부근,2024-01-02,2024-06-03
불법주정차,2023-12-29,11:04,대학로 파리바게트 부근,2024-01-02,2024-06-03
불법주정차,2023-12-29,11:04,구암동 태암남로 부근,2024-01-02,2024-06-03
불법주정차,2023-12-29,11:11,검단동 537-3 부근 버스정류소,2024-01-04,2024-06-03
불법주정차,2023-12-29,11:24,산격동 1429-15 부근 인도,2024-01-04,2024-06-03
불법주정차,2023-12-29,11:29,구암동 666-8 부근 모퉁이,2024-01-04,2024-06-03
불법주정차,2023-12-29,11:31,태전동 787-4 부근 인도,2024-01-04,2024-06-03
불법주정차,2023-12-29,11:32,칠성시장 화재(소방),2024-01-02,2024-06-03
불법주정차,2023-12-29,11:34,침산동 116-22 부근 횡단보도,2024-01-04,2024-06-03
불법주정차,2023-12-29,11:37,침산동 216-1 부근 인도,2024-01-04,2024-06-03
불법주정차,2023-12-29,11:41,침산동 363-7 부근 인도,2024-05-10,2024-06-03
불법주정차,2023-12-29,11:47,관음동 1383-4 부근 횡단보도,2024-04-24,2024-06-03
불법주정차,2023-12-29,11:52,산격동 1260-1 부근,2024-01-04,2024-06-03
불법주정차,2023-12-29,12:02,대학로 파리바게트 부근,2024-01-02,2024-06-03
불법주정차,2023-12-29,12:10,동천동 908-4 부근 인도,2024-03-13,2024-06-03
불법주정차,2023-12-29,12:15,노원동3가 1039 부근 인도,2024-01-04,2024-06-03
불법주정차,2023-12-29,12:16,노원동3가 1039 부근 인도,2024-01-04,2024-06-03
불법주정차,2023-12-29,12:16,노원동3가 1039 부근 인도,2024-01-04,2024-06-03
불법주정차,2023-12-29,12:29,연경동 954-3 부근 횡단보도,2024-01-04,2024-06-03
불법주정차,2023-12-29,12:32,침산동 133-40 부근 횡단보도,2024-01-04,2024-06-03
불법주정차,2023-12-29,12:33,사수동 908 부근 모퉁이,2024-01-04,2024-06-03
불법주정차,2023-12-29,12:41,복현동 318 부근 모퉁이,2024-01-04,2024-06-03
불법주정차,2023-12-29,12:42,복현동 318 부근 횡단보도,2024-01-04,2024-06-03
불법주정차,2023-12-29,12:44,읍내동 365 부근 인도,2024-01-04,2024-06-03
불법주정차,2023-12-29,12:51,서변동 1742-12 부근 횡단보도,2024-01-04,2024-06-03
불법주정차,2023-12-29,13:21,읍내동 1283-1 부근 인도,2024-01-04,2024-06-03
불법주정차,2023-12-29,13:24,침산동 1676 부근 소화전,2024-01-04,2024-06-03
불법주정차,2023-12-29,13:26,침산동 295-3 부근 모퉁이,2024-01-04,2024-06-03
불법주정차,2023-12-29,13:52,무지개공영주차장 부근,2024-01-02,2024-06-03
불법주정차,2023-12-29,13:53,읍내동 944-2 부근 모퉁이,2024-01-04,2024-06-03
불법주정차,2023-12-29,13:56,복현동 265 부근 횡단보도,2024-01-04,2024-06-03
불법주정차,2023-12-29,13:56,복현동 265 부근 횡단보도,2024-01-04,2024-06-03
불법주정차,2023-12-29,13:59,대학로 파리바게트 부근,2024-01-02,2024-06-03
불법주정차,2023-12-29,14:18,고성동3가 145 부근,2024-01-04,2024-06-03
불법주정차,2023-12-29,14:18,고성동3가 145 부근,2024-01-04,2024-06-03
불법주정차,2023-12-29,14:30,고성동2가 원대로 부근,2024-01-02,2024-06-03
불법주정차,2023-12-29,14:30,고성동2가 원대로 부근,2024-01-02,2024-06-03
불법주정차,2023-12-29,14:30,태전동 253-14 부근 인도,2024-01-04,2024-06-03
불법주정차,2023-12-29,14:31,대학로 파리바게트 부근,2024-01-02,2024-06-03
불법주정차,2023-12-29,14:31,새동산산부인과,2024-01-02,2024-06-03
불법주정차,2023-12-29,14:31,학정동 947-16 부근 횡단보도,2024-01-04,2024-06-03
불법주정차,2023-12-29,14:33,서변공영주차장 사거리,2024-01-02,2024-06-03
불법주정차,2023-12-29,14:35,침산동 옥산로 부근,2024-01-02,2024-06-03
불법주정차,2023-12-29,14:36,농협침산지점앞,2024-01-02,2024-06-03
불법주정차,2023-12-29,14:36,동변공원 사거리,2024-01-02,2024-06-03
불법주정차,2023-12-29,14:36,칠곡초등학교,2024-01-02,2024-06-03
불법주정차,2023-12-29,14:37,농협침산지점앞,2024-01-02,2024-06-03
불법주정차,2023-12-29,14:37,침산동 매일천막 앞,2024-01-02,2024-06-03
불법주정차,2023-12-29,14:38,노원한신더휴 동문,2024-01-02,2024-06-03
불법주정차,2023-12-29,14:38,새동산산부인과,2024-01-02,2024-06-03
불법주정차,2023-12-29,14:39,동아아울렛 뒷편,2024-01-02,2024-06-03
불법주정차,2023-12-29,14:39,북부초등학교,2024-01-02,2024-06-03
불법주정차,2023-12-29,14:41,서변동 1746-7 부근,2024-01-04,2024-06-03
불법주정차,2023-12-29,14:43,사수동 센스마트,2024-01-02,2024-06-03
불법주정차,2023-12-29,14:43,태전동 1033-6 부근 횡단보도,2024-01-04,2024-06-03
불법주정차,2023-12-29,14:45,운암초등학교,2024-01-02,2024-06-03
불법주정차,2023-12-29,14:46,관천초등학교,2024-01-02,2024-06-03
불법주정차,2023-12-29,14:47,금정공원(보행자우선거리,2024-01-02,2024-06-03
불법주정차,2023-12-29,14:48,대구역 오페라더블유2,2024-01-02,2024-06-03
불법주정차,2023-12-29,14:50,새동산산부인과,2024-01-02,2024-06-03
불법주정차,2023-12-29,14:51,침산동 447-16 부근 모퉁이,2024-01-04,2024-06-03
불법주정차,2023-12-29,14:52,금정공원(보행자우선거리,2024-01-02,2024-06-03
불법주정차,2023-12-29,14:53,대구은행 학정로 지점,2024-01-02,2024-06-03
불법주정차,2023-12-29,14:56,노원한신더휴 동문,2024-01-02,2024-06-03
불법주정차,2023-12-29,15:02,동천동회전교차로1,2024-01-02,2024-06-03
불법주정차,2023-12-29,15:03,사수동 833 부근,2024-01-04,2024-06-03
불법주정차,2023-12-29,15:05,동아아울렛 뒷편,2024-01-02,2024-06-03
불법주정차,2023-12-29,15:07,매천중학교 건너,2024-01-02,2024-06-03
불법주정차,2023-12-29,15:11,오페라트루엘시민의숲,2024-01-02,2024-06-03
불법주정차,2023-12-29,15:16,대구일중학교 정문 앞,2024-01-02,2024-06-03
불법주정차,2023-12-29,15:17,침산 화인탑펠리스,2024-01-02,2024-06-03
불법주정차,2023-12-29,15:18,동천동회전교차로2,2024-01-02,2024-06-03
불법주정차,2023-12-29,15:20,동천동회전교차로1,2024-01-02,2024-06-03
불법주정차,2023-12-29,15:21,노원한신더휴 남문,2024-01-02,2024-06-03
불법주정차,2023-12-29,15:24,새동산산부인과,2024-01-02,2024-06-03
불법주정차,2023-12-29,15:26,새동산산부인과,2024-01-02,2024-06-03
불법주정차,2023-12-29,15:26,장보고식자재마트 사거리,2024-01-02,2024-06-03
불법주정차,2023-12-29,15:29,대구일중학교 정문 앞,2024-01-02,2024-06-03
불법주정차,2023-12-29,15:30,오페라코오롱하늘채 앞,2024-01-02,2024-06-03
불법주정차,2023-12-29,15:30,르노삼성자동차 침산점,2024-01-02,2024-06-03
불법주정차,2023-12-29,15:30,칠성동1가 270-30 부근 모퉁이,2024-01-04,2024-06-03
불법주정차,2023-12-29,15:31,오륙민물수산(칠성시장),2024-01-02,2024-06-03
불법주정차,2023-12-29,15:31,칠성시장교통섬,2024-01-02,2024-06-03
불법주정차,2023-12-29,15:33,산격동 1425 부근 인도,2024-01-04,2024-06-03
불법주정차,2023-12-29,15:34,대구은행 학정로 지점,2024-01-02,2024-06-03
불법주정차,2023-12-29,15:35,동천동회전교차로1,2024-01-02,2024-06-03
불법주정차,2023-12-29,15:39,대구은행 학정로 지점,2024-01-02,2024-06-03
불법주정차,2023-12-29,15:40,동변공원 사거리,2024-03-13,2024-06-03
불법주정차,2023-12-29,15:44,대구역 오페라더블유2,2024-01-02,2024-06-03
불법주정차,2023-12-29,15:44,관음동 1383-4 부근 횡단보도,2024-01-05,2024-06-03
불법주정차,2023-12-29,15:47,센트럴파크대현 정문,2024-01-02,2024-06-03
불법주정차,2023-12-29,15:47,매천화성파크드림정문,2024-01-02,2024-06-03
불법주정차,2023-12-29,15:50,동천동회전교차로1,2024-01-02,2024-06-03
불법주정차,2023-12-29,15:52,대학로 파리바게트 부근,2024-01-02,2024-06-03
불법주정차,2023-12-29,15:53,거창식당 앞(칠성시장),2024-01-02,2024-06-03
불법주정차,2023-12-29,15:53,대구보건대,2024-01-02,2024-06-03
불법주정차,2023-12-29,15:56,무지개공영주차장 부근,2024-01-02,2024-06-03
불법주정차,2023-12-29,15:57,침산1동회전교차로2,2024-01-02,2024-06-03
불법주정차,2023-12-29,16:00,태전동 1221 부근 횡단보도,2024-01-04,2024-06-03
불법주정차,2023-12-29,16:02,산격동 120 부근 횡단보도,2024-01-04,2024-06-03
불법주정차,2023-12-29,16:05,동천동회전교차로2,2024-01-02,2024-06-03
불법주정차,2023-12-29,16:11,사수동 822 부근 모퉁이,2024-01-04,2024-06-03
불법주정차,2023-12-29,16:14,태전동 940-9 부근 횡단보도,2024-01-04,2024-06-03
불법주정차,2023-12-29,16:15,대구일중학교 정문 앞,2024-01-02,2024-06-03
불법주정차,2023-12-29,16:15,동평초등학교네거리,2024-01-02,2024-06-03
불법주정차,2023-12-29,16:17,태전동 624-8 부근 인도,2024-01-04,2024-06-03
불법주정차,2023-12-29,16:17,읍내동 1343-10 부근 횡단보도,2024-01-04,2024-06-03
불법주정차,2023-12-29,16:18,운암지,2024-01-02,2024-06-03
불법주정차,2023-12-29,16:18,동천동회전교차로1,2024-01-02,2024-06-03
불법주정차,2023-12-29,16:19,무지개공영주차장 부근,2024-01-02,2024-06-03
불법주정차,2023-12-29,16:20,오페라코오롱하늘채 앞,2024-01-02,2024-06-03
불법주정차,2023-12-29,16:20,관천초등학교,2024-01-02,2024-06-03
불법주정차,2023-12-29,16:21,칠성시장교통섬,2024-01-02,2024-06-03
불법주정차,2023-12-29,16:21,고성동3가 145 부근,2024-01-04,2024-06-03
불법주정차,2023-12-29,16:22,고성동3가 145 부근,2024-01-04,2024-06-03
불법주정차,2023-12-29,16:23,태전동 974 부근 소화전,2024-01-04,2024-06-03
불법주정차,2023-12-29,16:24,태전초등학교,2024-01-02,2024-06-03
불법주정차,2023-12-29,16:24,동천동회전교차로1,2024-01-02,2024-06-03
불법주정차,2023-12-29,16:25,칠곡초등학교 진입로,2024-01-02,2024-06-03
불법주정차,2023-12-29,16:25,남다른 감자탕,2024-01-02,2024-06-03
불법주정차,2023-12-29,16:25,대구역 오페라더블유2,2024-01-02,2024-06-03
불법주정차,2023-12-29,16:27,NC아울렛 앞 사거리,2024-01-02,2024-06-03
불법주정차,2023-12-29,16:32,노원한신더휴 남문,2024-01-02,2024-06-03
불법주정차,2023-12-29,16:36,오페라트루엘시민의숲,2024-01-02,2024-06-03
불법주정차,2023-12-29,16:37,남다른 감자탕,2024-01-02,2024-06-03
불법주정차,2023-12-29,16:37,태전중석타운 남편 도로,2024-01-02,2024-06-03
불법주정차,2023-12-29,16:42,대구은행 복현지점,2024-01-02,2024-06-03
불법주정차,2023-12-29,16:43,매천시장 3문,2024-01-02,2024-06-03
불법주정차,2023-12-29,16:44,장보고식자재마트 사거리,2024-01-02,2024-06-03
불법주정차,2023-12-29,16:46,대구역 오페라더블유2,2024-01-02,2024-06-03
불법주정차,2023-12-29,16:48,산격동 848-36 부근 횡단보도,2024-01-04,2024-06-03
불법주정차,2023-12-29,16:52,동천동회전교차로1,2024-01-02,2024-06-03
불법주정차,2023-12-29,16:54,복현동 337-5 부근 인도,2024-01-04,2024-06-03
불법주정차,2023-12-29,17:04,칠곡우방타운 삼거리,2024-01-02,2024-06-03
불법주정차,2023-12-29,17:04,태전초등학교,2024-01-02,2024-06-03
불법주정차,2023-12-29,17:06,침산 화성파크드림,2024-01-02,2024-06-03
불법주정차,2023-12-29,17:08,노원한신더휴 남문,2024-01-02,2024-06-03
불법주정차,2023-12-29,17:09,태전동 957-2 부근 모퉁이,2024-01-04,2024-06-03
불법주정차,2023-12-29,17:11,칠성시장교통섬,2024-01-02,2024-06-03
불법주정차,2023-12-29,17:12,산격동 994-1 부근 횡단보도,2024-01-04,2024-06-03
불법주정차,2023-12-29,17:15,NC아울렛 앞 사거리,2024-01-02,2024-06-03
불법주정차,2023-12-29,17:18,읍내동 653-4 부근 인도,2024-01-04,2024-06-03
불법주정차,2023-12-29,17:22,읍내동 1283-2 부근 인도,2024-01-04,2024-06-03
불법주정차,2023-12-29,18:12,복현동 200-4 부근 횡단보도,2024-01-04,2024-06-03
불법주정차,2023-12-29,18:30,사수동 831 부근 횡단보도,2024-01-04,2024-06-03
불법주정차,2023-12-29,18:32,태전동 252-3 부근 인도,2024-01-04,2024-06-03
불법주정차,2023-12-29,18:34,태전동 1049-12 부근 인도,2024-01-04,2024-06-03
불법주정차,2023-12-29,18:43,구암동 787-1 부근,2024-01-04,2024-06-03
불법주정차,2023-12-29,18:44,구암동 787-1 부근,2024-01-04,2024-06-03
불법주정차,2023-12-29,18:45,동천동 894-1 부근 인도,2024-01-04,2024-06-03
불법주정차,2023-12-29,18:51,태전동 253-14 부근 인도,2024-01-04,2024-06-03
불법주정차,2023-12-29,18:51,태전동 253-14 부근 인도,2024-01-04,2024-06-03
불법주정차,2023-12-29,19:00,태전동 1023-12 부근 횡단보도,2024-01-04,2024-06-03
불법주정차,2023-12-29,19:03,사수동 945 부근 모퉁이,2024-01-04,2024-06-03
불법주정차,2023-12-29,19:06,사수동 956 부근 횡단보도,2024-01-04,2024-06-03
불법주정차,2023-12-29,19:08,대현동 153-18 부근 모퉁이,2024-01-04,2024-06-03
불법주정차,2023-12-29,19:09,사수동 962 부근 횡단보도,2024-01-04,2024-06-03
불법주정차,2023-12-29,19:22,구암동 762-1 부근 횡단보도,2024-01-04,2024-06-03
불법주정차,2023-12-29,19:31,학정동 941-4 부근 인도,2024-01-04,2024-06-03
불법주정차,2023-12-29,19:31,학정동 941-4 부근 인도,2024-03-22,2024-06-03
불법주정차,2023-12-29,19:54,구암동 801 부근 횡단보도,2024-04-26,2024-06-03
불법주정차,2023-12-29,19:58,산격동 1428-12 부근 모퉁이,2024-01-04,2024-06-03
불법주정차,2023-12-29,20:04,노원동3가 1227 부근 횡단보도,2024-01-04,2024-06-03
불법주정차,2023-12-29,20:17,태전동 253-3 부근 횡단보도,2024-01-04,2024-06-03
불법주정차,2023-12-29,20:19,구암동 802-1 부근 모퉁이 횡단보도,2024-01-04,2024-06-03
불법주정차,2023-12-29,20:28,구암동 762-1 부근 횡단보도,2024-01-04,2024-06-03
불법주정차,2023-12-29,20:46,태전동 1023-12 부근 횡단보도,2024-01-04,2024-06-03
불법주정차,2023-12-29,21:32,산격동 1185-1 부근 횡단보도,2024-01-04,2024-06-03
불법주정차,2023-12-29,21:37,산격동 산 17-7 부근 횡단보도,2024-01-04,2024-06-03
불법주정차,2023-12-29,21:42,산격동 산 18-2 부근 횡단보도,2024-01-04,2024-06-03
불법주정차,2023-12-29,21:53,읍내동 1236-60 부근 횡단보도,2024-01-04,2024-06-03
불법주정차,2023-12-29,22:37,관음동 1257-11 부근 버스정류소,2024-01-04,2024-06-03
불법주정차,2023-12-29,22:38,관음동 1257-11 부근 버스정류소,2024-01-04,2024-06-03
불법주정차,2023-12-29,22:43,관음동 207 부근 횡단보도,2024-01-04,2024-06-03
불법주정차,2023-12-29,22:53,동천동 892-1 부근 횡단보도,2024-01-04,2024-06-03
불법주정차,2023-12-29,22:56,동천동 894-1 부근 횡단보도,2024-01-04,2024-06-03
불법주정차,2023-12-29,23:09,동천동 896-5 부근 횡단보도,2024-01-04,2024-06-03
불법주정차,2023-12-29,23:33,산격동 1399-11 부근 횡단보도,2024-01-04,2024-06-03
불법주정차,2023-12-30,03:50,금호동 798 부근 횡단보도,2024-01-03,2024-06-03
불법주정차,2023-12-30,03:50,금호동 802 부근 횡단보도,2024-01-03,2024-06-03
불법주정차,2023-12-30,03:51,금호동 798 부근 횡단보도,2024-01-03,2024-06-03
불법주정차,2023-12-30,04:01,검단동 1238 부근 횡단보도,2024-01-04,2024-06-03
불법주정차,2023-12-30,06:40,국우동 1123-3 부근 버스정류소,2024-01-04,2024-06-03
불법주정차,2023-12-30,08:26,산격동 478-25 부근 모퉁이,2024-01-04,2024-06-03
불법주정차,2023-12-30,08:28,산격동 462-20 부근 모퉁이,2024-01-04,2024-06-03
불법주정차,2023-12-30,08:58,관음동 1372 부근 인도,2024-01-04,2024-06-03
불법주정차,2023-12-30,09:03,구암동 788 부근 버스정류소,2024-01-04,2024-06-03
불법주정차,2023-12-30,09:05,구암동 788 부근 버스정류소,2024-01-04,2024-06-03
불법주정차,2023-12-30,09:26,읍내동 1343-4 부근 횡단보도,2024-01-04,2024-06-03
불법주정차,2023-12-30,09:39,매천동 756 부근 모퉁이,2024-01-04,2024-06-03
불법주정차,2023-12-30,09:43,태전동 957-2 부근 모퉁이,2024-01-04,2024-06-03
불법주정차,2023-12-30,09:56,구암동 831-7 부근 모퉁이,2024-01-04,2024-06-03
불법주정차,2023-12-30,10:01,노원한신더휴 동문,2024-01-02,2024-06-03
불법주정차,2023-12-30,10:01,노원한신더휴 남문,2024-01-02,2024-06-03
불법주정차,2023-12-30,10:03,노원한신더휴 남문,2024-01-02,2024-06-03
불법주정차,2023-12-30,10:03,운암초등학교,2024-01-02,2024-06-03
불법주정차,2023-12-30,10:03,구암동 831-7 부근 횡단보도,2024-01-04,2024-06-03
불법주정차,2023-12-30,10:04,운암초등학교,2024-01-02,2024-06-03
불법주정차,2023-12-30,10:05,칠성시장 화재(소방),2024-01-02,2024-06-03
불법주정차,2023-12-30,10:05,오페라 클래시아,2024-01-02,2024-06-03
불법주정차,2023-12-30,10:05,대구역 오페라더블유2,2024-01-02,2024-06-03
불법주정차,2023-12-30,10:06,대구역 오페라더블유2,2024-01-02,2024-06-03
불법주정차,2023-12-30,10:06,운암고등학교,2024-01-02,2024-06-03
불법주정차,2023-12-30,10:06,산격동 엑스코 동문,2024-01-02,2024-06-03
불법주정차,2023-12-30,10:07,오륙민물수산(칠성시장),2024-01-02,2024-06-03
불법주정차,2023-12-30,10:07,칠성시장 화재(소방),2024-01-02,2024-06-03
불법주정차,2023-12-30,10:07,관천초등학교,2024-01-02,2024-06-03
불법주정차,2023-12-30,10:08,칠성시장 화재(소방),2024-01-02,2024-06-03
불법주정차,2023-12-30,10:08,칠곡우방타운 삼거리,2024-01-02,2024-06-03
불법주정차,2023-12-30,10:08,오페라 클래시아,2024-01-02,2024-06-03
불법주정차,2023-12-30,10:08,새동산산부인과,2024-01-02,2024-06-03
불법주정차,2023-12-30,10:09,칠성시장교통섬,2024-01-02,2024-06-03
불법주정차,2023-12-30,10:10,오페라 클래시아,2024-01-02,2024-06-03
불법주정차,2023-12-30,10:11,NC아울렛 앞 사거리,2024-01-02,2024-06-03
불법주정차,2023-12-30,10:11,태전동 969-5 부근 모퉁이,2024-01-04,2024-06-03
불법주정차,2023-12-30,10:12,남다른 감자탕,2024-01-02,2024-06-03
불법주정차,2023-12-30,10:13,침산 화인탑펠리스,2024-01-02,2024-06-03
불법주정차,2023-12-30,10:13,함지초등학교,2024-01-02,2024-06-03
불법주정차,2023-12-30,10:15,동대구시장,2024-01-02,2024-06-03
불법주정차,2023-12-30,10:15,팔달동 대구수산시장,2024-01-02,2024-06-03
불법주정차,2023-12-30,10:16,칠성동 꽃시장 (아름나라,2024-01-02,2024-06-03
불법주정차,2023-12-30,10:17,경진초등학교,2024-01-02,2024-06-03
불법주정차,2023-12-30,10:19,사수동 센스마트,2024-01-02,2024-06-03
불법주정차,2023-12-30,10:19,침산 화인탑펠리스,2024-01-02,2024-06-03
불법주정차,2023-12-30,10:19,한영정형외과,2024-01-02,2024-06-03
불법주정차,2023-12-30,10:21,팔달초등학교,2024-01-02,2024-06-03
불법주정차,2023-12-30,10:23,매천화성파크드림정문,2024-01-02,2024-06-03
불법주정차,2023-12-30,10:24,동천동회전교차로1,2024-01-02,2024-06-03
불법주정차,2023-12-30,10:24,칠성초등학교,2024-01-02,2024-06-03
불법주정차,2023-12-30,10:25,태전동 1239 부근 횡단보도,2024-01-04,2024-06-03
불법주정차,2023-12-30,10:26,태전중석타운 남편 도로,2024-01-02,2024-06-03
불법주정차,2023-12-30,10:26,오페라코오롱하늘채 앞,2024-01-02,2024-06-03
불법주정차,2023-12-30,10:31,태전동 940-6 부근 인도,2024-01-04,2024-06-03
불법주정차,2023-12-30,10:33,금정공원(보행자우선거리,2024-01-02,2024-06-03
불법주정차,2023-12-30,10:33,태전동 중앙시장,2024-01-02,2024-06-03
불법주정차,2023-12-30,10:34,오페라 클래시아,2024-01-02,2024-06-03
불법주정차,2023-12-30,10:37,노원한신더휴 동문,2024-01-02,2024-06-03
불법주정차,2023-12-30,10:39,칠성시장 화재(소방),2024-01-02,2024-06-03
불법주정차,2023-12-30,10:39,농협침산지점앞,2024-01-02,2024-06-03
불법주정차,2023-12-30,10:39,오륙민물수산(칠성시장),2024-01-02,2024-06-03
불법주정차,2023-12-30,10:39,태전동 962 부근 횡단보도,2024-01-04,2024-06-03
불법주정차,2023-12-30,10:40,구암동 833 부근 횡단보도,2024-01-04,2024-06-03
불법주정차,2023-12-30,10:44,팔달초등학교,2024-01-02,2024-06-03
불법주정차,2023-12-30,10:47,노원한신더휴 동문,2024-01-02,2024-06-03
불법주정차,2023-12-30,10:52,침산동 18-24 부근 모퉁이,2024-01-04,2024-06-03
불법주정차,2023-12-30,10:56,학정동 303-4 부근 횡단보도,2024-01-04,2024-06-03
불법주정차,2023-12-30,11:07,무지개공영주차장 부근,2024-01-02,2024-06-03
불법주정차,2023-12-30,11:09,함지초등학교,2024-01-02,2024-06-03
불법주정차,2023-12-30,11:13,동천동 953-1 부근 횡단보도,2024-01-04,2024-06-03
불법주정차,2023-12-30,11:13,동천동 962-4 부근 인도,2024-01-04,2024-06-03
불법주정차,2023-12-30,11:16,검단동 887-103 부근 횡단보도,2024-01-04,2024-06-03
불법주정차,2023-12-30,11:20,구암동 651 부근 인도,2024-01-18,2024-06-03
불법주정차,2023-12-30,11:25,읍내동 1449 부근,2024-01-04,2024-06-03
불법주정차,2023-12-30,11:30,산격동 1424-48 부근 횡단보도,2024-01-04,2024-06-03
불법주정차,2023-12-30,11:50,웨딩메르디앙 앞,2024-01-02,2024-06-03
불법주정차,2023-12-30,11:57,사수동 953 부근 횡단보도,2024-01-04,2024-06-03
불법주정차,2023-12-30,11:59,침산동 133-76 부근 인도,2024-01-04,2024-06-03
불법주정차,2023-12-30,11:59,사수동 994 부근 모퉁이,2024-01-04,2024-06-03
불법주정차,2023-12-30,12:08,관음동 1320 부근 횡단보도,2024-01-04,2024-06-03
불법주정차,2023-12-30,12:12,산격동 64 부근 인도,2024-01-04,2024-06-03
불법주정차,2023-12-30,12:16,대학로 파리바게트 부근,2024-01-02,2024-06-03
불법주정차,2023-12-30,12:25,침산동 133-40 부근 횡단보도,2024-01-04,2024-06-03
불법주정차,2023-12-30,12:38,대학로 파리바게트 부근,2024-01-02,2024-06-03
불법주정차,2023-12-30,12:48,대학로 파리바게트 부근,2024-01-02,2024-06-03
불법주정차,2023-12-30,13:07,산격동 1817 부근 인도,2024-01-04,2024-06-03
불법주정차,2023-12-30,13:12,구암동 833-1 부근 횡단보도,2024-01-04,2024-06-03
불법주정차,2023-12-30,13:15,구암동 833 부근 횡단보도,2024-01-04,2024-06-03
불법주정차,2023-12-30,13:22,대학로23길,2024-01-02,2024-06-03
불법주정차,2023-12-30,13:30,구암동 694-2 부근 소화전,2024-01-04,2024-06-03
불법주정차,2023-12-30,13:48,대학로 파리바게트 부근,2024-01-02,2024-06-03
불법주정차,2023-12-30,13:49,구암동 839 부근 버스정류소,2024-01-04,2024-06-03
불법주정차,2023-12-30,13:51,사수동 984 부근 모퉁이,2024-01-04,2024-06-03
불법주정차,2023-12-30,14:03,무지개공영주차장 부근,2024-01-02,2024-06-03
불법주정차,2023-12-30,14:12,매천동 677-1 부근 횡단보도,2024-03-13,2024-06-03
불법주정차,2023-12-30,14:22,매천동 677-1 부근 횡단보도,2024-01-04,2024-06-03
불법주정차,2023-12-30,14:24,대학로 파리바게트 부근,2024-01-02,2024-06-03
불법주정차,2023-12-30,14:24,침산동 338-2 부근 인도,2024-01-04,2024-06-03
불법주정차,2023-12-30,14:29,대학로 파리바게트 부근,2024-01-02,2024-06-03
불법주정차,2023-12-30,14:30,새동산산부인과,2024-01-02,2024-06-03
불법주정차,2023-12-30,14:30,무지개공영주차장 부근,2024-01-02,2024-06-03
불법주정차,2023-12-30,14:31,동천동회전교차로1,2024-01-02,2024-06-03
불법주정차,2023-12-30,14:31,새동산산부인과,2024-01-02,2024-06-03
불법주정차,2023-12-30,14:31,동천동회전교차로2,2024-01-02,2024-06-03
불법주정차,2023-12-30,14:32,동천동회전교차로2,2024-01-02,2024-06-03
불법주정차,2023-12-30,14:32,동아아울렛 뒷편,2024-05-21,2024-06-03
불법주정차,2023-12-30,14:34,운암초등학교,2024-01-02,2024-06-03
불법주정차,2023-12-30,14:34,새동산산부인과,2024-01-02,2024-06-03
불법주정차,2023-12-30,14:34,대구역 오페라더블유2,2024-01-02,2024-06-03
불법주정차,2023-12-30,14:35,칠성시장교통섬,2024-01-02,2024-06-03
불법주정차,2023-12-30,14:35,경진초등학교,2024-01-02,2024-06-03
불법주정차,2023-12-30,14:35,팔달초등학교,2024-01-02,2024-06-03
불법주정차,2023-12-30,14:36,오페라코오롱하늘채 앞,2024-01-02,2024-06-03
불법주정차,2023-12-30,14:37,대구은행 학정로 지점,2024-01-02,2024-06-03
불법주정차,2023-12-30,14:37,남다른 감자탕,2024-01-02,2024-06-03
불법주정차,2023-12-30,14:37,동천동회전교차로1,2024-01-02,2024-06-03
불법주정차,2023-12-30,14:37,오페라코오롱하늘채 앞,2024-01-02,2024-06-03
불법주정차,2023-12-30,14:38,동천동회전교차로1,2024-01-02,2024-06-03
불법주정차,2023-12-30,14:38,팔달동 대구수산시장,2024-01-02,2024-06-03
불법주정차,2023-12-30,14:38,금정공원(보행자우선거리,2024-03-13,2024-06-03
불법주정차,2023-12-30,14:39,대구역 오페라더블유2,2024-01-02,2024-06-03
불법주정차,2023-12-30,14:39,칠성시장교통섬,2024-01-02,2024-06-03
불법주정차,2023-12-30,14:39,칠곡우방타운 삼거리,2024-01-02,2024-06-03
불법주정차,2023-12-30,14:39,팔달동 대구수산시장,2024-01-02,2024-06-03
불법주정차,2023-12-30,14:40,칠성시장교통섬,2024-01-02,2024-06-03
불법주정차,2023-12-30,14:40,엑스코 앞,2024-01-02,2024-06-03
불법주정차,2023-12-30,14:41,NC아울렛 앞 사거리,2024-01-02,2024-06-03
불법주정차,2023-12-30,14:41,매천초등학교,2024-01-02,2024-06-03
불법주정차,2023-12-30,14:42,대학로13길,2024-01-02,2024-06-03
불법주정차,2023-12-30,14:43,운암고등학교,2024-01-02,2024-06-03
불법주정차,2023-12-30,14:44,NC아울렛 앞 사거리,2024-01-02,2024-06-03
불법주정차,2023-12-30,14:46,침산 화인탑펠리스,2024-01-02,2024-06-03
불법주정차,2023-12-30,14:47,칠곡농협 관음지점,2024-01-02,2024-06-03
불법주정차,2023-12-30,14:48,동평초등학교네거리,2024-01-02,2024-06-03
불법주정차,2023-12-30,14:48,오페라코오롱하늘채 앞,2024-01-02,2024-06-03
불법주정차,2023-12-30,14:49,오페라 클래시아,2024-01-02,2024-06-03
불법주정차,2023-12-30,14:50,복현동 478-8 부근 인도,2024-01-04,2024-06-03
불법주정차,2023-12-30,14:51,노원한신더휴 남문,2024-01-02,2024-06-03
불법주정차,2023-12-30,14:52,침산 화성파크드림,2024-01-02,2024-06-03
불법주정차,2023-12-30,14:55,동천동회전교차로2,2024-01-02,2024-06-03
불법주정차,2023-12-30,14:57,대학로 파리바게트 부근,2024-01-02,2024-06-03
불법주정차,2023-12-30,14:59,사수동 센스마트,2024-01-02,2024-06-03
불법주정차,2023-12-30,14:59,새동산산부인과,2024-04-25,2024-06-03
불법주정차,2023-12-30,15:00,동천동 962-4 부근 횡단보도,2024-01-04,2024-06-03
불법주정차,2023-12-30,15:00,동천동 962-4 부근 횡단보도,2024-01-04,2024-06-03
불법주정차,2023-12-30,15:02,남다른 감자탕,2024-01-02,2024-06-03
불법주정차,2023-12-30,15:03,대산초등학교,2024-01-02,2024-06-03
불법주정차,2023-12-30,15:04,동천동회전교차로2,2024-01-02,2024-06-03
불법주정차,2023-12-30,15:04,무지개공영주차장 부근,2024-01-02,2024-06-03
불법주정차,2023-12-30,15:05,코스트코 주차장 앞,2024-01-02,2024-06-03
불법주정차,2023-12-30,15:06,태전동 1106-1 부근 인도,2024-01-04,2024-06-03
불법주정차,2023-12-30,15:07,사수동 센스마트,2024-01-02,2024-06-03
불법주정차,2023-12-30,15:08,침산 화인탑펠리스,2024-01-02,2024-06-03
불법주정차,2023-12-30,15:08,동천동회전교차로2,2024-01-02,2024-06-03
불법주정차,2023-12-30,15:11,동천동회전교차로1,2024-01-02,2024-06-03
불법주정차,2023-12-30,15:11,노원한신더휴 동문,2024-01-02,2024-06-03
불법주정차,2023-12-30,15:11,칠곡초등학교 진입로,2024-01-02,2024-06-03
불법주정차,2023-12-30,15:13,동천동회전교차로1,2024-01-02,2024-06-03
불법주정차,2023-12-30,15:14,침산동 498-4 부근 횡단보도,2024-01-04,2024-06-03
불법주정차,2023-12-30,15:16,팔달동 대구수산시장,2024-01-02,2024-06-03
불법주정차,2023-12-30,15:17,오페라코오롱하늘채 앞,2024-03-13,2024-06-03
불법주정차,2023-12-30,15:18,침산 화인탑펠리스,2024-01-02,2024-06-03
불법주정차,2023-12-30,15:18,경진초등학교,2024-01-02,2024-06-03
불법주정차,2023-12-30,15:19,침산1동회전교차로1,2024-01-02,2024-06-03
불법주정차,2023-12-30,15:21,새동산산부인과,2024-01-02,2024-06-03
불법주정차,2023-12-30,15:22,오페라트루엘시민의숲,2024-01-02,2024-06-03
불법주정차,2023-12-30,15:22,노원한신더휴 남문,2024-01-02,2024-06-03
불법주정차,2023-12-30,15:22,코스트코 주차장 앞,2024-01-02,2024-06-03
불법주정차,2023-12-30,15:22,팔달동 대구수산시장,2024-01-02,2024-06-03
불법주정차,2023-12-30,15:23,오페라코오롱하늘채 앞,2024-01-02,2024-06-03
불법주정차,2023-12-30,15:23,북부초등학교,2024-01-02,2024-06-03
불법주정차,2023-12-30,15:24,르노삼성자동차 침산점,2024-01-02,2024-06-03
불법주정차,2023-12-30,15:25,태전동 중앙시장,2024-01-02,2024-06-03
불법주정차,2023-12-30,15:27,대현동 405-5 부근 모퉁이,2024-01-04,2024-06-03
불법주정차,2023-12-30,15:29,팔달동 대구수산시장,2024-01-02,2024-06-03
불법주정차,2023-12-30,15:31,사수동 센스마트,2024-01-02,2024-06-03
불법주정차,2023-12-30,15:34,새동산산부인과,2024-01-02,2024-06-03
불법주정차,2023-12-30,15:37,대구역 오페라더블유2,2024-01-02,2024-06-03
불법주정차,2023-12-30,15:38,팔달동 대구수산시장,2024-01-02,2024-06-03
불법주정차,2023-12-30,15:38,침산 화성파크드림,2024-01-02,2024-06-03
불법주정차,2023-12-30,15:41,거창식당 앞(칠성시장),2024-01-02,2024-06-03
불법주정차,2023-12-30,15:41,노원한신더휴 동문,2024-01-02,2024-06-03
불법주정차,2023-12-30,15:42,오페라코오롱하늘채 앞,2024-01-02,2024-06-03
불법주정차,2023-12-30,15:43,NC아울렛 앞 사거리,2024-01-02,2024-06-03
불법주정차,2023-12-30,15:46,금정공원(보행자우선거리,2024-01-02,2024-06-03
불법주정차,2023-12-30,15:46,팔달동 대구수산시장,2024-01-02,2024-06-03
불법주정차,2023-12-30,15:47,동천동 962-1 부근 모퉁이,2024-01-04,2024-06-03
불법주정차,2023-12-30,15:49,동천동회전교차로1,2024-01-02,2024-06-03
불법주정차,2023-12-30,15:52,NC아울렛 앞 사거리,2024-01-02,2024-06-03
불법주정차,2023-12-30,15:54,대산초등학교,2024-01-02,2024-06-03
불법주정차,2023-12-30,15:57,오페라 클래시아,2024-01-02,2024-06-03
불법주정차,2023-12-30,15:57,사수동 센스마트,2024-01-02,2024-06-03
불법주정차,2023-12-30,15:58,복현동 시티병원,2024-01-02,2024-06-03
불법주정차,2023-12-30,15:59,칠성시장교통섬,2024-01-02,2024-06-03
불법주정차,2023-12-30,16:02,거창식당 앞(칠성시장),2024-01-02,2024-06-03
불법주정차,2023-12-30,16:02,팔달동 대구수산시장,2024-01-02,2024-06-03
불법주정차,2023-12-30,16:03,팔달동 대구수산시장,2024-01-02,2024-06-03
불법주정차,2023-12-30,16:03,새동산산부인과,2024-01-02,2024-06-03
불법주정차,2023-12-30,16:04,오페라 클래시아,2024-01-02,2024-06-03
불법주정차,2023-12-30,16:06,칠곡시외버스하차장,2024-01-02,2024-06-03
불법주정차,2023-12-30,16:06,노원한신더휴 동문,2024-01-02,2024-06-03
불법주정차,2023-12-30,16:06,칠성동1가 18-105 부근 횡단보도,2024-01-04,2024-06-03
불법주정차,2023-12-30,16:07,NC아울렛 앞 사거리,2024-01-02,2024-06-03
불법주정차,2023-12-30,16:07,무지개공영주차장 부근,2024-01-02,2024-06-03
불법주정차,2023-12-30,16:08,금정공원(보행자우선거리,2024-01-02,2024-06-03
불법주정차,2023-12-30,16:13,팔달동 대구수산시장,2024-01-02,2024-06-03
불법주정차,2023-12-30,16:14,노원한신더휴 동문,2024-01-02,2024-06-03
불법주정차,2023-12-30,16:15,관음동 605-45 부근 소화전,2024-01-04,2024-06-03
불법주정차,2023-12-30,16:16,대구역 오페라더블유2,2024-01-02,2024-06-03
불법주정차,2023-12-30,16:16,관음 상가,2024-01-02,2024-06-03
불법주정차,2023-12-30,16:17,새동산산부인과,2024-01-02,2024-06-03
불법주정차,2023-12-30,16:19,동천동회전교차로1,2024-01-02,2024-06-03
불법주정차,2023-12-30,16:20,오페라코오롱하늘채 앞,2024-01-02,2024-06-03
불법주정차,2023-12-30,16:23,동천동회전교차로2,2024-01-02,2024-06-03
불법주정차,2023-12-30,16:23,동천동회전교차로1,2024-01-02,2024-06-03
불법주정차,2023-12-30,16:23,동천동 906-4 부근 인도,2024-01-04,2024-06-03
불법주정차,2023-12-30,16:24,코스트코 주차장 앞,2024-01-02,2024-06-03
불법주정차,2023-12-30,16:26,동천동회전교차로2,2024-01-02,2024-06-03
불법주정차,2023-12-30,16:26,동아아울렛 뒷편,2024-01-02,2024-06-03
불법주정차,2023-12-30,16:26,동천동 910-1 부근 인도,2024-01-04,2024-06-03
불법주정차,2023-12-30,16:27,사수동 909 부근 모퉁이,2024-01-04,2024-06-03
불법주정차,2023-12-30,16:30,노원한신더휴 남문,2024-01-02,2024-06-03
불법주정차,2023-12-30,16:31,동천동회전교차로2,2024-01-02,2024-06-03
불법주정차,2023-12-30,16:32,NC아울렛 앞 사거리,2024-01-02,2024-06-03
불법주정차,2023-12-30,16:33,사수동 983 부근 모퉁이,2024-01-04,2024-06-03
불법주정차,2023-12-30,16:37,팔달동 대구수산시장,2024-01-02,2024-06-03
불법주정차,2023-12-30,16:37,사수동 826 부근 모퉁이,2024-01-04,2024-06-03
불법주정차,2023-12-30,16:38,팔달동 대구수산시장,2024-01-02,2024-06-03
불법주정차,2023-12-30,16:39,오페라 클래시아,2024-01-02,2024-06-03
불법주정차,2023-12-30,16:39,운암초등학교,2024-01-02,2024-06-03
불법주정차,2023-12-30,16:39,노원한신더휴 남문,2024-01-02,2024-06-03
불법주정차,2023-12-30,16:39,산격동 1397-44 부근 모퉁이,2024-01-04,2024-06-03
불법주정차,2023-12-30,16:41,KB국민은행침산지점,2024-01-02,2024-06-03
불법주정차,2023-12-30,16:46,노원한신더휴 동문,2024-01-02,2024-06-03
불법주정차,2023-12-30,16:46,팔달동 대구수산시장,2024-01-02,2024-06-03
불법주정차,2023-12-30,16:48,산격동 엑스코 동문,2024-01-02,2024-06-03
불법주정차,2023-12-30,16:49,산격동 478-44 부근 인도,2024-01-03,2024-06-03
불법주정차,2023-12-30,16:58,침산동 456-7 부근 인도,2024-01-04,2024-06-03
불법주정차,2023-12-30,17:00,산격동 1441-5 부근 소화전,2024-01-04,2024-06-03
불법주정차,2023-12-30,17:04,사수동 833 부근 모퉁이,2024-01-04,2024-06-03
불법주정차,2023-12-30,17:54,사수동 983 부근 인도,2024-01-04,2024-06-03
불법주정차,2023-12-30,18:27,침산동 327-5 부근 횡단보도,2024-01-04,2024-06-03
불법주정차,2023-12-30,19:41,동천동 962-4 부근 횡단보도,2024-01-04,2024-06-03
불법주정차,2023-12-30,19:59,동천동 962-6 부근 인도,2024-01-04,2024-06-03
불법주정차,2023-12-30,20:37,고성동3가 5-18 부근 횡단보도,2024-01-04,2024-06-03
불법주정차,2023-12-30,21:15,태전동 986-21 부근 모퉁이,2024-01-04,2024-06-03
불법주정차,2023-12-30,21:18,태전동 990 부근 횡단보도,2024-01-04,2024-06-03
불법주정차,2023-12-30,21:22,태전동 964-12 부근 모퉁이,2024-01-04,2024-06-03
불법주정차,2023-12-30,21:43,복현동 157-5 부근 횡단보도,2024-01-04,2024-06-03
불법주정차,2023-12-30,22:28,관음동 1274 부근 버스정류소,2024-01-04,2024-06-03
불법주정차,2023-12-30,22:30,관음동 1274 부근 횡단보도,2024-01-04,2024-06-03
불법주정차,2023-12-30,23:47,복현동 421-1 부근 모퉁이,2024-01-04,2024-06-03
불법주정차,2023-12-31,00:45,대현동 480-6 부근 횡단보도,2024-01-03,2024-06-03
불법주정차,2023-12-31,01:27,금호동 802 부근 횡단보도,2024-01-08,2024-06-03
불법주정차,2023-12-31,01:28,금호동 803 부근 횡단보도,2024-01-08,2024-06-03
불법주정차,2023-12-31,01:28,금호동 803 부근 횡단보도,2024-01-08,2024-06-03
불법주정차,2023-12-31,08:00,태전동 969-6 부근 모퉁이,2024-01-03,2024-06-03
불법주정차,2023-12-31,08:14,태전동 1233 부근 모퉁이,2024-01-03,2024-06-03
불법주정차,2023-12-31,08:27,산격동 478-25 부근 모퉁이,2024-01-03,2024-06-03
불법주정차,2023-12-31,08:30,산격동 462-20 부근 모퉁이,2024-01-03,2024-06-03
불법주정차,2023-12-31,08:32,산격동 478-25 부근 모퉁이,2024-01-03,2024-06-03
불법주정차,2023-12-31,10:02,동천동회전교차로1,2024-01-02,2024-06-03
불법주정차,2023-12-31,10:02,서변공영주차장 사거리,2024-01-02,2024-06-03
불법주정차,2023-12-31,10:03,운암초등학교,2024-01-02,2024-06-03
불법주정차,2023-12-31,10:03,침산1동회전교차로1,2024-01-02,2024-06-03
불법주정차,2023-12-31,10:03,오페라 클래시아,2024-01-02,2024-06-03
불법주정차,2023-12-31,10:03,운암초등학교,2024-01-02,2024-06-03
불법주정차,2023-12-31,10:04,칠성동 꽃시장 (아름나라,2024-01-02,2024-06-03
불법주정차,2023-12-31,10:04,대구역 오페라더블유2,2024-01-02,2024-06-03
불법주정차,2023-12-31,10:05,영남네오빌아트 후문,2024-01-02,2024-06-03
불법주정차,2023-12-31,10:05,운암지,2024-01-02,2024-06-03
불법주정차,2023-12-31,10:05,대구역 오페라더블유2,2024-01-02,2024-06-03
불법주정차,2023-12-31,10:05,칠곡초등학교 진입로,2024-01-02,2024-06-03
불법주정차,2023-12-31,10:06,오페라 클래시아,2024-01-02,2024-06-03
불법주정차,2023-12-31,10:06,대구은행 복현지점,2024-01-02,2024-06-03
불법주정차,2023-12-31,10:06,침산 화성파크드림,2024-01-02,2024-06-03
불법주정차,2023-12-31,10:06,동천동회전교차로1,2024-01-02,2024-06-03
불법주정차,2023-12-31,10:06,태전초등학교,2024-01-02,2024-06-03
불법주정차,2023-12-31,10:06,운암초등학교,2024-01-02,2024-06-03
불법주정차,2023-12-31,10:07,침산동 매일천막 앞,2024-01-02,2024-06-03
불법주정차,2023-12-31,10:08,운암고등학교,2024-01-02,2024-06-03
불법주정차,2023-12-31,10:08,사수동 센스마트,2024-01-02,2024-06-03
불법주정차,2023-12-31,10:09,침산 화인탑펠리스,2024-01-02,2024-06-03
불법주정차,2023-12-31,10:09,르노삼성자동차 침산점,2024-01-02,2024-06-03
불법주정차,2023-12-31,10:09,경진초등학교,2024-01-02,2024-06-03
불법주정차,2023-12-31,10:10,오페라 클래시아,2024-01-02,2024-06-03
불법주정차,2023-12-31,10:12,성삼우리신협 앞,2024-01-02,2024-06-03
불법주정차,2023-12-31,10:12,오페라 클래시아,2024-01-02,2024-06-03
불법주정차,2023-12-31,10:13,태전동 중앙시장,2024-01-02,2024-06-03
불법주정차,2023-12-31,10:14,침산 화인탑펠리스,2024-01-02,2024-06-03
불법주정차,2023-12-31,10:14,팔달초등학교,2024-01-02,2024-06-03
불법주정차,2023-12-31,10:15,대구일중학교 정문 앞,2024-01-02,2024-06-03
불법주정차,2023-12-31,10:15,오페라트루엘시민의숲,2024-01-02,2024-06-03
불법주정차,2023-12-31,10:15,대구보건대,2024-01-02,2024-06-03
불법주정차,2023-12-31,10:16,침산 화인탑펠리스,2024-01-02,2024-06-03
불법주정차,2023-12-31,10:17,운암지,2024-01-02,2024-06-03
불법주정차,2023-12-31,10:18,동천동회전교차로2,2024-01-02,2024-06-03
불법주정차,2023-12-31,10:20,노원한신더휴 동문,2024-01-02,2024-06-03
불법주정차,2023-12-31,10:20,운암지,2024-01-02,2024-06-03
불법주정차,2023-12-31,10:22,칠성초등학교,2024-01-02,2024-06-03
불법주정차,2023-12-31,10:26,칠성시장교통섬,2024-01-02,2024-06-03
불법주정차,2023-12-31,10:27,침산 화인탑펠리스,2024-01-02,2024-06-03
불법주정차,2023-12-31,10:28,칠곡우방타운 삼거리,2024-01-02,2024-06-03
불법주정차,2023-12-31,10:28,오페라 클래시아,2024-01-02,2024-06-03
불법주정차,2023-12-31,10:28,농협침산지점앞,2024-01-02,2024-06-03
불법주정차,2023-12-31,10:28,센트럴파크대현 정문,2024-01-02,2024-06-03
불법주정차,2023-12-31,10:29,동아아울렛 뒷편,2024-01-02,2024-06-03
불법주정차,2023-12-31,10:29,오륙민물수산(칠성시장),2024-01-02,2024-06-03
불법주정차,2023-12-31,10:35,오페라 클래시아,2024-01-02,2024-06-03
불법주정차,2023-12-31,10:41,금정공원(보행자우선거리,2024-01-02,2024-06-03
불법주정차,2023-12-31,10:48,거창식당 앞(칠성시장),2024-01-02,2024-06-03
불법주정차,2023-12-31,10:50,학정동 943-3 부근 소화전,2024-01-03,2024-06-03
불법주정차,2023-12-31,11:09,산격동 1681 부근 횡단보도,2024-01-03,2024-06-03
불법주정차,2023-12-31,11:11,대학로 파리바게트 부근,2024-01-02,2024-06-03
불법주정차,2023-12-31,11:20,사수동 953 부근 횡단보도,2024-01-03,2024-06-03
불법주정차,2023-12-31,11:25,학정동 943 부근 모퉁이,2024-01-03,2024-06-03
불법주정차,2023-12-31,11:35,대학로 파리바게트 부근,2024-01-02,2024-06-03
불법주정차,2023-12-31,11:41,금호동 802 부근 횡단보도,2024-01-05,2024-06-03
불법주정차,2023-12-31,11:46,무지개공영주차장 부근,2024-01-02,2024-06-03
불법주정차,2023-12-31,11:46,태전동 1023-12 부근 횡단보도,2024-01-03,2024-06-03
불법주정차,2023-12-31,11:52,무지개공영주차장 부근,2024-01-02,2024-06-03
불법주정차,2023-12-31,11:53,대학로 파리바게트 부근,2024-01-02,2024-06-03
불법주정차,2023-12-31,12:08,산격동 53-3 부근 인도,2024-01-03,2024-06-03
불법주정차,2023-12-31,12:20,연경동 923 부근 버스정류소,2024-01-03,2024-06-03
불법주정차,2023-12-31,12:55,매천동 527-3 부근 모퉁이,2024-01-03,2024-06-03
불법주정차,2023-12-31,12:59,동천동 896-1 부근 횡단보도,2024-01-03,2024-06-03
불법주정차,2023-12-31,12:59,동천동 896-1 부근 횡단보도,2024-01-03,2024-06-03
불법주정차,2023-12-31,13:00,대학로23길,2024-01-02,2024-06-03
불법주정차,2023-12-31,13:01,대학로13길,2024-01-02,2024-06-03
불법주정차,2023-12-31,13:10,산격동 산 17-7 부근 횡단보도,2024-01-03,2024-06-03
불법주정차,2023-12-31,13:15,산격동 1197-86 부근 소화전,2024-01-03,2024-06-03
불법주정차,2023-12-31,13:15,산격동 1727 부근 횡단보도,2024-01-03,2024-06-03
불법주정차,2023-12-31,13:18,산격동 산 17-7 부근 횡단보도,2024-01-03,2024-06-03
불법주정차,2023-12-31,13:22,산격동 1727 부근 횡단보도,2024-03-13,2024-06-03
불법주정차,2023-12-31,13:25,산격동 1727 부근 횡단보도,2024-01-03,2024-06-03
불법주정차,2023-12-31,13:50,대학로23길,2024-01-02,2024-06-03
불법주정차,2023-12-31,13:52,읍내동 1343-6 부근 횡단보도,2024-01-03,2024-06-03
불법주정차,2023-12-31,13:57,서변동 1148-1 부근 횡단보도,2024-01-03,2024-06-03
불법주정차,2023-12-31,13:57,복현동 200-2 부근 인도,2024-01-03,2024-06-03
불법주정차,2023-12-31,14:03,읍내동 1343-5 부근 횡단보도,2024-01-03,2024-06-03
불법주정차,2023-12-31,14:05,함지초등학교,2024-01-02,2024-06-03
불법주정차,2023-12-31,14:25,대학로23길,2024-01-02,2024-06-03
불법주정차,2023-12-31,14:32,동천동회전교차로1,2024-01-02,2024-06-03
불법주정차,2023-12-31,14:33,운암초등학교,2024-01-02,2024-06-03
불법주정차,2023-12-31,14:33,새동산산부인과,2024-01-02,2024-06-03
불법주정차,2023-12-31,14:33,동천동회전교차로1,2024-01-02,2024-06-03
불법주정차,2023-12-31,14:33,금호서한이다음정문,2024-01-02,2024-06-03
불법주정차,2023-12-31,14:33,동아아울렛 뒷편,2024-01-09,2024-06-03
불법주정차,2023-12-31,14:34,침산1동회전교차로1,2024-01-02,2024-06-03
불법주정차,2023-12-31,14:34,대구일중학교 정문 앞,2024-01-02,2024-06-03
불법주정차,2023-12-31,14:35,칠곡우방타운 삼거리,2024-01-02,2024-06-03
불법주정차,2023-12-31,14:37,노원한신더휴 동문,2024-01-02,2024-06-03
불법주정차,2023-12-31,14:37,칠곡초등학교 진입로,2024-01-02,2024-06-03
불법주정차,2023-12-31,14:37,동천동회전교차로1,2024-01-02,2024-06-03
불법주정차,2023-12-31,14:38,관천초등학교,2024-01-02,2024-06-03
불법주정차,2023-12-31,14:39,침산 화인탑펠리스,2024-01-02,2024-06-03
불법주정차,2023-12-31,14:39,대학로 파리바게트 부근,2024-01-02,2024-06-03
불법주정차,2023-12-31,14:39,칠성초등학교,2024-01-02,2024-06-03
불법주정차,2023-12-31,14:39,복현동 시티병원,2024-01-02,2024-06-03
불법주정차,2023-12-31,14:39,산격동 엑스코 동문,2024-01-02,2024-06-03
불법주정차,2023-12-31,14:40,엑스코 앞,2024-01-02,2024-06-03
불법주정차,2023-12-31,14:40,대산초등학교,2024-01-02,2024-06-03
불법주정차,2023-12-31,14:42,산격동 북대구 농협,2024-01-02,2024-06-03
불법주정차,2023-12-31,14:42,새동산산부인과,2024-01-02,2024-06-03
불법주정차,2023-12-31,14:43,팔달동 대구수산시장,2024-01-02,2024-06-03
불법주정차,2023-12-31,14:44,침산 화성파크드림,2024-01-02,2024-06-03
불법주정차,2023-12-31,14:44,노원한신더휴 동문,2024-01-02,2024-06-03
불법주정차,2023-12-31,14:44,경대북문 건너편,2024-01-02,2024-06-03
불법주정차,2023-12-31,14:45,칠성시장교통섬,2024-01-02,2024-06-03
불법주정차,2023-12-31,14:45,침산 화인탑펠리스,2024-01-02,2024-06-03
불법주정차,2023-12-31,14:45,대구은행 복현지점,2024-01-02,2024-06-03
불법주정차,2023-12-31,14:47,칠성동 꽃시장 (아름나라,2024-01-02,2024-06-03
불법주정차,2023-12-31,14:47,오페라코오롱하늘채 앞,2024-01-02,2024-06-03
불법주정차,2023-12-31,14:47,태전동 1023-10 부근 모퉁이,2024-01-03,2024-06-03
불법주정차,2023-12-31,14:48,칠곡우방타운 삼거리,2024-01-02,2024-06-03
불법주정차,2023-12-31,14:48,동천동회전교차로2,2024-03-13,2024-06-03
불법주정차,2023-12-31,14:49,북부초등학교,2024-01-02,2024-06-03
불법주정차,2023-12-31,14:49,농협침산지점앞,2024-01-02,2024-06-03
불법주정차,2023-12-31,14:49,경진초등학교,2024-01-02,2024-06-03
불법주정차,2023-12-31,14:49,동천동회전교차로1,2024-01-02,2024-06-03
불법주정차,2023-12-31,14:49,동대구시장,2024-01-02,2024-06-03
불법주정차,2023-12-31,14:51,읍내동 1274 부근 버스정류소,2024-01-03,2024-06-03
불법주정차,2023-12-31,14:52,오페라 클래시아,2024-01-02,2024-06-03
불법주정차,2023-12-31,14:52,팔달동 대구수산시장,2024-01-02,2024-06-03
불법주정차,2023-12-31,14:52,동천동회전교차로1,2024-01-02,2024-06-03
불법주정차,2023-12-31,14:54,팔달동 대구수산시장,2024-01-02,2024-06-03
불법주정차,2023-12-31,14:55,칠곡우방타운 삼거리,2024-01-02,2024-06-03
불법주정차,2023-12-31,14:55,운암초등학교,2024-01-02,2024-06-03
불법주정차,2023-12-31,14:55,팔달동 대구수산시장,2024-01-02,2024-06-03
불법주정차,2023-12-31,14:57,대구병원네거리,2024-01-02,2024-06-03
불법주정차,2023-12-31,14:57,금호서한이다음정문,2024-01-02,2024-06-03
불법주정차,2023-12-31,14:57,구암동 792-10 부근 모퉁이,2024-01-03,2024-06-03
불법주정차,2023-12-31,14:58,운암초등학교,2024-01-02,2024-06-03
불법주정차,2023-12-31,14:58,침산 화인탑펠리스,2024-01-02,2024-06-03
불법주정차,2023-12-31,14:58,운암고등학교,2024-01-02,2024-06-03
불법주정차,2023-12-31,14:59,노원한신더휴 남문,2024-01-02,2024-06-03
불법주정차,2023-12-31,14:59,동아아울렛 뒷편,2024-01-02,2024-06-03
불법주정차,2023-12-31,15:00,노원한신더휴 남문,2024-01-02,2024-06-03
불법주정차,2023-12-31,15:00,농협침산지점앞,2024-01-02,2024-06-03
불법주정차,2023-12-31,15:01,칠곡초등학교,2024-01-02,2024-06-03
불법주정차,2023-12-31,15:02,운암지,2024-01-02,2024-06-03
불법주정차,2023-12-31,15:02,거창식당 앞(칠성시장),2024-01-02,2024-06-03
불법주정차,2023-12-31,15:02,칠성동 꽃시장 (아름나라,2024-01-02,2024-06-03
불법주정차,2023-12-31,15:02,영남네오빌아트 후문,2024-03-13,2024-06-03
불법주정차,2023-12-31,15:04,센트럴파크대현 정문,2024-01-02,2024-06-03
불법주정차,2023-12-31,15:04,금정공원(보행자우선거리,2024-01-02,2024-06-03
불법주정차,2023-12-31,15:04,산격동 경대북문,2024-01-02,2024-06-03
불법주정차,2023-12-31,15:06,태암초등학교,2024-01-02,2024-06-03
불법주정차,2023-12-31,15:07,새동산산부인과,2024-01-02,2024-06-03
불법주정차,2023-12-31,15:07,복현동 산 44-6 부근 인도,2024-01-03,2024-06-03
불법주정차,2023-12-31,15:08,팔달동 대구수산시장,2024-01-02,2024-06-03
불법주정차,2023-12-31,15:09,동천동회전교차로2,2024-01-02,2024-06-03
불법주정차,2023-12-31,15:10,복현동 산 44-6 부근 인도,2024-01-03,2024-06-03
불법주정차,2023-12-31,15:10,오페라 클래시아,2024-03-13,2024-06-03
불법주정차,2023-12-31,15:11,침산 화인탑펠리스,2024-01-02,2024-06-03
불법주정차,2023-12-31,15:12,팔달동 대구수산시장,2024-01-02,2024-06-03
불법주정차,2023-12-31,15:15,운암초등학교,2024-01-02,2024-06-03
불법주정차,2023-12-31,15:16,엑스코 앞,2024-01-02,2024-06-03
불법주정차,2023-12-31,15:16,동천동회전교차로1,2024-01-02,2024-06-03
불법주정차,2023-12-31,15:17,북부초등학교,2024-01-02,2024-06-03
불법주정차,2023-12-31,15:21,센트럴파크대현 정문,2024-01-02,2024-06-03
불법주정차,2023-12-31,15:21,무지개공영주차장 부근,2024-01-02,2024-06-03
불법주정차,2023-12-31,15:22,오페라 클래시아,2024-01-02,2024-06-03
불법주정차,2023-12-31,15:23,동천동 참약국,2024-01-02,2024-06-03
불법주정차,2023-12-31,15:25,동천동회전교차로2,2024-01-02,2024-06-03
불법주정차,2023-12-31,15:25,산격동 1677 부근 인도,2024-01-04,2024-06-03
불법주정차,2023-12-31,15:26,대구은행 학정로 지점,2024-01-02,2024-06-03
불법주정차,2023-12-31,15:26,관음 상가,2024-01-02,2024-06-03
불법주정차,2023-12-31,15:28,노원한신더휴 남문,2024-01-02,2024-06-03
불법주정차,2023-12-31,15:29,동천동회전교차로2,2024-01-02,2024-06-03
불법주정차,2023-12-31,15:29,구암동 767-2 부근 인도,2024-01-04,2024-06-03
불법주정차,2023-12-31,15:30,팔달동 대구수산시장,2024-01-02,2024-06-03
불법주정차,2023-12-31,15:30,동천동회전교차로1,2024-01-02,2024-06-03
불법주정차,2023-12-31,15:31,노원한신더휴 남문,2024-01-02,2024-06-03
불법주정차,2023-12-31,15:31,노원한신더휴 동문,2024-01-02,2024-06-03
불법주정차,2023-12-31,15:32,침산 화인탑펠리스,2024-01-02,2024-06-03
불법주정차,2023-12-31,15:34,사수동 센스마트,2024-01-02,2024-06-03
불법주정차,2023-12-31,15:35,새동산산부인과,2024-01-02,2024-06-03
불법주정차,2023-12-31,15:36,운암지,2024-01-02,2024-06-03
불법주정차,2023-12-31,15:36,산격동 경대북문,2024-01-02,2024-06-03
불법주정차,2023-12-31,15:37,노원동주민센터 사거리,2024-01-02,2024-06-03
불법주정차,2023-12-31,15:37,산격동 경대북문,2024-01-02,2024-06-03
불법주정차,2023-12-31,15:39,동아아울렛 뒷편,2024-01-02,2024-06-03
불법주정차,2023-12-31,15:41,태전초등학교,2024-01-02,2024-06-03
불법주정차,2023-12-31,15:42,오페라코오롱하늘채 앞,2024-01-02,2024-06-03
불법주정차,2023-12-31,15:43,거창식당 앞(칠성시장),2024-01-02,2024-06-03
불법주정차,2023-12-31,15:44,대학로23길,2024-01-02,2024-06-03
불법주정차,2023-12-31,15:44,동천동회전교차로1,2024-01-02,2024-06-03
불법주정차,2023-12-31,15:44,동천동회전교차로2,2024-01-02,2024-06-03
불법주정차,2023-12-31,15:45,오페라 클래시아,2024-01-02,2024-06-03
불법주정차,2023-12-31,15:45,새동산산부인과,2024-01-02,2024-06-03
불법주정차,2023-12-31,15:45,팔달동 대구수산시장,2024-01-02,2024-06-03
불법주정차,2023-12-31,15:46,팔달동 대구수산시장,2024-01-02,2024-06-03
불법주정차,2023-12-31,15:46,성삼우리신협 앞,2024-01-02,2024-06-03
불법주정차,2023-12-31,15:46,사수동 952 부근 횡단보도,2024-01-03,2024-06-03
불법주정차,2023-12-31,15:47,NC아울렛 앞 사거리,2024-01-02,2024-06-03
불법주정차,2023-12-31,15:47,사수동 997 부근 횡단보도,2024-01-03,2024-06-03
불법주정차,2023-12-31,15:48,운암지,2024-01-02,2024-06-03
불법주정차,2023-12-31,15:48,무지개공영주차장 부근,2024-01-02,2024-06-03
불법주정차,2023-12-31,15:51,오페라코오롱하늘채 앞,2024-01-02,2024-06-03
불법주정차,2023-12-31,15:51,동천동회전교차로1,2024-01-02,2024-06-03
불법주정차,2023-12-31,15:52,동천동회전교차로1,2024-01-02,2024-06-03
불법주정차,2023-12-31,15:53,팔달동 대구수산시장,2024-01-02,2024-06-03
불법주정차,2023-12-31,15:53,사수동 953 부근 횡단보도,2024-01-04,2024-06-03
불법주정차,2023-12-31,15:54,산격동 경대북문,2024-01-02,2024-06-03
불법주정차,2023-12-31,15:54,노원한신더휴 남문,2024-01-02,2024-06-03
불법주정차,2023-12-31,15:55,침산 화성파크드림,2024-01-02,2024-06-03
불법주정차,2023-12-31,15:55,산격동 경대북문,2024-01-02,2024-06-03
불법주정차,2023-12-31,15:57,산격동 경대북문,2024-01-02,2024-06-03
불법주정차,2023-12-31,15:58,동천동회전교차로1,2024-01-02,2024-06-03
불법주정차,2023-12-31,15:59,동천동회전교차로1,2024-01-02,2024-06-03
불법주정차,2023-12-31,16:03,삼영초등학교,2024-01-02,2024-06-03
불법주정차,2023-12-31,16:03,학정역 효성해링턴,2024-01-02,2024-06-03
불법주정차,2023-12-31,16:04,침산동 매일천막 앞,2024-01-02,2024-06-03
불법주정차,2023-12-31,16:04,칠성동 꽃시장 (아름나라,2024-01-02,2024-06-03
불법주정차,2023-12-31,16:06,대구일중학교 정문 앞,2024-01-02,2024-06-03
불법주정차,2023-12-31,16:07,침산 화성파크드림,2024-01-02,2024-06-03
불법주정차,2023-12-31,16:08,복현e편한세상 정문,2024-01-02,2024-06-03
불법주정차,2023-12-31,16:08,오페라트루엘시민의숲,2024-01-02,2024-06-03
불법주정차,2023-12-31,16:09,새동산산부인과,2024-01-02,2024-06-03
불법주정차,2023-12-31,16:10,복현동 시티병원,2024-01-02,2024-06-03
불법주정차,2023-12-31,16:10,동천동회전교차로2,2024-01-02,2024-06-03
불법주정차,2023-12-31,16:11,오페라트루엘시민의숲,2024-01-02,2024-06-03
불법주정차,2023-12-31,16:12,침산 화인탑펠리스,2024-01-02,2024-06-03
불법주정차,2023-12-31,16:12,동대구시장,2024-01-02,2024-06-03
불법주정차,2023-12-31,16:13,새동산산부인과,2024-01-02,2024-06-03
불법주정차,2023-12-31,16:13,대학로 파리바게트 부근,2024-01-02,2024-06-03
불법주정차,2023-12-31,16:14,칠성동 꽃시장 (아름나라,2024-01-02,2024-06-03
불법주정차,2023-12-31,16:14,침산 화성파크드림,2024-01-02,2024-06-03
불법주정차,2023-12-31,16:14,산격동 경대북문,2024-03-13,2024-06-03
불법주정차,2023-12-31,16:16,구암동 673 부근 횡단보도,2024-01-04,2024-06-03
불법주정차,2023-12-31,16:16,구암동 673 부근 횡단보도,2024-01-04,2024-06-03
불법주정차,2023-12-31,16:16,구암동 665-5 부근 횡단보도,2024-01-04,2024-06-03
불법주정차,2023-12-31,16:17,매천삼거리,2024-01-02,2024-06-03
불법주정차,2023-12-31,16:19,노원한신더휴 남문,2024-01-02,2024-06-03
불법주정차,2023-12-31,16:20,동천동회전교차로1,2024-01-02,2024-06-03
불법주정차,2023-12-31,16:22,NC아울렛 앞 사거리,2024-01-02,2024-06-03
불법주정차,2023-12-31,16:22,침산동 매일천막 앞,2024-01-02,2024-06-03
불법주정차,2023-12-31,16:24,사수동 센스마트,2024-01-02,2024-06-03
불법주정차,2023-12-31,16:25,산격동 엑스코 동문,2024-01-02,2024-06-03
불법주정차,2023-12-31,16:26,침산초등학교,2024-01-02,2024-06-03
불법주정차,2023-12-31,16:27,대학로15길,2024-01-02,2024-06-03
불법주정차,2023-12-31,16:27,산격동 엑스코 동문,2024-01-02,2024-06-03
불법주정차,2023-12-31,16:27,옥산초등학교,2024-01-02,2024-06-03
불법주정차,2023-12-31,16:28,오페라트루엘시민의숲,2024-01-02,2024-06-03
불법주정차,2023-12-31,16:28,엑스코 앞,2024-01-02,2024-06-03
불법주정차,2023-12-31,16:28,운암초등학교,2024-01-02,2024-06-03
불법주정차,2023-12-31,16:31,팔달동 대구수산시장,2024-01-02,2024-06-03
불법주정차,2023-12-31,16:32,운암지,2024-01-02,2024-06-03
불법주정차,2023-12-31,16:33,노원한신더휴 동문,2024-01-02,2024-06-03
불법주정차,2023-12-31,16:34,팔달초등학교,2024-01-02,2024-06-03
불법주정차,2023-12-31,16:36,새동산산부인과,2024-01-02,2024-06-03
불법주정차,2023-12-31,16:36,새동산산부인과,2024-01-02,2024-06-03
불법주정차,2023-12-31,16:37,NC아울렛 앞 사거리,2024-01-02,2024-06-03
불법주정차,2023-12-31,16:38,새동산산부인과,2024-01-02,2024-06-03
불법주정차,2023-12-31,16:38,칠곡시외버스하차장,2024-01-02,2024-06-03
불법주정차,2023-12-31,16:38,오페라코오롱하늘채 앞,2024-01-02,2024-06-03
불법주정차,2023-12-31,16:38,팔달동 대구수산시장,2024-01-02,2024-06-03
불법주정차,2023-12-31,16:39,무지개공영주차장 부근,2024-01-02,2024-06-03
불법주정차,2023-12-31,16:40,노원한신더휴 동문,2024-01-02,2024-06-03
불법주정차,2023-12-31,16:42,동천동회전교차로2,2024-01-02,2024-06-03
불법주정차,2023-12-31,16:45,칠성동 꽃시장 (아름나라,2024-01-02,2024-06-03
불법주정차,2023-12-31,16:45,동대구시장,2024-01-02,2024-06-03
불법주정차,2023-12-31,16:46,침산 화인탑펠리스,2024-01-02,2024-06-03
불법주정차,2023-12-31,16:46,농협침산지점앞,2024-01-02,2024-06-03
불법주정차,2023-12-31,16:47,산격동 경대북문,2024-01-02,2024-06-03
불법주정차,2023-12-31,16:48,농협침산지점앞,2024-01-02,2024-06-03
불법주정차,2023-12-31,16:48,NC아울렛 앞 사거리,2024-01-02,2024-06-03
불법주정차,2023-12-31,16:51,관음동 1319-10 부근 횡단보도,2024-01-04,2024-06-03
불법주정차,2023-12-31,16:55,관음동 1323-8 부근 횡단보도,2024-01-04,2024-06-03
불법주정차,2023-12-31,17:29,칠성동1가 270-37 부근 버스정류소,2024-01-04,2024-06-03
불법주정차,2023-12-31,18:09,산격동 489-8 부근 횡단보도,2024-01-04,2024-06-03
불법주정차,2023-12-31,18:38,동천동 892-1 부근 횡단보도,2024-01-04,2024-06-03
불법주정차,2023-12-31,18:38,학정동 974-5 부근 횡단보도,2024-01-04,2024-06-03
불법주정차,2023-12-31,18:40,학정동 974-5 부근 횡단보도,2024-01-04,2024-06-03
불법주정차,2023-12-31,18:53,국우동 1123-1 부근 버스정류소,2024-01-04,2024-06-03
불법주정차,2023-12-31,19:06,서변동 1756-8 부근 횡단보도,2024-01-04,2024-06-03
불법주정차,2023-12-31,19:15,서변동 1756-8 부근 횡단보도,2024-01-04,2024-06-03
불법주정차,2023-12-31,20:31,동천동 962-7 부근 횡단보도,2024-01-04,2024-06-03
불법주정차,2023-12-31,20:46,검단동 1128-3 부근 버스정류소,2024-01-04,2024-06-03
불법주정차,2023-12-31,20:49,검단동 1128-3 부근 횡단보도,2024-01-04,2024-06-03
불법주정차,2023-12-31,20:53,산격동 489-15 부근 횡단보도,2024-01-04,2024-06-03
불법주정차,2023-12-31,21:30,산격동 1498-56 부근 횡단보도,2024-01-04,2024-06-03
불법주정차,2023-12-31,21:34,산격동 1442-4 부근 횡단보도,2024-01-04,2024-06-03
불법주정차,2023-12-31,22:43,동천동 961 부근 횡단보도,2024-01-04,2024-06-03
불법주정차,2023-12-31,22:53,산격동 1449-11 부근 횡단보도,2024-01-04,2024-06-03
불법주정차,2023-12-31,23:07,산격동 1449-11 부근 횡단보도,2024-01-04,2024-06-03
불법주정차,2023-12-31,23:33,산격동 1497-50 부근 횡단보도,2024-01-04,2024-06-03
