신고일자,신고시간,단속구분,단속장소
2024-01-01,00:34:39,부과,금곡동 108
2024-01-01,05:32:17,대기,구포동 916-1
2024-01-01,07:04:18,부과,만덕동 962-2
2024-01-01,07:08:15,부과,만덕동 810-34
2024-01-01,09:14:23,부과,구포동 1284
2024-01-01,09:16:24,부과,구포동 1285
2024-01-01,09:20:23,부과,구포동 1285
2024-01-01,10:02:23,부과,구포동 1060-470
2024-01-01,10:24:18,부과,구포동 655-5
2024-01-01,10:36:21,부과,구포동 1160
2024-01-01,10:40:23,부과,덕천동 472
2024-01-01,11:48:13,비부과,화명동 699-1
2024-01-01,12:46:24,부과,화명동 2257
2024-01-01,13:40:20,부과,구포동 301-1
2024-01-01,13:44:13,부과,화명동 2313
2024-01-01,13:54:25,부과,화명동 2324
2024-01-01,14:32:17,비부과,구포동 1049-8
2024-01-01,15:06:19,부과,구포동 1258-27
2024-01-01,15:36:21,부과,구포동 1258-14
2024-01-01,16:02:20,부과,구포동 1256-2
2024-01-01,17:16:27,부과,덕천동 432-15
2024-01-01,17:46:20,부과,구포동 459-2
2024-01-01,17:48:21,부과,구포동 475
2024-01-01,18:48:19,부과,덕천동 334-1
2024-01-01,19:20:21,비부과,구포동 954-24
2024-01-01,19:44:20,부과,구포동 313
2024-01-01,19:48:21,부과,구포동 983-2
2024-01-01,20:08:25,비부과,구포동 1060-22
2024-01-01,20:58:23,부과,덕천동 462
2024-01-01,21:02:13,부과,덕천동 462
2024-01-01,21:36:15,비부과,구포동 1269
2024-01-02,07:40:13,대기,만덕동 935
2024-01-02,08:40:21,대기,만덕동 905
2024-01-02,09:03:07,비부과,만덕동 933
2024-01-02,09:03:37,비부과,만덕동 933
2024-01-02,09:06:09,대기,만덕동 613-21
2024-01-02,09:14:19,비부과,구포동 773-1
2024-01-02,09:28:20,부과,구포동 1277
2024-01-02,09:38:13,부과,만덕동 904
2024-01-02,09:51:27,비부과,구포동 612-8
2024-01-02,09:53:54,비부과,덕천동 388-1
2024-01-02,09:54:24,비부과,만덕동 904
2024-01-02,10:00:40,부과,구포동 614-22
2024-01-02,10:22:30,부과,구포동 263-9
2024-01-02,11:05:33,대기,화명동 2268-3
2024-01-02,11:38:18,대기,효열로 38
2024-01-02,12:00:24,부과,구포동 915-39
2024-01-02,12:34:15,비부과,구포동 546-2
2024-01-02,12:52:27,비부과,구포동 156-11
2024-01-02,12:57:24,대기,
2024-01-02,13:02:26,비부과,덕천동 462
2024-01-02,13:20:55,비부과,
2024-01-02,13:36:26,대기,화명동 1955-20
2024-01-02,14:01:26,대기,
2024-01-02,14:25:58,대기,
2024-01-02,15:37:15,대기,화명동 941-1
2024-01-02,16:01:21,대기,
2024-01-02,16:31:42,대기,
2024-01-02,16:56:25,부과,화명동 1261-9
2024-01-02,17:00:28,대기,화명동 941-1
2024-01-02,17:40:32,비부과,덕천동 132-65
2024-01-02,17:55:30,대기,
2024-01-02,17:58:32,부과,덕천동 313-5
2024-01-02,18:10:18,대기,구포동 1269-1
2024-01-02,19:10:26,부과,만덕동 904
2024-01-02,19:14:30,부과,구포동 983-1
2024-01-02,19:18:06,비부과,
2024-01-02,19:20:18,비부과,구포동 729-8
2024-01-02,19:28:21,부과,화명동 699-1
2024-01-02,19:34:23,부과,구포동 729-2
2024-01-02,19:40:25,부과,구포동 1279
2024-01-02,20:16:11,부과,만덕동 935
2024-01-02,20:34:25,부과,화명동 962-6
2024-01-02,20:36:16,부과,화명동 2184-6
2024-01-02,21:38:16,부과,덕천동 327
2024-01-03,03:36:15,부과,만덕동 613-21
2024-01-03,07:58:31,부과,덕천동 462
2024-01-03,09:13:12,대기,
2024-01-03,09:13:12,대기,
2024-01-03,10:06:22,부과,구포동 1215-43
2024-01-03,10:12:14,부과,구포동 212-1
2024-01-03,10:23:19,대기,
2024-01-03,10:30:23,부과,만덕동 598-6
2024-01-03,10:57:05,대기,
2024-01-03,11:22:27,부과,만덕동 904
2024-01-03,11:26:19,부과,구포동 156-11
2024-01-03,11:28:21,부과,구포동 611-1
2024-01-03,11:30:10,비부과,팽나무로 54
2024-01-03,13:18:25,부과,만덕동 904
2024-01-03,13:20:15,부과,만덕동 904
2024-01-03,13:42:27,부과,만덕동 904
2024-01-03,13:42:27,부과,만덕동 904
2024-01-03,13:59:35,대기,
2024-01-03,14:06:30,부과,만덕동 904
2024-01-03,14:56:12,비부과,만덕동 955-3
2024-01-03,15:40:22,부과,구포동 1189
2024-01-03,15:56:29,비부과,구포동 1189
2024-01-03,17:02:16,부과,금곡동 109
2024-01-03,17:02:27,부과,만덕동 904
2024-01-03,17:03:07,대기,
2024-01-03,17:26:30,비부과,덕천동 472
2024-01-03,17:34:15,부과,만덕동 904
2024-01-03,18:02:37,부과,만덕동 904
2024-01-03,18:06:20,비부과,구포동 1219-43
2024-01-03,18:32:20,부과,구포동 1137
2024-01-03,18:50:28,부과,만덕동 904
2024-01-03,19:06:27,부과,만덕동 904
2024-01-03,19:10:19,부과,금곡동 94-1
2024-01-03,19:18:24,부과,만덕동 904
2024-01-03,19:20:24,비부과,만덕동 933
2024-01-03,19:30:29,부과,만덕동 904
2024-01-03,20:00:23,부과,만덕동 904
2024-01-03,20:02:14,부과,덕천동 310-22
2024-01-03,20:30:18,부과,만덕동 736-1
2024-01-03,20:30:27,부과,만덕동 904
2024-01-03,20:32:09,부과,덕천동 462
2024-01-03,20:34:19,비부과,덕천동 432-24
2024-01-03,20:58:30,부과,화명동 2280
2024-01-03,21:00:18,비부과,화명동 2280
2024-01-03,21:08:12,비부과,덕천동 462
2024-01-03,21:08:22,부과,화명동 2257
2024-01-03,21:12:24,대기,화명동 1219-2
2024-01-04,09:58:29,부과,구포동 1296
2024-01-04,10:34:26,대기,구포동 515
2024-01-04,10:42:40,대기,만덕동 607-1
2024-01-04,11:14:27,부과,화명동 2257
2024-01-04,11:16:29,비부과,화명동 1718-3
2024-01-04,11:18:30,부과,구포동 461-1
2024-01-04,12:20:44,대기,
2024-01-04,12:52:27,부과,만덕동 904
2024-01-04,13:06:25,부과,만덕동 935
2024-01-04,13:14:16,비부과,만덕동 904
2024-01-04,13:26:23,대기,덕천동 763-29
2024-01-04,13:30:25,비부과,구포동 1076-2
2024-01-04,14:02:32,부과,덕천동 462
2024-01-04,14:10:27,비부과,만덕동 904
2024-01-04,14:16:24,부과,만덕동 904
2024-01-04,14:19:21,대기,
2024-01-04,14:36:22,대기,만덕동 775
2024-01-04,15:09:29,대기,
2024-01-04,15:20:35,대기,덕천동 400-8
2024-01-04,15:28:19,부과,구포동 1189
2024-01-04,15:40:25,비부과,구포동 1060-316
2024-01-04,17:02:18,대기,
2024-01-04,17:20:19,부과,만덕동 904
2024-01-04,17:22:20,부과,만덕동 823-8
2024-01-04,18:16:32,부과,덕천동 389-4
2024-01-04,18:40:20,부과,구포동 932-43
2024-01-04,18:58:29,부과,화명동 1431
2024-01-04,20:04:24,부과,만덕동 904
2024-01-04,20:16:24,비부과,구포동 897-21
2024-01-04,20:16:24,부과,구포동 1060-316
2024-01-04,20:52:20,부과,덕천동 462
2024-01-04,21:06:16,부과,만덕동 823-8
2024-01-04,21:10:14,부과,덕천동 403-10
2024-01-04,21:54:19,부과,만덕동 955-3
2024-01-04,22:06:11,부과,화명동 2257
2024-01-04,23:14:18,부과,구포동 1275
2024-01-04,23:22:19,부과,구포동 729-8
2024-01-04,23:28:20,부과,구포동 1137
2024-01-04,23:34:23,부과,구포동 1137
2024-01-04,23:36:12,부과,구포동 729-2
2024-01-04,23:38:16,비부과,구포동 729-8
2024-01-04,23:40:23,비부과,구포동 729-8
2024-01-05,02:00:15,비부과,화명동 1161-8
2024-01-05,07:12:30,대기,
2024-01-05,07:56:18,부과,만덕동 597-9
2024-01-05,08:56:23,대기,
2024-01-05,09:33:09,비부과,화명동 1179-14
2024-01-05,10:32:24,부과,구포동 1189
2024-01-05,11:07:47,대기,매곡동 915-16
2024-01-05,11:10:28,대기,만덕동 904
2024-01-05,11:22:22,부과,만덕동 830-7
2024-01-05,12:14:05,대기,
2024-01-05,13:48:32,부과,구포동 730-3
2024-01-05,13:56:25,비부과,화명동 1955-20
2024-01-05,14:14:21,비부과,만덕동 783-54
2024-01-05,14:24:25,비부과,구포동 산 47-11
2024-01-05,14:26:27,비부과,구포동 산 47-11
2024-01-05,14:40:03,대기,
2024-01-05,14:41:12,대기,구포동 1172
2024-01-05,15:06:23,대기,덕천동 327
2024-01-05,15:30:24,부과,구포동 70-4
2024-01-05,15:44:18,부과,구포동 897-36
2024-01-05,16:30:26,부과,구포동 1075-6
2024-01-05,16:32:37,대기,
2024-01-05,16:45:03,비부과,금곡동 521-9
2024-01-05,16:45:42,비부과,
2024-01-05,17:57:57,대기,만덕동 437-1
2024-01-05,17:58:49,부과,덕천동 462
2024-01-05,18:01:38,부과,만덕동 904
2024-01-05,18:03:22,대기,금곡동 1620-10
2024-01-05,18:04:58,비부과,만덕동 757-77
2024-01-05,18:36:27,부과,만덕동 904
2024-01-05,18:58:29,부과,구포동 1137
2024-01-05,19:02:09,부과,만덕동 904
2024-01-05,19:46:09,대기,
2024-01-05,19:52:15,비부과,덕천동 310-22
2024-01-05,20:58:24,부과,덕천동 462
2024-01-05,21:04:24,부과,덕천동 462
2024-01-05,23:02:14,부과,구포동 1206-17
2024-01-05,23:48:25,부과,만덕동 613-21
2024-01-06,01:36:16,부과,만덕동 935
2024-01-06,01:40:16,부과,만덕동 935
2024-01-06,01:42:17,부과,만덕동 934
2024-01-06,01:48:24,비부과,구포동 1267
2024-01-06,02:00:18,부과,만덕동 736-1
2024-01-06,07:40:19,부과,만덕동 963
2024-01-06,10:18:24,부과,덕천동 425-2
2024-01-06,10:52:22,부과,만덕동 598-6
2024-01-06,10:54:22,비부과,만덕동 598-6
2024-01-06,12:56:34,대기,
2024-01-06,13:38:29,부과,구포동 1189
2024-01-06,14:06:30,부과,만덕동 904
2024-01-06,14:20:30,부과,만덕동 904
2024-01-06,14:26:27,부과,화명동 2257
2024-01-06,14:41:58,대기,
2024-01-06,15:06:31,부과,구포동 897-21
2024-01-06,15:14:24,부과,구포동 1137
2024-01-06,15:24:17,부과,만덕동 949-1
2024-01-06,15:30:19,대기,구포동 976
2024-01-06,15:42:23,부과,만덕동 904
2024-01-06,15:46:14,부과,구포동 1097-13
2024-01-06,15:56:27,부과,구포동 773
2024-01-06,16:04:21,대기,구포동 148
2024-01-06,16:18:25,부과,만덕동 904
2024-01-06,16:28:20,부과,만덕동 904
2024-01-06,16:40:13,부과,구포동 1060-316
2024-01-06,16:44:30,부과,구포동 1060-422
2024-01-06,17:22:17,비부과,구포동 916-1
2024-01-06,18:14:23,부과,구포동 1141-112
2024-01-06,18:37:56,대기,
2024-01-06,18:48:23,부과,화명동 2257
2024-01-06,18:50:25,부과,화명동 2313
2024-01-06,18:56:18,부과,만덕동 904
2024-01-06,18:58:19,부과,만덕동 904
2024-01-06,19:00:17,부과,만덕동 904
2024-01-06,19:08:20,부과,구포동 1272
2024-01-06,19:14:12,부과,덕천동 401-15
2024-01-06,19:16:22,부과,덕천동 451-1
2024-01-06,19:42:21,대기,
2024-01-06,19:46:18,부과,만덕동 904
2024-01-06,19:46:18,비부과,만덕동 899
2024-01-06,19:46:22,부과,만덕동 904
2024-01-06,19:50:23,부과,구포동 313
2024-01-06,19:50:23,부과,만덕동 904
2024-01-06,19:54:25,부과,만덕동 904
2024-01-06,20:08:20,부과,구포동 1205-27
2024-01-06,20:48:24,부과,덕천동 416-7
2024-01-06,20:52:23,부과,덕천동 462
2024-01-06,21:32:26,부과,화명동 2279
2024-01-06,21:34:22,부과,화명동 2280
2024-01-06,21:58:14,비부과,구포동 957-4
2024-01-06,22:42:16,비부과,만덕동 847-4
2024-01-06,23:30:19,비부과,화명동 2257
2024-01-06,23:44:22,비부과,화명동 2257
2024-01-06,23:50:14,부과,화명동 2257
2024-01-06,23:52:13,부과,화명동 2257
2024-01-07,00:32:24,비부과,구포동 729-8
2024-01-07,02:24:27,부과,구포동 1267
2024-01-07,02:36:13,비부과,구포동 897-7
2024-01-07,06:10:18,부과,덕천동 797
2024-01-07,06:14:07,부과,덕천동 797
2024-01-07,08:14:12,부과,만덕동 960-4
2024-01-07,09:00:20,부과,구포동 1290
2024-01-07,10:04:07,비부과,구포동 214-5
2024-01-07,10:44:21,비부과,만덕동 957
2024-01-07,11:10:27,부과,만덕동 904
2024-01-07,11:16:27,부과,만덕동 904
2024-01-07,11:18:21,부과,만덕동 904
2024-01-07,11:22:29,부과,만덕동 904
2024-01-07,12:04:21,대기,덕천동 383-20
2024-01-07,12:32:19,비부과,덕천동 401-15
2024-01-07,12:32:19,비부과,덕천동 401-15
2024-01-07,12:32:28,비부과,덕천동 414-1
2024-01-07,12:36:25,비부과,구포동 214-5
2024-01-07,13:52:39,대기,
2024-01-07,13:54:31,부과,화명동 2269-3
2024-01-07,13:58:28,부과,화명동 1170-15
2024-01-07,14:00:19,부과,구포동 1137
2024-01-07,14:26:18,부과,만덕동 904
2024-01-07,14:26:18,부과,만덕동 904
2024-01-07,14:26:19,부과,만덕동 904
2024-01-07,15:04:21,부과,만덕동 904
2024-01-07,15:40:27,부과,만덕동 904
2024-01-07,16:02:12,부과,만덕동 941-2
2024-01-07,16:10:24,비부과,구포동 156-11
2024-01-07,16:12:14,부과,덕천동 431-9
2024-01-07,16:20:17,부과,덕천동 462
2024-01-07,16:20:17,비부과,구포동 602-31
2024-01-07,16:38:33,부과,만덕동 904
2024-01-07,16:40:24,부과,만덕동 904
2024-01-07,16:56:19,부과,만덕동 686-8
2024-01-07,17:06:12,부과,만덕동 904
2024-01-07,17:24:18,부과,덕천동 356-4
2024-01-07,17:24:18,부과,덕천동 462
2024-01-07,17:24:27,부과,덕천동 380-4
2024-01-07,17:26:21,부과,덕천동 356-21
2024-01-07,17:26:28,부과,덕천동 462
2024-01-07,17:30:20,부과,구포동 1269
2024-01-07,17:38:18,부과,구포동 1269
2024-01-07,18:04:18,부과,덕천동 561-3
2024-01-07,18:06:18,부과,덕천동 561-2
2024-01-07,18:32:24,부과,금곡동 1117
2024-01-07,18:56:21,부과,구포동 1279
2024-01-07,19:00:21,부과,구포동 1279
2024-01-07,19:02:12,대기,
2024-01-07,19:52:24,부과,덕천동 327
2024-01-07,21:08:18,대기,
2024-01-07,21:42:20,부과,화명동 2257
2024-01-08,00:06:10,부과,덕천동 462
2024-01-08,05:18:16,부과,구포동 1137
2024-01-08,06:14:21,부과,만덕동 935
2024-01-08,07:26:12,부과,만덕동 933
2024-01-08,08:04:18,대기,금곡동 642-10
2024-01-08,08:28:23,대기,덕천동 723
2024-01-08,09:22:11,대기,낙동북로 743
2024-01-08,09:33:19,비부과,화명동 2287-3
2024-01-08,09:56:19,비부과,구포동 947-19
2024-01-08,10:08:13,대기,
2024-01-08,10:37:17,대기,만덕동 302-1
2024-01-08,10:37:17,대기,만덕동 761-5
2024-01-08,10:37:17,대기,구포동 604-1
2024-01-08,10:37:17,대기,
2024-01-08,10:45:00,대기,
2024-01-08,11:16:14,부과,금곡동 108
2024-01-08,11:46:26,부과,구포동 1084-3
2024-01-08,12:40:23,대기,만덕동 962-1
2024-01-08,13:10:24,부과,덕천동 462
2024-01-08,13:10:25,비부과,덕천동 462
2024-01-08,13:18:17,대기,
2024-01-08,13:26:20,부과,덕천동 561-1
2024-01-08,14:44:19,비부과,만덕동 905
2024-01-08,14:54:25,비부과,만덕동 955-5
2024-01-08,14:58:35,비부과,만덕동 955
2024-01-08,15:12:21,부과,만덕동 904
2024-01-08,15:30:18,부과,구포동 1235-9
2024-01-08,15:43:25,대기,
2024-01-08,15:48:20,대기,
2024-01-08,16:06:27,부과,금곡동 123
2024-01-08,16:08:19,부과,만덕동 904
2024-01-08,16:52:46,대기,
2024-01-08,17:36:24,부과,만덕동 598-6
2024-01-08,17:42:25,비부과,만덕동 598-6
2024-01-08,18:04:27,부과,구포동 603-20
2024-01-08,18:20:19,부과,구포동 1060-11
2024-01-08,18:20:19,부과,구포동 1060-316
2024-01-08,18:24:21,부과,구포동 1172
2024-01-08,18:26:24,부과,구포동 1172
2024-01-08,18:26:25,비부과,구포동 1048-4
2024-01-08,18:34:14,부과,화명동 1179-14
2024-01-08,18:52:20,비부과,만덕동 955-3
2024-01-08,19:06:22,부과,화명동 2266-1
2024-01-08,19:06:25,부과,화명동 1229
2024-01-08,19:10:27,부과,화명동 1130-9
2024-01-08,19:10:29,부과,화명동 1430
2024-01-08,19:20:30,비부과,덕천동 458
2024-01-08,20:30:25,부과,덕천동 328
2024-01-09,00:40:30,부과,만덕동 937
2024-01-09,00:40:30,부과,만덕동 937
2024-01-09,01:04:24,부과,만덕동 305-1
2024-01-09,02:26:25,부과,만덕동 359-13
2024-01-09,06:02:19,부과,구포동 1285
2024-01-09,07:06:18,부과,구포동 1243-9
2024-01-09,08:04:18,부과,만덕동 923
2024-01-09,08:48:17,부과,덕천동 472
2024-01-09,08:52:18,대기,
2024-01-09,09:09:21,대기,만덕2로 25)에 방문했습니다.
2024-01-09,09:20:48,대기,
2024-01-09,10:24:24,부과,만덕동 955
2024-01-09,10:28:24,비부과,만덕동 955-3
2024-01-09,10:48:21,부과,만덕동 824-35
2024-01-09,11:08:19,비부과,구포동 1154-1
2024-01-09,12:20:22,부과,금곡동 108
2024-01-09,12:22:24,비부과,금곡동 108
2024-01-09,12:40:18,부과,구포동 1280
2024-01-09,12:54:58,부과,구포동 79-9
2024-01-09,13:16:15,부과,만덕동 904
2024-01-09,13:52:18,부과,구포동 897-21
2024-01-09,14:24:42,대기,
2024-01-09,14:26:24,부과,화명동 2257
2024-01-10,09:00:42,대기,
2024-01-10,09:16:51,대기,덕천동 585-10
2024-01-10,09:16:51,대기,덕천동 585-10
2024-01-10,09:18:56,부과,만덕동 823-8
2024-01-10,09:22:27,비부과,덕천동 462
2024-01-10,09:27:54,부과,구포동 1243-9
2024-01-10,09:30:45,부과,만덕동 824-35
2024-01-10,09:31:28,대기,
2024-01-10,09:33:45,비부과,구포동 783-28
2024-01-10,09:33:55,비부과,금곡동 109
2024-01-10,09:36:13,부과,만덕동 824-35
2024-01-10,09:40:29,부과,만덕동 597-9
2024-01-10,09:42:03,부과,만덕동 904
2024-01-10,09:42:23,부과,만덕동 904
2024-01-10,09:42:54,비부과,금곡동 109
2024-01-10,09:45:44,비부과,만덕동 962
2024-01-10,09:45:44,부과,금곡동 92-3
2024-01-10,09:48:24,비부과,금곡동 57-1
2024-01-10,09:51:55,부과,금곡동 75-4
2024-01-10,09:52:29,부과,만덕동 904
2024-01-10,09:52:40,비부과,구포동 1296
2024-01-10,09:53:52,부과,화명동 2257
2024-01-10,09:56:21,부과,구포동 786
2024-01-10,09:59:10,비부과,덕천동 400-8
2024-01-10,10:03:45,부과,구포동 1290
2024-01-10,10:03:47,부과,만덕동 958
2024-01-10,10:03:57,부과,화명동 2257
2024-01-10,10:04:28,비부과,덕천동 403-26
2024-01-10,10:04:59,부과,화명동 2322
2024-01-10,10:05:41,대기,
2024-01-10,10:07:16,부과,화명동 2257
2024-01-10,10:09:33,부과,만덕동 597-2
2024-01-10,10:09:43,부과,덕천동 327
2024-01-10,10:10:56,부과,화명동 2257
2024-01-10,10:44:24,부과,구포동 1186-3
2024-01-10,11:08:52,대기,
2024-01-10,11:38:22,대기,
2024-01-10,11:44:03,대기,구포동 리원부동산 앞 대로
2024-01-10,13:18:36,부과,구포동 1186-1
2024-01-10,13:28:30,대기,
2024-01-10,14:34:15,부과,만덕동 904
2024-01-10,14:34:25,부과,만덕동 904
2024-01-10,14:34:26,부과,만덕동 904
2024-01-10,14:34:26,부과,만덕동 904
2024-01-10,15:05:27,대기,
2024-01-10,15:16:31,대기,
2024-01-10,16:52:18,비부과,만덕동 290-10
2024-01-10,17:00:23,대기,
2024-01-10,18:00:27,대기,
2024-01-10,18:08:29,부과,만덕동 904
2024-01-10,18:10:20,부과,만덕동 904
2024-01-10,18:10:31,부과,구포동 1060-316
2024-01-10,18:10:31,부과,구포동 1060-316
2024-01-10,18:12:21,부과,구포동 1060-316
2024-01-10,18:16:19,부과,구포동 1052-27
2024-01-10,18:16:19,부과,구포동 1172
2024-01-10,18:38:21,부과,만덕동 904
2024-01-10,19:12:23,비부과,덕천동 814-4
2024-01-10,19:24:19,부과,구포동 1124-1
2024-01-10,19:38:22,부과,만덕동 904
2024-01-10,19:42:16,부과,만덕동 904
2024-01-10,20:38:23,부과,만덕동 823-8
2024-01-10,21:20:29,부과,화명동 189
2024-01-10,22:20:20,부과,만덕동 736-24
2024-01-10,22:44:15,부과,구포동 1279
2024-01-10,22:50:29,부과,구포동 982-35
2024-01-10,23:04:22,부과,금곡동 1874-5
2024-01-10,23:32:18,부과,화명동 2266-1
2024-01-10,23:54:23,부과,덕천동 462
2024-01-11,00:26:20,부과,구포동 1087-10
2024-01-11,02:58:24,부과,만덕동 927-2
2024-01-11,03:02:19,부과,만덕동 257-16
2024-01-11,03:06:19,부과,만덕동 937
2024-01-11,06:46:18,부과,구포동 1060-390
2024-01-11,08:36:17,대기,
2024-01-11,09:01:44,대기,
2024-01-11,09:02:04,대기,
2024-01-11,10:26:19,부과,만덕동 597-5
2024-01-11,10:30:40,대기,화명동 e편한세상 화명힐스 아파트 앞 횡단보도 앞에 대기 중 보행자 녹색 신호가 켜지는 걸 확인 후 건너려고 발을 떼려는 순간 북구7번 마을버스가 지나가면서 제 앞을 그대로 지나갔습니다.
2024-01-11,11:18:19,부과,구포동 1290
2024-01-11,11:40:28,부과,만덕동 904
2024-01-11,11:40:29,부과,만덕동 904
2024-01-11,11:40:29,부과,만덕동 904
2024-01-11,11:42:24,부과,만덕동 904
2024-01-11,11:42:24,비부과,만덕동 904
2024-01-11,12:14:30,비부과,화명동 699-1
2024-01-11,13:20:12,비부과,덕천동 757-4
2024-01-11,13:20:24,비부과,덕천동 757-4
2024-01-11,13:20:24,비부과,덕천동 757-4
2024-01-11,13:20:25,비부과,덕천동 561-8
2024-01-11,14:32:11,부과,만덕동 904
2024-01-11,14:40:27,부과,구포동 915-44
2024-01-11,15:22:25,대기,
2024-01-11,15:38:21,부과,화명동 2257
2024-01-11,15:48:15,부과,화명동 2257
2024-01-11,15:54:07,대기,"차량으로 인하여 사고가 빈번하고, 공사차량이 많아 사고시 목숨이 위태로울 정도의 사고가 일어 날 가능성이 높음"
2024-01-11,16:38:24,부과,덕천동 462
2024-01-11,16:40:25,비부과,금곡동 1881
2024-01-11,17:04:27,비부과,덕천동 561-1
2024-01-11,17:26:27,비부과,구포동 1004-4
2024-01-11,17:30:29,부과,만덕동 898
2024-01-11,17:45:54,대기,
2024-01-11,17:50:29,부과,화명동 2257
2024-01-11,17:58:31,비부과,덕천동 462
2024-01-11,18:22:20,부과,화명동 196
2024-01-11,19:14:30,부과,화명동 2257
2024-01-11,20:36:37,부과,만덕동 904
2024-01-11,21:18:25,부과,화명동 2278-2
2024-01-11,21:22:23,부과,화명동 2257
2024-01-11,22:40:26,대기,덕천동 139-3
2024-01-11,23:32:19,부과,덕천동 397-1
2024-01-12,00:28:20,부과,구포동 1268
2024-01-12,00:32:21,부과,덕천동 460-2
2024-01-12,00:54:23,비부과,만덕동 950-1
2024-01-12,01:22:17,부과,덕천동 473-4
2024-01-12,01:26:24,부과,덕천동 472-6
2024-01-12,06:30:20,부과,만덕동 937
2024-01-12,08:32:21,부과,덕천동 561-3
2024-01-12,09:05:43,비부과,만덕동 823-8
2024-01-12,09:24:19,부과,만덕동 823-8
2024-01-12,09:44:16,부과,덕천동 335-1
2024-01-12,09:58:32,대기,
2024-01-12,10:18:30,부과,만덕동 823-8
2024-01-12,10:34:26,부과,화명동 745
2024-01-12,10:36:17,부과,화명동 1293-3
2024-01-12,10:38:28,부과,화명동 1293-3
2024-01-12,12:06:21,비부과,구포동 1060-422
2024-01-12,12:16:12,부과,구포동 459-2
2024-01-12,12:20:24,부과,만덕동 904
2024-01-12,12:22:25,부과,덕천동 561-2
2024-01-12,12:28:21,부과,화명동 745
2024-01-12,12:30:27,비부과,화명동 745
2024-01-12,12:48:30,부과,화명동 2257
2024-01-12,13:02:18,부과,화명동 2257
2024-01-12,13:04:18,부과,구포동 1124-1
2024-01-12,13:30:27,부과,덕천동 561-1
2024-01-12,14:32:20,부과,덕천동 462
2024-01-12,14:40:24,부과,만덕동 823-8
2024-01-12,14:48:33,부과,구포동 915-41
2024-01-12,15:34:19,대기,
2024-01-12,15:52:23,부과,덕천동 462
2024-01-12,15:52:23,부과,만덕동 598-6
2024-01-12,15:52:23,부과,만덕동 598-6
2024-01-12,16:32:17,부과,덕천동 327
2024-01-12,17:38:10,부과,구포동 1060-316
2024-01-12,17:38:21,부과,구포동 1060-316
2024-01-12,17:46:15,부과,구포동 1060-316
2024-01-12,18:34:25,부과,덕천동 561-1
2024-01-12,18:36:26,부과,덕천동 451-1
2024-01-12,19:02:27,부과,덕천동 462
2024-01-12,19:14:22,부과,만덕동 904
2024-01-12,19:16:24,부과,만덕동 763-14
2024-01-12,19:26:26,부과,구포동 1049-8
2024-01-12,20:12:15,부과,화명동 2277-3
2024-01-12,20:12:23,비부과,화명동 2257
2024-01-12,22:46:24,부과,덕천동 290-4
2024-01-12,22:50:25,부과,화명동 1430
2024-01-12,22:56:17,비부과,구포동 1205-26
2024-01-12,23:02:24,비부과,구포동 1205-26
2024-01-13,00:42:11,대기,금곡동 108
2024-01-13,00:54:30,부과,화명동 1458-13
2024-01-13,02:16:16,비부과,화명동 2257
2024-01-13,07:16:25,부과,구포동 1060-390
2024-01-13,08:22:16,부과,구포동 263-9
2024-01-13,08:22:26,부과,구포동 385-1
2024-01-13,08:26:18,부과,구포동 1153
2024-01-13,08:26:28,부과,구포동 387-3
2024-01-13,08:30:19,비부과,덕천동 814-4
2024-01-13,09:02:30,부과,만덕동 937
2024-01-13,09:10:15,부과,구포동 1243-9
2024-01-13,10:06:14,부과,구포동 180-2
2024-01-13,10:06:23,부과,구포동 387-3
2024-01-13,10:08:23,부과,구포동 387-3
2024-01-13,10:24:29,부과,만덕동 824-35
2024-01-13,10:24:29,비부과,만덕동 955-3
2024-01-13,10:48:17,대기,덕천동 112-6
2024-01-13,11:16:21,비부과,화명동 295
2024-01-13,11:36:23,부과,화명동 2257
2024-01-13,11:38:14,비부과,덕천동 327
2024-01-13,12:40:24,비부과,구포동 614-2
2024-01-13,12:50:26,부과,덕천동 471
2024-01-13,12:52:18,부과,구포동 596-13
2024-01-13,12:52:18,부과,구포동 612-11
2024-01-13,12:56:33,비부과,구포동 614-3
2024-01-13,13:00:21,비부과,구포동 614-3
2024-01-13,14:00:24,부과,만덕동 904
2024-01-13,15:08:26,부과,화명동 2257
2024-01-13,15:46:22,비부과,화명동 2257
2024-01-13,16:06:18,부과,구포동 1269-1
2024-01-13,16:36:10,부과,구포동 1189
2024-01-13,16:38:23,부과,만덕동 904
2024-01-13,17:30:19,대기,
2024-01-13,18:22:18,부과,덕천동 561-1
2024-01-13,18:24:17,부과,덕천동 561-2
2024-01-13,18:24:17,부과,덕천동 561-1
2024-01-13,19:08:13,부과,덕천동 462
2024-01-13,20:10:26,대기,화명동 1170-1
2024-01-13,20:14:16,부과,화명동 745
2024-01-13,20:32:23,부과,만덕동 846-4
2024-01-13,20:32:23,부과,만덕동 955-3
2024-01-13,20:52:19,부과,덕천동 462
2024-01-13,21:00:22,부과,덕천동 462
2024-01-13,21:12:24,부과,만덕동 846-2
2024-01-13,21:30:30,부과,덕천동 400-8
2024-01-13,21:42:17,부과,덕천동 400-8
2024-01-13,22:14:18,비부과,구포동 729-8
2024-01-13,22:58:12,부과,덕천동 416-22
2024-01-14,06:02:13,부과,만덕동 925-1
2024-01-14,09:40:19,부과,화명동 699-1
2024-01-14,10:22:19,부과,화명동 2257
2024-01-14,11:08:23,부과,덕천동 561-1
2024-01-14,11:08:23,부과,덕천동 561-1
2024-01-14,11:08:23,부과,덕천동 561-1
2024-01-14,11:08:23,부과,덕천동 561-1
2024-01-14,11:56:17,부과,구포동 1279
2024-01-14,11:58:17,부과,덕천동 415-14
2024-01-14,12:20:25,비부과,덕천동 401-15
2024-01-14,12:22:15,부과,덕천동 383-12
2024-01-14,12:22:24,부과,덕천동 414-8
2024-01-14,12:22:25,비부과,덕천동 416-1
2024-01-14,12:26:15,부과,만덕동 904
2024-01-14,13:00:30,부과,구포동 1281
2024-01-14,13:00:30,부과,구포동 1283
2024-01-14,13:04:33,비부과,구포동 1283
2024-01-14,13:36:17,부과,만덕동 686-7
2024-01-14,14:06:27,부과,화명동 2257
2024-01-14,14:24:25,비부과,구포동 779-3
2024-01-14,15:00:35,부과,구포동 1284
2024-01-14,15:06:18,부과,만덕동 904
2024-01-14,15:06:27,부과,만덕동 904
2024-01-14,15:08:17,부과,만덕동 904
2024-01-14,15:08:30,부과,만덕동 904
2024-01-14,15:08:30,부과,덕천동 472
2024-01-14,15:12:20,부과,만덕동 937
2024-01-14,15:46:21,부과,화명동 2257
2024-01-14,16:22:24,부과,금곡동 94-1
2024-01-14,16:54:23,비부과,만덕동 305-1
2024-01-14,17:38:25,부과,화명동 2257
2024-01-14,17:40:16,부과,구포동 1137
2024-01-14,18:08:27,부과,구포동 1223-5
2024-01-14,18:10:27,부과,구포동 1223-5
2024-01-14,18:22:29,부과,구포동 1269
2024-01-14,18:34:13,부과,구포동 1153
2024-01-14,19:12:12,대기,구포동 915-1
2024-01-14,19:16:25,부과,화명동 973-1
2024-01-14,19:18:14,부과,만덕동 835-37
2024-01-14,20:10:20,부과,만덕동 904
2024-01-14,20:10:20,부과,만덕동 904
2024-01-14,20:12:31,부과,만덕동 901
2024-01-14,20:30:26,부과,화명동 2257
2024-01-14,20:34:18,부과,만덕동 955-3
2024-01-14,21:10:27,부과,덕천동 327
2024-01-14,21:12:18,비부과,구포동 1060-471
2024-01-14,21:34:24,비부과,덕천동 401-15
2024-01-14,21:48:18,부과,구포동 729-8
2024-01-14,21:50:28,부과,구포동 729-2
2024-01-14,22:12:18,비부과,덕천동 814-4
2024-01-14,23:06:15,비부과,만덕동 880-6
2024-01-14,23:20:19,부과,덕천동 462
2024-01-14,23:22:27,부과,덕천동 431-12
2024-01-15,00:06:16,부과,구포동 1283
2024-01-15,00:06:17,부과,구포동 1283
2024-01-15,00:06:17,부과,구포동 1281
2024-01-15,03:12:24,대기,구포동 609-7
2024-01-15,03:14:12,대기,
2024-01-15,04:14:15,비부과,화명동 2257
2024-01-15,06:18:19,부과,덕천동 797
2024-01-15,06:26:19,비부과,덕천동 797
2024-01-15,07:54:24,부과,구포동 1242-9
2024-01-15,08:06:25,비부과,만덕동 962
2024-01-15,08:18:18,부과,화명동 188
2024-01-15,09:53:09,대기,
2024-01-15,10:06:21,대기,금곡동 57-12
2024-01-15,10:14:28,비부과,덕천동 456
2024-01-15,11:14:49,대기,
2024-01-15,11:44:19,부과,화명동 2257
2024-01-15,12:45:21,대기,만덕동 783-14
2024-01-15,13:50:30,비부과,덕천동 561-2
2024-01-15,13:54:24,부과,덕천동 585-11
2024-01-15,13:54:24,부과,덕천동 561-1
2024-01-15,13:54:25,부과,덕천동 561-1
2024-01-15,14:38:23,부과,만덕동 823-8
2024-01-15,15:14:33,부과,만덕동 904
2024-01-15,15:28:21,부과,구포동 1060-27
2024-01-15,15:28:22,부과,덕천동 472
2024-01-15,15:44:17,비부과,덕천동 457-29
2024-01-15,15:46:18,비부과,덕천동 457-29
2024-01-15,15:48:19,부과,덕천동 457-29
2024-01-15,15:50:30,비부과,덕천동 457-29
2024-01-15,15:50:31,비부과,덕천동 457-29
2024-01-15,16:00:24,비부과,덕천동 457-29
2024-01-15,16:08:59,대기,
2024-01-15,17:30:30,부과,구포동 1276
2024-01-15,18:02:21,부과,만덕동 598-6
2024-01-15,18:04:31,비부과,만덕동 598-6
2024-01-15,18:30:20,대기,덕천동 370
2024-01-15,18:40:13,부과,만덕동 763-14
2024-01-15,18:42:24,비부과,구포동 1243-1
2024-01-15,18:52:17,대기,구포동 1289
2024-01-15,18:52:17,대기,구포동 1289
2024-01-15,19:04:21,부과,만덕동 736-24
2024-01-15,19:20:16,부과,덕천동 462
2024-01-15,20:07:49,대기,
2024-01-15,21:38:17,부과,화명동 1222-2
2024-01-15,22:30:18,부과,덕천동 561-1
2024-01-15,22:32:19,부과,덕천동 561-1
2024-01-16,00:11:27,대기,구포동 리버파크반도유보라 앞쪽
2024-01-16,00:54:16,대기,화명동 2271-3
2024-01-16,05:12:18,부과,구포동 1153
2024-01-16,06:50:23,부과,덕천동 472
2024-01-16,09:10:27,부과,만덕동 937
2024-01-16,09:22:24,부과,만덕동 788
2024-01-16,10:50:21,대기,덕천동 723
2024-01-16,11:42:29,부과,화명동 2257
2024-01-16,11:58:14,부과,만덕동 955
2024-01-16,12:10:42,비부과,구포동 156-11
2024-01-16,12:38:19,대기,덕천동 752-2
2024-01-16,13:38:20,부과,구포동 156-11
2024-01-16,14:14:32,대기,
2024-01-16,14:14:32,대기,구포동 1269-1
2024-01-16,14:58:26,비부과,덕천동 327
2024-01-16,15:04:18,부과,만덕동 597-9
2024-01-16,15:28:30,부과,만덕동 904
2024-01-16,15:30:20,부과,만덕동 904
2024-01-16,15:49:05,대기,
2024-01-16,16:10:24,부과,만덕동 598-6
2024-01-16,16:10:54,대기,
2024-01-16,16:24:20,대기,금곡대로 지하 14
2024-01-16,16:26:41,대기,
2024-01-16,16:46:24,비부과,덕천동 462
2024-01-16,16:47:53,대기,낙동북로 743
2024-01-16,16:49:33,대기,낙동북로 743
2024-01-16,17:08:23,부과,덕천동 462
2024-01-16,17:22:29,비부과,화명동 2257
2024-01-16,17:24:30,부과,만덕동 823-8
2024-01-16,17:26:21,부과,덕천동 462
2024-01-16,17:26:23,부과,덕천동 462
2024-01-16,18:08:19,비부과,금곡동 108
2024-01-16,18:18:24,부과,만덕동 903
2024-01-16,18:30:28,부과,만덕동 763-14
2024-01-16,19:00:19,부과,금곡동 95-5
2024-01-16,19:00:30,비부과,덕천동 400-14
2024-01-16,19:06:22,부과,만덕동 783-21
2024-01-16,19:32:20,비부과,만덕동 846-2
2024-01-16,19:32:31,부과,구포동 1223-5
2024-01-16,19:34:32,부과,구포동 1223-5
2024-01-16,19:40:25,부과,구포동 1290
2024-01-16,19:44:27,부과,만덕동 904
2024-01-16,19:46:15,부과,만덕동 904
2024-01-16,19:46:19,부과,만덕동 904
2024-01-16,19:48:21,부과,만덕동 904
2024-01-16,20:10:14,부과,만덕동 599
2024-01-16,20:14:26,비부과,만덕동 605-20
2024-01-16,20:18:27,비부과,만덕동 830-49
2024-01-16,20:30:28,부과,만덕동 905
2024-01-16,20:42:56,대기,
2024-01-16,21:04:24,대기,
2024-01-16,21:28:21,부과,덕천동 462
2024-01-16,21:34:14,부과,덕천동 462
2024-01-16,21:36:15,부과,구포동 896-42
2024-01-16,21:56:29,부과,만덕동 235-1
2024-01-16,22:40:21,비부과,덕천동 327
2024-01-16,22:50:15,부과,만덕동 935
2024-01-16,23:54:19,부과,만덕동 296-4
2024-01-17,01:10:20,부과,만덕동 598-6
2024-01-17,01:16:12,비부과,만덕동 598-6
2024-01-17,01:40:14,비부과,만덕동 774-18
2024-01-17,04:40:23,비부과,화명동 2257
2024-01-17,04:42:17,비부과,화명동 2273
2024-01-17,06:32:14,부과,구포동 1060-199
2024-01-17,07:40:15,부과,화명동 745
2024-01-17,07:42:18,부과,구포동 982-37
2024-01-17,07:42:18,부과,구포동 982-37
2024-01-17,08:32:17,부과,덕천동 462
2024-01-17,08:46:20,부과,구포동 1280
2024-01-17,09:03:15,비부과,구포동 939
2024-01-17,09:12:18,대기,
2024-01-17,09:12:28,대기,
2024-01-17,09:16:27,대기,
2024-01-17,09:20:21,대기,만덕동 933
2024-01-17,09:22:22,부과,만덕동 823-8
2024-01-17,09:36:30,대기,구포동 717-4
2024-01-17,09:54:38,대기,화명신도시로 156
2024-01-17,09:55:18,비부과,
2024-01-17,09:56:29,대기,만덕동 962
2024-01-17,09:57:39,비부과,금곡대로 616번길  84길 금곡 도서괸 방향길
2024-01-17,09:58:09,비부과,화명동 2273
2024-01-17,09:58:30,비부과,화명동 2257
2024-01-17,10:02:01,비부과,
2024-01-17,10:36:16,부과,덕천동 327
2024-01-17,10:38:33,비부과,구포동 1193-9
2024-01-17,10:48:20,대기,만덕동 830-49
2024-01-17,11:40:18,대기,
2024-01-17,12:00:24,부과,구포동 1087-1
2024-01-17,13:22:22,부과,구포동 1268
2024-01-17,13:26:13,부과,금곡동 94-1
2024-01-17,13:52:51,대기,만덕동 646-15
2024-01-17,14:08:12,부과,만덕동 904
2024-01-17,14:08:21,부과,구포동 1060-316
2024-01-17,14:16:23,부과,덕천동 472
2024-01-17,14:37:30,대기,
2024-01-17,15:18:35,부과,덕천동 561-1
2024-01-17,15:20:25,대기,덕천동 393-1
2024-01-17,15:54:08,대기,만덕동 933
2024-01-17,16:00:22,대기,
2024-01-17,16:20:21,부과,덕천동 462
2024-01-17,16:30:27,비부과,구포동 1286
2024-01-17,17:09:06,대기,
2024-01-17,18:00:23,부과,화명동 2020
2024-01-17,18:02:25,부과,만덕동 598-6
2024-01-17,18:10:26,부과,구포동 451-4
2024-01-17,18:12:27,부과,구포동 451-4
2024-01-17,18:14:21,비부과,구포동 940-1
2024-01-17,18:16:27,부과,덕천동 380-20
2024-01-17,18:18:18,부과,덕천동 462
2024-01-17,19:20:19,부과,만덕동 676-2
2024-01-17,20:02:31,부과,구포동 937-41
2024-01-17,20:02:31,부과,구포동 1172-46
2024-01-17,20:02:32,부과,구포동 936-11
2024-01-17,20:04:12,부과,구포동 940-1
2024-01-17,20:06:22,부과,만덕동 904
2024-01-17,20:18:16,부과,금곡동 121
2024-01-17,20:20:26,부과,덕천동 342-2
2024-01-17,20:36:12,부과,만덕동 759-25
2024-01-17,20:58:21,비부과,금곡동 1193-10
2024-01-17,21:02:19,부과,구포동 1279
2024-01-17,21:18:23,부과,덕천동 462
2024-01-17,21:22:14,비부과,구포동 1269-1
2024-01-17,21:42:18,부과,구포동 1269-1
2024-01-18,01:36:17,비부과,구포동 1268
2024-01-18,05:36:24,부과,덕천동 797
2024-01-18,07:40:21,부과,구포동 729-8
2024-01-18,07:52:13,대기,금곡동 646-2
2024-01-18,08:30:22,대기,덕천동 464-19
2024-01-18,10:00:30,부과,만덕동 437-1
2024-01-18,10:06:22,부과,만덕동 824-35
2024-01-18,10:12:35,부과,만덕동 597-9
2024-01-18,10:20:19,부과,구포동 180-2
2024-01-18,10:42:08,비부과,만덕1로 21
2024-01-18,11:02:16,부과,만덕동 904
2024-01-18,11:02:26,부과,만덕동 904
2024-01-18,11:04:18,비부과,만덕동 955
2024-01-18,11:41:01,대기,
2024-01-18,13:12:24,부과,만덕동 955
2024-01-18,14:37:15,대기,구포동 1141-6
2024-01-18,14:37:45,대기,구포동 160-3
2024-01-18,14:38:15,대기,구포동 148
2024-01-18,14:41:27,대기,구포동 160-3
2024-01-18,15:02:25,부과,구포동 912
2024-01-18,15:02:25,부과,만덕동 823-8
2024-01-18,15:26:24,비부과,화명동 2267-3
2024-01-18,15:32:26,대기,
2024-01-18,15:32:26,대기,
2024-01-18,15:34:17,부과,만덕동 904
2024-01-18,16:28:29,대기,금곡동 811-4
2024-01-18,16:58:21,부과,화명동 1430
2024-01-18,17:27:12,대기,만덕대로 만덕방향
2024-01-18,18:06:20,부과,덕천동 472
2024-01-18,19:22:27,부과,만덕동 904
2024-01-18,19:44:31,부과,만덕동 955-3
2024-01-18,20:12:25,부과,만덕동 904
2024-01-18,21:10:29,비부과,덕천동 403-26
2024-01-18,21:18:18,부과,덕천동 400-8
2024-01-18,22:12:28,비부과,덕천동 327
2024-01-19,06:16:20,부과,덕천동 797
2024-01-19,07:16:21,비부과,만덕동 904
2024-01-19,07:42:10,부과,구포동 729-8
2024-01-19,07:54:21,부과,만덕동 904
2024-01-19,08:00:22,대기,덕천동 597
2024-01-19,08:10:15,부과,덕천동 472
2024-01-19,08:40:30,부과,만덕동 847-4
2024-01-19,09:22:30,부과,만덕동 823-8
2024-01-19,10:16:19,부과,덕천동 462
2024-01-19,10:18:28,부과,만덕동 904
2024-01-19,10:26:21,부과,덕천동 322-24
2024-01-19,10:32:22,부과,구포동 954-24
2024-01-19,11:02:31,부과,만덕동 904
2024-01-19,11:08:22,대기,
2024-01-19,11:41:21,대기,
2024-01-19,11:42:22,부과,만덕동 904
2024-01-19,13:18:29,비부과,만덕동 904
2024-01-19,13:20:30,부과,만덕동 904
2024-01-19,13:41:46,대기,
2024-01-19,14:06:23,비부과,구포동 612-8
2024-01-19,14:08:33,부과,만덕동 904
2024-01-19,14:14:26,부과,구포동 612-8
2024-01-19,14:42:25,부과,만덕동 898
2024-01-19,15:24:28,부과,만덕동 904
2024-01-19,15:24:29,부과,만덕동 904
2024-01-19,16:42:21,비부과,구포동 737-2
2024-01-19,16:48:23,대기,덕천동 400-16
2024-01-19,17:04:30,부과,화명동 189
2024-01-19,17:07:09,대기,만덕대로 만덕방향
2024-01-19,17:14:21,부과,구포동 1060-471
2024-01-19,17:26:25,부과,구포동 957-10
2024-01-19,17:44:31,부과,화명동 192
2024-01-19,17:54:23,부과,만덕동 904
2024-01-19,19:04:25,부과,구포동 729-8
2024-01-19,19:08:27,부과,덕천동 462
2024-01-19,19:08:27,부과,구포동 729-8
2024-01-19,19:22:19,비부과,덕천동 462
2024-01-19,19:26:20,대기,
2024-01-19,19:50:26,부과,만덕동 835-2
2024-01-19,20:20:24,부과,구포동 1290
2024-01-19,20:56:22,부과,만덕동 904
2024-01-19,21:12:26,부과,구포동 1060-471
2024-01-19,21:30:21,부과,화명동 2257
2024-01-19,21:40:23,부과,화명동 2312
2024-01-19,21:42:24,부과,구포동 1243-9
2024-01-19,23:50:27,비부과,구포동 1060-471
2024-01-20,01:06:18,부과,만덕동 605-11
2024-01-20,01:10:19,부과,만덕동 산 195-2
2024-01-20,01:12:19,부과,화명동 2257
2024-01-20,01:34:19,대기,
2024-01-20,02:38:18,비부과,화명동 2257
2024-01-20,06:00:17,대기,화명동 2334
2024-01-20,07:28:21,부과,화명동 2257
2024-01-20,07:38:10,부과,덕천동 307-1
2024-01-20,08:24:15,비부과,만덕동 963
2024-01-20,09:04:22,부과,만덕동 904
2024-01-20,09:28:17,부과,덕천동 462
2024-01-20,09:30:19,부과,만덕동 904
2024-01-20,09:32:27,비부과,덕천동 462
2024-01-20,09:34:18,부과,덕천동 462
2024-01-20,09:36:19,비부과,덕천동 467-1
2024-01-20,09:40:27,비부과,덕천동 467-1
2024-01-20,09:42:21,비부과,덕천동 462
2024-01-20,09:44:20,비부과,덕천동 467-1
2024-01-20,09:46:21,비부과,덕천동 410-4
2024-01-20,09:48:22,비부과,덕천동 462
2024-01-20,09:50:22,비부과,덕천동 462
2024-01-20,09:54:22,비부과,덕천동 387-8
2024-01-20,09:56:30,부과,덕천동 462
2024-01-20,09:58:13,비부과,덕천동 388-1
2024-01-20,10:04:25,부과,구포동 263-9
2024-01-20,10:40:23,부과,만덕동 904
2024-01-20,10:54:15,비부과,구포동 1071-3
2024-01-20,10:56:26,부과,구포동 1067-8
2024-01-20,11:14:31,부과,구포동 1166-41
2024-01-20,11:24:23,비부과,구포동 957-23
2024-01-20,11:24:23,부과,만덕동 904
2024-01-20,11:24:23,비부과,구포동 957-23
2024-01-20,11:26:13,부과,만덕동 904
2024-01-20,11:28:24,비부과,덕천동 462
2024-01-20,11:32:24,비부과,덕천동 462
2024-01-20,11:36:26,부과,덕천동 561-1
2024-01-20,11:36:26,부과,덕천동 585-11
2024-01-20,11:38:16,비부과,덕천동 561-1
2024-01-20,11:38:16,비부과,덕천동 561-1
2024-01-20,11:54:21,비부과,만덕동 845-6
2024-01-20,12:00:23,비부과,만덕동 904
2024-01-20,12:04:27,부과,만덕동 845-1
2024-01-20,12:06:24,비부과,만덕동 846-3
2024-01-20,12:18:17,비부과,만덕동 904
2024-01-20,12:18:17,부과,구포동 602-8
2024-01-20,12:18:17,부과,만덕동 845-3
2024-01-20,12:20:27,부과,만덕동 904
2024-01-20,12:26:30,부과,구포동 603-20
2024-01-20,12:30:25,비부과,만덕동 845-1
2024-01-20,12:32:21,비부과,덕천동 561-1
2024-01-20,12:50:16,부과,덕천동 561-1
2024-01-20,12:52:25,부과,덕천동 561-1
2024-01-20,13:02:18,부과,구포동 603-20
2024-01-20,13:24:33,부과,덕천동 561-1
2024-01-20,14:33:45,부과,덕천동 431-11
2024-01-20,14:56:17,부과,화명동 732
2024-01-20,15:42:20,부과,구포동 169-5
2024-01-20,17:50:27,부과,구포동 1141-112
2024-01-20,17:58:18,부과,만덕동 산 204-2
2024-01-20,18:34:27,부과,만덕동 760-3
2024-01-20,18:34:27,비부과,만덕동 918-13
2024-01-20,18:46:33,비부과,화명동 2257
2024-01-20,19:06:11,부과,구포동 1137
2024-01-20,19:12:30,부과,구포동 915-12
2024-01-20,19:32:18,부과,화명동 2257
2024-01-20,20:06:24,부과,화명동 1375-1
2024-01-20,20:08:24,부과,화명동 1375-1
2024-01-20,21:06:27,부과,덕천동 416-22
2024-01-20,21:10:22,대기,
2024-01-20,21:20:24,부과,구포동 1060-471
2024-01-20,21:24:20,비부과,구포동 1060-470
2024-01-20,21:46:27,부과,덕천동 295-10
2024-01-20,22:00:18,부과,화명동 2322
2024-01-20,22:02:18,부과,화명동 2322
2024-01-20,22:02:18,부과,화명동 2322
2024-01-20,22:02:18,부과,화명동 2322
2024-01-20,22:02:18,부과,화명동 2322
2024-01-20,22:04:24,부과,화명동 2257
2024-01-20,22:04:24,부과,화명동 2257
2024-01-20,22:08:21,부과,화명동 2257
2024-01-20,22:10:21,부과,화명동 2257
2024-01-20,22:10:21,부과,화명동 2257
2024-01-20,22:10:22,부과,화명동 2257
2024-01-20,22:10:22,부과,화명동 2257
2024-01-20,22:10:22,부과,화명동 2257
2024-01-20,22:12:21,부과,화명동 2318
2024-01-20,22:14:21,부과,구포동 1269-1
2024-01-20,22:30:15,부과,화명동 2257
2024-01-20,22:30:25,부과,화명동 2257
2024-01-20,22:56:20,부과,덕천동 462
2024-01-21,01:02:12,비부과,덕천동 327
2024-01-21,01:04:11,부과,덕천동 327
2024-01-21,04:00:10,비부과,화명동 2272-2
2024-01-21,04:14:22,부과,만덕동 937
2024-01-21,07:36:22,부과,만덕동 904
2024-01-21,08:00:15,부과,구포동 1154-1
2024-01-21,08:06:35,대기,
2024-01-21,08:16:18,부과,만덕동 904
2024-01-21,08:26:18,대기,덕천동 415-11
2024-01-21,08:54:12,부과,만덕동 962
2024-01-21,08:58:18,비부과,덕천동 473-4
2024-01-21,09:06:21,부과,만덕동 904
2024-01-21,09:14:16,부과,구포동 1086-4
2024-01-21,09:26:27,비부과,화명동 2288
2024-01-21,09:36:20,부과,덕천동 304-7
2024-01-21,09:46:11,부과,만덕동 904
2024-01-21,09:46:21,부과,만덕동 904
2024-01-21,09:46:21,부과,만덕동 904
2024-01-21,09:48:27,부과,만덕동 904
2024-01-21,09:48:27,부과,만덕동 904
2024-01-21,09:58:15,부과,화명동 2274-4
2024-01-21,10:18:28,부과,만덕동 904
2024-01-21,11:00:28,부과,만덕동 955
2024-01-21,11:38:21,비부과,화명동 2257
2024-01-21,12:12:19,부과,덕천동 561-2
2024-01-21,13:04:25,부과,만덕동 903
2024-01-21,13:10:15,비부과,화명동 2070-9
2024-01-21,13:14:25,부과,구포동 916-1
2024-01-21,13:18:17,부과,덕천동 561-1
2024-01-21,13:20:27,부과,덕천동 561-1
2024-01-21,13:20:27,부과,덕천동 561-1
2024-01-21,13:20:28,비부과,덕천동 561-1
2024-01-21,13:20:28,비부과,덕천동 561-1
2024-01-21,13:22:28,부과,덕천동 561-1
2024-01-21,13:24:29,비부과,덕천동 561-1
2024-01-21,13:50:18,부과,만덕동 783-54
2024-01-21,13:50:18,부과,만덕동 783-54
2024-01-21,13:54:17,비부과,만덕동 290-1
2024-01-21,14:00:30,부과,금곡동 681-1
2024-01-21,14:16:27,부과,만덕동 933
2024-01-21,14:16:35,부과,덕천동 561-1
2024-01-21,14:20:26,부과,덕천동 797
2024-01-21,14:44:18,부과,만덕동 904
2024-01-21,15:02:21,부과,구포동 313
2024-01-21,15:14:31,부과,만덕동 899
2024-01-21,15:22:13,부과,덕천동 456
2024-01-21,15:46:30,부과,화명동 2324
2024-01-21,16:10:27,비부과,만덕동 288
2024-01-21,16:28:22,부과,화명동 1170-15
2024-01-21,16:50:21,비부과,덕천동 327
2024-01-21,17:06:22,부과,덕천동 401-8
2024-01-21,17:24:17,비부과,구포동 1269
2024-01-21,17:54:14,부과,화명동 896-3
2024-01-21,18:50:16,부과,구포동 1271
2024-01-21,18:56:18,부과,덕천동 416-22
2024-01-21,19:54:20,부과,화명동 732-2
2024-01-21,19:56:10,부과,덕천동 462
2024-01-21,19:56:20,부과,덕천동 356-4
2024-01-21,19:56:21,부과,덕천동 380-28
2024-01-21,19:56:21,부과,덕천동 462
2024-01-21,19:58:24,부과,덕천동 462
2024-01-21,19:58:24,부과,덕천동 356-19
2024-01-21,19:58:31,부과,덕천동 462
2024-01-21,20:00:22,대기,금곡동 876-14
2024-01-21,20:44:12,부과,구포동 915-28
2024-01-21,20:54:25,부과,화명동 1258-1
2024-01-21,21:12:31,부과,덕천동 400-8
2024-01-21,21:54:18,비부과,덕천동 401-1
2024-01-21,22:36:26,부과,금곡동 57-1
2024-01-21,23:14:22,부과,구포동 1282
2024-01-21,23:30:25,부과,덕천동 462
2024-01-21,23:34:18,부과,덕천동 451-1
2024-01-21,23:36:18,부과,덕천동 451-1
2024-01-21,23:52:19,부과,구포동 1280
2024-01-22,01:26:24,대기,금곡동 521-9
2024-01-22,05:30:10,부과,덕천동 810
2024-01-22,07:42:14,부과,화명동 745
2024-01-22,07:52:26,대기,화명동 755
2024-01-22,07:56:16,대기,덕천동 347-2
2024-01-22,08:08:18,부과,덕천동 575
2024-01-22,08:22:31,비부과,덕천동 561-1
2024-01-22,08:51:36,대기,
2024-01-22,09:30:56,비부과,덕천동 327
2024-01-22,09:30:58,부과,만덕동 823-8
2024-01-22,09:31:08,대기,
2024-01-22,09:31:16,비부과,만덕동 823-27
2024-01-22,10:00:36,부과,구포동 1296-1
2024-01-22,10:00:37,부과,만덕동 960
2024-01-22,10:01:26,대기,
2024-01-22,10:04:29,대기,만덕동 761-5
2024-01-22,10:04:48,대기,만덕동 761-5
2024-01-22,10:28:28,부과,구포동 957-16
2024-01-22,10:48:14,대기,덕천동 473-4
2024-01-22,10:48:34,대기,덕천동 814-1
2024-01-22,10:48:54,대기,만덕동 962
2024-01-22,10:49:44,대기,화명동 2257
2024-01-22,10:58:27,비부과,구포동 737-2 도로
2024-01-22,11:04:19,부과,만덕동 899
2024-01-22,11:22:26,비부과,금곡동 108
2024-01-22,11:42:22,부과,덕천동 462
2024-01-22,12:16:23,비부과,만덕동 598-6
2024-01-22,12:46:22,부과,금곡동 55-14
2024-01-22,13:22:23,대기,덕천동 421-41
2024-01-22,13:31:56,대기,
2024-01-22,13:36:38,비부과,
2024-01-22,14:08:18,부과,덕천동 561-1
2024-01-22,14:10:29,부과,덕천동 561-1
2024-01-22,14:12:21,부과,덕천동 561-1
2024-01-22,14:18:32,부과,덕천동 561-1
2024-01-22,15:02:28,부과,만덕동 955
2024-01-22,15:13:18,대기,금곡대로 지하 14
2024-01-22,15:14:18,대기,구포동 1141-6
2024-01-22,15:15:38,대기,구포동 160-3
2024-01-22,15:17:00,대기,구포동 160-3
2024-01-22,15:48:36,부과,구포동 1280
2024-01-22,15:49:48,비부과,
2024-01-22,15:54:30,부과,만덕동 824-35
2024-01-22,16:12:15,부과,금곡동 123
2024-01-22,16:12:25,부과,화명동 2257
2024-01-22,16:14:26,부과,만덕동 904
2024-01-22,16:14:31,대기,
2024-01-22,16:16:18,부과,만덕동 904
2024-01-22,16:16:18,부과,만덕동 904
2024-01-22,16:16:26,부과,만덕동 904
2024-01-22,16:18:26,부과,만덕동 904
2024-01-22,16:36:41,비부과,
2024-01-22,16:56:20,대기,화명동 2171
2024-01-22,18:02:21,부과,덕천동 462
2024-01-22,18:28:30,부과,구포동 263-9
2024-01-22,18:32:20,비부과,구포동 263-9
2024-01-22,18:38:28,부과,덕천동 380-29
2024-01-22,18:54:21,부과,만덕동 912-10
2024-01-22,20:28:14,부과,만덕동 658
2024-01-22,20:42:24,부과,만덕동 823-8
2024-01-22,22:04:18,부과,만덕동 235-1
2024-01-22,22:48:29,부과,금곡동 53-3
2024-01-22,23:32:20,부과,구포동 1060-36
2024-01-22,23:58:24,비부과,만덕동 산 195-10
2024-01-23,00:20:17,부과,구포동 1137
2024-01-23,00:34:19,비부과,구포동 923-112
2024-01-23,06:02:20,부과,덕천동 797
2024-01-23,07:04:18,부과,구포동 1287
2024-01-23,07:10:18,대기,
2024-01-23,07:19:10,대기,
2024-01-23,07:42:14,대기,
2024-01-23,07:46:24,대기,
2024-01-23,08:28:11,부과,덕천동 561-1
2024-01-23,08:28:11,부과,덕천동 561-1
2024-01-23,08:38:23,부과,덕천동 539-6
2024-01-23,09:20:21,대기,
2024-01-23,09:22:22,부과,만덕동 823-8
2024-01-23,09:40:27,부과,만덕동 904
2024-01-23,09:50:09,대기,화명동 1718-7
2024-01-23,10:28:19,대기,만덕동 960
2024-01-23,10:48:33,부과,구포동 1060-470
2024-01-23,10:54:19,부과,구포동 957-23
2024-01-23,10:58:21,부과,만덕동 904
2024-01-23,10:58:30,부과,구포동 655-5
2024-01-23,11:18:17,비부과,덕천동 329
2024-01-23,12:22:20,부과,화명동 1422-8
2024-01-23,12:24:21,부과,화명동 699-1
2024-01-23,12:28:21,부과,만덕동 899
2024-01-23,13:04:20,대기,금곡동 산 114
2024-01-23,13:50:22,비부과,화명동 2257
2024-01-23,14:40:30,비부과,덕천동 400-10
2024-01-23,15:18:22,부과,만덕동 904
2024-01-23,16:22:21,부과,덕천동 561-1
2024-01-23,16:30:24,부과,덕천동 539-6
2024-01-23,16:34:25,부과,화명동 2306
2024-01-23,16:34:35,부과,화명동 2159
2024-01-23,16:52:31,부과,구포동 1235-11
2024-01-23,17:10:27,비부과,덕천동 327
2024-01-23,17:12:47,대기,
2024-01-23,17:14:38,부과,화명동 2159
2024-01-23,17:18:29,대기,덕천동 289-22
2024-01-23,17:24:31,부과,만덕동 823-8
2024-01-23,17:52:31,부과,금곡동 615-15
2024-01-23,18:20:17,부과,덕천동 462
2024-01-23,18:56:17,부과,만덕동 763-14
2024-01-23,18:58:18,부과,덕천동 561-1
2024-01-23,19:14:15,부과,만덕동 904
2024-01-23,19:22:25,부과,만덕동 759-25
2024-01-23,19:34:18,대기,금곡동 874-4
2024-01-23,21:30:26,대기,
2024-01-23,21:46:15,부과,화명동 2257
2024-01-23,22:08:21,대기,금곡동 1108
2024-01-24,00:44:18,부과,구포동 1060-471
2024-01-24,01:18:24,비부과,화명동 2273
2024-01-24,08:02:25,부과,덕천동 462
2024-01-24,08:24:19,부과,덕천동 561-1
2024-01-24,08:26:20,부과,덕천동 561-1
2024-01-24,08:34:21,대기,
2024-01-24,08:42:15,부과,만덕동 904
2024-01-24,09:10:25,비부과,덕천동 561-1
2024-01-24,09:20:14,대기,
2024-01-24,09:22:30,부과,만덕동 823-8
2024-01-24,09:26:26,대기,만덕동 607-1
2024-01-24,09:51:42,대기,구포동 148
2024-01-24,09:54:24,부과,구포동 263-9
2024-01-24,10:08:21,부과,구포동 1176-1
2024-01-24,10:11:51,대기,금곡동 1117
2024-01-24,10:42:24,부과,만덕동 848
2024-01-24,10:46:20,대기,만덕동 950
2024-01-24,10:48:21,부과,구포동 957-10
2024-01-24,11:52:17,부과,금곡동 615-15
2024-01-24,12:06:29,비부과,만덕동 904
2024-01-24,12:18:21,부과,만덕동 933
2024-01-24,12:20:24,비부과,덕천동 462
2024-01-24,12:41:46,대기,화명동 2257
2024-01-24,14:06:13,부과,화명동 2257
2024-01-24,14:24:27,부과,만덕동 904
2024-01-24,14:28:18,비부과,구포동 982-39
2024-01-24,14:41:43,대기,
2024-01-24,14:42:23,부과,덕천동 373-1
2024-01-24,15:36:18,비부과,구포동 730-3
2024-01-24,15:46:21,부과,만덕동 935
2024-01-24,15:52:14,대기,구포동 716-4
2024-01-24,16:50:23,대기,화명동 2257
2024-01-24,17:06:28,부과,덕천동 462
2024-01-24,17:22:24,부과,구포동 957-23
2024-01-24,17:26:26,비부과,구포동 554-2
2024-01-24,18:16:25,부과,구포동 518
2024-01-24,18:56:14,부과,금곡동 1916
2024-01-24,19:02:31,부과,만덕동 905
2024-01-24,19:10:26,부과,만덕동 904
2024-01-24,19:12:16,부과,만덕동 904
2024-01-24,19:12:17,부과,만덕동 904
2024-01-24,19:24:20,부과,구포동 1242-9
2024-01-24,19:26:22,부과,화명동 699-1
2024-01-24,19:40:25,부과,구포동 729-8
2024-01-24,19:42:16,부과,구포동 729-8
2024-01-24,19:54:21,부과,만덕동 592
2024-01-24,20:02:22,비부과,덕천동 310-22
2024-01-24,20:28:08,부과,구포동 1285
2024-01-24,20:30:18,부과,구포동 1284
2024-01-24,22:26:13,대기,덕천동 763-29
2024-01-24,22:50:18,대기,
2024-01-24,23:38:15,부과,화명동 2257
2024-01-24,23:56:18,부과,구포동 1276
2024-01-25,00:32:13,부과,화명동 2257
2024-01-25,01:42:12,비부과,구포동 1300
2024-01-25,06:10:24,부과,덕천동 797
2024-01-25,08:20:16,대기,만덕동 960
2024-01-25,08:34:28,부과,덕천동 561-2
2024-01-25,08:34:28,부과,덕천동 561-1
2024-01-25,08:40:20,부과,만덕동 823-8
2024-01-25,09:32:44,비부과,
2024-01-25,09:56:44,비부과,구포동 1060-493
2024-01-25,09:56:45,비부과,화명동 2257
2024-01-25,09:58:29,대기,
2024-01-25,10:04:20,비부과,
2024-01-25,10:38:22,부과,만덕동 598-6
2024-01-25,10:48:24,부과,만덕동 824-35
2024-01-25,11:00:21,부과,구포동 1236-1
2024-01-25,11:09:10,대기,화명동 1718-13
2024-01-25,11:14:22,부과,구포동 957-23
2024-01-25,11:26:15,대기,
2024-01-25,14:10:25,부과,구포동 1187-2
2024-01-25,15:42:18,부과,덕천동 561-1
2024-01-25,16:36:24,부과,만덕동 899
2024-01-25,17:32:21,부과,만덕동 823-8
2024-01-25,18:56:18,부과,구포동 896-23
2024-01-25,19:14:13,대기,금곡동 1117
2024-01-25,19:30:19,부과,덕천동 472
2024-01-25,19:38:22,부과,만덕동 955
2024-01-25,19:44:14,부과,만덕동 904
2024-01-25,19:44:24,부과,만덕동 904
2024-01-25,19:44:24,부과,만덕동 904
2024-01-25,19:46:15,비부과,화명동 699-1
2024-01-25,19:46:15,부과,만덕동 904
2024-01-25,19:46:25,부과,만덕동 904
2024-01-25,19:52:27,부과,덕천동 128-8
2024-01-25,20:20:15,부과,만덕동 783-21
2024-01-25,20:30:18,부과,구포동 1207-9
2024-01-25,20:52:24,부과,금곡동 108
2024-01-25,21:50:17,부과,만덕동 903
2024-01-25,21:52:17,대기,화명동 2306
2024-01-25,22:22:24,부과,덕천동 462
2024-01-25,22:44:19,대기,덕천동 429-55
2024-01-25,23:24:17,비부과,덕천동 464-21
2024-01-25,23:56:25,부과,구포동 1060-470
2024-01-26,00:14:20,부과,구포동 957-23
2024-01-26,06:10:10,부과,화명동 1170-15
2024-01-26,06:14:10,부과,덕천동 797
2024-01-26,07:24:21,대기,
2024-01-26,08:16:24,부과,만덕동 743-2
2024-01-26,08:24:23,부과,덕천동 561-32
2024-01-26,08:44:17,부과,덕천동 327
2024-01-26,09:14:22,부과,화명동 1718-3
2024-01-26,09:30:27,부과,만덕동 904
2024-01-26,09:52:57,대기,
2024-01-26,10:12:33,부과,덕천동 462
2024-01-26,10:18:16,부과,덕천동 327
2024-01-26,10:20:27,부과,만덕동 955-3
2024-01-26,10:23:58,대기,만덕동 955-5
2024-01-26,10:24:18,비부과,만덕동 835-5
2024-01-26,10:24:48,대기,
2024-01-26,11:13:07,대기,금곡동 1915
2024-01-26,11:26:22,부과,만덕동 904
2024-01-26,11:34:16,부과,구포동 957-23
2024-01-26,12:02:25,비부과,덕천동 415-7
2024-01-26,12:08:42,부과,구포동 1273
2024-01-26,12:36:25,비부과,만덕동 904
2024-01-26,12:40:28,부과,만덕동 955
2024-01-26,12:52:21,부과,덕천동 561-2
2024-01-26,13:00:35,비부과,금곡동 123
2024-01-26,13:44:15,비부과,덕천동 573-3
2024-01-26,14:40:44,대기,
2024-01-26,15:40:30,부과,구포동 1269-1
2024-01-26,15:51:14,대기,
2024-01-26,16:04:20,대기,
2024-01-26,16:22:31,부과,덕천동 462
2024-01-26,16:32:22,부과,화명동 1261-4
2024-01-26,16:46:17,대기,
2024-01-26,17:30:26,부과,구포동 857-10
2024-01-26,17:38:39,대기,
2024-01-26,18:08:22,부과,덕천동 462
2024-01-26,18:54:16,부과,구포동 896-23
2024-01-26,18:56:17,부과,만덕동 760-3
2024-01-26,19:50:25,부과,구포동 1279
2024-01-26,20:00:29,부과,만덕동 898
2024-01-26,20:02:24,부과,구포동 1279
2024-01-26,20:10:22,부과,만덕동 759-25
2024-01-26,21:18:26,부과,구포동 1157-1
2024-01-26,21:20:17,비부과,화명동 2257
2024-01-26,21:28:19,부과,만덕동 903
2024-01-26,21:38:21,부과,덕천동 416-22
2024-01-26,21:50:25,부과,구포동 263-9
2024-01-26,22:24:15,대기,덕천동 250-3
2024-01-26,23:06:18,부과,만덕동 937
2024-01-26,23:12:21,대기,
2024-01-26,23:54:19,비부과,구포동 1060-471
2024-01-27,01:08:18,부과,구포동 957-23
2024-01-27,02:32:14,부과,화명동 2276-2
2024-01-27,05:24:16,부과,덕천동 797
2024-01-27,06:26:23,비부과,화명동 2257
2024-01-27,07:34:14,부과,만덕동 904
2024-01-27,09:14:22,대기,구포동 983-7
2024-01-27,09:28:25,부과,만덕동 904
2024-01-27,09:36:28,부과,구포동 1060-11
2024-01-27,09:40:30,부과,구포동 1296
2024-01-27,10:12:21,비부과,만덕동 955
2024-01-27,10:12:21,부과,만덕동 598-6
2024-01-27,10:14:21,비부과,구포동 1280
2024-01-27,10:14:45,대기,
2024-01-27,10:16:22,부과,만덕동 904
2024-01-27,10:37:57,대기,
2024-01-27,10:48:31,부과,덕천동 315-51
2024-01-27,10:52:27,부과,덕천동 316-40
2024-01-27,10:54:23,부과,덕천동 315-51
2024-01-27,10:58:24,부과,덕천동 457-57
2024-01-27,11:00:24,부과,구포동 369
2024-01-27,11:02:25,부과,만덕동 598-6
2024-01-27,12:18:31,부과,덕천동 561-2
2024-01-27,12:18:31,비부과,덕천동 561-2
2024-01-27,12:32:16,부과,구포동 387-3
2024-01-27,12:38:24,부과,구포동 655-5
2024-01-27,12:48:32,부과,구포동 611-1
2024-01-27,12:50:22,부과,구포동 1166-20
2024-01-27,12:52:33,부과,덕천동 561-1
2024-01-27,12:54:24,부과,덕천동 561-1
2024-01-27,12:58:15,비부과,덕천동 561-1
2024-01-27,12:58:25,비부과,덕천동 561-1
2024-01-27,13:00:26,비부과,덕천동 585-3
2024-01-27,13:02:16,부과,화명동 2257
2024-01-27,13:08:28,부과,화명동 2283
2024-01-27,13:08:29,부과,화명동 2283
2024-01-27,13:10:20,부과,구포동 391-7
2024-01-27,13:10:20,비부과,만덕동 960-1
2024-01-27,13:18:12,비부과,구포동 1189
2024-01-27,13:20:23,부과,화명동 2257
2024-01-27,13:44:21,부과,덕천동 561-2
2024-01-27,13:46:23,부과,덕천동 561-2
2024-01-27,13:50:24,부과,덕천동 561-1
2024-01-27,13:50:34,비부과,덕천동 561-1
2024-01-27,13:54:16,부과,구포동 1060-471
2024-01-27,13:54:16,부과,구포동 1060-471
2024-01-27,16:12:19,부과,화명동 2257
2024-01-27,16:22:24,대기,
2024-01-27,16:30:26,부과,덕천동 462
2024-01-27,17:26:21,대기,화명동 2265-1
2024-01-27,18:12:23,부과,덕천동 472
2024-01-27,18:14:13,부과,구포동 1282
2024-01-27,18:16:24,부과,구포동 1282
2024-01-27,18:34:12,대기,
2024-01-27,18:38:21,부과,덕천동 416-13
2024-01-27,18:58:15,부과,덕천동 415-14
2024-01-27,18:58:33,부과,덕천동 414-8
2024-01-27,19:00:26,부과,덕천동 401-15
2024-01-27,19:00:26,부과,덕천동 401-15
2024-01-27,19:10:20,부과,금곡동 94-1
2024-01-27,19:16:20,부과,만덕동 904
2024-01-27,19:18:22,부과,만덕동 904
2024-01-27,19:22:22,부과,만덕동 904
2024-01-27,19:38:17,부과,덕천동 460-1
2024-01-27,19:38:17,부과,덕천동 425-19
2024-01-27,20:26:30,부과,화명동 1170-1
2024-01-27,20:28:15,부과,만덕동 904
2024-01-27,20:28:24,부과,만덕동 904
2024-01-27,20:30:25,부과,만덕동 904
2024-01-27,20:30:25,부과,만덕동 904
2024-01-27,20:32:26,부과,만덕동 904
2024-01-27,20:32:26,부과,만덕동 904
2024-01-27,20:32:27,부과,화명동 2257
2024-01-27,20:32:27,부과,만덕동 904
2024-01-27,20:32:27,부과,화명동 2316-13
2024-01-27,20:54:11,대기,
2024-01-27,21:24:20,부과,구포동 1268
2024-01-27,22:22:18,부과,화명동 2257
2024-01-27,22:34:13,부과,화명동 2257
2024-01-27,22:38:12,부과,덕천동 462
2024-01-27,23:48:26,부과,덕천동 462
2024-01-27,23:56:14,부과,구포동 1268
2024-01-28,01:08:20,부과,구포동 957-23
2024-01-28,02:48:16,비부과,화명동 2286-3
2024-01-28,02:50:17,비부과,화명동 2257
2024-01-28,02:52:17,비부과,화명동 2257
2024-01-28,02:56:17,부과,화명동 2257
2024-01-28,02:58:18,부과,화명동 2257
2024-01-28,02:58:18,부과,구포동 1137
2024-01-28,03:06:09,부과,화명동 2257
2024-01-28,03:08:09,부과,화명동 2257
2024-01-28,03:10:24,비부과,화명동 2275-5
2024-01-28,04:12:18,부과,화명동 2273
2024-01-28,04:14:19,부과,화명동 2257
2024-01-28,06:10:24,부과,덕천동 797
2024-01-28,09:16:15,비부과,구포동 산 48-106
2024-01-28,09:40:24,부과,구포동 1060-316
2024-01-28,09:44:20,부과,구포동 1060-466
2024-01-28,09:56:22,부과,구포동 652-3
2024-01-28,10:00:20,부과,구포동 620-6
2024-01-28,10:10:17,부과,구포동 1279
2024-01-28,10:20:24,부과,화명동 1718-3
2024-01-28,11:12:24,비부과,만덕동 937
2024-01-28,11:16:26,부과,화명동 699-1
2024-01-28,11:26:19,부과,만덕동 904
2024-01-28,11:26:20,부과,만덕동 904
2024-01-28,11:30:30,부과,덕천동 462
2024-01-28,11:30:30,부과,덕천동 356-4
2024-01-28,11:32:20,부과,덕천동 462
2024-01-28,11:32:21,부과,덕천동 462
2024-01-28,11:32:21,부과,덕천동 462
2024-01-28,11:32:21,부과,덕천동 462
2024-01-28,11:32:21,부과,덕천동 356-19
2024-01-28,11:34:21,부과,덕천동 356-20
2024-01-28,11:34:21,부과,덕천동 356-17
2024-01-28,11:36:12,부과,만덕동 904
2024-01-28,12:24:17,부과,만덕동 904
2024-01-28,12:24:17,부과,덕천동 401-20
2024-01-28,12:24:28,부과,구포동 625-1
2024-01-28,12:24:28,부과,구포동 550-2
2024-01-28,12:26:30,부과,덕천동 415-14
2024-01-28,12:28:19,부과,구포동 625-1
2024-01-28,12:54:24,비부과,구포동 737-2
2024-01-28,12:54:24,비부과,구포동 156-11
2024-01-28,12:56:31,비부과,구포동 156-11
2024-01-28,12:58:21,부과,구포동 156-11
2024-01-28,13:04:23,부과,덕천동 327
2024-01-28,13:08:24,부과,만덕동 904
2024-01-28,13:14:27,부과,화명동 699-1
2024-01-28,13:16:19,부과,화명동 699-1
2024-01-28,13:18:29,부과,화명동 699-1
2024-01-28,13:20:21,부과,화명동 699-1
2024-01-28,13:48:14,부과,덕천동 561-2
2024-01-28,13:50:36,비부과,구포동 609-7
2024-01-28,13:52:25,부과,덕천동 462
2024-01-28,13:54:28,부과,덕천동 561-2
2024-01-28,13:56:17,비부과,구포동 609-7
2024-01-28,13:56:17,부과,덕천동 561-2
2024-01-28,13:56:27,부과,구포동 301-1
2024-01-28,14:02:20,부과,덕천동 561-1
2024-01-28,14:02:30,부과,덕천동 561-1
2024-01-28,14:02:31,부과,덕천동 561-1
2024-01-28,14:02:31,부과,덕천동 561-1
2024-01-28,14:04:20,부과,덕천동 561-1
2024-01-28,14:04:21,부과,덕천동 561-1
2024-01-28,14:10:23,부과,금곡동 1875
2024-01-28,15:00:31,대기,화명동 2262
2024-01-28,15:08:26,비부과,덕천동 561-1
2024-01-28,15:28:23,부과,화명동 2257
2024-01-28,16:16:21,비부과,덕천동 462
2024-01-28,16:20:23,비부과,덕천동 462
2024-01-28,16:26:15,부과,덕천동 458
2024-01-28,16:48:23,부과,덕천동 773-14
2024-01-28,17:40:20,부과,구포동 1004-1
2024-01-28,17:54:26,부과,만덕동 941-2
2024-01-28,17:58:16,부과,만덕동 941-2
2024-01-28,18:02:18,비부과,만덕동 904
2024-01-28,18:06:09,비부과,덕천동 462
2024-01-28,18:36:47,대기,
2024-01-28,18:48:27,부과,덕천동 462
2024-01-28,18:58:23,부과,만덕동 759-25
2024-01-28,19:22:27,부과,덕천동 356-4
2024-01-28,20:00:30,부과,만덕동 904
2024-01-28,20:00:30,부과,만덕동 904
2024-01-28,20:02:13,부과,만덕동 904
2024-01-28,20:02:14,부과,만덕동 904
2024-01-28,20:02:24,부과,만덕동 904
2024-01-28,20:04:18,부과,만덕동 904
2024-01-28,20:04:24,부과,만덕동 904
2024-01-28,20:04:24,부과,만덕동 904
2024-01-28,20:34:14,부과,덕천동 416-7
2024-01-28,20:38:18,부과,화명동 2257
2024-01-28,20:38:18,부과,화명동 2272-1
2024-01-28,20:56:21,부과,덕천동 400-8
2024-01-28,21:52:18,대기,화명동 2257
2024-01-28,22:58:14,부과,덕천동 462
2024-01-28,23:10:17,부과,화명동 2272-5
2024-01-28,23:34:21,부과,구포동 1281
2024-01-28,23:46:31,부과,구포동 1060-471
2024-01-29,02:56:17,부과,화명동 2287-1
2024-01-29,05:22:21,부과,덕천동 810
2024-01-29,05:30:24,부과,덕천동 797
2024-01-29,07:14:21,대기,
2024-01-29,08:12:19,부과,만덕동 823-8
2024-01-29,08:26:24,부과,덕천동 561-31
2024-01-29,08:46:12,대기,덕천동 350-30
2024-01-29,09:15:34,대기,
2024-01-29,09:29:41,대기,만덕동 955
2024-01-29,09:30:42,대기,만덕동 302-1
2024-01-29,10:00:26,비부과,덕천동 384-13
2024-01-29,10:14:21,비부과,만덕동 332
2024-01-29,10:20:34,대기,
2024-01-29,10:59:12,대기,
2024-01-29,10:59:12,대기,덕천동 462
2024-01-29,11:04:05,대기,덕천동 350-30
2024-01-29,11:05:57,비부과,만덕동 904
2024-01-29,11:17:51,대기,
2024-01-29,11:22:30,부과,화명동 2301-7
2024-01-29,12:07:21,대기,
2024-01-29,12:34:18,비부과,구포동 1049-8
2024-01-29,12:46:23,부과,만덕동 950
2024-01-29,13:20:25,부과,덕천동 561-1
2024-01-29,13:26:27,부과,화명동 2257
2024-01-29,13:40:24,비부과,만덕동 670-1
2024-01-29,13:40:31,비부과,만덕동 670-1
2024-01-29,13:42:12,비부과,만덕동 670-1
2024-01-29,13:42:24,비부과,만덕동 670-1
2024-01-29,13:44:23,부과,덕천동 561-1
2024-01-29,13:44:23,부과,덕천동 561-1
2024-01-29,14:02:21,부과,덕천동 561-1
2024-01-29,14:30:22,부과,화명동 752
2024-01-29,14:52:21,부과,덕천동 590
2024-01-29,14:54:22,부과,덕천동 561-1
2024-01-29,14:58:23,부과,덕천동 561-1
2024-01-29,14:58:24,부과,덕천동 561-1
2024-01-29,14:58:24,부과,덕천동 561-1
2024-01-29,14:58:24,부과,덕천동 561-1
2024-01-29,15:00:24,부과,덕천동 592-8
2024-01-29,15:30:28,부과,만덕동 904
2024-01-29,15:50:17,부과,구포동 1189
2024-01-29,15:56:29,부과,만덕동 904
2024-01-29,16:29:12,비부과,금곡동 813
2024-01-29,16:32:44,대기,
2024-01-29,16:58:12,대기,구포동 160-3
2024-01-29,16:58:46,대기,구포동 160-3
2024-01-29,16:59:26,대기,구포동 160-3
2024-01-29,17:00:06,대기,덕천동 462
2024-01-29,17:00:36,대기,구포동 160-3
2024-01-29,17:00:56,대기,구포동 160-3
2024-01-29,17:01:27,대기,구포동 160-3
2024-01-29,17:01:37,대기,
2024-01-29,17:02:15,대기,구포동 160-3
2024-01-29,17:02:51,대기,구포동 160-3
2024-01-29,17:04:48,대기,구포동 160-3
2024-01-29,17:05:38,대기,구포동 160-3
2024-01-29,17:06:29,대기,구포동 1224
2024-01-29,17:13:12,대기,구포동 163-13
2024-01-29,17:14:12,대기,구포동 1141-6
2024-01-29,17:14:43,대기,구포동 160-3
2024-01-29,17:15:13,대기,구포동 160-3
2024-01-29,17:15:43,대기,구포동 160-3
2024-01-29,17:44:25,비부과,덕천동 460-2
2024-01-29,18:30:21,부과,만덕동 904
2024-01-29,19:10:24,부과,덕천동 396-8
2024-01-29,19:12:25,비부과,덕천동 396-8
2024-01-29,19:12:26,부과,구포동 734-20
2024-01-29,20:30:25,비부과,구포동 1137
2024-01-29,20:46:19,부과,화명동 770
2024-01-29,20:48:28,비부과,화명동 770
2024-01-29,20:50:18,비부과,화명동 1161-8
2024-01-29,21:48:15,비부과,덕천동 402-41
2024-01-29,21:50:15,부과,만덕동 302-5
2024-01-29,22:10:21,부과,화명동 2257
2024-01-29,23:54:15,부과,덕천동 397-1
2024-01-30,00:24:09,대기,
2024-01-30,01:14:25,부과,구포동 957-23
2024-01-30,06:40:18,비부과,화명동 2262
2024-01-30,08:00:21,대기,만덕동 607-1
2024-01-30,08:02:12,대기,화명동 2126-8
2024-01-30,08:04:12,부과,덕천동 561-2
2024-01-30,08:58:25,부과,덕천동 472
2024-01-30,09:27:17,대기,만덕동 937
2024-01-30,10:44:24,부과,화명동 1718-7
2024-01-30,11:24:17,부과,만덕동 598-6
2024-01-30,11:40:32,대기,
2024-01-30,11:40:32,대기,
2024-01-30,11:48:15,비부과,구포동 1186-26
2024-01-30,14:30:23,부과,만덕동 904
2024-01-30,15:30:34,부과,화명동 2257
2024-01-30,15:54:25,부과,만덕동 955
2024-01-30,16:18:13,부과,덕천동 462
2024-01-30,16:28:18,비부과,만덕동 757-77
2024-01-30,16:34:20,부과,화명동 1261-4
2024-01-30,16:38:01,대기,
2024-01-30,16:40:12,부과,화명동 745
2024-01-30,16:54:22,부과,구포동 916-1
2024-01-30,17:26:15,비부과,덕천동 402-41
2024-01-30,17:44:34,부과,구포동 1269-1
2024-01-30,17:46:25,부과,구포동 451-4
2024-01-30,18:42:16,비부과,화명동 953
2024-01-30,18:46:27,부과,화명동 1375-1
2024-01-30,19:19:58,대기,
2024-01-30,19:48:19,부과,구포동 1198-18
2024-01-30,20:04:25,부과,화명동 2070-5
2024-01-30,20:14:19,비부과,덕천동 462
2024-01-30,20:32:24,부과,화명동 2257
2024-01-30,20:36:21,부과,화명동 2275-6
2024-01-30,20:49:09,대기,
2024-01-30,21:26:27,부과,덕천동 50-22
2024-01-30,21:46:18,부과,덕천동 458
2024-01-30,22:39:41,대기,만덕대로 만덕방향 만덕3로33번길39 구간에 이르는 무단주차로 인한 위험
2024-01-30,23:22:22,비부과,화명동 2257
2024-01-31,00:48:18,부과,만덕동 903
2024-01-31,00:59:38,대기,교차로 얼마전에 공사한걸 알고 있습니다. 길게 적어놓은 글 다 날아가서 요약해서 적습니다.
2024-01-31,01:26:24,부과,구포동 1172
2024-01-31,01:26:25,부과,구포동 1063-2
2024-01-31,05:54:12,부과,덕천동 797
2024-01-31,07:52:24,부과,구포동 1286
2024-01-31,09:04:31,부과,덕천동 561-1
2024-01-31,09:16:27,대기,
2024-01-31,10:19:57,대기,
2024-01-31,10:42:27,부과,구포동 1060-411
2024-01-31,11:04:45,대기,화명동 2272-4
2024-01-31,11:20:20,부과,만덕동 904
2024-01-31,12:24:22,부과,구포동 1144-19
2024-01-31,13:23:45,대기,만덕동 783-14
2024-01-31,13:30:28,비부과,덕천동 329
2024-01-31,14:28:27,비부과,구포동 918-5
2024-01-31,14:28:47,대기,
2024-01-31,15:02:22,부과,구포동 1076-2
2024-01-31,15:40:26,부과,만덕동 846-2
2024-01-31,16:24:22,부과,화명동 2257
2024-01-31,16:26:23,부과,덕천동 419-18
2024-01-31,16:58:18,부과,만덕동 904
2024-01-31,17:17:47,대기,
2024-01-31,17:19:52,대기,만덕동 302-1
2024-01-31,17:28:22,비부과,만덕동 598-6
2024-01-31,17:32:23,대기,
2024-01-31,17:36:27,부과,구포동 936-11
2024-01-31,17:55:15,대기,
2024-01-31,18:02:27,부과,구포동 1160
2024-01-31,18:20:30,부과,만덕동 904
2024-01-31,19:16:25,부과,만덕동 763-14
2024-01-31,19:18:15,부과,만덕동 904
2024-01-31,19:18:24,부과,만덕동 904
2024-01-31,19:24:27,부과,만덕동 904
2024-01-31,20:02:20,부과,덕천동 128-8
2024-01-31,20:06:22,비부과,구포동 604-2
2024-01-31,20:08:13,부과,만덕동 904
2024-01-31,20:08:23,부과,만덕동 904
2024-01-31,20:16:25,부과,구포동 1091-5
2024-01-31,20:18:16,비부과,구포동 127-1
2024-01-31,20:34:24,부과,덕천동 420-17
2024-01-31,20:36:30,부과,덕천동 472
2024-01-31,21:20:17,비부과,덕천동 462
2024-01-31,21:46:31,부과,만덕동 235-1
2024-01-31,23:18:34,부과,화명동 2257
2024-01-31,23:54:20,부과,화명동 2257
2024-01-31,23:58:21,대기,
2024-02-01,01:34:15,비부과,만덕동 944-6
2024-02-01,05:30:19,부과,덕천동 797
2024-02-01,09:58:15,부과,구포동 214-4
2024-02-01,12:32:18,대기,만덕동 921-19
2024-02-01,13:04:28,부과,화명동 2257
2024-02-01,13:28:25,부과,구포동 1060-471
2024-02-01,13:32:17,비부과,구포동 1060-84
2024-02-01,14:08:33,대기,
2024-02-01,14:44:18,부과,화명동 2257
2024-02-01,14:46:28,비부과,만덕동 904
2024-02-01,15:22:23,부과,덕천동 462
2024-02-01,15:52:27,부과,만덕동 913-8
2024-02-01,16:16:26,부과,화명동 2257
2024-02-01,16:50:31,부과,덕천동 462
2024-02-01,17:36:31,부과,만덕동 823-8
2024-02-01,19:04:15,부과,구포동 1243-1
2024-02-01,19:12:18,부과,만덕동 897-4
2024-02-01,19:14:18,부과,덕천동 128-8
2024-02-01,20:08:17,부과,덕천동 307-1
2024-02-01,20:14:20,부과,만덕동 904
2024-02-01,20:14:20,부과,만덕동 904
2024-02-01,20:58:13,비부과,덕천동 310-22
2024-02-01,20:58:13,부과,화명동 2257
2024-02-01,20:58:14,부과,화명동 2257
2024-02-01,20:58:23,부과,화명동 2257
2024-02-01,20:58:24,부과,화명동 2257
2024-02-01,21:00:14,부과,화명동 2257
2024-02-01,21:00:24,부과,화명동 2257
2024-02-01,21:02:24,부과,화명동 2257
2024-02-01,21:06:27,부과,화명동 2257
2024-02-01,21:08:22,부과,덕천동 431-13
2024-02-01,21:14:08,부과,화명동 2257
2024-02-01,21:14:18,부과,화명동 2257
2024-02-01,21:14:19,부과,화명동 2257
2024-02-01,21:14:19,부과,화명동 2257
2024-02-01,21:14:19,부과,구포동 729-8
2024-02-01,21:16:22,부과,구포동 729-8
2024-02-01,21:18:20,부과,덕천동 397-1
2024-02-01,21:42:24,부과,구포동 1301-3
2024-02-01,21:42:25,부과,구포동 1301-3
2024-02-01,21:44:18,부과,구포동 1301-3
2024-02-01,21:44:29,비부과,구포동 1301-3
2024-02-01,21:56:24,부과,덕천동 397-1
2024-02-01,22:46:18,비부과,화명동 2337
2024-02-02,01:26:17,비부과,화명동 2257
2024-02-02,06:02:18,부과,만덕동 706-6
2024-02-02,08:12:23,부과,구포동 896
2024-02-02,08:44:24,부과,금곡동 1117
2024-02-02,09:01:29,부과,덕천동 462
2024-02-02,09:46:44,대기,덕천동 373-1
2024-02-02,10:11:43,비부과,화명동 2257
2024-02-02,10:12:34,비부과,화명동 2257
2024-02-02,10:56:33,부과,덕천동 472
2024-02-02,11:52:12,부과,만덕동 904
2024-02-02,11:52:12,부과,만덕동 904
2024-02-02,12:01:28,대기,
2024-02-02,12:36:25,부과,만덕동 904
2024-02-02,13:12:20,대기,구포동 1107-4
2024-02-02,13:38:21,부과,화명동 1229
2024-02-02,15:20:23,부과,화명동 1431
2024-02-02,15:28:15,대기,
2024-02-02,15:33:17,대기,만덕동 935
2024-02-02,16:33:12,대기,덕천동 460-1
2024-02-02,16:43:44,대기,덕천동 412-1
2024-02-02,17:26:25,대기,화명동 2257
2024-02-02,17:32:26,비부과,화명동 192
2024-02-02,17:48:12,부과,만덕동 904
2024-02-02,17:58:26,대기,
2024-02-02,18:02:28,부과,구포동 1049-8
2024-02-02,18:16:15,부과,구포동 1060-316
2024-02-02,18:20:30,부과,구포동 1062-2
2024-02-02,18:22:18,부과,구포동 1067-15
2024-02-02,18:24:25,부과,구포동 1172
2024-02-02,18:24:26,부과,구포동 1172
2024-02-02,18:26:33,부과,구포동 1049-8
2024-02-02,18:26:33,부과,구포동 1046-3
2024-02-02,18:28:17,비부과,구포동 546-2
2024-02-02,18:30:28,비부과,구포동 1160
2024-02-02,18:30:28,부과,덕천동 561-2
2024-02-02,18:36:21,부과,구포동 1160
2024-02-02,18:58:24,비부과,덕천동 561-2
2024-02-02,19:24:29,부과,화명동 2257
2024-02-02,19:24:29,대기,
2024-02-02,19:28:34,부과,만덕동 235-1
2024-02-02,19:38:14,부과,만덕동 759-25
2024-02-02,19:55:30,대기,
2024-02-02,19:56:21,부과,만덕동 912-10
2024-02-02,20:02:23,부과,만덕동 904
2024-02-02,20:02:23,부과,만덕동 904
2024-02-02,20:04:13,부과,만덕동 904
2024-02-02,20:04:30,부과,만덕동 904
2024-02-02,20:04:30,부과,만덕동 904
2024-02-02,20:06:24,부과,만덕동 904
2024-02-02,20:06:24,부과,구포동 1060-471
2024-02-02,20:08:15,부과,구포동 1060-512
2024-02-02,20:46:17,부과,덕천동 460-1
2024-02-02,21:16:17,부과,화명동 2257
2024-02-02,21:20:28,부과,만덕동 916-6
2024-02-02,21:20:29,비부과,만덕동 935
2024-02-02,21:22:20,부과,만덕동 935
2024-02-02,21:24:19,부과,만덕동 935
2024-02-02,21:26:20,부과,만덕동 912-4
2024-02-02,21:34:13,부과,덕천동 328
2024-02-02,21:48:18,부과,만덕동 955
2024-02-02,22:40:22,부과,화명동 2275-4
2024-02-02,22:42:22,부과,화명동 2257
2024-02-02,22:46:13,부과,화명동 2257
2024-02-02,23:58:21,부과,화명동 2257
2024-02-03,05:30:12,부과,덕천동 797
2024-02-03,06:32:21,비부과,만덕동 308-3
2024-02-03,08:22:17,부과,구포동 1154-1
2024-02-03,08:26:18,부과,구포동 263-8
2024-02-03,08:26:28,부과,구포동 263-8
2024-02-03,09:04:16,부과,구포동 1285
2024-02-03,09:38:24,부과,구포동 295-12
2024-02-03,09:46:15,비부과,구포동 423-2
2024-02-03,10:04:30,부과,만덕동 904
2024-02-03,10:34:27,비부과,만덕동 607-1
2024-02-03,10:50:24,비부과,구포동 420-5
2024-02-03,10:52:26,비부과,구포동 418-1
2024-02-03,10:54:26,부과,구포동 418-6
2024-02-03,11:16:30,비부과,만덕동 911-3
2024-02-03,11:32:19,부과,구포동 387-3
2024-02-03,11:34:21,부과,구포동 387-3
2024-02-03,11:34:21,부과,구포동 180-2
2024-02-03,11:40:33,부과,구포동 1278
2024-02-03,11:42:24,부과,구포동 1278
2024-02-03,12:08:24,부과,구포동 461-5
2024-02-03,12:10:24,부과,구포동 462-2
2024-02-03,12:20:29,비부과,구포동 156-11
2024-02-03,12:24:21,부과,구포동 387-3
2024-02-03,12:34:24,부과,구포동 654-12
2024-02-03,12:36:24,부과,구포동 655-1
2024-02-03,12:40:26,부과,덕천동 386-1
2024-02-03,14:04:26,부과,구포동 508
2024-02-03,14:08:27,비부과,만덕동 925-1
2024-02-03,14:08:27,비부과,덕천동 561-1
2024-02-03,14:08:28,비부과,덕천동 561-1
2024-02-03,14:08:29,비부과,덕천동 561-1
2024-02-03,15:08:19,부과,구포동 156-11
2024-02-03,15:26:24,부과,만덕동 830-1
2024-02-03,16:14:22,부과,화명동 1412-12
2024-02-03,16:32:19,대기,
2024-02-03,16:47:34,대기,
2024-02-03,16:54:27,부과,만덕동 290-1
2024-02-03,16:56:22,부과,만덕동 904
2024-02-03,16:58:21,부과,만덕동 904
2024-02-03,16:58:21,부과,만덕동 904
2024-02-03,16:58:21,부과,만덕동 904
2024-02-03,17:42:24,부과,덕천동 462
2024-02-03,17:56:18,비부과,금곡동 109
2024-02-03,18:16:13,부과,구포동 1279
2024-02-03,18:18:21,부과,구포동 1279
2024-02-03,18:18:21,부과,만덕동 613-21
2024-02-03,18:20:24,부과,만덕동 613-21
2024-02-03,18:30:16,부과,만덕동 937
2024-02-03,18:42:27,부과,만덕동 904
2024-02-03,19:04:18,부과,만덕동 846-2
2024-02-03,19:30:26,비부과,만덕동 904
2024-02-03,19:56:15,비부과,덕천동 365-20
2024-02-03,19:58:25,부과,덕천동 365-20
2024-02-03,20:22:22,부과,구포동 1268
2024-02-03,20:46:27,부과,만덕동 898
2024-02-03,20:50:18,부과,만덕동 904
2024-02-03,20:50:18,비부과,만덕동 658
2024-02-03,20:50:18,부과,만덕동 904
2024-02-03,20:50:18,부과,덕천동 462
2024-02-03,21:14:15,부과,덕천동 458
2024-02-03,21:28:17,부과,화명동 2275-6
2024-02-03,21:58:14,부과,구포동 1060-471
2024-02-03,22:18:20,부과,덕천동 416-7
2024-02-04,08:30:25,부과,구포동 1154-1
2024-02-04,10:42:25,부과,덕천동 316-40
2024-02-04,10:44:19,부과,덕천동 308-35
2024-02-04,10:52:11,부과,구포동 1153
2024-02-04,10:58:23,부과,구포동 1060-471
2024-02-04,11:16:21,부과,만덕동 904
2024-02-04,11:28:27,비부과,구포동 1060-471
2024-02-04,11:40:19,부과,구포동 1296
2024-02-04,11:44:20,부과,구포동 462-2
2024-02-04,11:46:21,부과,구포동 464-1
2024-02-04,11:56:15,부과,만덕동 783-54
2024-02-04,11:58:16,부과,구포동 655-5
2024-02-04,12:02:18,부과,구포동 156-11
2024-02-04,12:02:19,부과,구포동 613-5
2024-02-04,12:18:24,비부과,구포동 1060-471
2024-02-04,12:24:26,비부과,구포동 1060-512
2024-02-04,12:42:21,비부과,만덕동 670-1
2024-02-04,12:42:22,비부과,만덕동 670-1
2024-02-04,12:50:25,부과,만덕동 937
2024-02-04,13:14:13,부과,만덕동 904
2024-02-04,14:08:16,부과,구포동 1277
2024-02-04,14:08:16,비부과,덕천동 561-1
2024-02-04,14:08:16,부과,덕천동 561-2
2024-02-04,14:08:26,부과,덕천동 561-1
2024-02-04,14:24:22,부과,구포동 1279
2024-02-04,15:02:25,부과,구포동 1060-512
2024-02-04,15:12:19,부과,금곡동 150-1
2024-02-04,15:22:24,부과,만덕동 686-8
2024-02-04,15:40:30,부과,덕천동 462
2024-02-04,15:52:24,부과,만덕동 904
2024-02-04,15:52:25,부과,만덕동 904
2024-02-04,15:52:25,부과,만덕동 904
2024-02-04,15:54:15,부과,만덕동 904
2024-02-04,15:54:16,부과,만덕동 904
2024-02-04,15:56:26,부과,덕천동 250-3
2024-02-04,15:56:27,대기,덕천동 473-4
2024-02-04,15:58:17,부과,덕천동 290-4
2024-02-04,16:04:29,부과,구포동 1279
2024-02-04,16:20:18,부과,구포동 1226-2
2024-02-04,16:42:18,부과,만덕동 904
2024-02-04,17:08:13,부과,덕천동 336-6
2024-02-04,17:44:26,부과,덕천동 561-1
2024-02-04,17:50:17,부과,만덕동 686-7
2024-02-04,18:32:18,대기,화명동 2257
2024-02-04,18:38:31,부과,만덕동 904
2024-02-04,18:46:24,부과,만덕동 598-6
2024-02-04,19:10:22,부과,덕천동 414-22
2024-02-04,19:24:18,비부과,만덕동 613-21
2024-02-04,19:56:20,부과,덕천동 401-10
2024-02-04,20:06:22,대기,구포동 1300
2024-02-04,20:38:12,부과,화명동 2257
2024-02-04,20:54:18,대기,
2024-02-04,21:02:20,부과,구포동 1060-471
2024-02-04,21:28:18,부과,화명동 2315-4
2024-02-04,21:28:18,부과,화명동 2315-4
2024-02-04,21:28:19,부과,화명동 2257
2024-02-04,21:28:29,부과,화명동 2257
2024-02-04,21:28:29,부과,화명동 2322
2024-02-04,21:30:19,부과,화명동 2322
2024-02-04,21:30:19,부과,화명동 2322
2024-02-04,21:30:29,부과,화명동 2322
2024-02-05,00:40:11,부과,구포동 1060-471
2024-02-05,05:38:11,부과,덕천동 797
2024-02-05,09:00:25,대기,
2024-02-05,09:30:33,대기,만덕동 954
2024-02-05,09:31:15,대기,구포동 1267
2024-02-05,09:31:53,대기,덕천동 471
2024-02-05,09:32:33,대기,
2024-02-05,10:05:26,대기,만덕동 935
2024-02-05,10:08:38,대기,만덕동 311-3
2024-02-05,10:45:23,대기,
2024-02-05,11:04:19,대기,
2024-02-05,11:26:38,비부과,만덕동 835-26
2024-02-05,12:18:24,비부과,화명동 2272-4
2024-02-05,12:40:21,부과,구포동 214-3
2024-02-05,12:52:23,부과,금곡동 108
2024-02-05,13:10:19,대기,만덕동 927-1
2024-02-05,13:35:09,대기,
2024-02-05,14:17:45,대기,금곡대로 228
2024-02-05,14:18:27,비부과,덕천동 128-8
2024-02-05,14:28:19,부과,만덕동 823-8
2024-02-05,14:48:27,부과,덕천동 393-7
2024-02-05,15:27:23,대기,
2024-02-05,16:20:24,대기,덕천동 797
2024-02-05,16:20:24,대기,덕천동 797
2024-02-05,16:32:29,부과,만덕동 870-12
2024-02-05,16:36:21,대기,금곡동 813
2024-02-05,16:46:33,대기,
2024-02-05,17:02:21,비부과,구포동 923-120
2024-02-05,17:06:11,부과,구포동 586-3
2024-02-05,17:30:06,대기,
2024-02-05,18:06:16,부과,만덕동 955
2024-02-05,18:50:28,대기,
2024-02-05,19:20:26,부과,구포동 1060-84
2024-02-05,19:34:21,부과,만덕동 613-21
2024-02-05,20:04:19,부과,구포동 1060-390
2024-02-05,20:26:19,부과,구포동 1282
2024-02-05,20:34:22,비부과,구포동 972-51
2024-02-05,20:46:16,비부과,구포동 1280
2024-02-05,21:42:21,비부과,구포동 1154-1
2024-02-05,21:42:22,부과,구포동 1189
2024-02-05,22:26:21,부과,만덕동 900
2024-02-05,23:18:21,부과,구포동 1290
2024-02-06,04:09:57,비부과,화명동 2257
2024-02-06,05:58:04,부과,구포동 1176-1
2024-02-06,06:06:45,대기,
2024-02-06,07:20:18,부과,구포동 1124-1
2024-02-06,09:13:17,대기,
2024-02-06,09:14:28,대기,덕천동 327
2024-02-06,09:59:16,대기,
2024-02-06,10:45:36,대기,금곡동 813
2024-02-06,11:00:13,부과,금곡동 108
2024-02-06,11:10:18,부과,화명동 2257
2024-02-06,12:20:26,부과,금곡동 54-4
2024-02-06,13:03:11,대기,
2024-02-06,13:24:31,대기,화명동 941-1
2024-02-06,13:53:44,비부과,화명동 1222-2
2024-02-06,14:31:38,대기,덕천동 561-1
2024-02-06,15:06:46,부과,만덕동 823-8
2024-02-06,15:30:22,부과,만덕동 898
2024-02-06,16:14:00,부과,덕천동 472
2024-02-06,16:22:03,부과,만덕동 846-2
2024-02-06,16:39:21,대기,덕천동 585-11
2024-02-06,17:06:43,부과,구포동 1206-12
2024-02-06,17:17:17,대기,
2024-02-06,17:18:09,대기,
2024-02-06,17:30:34,부과,만덕동 823-8
2024-02-06,17:34:18,부과,구포동 1269-1
2024-02-06,19:12:09,비부과,덕천동 462
2024-02-06,19:24:23,대기,
2024-02-06,19:30:15,부과,구포동 1279
2024-02-06,19:50:21,부과,구포동 156-11
2024-02-06,19:50:21,부과,만덕동 904
2024-02-06,19:50:22,부과,만덕동 904
2024-02-06,19:50:23,부과,만덕동 955-3
2024-02-06,19:50:24,부과,만덕동 904
2024-02-06,19:50:24,부과,만덕동 955-3
2024-02-06,19:54:15,부과,만덕동 904
2024-02-06,19:54:15,부과,만덕동 904
2024-02-06,19:54:15,부과,만덕동 846-4
2024-02-06,19:54:25,부과,만덕동 904
2024-02-06,20:50:28,부과,만덕동 904
2024-02-06,21:00:10,부과,구포동 1223-5
2024-02-06,21:58:18,부과,덕천동 416-7
2024-02-06,22:44:06,부과,덕천동 327
2024-02-07,02:52:22,부과,덕천동 398-2
2024-02-07,03:02:43,부과,화명동 2274-4
2024-02-07,04:09:56,부과,화명동 2273
2024-02-07,06:49:59,부과,만덕동 962
2024-02-07,07:28:16,비부과,화명동 2274-4
2024-02-07,08:36:08,부과,구포동 1189
2024-02-07,09:12:20,대기,덕천동 452-43
2024-02-07,09:12:20,대기,덕천동 452-43
2024-02-07,09:13:41,대기,만덕동 774-27
2024-02-07,09:32:29,대기,
2024-02-07,09:32:29,대기,
2024-02-07,09:37:42,대기,만덕동 905
2024-02-07,09:38:23,대기,화명동 2257
2024-02-07,09:38:53,대기,화명동 1440-2
2024-02-07,09:45:14,대기,
2024-02-07,09:53:38,대기,
2024-02-07,10:00:34,부과,덕천동 327
2024-02-07,10:44:32,부과,구포동 1153
2024-02-07,11:04:42,부과,덕천동 462
2024-02-07,11:06:44,대기,화명동 2257
2024-02-07,11:12:45,부과,구포동 1060-473
2024-02-07,11:28:27,대기,화명동 1216-1
2024-02-07,11:32:21,대기,화명동 2257
2024-02-07,12:26:16,비부과,금곡동 108
2024-02-07,12:33:39,대기,남해고속도로 덕천ic교차로 부근
2024-02-07,12:46:27,비부과,덕천동 403-16
2024-02-07,14:40:13,부과,만덕동 597-9
2024-02-07,15:00:11,부과,구포동 1006-2
2024-02-07,15:30:22,대기,
2024-02-07,16:00:23,부과,금곡동 123
2024-02-07,16:26:16,부과,덕천동 561-1
2024-02-07,16:46:28,부과,만덕동 870-15
2024-02-07,16:50:12,부과,만덕동 904
2024-02-07,16:52:21,대기,만덕동 870-17
2024-02-07,16:56:15,부과,만덕동 904
2024-02-07,16:58:36,대기,
2024-02-07,17:02:48,부과,만덕동 904
2024-02-07,17:02:50,부과,만덕동 904
2024-02-07,17:02:59,부과,만덕동 904
2024-02-07,17:06:27,부과,만덕동 904
2024-02-07,17:06:27,부과,만덕동 904
2024-02-07,17:06:30,부과,만덕동 904
2024-02-07,17:14:13,대기,구포동 1060-316
2024-02-07,17:46:30,부과,덕천동 561-1
2024-02-07,17:54:06,부과,화명동 2324
2024-02-07,18:18:23,비부과,화명동 1431
2024-02-07,18:30:17,부과,덕천동 462
2024-02-07,18:54:26,비부과,화명동 1229
2024-02-07,18:58:07,비부과,구포동 1075-6
2024-02-07,19:06:12,부과,덕천동 462
2024-02-07,19:24:09,대기,
2024-02-07,20:06:15,부과,만덕동 904
2024-02-07,20:28:24,비부과,만덕동 658
2024-02-07,20:46:12,부과,만덕동 235-1
2024-02-07,20:50:02,부과,만덕동 597-9
2024-02-07,21:02:52,부과,화명동 2262
2024-02-07,21:06:24,부과,화명동 2257
2024-02-07,21:16:12,비부과,만덕동 670-1
2024-02-07,21:28:15,부과,구포동 897-21
2024-02-07,21:32:05,부과,화명동 1374-6
2024-02-07,21:38:07,부과,덕천동 462
2024-02-07,21:48:15,부과,덕천동 462
2024-02-07,21:50:13,부과,덕천동 416-22
2024-02-07,22:00:14,부과,구포동 1060-471
2024-02-07,22:06:25,부과,덕천동 348-5
2024-02-07,22:26:12,부과,만덕동 658
2024-02-07,22:38:09,비부과,구포동 1087-10
2024-02-07,23:22:14,비부과,만덕동 729-1
2024-02-07,23:24:15,부과,만덕동 783-21
2024-02-08,00:54:06,부과,덕천동 797
2024-02-08,01:00:06,부과,덕천동 797
2024-02-08,07:06:10,부과,구포동 1287
2024-02-08,07:12:07,부과,덕천동 797
2024-02-08,07:59:48,대기,
2024-02-08,08:10:20,부과,화명동 186
2024-02-08,08:16:21,부과,만덕동 869
2024-02-08,08:20:23,비부과,구포동 1237-17
2024-02-08,09:03:33,대기,구포동 923-81
2024-02-08,09:04:31,대기,덕천동 462
2024-02-08,09:04:53,대기,덕천동 462
2024-02-08,09:05:12,대기,덕천동 462
2024-02-08,09:05:36,대기,구포동 1218-24
2024-02-08,09:06:33,대기,만덕동 962
2024-02-08,09:12:48,부과,화명동 1431
2024-02-08,09:24:03,대기,
2024-02-08,09:24:03,대기,
2024-02-08,09:42:11,부과,화명동 2257
2024-02-08,09:46:12,비부과,구포동 394
2024-02-08,10:26:50,부과,만덕동 598-6
2024-02-08,10:30:30,대기,덕천동 763-29
2024-02-08,10:30:42,부과,구포동 520-1
2024-02-08,10:34:24,비부과,만덕동 598-6
2024-02-08,10:34:43,비부과,만덕동 598-6
2024-02-08,10:54:11,비부과,구포동 1237-17
2024-02-08,10:58:13,부과,구포동 1060-316
2024-02-08,11:09:59,대기,덕천동 462
2024-02-08,11:10:27,부과,구포동 426-22
2024-02-08,11:16:23,부과,구포동 655-1
2024-02-08,11:26:17,부과,구포동 655-5
2024-02-08,11:36:30,부과,구포동 611-2
2024-02-08,11:48:14,부과,화명동 2257
2024-02-08,11:52:09,부과,만덕동 925-1
2024-02-08,12:28:29,비부과,구포동 156-11
2024-02-08,12:32:22,부과,구포동 459-2
2024-02-08,12:36:12,부과,구포동 1153
2024-02-08,12:36:23,부과,구포동 387-3
2024-02-08,12:40:03,부과,구포동 460-2
2024-02-08,14:05:04,부과,덕천동 327
2024-02-08,15:34:34,부과,구포동 178-12
2024-02-08,16:01:09,부과,화명동 2257
2024-02-08,16:01:10,부과,화명동 2257
2024-02-08,16:01:11,부과,화명동 2257
2024-02-08,16:04:50,부과,구포동 1269-1
2024-02-10,07:09:57,대기,
2024-02-13,08:42:18,비부과,
2024-02-13,09:36:09,대기,
2024-02-13,10:43:49,대기,덕천동 763-29
2024-02-13,10:48:31,부과,구포동 313
2024-02-13,10:57:10,부과,만덕동 904
2024-02-13,11:17:02,대기,
2024-02-13,11:53:31,부과,구포동 1076-2
2024-02-13,12:00:44,비부과,구포동 263-8
2024-02-13,12:16:56,부과,금곡동 123
2024-02-13,12:17:07,부과,덕천동 472
2024-02-13,12:24:29,부과,만덕동 955
2024-02-13,12:25:24,부과,만덕동 904
2024-02-13,12:25:34,부과,만덕동 904
2024-02-13,12:25:34,부과,만덕동 904
2024-02-13,12:25:34,부과,구포동 1279
2024-02-13,12:25:45,부과,구포동 1223-5
2024-02-13,12:25:45,부과,만덕동 904
2024-02-13,12:32:36,비부과,만덕동 670
2024-02-13,12:41:48,부과,화명동 2313
2024-02-13,12:46:50,부과,화명동 2322
2024-02-13,12:52:25,부과,덕천동 472
2024-02-13,12:52:43,부과,덕천동 472
2024-02-13,12:53:25,부과,만덕동 941-2
2024-02-13,13:14:59,부과,덕천동 462
2024-02-13,13:15:10,부과,덕천동 462
2024-02-13,13:23:37,부과,화명동 1130-9
2024-02-13,13:30:45,부과,화명동 1130-9
2024-02-13,13:30:45,부과,화명동 1130-9
2024-02-13,13:30:48,부과,화명동 1179-14
2024-02-13,13:30:49,부과,화명동 1179-14
2024-02-13,13:30:59,부과,화명동 1130-9
2024-02-13,13:31:10,부과,화명동 1130-9
2024-02-13,13:31:10,부과,구포동 1060-428
2024-02-13,13:31:21,부과,화명동 1130-9
2024-02-13,13:31:21,부과,구포동 937-25
2024-02-13,13:38:34,부과,화명동 2257
2024-02-13,13:45:09,대기,덕천동 675-4
2024-02-13,13:47:02,부과,금곡동 109
2024-02-13,13:47:13,부과,덕천동 472
2024-02-13,14:03:12,부과,덕천동 590
2024-02-13,14:10:35,대기,
2024-02-13,14:17:30,대기,화명동 2257
2024-02-13,14:27:10,비부과,덕천동 472
2024-02-13,14:27:50,대기,만덕동 925-4
2024-02-13,14:32:53,부과,덕천동 329
2024-02-13,14:47:26,부과,화명동 2257
2024-02-13,15:18:24,비부과,
2024-02-13,15:20:06,부과,화명동 699-1
2024-02-13,15:20:18,부과,화명동 699-1
2024-02-13,15:25:11,비부과,화명동 752
2024-02-13,15:43:07,비부과,덕천동 763-29
2024-02-13,15:47:40,비부과,만덕동 597-4
2024-02-13,15:51:03,부과,구포동 655-1
2024-02-13,15:51:45,부과,구포동 655-1
2024-02-13,15:52:05,부과,구포동 621-2
2024-02-13,15:52:06,비부과,덕천동 457-54
2024-02-13,15:52:06,부과,구포동 1268
2024-02-13,15:59:22,부과,구포동 459-2
2024-02-13,15:59:23,부과,구포동 459-2
2024-02-13,15:59:43,부과,구포동 461-1
2024-02-13,16:04:44,부과,구포동 461-1
2024-02-13,16:05:06,부과,덕천동 365-20
2024-02-13,16:11:31,비부과,만덕동 848-1
2024-02-13,16:16:34,부과,덕천동 462
2024-02-13,16:17:07,비부과,덕천동 730-5
2024-02-13,16:22:41,부과,구포동 1279
2024-02-13,16:22:51,부과,화명동 2257
2024-02-13,16:23:12,부과,구포동 609-9
2024-02-13,16:27:53,대기,화명동 941-1
2024-02-13,16:35:33,부과,화명동 699-1
2024-02-13,16:35:34,부과,구포동 932-5
2024-02-13,16:47:34,부과,화명동 2257
2024-02-13,17:10:20,부과,덕천동 307-1
2024-02-13,17:11:13,부과,만덕동 275
2024-02-13,18:17:25,부과,만덕동 904
2024-02-13,18:17:25,부과,만덕동 904
2024-02-13,18:17:35,비부과,만덕동 904
2024-02-13,18:17:36,부과,만덕동 904
2024-02-13,18:34:27,비부과,구포동 156-11
2024-02-13,18:35:09,부과,구포동 1269-1
2024-02-13,18:35:32,부과,구포동 1268
2024-02-13,18:40:23,부과,구포동 1242-3
2024-02-13,18:40:32,부과,구포동 1137
2024-02-13,18:40:43,부과,덕천동 377-17
2024-02-13,18:41:05,부과,만덕동 941-2
2024-02-13,18:47:10,부과,구포동 1060-471
2024-02-13,18:58:28,비부과,구포동 156-11
2024-02-13,18:58:39,부과,만덕동 904
2024-02-13,18:59:00,부과,덕천동 382-1
2024-02-13,19:04:43,부과,만덕동 941-2
2024-02-13,19:10:31,대기,덕천동 561-2
2024-02-13,19:16:45,부과,만덕동 941-2
2024-02-13,19:17:17,부과,구포동 1223-5
2024-02-13,19:47:12,비부과,구포동 1269
2024-02-13,19:53:18,부과,화명동 2273
2024-02-13,19:53:29,부과,화명동 2273
2024-02-13,20:05:09,부과,화명동 2273
2024-02-13,20:05:20,부과,화명동 2273
2024-02-13,20:11:27,대기,
2024-02-13,20:16:29,비부과,화명동 2257
2024-02-13,20:22:46,비부과,구포동 1269
2024-02-13,20:28:41,부과,구포동 1060-465
2024-02-13,20:29:06,부과,구포동 1060-22
2024-02-13,20:29:07,부과,구포동 1060-471
2024-02-13,20:29:13,부과,구포동 1060-471
2024-02-13,20:47:03,부과,구포동 1060-471
2024-02-13,20:47:03,부과,구포동 1060-471
2024-02-13,20:47:13,부과,덕천동 460-1
2024-02-13,20:52:36,부과,덕천동 458
2024-02-13,20:52:46,부과,덕천동 456
2024-02-13,20:52:47,부과,덕천동 320-1
2024-02-13,20:52:57,부과,덕천동 320-1
2024-02-13,20:53:08,부과,덕천동 458
2024-02-13,20:53:09,부과,덕천동 458
2024-02-13,20:58:24,부과,덕천동 473-4
2024-02-13,20:59:02,부과,화명동 2272-1
2024-02-13,21:16:33,부과,화명동 2257
2024-02-13,21:16:42,부과,화명동 2257
2024-02-13,21:58:51,비부과,구포동 1060-316
2024-02-13,22:04:57,대기,화명동 1130-9
2024-02-13,22:10:44,부과,화명동 2257
2024-02-13,22:11:06,부과,구포동 1137
2024-02-13,22:17:01,부과,구포동 1269-1
2024-02-13,22:17:24,비부과,금곡동 102
2024-02-13,22:22:16,비부과,덕천동 472
2024-02-13,22:22:51,비부과,덕천동 472
2024-02-13,22:29:49,비부과,화명동 1718-7
2024-02-13,22:34:22,비부과,만덕동 954
2024-02-13,22:47:05,부과,구포동 1268
2024-02-13,22:47:27,비부과,구포동 1269
2024-02-13,22:52:20,비부과,구포동 737-2
2024-02-13,22:52:52,부과,덕천동 810
2024-02-13,22:58:25,비부과,덕천동 452-43
2024-02-13,23:04:19,부과,구포동 1137
2024-02-13,23:10:59,부과,구포동 1281
2024-02-13,23:11:00,비부과,구포동 1281
2024-02-13,23:11:09,부과,구포동 1290
2024-02-13,23:16:27,비부과,구포동 1172-42
2024-02-13,23:16:41,부과,덕천동 327
2024-02-13,23:22:15,비부과,금곡동 811
2024-02-13,23:46:29,부과,구포동 1060-22
2024-02-13,23:58:20,대기,
2024-02-13,23:59:03,비부과,화명동 2257
2024-02-13,23:59:04,비부과,화명동 2266-2
2024-02-14,00:10:33,대기,만덕동 954
2024-02-14,00:22:22,비부과,덕천동 328
2024-02-14,00:44:38,부과,구포동 451-6
2024-02-14,00:44:39,부과,구포동 1160
2024-02-14,00:45:11,대기,화명동 2317
2024-02-14,00:56:19,비부과,구포동 1060-351
2024-02-14,00:56:30,부과,구포동 1060-351
2024-02-14,00:56:51,부과,구포동 1137
2024-02-14,01:02:37,비부과,덕천동 327
2024-02-14,01:02:46,부과,덕천동 472
2024-02-14,01:09:23,부과,구포동 1268
2024-02-14,01:21:02,부과,덕천동 473-4
2024-02-14,01:26:57,부과,덕천동 450-14
2024-02-14,01:27:29,비부과,덕천동 472
2024-02-14,01:32:03,부과,덕천동 416-7
2024-02-14,01:32:15,부과,덕천동 456
2024-02-14,01:32:16,부과,구포동 1269-1
2024-02-14,01:37:01,부과,구포동 313
2024-02-14,01:52:43,부과,구포동 1184-9
2024-02-14,02:12:26,부과,구포동 1282
2024-02-14,02:12:26,부과,구포동 1283
2024-02-14,02:12:38,부과,구포동 1273
2024-02-14,02:16:29,부과,구포동 1272
2024-02-14,02:32:33,부과,화명동 2257
2024-02-14,02:33:06,대기,구포동 1060-262
2024-02-14,02:36:27,부과,화명동 2257
2024-02-14,02:40:52,비부과,구포동 371-3
2024-02-14,02:52:52,부과,만덕동 962-2
2024-02-14,02:53:01,부과,구포동 1247-10
2024-02-14,02:53:01,부과,덕천동 327
2024-02-14,02:53:01,비부과,만덕동 962-2
2024-02-14,02:53:02,부과,구포동 1243-9
2024-02-14,03:32:32,부과,구포동 612-26
2024-02-14,03:32:33,부과,구포동 156-11
2024-02-14,03:44:57,부과,만덕동 898
2024-02-14,04:16:20,비부과,금곡동 108
2024-02-14,04:16:33,부과,금곡동 108
2024-02-14,04:16:43,비부과,구포동 1166-31
2024-02-14,04:24:40,비부과,덕천동 365-5
2024-02-14,04:28:45,대기,덕천동 347-5
2024-02-14,04:40:45,부과,구포동 1223-5
2024-02-14,05:08:54,대기,덕천동 459-1
2024-02-14,05:20:40,대기,덕천동 327
2024-02-14,05:44:55,비부과,구포동 690-42
2024-02-14,05:48:28,대기,덕천동 473-4
2024-02-14,05:48:48,부과,화명동 2257
2024-02-14,05:49:10,부과,구포동 1185-3
2024-02-14,06:00:26,부과,금곡동 1874-4
2024-02-14,06:04:52,부과,화명동 745
2024-02-14,06:12:38,부과,만덕동 824-35
2024-02-14,06:16:33,비부과,화명동 2257
2024-02-14,06:16:33,비부과,화명동 2257
2024-02-14,06:16:34,비부과,화명동 2257
2024-02-14,06:16:42,비부과,화명동 2257
2024-02-14,06:16:42,부과,만덕동 905
2024-02-14,06:16:42,부과,화명동 2257
2024-02-14,06:16:43,부과,화명동 2257
2024-02-14,06:20:35,부과,덕천동 401-10
2024-02-14,06:28:42,대기,화명동 2272-4
2024-02-14,06:32:24,부과,화명동 2314-4
2024-02-14,06:40:41,부과,덕천동 417-13
2024-02-14,06:40:51,부과,덕천동 462
2024-02-14,06:44:22,부과,덕천동 462
2024-02-14,06:44:34,부과,덕천동 451-1
2024-02-14,06:44:44,부과,덕천동 462
2024-02-14,06:52:49,비부과,화명동 2257
2024-02-14,07:04:37,부과,구포동 1225-1
2024-02-14,07:04:37,부과,구포동 1273
2024-02-14,07:24:32,비부과,화명동 2341
2024-02-14,07:28:55,부과,덕천동 472
2024-02-14,07:42:50,부과,만덕동 962-2
2024-02-14,07:47:03,부과,화명동 643
2024-02-14,07:50:57,부과,만덕동 313
2024-02-14,07:58:52,부과,화명동 643-3
2024-02-14,07:58:54,비부과,화명동 643-3
2024-02-14,07:59:03,부과,구포동 1284
2024-02-14,07:59:24,부과,구포동 1276
2024-02-14,07:59:25,부과,구포동 1278
2024-02-14,08:06:43,부과,덕천동 462
2024-02-14,08:12:44,부과,화명동 2257
2024-02-14,08:14:46,부과,화명동 1718-14
2024-02-14,08:24:33,부과,구포동 461-1
2024-02-14,08:28:37,비부과,만덕동 774-27
2024-02-14,08:32:51,부과,덕천동 561-2
2024-02-14,08:38:35,부과,구포동 1060-470
2024-02-14,08:38:36,비부과,구포동 1269
2024-02-14,08:58:22,부과,구포동 1153
2024-02-14,08:58:31,부과,구포동 459-2
2024-02-14,08:58:42,부과,구포동 1124-13
2024-02-14,08:58:43,부과,구포동 461-1
2024-02-14,08:58:52,부과,구포동 1153
2024-02-14,09:06:40,부과,덕천동 384-20
2024-02-14,09:12:38,부과,금곡동 108
2024-02-14,09:14:50,대기,구포동 1272
2024-02-14,09:16:29,비부과,덕천동 428-18
2024-02-14,09:16:29,부과,구포동 1124-1
2024-02-14,09:20:17,부과,구포동 1269-1
2024-02-14,09:34:32,부과,덕천동 472
2024-02-14,09:46:57,비부과,덕천동 464-14
2024-02-14,10:08:48,부과,화명동 2257
2024-02-14,10:20:08,대기,
2024-02-14,10:20:28,부과,구포동 1279
2024-02-14,10:20:39,부과,구포동 1279
2024-02-14,10:26:34,부과,덕천동 462
2024-02-14,10:26:44,비부과,덕천동 462
2024-02-14,10:30:17,부과,구포동 148
2024-02-14,10:32:49,부과,덕천동 472
2024-02-14,10:36:01,비부과,
2024-02-14,10:38:34,비부과,덕천동 462
2024-02-14,10:52:25,부과,덕천동 473-4
2024-02-14,10:52:45,부과,구포동 1197-36
2024-02-14,11:06:39,부과,구포동 1154-1
2024-02-14,11:08:40,부과,덕천동 561-2
2024-02-14,11:16:49,비부과,덕천동 460-4
2024-02-14,11:40:27,부과,구포동 1268
2024-02-14,11:56:41,부과,덕천동 472
2024-02-14,12:00:54,비부과,덕천동 458
2024-02-14,12:04:37,부과,덕천동 462
2024-02-14,12:10:44,부과,구포동 1172-46
2024-02-14,12:14:38,부과,금곡동 102
2024-02-14,12:20:21,대기,
2024-02-14,12:24:23,부과,만덕동 605-10
2024-02-14,13:08:27,비부과,구포동 410-7
2024-02-14,13:08:27,부과,구포동 1169
2024-02-14,13:08:36,비부과,구포동 413-6
2024-02-14,13:22:51,부과,덕천동 472
2024-02-14,13:50:22,부과,구포동 729-8
2024-02-14,14:24:46,부과,만덕동 935
2024-02-14,14:40:35,부과,만덕동 903
2024-02-14,15:04:34,부과,구포동 461-1
2024-02-14,15:16:22,부과,금곡동 813
2024-02-14,15:16:33,비부과,금곡동 813
2024-02-14,15:18:15,비부과,금곡동 812-8
2024-02-14,15:46:34,부과,덕천동 539-2
2024-02-14,15:48:26,비부과,덕천동 462
2024-02-14,15:52:36,비부과,금곡동 108
2024-02-14,16:04:27,부과,만덕동 산 89-2
2024-02-14,16:04:27,부과,구포동 1280
2024-02-14,16:04:47,부과,덕천동 382-1
2024-02-14,16:05:08,대기,
2024-02-14,16:08:30,부과,화명동 953
2024-02-14,16:08:41,부과,화명동 2313
2024-02-14,16:08:51,부과,구포동 148
2024-02-14,16:10:33,부과,화명동 941-1
2024-02-14,16:10:42,비부과,금곡동 102-1
2024-02-14,16:12:34,부과,화명동 944-3
2024-02-14,16:50:24,부과,화명동 2257
2024-02-14,17:02:45,비부과,화명동 2257
2024-02-14,17:18:25,비부과,구포동 919-19
2024-02-14,17:40:42,부과,만덕동 904
2024-02-14,17:40:52,부과,만덕동 904
2024-02-14,17:40:53,부과,만덕동 904
2024-02-14,17:42:22,부과,만덕동 904
2024-02-14,17:48:38,부과,구포동 1189
2024-02-14,17:56:27,비부과,덕천동 462
2024-02-14,17:58:35,부과,화명동 1261-4
2024-02-14,18:08:43,부과,만덕동 960
2024-02-14,18:30:33,부과,만덕동 763-14
2024-02-14,18:38:18,부과,덕천동 381-3
2024-02-14,18:52:26,대기,화명동 2342
2024-02-14,18:56:28,부과,구포동 1087-1
2024-02-14,19:06:36,부과,덕천동 326-1
2024-02-14,19:46:33,비부과,화명동 2341-1
2024-02-14,19:48:34,부과,구포동 1278
2024-02-14,20:34:27,부과,화명동 2257
2024-02-14,20:40:31,부과,구포동 1278
2024-02-14,20:54:29,비부과,만덕동 899
2024-02-14,20:54:31,비부과,만덕동 899
2024-02-14,20:56:27,대기,화명동 1431
2024-02-14,21:02:24,부과,화명동 2257
2024-02-14,21:04:56,비부과,덕천동 472
2024-02-14,21:06:26,부과,만덕동 962
2024-02-14,21:06:26,대기,
2024-02-14,21:26:36,비부과,구포동 918-5
2024-02-14,22:02:31,부과,구포동 1296
2024-02-14,22:25:01,대기,
2024-02-14,22:26:21,대기,화명동 2324
2024-02-14,22:42:24,비부과,구포동 1254-3
2024-02-14,22:54:29,비부과,덕천동 390-16
2024-02-14,22:56:52,부과,만덕동 774-18
2024-02-14,22:58:33,부과,덕천동 587-3
2024-02-14,23:04:27,부과,구포동 1124-1
2024-02-14,23:28:32,부과,만덕동 607-1
2024-02-14,23:40:18,비부과,만덕동 904
2024-02-14,23:44:31,부과,만덕동 898
2024-02-14,23:46:34,비부과,덕천동 462
2024-02-15,00:16:26,부과,구포동 729-8
2024-02-15,00:24:19,부과,덕천동 814-8
2024-02-15,00:26:44,부과,화명동 1718-3
2024-02-15,00:30:34,부과,화명동 2257
2024-02-15,00:30:35,비부과,화명동 2257
2024-02-15,00:42:22,부과,만덕동 904
2024-02-15,00:44:23,대기,
2024-02-15,00:50:28,대기,
2024-02-15,00:58:32,부과,구포동 1172
2024-02-15,01:04:28,부과,덕천동 462
2024-02-15,01:26:27,부과,만덕동 955-3
2024-02-15,01:48:31,부과,만덕동 904
2024-02-15,02:04:20,부과,구포동 897-21
2024-02-15,02:26:25,부과,만덕동 899
2024-02-15,02:32:27,부과,덕천동 128-8
2024-02-15,02:34:28,비부과,구포동 1067-7
2024-02-15,03:26:20,부과,만덕동 598-6
2024-02-15,03:42:23,비부과,구포동 1060-390
2024-02-15,04:16:30,부과,구포동 1290
2024-02-15,04:30:19,대기,
2024-02-15,06:22:12,부과,덕천동 350-1
2024-02-15,08:00:18,비부과,구포동 1277
2024-02-15,08:48:25,부과,만덕동 823-8
2024-02-15,09:02:27,대기,만덕동 605-19
2024-02-15,09:24:25,대기,
2024-02-15,09:38:32,대기,만덕동 904
2024-02-15,11:34:25,부과,구포동 1186-29
2024-02-15,12:02:22,부과,구포동 1186-25
2024-02-15,12:12:27,부과,화명동 2257
2024-02-15,12:56:18,부과,만덕동 904
2024-02-15,13:12:32,부과,구포동 1124-1
2024-02-15,13:21:42,대기,
2024-02-15,13:38:33,대기,
2024-02-15,13:42:21,비부과,구포동 1075-6
2024-02-15,14:18:17,부과,구포동 1189
2024-02-15,14:26:49,대기,
2024-02-15,14:30:31,대기,
2024-02-15,14:56:29,부과,만덕동 592
2024-02-15,15:12:25,부과,화명동 2257
2024-02-15,15:14:16,부과,화명동 2257
2024-02-15,15:21:19,대기,
2024-02-15,16:06:30,부과,구포동 779-3
2024-02-15,16:20:14,부과,화명동 2257
2024-02-15,16:22:27,부과,화명동 2257
2024-02-15,17:14:26,부과,만덕동 823-8
2024-02-15,19:10:25,비부과,덕천동 50-3
2024-02-15,19:16:33,대기,구포동 1067-15
2024-02-15,19:50:33,대기,만덕동 955-5
2024-02-15,20:20:19,부과,화명동 962-6
2024-02-15,20:20:19,부과,화명동 2159
2024-02-15,20:22:19,부과,화명동 2257
2024-02-15,21:08:22,부과,화명동 2257
2024-02-15,21:28:18,부과,화명동 2322
2024-02-15,21:30:19,부과,화명동 2322
2024-02-15,21:30:19,부과,화명동 2322
2024-02-15,21:30:20,부과,화명동 2322
2024-02-15,21:30:29,부과,화명동 2257
2024-02-15,21:30:30,부과,화명동 2257
2024-02-15,21:32:24,부과,화명동 2257
2024-02-15,21:32:30,부과,화명동 2257
2024-02-15,21:32:30,부과,화명동 2322
2024-02-15,21:32:30,부과,화명동 2322
2024-02-15,21:34:27,비부과,화명동 2322
2024-02-15,21:34:27,부과,화명동 2257
2024-02-15,21:34:30,부과,화명동 2257
2024-02-15,21:36:21,부과,화명동 2257
2024-02-15,21:36:21,부과,화명동 2257
2024-02-15,21:36:22,부과,화명동 2322
2024-02-15,21:36:23,부과,화명동 2257
2024-02-15,21:44:24,부과,화명동 2257
2024-02-15,21:44:24,부과,화명동 2257
2024-02-15,21:44:25,부과,화명동 2257
2024-02-15,23:02:18,부과,금곡동 53-3
2024-02-15,23:48:17,부과,덕천동 250-3
2024-02-15,23:56:08,대기,
2024-02-16,00:10:22,부과,구포동 1268
2024-02-16,00:38:25,부과,화명동 975-4
2024-02-16,01:00:19,부과,만덕동 783-21
2024-02-16,01:32:02,대기,
2024-02-16,01:32:22,부과,구포동 957-23
2024-02-16,04:14:13,비부과,화명동 2257
2024-02-16,04:16:13,비부과,화명동 2257
2024-02-16,07:06:16,부과,구포동 1243-9
2024-02-16,07:08:21,부과,구포동 1240-78
2024-02-16,07:50:30,비부과,구포동 1277
2024-02-16,08:02:17,대기,
2024-02-16,08:42:11,부과,덕천동 462
2024-02-16,09:03:03,부과,화명동 2257
2024-02-16,09:04:18,부과,화명동 2257
2024-02-16,09:17:43,대기,덕천동 797
2024-02-16,09:24:15,부과,구포동 1186-25
2024-02-16,09:30:27,대기,화명동 2257
2024-02-16,10:58:21,부과,구포동 430-12
2024-02-16,11:00:22,부과,구포동 430-13
2024-02-16,11:58:27,부과,화명동 2333
2024-02-16,11:59:45,대기,
2024-02-16,12:06:20,부과,구포동 1295
2024-02-16,12:32:59,대기,
2024-02-16,13:06:21,비부과,구포동 1189
2024-02-16,15:22:30,대기,구포동 1144-6
2024-02-16,16:00:22,부과,덕천동 561-1
2024-02-16,16:02:24,부과,화명동 1718-3
2024-02-16,16:44:25,부과,구포동 700-167
2024-02-16,16:48:21,부과,구포동 1271
2024-02-16,16:52:30,부과,만덕동 870-17
2024-02-16,16:56:14,부과,구포동 1269-1
2024-02-16,16:56:27,부과,구포동 1271
2024-02-16,16:56:27,부과,구포동 1273
2024-02-16,16:56:28,부과,구포동 1273
2024-02-16,16:56:28,부과,구포동 1273
2024-02-16,16:58:27,부과,구포동 785-4
2024-02-16,17:02:27,부과,만덕동 904
2024-02-16,17:50:30,대기,화명동 769
2024-02-16,18:26:30,비부과,구포동 957-27
2024-02-16,19:02:14,비부과,구포동 584-25
2024-02-16,19:10:28,부과,화명동 1430
2024-02-16,19:14:24,대기,
2024-02-16,19:24:34,부과,만덕동 935
2024-02-16,19:28:24,부과,만덕동 913-15
2024-02-16,19:32:24,부과,만덕동 912-10
2024-02-16,19:32:25,부과,만덕동 935
2024-02-16,19:34:15,부과,만덕동 916-4
2024-02-16,19:36:17,부과,만덕동 916-4
2024-02-16,19:38:30,부과,만덕동 935
2024-02-16,19:44:21,부과,만덕동 935
2024-02-16,19:54:24,부과,만덕동 935
2024-02-16,19:56:34,비부과,화명동 2257
2024-02-16,19:58:15,부과,덕천동 400-8
2024-02-16,20:10:20,부과,덕천동 307-1
2024-02-16,20:34:18,부과,화명동 1430
2024-02-16,21:30:26,부과,덕천동 462
2024-02-16,21:40:20,부과,만덕동 935
2024-02-16,21:40:20,부과,만덕동 935
2024-02-16,21:42:20,부과,덕천동 472
2024-02-16,21:46:22,비부과,만덕동 955
2024-02-16,22:28:13,비부과,덕천동 326-1
2024-02-16,22:30:25,부과,구포동 1279
2024-02-16,22:32:14,부과,구포동 1279
2024-02-16,23:42:13,부과,구포동 1277
2024-02-16,23:44:14,부과,구포동 1276
2024-02-17,00:14:28,비부과,덕천동 462
2024-02-17,00:46:17,부과,구포동 1285
2024-02-17,03:06:16,대기,덕천동 763-29
2024-02-17,06:24:19,부과,화명동 2257
2024-02-17,07:38:19,부과,덕천동 462
2024-02-17,07:38:20,부과,덕천동 462
2024-02-17,07:40:20,부과,덕천동 462
2024-02-17,07:42:20,부과,덕천동 462
2024-02-17,07:42:20,부과,덕천동 462
2024-02-17,08:52:23,부과,만덕동 923
2024-02-17,10:14:24,부과,구포동 1189
2024-02-17,10:58:29,부과,만덕동 783-14
2024-02-17,11:02:19,부과,만덕동 904
2024-02-17,11:02:30,부과,만덕동 904
2024-02-17,11:30:21,부과,화명동 2257
2024-02-17,11:30:22,부과,만덕동 904
2024-02-17,11:30:22,비부과,화명동 2277-6
2024-02-17,11:30:31,부과,만덕동 904
2024-02-17,11:32:21,비부과,화명동 2257
2024-02-17,12:20:21,비부과,덕천동 456
2024-02-17,12:22:31,부과,화명동 699-1
2024-02-17,12:22:31,비부과,덕천동 552-1
2024-02-17,12:38:29,부과,구포동 1285
2024-02-17,13:06:18,부과,화명동 699-1
2024-02-17,13:08:21,부과,화명동 699-1
2024-02-17,13:28:17,비부과,덕천동 472-6
2024-02-17,13:29:58,대기,
2024-02-17,13:44:15,부과,화명동 2257
2024-02-17,14:18:28,부과,화명동 2257
2024-02-17,14:34:28,부과,화명동 2257
2024-02-17,14:36:26,부과,화명동 2257
2024-02-17,14:40:30,부과,화명동 2257
2024-02-17,14:52:22,부과,덕천동 797
2024-02-17,15:26:30,부과,구포동 1006-2
2024-02-17,15:36:27,부과,구포동 80-12
2024-02-17,16:23:12,대기,
2024-02-17,17:28:33,부과,만덕동 937
2024-02-17,17:56:20,부과,화명동 2257
2024-02-17,17:58:31,대기,만덕동 955
2024-02-17,18:10:15,부과,화명동 2257
2024-02-17,18:12:26,부과,화명동 2334
2024-02-17,18:24:30,비부과,구포동 1241-29
2024-02-17,18:36:25,비부과,금곡동 108
2024-02-17,18:38:19,부과,만덕동 955
2024-02-17,18:40:16,대기,
2024-02-17,18:56:22,비부과,덕천동 373-1
2024-02-17,18:56:22,비부과,덕천동 373-1
2024-02-17,19:36:15,부과,구포동 1196-11
2024-02-17,20:10:26,부과,구포동 1153
2024-02-17,20:12:18,부과,구포동 1153
2024-02-17,20:28:23,부과,덕천동 797
2024-02-17,20:30:31,부과,덕천동 797
2024-02-17,20:44:31,부과,덕천동 763
2024-02-17,20:48:24,비부과,덕천동 763
2024-02-17,20:54:21,부과,만덕동 904
2024-02-17,20:54:32,비부과,만덕동 904
2024-02-17,21:08:27,부과,화명동 2257
2024-02-17,21:10:19,비부과,화명동 2257
2024-02-17,21:36:26,부과,구포동 915-41
2024-02-17,21:42:18,부과,화명동 2322
2024-02-17,21:42:18,부과,화명동 2322
2024-02-17,21:42:19,부과,화명동 2322
2024-02-17,21:42:20,부과,화명동 2322
2024-02-17,21:42:28,부과,화명동 2322
2024-02-17,21:42:28,부과,화명동 2322
2024-02-17,21:44:19,부과,화명동 2322
2024-02-17,21:44:19,부과,만덕동 935
2024-02-17,21:44:20,부과,화명동 2322
2024-02-17,21:44:20,부과,화명동 2322
2024-02-17,21:44:21,부과,화명동 2322
2024-02-17,21:44:21,부과,화명동 2322
2024-02-17,21:46:22,부과,화명동 2322
2024-02-17,21:46:23,부과,화명동 2322
2024-02-17,21:47:06,부과,만덕동 935
2024-02-17,21:52:21,부과,구포동 690-42
2024-02-17,21:54:14,부과,덕천동 50-22
2024-02-18,01:28:22,비부과,구포동 1279
2024-02-18,06:58:15,부과,덕천동 781-4
2024-02-18,08:02:16,부과,구포동 918-5
2024-02-18,08:26:21,대기,
2024-02-18,08:46:14,부과,만덕동 962-2
2024-02-18,09:52:27,비부과,화명동 2271-4
2024-02-18,10:48:13,부과,구포동 1189
2024-02-18,10:48:24,부과,구포동 1189
2024-02-18,11:04:20,부과,구포동 1169
2024-02-18,11:12:22,부과,구포동 654-19
2024-02-18,11:14:23,부과,구포동 1166-41
2024-02-18,11:24:18,비부과,덕천동 380-1
2024-02-18,11:24:29,부과,덕천동 380-1
2024-02-18,11:26:27,부과,덕천동 380-15
2024-02-18,11:28:21,부과,덕천동 380-1
2024-02-18,11:30:21,부과,덕천동 462
2024-02-18,11:40:25,비부과,덕천동 380-1
2024-02-18,11:44:16,부과,덕천동 462
2024-02-18,12:54:12,부과,구포동 1060-22
2024-02-18,12:54:22,비부과,금곡동 1882
2024-02-18,12:56:22,부과,금곡동 476
2024-02-18,13:08:18,비부과,만덕동 275
2024-02-18,13:14:30,비부과,구포동 1153
2024-02-18,13:18:31,부과,구포동 930-3
2024-02-18,14:58:36,대기,만덕동 792
2024-02-18,14:58:36,부과,만덕동 949-1
2024-02-18,15:06:22,부과,구포동 1276
2024-02-18,15:32:22,비부과,만덕동 317-2
2024-02-18,15:44:26,비부과,화명동 2257
2024-02-18,15:52:08,부과,화명동 2306
2024-02-18,16:18:24,부과,화명동 699-1
2024-02-18,16:24:18,부과,화명동 699-1
2024-02-18,16:24:19,부과,구포동 1206-12
2024-02-18,16:30:20,부과,구포동 1153
2024-02-18,16:42:14,비부과,화명동 2257
2024-02-18,16:46:27,부과,구포동 1279
2024-02-18,16:48:17,부과,구포동 1279
2024-02-18,17:43:18,비부과,구포동 555-1
2024-02-18,18:16:23,부과,구포동 1268
2024-02-18,19:56:21,부과,덕천동 427-30
2024-02-18,20:34:27,부과,화명동 2257
2024-02-18,20:36:16,부과,화명동 2257
2024-02-18,20:40:17,부과,만덕동 904
2024-02-18,20:40:17,비부과,만덕동 904
2024-02-18,20:40:17,부과,만덕동 904
2024-02-18,20:40:18,부과,만덕동 904
2024-02-19,00:44:19,부과,구포동 1278
2024-02-19,08:41:54,대기,화명동 2324
2024-02-19,08:46:05,대기,만덕동 759-3
2024-02-19,08:46:26,대기,만덕동 955-5
2024-02-19,08:46:36,대기,화명동 2257
2024-02-19,09:24:27,부과,만덕동 824-35
2024-02-19,09:38:19,부과,만덕동 607-1
2024-02-19,10:48:57,비부과,덕천로 39
2024-02-19,10:55:24,비부과,만덕대로 지하 291
2024-02-19,12:02:24,부과,만덕동 933
2024-02-19,13:10:27,부과,구포동 1161-1
2024-02-19,13:12:17,부과,구포동 462-2
2024-02-19,13:12:28,부과,구포동 459-2
2024-02-19,13:16:27,부과,구포동 1296
2024-02-19,13:18:20,부과,구포동 263-9
2024-02-19,13:32:16,비부과,덕천동 763-29
2024-02-19,13:34:27,대기,덕천동 462
2024-02-19,13:36:28,비부과,덕천동 763-29
2024-02-19,13:38:18,비부과,덕천동 763-29
2024-02-19,13:42:20,부과,화명동 2257
2024-02-19,13:48:25,부과,만덕동 898
2024-02-19,13:52:25,부과,덕천동 587-3
2024-02-19,14:08:30,부과,덕천동 561-1
2024-02-19,15:16:18,비부과,덕천동 561-1
2024-02-19,16:01:07,비부과,화명동 2257
2024-02-19,16:02:18,대기,
2024-02-19,16:28:30,대기,
2024-02-19,16:51:12,대기,
2024-02-19,17:28:12,비부과,만덕동 959
2024-02-19,18:18:15,대기,화명동 732
2024-02-19,18:18:55,부과,구포동 1278
2024-02-19,18:19:05,부과,화명동 2257
2024-02-19,18:19:17,부과,덕천동 462
2024-02-19,18:21:45,부과,화명동 2257
2024-02-19,18:21:55,부과,구포동 1172
2024-02-19,18:21:55,부과,화명동 2257
2024-02-19,19:08:28,대기,
2024-02-19,19:10:19,부과,구포동 585-9
2024-02-19,19:48:24,부과,구포동 941-4
2024-02-19,19:50:25,부과,구포동 1287
2024-02-19,20:54:16,부과,화명동 745
2024-02-19,21:02:29,부과,덕천동 398-10
2024-02-19,21:10:12,부과,화명동 699-1
2024-02-19,21:18:14,비부과,만덕동 295-38
2024-02-19,21:18:24,대기,화명동 944-3
2024-02-19,21:24:21,대기,
2024-02-19,21:32:20,대기,
2024-02-19,21:44:13,부과,화명동 2276-4
2024-02-19,21:52:16,부과,금곡동 504-1
2024-02-19,22:22:14,대기,구포동 982-29
2024-02-19,22:48:21,부과,만덕동 962-1
2024-02-19,23:02:15,부과,구포동 1137
2024-02-19,23:26:20,부과,화명동 2286-3
2024-02-20,08:20:30,비부과,덕천동 380-14
2024-02-20,09:09:41,대기,금곡동 97-11
2024-02-20,10:08:04,비부과,화명동 318-1
2024-02-20,10:12:27,비부과,덕천동 467-1
2024-02-20,10:22:30,대기,
2024-02-20,11:12:24,부과,구포동 1280
2024-02-20,12:10:55,대기,
2024-02-20,13:06:27,비부과,만덕동 904
2024-02-20,13:06:28,부과,금곡동 54-3
2024-02-20,13:22:26,대기,
2024-02-20,13:33:40,비부과,덕천동 763-29
2024-02-20,14:39:44,대기,
2024-02-20,17:04:24,대기,화명동 2257
2024-02-20,17:16:25,부과,만덕동 823-8
2024-02-20,17:42:26,부과,덕천동 462
2024-02-20,17:50:18,부과,덕천동 381-16
2024-02-20,17:56:22,부과,구포동 1267
2024-02-20,18:04:30,대기,
2024-02-20,19:04:22,대기,만덕동 953
2024-02-20,19:54:19,부과,구포동 1279
2024-02-20,20:02:21,부과,덕천동 472
2024-02-20,20:38:23,대기,
2024-02-20,21:02:19,대기,덕천동 590
2024-02-20,21:36:28,대기,만덕동 922-2
2024-02-20,23:36:16,부과,화명동 2287-1
2024-02-21,01:14:12,부과,구포동 957-23
2024-02-21,02:52:24,대기,
2024-02-21,06:40:24,부과,덕천동 472
2024-02-21,07:22:16,비부과,구포동 983-1
2024-02-21,07:38:20,부과,구포동 982-34
2024-02-21,07:40:20,부과,구포동 983-7
2024-02-21,08:58:35,대기,
2024-02-21,09:00:09,대기,덕천동 462
2024-02-21,09:35:00,대기,
2024-02-21,10:26:27,부과,만덕동 598-6
2024-02-21,11:40:23,부과,만덕동 904
2024-02-21,11:40:24,부과,만덕동 904
2024-02-21,13:06:22,부과,구포동 1189
2024-02-21,14:02:25,부과,만덕동 840
2024-02-21,14:06:17,비부과,만덕동 848
2024-02-21,14:38:21,부과,만덕동 597-9
2024-02-21,15:10:18,비부과,구포동 1189
2024-02-21,15:32:26,부과,구포동 1075-6
2024-02-21,15:44:24,부과,만덕동 870-16
2024-02-21,16:22:36,부과,화명동 2257
2024-02-21,16:22:36,부과,화명동 2318
2024-02-21,16:24:19,부과,화명동 2257
2024-02-21,16:26:20,비부과,화명동 2257
2024-02-21,16:28:21,비부과,화명동 2257
2024-02-21,16:30:22,비부과,화명동 2257
2024-02-21,16:32:23,비부과,화명동 2271-3
2024-02-21,16:36:15,비부과,화명동 2257
2024-02-21,16:38:24,비부과,화명동 2257
2024-02-21,16:38:25,비부과,화명동 2257
2024-02-21,16:44:17,비부과,화명동 2257
2024-02-21,16:54:31,대기,덕천동 800-10
2024-02-21,17:00:33,부과,화명동 745
2024-02-21,18:30:14,부과,구포동 1049-8
2024-02-21,20:32:12,부과,구포동 1286
2024-02-21,20:38:24,부과,만덕동 904
2024-02-21,20:40:20,부과,만덕동 904
2024-02-21,20:40:25,부과,만덕동 904
2024-02-21,20:40:25,부과,만덕동 904
2024-02-21,20:40:26,부과,만덕동 904
2024-02-21,20:40:26,부과,만덕동 904
2024-02-21,20:42:16,부과,만덕동 904
2024-02-21,20:42:17,대기,
2024-02-21,20:42:17,대기,
2024-02-21,21:04:13,비부과,구포동 782-13
2024-02-21,21:34:25,부과,덕천동 416-22
2024-02-21,21:50:19,비부과,구포동 729-8
2024-02-21,22:10:24,부과,덕천동 462
2024-02-21,22:14:14,부과,덕천동 462
2024-02-21,22:40:19,부과,구포동 897-21
2024-02-21,23:08:15,부과,구포동 1279
2024-02-21,23:10:16,부과,구포동 1279
2024-02-22,00:12:21,부과,구포동 1282
2024-02-22,00:14:20,부과,구포동 1283
2024-02-22,00:16:20,비부과,구포동 1282
2024-02-22,00:18:20,부과,구포동 1282
2024-02-22,00:26:22,부과,구포동 1271
2024-02-22,00:28:22,부과,구포동 1269-1
2024-02-22,00:30:29,부과,구포동 1166-1
2024-02-22,01:46:02,부과,화명동 2257
2024-02-22,01:48:02,부과,화명동 2257
2024-02-22,08:26:14,비부과,화명동 산 204-6
2024-02-22,08:58:49,대기,덕천동 427-29
2024-02-22,09:02:33,대기,덕천동 552-1
2024-02-22,09:03:36,대기,
2024-02-22,09:14:24,부과,덕천동 307-1
2024-02-22,10:03:14,부과,화명동 2257
2024-02-22,10:06:31,대기,
2024-02-22,10:18:19,부과,구포동 1258-1
2024-02-22,10:38:27,부과,덕천동 322-29
2024-02-22,10:52:15,대기,화명동 745
2024-02-22,10:52:15,대기,화명동 745
2024-02-22,11:38:19,부과,만덕동 607-1
2024-02-22,11:40:19,대기,
2024-02-22,14:29:30,대기,덕천로 244에 위치한 동원 공영주차장에 주차되어있는 화물차및 포크레인등
2024-02-22,16:22:25,부과,화명동 2257
2024-02-22,16:22:25,부과,화명동 1430
2024-02-22,16:54:17,비부과,화명동 2273
2024-02-22,17:28:31,부과,만덕동 846-1
2024-02-22,17:40:56,부과,화명동 2257
2024-02-22,18:08:26,부과,구포동 896-27
2024-02-22,18:52:03,부과,덕천동 462
2024-02-22,18:58:16,부과,덕천동 355-4
2024-02-22,19:22:24,부과,화명동 356-2
2024-02-22,20:03:03,비부과,구포동 918-5
2024-02-22,20:06:14,부과,구포동 1060-471
2024-02-22,21:30:31,부과,구포동 897-21
2024-02-22,21:30:32,부과,구포동 897-21
2024-02-22,22:06:40,비부과,화명동 699-1
2024-02-22,23:34:01,부과,화명동 2257
2024-02-22,23:34:02,부과,화명동 2257
2024-02-22,23:34:02,부과,화명동 2257
2024-02-22,23:36:03,부과,화명동 2257
2024-02-22,23:36:04,부과,화명동 2257
2024-02-22,23:36:04,부과,화명동 2257
2024-02-22,23:40:04,부과,구포동 1202-22
2024-02-22,23:46:09,부과,구포동 1268
2024-02-23,06:58:01,부과,덕천동 797
2024-02-23,07:02:54,부과,구포동 1285
2024-02-23,07:32:18,대기,
2024-02-23,09:11:42,대기,
2024-02-23,09:18:18,대기,덕천동 597
2024-02-23,09:22:37,부과,덕천동 462
2024-02-23,09:42:36,부과,금곡동 1117
2024-02-23,10:44:29,대기,
2024-02-23,11:16:42,부과,만덕동 835-2
2024-02-23,11:28:57,부과,만덕동 904
2024-02-23,11:28:57,부과,만덕동 904
2024-02-23,11:28:57,비부과,만덕동 904
2024-02-23,11:28:57,부과,만덕동 904
2024-02-23,11:29:07,부과,만덕동 904
2024-02-23,11:29:07,부과,만덕동 904
2024-02-23,11:29:07,대기,만덕동 904
2024-02-23,11:32:02,대기,
2024-02-23,11:32:37,부과,만덕동 941-2
2024-02-23,11:40:30,부과,덕천동 315-51
2024-02-23,11:44:31,부과,덕천동 307-1
2024-02-23,12:00:36,부과,만덕동 903
2024-02-23,12:04:58,부과,만덕동 903
2024-02-23,12:09:10,부과,구포동 464-3
2024-02-23,13:05:09,비부과,화명동 2276-5
2024-02-23,13:05:09,부과,만덕동 903
2024-02-23,13:08:40,부과,화명동 1293-1
2024-02-23,13:57:02,부과,덕천동 307-1
2024-02-23,14:29:13,대기,
2024-02-23,14:34:49,대기,
2024-02-23,15:27:54,부과,구포동 1295
2024-02-23,15:34:16,부과,구포동 1083-3
2024-02-23,16:14:22,비부과,금곡동 1117
2024-02-23,16:50:18,부과,화명동 699-1
2024-02-23,18:04:41,부과,금곡동 1117
2024-02-23,18:12:48,비부과,덕천동 462
2024-02-23,19:54:15,대기,금곡동 681-11
2024-02-23,20:03:00,부과,만덕동 904
2024-02-23,20:03:00,부과,만덕동 904
2024-02-23,20:03:10,부과,만덕동 904
2024-02-23,20:06:01,부과,만덕동 904
2024-02-23,20:22:47,부과,덕천동 472
2024-02-23,20:36:12,부과,만덕동 904
2024-02-23,21:02:20,대기,
2024-02-23,21:14:15,부과,구포동 1060-471
2024-02-23,21:48:01,부과,구포동 690-42
2024-02-23,21:56:08,부과,덕천동 331-22
2024-02-23,21:58:09,부과,덕천동 472
2024-02-23,21:58:09,비부과,덕천동 313-5
2024-02-23,23:22:23,대기,
2024-02-23,23:34:06,부과,구포동 1282
2024-02-23,23:34:06,부과,구포동 1281
2024-02-24,08:36:25,비부과,만덕동 962
2024-02-24,08:36:25,부과,구포동 1247-10
2024-02-24,11:08:20,부과,덕천동 316-40
2024-02-24,11:24:26,부과,구포동 372-2
2024-02-24,11:32:38,부과,금곡동 105
2024-02-24,11:36:31,비부과,만덕동 824-35
2024-02-24,11:44:22,비부과,덕천동 327
2024-02-24,12:36:33,부과,덕천동 307-1
2024-02-24,13:03:55,대기,
2024-02-24,13:20:43,대기,화명동 1637-16
2024-02-24,13:52:37,부과,구포동 612-19
2024-02-24,13:52:46,부과,구포동 1144-19
2024-02-24,13:56:27,부과,구포동 156-11
2024-02-24,13:56:38,비부과,구포동 156-11
2024-02-24,14:12:34,부과,구포동 919-21
2024-02-24,14:12:34,부과,구포동 930-3
2024-02-24,14:12:44,부과,구포동 930-3
2024-02-24,15:00:24,부과,화명동 2306
2024-02-24,15:08:28,부과,화명동 2306
2024-02-24,15:16:21,부과,만덕동 916-6
2024-02-24,15:16:31,부과,화명동 2306
2024-02-24,15:24:23,부과,화명동 2306
2024-02-24,15:48:30,부과,화명동 2257
2024-02-24,16:56:21,부과,만덕동 904
2024-02-24,16:56:21,부과,만덕동 904
2024-02-24,16:56:21,부과,만덕동 904
2024-02-24,16:56:31,부과,만덕동 904
2024-02-24,17:00:31,부과,만덕동 904
2024-02-24,17:00:32,부과,만덕동 904
2024-02-24,17:00:33,부과,만덕동 904
2024-02-24,17:36:17,부과,덕천동 250-3
2024-02-24,18:14:25,부과,덕천동 402-8
2024-02-24,19:20:24,부과,구포동 1263-3
2024-02-24,19:20:25,부과,덕천동 398-10
2024-02-24,19:32:28,부과,덕천동 797
2024-02-24,19:44:32,비부과,덕천동 414-37
2024-02-24,19:48:30,부과,덕천동 776-10
2024-02-24,20:28:15,부과,구포동 1153
2024-02-24,20:32:46,비부과,덕천동 327
2024-02-24,20:36:18,부과,구포동 1273
2024-02-24,20:36:29,부과,덕천동 416-7
2024-02-24,20:44:31,부과,만덕동 904
2024-02-24,20:52:24,부과,구포동 959-1
2024-02-24,22:08:33,부과,덕천동 462
2024-02-24,22:24:18,부과,만덕동 833-1
2024-02-24,22:24:27,부과,화명동 2257
2024-02-24,22:44:24,부과,구포동 1087-1
2024-02-24,22:52:25,부과,화명동 1426-1
2024-02-24,22:52:36,비부과,화명동 1430
2024-02-24,23:08:31,대기,만덕동 658
2024-02-25,01:00:13,비부과,덕천동 378-18
2024-02-25,02:06:18,부과,구포동 957-23
2024-02-25,02:34:36,부과,화명동 2257
2024-02-25,02:54:18,부과,화명동 2286-3
2024-02-25,03:44:02,비부과,화명동 2257
2024-02-25,08:56:12,비부과,덕천동 307-3
2024-02-25,09:46:24,부과,화명동 1718-3
2024-02-25,10:46:23,비부과,구포동 654-1
2024-02-25,10:46:24,부과,구포동 1060-316
2024-02-25,10:50:13,비부과,구포동 656
2024-02-25,10:58:06,부과,구포동 430-10
2024-02-25,10:58:18,부과,구포동 430-26
2024-02-25,11:06:19,부과,만덕동 905
2024-02-25,11:34:24,대기,
2024-02-25,12:36:22,부과,덕천동 416-22
2024-02-25,12:40:23,부과,화명동 2257
2024-02-25,12:44:15,부과,화명동 2257
2024-02-25,13:00:21,부과,구포동 983-1
2024-02-25,13:08:24,부과,덕천동 431-33
2024-02-25,13:24:30,비부과,만덕동 904
2024-02-25,13:28:31,부과,화명동 732
2024-02-25,14:00:16,부과,화명동 2273
2024-02-25,14:00:26,부과,화명동 2257
2024-02-25,14:12:20,비부과,덕천동 462
2024-02-25,14:16:42,부과,화명동 2257
2024-02-25,14:28:36,대기,
2024-02-25,14:36:31,부과,덕천동 401-10
2024-02-25,14:40:31,부과,덕천동 401-10
2024-02-25,14:56:01,대기,이용자입니다.
2024-02-25,15:04:42,비부과,덕천동 400-13
2024-02-25,15:16:29,부과,덕천동 462
2024-02-25,15:20:31,부과,덕천동 467-1
2024-02-25,16:04:17,부과,덕천동 462
2024-02-25,16:04:28,부과,덕천동 356-22
2024-02-25,16:04:28,부과,덕천동 462
2024-02-25,16:16:13,부과,구포동 288-2
2024-02-25,16:44:13,부과,덕천동 797
2024-02-25,16:44:25,부과,만덕동 904
2024-02-25,16:44:35,부과,만덕동 904
2024-02-25,16:48:15,부과,만덕동 904
2024-02-25,16:48:16,부과,만덕동 904
2024-02-25,16:48:17,부과,만덕동 904
2024-02-25,16:48:17,부과,만덕동 904
2024-02-25,17:10:28,부과,구포동 1279
2024-02-25,17:14:12,부과,화명동 1412-12
2024-02-25,17:34:27,비부과,덕천동 327
2024-02-25,17:36:08,부과,덕천동 327
2024-02-25,18:14:23,부과,덕천동 450-13
2024-02-25,18:36:15,부과,덕천동 332-21
2024-02-25,18:40:23,비부과,덕천동 332-25
2024-02-25,19:38:12,부과,구포동 916-1
2024-02-25,20:14:16,부과,덕천동 403-10
2024-02-25,21:02:52,부과,구포동 896-23
2024-02-25,21:06:34,대기,덕천동 801-34
2024-02-25,21:14:17,비부과,만덕동 955-3
2024-02-25,22:32:13,부과,구포동 1124-13
2024-02-25,22:32:13,비부과,구포동 1189
2024-02-25,22:42:16,부과,구포동 1215-43
2024-02-25,22:56:09,부과,구포동 1271
2024-02-25,22:56:09,비부과,구포동 1271
2024-02-25,22:56:10,부과,구포동 1271
2024-02-25,22:56:10,부과,구포동 1273
2024-02-25,22:57:59,부과,구포동 1273
2024-02-25,22:58:00,부과,구포동 1273
2024-02-25,22:58:00,부과,구포동 1274
2024-02-25,22:58:10,비부과,구포동 1274
2024-02-25,22:58:10,비부과,구포동 1262-1
2024-02-26,07:06:12,부과,구포동 1247-10
2024-02-26,08:43:15,비부과,화명대로 47
2024-02-26,09:09:00,대기,화명동 2275-1
2024-02-26,09:09:10,대기,구포동 982-37
2024-02-26,09:09:30,대기,덕천동 797
2024-02-26,09:09:31,대기,
2024-02-26,09:17:03,부과,화명동 1718-3
2024-02-26,09:19:15,대기,만덕동 905
2024-02-26,09:19:25,대기,덕천동 290-4
2024-02-26,09:20:46,대기,구포동 527-29
2024-02-26,12:06:26,부과,만덕동 904
2024-02-26,12:22:21,부과,금곡동 108
2024-02-26,12:52:21,비부과,덕천동 462
2024-02-26,13:46:26,부과,구포동 1172
2024-02-26,13:48:27,부과,구포동 1215-2
2024-02-26,14:20:13,부과,구포동 1241-44
2024-02-26,14:22:22,대기,
2024-02-26,14:40:00,대기,
2024-02-26,14:56:29,부과,덕천동 332-2
2024-02-26,15:24:30,부과,덕천동 322-29
2024-02-26,15:55:03,대기,
2024-02-26,16:08:19,대기,
2024-02-26,16:40:15,대기,화명동 2341
2024-02-26,16:50:39,부과,화명동 2257
2024-02-26,17:34:32,부과,만덕동 904
2024-02-26,17:34:41,부과,만덕동 904
2024-02-26,17:42:45,부과,구포동 1124-1
2024-02-26,17:42:45,부과,구포동 1189
2024-02-26,17:50:49,비부과,만덕동 933
2024-02-26,17:58:26,부과,구포동 452-1
2024-02-26,17:58:34,부과,구포동 451-6
2024-02-26,18:58:27,부과,덕천동 357-12
2024-02-26,19:10:31,부과,만덕동 934
2024-02-26,19:14:24,대기,
2024-02-26,19:18:13,대기,
2024-02-26,19:28:36,비부과,구포동 423-32
2024-02-26,20:22:33,부과,만덕동 844-12
2024-02-26,20:54:26,대기,
2024-02-26,20:54:26,대기,
2024-02-26,22:08:19,대기,
2024-02-26,22:20:23,부과,덕천동 561-1
2024-02-27,06:48:15,대기,
2024-02-27,07:06:08,부과,구포동 1247-10
2024-02-27,08:10:25,부과,덕천동 462
2024-02-27,08:10:26,부과,덕천동 462
2024-02-27,08:14:16,부과,덕천동 462
2024-02-27,08:14:27,부과,덕천동 462
2024-02-27,08:14:27,부과,덕천동 462
2024-02-27,08:14:27,부과,덕천동 462
2024-02-27,09:10:44,부과,화명동 2257
2024-02-27,10:45:14,부과,만덕동 597-9
2024-02-27,10:56:58,비부과,
2024-02-27,11:12:35,부과,구포동 1124-1
2024-02-27,11:12:55,대기,
2024-02-27,12:08:25,부과,만덕동 950
2024-02-27,12:08:37,부과,만덕동 950
2024-02-27,12:08:37,부과,만덕동 950
2024-02-27,12:34:04,비부과,구포동 1060-471
2024-02-27,12:36:17,비부과,화명동 1365
2024-02-27,13:54:09,비부과,만덕동 904
2024-02-27,13:54:17,부과,만덕동 904
2024-02-27,14:48:41,부과,만덕동 904
2024-02-27,14:56:55,부과,덕천동 462
2024-02-27,15:20:36,부과,화명동 1718-3
2024-02-27,15:31:30,대기,
2024-02-27,16:16:20,부과,덕천동 462
2024-02-27,16:20:22,부과,금곡동 123
2024-02-27,16:56:41,비부과,구포동 423-40
2024-02-27,17:20:33,부과,만덕동 597-9
2024-02-27,17:36:21,부과,덕천동 420-17
2024-02-27,17:36:21,부과,만덕동 904
2024-02-27,17:45:04,부과,만덕동 904
2024-02-27,17:45:04,대기,구포동 928-11
2024-02-27,18:18:27,부과,구포동 1267
2024-02-27,18:30:32,부과,화명동 1470-1
2024-02-27,18:34:23,부과,화명동 1375-8
2024-02-27,18:42:21,부과,만덕동 598-6
2024-02-27,18:46:17,부과,만덕동 904
2024-02-27,19:25:27,대기,
2024-02-27,19:30:15,부과,구포동 1052-27
2024-02-27,19:46:10,부과,화명동 699-1
2024-02-27,20:10:19,부과,화명동 2273
2024-02-27,20:10:20,부과,구포동 1280
2024-02-27,20:10:29,부과,화명동 2273
2024-02-27,20:14:11,부과,구포동 1247-10
2024-02-27,20:22:23,부과,화명동 1161-8
2024-02-27,20:22:25,부과,화명동 1161-8
2024-02-27,20:26:15,부과,화명동 1161-8
2024-02-27,21:14:22,부과,화명동 2159
2024-02-27,21:29:54,대기,
2024-02-27,21:56:24,비부과,화명동 2257
2024-02-27,21:56:25,부과,화명동 2257
2024-02-27,21:58:03,부과,화명동 2257
2024-02-27,22:22:37,부과,금곡동 102
2024-02-27,23:34:07,부과,구포동 1137
2024-02-27,23:38:08,부과,화명동 2274-4
2024-02-27,23:46:09,부과,구포동 1276
2024-02-28,00:30:09,대기,
2024-02-28,00:32:12,비부과,구포동 1060-471
2024-02-28,00:40:10,부과,구포동 1276
2024-02-28,00:44:10,부과,구포동 1278
2024-02-28,01:34:06,부과,덕천동 472-6
2024-02-28,01:40:06,부과,만덕동 305-1
2024-02-28,05:18:05,부과,화명동 2257
2024-02-28,07:22:11,부과,구포동 1172
2024-02-28,07:26:12,대기,
2024-02-28,09:05:34,대기,
2024-02-28,09:10:18,대기,구포동 541-1
2024-02-28,09:11:42,대기,만덕동 955
2024-02-28,10:18:24,부과,구포동 1124-13
2024-02-28,10:52:40,부과,구포동 430-66
2024-02-28,11:16:38,비부과,화명동 1440-2
2024-02-28,13:04:53,비부과,구포동 584-3
2024-02-28,13:04:53,비부과,구포동 584-3
2024-02-28,13:32:24,비부과,덕천동 403-9
2024-02-28,13:36:05,부과,만덕동 904
2024-02-28,13:36:15,부과,만덕동 904
2024-02-28,15:08:22,대기,날인가  통행 하던 길에 펜스가 생겼습니다  펜스를 치워주세요
2024-02-28,16:22:54,부과,구포동 460-2
2024-02-28,16:26:36,부과,덕천동 561-1
2024-02-28,16:58:40,대기,
2024-02-28,17:02:59,대기,
2024-02-28,17:10:34,부과,덕천동 304-30
2024-02-28,17:10:34,비부과,만덕동 289-2
2024-02-28,17:14:47,부과,구포동 1052-2
2024-02-28,17:42:52,부과,만덕동 904
2024-02-28,17:46:33,비부과,구포동 983-1
2024-02-28,17:58:18,대기,만덕동 955
2024-02-28,17:59:42,부과,구포동 1267
2024-02-28,19:26:20,대기,
2024-02-28,20:06:23,부과,만덕동 761-5
2024-02-28,20:30:21,부과,구포동 1124-13
2024-02-28,20:50:28,비부과,구포동 1172-42
2024-02-28,20:52:08,부과,화명동 2257
2024-02-28,20:52:08,부과,화명동 2322
2024-02-28,20:52:09,부과,화명동 2322
2024-02-28,20:58:10,비부과,구포동 1172-42
2024-02-28,21:14:19,비부과,구포동 1196-42
2024-02-28,23:00:09,비부과,덕천동 561-1
2024-02-29,00:58:15,대기,화명동 2257
2024-02-29,01:18:37,대기,
2024-02-29,07:06:18,부과,구포동 1285
2024-02-29,08:22:29,비부과,구포동 1189
2024-02-29,08:30:21,부과,구포동 1282
2024-02-29,08:59:30,대기,구포동 1153
2024-02-29,09:01:30,대기,만덕동 934
2024-02-29,09:38:46,대기,
2024-02-29,10:06:57,부과,금곡동 94-1
2024-02-29,10:10:48,대기,만덕동 426-3
2024-02-29,10:15:30,대기,금곡동 방향 끝지점
2024-02-29,11:03:09,부과,만덕동 916-10
2024-02-29,11:58:29,대기,금곡동 566-2
2024-02-29,13:16:26,비부과,구포동 1300
2024-02-29,13:28:01,대기,만덕동 706-6
2024-02-29,14:32:45,대기,덕천동 327
2024-02-29,14:40:37,부과,덕천동 327
2024-02-29,14:56:34,부과,화명동 2257
2024-02-29,15:16:32,부과,만덕동 904
2024-02-29,15:16:32,부과,만덕동 904
2024-02-29,15:48:34,비부과,만덕동 913-15
2024-02-29,16:04:41,부과,만덕동 904
2024-02-29,16:04:41,부과,금곡동 1881
2024-02-29,16:24:24,부과,덕천동 419-20
2024-02-29,16:32:52,부과,구포동 1076-2
2024-02-29,16:32:52,부과,구포동 1076-2
2024-02-29,17:12:39,부과,화명동 1179-14
2024-02-29,18:06:52,부과,구포동 1267
2024-02-29,18:14:25,부과,구포동 1249-35
2024-02-29,18:46:24,부과,덕천동 462
2024-02-29,18:50:26,부과,덕천동 472
2024-02-29,18:54:27,부과,구포동 1284
2024-02-29,19:14:35,대기,화명동 산 218-36
2024-02-29,19:30:20,부과,구포동 1223-5
2024-02-29,19:58:22,부과,만덕동 904
2024-02-29,20:06:25,부과,덕천동 462
2024-02-29,20:14:16,비부과,덕천동 462
2024-02-29,20:14:16,부과,덕천동 462
2024-02-29,20:34:13,부과,만덕동 646-1
2024-02-29,20:34:24,부과,덕천동 462
2024-02-29,20:34:24,부과,덕천동 472
2024-02-29,20:42:28,부과,화명동 2257
2024-02-29,20:50:18,대기,화명동 2257
2024-02-29,20:54:30,비부과,화명동 1430
2024-02-29,20:54:30,부과,화명동 1430
2024-02-29,21:34:20,부과,화명동 2273
2024-02-29,21:58:15,비부과,덕천동 326-1
2024-02-29,22:56:10,비부과,만덕동 935
2024-02-29,22:56:10,부과,화명동 2276-6
2024-02-29,23:20:17,부과,만덕동 933
2024-02-29,23:36:22,비부과,만덕동 955
2024-03-01,01:20:30,부과,만덕동 646-14
2024-03-01,06:22:13,부과,만덕동 962
2024-03-01,08:56:21,부과,덕천동 472
2024-03-01,09:20:54,부과,덕천동 462
2024-03-01,09:31:09,대기,
2024-03-01,09:48:36,부과,덕천동 307-1
2024-03-01,09:52:45,부과,덕천동 457-9
2024-03-01,09:56:37,부과,덕천동 322-24
2024-03-01,09:56:47,부과,덕천동 335-1
2024-03-01,10:16:24,부과,덕천동 400-8
2024-03-01,10:28:46,부과,구포동 1060-51
2024-03-01,10:28:47,부과,구포동 1287
2024-03-01,10:36:29,부과,덕천동 561-1
2024-03-01,10:48:12,부과,구포동 1284
2024-03-01,11:04:15,부과,구포동 1237-17
2024-03-01,11:04:25,비부과,덕천동 561-2
2024-03-01,11:04:26,비부과,덕천동 561-2
2024-03-01,11:08:18,부과,덕천동 561-2
2024-03-01,11:08:19,비부과,덕천동 561-2
2024-03-01,11:24:30,부과,화명동 2257
2024-03-01,11:36:14,대기,화명동 1718-7
2024-03-01,11:40:15,부과,화명동 2257
2024-03-01,11:40:28,부과,화명동 2322
2024-03-01,11:40:28,부과,화명동 2322
2024-03-01,11:52:30,부과,만덕동 736-10
2024-03-01,12:00:21,대기,만덕동 962
2024-03-01,12:12:36,대기,금곡동 476
2024-03-01,12:16:37,대기,금곡동 476
2024-03-01,13:30:33,비부과,덕천동 472
2024-03-01,13:50:08,대기,
2024-03-01,13:50:09,비부과,덕천동 335-1
2024-03-01,13:54:21,부과,덕천동 561-1
2024-03-01,14:03:04,부과,구포동 918-5
2024-03-01,14:26:30,부과,구포동 1268
2024-03-01,14:42:16,부과,만덕동 935
2024-03-01,14:42:26,부과,만덕동 913-8
2024-03-01,15:56:19,부과,덕천동 346-9
2024-03-01,15:56:29,부과,만덕동 849-6
2024-03-01,16:16:25,부과,덕천동 451-1
2024-03-01,16:38:12,부과,덕천동 453-7
2024-03-01,17:24:27,부과,만덕동 935
2024-03-01,18:05:08,부과,덕천동 472
2024-03-01,18:09:00,비부과,만덕동 783-54
2024-03-01,18:12:31,대기,만덕동 774-7
2024-03-01,18:16:21,비부과,화명동 1522-4
2024-03-01,18:20:14,대기,만덕동 774-7
2024-03-01,18:24:36,부과,구포동 1153
2024-03-01,18:44:13,부과,구포동 1279
2024-03-01,18:44:21,부과,구포동 1279
2024-03-01,18:52:13,비부과,덕천동 329
2024-03-01,19:44:21,부과,구포동 1060-528
2024-03-01,20:04:55,부과,만덕동 904
2024-03-01,20:04:55,부과,만덕동 904
2024-03-01,20:04:55,부과,만덕동 904
2024-03-01,20:08:15,부과,만덕동 904
2024-03-01,20:08:15,부과,만덕동 904
2024-03-01,20:08:16,부과,만덕동 904
2024-03-01,20:24:20,대기,
2024-03-01,20:32:23,대기,
2024-03-01,20:40:15,부과,만덕동 935
2024-03-01,21:10:18,비부과,금곡동 504-1
2024-03-01,21:54:24,대기,화명동 1440-2
2024-03-01,23:30:17,비부과,덕천동 339-33
2024-03-01,23:42:11,대기,
2024-03-02,00:08:26,부과,화명동 2257
2024-03-02,00:36:11,부과,만덕동 605-11
2024-03-02,04:02:22,부과,화명동 2257
2024-03-02,06:28:18,부과,만덕동 962
2024-03-02,08:46:23,부과,구포동 1157-1
2024-03-02,08:50:21,부과,구포동 1153
2024-03-02,09:03:18,부과,구포동 1287
2024-03-02,09:06:48,부과,구포동 1116-12
2024-03-02,09:34:25,부과,덕천동 327
2024-03-02,09:34:25,부과,덕천동 327
2024-03-02,10:54:28,부과,구포동 602-33
2024-03-02,11:22:29,비부과,덕천동 380-3
2024-03-02,11:58:21,부과,구포동 461-1
2024-03-02,11:58:23,부과,구포동 387-3
2024-03-02,12:02:35,부과,구포동 459-2
2024-03-02,12:58:15,부과,구포동 1296
2024-03-02,12:58:35,대기,
2024-03-02,13:02:57,대기,덕천동 462
2024-03-02,13:06:45,부과,화명동 2257
2024-03-02,13:10:27,비부과,화명동 2269-3
2024-03-02,13:26:36,부과,구포동 1189
2024-03-02,13:38:20,비부과,구포동 1186-1
2024-03-02,13:42:42,비부과,구포동 553-2
2024-03-02,14:02:40,비부과,덕천동 356-12
2024-03-02,14:06:20,부과,화명동 1216-1
2024-03-02,14:06:31,비부과,화명동 2257
2024-03-02,14:10:34,비부과,구포동 1124-13
2024-03-02,14:18:37,대기,
2024-03-02,14:22:28,대기,만덕동 646-1
2024-03-02,14:30:10,부과,구포동 180-2
2024-03-02,15:46:19,대기,구포동 1061-3
2024-03-02,16:06:26,부과,구포동 604-3
2024-03-02,16:54:23,부과,만덕동 955
2024-03-02,17:22:34,부과,구포동 774-36
2024-03-02,17:34:24,부과,만덕동 904
2024-03-02,17:34:24,부과,만덕동 904
2024-03-02,17:34:25,부과,만덕동 904
2024-03-02,17:34:29,부과,만덕동 904
2024-03-02,17:58:18,부과,만덕동 830-1
2024-03-02,18:22:36,부과,구포동 1060-471
2024-03-02,18:30:28,부과,만덕동 904
2024-03-02,18:30:28,부과,만덕동 904
2024-03-02,19:16:18,대기,덕천동 406
2024-03-02,19:48:14,부과,만덕동 848-2
2024-03-02,20:08:21,부과,구포동 1060-512
2024-03-02,20:18:14,부과,구포동 896-23
2024-03-02,20:18:14,비부과,덕천동 462
2024-03-02,20:38:12,부과,만덕동 904
2024-03-02,20:48:13,부과,화명동 699-1
2024-03-02,20:48:23,부과,화명동 699-1
2024-03-02,21:48:03,부과,덕천동 400-8
2024-03-02,21:56:05,부과,화명동 2257
2024-03-02,22:36:18,부과,덕천동 472
2024-03-02,22:48:11,부과,구포동 1153
2024-03-02,23:02:26,부과,만덕동 산 204-2
2024-03-02,23:16:20,부과,구포동 1283
2024-03-02,23:16:22,부과,구포동 1283
2024-03-02,23:20:12,부과,구포동 1280
2024-03-02,23:26:12,부과,구포동 1280
2024-03-02,23:32:04,대기,만덕동 904
2024-03-03,01:00:11,비부과,덕천동 472
2024-03-03,08:52:32,부과,덕천동 462
2024-03-03,08:56:22,부과,덕천동 462
2024-03-03,08:56:23,부과,덕천동 462
2024-03-03,09:04:54,비부과,덕천동 462
2024-03-03,09:16:17,부과,화명동 1258-1
2024-03-03,10:00:31,부과,구포동 381-11
2024-03-03,10:52:24,부과,구포동 1060-316
2024-03-03,11:00:17,부과,구포동 410-7
2024-03-03,11:00:27,부과,구포동 413-6
2024-03-03,11:05:08,부과,구포동 430-14
2024-03-03,11:08:29,부과,구포동 430-46
2024-03-03,11:12:31,부과,구포동 620-8
2024-03-03,11:24:24,부과,화명동 701-5
2024-03-03,11:40:21,부과,구포동 1161-1
2024-03-03,11:44:11,부과,구포동 1160
2024-03-03,11:44:22,부과,구포동 391-9
2024-03-03,12:02:38,부과,덕천동 431-9
2024-03-03,12:02:47,부과,덕천동 290-4
2024-03-03,12:30:18,부과,덕천동 327
2024-03-03,12:42:23,대기,구포동 1141-6
2024-03-03,13:54:19,부과,금곡동 813
2024-03-03,14:22:22,부과,덕천동 462
2024-03-03,14:22:22,부과,덕천동 462
2024-03-03,14:22:23,부과,덕천동 462
2024-03-03,14:22:32,대기,덕천동 462
2024-03-03,14:22:33,부과,덕천동 462
2024-03-03,14:22:33,부과,덕천동 462
2024-03-03,14:22:43,부과,덕천동 356-13
2024-03-03,14:26:23,부과,덕천동 356-12
2024-03-03,14:26:23,부과,덕천동 462
2024-03-03,14:46:31,비부과,구포동 609-7
2024-03-03,14:50:25,비부과,구포동 609-7
2024-03-03,14:50:33,부과,화명동 2257
2024-03-03,14:54:24,부과,덕천동 561-2
2024-03-03,14:54:34,부과,화명동 2257
2024-03-03,14:58:26,비부과,구포동 156-11
2024-03-03,15:03:08,부과,화명동 2257
2024-03-03,15:18:33,부과,덕천동 467-1
2024-03-03,15:18:33,부과,덕천동 467-1
2024-03-03,15:22:24,부과,덕천동 467-1
2024-03-03,16:14:37,부과,덕천동 791-4
2024-03-03,16:54:12,부과,구포동 930-3
2024-03-03,18:10:20,부과,덕천동 462
2024-03-03,18:10:20,부과,덕천동 356-4
2024-03-03,18:10:21,부과,덕천동 356-4
2024-03-03,18:10:21,부과,덕천동 356-11
2024-03-03,18:14:12,부과,덕천동 462
2024-03-03,18:14:21,부과,만덕동 812
2024-03-03,18:22:24,부과,구포동 1223-5
2024-03-03,18:22:26,부과,화명동 2257
2024-03-03,19:56:18,부과,구포동 603-18
2024-03-03,20:22:24,부과,구포동 1289
2024-03-03,20:44:22,부과,만덕동 904
2024-03-03,20:44:22,부과,만덕동 904
2024-03-03,20:46:24,부과,만덕동 904
2024-03-03,20:46:25,부과,만덕동 904
2024-03-03,20:46:25,부과,만덕동 904
2024-03-03,20:50:15,부과,만덕동 904
2024-03-03,20:50:15,부과,만덕동 904
2024-03-03,20:50:16,부과,만덕동 904
2024-03-03,21:04:45,부과,만덕동 904
2024-03-03,23:38:02,비부과,구포동 1281
2024-03-03,23:38:21,부과,구포동 1281
2024-03-03,23:46:06,부과,화명동 186
2024-03-03,23:58:15,부과,덕천동 462
2024-03-04,00:02:30,부과,화명동 2257
2024-03-04,01:26:02,부과,덕천동 472-6
2024-03-04,08:34:34,대기,
2024-03-04,08:36:23,비부과,화명동 2257
2024-03-04,09:02:59,대기,
2024-03-04,09:37:03,대기,화명동 2257
2024-03-04,09:37:45,대기,
2024-03-04,09:47:24,대기,덕천동 327
2024-03-04,10:14:49,비부과,만덕동 287-2
2024-03-04,10:20:41,대기,
2024-03-04,10:38:30,비부과,구포동 1278
2024-03-04,10:46:23,부과,덕천동 307-1
2024-03-04,10:51:05,부과,구포동 247-1
2024-03-04,10:51:15,부과,구포동 1154-1
2024-03-04,10:54:27,부과,구포동 1060-316
2024-03-04,11:30:25,부과,구포동 383
2024-03-04,11:30:35,부과,만덕동 934
2024-03-04,11:50:21,부과,화명동 2257
2024-03-04,11:50:24,부과,화명동 2257
2024-03-04,11:58:18,부과,만덕동 905
2024-03-04,12:30:58,부과,화명동 2257
2024-03-04,12:50:14,부과,금곡동 812-6
2024-03-04,13:31:01,부과,덕천동 455
2024-03-04,13:38:36,비부과,덕천동 355-8
2024-03-04,13:50:21,부과,금곡동 54-1
2024-03-04,14:14:52,부과,덕천동 561-1
2024-03-04,14:31:42,부과,구포동 1124-13
2024-03-04,14:50:31,대기,
2024-03-04,15:06:41,비부과,만덕동 955
2024-03-04,15:31:36,부과,덕천동 128-8
2024-03-04,15:43:40,대기,
2024-03-04,16:03:10,부과,화명동 2257
2024-03-04,16:03:10,부과,화명동 2257
2024-03-04,16:10:44,비부과,덕천동 462
2024-03-04,16:18:49,부과,구포동 1172
2024-03-04,16:34:35,부과,구포동 957-10
2024-03-04,16:39:06,부과,구포동 1189
2024-03-04,16:47:00,부과,구포동 1067-13
2024-03-04,16:50:24,부과,구포동 1067-15
2024-03-04,16:58:40,비부과,만덕동 598-6
2024-03-04,17:07:01,부과,화명동 1458-9
2024-03-04,17:10:23,부과,덕천동 561-1
2024-03-04,17:10:35,부과,구포동 915-41
2024-03-04,19:06:45,비부과,덕천동 462
2024-03-04,19:18:30,부과,만덕동 955
2024-03-04,19:22:20,부과,만덕동 736-24
2024-03-04,19:34:38,부과,덕천동 128-8
2024-03-04,19:50:21,비부과,덕천동 462
2024-03-04,19:50:42,부과,구포동 1280
2024-03-04,19:58:31,부과,덕천동 472
2024-03-04,20:14:32,대기,구포동 1060-466
2024-03-04,20:52:27,부과,구포동 897-21
2024-03-04,21:00:10,대기,덕천동 454
2024-03-04,21:16:16,부과,만덕동 783-21
2024-03-04,21:16:26,부과,덕천동 307-1
2024-03-04,21:16:27,부과,만덕동 941-2
2024-03-04,21:20:08,부과,구포동 1280
2024-03-04,21:32:32,대기,화명동 2257
2024-03-04,22:52:05,대기,
2024-03-04,23:08:18,비부과,화명동 2257
2024-03-04,23:30:16,부과,구포동 1286
2024-03-04,23:30:16,부과,구포동 1286
2024-03-05,07:20:17,대기,화명동 2257
2024-03-05,07:36:12,부과,화명동 2257
2024-03-05,07:36:12,대기,화명동 2257
2024-03-05,09:01:59,대기,
2024-03-05,09:06:41,부과,덕천동 316-40
2024-03-05,09:35:05,대기,구포동 1206-12
2024-03-05,10:38:40,대기,만덕동 958
2024-03-05,10:40:21,대기,화명동 2331
2024-03-05,11:02:30,부과,구포동 1277
2024-03-05,11:30:34,부과,구포동 957-23
2024-03-05,12:22:21,부과,화명동 2257
2024-03-05,12:59:08,대기,
2024-03-05,13:06:36,부과,화명동 2257
2024-03-05,14:06:40,대기,
2024-03-05,14:10:27,비부과,덕천동 327
2024-03-05,14:21:59,대기,
2024-03-05,14:26:32,부과,덕천동 561-1
2024-03-05,14:34:15,비부과,구포동 156-11
2024-03-05,15:56:52,대기,금곡동 476
2024-03-05,16:03:55,부과,구포동 1267
2024-03-05,16:50:24,비부과,덕천동 359-1
2024-03-05,16:54:47,부과,만덕동 598-6
2024-03-05,17:34:34,부과,구포동 1241-44
2024-03-05,17:42:40,부과,덕천동 462
2024-03-05,17:54:24,비부과,구포동 786-15
2024-03-05,17:54:47,비부과,구포동 786-20
2024-03-05,18:10:23,부과,화명동 2257
2024-03-05,18:26:18,부과,덕천동 462
2024-03-05,18:34:12,부과,구포동 1186-22
2024-03-05,18:50:41,부과,구포동 1236-1
2024-03-05,19:34:24,부과,구포동 1060-470
2024-03-05,20:03:13,부과,구포동 584-25
2024-03-05,20:46:27,비부과,금곡동 835-1
2024-03-05,20:50:18,비부과,금곡동 681-11
2024-03-05,21:02:43,부과,덕천동 327
2024-03-05,21:06:24,부과,덕천동 327
2024-03-05,21:18:40,대기,화명동 941-1
2024-03-05,21:26:15,부과,덕천동 417-28
2024-03-05,21:46:38,부과,덕천동 327
2024-03-05,21:50:28,부과,화명동 1430
2024-03-05,23:48:26,비부과,화명동 2273
2024-03-05,23:50:18,비부과,화명동 2273
2024-03-06,05:58:08,부과,덕천동 462
2024-03-06,07:06:21,부과,구포동 1287
2024-03-06,07:34:09,비부과,화명동 2341-2
2024-03-06,08:10:18,대기,화명동 941-1
2024-03-06,08:14:11,대기,화명동 2334
2024-03-06,08:14:21,대기,덕천동 585-10
2024-03-06,08:46:14,대기,구포동 1290
2024-03-06,09:06:33,부과,덕천동 316-40
2024-03-06,09:10:26,비부과,덕천동 316-40
2024-03-06,09:10:36,부과,덕천동 322-24
2024-03-06,09:26:33,대기,만덕동 435-1
2024-03-06,09:30:14,비부과,금곡동 1608-5
2024-03-06,09:48:32,부과,덕천동 791-5
2024-03-06,10:24:20,대기,
2024-03-06,10:24:20,대기,
2024-03-06,10:32:03,대기,
2024-03-06,10:44:27,대기,덕천동 814-9
2024-03-06,11:32:30,부과,만덕동 904
2024-03-06,12:05:01,대기,만덕동 774-7
2024-03-06,12:20:27,부과,구포동 941-4
2024-03-06,12:24:32,부과,만덕동 955-3
2024-03-06,12:36:23,비부과,금곡동 812-8
2024-03-06,13:12:32,부과,구포동 963-2
2024-03-06,13:16:22,부과,만덕동 937
2024-03-06,13:38:12,부과,덕천동 561-1
2024-03-06,13:43:37,대기,
2024-03-06,14:36:35,부과,만덕동 823-8
2024-03-06,14:44:18,부과,만덕동 904
2024-03-06,14:50:12,대기,
2024-03-06,14:58:24,부과,구포동 1124-1
2024-03-06,15:14:18,부과,구포동 1060-466
2024-03-06,15:14:24,부과,덕천동 561-2
2024-03-06,15:48:19,대기,만덕동 955-5
2024-03-06,16:20:24,부과,화명동 2257
2024-03-06,16:58:53,대기,
2024-03-06,17:00:45,부과,덕천동 561-1
2024-03-06,17:31:09,대기,
2024-03-06,18:50:09,부과,구포동 1166-14
2024-03-06,18:50:09,부과,구포동 1166-14
2024-03-06,18:54:21,비부과,화명동 2257
2024-03-06,18:54:22,부과,구포동 654-8
2024-03-06,19:02:37,비부과,화명동 2257
2024-03-06,19:10:09,부과,화명동 1430
2024-03-06,19:24:15,비부과,만덕동 783-1
2024-03-06,19:34:29,대기,
2024-03-06,19:50:18,부과,구포동 1207-9
2024-03-06,20:10:17,대기,구포동 1060-446
2024-03-06,20:32:16,부과,만덕동 904
2024-03-06,20:32:26,부과,만덕동 904
2024-03-06,20:32:27,부과,만덕동 904
2024-03-06,20:36:17,부과,만덕동 904
2024-03-06,20:36:18,부과,만덕동 904
2024-03-06,20:54:05,대기,만덕동 706-6
2024-03-06,21:02:27,부과,만덕동 904
2024-03-06,21:22:23,비부과,화명동 944-3
2024-03-06,21:42:19,대기,화명동 2288
2024-03-06,23:06:04,부과,만덕동 941-2
2024-03-06,23:28:24,부과,화명동 1170-1
2024-03-06,23:32:21,대기,구포동 1280
2024-03-06,23:34:04,대기,구포동 1279
2024-03-06,23:44:06,부과,화명동 2257
2024-03-06,23:54:18,비부과,화명동 1229
2024-03-06,23:56:15,대기,화명동 2257
2024-03-07,00:16:14,부과,덕천동 814-10
2024-03-07,00:16:14,대기,만덕동 680-12
2024-03-07,00:16:14,부과,만덕동 783-21
2024-03-07,00:18:14,부과,만덕동 706-6
2024-03-07,00:28:09,비부과,구포동 1060-471
2024-03-07,00:48:12,부과,구포동 1060-471
2024-03-07,00:58:11,대기,만덕동 941-2
2024-03-07,01:06:12,부과,만덕동 235-1
2024-03-07,01:06:13,대기,만덕동 726
2024-03-07,01:06:13,대기,만덕동 783-14
2024-03-07,01:06:13,대기,만덕동 706-6
2024-03-07,01:10:04,부과,덕천동 462
2024-03-07,01:28:09,대기,만덕동 937
2024-03-07,01:29:58,대기,만덕동 937
2024-03-07,01:32:08,대기,만덕동 937
2024-03-07,01:37:59,대기,만덕동 942-3
2024-03-07,06:16:14,대기,덕천동 457-18
2024-03-07,07:42:24,비부과,화명동 2126-8
2024-03-07,07:58:27,비부과,구포동 1076-2
2024-03-07,08:02:57,대기,화명동 1718-7
2024-03-07,09:03:26,대기,
2024-03-07,09:22:24,대기,
2024-03-07,09:22:46,대기,
2024-03-07,09:31:21,대기,화명동 1229
2024-03-07,10:38:27,부과,화명동 1718-3
2024-03-07,10:39:48,대기,구포동 972-33
2024-03-07,10:42:29,부과,덕천동 416-4
2024-03-07,12:24:22,부과,화명동 2257
2024-03-07,13:08:20,대기,
2024-03-07,14:24:40,부과,만덕동 949-1
2024-03-07,15:00:10,부과,구포동 779-3
2024-03-07,15:08:36,부과,화명동 2257
2024-03-07,15:56:49,대기,금곡동 1117
2024-03-07,16:24:32,부과,구포동 1290
2024-03-07,16:56:27,부과,만덕동 904
2024-03-07,16:56:35,부과,만덕동 904
2024-03-07,16:56:35,부과,만덕동 904
2024-03-07,17:36:19,부과,만덕동 955
2024-03-07,17:48:15,대기,만덕동 775
2024-03-07,19:05:07,비부과,덕천동 462
2024-03-07,19:24:24,부과,만덕동 823-8
2024-03-07,19:28:38,부과,화명동 2312
2024-03-07,19:48:15,부과,구포동 1207-9
2024-03-07,20:08:42,부과,구포동 1280
2024-03-07,20:12:54,부과,만덕동 904
2024-03-07,20:16:26,부과,만덕동 904
2024-03-07,20:46:26,부과,덕천동 462
2024-03-07,21:02:52,부과,만덕동 941-2
2024-03-07,21:22:17,비부과,금곡동 1331-1
2024-03-07,21:48:13,비부과,화명동 188
2024-03-07,21:48:13,부과,만덕동 900
2024-03-07,22:14:40,대기,
2024-03-07,23:16:06,부과,화명동 2257
2024-03-07,23:46:15,부과,만덕동 900
2024-03-07,23:46:16,부과,만덕동 900
2024-03-08,00:38:12,부과,만덕동 937
2024-03-08,00:40:12,부과,만덕동 257-16
2024-03-08,00:52:23,대기,화명동 2257
2024-03-08,01:34:18,부과,구포동 1277
2024-03-08,01:50:24,부과,만덕동 937
2024-03-08,02:06:22,부과,만덕동 941-2
2024-03-08,05:58:16,비부과,덕천동 327
2024-03-08,08:02:27,대기,화명동 941-1
2024-03-08,08:14:36,대기,덕천동 549-2
2024-03-08,08:14:37,부과,덕천동 549-2
2024-03-08,09:08:52,부과,구포동 1075-20
2024-03-08,10:57:08,부과,구포동 430-13
2024-03-08,11:01:27,부과,구포동 430-24
2024-03-08,11:12:44,부과,화명동 745
2024-03-08,11:16:47,부과,구포동 611-1
2024-03-08,11:24:52,비부과,구포동 1131-14
2024-03-08,11:32:43,부과,화명동 1470-10
2024-03-08,11:44:47,부과,구포동 461-1
2024-03-08,12:16:30,부과,덕천동 316-40
2024-03-08,12:48:21,부과,화명동 2257
2024-03-08,12:48:21,부과,화명동 2257
2024-03-08,12:52:53,부과,덕천동 561-1
2024-03-08,13:10:09,대기,
2024-03-08,13:40:33,대기,
2024-03-08,13:50:08,비부과,덕천동 334-22
2024-03-08,15:04:27,부과,화명동 2257
2024-03-08,15:56:47,부과,구포동 1268
2024-03-08,16:16:45,대기,화명동 2324
2024-03-08,16:52:30,부과,덕천동 462
2024-03-08,17:12:58,부과,만덕동 861-6
2024-03-08,17:52:27,대기,
2024-03-08,18:52:40,부과,덕천동 462
2024-03-08,19:00:24,부과,화명동 1414-4
2024-03-08,19:04:34,부과,화명동 1430
2024-03-08,19:24:21,부과,구포동 1280
2024-03-08,19:44:20,부과,화명동 2021-2
2024-03-08,19:44:30,비부과,구포동 959-1
2024-03-08,19:44:30,비부과,구포동 1169-18
2024-03-08,19:44:31,부과,구포동 972
2024-03-08,19:44:31,부과,구포동 972
2024-03-08,19:48:22,비부과,구포동 972
2024-03-08,19:48:22,부과,만덕동 904
2024-03-08,19:48:31,비부과,구포동 972
2024-03-08,19:48:31,부과,만덕동 904
2024-03-08,19:48:31,부과,만덕동 904
2024-03-08,19:52:23,부과,화명동 2257
2024-03-08,19:52:33,부과,화명동 699-1
2024-03-08,19:52:44,부과,구포동 959-1
2024-03-08,19:56:24,부과,구포동 1169-18
2024-03-08,19:56:25,부과,구포동 972
2024-03-08,19:56:25,부과,구포동 972
2024-03-08,20:04:39,부과,구포동 968-4
2024-03-08,20:12:53,부과,덕천동 472
2024-03-08,20:20:35,부과,만덕동 598-6
2024-03-08,20:20:45,부과,만덕동 904
2024-03-08,20:20:45,부과,만덕동 904
2024-03-08,20:36:21,비부과,만덕동 598-6
2024-03-08,20:44:34,부과,만덕동 904
2024-03-08,22:44:29,비부과,구포동 983-1
2024-03-09,00:26:25,부과,화명동 2257
2024-03-09,02:40:15,부과,구포동 1060-51
2024-03-09,07:06:19,비부과,구포동 1060-180
2024-03-09,07:08:21,비부과,구포동 1060-469
2024-03-09,09:30:19,비부과,덕천동 399-10
2024-03-09,09:38:22,부과,화명동 2257
2024-03-09,11:06:27,부과,구포동 247-1
2024-03-09,11:12:24,부과,덕천동 356-5
2024-03-09,12:18:27,부과,화명동 2257
2024-03-09,12:20:17,대기,덕천동 351-5
2024-03-09,12:28:19,부과,화명동 2257
2024-03-09,12:28:19,비부과,구포동 156-11
2024-03-09,12:32:21,대기,화명동 941-1
2024-03-09,12:42:27,부과,만덕동 899
2024-03-09,13:28:22,부과,화명동 1430
2024-03-09,13:30:23,부과,화명동 1430
2024-03-09,13:32:24,부과,화명동 1430
2024-03-09,13:32:25,부과,화명동 1430
2024-03-09,13:36:24,부과,화명동 1430
2024-03-09,13:40:27,비부과,덕천동 128-8
2024-03-09,13:50:31,비부과,덕천동 797
2024-03-09,13:50:31,부과,덕천동 561-1
2024-03-09,13:56:23,부과,화명동 2257
2024-03-09,13:58:23,부과,화명동 2257
2024-03-09,13:58:24,부과,화명동 2257
2024-03-09,13:58:24,부과,화명동 2257
2024-03-09,14:04:33,부과,구포동 957-23
2024-03-09,14:14:30,부과,화명동 1430
2024-03-09,14:26:29,대기,덕천동 797
2024-03-09,14:40:31,부과,화명동 752
2024-03-09,15:18:21,부과,구포동 1287
2024-03-09,15:38:27,부과,만덕동 955-3
2024-03-09,16:02:20,부과,만덕동 955-3
2024-03-09,16:08:24,부과,화명동 2257
2024-03-09,16:12:24,부과,구포동 1087-1
2024-03-09,16:48:28,부과,만덕동 937
2024-03-09,16:48:29,부과,덕천동 250-3
2024-03-09,16:52:20,부과,만덕동 937
2024-03-09,16:58:31,부과,화명동 2257
2024-03-09,17:00:12,부과,화명동 2257
2024-03-09,17:00:22,부과,만덕동 290-1
2024-03-09,17:00:23,부과,화명동 958-3
2024-03-09,17:00:23,부과,화명동 2312
2024-03-09,18:10:12,부과,구포동 1279
2024-03-09,19:06:24,부과,화명동 2257
2024-03-09,19:16:25,부과,덕천동 128-8
2024-03-09,19:22:27,부과,덕천동 307-1
2024-03-09,19:38:33,대기,
2024-03-09,19:48:27,비부과,금곡동 108
2024-03-09,20:04:21,부과,구포동 1280
2024-03-09,20:26:28,부과,만덕동 899
2024-03-09,20:42:23,부과,덕천동 462
2024-03-09,20:54:18,부과,덕천동 432-28
2024-03-09,21:18:18,비부과,구포동 1060-493
2024-03-09,22:44:12,부과,화명동 2257
2024-03-09,22:48:24,비부과,덕천동 462
2024-03-09,23:18:11,대기,구포동 1268
2024-03-09,23:58:22,비부과,화명동 2277-5
2024-03-10,00:00:22,비부과,화명동 2277-5
2024-03-10,00:34:21,비부과,구포동 1060-471
2024-03-10,01:28:22,부과,화명동 2277-5
2024-03-10,03:14:18,부과,만덕동 943-1
2024-03-10,06:38:18,부과,덕천동 797
2024-03-10,07:46:18,비부과,덕천동 464-14
2024-03-10,08:16:24,부과,구포동 1073-5
2024-03-10,08:44:12,부과,만덕동 962
2024-03-10,09:20:24,부과,구포동 365-2
2024-03-10,09:50:30,부과,만덕동 904
2024-03-10,09:50:31,부과,만덕동 904
2024-03-10,09:50:31,부과,만덕동 904
2024-03-10,09:52:24,부과,만덕동 904
2024-03-10,09:52:24,부과,만덕동 904
2024-03-10,09:52:24,부과,만덕동 904
2024-03-10,10:04:12,부과,구포동 1246-5
2024-03-10,10:14:30,부과,화명동 186
2024-03-10,10:32:20,대기,
2024-03-10,10:32:21,부과,구포동 723-2
2024-03-10,11:08:21,부과,덕천동 128-8
2024-03-10,11:56:31,부과,구포동 982-27
2024-03-10,12:00:32,부과,구포동 1279
2024-03-10,12:16:28,대기,
2024-03-10,12:22:20,부과,덕천동 458
2024-03-10,12:58:27,부과,화명동 745
2024-03-10,13:40:20,부과,화명동 2257
2024-03-10,14:10:33,부과,덕천동 561-1
2024-03-10,14:12:24,부과,덕천동 561-1
2024-03-10,14:54:32,부과,덕천동 460-1
2024-03-10,14:58:22,부과,덕천동 356-19
2024-03-10,14:58:22,부과,덕천동 356-13
2024-03-10,14:58:23,부과,덕천동 356-13
2024-03-10,15:00:26,부과,덕천동 356-13
2024-03-10,15:00:27,부과,덕천동 356-4
2024-03-10,15:00:33,부과,덕천동 356-4
2024-03-10,15:02:15,부과,덕천동 462
2024-03-10,15:22:22,비부과,구포동 883
2024-03-10,15:26:24,비부과,구포동 산 47-11
2024-03-10,16:08:29,부과,금곡동 108
2024-03-10,16:46:24,부과,덕천동 552-1
2024-03-10,16:48:36,부과,덕천동 561-1
2024-03-10,16:56:29,부과,화명동 2257
2024-03-10,18:14:27,부과,덕천동 412-29
2024-03-10,18:32:03,대기,구포동 1157-1
2024-03-10,18:56:23,부과,만덕동 759-25
2024-03-10,19:30:24,부과,덕천동 128-8
2024-03-10,19:32:26,부과,화명동 745
2024-03-10,19:38:27,부과,구포동 1060-84
2024-03-10,20:26:21,부과,금곡동 123
2024-03-10,20:42:27,부과,구포동 1194-6
2024-03-10,20:58:31,부과,덕천동 327
2024-03-10,21:32:27,부과,구포동 1268
2024-03-10,21:34:30,부과,덕천동 390-29
2024-03-10,21:36:11,부과,구포동 1206-17
2024-03-10,23:04:27,부과,덕천동 746-4
2024-03-11,01:56:14,대기,화명동 1219-2
2024-03-11,07:08:24,대기,덕천동 585-11
2024-03-11,07:10:30,대기,덕천동 758-1
2024-03-11,07:12:27,대기,덕천동 539-6
2024-03-11,08:22:19,부과,만덕동 899
2024-03-11,09:00:20,비부과,덕천동 462
2024-03-11,09:18:29,부과,구포동 1186-25
2024-03-11,10:06:25,비부과,덕천동 472
2024-03-11,10:11:07,비부과,구포동 918-5
2024-03-11,10:32:21,부과,화명동 2257
2024-03-11,10:46:27,대기,만덕동 955
2024-03-11,10:54:28,부과,구포동 430-12
2024-03-11,11:00:35,부과,화명동 2257
2024-03-11,11:17:35,비부과,덕천동 462
2024-03-11,11:54:27,비부과,덕천동 464-14
2024-03-11,12:12:22,비부과,화명동 1293-1
2024-03-11,12:14:33,부과,화명동 2301-6
2024-03-11,12:50:37,비부과,만덕동 302-1
2024-03-11,13:14:29,부과,구포동 930-21
2024-03-11,13:16:22,부과,화명동 2301-6
2024-03-11,13:42:32,부과,만덕동 761-5
2024-03-11,13:49:06,비부과,백양대로 1041(다이소 구포구남점 앞 버스정류장)
2024-03-11,13:50:26,비부과,만덕동 761-5
2024-03-11,14:10:26,부과,화명동 1179-14
2024-03-11,14:12:26,부과,만덕동 904
2024-03-11,14:14:27,부과,만덕동 904
2024-03-11,14:14:27,부과,만덕동 904
2024-03-11,14:14:27,부과,화명동 1718-7
2024-03-11,14:14:27,부과,만덕동 904
2024-03-11,14:16:17,부과,만덕동 904
2024-03-11,14:16:17,부과,만덕동 904
2024-03-11,14:16:27,부과,만덕동 904
2024-03-11,14:16:28,부과,만덕동 904
2024-03-11,14:18:36,부과,만덕동 904
2024-03-11,14:18:36,부과,만덕동 904
2024-03-11,14:18:36,부과,만덕동 904
2024-03-11,14:28:24,부과,덕천동 585-1
2024-03-11,14:30:30,부과,만덕동 302-1
2024-03-11,14:33:44,대기,
2024-03-11,14:36:17,부과,덕천동 561-1
2024-03-11,14:51:03,대기,만덕동 955-5
2024-03-11,15:34:33,대기,만덕동 216-13
2024-03-11,15:42:27,대기,
2024-03-11,15:48:31,대기,
2024-03-11,16:04:22,대기,구포동 1084-3
2024-03-11,16:10:33,비부과,구포동 1154-1
2024-03-11,16:16:33,부과,화명동 2257
2024-03-11,16:18:27,부과,화명동 2257
2024-03-11,17:26:32,비부과,구포동 1123-15
2024-03-11,17:26:33,대기,
2024-03-11,17:32:24,대기,
2024-03-11,17:54:23,비부과,구포동 1289
2024-03-11,17:55:53,대기,
2024-03-11,18:22:18,부과,덕천동 454
2024-03-11,18:24:16,부과,구포동 1280
2024-03-11,19:22:21,부과,만덕동 935
2024-03-11,19:34:23,부과,만덕동 235-1
2024-03-11,20:44:21,부과,구포동 1287
2024-03-11,20:50:23,부과,화명동 2315-8
2024-03-11,23:06:13,부과,화명동 2257
2024-03-12,01:16:14,부과,구포동 700-18
2024-03-12,06:02:20,부과,화명동 2257
2024-03-12,06:56:24,대기,
2024-03-12,07:04:18,부과,구포동 1287
2024-03-12,07:08:20,부과,구포동 1282
2024-03-12,07:24:24,대기,덕천동 561-1
2024-03-12,07:30:23,대기,덕천동 680-18
2024-03-12,08:58:20,부과,구포동 1073-5
2024-03-12,09:16:29,부과,덕천동 316-40
2024-03-12,09:50:45,대기,
2024-03-12,09:56:28,대기,만덕동 706-4
2024-03-12,10:02:36,대기,"입구로 들어갈려면 비보호 좌회전을 하는데, 가끔 불법유턴 하는 차량들이 있어서,"
2024-03-12,10:26:30,부과,만덕동 761-5
2024-03-12,10:28:27,부과,구포동 413-6
2024-03-12,10:48:12,대기,금곡대로 166
2024-03-12,10:48:19,부과,구포동 387-4
2024-03-12,10:50:21,부과,구포동 1124-1
2024-03-12,10:56:22,부과,구포동 1073-8
2024-03-12,11:32:18,부과,만덕동 882-7
2024-03-12,11:50:24,부과,덕천동 384-12
2024-03-12,12:12:21,비부과,화명동 2159
2024-03-12,12:38:21,비부과,금곡동 102
2024-03-12,12:40:33,부과,덕천동 561-1
2024-03-12,13:00:18,대기,
2024-03-12,13:08:22,비부과,금곡동 812-8
2024-03-12,13:10:32,비부과,금곡동 812-8
2024-03-12,13:18:27,부과,금곡동 123
2024-03-12,13:20:18,부과,만덕동 870-13
2024-03-12,13:46:24,부과,구포동 1124-13
2024-03-12,14:38:29,부과,구포동 1189
2024-03-12,14:42:33,부과,덕천동 462
2024-03-12,15:54:22,부과,만덕동 824-35
2024-03-12,15:59:54,대기,
2024-03-12,16:34:21,부과,만덕동 597-9
2024-03-12,16:44:30,부과,화명동 1261-4
2024-03-12,17:26:24,비부과,구포동 737-2
2024-03-12,17:26:34,비부과,만덕동 646-15
2024-03-12,17:32:27,부과,구포동 1060-11
2024-03-12,17:32:27,비부과,만덕동 646-15
2024-03-12,18:24:30,대기,덕천동 310-30
2024-03-12,18:38:22,부과,덕천동 561-1
2024-03-12,18:40:23,대기,화명동 2334
2024-03-12,19:28:22,부과,만덕동 597-9
2024-03-12,20:16:25,부과,덕천동 472
2024-03-12,20:28:29,부과,화명동 2257
2024-03-12,20:28:30,부과,화명동 2257
2024-03-12,20:30:27,부과,화명동 2322
2024-03-12,20:30:27,부과,만덕동 904
2024-03-12,20:30:27,비부과,만덕동 904
2024-03-12,20:30:27,부과,화명동 2257
2024-03-12,20:30:27,부과,만덕동 904
2024-03-12,20:30:28,부과,화명동 2257
2024-03-12,20:30:28,부과,만덕동 904
2024-03-12,20:44:30,부과,덕천동 462
2024-03-12,20:48:33,대기,
2024-03-12,21:34:11,대기,화명동 2324
2024-03-12,21:42:23,부과,화명동 745
2024-03-12,21:46:25,비부과,화명동 745
2024-03-12,22:00:30,비부과,덕천동 385-38
2024-03-12,22:20:30,부과,구포동 918-5
2024-03-12,22:46:23,부과,화명동 2273
2024-03-12,22:46:23,대기,화명동 2300-10
2024-03-12,22:48:24,부과,화명동 2273
2024-03-12,22:50:15,부과,화명동 2273
2024-03-12,23:00:27,부과,화명동 2273
2024-03-12,23:00:28,비부과,화명동 2273
2024-03-12,23:58:17,비부과,구포동 918-5
2024-03-13,07:04:18,부과,구포동 1247-10
2024-03-13,07:06:21,부과,구포동 1236-8
2024-03-13,07:30:32,부과,덕천동 561-1
2024-03-13,07:40:27,부과,덕천동 552-1
2024-03-13,07:46:18,대기,덕천동 656-2
2024-03-13,09:10:30,부과,구포동 1073-8
2024-03-13,10:04:23,대기,
2024-03-13,10:14:24,부과,덕천동 797
2024-03-13,10:24:25,부과,만덕동 899
2024-03-13,10:34:56,대기,화명동 2257
2024-03-13,10:39:18,대기,
2024-03-13,11:24:29,부과,덕천동 462
2024-03-13,11:28:37,부과,화명동 2276-6
2024-03-13,12:24:29,비부과,화명동 2268-3
2024-03-13,12:36:23,비부과,화명동 2257
2024-03-13,12:40:25,부과,구포동 1189
2024-03-13,12:44:16,부과,구포동 1189
2024-03-13,12:46:27,부과,구포동 1118-13
2024-03-13,13:24:22,부과,금곡동 813
2024-03-13,13:30:34,대기,
2024-03-13,13:54:25,비부과,덕천동 402-5
2024-03-13,14:06:20,비부과,만덕동 761-5
2024-03-13,14:10:33,부과,구포동 1076-2
2024-03-13,14:24:47,비부과,화명동 2257
2024-03-13,14:38:34,부과,구포동 1189
2024-03-13,15:00:52,대기,덕천동 763-29
2024-03-13,15:16:18,부과,구포동 584-3
2024-03-13,15:30:24,부과,만덕동 846-1
2024-03-13,15:34:35,부과,화명동 1429-2
2024-03-13,15:50:33,대기,화명동 512
2024-03-13,16:22:30,부과,구포동 1049-8
2024-03-13,16:35:27,대기,화명동으로 가는 강변도로에 오토바이진입을 목격했습니다 이번주에만 저 오토바이 2번째목격했습니다
2024-03-13,16:44:31,부과,구포동 1280
2024-03-13,17:33:24,대기,구포동 718-4
2024-03-13,17:56:28,대기,만덕동 597-4
2024-03-13,17:58:26,부과,덕천동 128-8
2024-03-13,18:20:26,부과,덕천동 462
2024-03-13,18:36:23,부과,만덕동 275
2024-03-13,18:40:36,대기,
2024-03-13,19:04:39,부과,화명동 2257
2024-03-13,19:06:30,비부과,화명동 2257
2024-03-13,19:06:30,부과,화명동 2257
2024-03-13,19:06:31,부과,화명동 2257
2024-03-13,19:10:30,부과,화명동 2257
2024-03-13,19:14:21,부과,화명동 2257
2024-03-13,19:16:32,부과,만덕동 904
2024-03-13,19:18:24,부과,구포동 725
2024-03-13,19:26:27,부과,화명동 2257
2024-03-13,20:02:29,부과,덕천동 797
2024-03-13,20:32:39,부과,덕천동 561-1
2024-03-13,20:34:24,부과,덕천동 552-1
2024-03-13,20:40:13,대기,덕천동 756
2024-03-13,20:40:28,대기,화명동 2328
2024-03-13,20:42:27,대기,화명동 2324
2024-03-13,21:26:22,부과,덕천동 472
2024-03-13,21:46:17,부과,화명동 2257
2024-03-14,02:21:35,대기,
2024-03-14,07:30:29,부과,덕천동 552-1
2024-03-14,07:32:19,대기,덕천동 539-6
2024-03-14,08:28:18,부과,금곡동 813
2024-03-14,08:28:28,부과,구포동 896-23
2024-03-14,08:34:31,대기,구포동 119-6
2024-03-14,08:44:22,비부과,구포동 896-23
2024-03-14,09:12:33,부과,화명동 1431
2024-03-14,09:14:34,부과,덕천동 316-40
2024-03-14,09:36:43,대기,만덕동 942-3
2024-03-14,09:58:33,부과,만덕동 761-5
2024-03-14,10:10:52,대기,
2024-03-14,11:08:16,부과,구포동 387-3
2024-03-14,11:36:27,부과,만덕동 904
2024-03-14,12:00:31,부과,만덕동 904
2024-03-14,12:40:19,대기,구포동 1060-68
2024-03-14,13:12:31,부과,구포동 1189
2024-03-14,13:56:30,부과,구포동 1189
2024-03-14,14:00:31,비부과,덕천동 128-8
2024-03-14,14:14:28,부과,덕천동 384-12
2024-03-14,16:00:37,비부과,구포동 408-7
2024-03-14,16:12:12,비부과,구포동 409-5
2024-03-14,16:24:27,부과,화명동 2257
2024-03-14,16:28:19,대기,화명동 2306
2024-03-14,16:40:25,부과,구포동 산 37-15
2024-03-14,16:40:26,부과,구포동 1049-8
2024-03-14,16:40:26,부과,구포동 1049-8
2024-03-14,16:42:33,부과,구포동 930-3
2024-03-14,16:44:18,비부과,화명동 972-8
2024-03-14,17:02:16,부과,구포동 1280
2024-03-14,17:04:17,부과,구포동 1280
2024-03-14,17:26:28,대기,
2024-03-14,18:08:18,부과,덕천동 128-8
2024-03-14,18:08:18,대기,
2024-03-14,18:08:18,대기,
2024-03-14,18:22:13,부과,구포동 1186-3
2024-03-14,18:34:28,부과,덕천동 462
2024-03-14,19:16:27,대기,
2024-03-14,19:28:23,부과,화명동 2315-9
2024-03-14,19:33:36,비부과,
2024-03-14,20:20:22,부과,만덕동 900
2024-03-14,20:40:30,부과,구포동 584-25
2024-03-14,23:06:20,부과,화명동 2257
2024-03-14,23:06:20,부과,화명동 2257
2024-03-14,23:54:13,부과,구포동 1060-471
2024-03-15,01:02:25,비부과,만덕동 308-3
2024-03-15,01:12:17,비부과,화명동 2257
2024-03-15,01:56:13,대기,만덕동 607-1
2024-03-15,02:17:02,대기,
2024-03-15,06:26:23,부과,덕천동 797
2024-03-15,06:48:27,부과,덕천동 472
2024-03-15,06:52:18,비부과,덕천동 552-1
2024-03-15,07:04:20,부과,구포동 1243-9
2024-03-15,07:08:11,부과,구포동 1282
2024-03-15,08:52:21,대기,
2024-03-15,09:06:15,부과,만덕동 802-1
2024-03-15,09:27:18,비부과,
2024-03-15,09:27:35,비부과,
2024-03-15,09:36:31,부과,구포동 1189
2024-03-15,10:56:24,부과,구포동 430-13
2024-03-15,11:02:24,비부과,덕천동 473-4
2024-03-15,11:04:22,부과,만덕동 904
2024-03-15,11:04:24,부과,만덕동 904
2024-03-15,11:04:24,부과,만덕동 904
2024-03-15,11:04:32,비부과,덕천동 485-7
2024-03-15,11:04:32,부과,만덕동 904
2024-03-15,11:04:32,부과,만덕동 904
2024-03-15,11:10:25,부과,구포동 655-5
2024-03-15,11:48:22,부과,구포동 1189
2024-03-15,12:10:18,부과,구포동 381-16
2024-03-15,13:56:20,부과,화명동 2257
2024-03-15,14:36:26,부과,덕천동 462
2024-03-15,14:42:23,대기,화명동 2257
2024-03-15,14:46:56,대기,
2024-03-15,15:02:25,대기,
2024-03-15,15:12:31,대기,
2024-03-15,15:49:39,대기,
2024-03-15,15:56:24,부과,덕천동 290-4
2024-03-15,16:28:28,부과,덕천동 561-1
2024-03-15,16:30:29,부과,화명동 1225-1
2024-03-15,17:12:28,대기,
2024-03-15,17:31:39,대기,
2024-03-15,17:36:22,비부과,만덕동 898
2024-03-15,17:40:30,부과,구포동 1186-1
2024-03-15,17:50:27,부과,금곡동 56-1
2024-03-15,17:52:28,부과,금곡동 108
2024-03-15,17:56:31,부과,금곡동 108
2024-03-15,18:12:28,비부과,구포동 1219-43
2024-03-15,18:16:21,부과,만덕동 904
2024-03-15,18:20:21,부과,덕천동 462
2024-03-15,19:18:22,대기,
2024-03-15,19:34:25,대기,
2024-03-15,19:42:39,부과,덕천동 357-12
2024-03-15,19:44:20,부과,덕천동 462
2024-03-15,19:53:43,대기,구포동 1049-8
2024-03-15,20:06:19,부과,만덕동 904
2024-03-15,20:07:36,부과,만덕동 904
2024-03-15,20:09:48,부과,만덕동 904
2024-03-15,20:09:48,대기,만덕동 904
2024-03-15,20:15:51,부과,구포동 584-25
2024-03-15,20:15:51,부과,만덕동 904
2024-03-15,20:15:51,부과,만덕동 904
2024-03-15,20:16:23,부과,만덕동 904
2024-03-15,20:16:24,부과,만덕동 904
2024-03-15,20:16:25,부과,만덕동 904
2024-03-15,20:47:16,대기,
2024-03-15,20:50:28,부과,덕천동 390-12
2024-03-15,21:38:18,부과,화명동 2257
2024-03-15,21:38:27,부과,구포동 897-21
2024-03-16,07:34:25,비부과,만덕동 904
2024-03-16,07:42:18,부과,만덕동 927-2
2024-03-16,07:54:21,대기,덕천동 561-1
2024-03-16,07:56:12,부과,덕천동 561-1
2024-03-16,07:56:21,부과,덕천동 561-1
2024-03-16,07:58:21,대기,덕천동 561-1
2024-03-16,08:06:23,부과,만덕동 962
2024-03-16,08:06:24,부과,덕천동 552-1
2024-03-16,08:08:25,부과,구포동 392
2024-03-16,08:10:15,부과,구포동 381-8
2024-03-16,08:20:27,비부과,만덕동 823-8
2024-03-16,09:08:28,부과,구포동 1282
2024-03-16,09:20:25,부과,화명동 2315-7
2024-03-16,09:40:30,부과,덕천동 471
2024-03-16,10:06:18,부과,덕천동 590
2024-03-16,10:28:24,부과,구포동 1005-2
2024-03-16,10:32:25,비부과,구포동 1247-10
2024-03-16,10:40:29,부과,만덕동 933
2024-03-16,10:44:19,부과,화명동 2326
2024-03-16,10:44:19,비부과,구포동 1060-51
2024-03-16,10:52:22,비부과,구포동 957-23
2024-03-16,11:04:28,비부과,구포동 1240-76
2024-03-16,11:14:32,비부과,구포동 1247-10
2024-03-16,11:46:24,대기,
2024-03-16,11:58:31,부과,화명동 189
2024-03-16,11:58:31,대기,
2024-03-16,12:04:32,부과,덕천동 462
2024-03-16,12:12:27,비부과,금곡동 56-1
2024-03-16,12:24:27,대기,화명동 2257
2024-03-16,12:40:33,부과,화명동 745
2024-03-16,12:46:22,부과,화명동 1470-10
2024-03-16,12:54:24,비부과,화명동 1216-1
2024-03-16,13:50:28,비부과,화명동 2257
2024-03-16,14:10:26,부과,덕천동 797
2024-03-16,14:14:36,비부과,화명동 1293-3
2024-03-16,14:38:27,부과,덕천동 462
2024-03-16,15:14:24,부과,화명동 882-2
2024-03-16,16:00:28,부과,금곡동 1874-3
2024-03-16,16:18:27,부과,구포동 1060-51
2024-03-16,16:42:29,부과,금곡동 811-3
2024-03-16,16:50:21,부과,구포동 1280
2024-03-16,17:02:25,비부과,만덕동 934
2024-03-16,17:04:33,대기,화명동 643-3
2024-03-16,17:44:25,부과,구포동 80-12
2024-03-16,18:18:19,대기,화명동 2257
2024-03-16,18:52:30,부과,덕천동 401-15
2024-03-16,19:06:18,부과,덕천동 402-8
2024-03-16,19:08:24,부과,덕천동 414-8
2024-03-16,19:08:24,부과,덕천동 415-14
2024-03-16,19:10:19,부과,덕천동 431-1
2024-03-16,19:12:20,부과,덕천동 415-1
2024-03-16,19:16:21,부과,덕천동 432-15
2024-03-16,19:18:22,부과,덕천동 431-1
2024-03-16,19:18:22,대기,화명동 1230-3
2024-03-16,19:20:23,부과,덕천동 415-14
2024-03-16,19:58:36,부과,만덕동 905
2024-03-16,20:38:23,비부과,구포동 1262-1
2024-03-16,20:50:18,부과,구포동 1278
2024-03-16,20:54:19,부과,구포동 1278
2024-03-16,20:58:20,부과,만덕동 904
2024-03-16,20:58:20,부과,만덕동 904
2024-03-16,20:58:21,부과,만덕동 904
2024-03-16,20:58:31,부과,만덕동 904
2024-03-16,20:58:31,부과,만덕동 904
2024-03-16,21:02:24,부과,구포동 1249-1
2024-03-16,21:18:29,부과,덕천동 431-1
2024-03-16,21:30:26,부과,구포동 1285
2024-03-16,21:58:16,부과,덕천동 400-8
2024-03-16,22:52:00,대기,
2024-03-16,22:56:06,대기,
2024-03-16,23:00:24,대기,덕천동 597
2024-03-16,23:54:17,부과,화명동 2287-1
2024-03-17,01:28:14,부과,화명동 2257
2024-03-17,01:44:27,부과,만덕동 605-31
2024-03-17,02:16:21,부과,덕천동 462
2024-03-17,06:38:27,부과,구포동 1189
2024-03-17,07:50:27,대기,구포동 365-2
2024-03-17,08:28:20,부과,덕천동 462
2024-03-17,09:32:27,부과,덕천동 542-2
2024-03-17,09:34:27,부과,구포동 1060-470
2024-03-17,09:40:29,부과,구포동 1060-493
2024-03-17,09:44:27,비부과,만덕동 608-18
2024-03-17,09:52:15,부과,구포동 156-11
2024-03-17,10:12:24,부과,화명동 1114-16
2024-03-17,10:16:26,부과,덕천동 330-2
2024-03-17,10:30:25,부과,화명동 2257
2024-03-17,10:38:29,비부과,구포동 1124-13
2024-03-17,10:40:21,부과,구포동 459-2
2024-03-17,10:44:11,부과,구포동 381-11
2024-03-17,11:00:17,부과,구포동 1139
2024-03-17,11:14:22,부과,덕천동 322-24
2024-03-17,11:16:21,부과,덕천동 322-24
2024-03-17,11:18:30,부과,덕천동 315-12
2024-03-17,11:20:24,부과,덕천동 335-1
2024-03-17,11:42:11,대기,
2024-03-17,12:08:22,부과,만덕동 823-23
2024-03-17,12:36:22,비부과,덕천동 303-14
2024-03-17,12:36:32,부과,덕천동 460-1
2024-03-17,14:18:17,대기,덕천동 597-10
2024-03-17,15:46:22,부과,구포동 602-41
2024-03-17,16:20:18,대기,
2024-03-17,16:50:25,대기,
2024-03-17,17:20:25,대기,
2024-03-17,17:38:25,부과,구포동 1060-316
2024-03-17,17:40:27,대기,덕천동 763-29
2024-03-17,17:42:15,부과,구포동 1068-2
2024-03-17,18:12:29,부과,만덕동 846-2
2024-03-17,18:14:21,부과,구포동 1278
2024-03-17,18:22:42,대기,구포2동 동백삼계탕(구포 협진태양아파트 맞은편) 앞도로에 비보호좌회전 표지판이 있었습니다.
2024-03-17,18:44:23,부과,구포동 1278
2024-03-17,18:48:13,부과,구포동 1290
2024-03-17,19:26:27,대기,금곡동 1890
2024-03-17,19:26:28,부과,화명동 2257
2024-03-17,19:50:15,부과,화명동 2257
2024-03-17,19:50:16,부과,화명동 2257
2024-03-17,19:58:24,비부과,구포동 602-41
2024-03-17,20:20:36,대기,덕천동 551-9
2024-03-17,20:22:27,부과,화명동 2266-1
2024-03-17,20:28:18,부과,덕천동 561-1
2024-03-17,20:30:29,부과,덕천동 552-1
2024-03-17,20:39:55,대기,
2024-03-17,20:54:19,부과,만덕동 605-10
2024-03-17,21:12:15,비부과,만덕동 831-15
2024-03-17,21:30:21,부과,화명동 2257
2024-03-17,22:04:21,부과,덕천동 328
2024-03-17,22:06:13,부과,금곡동 1117
2024-03-17,22:10:30,부과,구포동 1237-17
2024-03-17,23:48:22,부과,구포동 1060-470
2024-03-18,07:00:18,부과,구포동 1287
2024-03-18,07:50:27,대기,덕천동 551-1
2024-03-18,07:58:30,부과,덕천동 552-1
2024-03-18,07:58:30,부과,덕천동 552-1
2024-03-18,09:00:18,대기,덕천동 539-6
2024-03-18,09:14:37,비부과,
2024-03-18,09:26:25,부과,만덕동 904
2024-03-18,09:28:16,부과,만덕동 904
2024-03-18,09:28:25,부과,만덕동 904
2024-03-18,09:28:26,부과,만덕동 904
2024-03-18,09:28:26,부과,만덕동 904
2024-03-18,09:30:33,부과,만덕동 904
2024-03-18,09:33:08,대기,덕천동 472
2024-03-18,09:33:08,대기,금곡동 1241
2024-03-18,09:33:08,대기,금곡동 1241
2024-03-18,10:04:15,부과,만덕동 904
2024-03-18,10:42:05,대기,
2024-03-18,10:42:05,대기,
2024-03-18,11:00:33,부과,화명동 2257
2024-03-18,11:02:18,부과,구포동 430-18
2024-03-18,11:04:30,부과,덕천동 472
2024-03-18,11:06:19,부과,구포동 654-12
2024-03-18,11:30:19,부과,구포동 465-2
2024-03-18,11:32:30,부과,구포동 460-2
2024-03-18,11:54:18,부과,덕천동 462
2024-03-18,12:58:32,부과,금곡동 813
2024-03-18,13:00:33,비부과,금곡동 813
2024-03-18,13:16:34,부과,화명동 2257
2024-03-18,13:50:31,비부과,구포동 596-11
2024-03-18,14:02:16,부과,구포동 1189
2024-03-18,14:36:24,부과,만덕동 955
2024-03-18,14:46:32,부과,만덕동 302-1
2024-03-18,14:49:10,대기,
2024-03-18,14:49:30,대기,
2024-03-18,14:52:22,비부과,만덕동 670-1
2024-03-18,15:14:43,대기,
2024-03-18,15:44:33,부과,만덕동 955-3
2024-03-18,16:24:29,부과,만덕동 904
2024-03-18,16:24:39,부과,화명동 2257
2024-03-18,16:54:24,부과,만덕동 957
2024-03-18,17:06:22,부과,구포동 1218-32
2024-03-18,18:08:22,비부과,구포동 1296
2024-03-18,18:42:25,대기,
2024-03-18,18:46:28,대기,덕천동 327
2024-03-18,18:48:36,부과,구포동 451-4
2024-03-18,18:48:39,부과,구포동 451-1
2024-03-18,18:56:32,비부과,덕천동 384-1
2024-03-18,19:10:17,부과,구포동 1189
2024-03-18,20:00:37,부과,만덕동 935
2024-03-18,20:02:28,비부과,구포동 1277
2024-03-18,20:08:27,부과,덕천동 472
2024-03-18,20:16:12,대기,
2024-03-18,20:34:19,비부과,구포동 1277
2024-03-18,21:46:26,부과,덕천동 356-4
2024-03-18,21:48:26,부과,덕천동 462
2024-03-18,21:48:27,부과,덕천동 462
2024-03-18,21:54:24,비부과,덕천동 462
2024-03-18,22:04:41,대기,
2024-03-18,22:26:19,대기,구포동 527-1
2024-03-18,22:34:27,대기,
2024-03-18,22:42:24,부과,화명동 2257
2024-03-18,22:44:24,비부과,화명동 2257
2024-03-18,22:46:14,비부과,화명동 2257
2024-03-18,22:46:24,비부과,만덕동 359-24
2024-03-18,23:30:26,비부과,구포동 1282
2024-03-19,01:30:13,대기,구포동 1060-45
2024-03-19,04:06:19,부과,화명동 2257
2024-03-19,05:58:22,부과,덕천동 462
2024-03-19,07:52:23,대기,덕천동 552-1
2024-03-19,08:00:25,부과,덕천동 552-1
2024-03-19,08:38:25,부과,화명동 899
2024-03-19,08:42:28,대기,
2024-03-19,08:58:30,대기,
2024-03-19,09:04:25,대기,
2024-03-19,09:06:30,부과,덕천동 467-2
2024-03-19,09:32:27,대기,화명동 1718-7
2024-03-19,09:58:21,부과,덕천동 464-21
2024-03-19,10:04:25,부과,금곡동 54-4
2024-03-19,10:16:06,대기,
2024-03-19,11:06:24,부과,덕천동 384-12
2024-03-19,12:16:19,부과,화명동 2257
2024-03-19,12:18:21,비부과,덕천동 464-14
2024-03-19,12:24:24,부과,덕천동 464-17
2024-03-19,12:46:22,부과,화명동 1429-2
2024-03-19,12:46:22,부과,만덕동 757-68
2024-03-19,12:48:22,부과,화명동 1431
2024-03-19,13:46:27,부과,덕천동 561-1
2024-03-19,14:50:25,부과,구포동 1161-1
2024-03-19,14:52:26,부과,구포동 462-2
2024-03-19,14:54:17,부과,구포동 459-2
2024-03-19,15:02:21,대기,금곡동 1881
2024-03-19,15:06:32,대기,
2024-03-19,15:10:24,부과,덕천동 561-1
2024-03-19,15:56:17,부과,덕천동 462
2024-03-19,16:32:30,비부과,구포동 1292
2024-03-19,16:46:29,부과,덕천동 384-12
2024-03-19,17:00:25,부과,금곡동 813
2024-03-19,17:48:59,대기,
2024-03-19,18:08:27,부과,구포동 941-4
2024-03-19,18:20:24,비부과,화명동 977-20
2024-03-19,18:46:33,대기,덕천동 379-1
2024-03-19,18:50:24,부과,덕천동 357-12
2024-03-19,18:50:24,부과,덕천동 462
2024-03-19,18:58:18,대기,
2024-03-19,19:00:30,부과,덕천동 462
2024-03-19,19:26:22,대기,
2024-03-19,19:30:19,비부과,화명동 539-4
2024-03-19,19:32:30,대기,
2024-03-19,19:34:31,부과,만덕동 598-6
2024-03-19,19:48:25,부과,만덕동 791
2024-03-19,20:04:21,부과,만덕동 904
2024-03-19,20:04:21,부과,만덕동 904
2024-03-19,20:04:30,부과,만덕동 904
2024-03-19,20:06:21,부과,만덕동 904
2024-03-19,20:06:22,부과,만덕동 904
2024-03-19,20:06:32,부과,만덕동 904
2024-03-19,20:08:25,부과,만덕동 904
2024-03-19,20:08:26,부과,만덕동 904
2024-03-19,20:26:30,부과,덕천동 472
2024-03-19,20:36:21,부과,만덕동 904
2024-03-19,21:42:12,부과,구포동 1279
2024-03-19,22:14:24,부과,덕천동 328
2024-03-19,22:22:21,대기,화명동 2332
2024-03-19,22:40:24,부과,화명동 2257
2024-03-19,23:53:20,대기,
2024-03-20,01:38:30,비부과,화명동 2262
2024-03-20,05:26:18,부과,덕천동 322-24
2024-03-20,05:28:24,부과,덕천동 315-51
2024-03-20,05:30:18,부과,덕천동 472
2024-03-20,05:32:19,부과,덕천동 315-10
2024-03-20,05:36:19,부과,덕천동 472
2024-03-20,07:04:15,부과,구포동 1286
2024-03-20,07:08:23,부과,구포동 1285
2024-03-20,07:10:24,부과,구포동 1282
2024-03-20,07:42:21,대기,화명동 2324
2024-03-20,07:48:22,부과,덕천동 561-1
2024-03-20,07:48:24,대기,덕천동 552-1
2024-03-20,07:56:23,부과,덕천동 552-1
2024-03-20,08:02:26,대기,덕천동 673-2
2024-03-20,08:20:36,대기,
2024-03-20,08:26:26,부과,구포동 896-23
2024-03-20,08:30:28,부과,구포동 1280
2024-03-20,09:12:10,비부과,덕천동 383-23
2024-03-20,09:23:29,부과,만덕동 933
2024-03-20,09:34:24,부과,구포동 1189
2024-03-20,10:20:32,부과,구포동 1189
2024-03-20,10:52:32,비부과,화명동 2159
2024-03-20,10:58:35,비부과,화명동 2159
2024-03-20,11:32:19,부과,금곡동 813
2024-03-20,11:42:32,부과,덕천동 462
2024-03-20,11:44:23,부과,화명동 2257
2024-03-20,11:46:24,부과,화명동 2322
2024-03-20,11:46:24,부과,화명동 2322
2024-03-20,12:14:34,부과,덕천동 357-12
2024-03-20,13:06:05,대기,
2024-03-20,13:48:26,대기,화명동 2314-2
2024-03-20,14:14:19,대기,
2024-03-20,14:14:30,부과,만덕동 904
2024-03-20,14:16:29,부과,만덕동 904
2024-03-20,14:38:28,대기,
2024-03-20,14:38:28,대기,
2024-03-20,14:46:31,대기,
2024-03-20,15:04:29,비부과,화명동 2257
2024-03-20,15:12:33,부과,만덕동 904
2024-03-20,15:12:34,부과,만덕동 904
2024-03-20,15:18:24,부과,덕천동 462
2024-03-20,15:43:25,대기,
2024-03-20,15:56:21,대기,
2024-03-20,16:06:21,부과,구포동 779-3
2024-03-20,16:12:30,부과,화명동 2257
2024-03-20,16:16:30,부과,화명동 2257
2024-03-20,16:18:21,부과,화명동 2257
2024-03-20,17:14:34,부과,구포동 1060-316
2024-03-20,17:38:13,부과,덕천동 462
2024-03-20,17:54:24,부과,구포동 1269-1
2024-03-20,18:02:25,비부과,구포동 1189
2024-03-20,18:32:27,부과,화명동 2257
2024-03-20,18:36:30,부과,화명동 2257
2024-03-20,18:36:40,부과,화명동 2257
2024-03-20,18:38:19,부과,화명동 2257
2024-03-20,19:22:19,부과,만덕동 904
2024-03-20,19:28:20,대기,구포동 147-5
2024-03-20,19:28:21,부과,만덕동 904
2024-03-20,20:28:15,부과,만덕동 904
2024-03-20,20:40:28,부과,구포동 1287
2024-03-20,20:42:20,부과,덕천동 462
2024-03-20,20:46:22,부과,구포동 1063-1
2024-03-20,20:48:22,부과,구포동 1067-12
2024-03-20,20:48:22,부과,구포동 1067-17
2024-03-20,20:48:22,부과,구포동 1067-8
2024-03-20,20:58:33,부과,구포동 581
2024-03-20,22:46:24,부과,화명동 2159
2024-03-20,22:46:24,부과,화명동 2159
2024-03-21,00:04:21,부과,화명동 2257
2024-03-21,06:54:14,대기,
2024-03-21,07:06:18,부과,구포동 1285
2024-03-21,07:58:18,대기,덕천동 292-26
2024-03-21,08:18:16,대기,덕천동 552-1
2024-03-21,08:26:24,대기,덕천동 656-2
2024-03-21,08:40:21,부과,화명동 512
2024-03-21,09:22:28,부과,덕천동 316-40
2024-03-21,10:15:59,대기,
2024-03-21,10:56:10,대기,
2024-03-21,11:18:25,부과,화명동 318
2024-03-21,11:54:29,부과,화명동 2257
2024-03-21,12:06:24,대기,화명동 2257
2024-03-21,12:12:41,대기,
2024-03-21,12:52:17,부과,덕천동 472
2024-03-21,13:00:37,비부과,화명동 2269-1
2024-03-21,14:04:27,부과,화명동 2257
2024-03-21,14:04:37,부과,구포동 1124-1
2024-03-21,15:34:30,대기,덕천동 328
2024-03-21,17:00:30,비부과,구포동 1279
2024-03-21,17:14:25,대기,
2024-03-21,17:36:26,부과,구포동 1189
2024-03-21,18:06:29,부과,구포동 81-4
2024-03-21,18:30:27,비부과,화명동 192
2024-03-21,18:36:27,부과,구포동 1184-9
2024-03-21,19:00:27,부과,구포동 1060-316
2024-03-21,19:10:24,부과,구포동 1067-19
2024-03-21,19:42:15,대기,
2024-03-21,19:42:16,부과,만덕동 937
2024-03-21,20:20:28,부과,화명동 2070-9
2024-03-21,20:22:32,부과,덕천동 472
2024-03-21,20:56:21,부과,덕천동 472
2024-03-21,21:24:12,부과,구포동 584-25
2024-03-21,21:50:20,부과,화명동 2266-1
2024-03-21,22:10:30,부과,화명동 2257
2024-03-21,22:14:28,비부과,화명동 770
2024-03-21,22:22:20,부과,덕천동 460-2
2024-03-22,00:10:18,부과,구포동 1269-1
2024-03-22,07:10:21,비부과,덕천동 329
2024-03-22,07:54:20,부과,덕천동 552-1
2024-03-22,08:06:22,대기,
2024-03-22,08:28:22,부과,만덕동 899
2024-03-22,08:40:19,대기,
2024-03-22,08:54:44,대기,
2024-03-22,09:42:27,대기,화명동 산 194
2024-03-22,09:54:15,부과,덕천동 327
2024-03-22,10:16:25,부과,구포동 1296
2024-03-22,10:16:25,부과,구포동 263-9
2024-03-22,10:53:42,대기,구포동 1061-1
2024-03-22,11:08:27,부과,구포동 1060-316
2024-03-22,11:10:27,부과,구포동 1060-48
2024-03-22,11:32:25,부과,만덕동 670-1
2024-03-22,11:34:26,부과,만덕동 670-1
2024-03-22,11:34:26,부과,구포동 1289
2024-03-22,12:36:29,대기,금곡동 490-9
2024-03-22,12:48:24,부과,만덕동 904
2024-03-22,12:48:34,부과,만덕동 904
2024-03-22,12:50:21,부과,만덕동 904
2024-03-22,12:50:25,부과,만덕동 904
2024-03-22,12:50:25,부과,만덕동 904
2024-03-22,12:50:25,부과,만덕동 904
2024-03-22,12:58:19,부과,화명동 2257
2024-03-22,13:14:26,대기,
2024-03-22,13:14:27,대기,
2024-03-22,13:20:30,대기,금곡동 813
2024-03-22,13:38:20,부과,덕천동 384-12
2024-03-22,13:41:41,대기,
2024-03-22,13:48:25,대기,
2024-03-22,13:48:25,대기,
2024-03-22,14:14:16,부과,구포동 1060-51
2024-03-22,14:59:44,대기,
2024-03-22,15:12:21,부과,만덕동 955
2024-03-22,15:22:14,비부과,구포동 779-3
2024-03-22,15:28:17,부과,구포동 952-19
2024-03-22,15:28:27,부과,금곡동 56-1
2024-03-22,15:32:19,부과,구포동 1293
2024-03-22,15:34:30,부과,구포동 1189
2024-03-22,15:40:33,부과,덕천동 561-1
2024-03-22,16:34:33,대기,금곡동 70-16
2024-03-22,16:42:19,부과,구포동 1295
2024-03-22,17:02:18,부과,금곡동 108
2024-03-22,17:04:27,부과,금곡동 108
2024-03-22,17:08:21,부과,금곡동 121
2024-03-22,17:16:22,대기,
2024-03-22,18:17:37,대기,
2024-03-22,18:40:34,비부과,만덕동 935
2024-03-22,18:44:17,부과,구포동 1184-20
2024-03-22,18:58:22,부과,화명동 1374-1
2024-03-22,20:08:27,부과,구포동 451-5
2024-03-22,20:08:27,부과,구포동 451-6
2024-03-22,20:18:30,부과,만덕동 759-25
2024-03-22,20:26:24,비부과,만덕동 935
2024-03-22,20:42:19,부과,구포동 1279
2024-03-22,20:56:24,부과,만덕동 904
2024-03-22,20:58:24,부과,만덕동 904
2024-03-22,20:58:24,부과,만덕동 904
2024-03-22,21:00:16,부과,구포동 1060-512
2024-03-22,21:32:16,대기,화명신도시로 218
2024-03-22,21:48:21,비부과,만덕동 935
2024-03-22,23:06:20,부과,화명동 1430
2024-03-22,23:20:24,부과,구포동 1268
2024-03-22,23:26:30,부과,구포동 1278
2024-03-23,00:04:13,부과,구포동 1268
2024-03-23,00:06:23,부과,구포동 1206-17
2024-03-23,00:42:03,비부과,
2024-03-23,00:46:28,비부과,구포동 1282
2024-03-23,05:56:13,비부과,덕천동 472
2024-03-23,08:34:20,부과,구포동 295-12
2024-03-23,08:48:18,비부과,덕천동 456
2024-03-23,09:00:20,부과,구포동 1290
2024-03-23,09:12:30,비부과,화명동 539-4
2024-03-23,09:30:33,부과,화명동 745
2024-03-23,09:30:33,부과,구포동 1060-316
2024-03-23,09:32:26,비부과,덕천동 356-20
2024-03-23,09:32:27,부과,덕천동 462
2024-03-23,09:38:30,부과,구포동 430-10
2024-03-23,09:44:21,부과,구포동 1166-41
2024-03-23,09:46:24,부과,구포동 654-1
2024-03-23,09:48:30,부과,구포동 620-6
2024-03-23,09:54:14,비부과,만덕동 911-3
2024-03-23,10:14:19,부과,구포동 462-2
2024-03-23,10:14:30,부과,구포동 465-2
2024-03-23,10:16:21,부과,구포동 460-2
2024-03-23,10:20:21,부과,구포동 387-3
2024-03-23,10:30:26,대기,
2024-03-23,10:32:30,부과,구포동 1060-51
2024-03-23,10:44:31,부과,구포동 986-56
2024-03-23,12:38:03,대기,
2024-03-23,12:56:34,비부과,구포동 1060-495
2024-03-23,12:58:14,비부과,구포동 247-1
2024-03-23,13:12:20,비부과,화명동 2268-3
2024-03-23,13:18:32,부과,만덕동 904
2024-03-23,13:32:18,비부과,금곡동 1117
2024-03-23,14:06:27,부과,덕천동 462
2024-03-23,14:20:27,부과,화명동 2257
2024-03-23,14:24:28,부과,금곡동 123
2024-03-23,14:34:22,비부과,덕천동 462
2024-03-23,14:42:25,부과,화명동 2257
2024-03-23,14:54:19,부과,화명동 2280
2024-03-23,15:02:22,부과,구포동 604-2
2024-03-23,15:13:15,대기,
2024-03-23,15:14:27,부과,구포동 1269-1
2024-03-23,15:20:36,부과,구포동 1060-471
2024-03-23,15:26:22,비부과,화명동 2252
2024-03-23,15:34:24,비부과,화명동 2257
2024-03-23,15:36:25,비부과,화명동 745
2024-03-23,15:38:27,부과,덕천동 472
2024-03-23,15:38:28,비부과,화명동 732
2024-03-23,15:52:30,부과,덕천동 467-2
2024-03-23,15:54:21,부과,구포동 779-3
2024-03-23,15:56:32,부과,구포동 779-3
2024-03-23,16:20:30,부과,구포동 1060-512
2024-03-23,16:28:33,대기,
2024-03-23,17:24:41,비부과,만덕동 911-3
2024-03-23,17:30:14,비부과,화명동 2257
2024-03-23,17:30:25,대기,화명동 2274-1
2024-03-23,17:32:26,대기,화명동 2274-1
2024-03-23,17:38:37,부과,덕천동 401-15
2024-03-23,17:50:40,부과,덕천동 401-15
2024-03-23,17:58:36,부과,덕천동 415-14
2024-03-23,18:00:25,부과,덕천동 415-14
2024-03-23,18:00:25,부과,덕천동 415-14
2024-03-23,18:10:21,대기,구포동 1060-316
2024-03-23,18:34:17,대기,
2024-03-23,18:38:28,부과,만덕동 848-1
2024-03-23,18:40:29,부과,구포동 1296
2024-03-23,19:00:26,비부과,화명동 1430
2024-03-23,19:52:30,대기,
2024-03-23,20:00:27,부과,화명동 2257
2024-03-23,20:02:16,부과,화명동 2257
2024-03-23,20:10:31,부과,만덕동 904
2024-03-23,20:12:20,부과,구포동 915-41
2024-03-23,20:12:20,부과,만덕동 904
2024-03-23,20:12:21,부과,만덕동 904
2024-03-23,20:14:21,부과,만덕동 904
2024-03-23,20:16:22,비부과,구포동 1060-316
2024-03-23,20:32:18,부과,만덕동 904
2024-03-23,20:50:34,비부과,덕천동 469
2024-03-23,21:04:21,비부과,화명동 2281
2024-03-23,21:08:21,비부과,화명동 1955-20
2024-03-23,22:22:17,부과,만덕동 933
2024-03-23,22:32:19,대기,만덕동 924
2024-03-23,23:10:20,대기,화명동 1955-20
2024-03-24,00:18:20,비부과,구포동 923-119
2024-03-24,00:22:21,부과,구포동 1268
2024-03-24,00:56:19,비부과,덕천동 350-2
2024-03-24,01:22:30,부과,덕천동 467-2
2024-03-24,02:02:18,비부과,덕천동 350-2
2024-03-24,02:08:24,비부과,덕천동 350-2
2024-03-24,06:22:27,부과,만덕동 839-1
2024-03-24,09:02:20,부과,만덕동 962
2024-03-24,10:20:23,부과,만덕동 904
2024-03-24,10:20:24,부과,만덕동 904
2024-03-24,10:20:24,부과,만덕동 847-4
2024-03-24,10:24:14,부과,구포동 459-2
2024-03-24,10:26:25,부과,구포동 461-1
2024-03-24,10:42:24,부과,구포동 410-7
2024-03-24,10:50:22,부과,구포동 1060-6
2024-03-24,10:50:32,비부과,화명동 2257
2024-03-24,11:36:27,부과,구포동 604-2
2024-03-24,12:26:27,비부과,구포동 1049-8
2024-03-24,12:58:29,비부과,구포동 923-81
2024-03-24,13:14:26,부과,구포동 603-18
2024-03-24,13:16:17,비부과,구포동 923-92
2024-03-24,13:42:28,부과,화명동 2273
2024-03-24,13:42:33,부과,화명동 2273
2024-03-24,13:44:18,부과,화명동 2273
2024-03-24,13:44:27,부과,화명동 2273
2024-03-24,13:48:18,부과,화명동 2273
2024-03-24,13:56:21,대기,
2024-03-24,13:56:21,대기,
2024-03-24,14:02:24,대기,
2024-03-24,14:28:22,부과,구포동 1205-27
2024-03-24,14:32:23,대기,화명동 944-3
2024-03-24,14:52:21,부과,구포동 1060-68
2024-03-24,15:30:24,비부과,구포동 1060-51
2024-03-24,15:34:34,부과,구포동 1269
2024-03-24,15:36:35,부과,만덕동 904
2024-03-24,15:38:25,부과,만덕동 904
2024-03-24,15:38:26,부과,만덕동 904
2024-03-24,15:40:36,부과,만덕동 904
2024-03-24,15:40:37,부과,만덕동 904
2024-03-24,15:40:37,부과,만덕동 904
2024-03-24,15:42:18,대기,금곡동 1895
2024-03-24,15:54:32,대기,
2024-03-24,16:24:38,부과,화명동 896-3
2024-03-24,16:34:18,부과,구포동 897-21
2024-03-24,17:24:27,부과,만덕동 904
2024-03-24,17:54:17,부과,만덕동 904
2024-03-24,18:00:24,부과,화명동 745
2024-03-24,18:26:21,부과,만덕동 904
2024-03-24,18:26:21,부과,만덕동 904
2024-03-24,18:28:21,부과,만덕동 904
2024-03-24,18:28:22,부과,만덕동 904
2024-03-24,18:44:15,비부과,구포동 314-1
2024-03-24,19:10:24,부과,만덕동 904
2024-03-24,19:16:26,부과,만덕동 935
2024-03-24,19:20:27,부과,덕천동 797
2024-03-24,19:24:18,부과,만덕동 904
2024-03-24,19:28:19,부과,덕천동 810
2024-03-24,19:48:15,부과,만덕동 904
2024-03-24,20:02:29,부과,만덕동 904
2024-03-24,20:02:30,부과,만덕동 904
2024-03-24,20:04:19,부과,만덕동 904
2024-03-24,20:06:20,대기,덕천동 471
2024-03-24,20:26:18,부과,만덕동 759-25
2024-03-24,21:14:24,비부과,만덕동 311-3
2024-03-24,22:02:16,부과,만덕동 904
2024-03-24,23:50:24,비부과,덕천동 383-1
2024-03-25,00:22:22,부과,구포동 1268
2024-03-25,00:26:24,비부과,구포동 1268
2024-03-25,00:40:15,비부과,화명동 2257
2024-03-25,03:04:24,부과,구포동 1137
2024-03-25,08:10:26,대기,
2024-03-25,08:32:26,부과,구포동 1268
2024-03-25,08:42:21,비부과,덕천동 350-2
2024-03-25,08:46:24,비부과,덕천동 350-2
2024-03-25,08:51:13,대기,구포동 710-3
2024-03-25,09:00:31,대기,만덕동 372-3
2024-03-25,09:08:24,부과,구포동 1124-13
2024-03-25,09:14:27,비부과,구포동 1124-13
2024-03-25,09:18:08,부과,금곡동 108
2024-03-25,09:19:09,비부과,
2024-03-25,09:22:31,비부과,구포동 1189
2024-03-25,09:24:27,부과,덕천동 472
2024-03-25,09:27:02,대기,
2024-03-25,09:28:33,대기,
2024-03-25,09:50:27,부과,덕천동 315-12
2024-03-25,10:10:54,대기,
2024-03-25,10:24:46,대기,덕천동 357-12
2024-03-25,11:44:15,부과,구포동 896-23
2024-03-25,11:46:33,비부과,화명동 745
2024-03-25,11:48:18,비부과,덕천동 384-12
2024-03-25,12:00:31,비부과,구포동 1060-20
2024-03-25,12:08:13,비부과,구포동 1259-34
2024-03-25,12:14:16,부과,구포동 1124-13
2024-03-25,12:16:28,부과,화명동 2257
2024-03-25,12:48:27,부과,화명동 1229
2024-03-25,12:50:30,부과,화명동 1229
2024-03-25,12:52:21,부과,화명동 1229
2024-03-25,12:52:21,부과,구포동 1189
2024-03-25,13:24:35,비부과,구포동 1290
2024-03-25,13:42:01,대기,
2024-03-25,13:48:27,비부과,구포동 1261-25
2024-03-25,13:48:27,부과,화명동 752
2024-03-25,13:52:27,비부과,구포동 915-3
2024-03-25,13:52:27,부과,화명동 745
2024-03-25,14:20:24,부과,만덕동 686-8
2024-03-25,14:26:18,부과,만덕동 607-1
2024-03-25,14:30:16,대기,
2024-03-25,17:32:20,부과,화명동 189
2024-03-25,17:36:21,부과,만덕동 846-4
2024-03-25,18:50:27,대기,
2024-03-25,18:50:37,부과,화명동 2257
2024-03-25,19:02:31,대기,화명동 1718-7
2024-03-25,19:22:18,비부과,구포동 1271
2024-03-25,19:34:32,대기,화명동 2257
2024-03-25,19:36:33,부과,덕천동 462
2024-03-25,19:44:27,부과,구포동 1160
2024-03-25,19:46:27,부과,구포동 451-1
2024-03-25,20:20:25,비부과,만덕동 831-15
2024-03-25,21:20:24,부과,화명동 1261-4
2024-03-25,21:26:33,부과,구포동 527-1
2024-03-25,21:48:18,부과,금곡동 54-1
2024-03-25,22:04:12,부과,만덕동 904
2024-03-25,23:42:22,부과,덕천동 561-1
2024-03-26,02:14:13,부과,화명동 2257
2024-03-26,06:04:20,부과,만덕동 962
2024-03-26,07:16:20,부과,구포동 1284
2024-03-26,07:48:33,부과,만덕동 302-1
2024-03-26,07:58:09,비부과,구포동 1076-1
2024-03-26,08:56:07,대기,
2024-03-26,09:56:33,대기,
2024-03-26,10:30:21,비부과,만덕동 838-1
2024-03-26,10:46:17,부과,구포동 1060-50
2024-03-26,10:58:34,비부과,덕천동 462
2024-03-26,11:01:45,대기,
2024-03-26,11:02:18,부과,구포동 1184-9
2024-03-26,11:26:27,부과,덕천동 384-12
2024-03-26,11:32:19,부과,구포동 1124-1
2024-03-26,11:38:38,부과,구포동 263-9
2024-03-26,12:06:22,부과,덕천동 327
2024-03-26,12:10:12,부과,덕천동 460-2
2024-03-26,12:28:18,부과,구포동 1154-8
2024-03-26,12:37:45,대기,
2024-03-26,13:10:30,대기,덕천동 462
2024-03-26,13:30:33,비부과,화명동 2257
2024-03-26,13:44:38,부과,덕천동 462
2024-03-26,14:11:10,대기,
2024-03-26,14:34:30,부과,덕천동 462
2024-03-26,14:42:30,비부과,덕천동 462
2024-03-26,15:10:27,대기,
2024-03-26,15:26:21,부과,구포동 883
2024-03-26,15:30:22,부과,구포동 1293
2024-03-26,16:00:27,부과,덕천동 322-32
2024-03-26,16:08:20,대기,만덕동 878
2024-03-26,16:14:23,부과,만덕동 904
2024-03-26,16:46:45,대기,금곡동 96-1
2024-03-26,17:12:21,부과,구포동 452-1
2024-03-26,17:14:11,부과,구포동 451-1
2024-03-26,17:14:49,부과,구포동 1280
2024-03-26,17:18:12,부과,구포동 1049-8
2024-03-26,17:46:36,비부과,
2024-03-26,17:50:30,부과,만덕동 823-23
2024-03-26,17:54:29,부과,만덕동 823-23
2024-03-26,18:16:19,부과,만덕동 904
2024-03-26,18:18:19,부과,구포동 1258-1
2024-03-26,18:54:15,비부과,금곡동 1117
2024-03-26,19:10:30,부과,만덕동 904
2024-03-26,19:32:19,비부과,만덕동 783-1
2024-03-26,19:32:19,대기,화명동 2267-1
2024-03-26,20:02:24,부과,덕천동 472
2024-03-26,20:04:24,부과,만덕동 302-5
2024-03-26,20:20:20,부과,만덕동 904
2024-03-26,20:38:33,비부과,화명동 186
2024-03-26,20:42:18,비부과,구포동 972
2024-03-26,21:00:23,부과,만덕동 904
2024-03-26,21:12:21,대기,
2024-03-26,21:36:17,부과,구포동 972
2024-03-26,21:36:17,부과,만덕동 783-14
2024-03-26,21:38:17,부과,구포동 972
2024-03-26,21:38:30,부과,구포동 972
2024-03-26,21:40:17,부과,구포동 972
2024-03-26,21:40:28,부과,구포동 972
2024-03-26,21:40:28,부과,구포동 972
2024-03-26,21:40:28,부과,구포동 959-1
2024-03-26,21:44:18,대기,화명동 941-1
2024-03-26,22:08:27,대기,
2024-03-26,22:14:29,부과,구포동 972
2024-03-26,22:14:29,부과,구포동 972
2024-03-26,22:46:19,부과,구포동 982-27
2024-03-26,22:46:20,부과,구포동 982-27
2024-03-26,22:46:20,부과,구포동 982-27
2024-03-26,22:46:20,부과,구포동 982-27
2024-03-26,22:58:24,부과,화명동 2184-6
2024-03-26,23:06:40,부과,화명동 2273
2024-03-26,23:08:17,부과,화명동 2273
2024-03-26,23:08:27,부과,화명동 2273
2024-03-26,23:10:17,부과,화명동 2273
2024-03-27,00:30:30,부과,구포동 1060-471
2024-03-27,06:34:13,부과,덕천동 472
2024-03-27,07:02:29,부과,구포동 1287
2024-03-27,08:04:23,비부과,구포동 1076-1
2024-03-27,08:32:17,대기,
2024-03-27,08:34:28,비부과,만덕동 905
2024-03-27,09:04:47,비부과,화명동 1170-18
2024-03-27,09:18:21,부과,금곡동 1881
2024-03-27,10:09:05,대기,
2024-03-27,10:56:45,대기,화명동 941-1
2024-03-27,11:10:39,부과,구포동 1060-512
2024-03-27,12:10:32,비부과,금곡동 812-8
2024-03-27,12:42:27,비부과,만덕동 904
2024-03-27,13:12:38,비부과,구포동 923-119
2024-03-27,13:14:29,대기,구포동 923-119
2024-03-27,14:16:18,비부과,화명동 2257
2024-03-27,14:20:27,부과,구포동 1124-13
2024-03-27,14:24:20,대기,구포동 195
2024-03-27,14:26:10,비부과,금곡동 1874-3
2024-03-27,14:38:26,비부과,구포동 119-8
2024-03-27,14:48:19,비부과,덕천동 462
2024-03-27,15:22:26,대기,
2024-03-27,15:24:16,대기,
2024-03-27,15:36:25,부과,덕천동 336-3
2024-03-27,15:39:14,대기,
2024-03-27,16:50:31,부과,화명동 2257
2024-03-27,17:04:24,비부과,화명동 2257
2024-03-27,17:18:24,부과,구포동 1189
2024-03-27,17:48:26,대기,
2024-03-27,18:28:23,대기,
2024-03-27,19:12:20,부과,구포동 1280
2024-03-27,19:54:24,부과,구포동 1231
2024-03-27,20:09:03,대기,
2024-03-27,20:30:37,부과,만덕동 904
2024-03-27,20:32:17,부과,만덕동 904
2024-03-27,20:32:28,부과,만덕동 904
2024-03-27,20:32:28,부과,만덕동 904
2024-03-27,20:34:20,부과,만덕동 904
2024-03-27,21:16:21,부과,덕천동 462
2024-03-27,21:26:26,부과,화명동 1230-3
2024-03-27,21:56:16,부과,금곡동 103
2024-03-27,22:20:23,부과,구포동 1206-1
2024-03-27,23:50:22,부과,화명동 2274-4
2024-03-27,23:52:22,비부과,화명동 745
2024-03-27,23:52:30,부과,화명동 2274-4
2024-03-28,05:36:17,부과,화명동 944-3
2024-03-28,06:28:13,부과,구포동 602-41
2024-03-28,07:10:21,부과,구포동 918-5
2024-03-28,07:58:22,부과,덕천동 561-1
2024-03-28,08:28:28,대기,
2024-03-28,09:01:39,대기,화명동 2257
2024-03-28,09:34:39,대기,덕천동 456-1
2024-03-28,09:43:27,대기,
2024-03-28,10:56:24,부과,구포동 1273
2024-03-28,11:10:00,대기,
2024-03-28,11:10:39,부과,화명동 1430
2024-03-28,11:24:24,대기,
2024-03-28,11:30:27,부과,화명동 745
2024-03-28,11:32:33,부과,화명동 745
2024-03-28,11:38:19,부과,구포동 451-1
2024-03-28,12:26:27,부과,화명동 1229
2024-03-28,12:28:18,부과,화명동 1229
2024-03-28,12:32:28,부과,화명동 1229
2024-03-28,13:04:39,대기,진장동 287-1
2024-03-28,13:04:39,대기,진장동 287-1
2024-03-28,13:08:24,부과,만덕동 783-21
2024-03-28,13:10:24,비부과,만덕동 783-21
2024-03-28,13:36:15,비부과,구포동 603-14
2024-03-28,13:44:28,비부과,화명동 1229
2024-03-28,13:46:30,비부과,화명동 1229
2024-03-28,14:04:36,부과,만덕동 904
2024-03-28,14:12:29,부과,구포동 1273
2024-03-28,14:24:25,대기,
2024-03-28,14:56:33,부과,덕천동 250-3
2024-03-28,14:59:33,대기,만덕동 동원공영주차장 관련 민원을 접수 하였음에도 시정이 되지 않아 글 남깁니다
2024-03-28,15:12:24,부과,화명동 1229
2024-03-28,15:16:36,부과,덕천동 462
2024-03-28,15:46:12,부과,구포동 452-1
2024-03-28,15:48:24,비부과,구포동 452-1
2024-03-28,15:50:24,부과,구포동 451-1
2024-03-28,17:24:25,대기,
2024-03-28,17:32:29,비부과,만덕동 268-1
2024-03-28,17:34:30,부과,구포동 1124-1
2024-03-28,18:36:26,부과,금곡동 108
2024-03-28,18:42:18,부과,만덕동 904
2024-03-28,18:42:18,부과,만덕동 904
2024-03-28,18:42:18,부과,만덕동 904
2024-03-28,18:44:21,부과,만덕동 904
2024-03-28,18:46:31,비부과,덕천동 333-9
2024-03-28,18:56:24,비부과,만덕동 831-15
2024-03-28,19:14:32,부과,만덕동 904
2024-03-28,19:46:25,부과,만덕동 904
2024-03-28,19:52:47,부과,만덕동 904
2024-03-28,20:28:28,부과,화명동 2277-2
2024-03-28,20:48:15,비부과,구포동 897-21
2024-03-28,20:50:27,부과,덕천동 462
2024-03-28,21:32:24,부과,만덕동 839-1
2024-03-28,21:50:34,부과,화명동 2257
2024-03-28,21:50:35,부과,화명동 2257
2024-03-28,22:16:24,부과,화명동 2257
2024-03-28,22:16:25,비부과,화명동 2257
2024-03-28,22:50:15,비부과,만덕동 840-2
2024-03-28,23:10:21,비부과,구포동 935-2
2024-03-28,23:46:13,부과,화명동 2257
2024-03-29,08:22:30,부과,구포동 896-23
2024-03-29,10:18:30,부과,구포동 546-2
2024-03-29,10:26:21,비부과,구포동 1160
2024-03-29,10:28:22,비부과,구포동 548-1
2024-03-29,10:28:22,부과,화명동 2342
2024-03-29,10:28:23,대기,
2024-03-29,10:32:23,비부과,구포동 548-1
2024-03-29,10:32:24,비부과,구포동 548-1
2024-03-29,10:44:30,부과,만덕동 607-1
2024-03-29,11:30:27,비부과,화명동 1170-18
2024-03-29,11:30:27,부과,덕천동 380-1
2024-03-29,12:02:30,부과,덕천동 756
2024-03-29,12:32:19,비부과,덕천동 329
2024-03-29,12:50:16,부과,덕천동 412-19
2024-03-29,12:52:28,부과,덕천동 462
2024-03-29,13:02:27,비부과,덕천동 462
2024-03-29,14:00:18,비부과,덕천동 414-5
2024-03-29,14:11:53,대기,
2024-03-29,14:33:12,대기,구포동 127-1
2024-03-29,15:06:15,부과,화명동 2337
2024-03-29,15:06:15,부과,덕천동 412-21
2024-03-29,15:18:20,대기,
2024-03-29,15:56:36,부과,금곡동 109
2024-03-29,16:08:31,부과,금곡동 102
2024-03-29,16:22:17,부과,구포동 1269-1
2024-03-29,17:24:41,부과,덕천동 464-21
2024-03-29,17:35:45,대기,
2024-03-29,18:04:27,부과,구포동 451-6
2024-03-29,18:04:28,부과,구포동 452-1
2024-03-29,18:15:03,대기,
2024-03-29,18:46:24,부과,덕천동 325-5
2024-03-29,19:24:24,비부과,구포동 1206-17
2024-03-29,20:02:28,부과,화명동 1375-1
2024-03-29,20:10:20,비부과,금곡동 1117
2024-03-29,20:22:34,부과,만덕동 937
2024-03-29,20:28:26,비부과,화명동 2257
2024-03-29,20:30:16,비부과,화명동 2307
2024-03-29,21:16:22,비부과,화명동 745
2024-03-29,21:42:51,부과,구포동 1206-37
2024-03-29,22:10:25,부과,화명동 1222-2
2024-03-29,22:22:25,부과,화명동 1261-4
2024-03-29,22:32:22,비부과,화명동 1955-20
2024-03-29,22:36:20,비부과,화명동 1955-20
2024-03-29,22:36:21,부과,구포동 1091-5
2024-03-29,22:38:21,부과,구포동 1091-5
2024-03-29,22:40:32,부과,구포동 1091-5
2024-03-29,22:40:32,부과,화명동 2257
2024-03-29,22:40:32,비부과,구포동 1174
2024-03-29,22:40:32,부과,덕천동 390-11
2024-03-29,22:42:23,대기,화명동 1170-1
2024-03-29,22:42:23,부과,화명동 961-2
2024-03-29,22:42:24,부과,화명동 2257
2024-03-29,22:46:13,부과,화명동 2184-6
2024-03-29,22:46:14,부과,화명동 962-6
2024-03-29,22:46:24,비부과,화명동 1955-20
2024-03-29,22:54:28,비부과,화명동 2257
2024-03-30,00:12:20,부과,구포동 1268
2024-03-30,00:30:32,부과,구포동 451-6
2024-03-30,00:40:14,부과,만덕동 736-24
2024-03-30,00:40:14,비부과,구포동 548-1
2024-03-30,00:42:14,비부과,구포동 549-2
2024-03-30,00:42:15,비부과,구포동 549-2
2024-03-30,00:44:25,비부과,구포동 1160
2024-03-30,01:08:11,부과,구포동 1060-466
2024-03-30,01:16:13,비부과,덕천동 398-3
2024-03-30,01:46:20,비부과,덕천동 357-12
2024-03-30,02:26:18,비부과,화명동 2257
2024-03-30,06:52:15,대기,화명동 745
2024-03-30,07:36:12,대기,
2024-03-30,08:18:21,부과,구포동 1154-20
2024-03-30,08:26:23,대기,화명동 2257
2024-03-30,08:32:15,부과,덕천동 317-17
2024-03-30,08:56:24,부과,만덕동 823-23
2024-03-30,09:08:22,부과,화명동 741-4
2024-03-30,09:26:17,부과,구포동 381-1
2024-03-30,09:28:28,대기,화명동 2289
2024-03-30,09:30:18,부과,구포동 413-55
2024-03-30,09:34:19,대기,
2024-03-30,09:36:19,비부과,화명동 1170-18
2024-03-30,09:38:36,부과,화명동 1170-18
2024-03-30,09:40:21,부과,화명동 1170-18
2024-03-30,09:54:25,부과,구포동 455
2024-03-30,09:58:16,부과,덕천동 327
2024-03-30,10:08:29,부과,구포동 1277
2024-03-30,10:26:26,부과,구포동 1160
2024-03-30,10:34:29,부과,구포동 729-2
2024-03-30,10:44:24,부과,덕천동 797
2024-03-30,11:04:20,부과,만덕동 598-6
2024-03-30,11:06:21,부과,덕천동 464-19
2024-03-30,12:08:24,대기,
2024-03-30,12:46:28,부과,화명동 2257
2024-03-30,13:12:28,비부과,구포동 148
2024-03-30,13:40:24,대기,
2024-03-30,13:44:18,비부과,금곡동 1874-1
2024-03-30,13:56:33,부과,만덕동 384-3
2024-03-30,14:02:24,부과,만덕동 898
2024-03-30,14:08:17,비부과,구포동 602-42
2024-03-30,14:12:19,부과,만덕동 112-2
2024-03-30,14:18:21,부과,만덕동 903
2024-03-30,14:24:32,부과,만덕동 311-3
2024-03-30,14:28:14,비부과,구포동 602-30
2024-03-30,15:23:48,비부과,구포동 451-1
2024-03-30,15:30:30,부과,구포동 522-3
2024-03-30,15:34:21,부과,구포동 957-23
2024-03-30,15:48:27,부과,구포동 451-1
2024-03-30,15:48:28,부과,구포동 451-6
2024-03-30,16:16:33,부과,만덕동 302-1
2024-03-30,16:38:24,대기,
2024-03-30,16:44:27,대기,금곡동 1881
2024-03-30,17:04:18,비부과,구포동 609-7
2024-03-30,17:18:22,부과,구포동 1060-316
2024-03-30,17:18:23,부과,구포동 1060-316
2024-03-30,17:18:23,부과,구포동 247-1
2024-03-30,17:18:24,대기,구포동 1060-50
2024-03-30,17:26:26,부과,구포동 1172
2024-03-30,17:28:27,대기,
2024-03-30,18:02:20,부과,화명동 740-3
2024-03-30,18:04:22,부과,구포동 81-20
2024-03-30,18:08:22,부과,구포동 1124-1
2024-03-30,18:28:31,부과,덕천동 561-1
2024-03-30,19:04:15,부과,구포동 1271
2024-03-30,19:40:26,대기,덕천동 327
2024-03-30,20:04:25,부과,만덕동 904
2024-03-30,20:14:18,대기,
2024-03-30,20:14:19,부과,만덕동 904
2024-03-30,20:14:19,부과,만덕동 904
2024-03-30,20:16:19,부과,만덕동 904
2024-03-30,20:38:28,부과,만덕동 898
2024-03-30,21:06:27,대기,화명동 733
2024-03-30,21:30:23,부과,금곡동 521-9
2024-03-30,21:32:13,부과,금곡동 1907
2024-03-30,21:36:13,부과,구포동 1061-3
2024-03-30,21:44:27,대기,구포동 783-28
2024-03-30,21:44:27,부과,구포동 1067-8
2024-03-30,21:52:38,부과,구포동 1063-2
2024-03-30,22:34:24,부과,화명동 2277-7
2024-03-30,22:48:27,비부과,구포동 882-23
2024-03-30,23:12:16,비부과,만덕동 295-31
2024-03-30,23:32:27,비부과,덕천동 390-29
2024-03-30,23:34:23,부과,만덕동 848-1
2024-03-31,01:44:12,부과,구포동 1282
2024-03-31,06:14:20,부과,덕천동 406
2024-03-31,07:08:17,비부과,만덕동 851-26
2024-03-31,08:44:16,부과,화명동 745
2024-03-31,08:54:57,대기,
2024-03-31,09:11:59,대기,
2024-03-31,09:20:25,부과,덕천동 356-5
2024-03-31,09:25:10,비부과,덕천동 356-5
2024-03-31,09:25:10,부과,덕천동 356-5
2024-03-31,10:16:22,부과,구포동 263-8
2024-03-31,10:18:23,부과,덕천동 462
2024-03-31,11:04:19,부과,구포동 1067-15
2024-03-31,11:08:24,부과,금곡동 1117
2024-03-31,11:10:21,부과,구포동 1060-316
2024-03-31,11:18:25,부과,구포동 411-3
2024-03-31,11:22:25,부과,구포동 430-19
2024-03-31,11:22:28,부과,금곡동 1885
2024-03-31,11:36:12,부과,금곡동 1241
2024-03-31,11:50:27,비부과,덕천동 427-29
2024-03-31,12:16:19,비부과,덕천동 401-15
2024-03-31,12:16:29,비부과,덕천동 402-8
2024-03-31,12:56:25,비부과,덕천동 350-2
2024-03-31,13:34:24,대기,덕천동 472
2024-03-31,13:50:18,부과,만덕동 844-13
2024-03-31,14:04:33,부과,구포동 1277
2024-03-31,14:04:33,부과,구포동 1278
2024-03-31,14:08:25,비부과,덕천동 467-2
2024-03-31,14:32:21,부과,만덕동 903
2024-03-31,14:36:16,부과,구포동 452-1
2024-03-31,14:36:26,부과,구포동 451-6
2024-03-31,14:38:21,부과,구포동 596-13
2024-03-31,14:38:27,부과,구포동 156-11
2024-03-31,15:04:27,부과,만덕동 686-7
2024-03-31,15:04:38,비부과,만덕동 934
2024-03-31,15:48:29,부과,덕천동 462
2024-03-31,15:50:26,부과,덕천동 462
2024-03-31,15:56:31,부과,구포동 1060-316
2024-03-31,16:00:19,부과,구포동 1060-316
2024-03-31,16:05:01,대기,구포동 609-7
2024-03-31,16:05:01,비부과,덕천동 462
2024-03-31,16:06:22,비부과,구포동 609-7
2024-03-31,16:28:29,부과,구포동 1060-50
2024-03-31,16:38:24,비부과,덕천동 472
2024-03-31,16:50:39,부과,덕천동 322-29
2024-03-31,17:34:27,부과,구포동 1268
2024-03-31,18:16:12,부과,구포동 1060-52
2024-03-31,18:58:16,비부과,덕천동 139-3
2024-03-31,19:30:29,부과,화명동 2257
2024-03-31,19:30:29,비부과,화명동 2257
2024-03-31,19:30:29,부과,화명동 2257
2024-03-31,19:32:19,부과,화명동 2257
2024-03-31,19:36:22,부과,화명동 2257
2024-03-31,20:01:09,대기,
2024-03-31,20:28:28,부과,만덕동 904
2024-03-31,20:28:29,부과,만덕동 904
2024-03-31,20:30:30,부과,만덕동 904
2024-03-31,20:30:30,부과,만덕동 904
2024-03-31,20:30:30,부과,만덕동 904
2024-03-31,20:30:30,부과,만덕동 904
2024-03-31,20:30:31,부과,만덕동 904
2024-03-31,20:30:31,부과,금곡동 55-1
2024-03-31,20:30:31,부과,만덕동 904
2024-03-31,20:32:30,부과,금곡동 121
2024-03-31,21:03:58,비부과,덕천동 402-13
2024-03-31,21:12:23,대기,
2024-03-31,21:16:24,대기,덕천동 403-2
2024-03-31,21:26:20,비부과,화명동 2277-5
2024-03-31,21:28:18,대기,구포동 717-5
2024-03-31,21:52:24,부과,화명동 2257
2024-03-31,22:16:32,비부과,화명동 2257
2024-03-31,22:40:18,부과,화명동 2257
2024-03-31,23:24:10,대기,
2024-03-31,23:32:18,부과,구포동 1282
2024-04-01,01:58:18,대기,만덕동 922-2
2024-04-01,06:36:25,부과,화명동 2269-3
2024-04-01,06:56:24,대기,만덕동 597-4
2024-04-01,07:02:21,부과,구포동 1243-9
2024-04-01,07:08:21,대기,만덕동 962
2024-04-01,08:32:24,비부과,구포동 1063-2
2024-04-01,08:54:32,대기,
2024-04-01,09:52:30,비부과,금곡동 1117
2024-04-01,09:55:11,대기,화명동 2257
2024-04-01,10:05:36,대기,
2024-04-01,10:10:29,부과,화명동 1229
2024-04-01,10:13:00,대기,
2024-04-01,10:38:24,비부과,구포동 1189
2024-04-01,10:56:34,부과,덕천동 472
2024-04-01,11:38:23,대기,
2024-04-01,11:40:34,부과,구포동 1153
2024-04-01,12:20:29,부과,덕천동 462
2024-04-01,12:32:14,부과,만덕동 825-20
2024-04-01,12:44:30,부과,화명동 699-1
2024-04-01,13:36:24,대기,만덕동 142
2024-04-01,14:03:23,대기,
2024-04-01,14:03:23,대기,
2024-04-01,14:03:23,대기,덕천동 250-3
2024-04-01,14:03:23,대기,구포동 923-119
2024-04-01,14:08:15,부과,구포동 1189
2024-04-01,14:14:24,대기,만덕동 955
2024-04-01,14:22:24,비부과,구포동 1124-13
2024-04-01,14:32:18,대기,산격동 829-1
2024-04-01,14:36:50,비부과,화명동 2257
2024-04-01,14:44:15,대기,구포동 1189
2024-04-01,14:51:57,대기,운전자입니다.
2024-04-01,15:32:24,부과,화명동 2257
2024-04-01,16:06:31,부과,덕천동 466
2024-04-01,17:27:37,대기,
2024-04-01,17:35:42,대기,
2024-04-01,17:36:22,부과,화명동 1718-3
2024-04-01,17:48:32,부과,구포동 1189
2024-04-01,18:02:30,비부과,화명동 1718-7
2024-04-01,18:08:27,비부과,화명동 2257
2024-04-01,18:36:21,부과,구포동 1278
2024-04-01,18:46:21,부과,구포동 1160
2024-04-01,18:46:26,부과,구포동 1049-8
2024-04-01,19:00:28,대기,
2024-04-01,19:32:19,부과,덕천동 561-1
2024-04-01,19:38:21,부과,만덕동 955
2024-04-01,19:58:20,부과,만덕동 729-1
2024-04-01,19:58:21,비부과,화명동 2280
2024-04-01,20:04:23,부과,만덕동 675-2
2024-04-01,20:06:30,부과,화명동 2257
2024-04-01,20:06:33,부과,구포동 584-25
2024-04-01,20:20:27,부과,화명동 189
2024-04-01,20:38:24,부과,만덕동 900
2024-04-01,21:06:24,부과,덕천동 330-1
2024-04-01,21:08:25,부과,덕천동 381-16
2024-04-01,21:24:18,부과,덕천동 561-1
2024-04-01,21:34:22,비부과,화명동 732
2024-04-01,22:04:21,비부과,화명동 2280
2024-04-01,22:35:59,대기,수고가 많으십니다
2024-04-01,22:42:42,대기,
2024-04-01,22:42:43,대기,수고가 많으십니다
2024-04-01,23:04:21,비부과,덕천동 390-5
2024-04-01,23:18:24,비부과,덕천동 399-7
2024-04-02,00:26:22,대기,만덕동 960
2024-04-02,00:40:19,대기,덕천동 398-13
2024-04-02,01:26:20,부과,덕천동 561-1
2024-04-02,01:28:22,대기,
2024-04-02,01:30:22,대기,
2024-04-02,04:46:18,비부과,구포동 1268
2024-04-02,07:16:18,대기,덕천동 601
2024-04-02,09:12:14,부과,구포동 1278
2024-04-02,09:30:24,대기,화명동 1430
2024-04-02,09:36:26,대기,화명동 1430
2024-04-02,09:54:25,부과,금곡동 123
2024-04-02,10:38:14,부과,화명동 1430
2024-04-02,11:06:37,대기,
2024-04-02,12:08:26,대기,금곡동 102-1
2024-04-02,12:18:18,비부과,만덕동 903
2024-04-02,12:26:22,비부과,덕천동 462
2024-04-02,13:08:41,대기,
2024-04-02,13:22:17,대기,화명동 1170-1
2024-04-02,13:42:27,부과,구포동 1259-34
2024-04-02,13:42:27,대기,
2024-04-02,13:54:21,부과,구포동 1124-13
2024-04-02,13:54:21,대기,구포동 923-120
2024-04-02,13:56:22,비부과,만덕동 240-8
2024-04-02,13:58:24,부과,구포동 779-3
2024-04-02,14:04:36,부과,구포동 779-3
2024-04-02,14:14:22,부과,구포동 1184-4
2024-04-02,14:19:03,대기,자전거로 인해 잘 안보여요.
2024-04-02,14:19:48,비부과,
2024-04-02,14:20:35,대기,덕천동 462
2024-04-02,14:40:27,부과,화명동 2257
2024-04-02,14:49:45,대기,
2024-04-02,15:12:21,부과,구포동 779-3
2024-04-02,15:14:23,대기,덕천동 462
2024-04-02,15:20:31,부과,만덕동 598-6
2024-04-02,15:22:26,대기,화명동 192
2024-04-02,15:26:19,부과,금곡동 64-2
2024-04-02,15:38:24,대기,구포동 1278
2024-04-02,16:50:28,부과,덕천동 332-5
2024-04-02,17:02:24,대기,화명동 1150
2024-04-02,17:14:21,부과,구포동 1268
2024-04-02,17:20:13,대기,
2024-04-02,17:42:27,대기,
2024-04-02,17:48:19,부과,만덕동 935
2024-04-02,18:00:33,부과,구포동 1049-8
2024-04-02,18:12:20,부과,만덕동 607-1
2024-04-02,18:52:25,부과,구포동 1189
2024-04-02,18:56:27,부과,구포동 451-6
2024-04-02,19:38:12,비부과,만덕동 962
2024-04-02,19:46:27,부과,화명동 699-1
2024-04-02,19:48:26,부과,구포동 1280
2024-04-02,19:56:30,비부과,화명동 699-1
2024-04-02,20:16:27,부과,만덕동 729-1
2024-04-02,20:18:29,부과,만덕동 670-1
2024-04-02,21:40:20,부과,구포동 584-25
2024-04-02,22:28:29,비부과,만덕동 900
2024-04-02,22:30:30,부과,구포동 421-3
2024-04-02,22:44:15,비부과,만덕동 743-5
2024-04-03,00:14:21,부과,덕천동 472
2024-04-03,00:30:23,부과,화명동 699-1
2024-04-03,08:22:15,대기,
2024-04-03,08:34:15,대기,
2024-04-03,10:16:24,부과,덕천동 462
2024-04-03,10:50:21,부과,덕천동 472
2024-04-03,10:59:44,대기,
2024-04-03,11:08:29,부과,덕천동 315-51
2024-04-03,11:20:25,비부과,금곡동 1898
2024-04-03,11:32:32,대기,
2024-04-03,11:44:28,부과,만덕동 904
2024-04-03,11:58:14,비부과,만덕동 903
2024-04-03,12:04:37,비부과,만덕동 903
2024-04-03,12:19:42,대기,10시19분~21분
2024-04-03,12:41:10,대기,
2024-04-03,12:48:23,비부과,구포동 779-3
2024-04-03,12:53:14,대기,
2024-04-03,14:04:25,비부과,만덕동 927-1
2024-04-03,14:26:15,비부과,화명동 1170-1
2024-04-03,14:26:25,부과,만덕동 302-1
2024-04-03,14:30:37,부과,구포동 1124-1
2024-04-03,15:00:24,부과,구포동 1124-1
2024-04-03,15:42:23,비부과,만덕동 904
2024-04-03,15:54:39,부과,구포동 957-23
2024-04-03,16:02:22,부과,화명동 699-1
2024-04-03,16:40:22,부과,덕천동 378-9
2024-04-03,16:54:30,부과,덕천동 472
2024-04-03,18:00:31,부과,화명동 1179-14
2024-04-03,18:10:35,부과,구포동 452-1
2024-04-03,18:12:26,부과,구포동 1277
2024-04-03,18:12:26,부과,구포동 451-6
2024-04-03,18:34:25,대기,
2024-04-03,18:48:31,부과,금곡동 94-1
2024-04-03,18:48:31,부과,화명동 2314-4
2024-04-03,19:32:38,대기,화명동 1293-1
2024-04-03,19:34:29,비부과,덕천동 462
2024-04-03,20:06:31,부과,구포동 1189
2024-04-03,21:00:20,부과,만덕동 904
2024-04-03,21:00:21,부과,구포동 1189
2024-04-03,21:00:21,부과,만덕동 904
2024-04-03,21:00:21,부과,만덕동 904
2024-04-03,21:00:31,부과,만덕동 904
2024-04-03,21:00:31,부과,만덕동 904
2024-04-03,21:02:27,부과,만덕동 904
2024-04-03,21:04:27,대기,
2024-04-03,21:16:17,부과,구포동 1082-12
2024-04-03,23:08:16,비부과,만덕동 608-21
2024-04-03,23:46:31,부과,화명동 2257
2024-04-04,00:50:27,대기,구포동 982-4
2024-04-04,07:06:27,대기,
2024-04-04,08:28:34,대기,
2024-04-04,08:28:34,대기,
2024-04-04,08:28:34,대기,
2024-04-04,08:54:40,대기,
2024-04-04,09:40:31,부과,화명동 1430
2024-04-04,09:54:46,대기,
2024-04-04,10:02:37,비부과,금곡동 1117
2024-04-04,12:44:22,부과,만덕동 706-6
2024-04-04,12:48:23,비부과,덕천동 460-1
2024-04-04,13:46:21,부과,만덕동 904
2024-04-04,14:30:15,비부과,구포동 1109-8
2024-04-04,15:00:32,대기,
2024-04-04,15:10:19,대기,금곡동 1915
2024-04-04,15:18:36,비부과,구포동 1160
2024-04-04,15:38:19,부과,화명동 745
2024-04-04,15:41:01,대기,구포동 1091-5
2024-04-04,15:42:22,부과,화명동 1293-1
2024-04-04,15:44:23,대기,
2024-04-04,15:44:23,부과,화명동 745
2024-04-04,15:46:35,부과,덕천동 561-1
2024-04-04,15:58:33,부과,화명동 2257
2024-04-04,16:00:24,부과,화명동 2257
2024-04-04,16:16:36,부과,구포동 451-1
2024-04-04,16:20:48,대기,
2024-04-04,16:30:37,대기,화명동 산 208-2
2024-04-04,16:42:24,부과,만덕동 648-4
2024-04-04,16:44:24,대기,화명동 458-4
2024-04-04,16:44:25,부과,화명동 962-6
2024-04-04,17:50:30,대기,구포동 1124-1
2024-04-04,18:08:25,대기,구포동 1124-1
2024-04-04,18:10:25,부과,구포동 1195-10
2024-04-04,18:10:25,부과,구포동 1195-10
2024-04-04,18:12:27,대기,구포동 1124-1
2024-04-04,18:14:28,대기,구포동 1124-1
2024-04-04,18:14:28,부과,구포동 1160
2024-04-04,18:16:28,비부과,구포동 451-6
2024-04-04,18:50:24,부과,만덕동 937
2024-04-04,19:58:24,부과,만덕동 941-2
2024-04-04,20:04:20,부과,덕천동 462
2024-04-04,20:24:28,부과,구포동 1289
2024-04-04,20:24:31,부과,구포동 1289
2024-04-04,20:40:19,부과,화명동 699-1
2024-04-04,21:04:22,부과,만덕동 955-5
2024-04-04,21:28:30,부과,덕천동 462
2024-04-04,21:48:18,부과,만덕동 305-1
2024-04-04,21:48:19,부과,만덕동 904
2024-04-04,22:14:28,부과,덕천동 400-8
2024-04-04,22:52:21,부과,덕천동 462
2024-04-04,23:06:30,부과,구포동 982-32
2024-04-04,23:08:18,부과,구포동 982-32
2024-04-04,23:08:18,비부과,구포동 729-2
2024-04-04,23:24:25,부과,구포동 982-32
2024-04-04,23:28:27,부과,화명동 2273
2024-04-04,23:32:18,부과,화명동 2257
2024-04-04,23:34:18,부과,화명동 2273
2024-04-04,23:36:19,부과,화명동 2257
2024-04-04,23:52:15,부과,구포동 1285
2024-04-05,00:20:16,부과,덕천동 462
2024-04-05,00:54:27,부과,화명동 2277-4
2024-04-05,01:04:19,부과,구포동 1278
2024-04-05,01:32:09,비부과,덕천동 462
2024-04-05,07:04:17,부과,구포동 1243-9
2024-04-05,07:10:49,대기,
2024-04-05,09:34:30,부과,화명동 2257
2024-04-05,09:42:34,부과,화명동 745
2024-04-05,09:58:27,부과,화명동 745
2024-04-05,10:00:27,부과,화명동 1293-1
2024-04-05,10:00:27,부과,구포동 1189
2024-04-05,10:00:36,부과,화명동 1470-10
2024-04-05,10:10:43,부과,구포동 1076-2
2024-04-05,10:36:33,부과,만덕동 290-1
2024-04-05,10:37:39,대기,
2024-04-05,10:44:28,비부과,만덕동 323-7
2024-04-05,10:50:44,부과,만덕동 648-4
2024-04-05,10:50:45,부과,만덕동 658
2024-04-05,11:09:57,대기,
2024-04-05,11:10:28,부과,만덕동 783-54
2024-04-05,11:13:30,대기,구포동 1282
2024-04-05,11:14:20,대기,구포동 373
2024-04-05,11:14:33,대기,구포동 373
2024-04-05,13:06:32,대기,
2024-04-05,13:10:38,부과,덕천동 472
2024-04-05,13:58:20,부과,구포동 1189
2024-04-05,14:06:17,부과,구포동 564-1
2024-04-05,15:30:30,부과,화명동 941-1
2024-04-05,15:34:32,비부과,화명동 699-1
2024-04-05,15:40:39,비부과,화명동 2315-7
2024-04-05,16:08:25,부과,덕천동 814-4
2024-04-05,16:48:28,부과,만덕동 904
2024-04-05,17:04:35,부과,덕천동 561-1
2024-04-05,17:04:36,부과,덕천동 471
2024-04-05,17:06:19,부과,구포동 1049-8
2024-04-05,17:22:27,비부과,구포동 1282
2024-04-05,17:30:31,대기,
2024-04-05,17:54:28,부과,구포동 1267
2024-04-05,18:20:32,부과,만덕동 908-8
2024-04-05,18:50:27,비부과,화명동 1522-4
2024-04-05,19:22:33,부과,덕천동 472
2024-04-05,19:24:23,부과,구포동 1154-20
2024-04-05,19:40:30,대기,덕천동 464-21
2024-04-05,19:44:30,부과,구포동 451-6
2024-04-05,20:16:16,부과,구포동 1296
2024-04-05,20:20:18,비부과,구포동 959-1
2024-04-05,20:22:18,부과,구포동 972
2024-04-05,20:22:19,부과,구포동 972
2024-04-05,20:22:30,비부과,구포동 972
2024-04-05,20:48:24,부과,만덕동 823-23
2024-04-05,21:02:21,부과,덕천동 462
2024-04-05,21:16:27,비부과,화명동 186
2024-04-05,21:18:17,비부과,화명동 186
2024-04-05,21:20:18,비부과,화명동 186
2024-04-05,21:20:18,비부과,화명동 1293-1
2024-04-05,21:58:27,부과,화명동 2257
2024-04-05,22:00:25,부과,덕천동 597-4
2024-04-05,22:04:17,부과,화명동 1261-4
2024-04-05,22:04:28,부과,화명동 1261-4
2024-04-05,22:08:19,부과,화명동 1225-1
2024-04-05,22:16:28,부과,만덕동 904
2024-04-05,22:16:28,부과,만덕동 904
2024-04-05,22:16:28,부과,만덕동 904
2024-04-05,22:24:36,대기,
2024-04-05,22:26:17,부과,화명동 1293-1
2024-04-05,22:26:26,비부과,화명동 2266-2
2024-04-05,22:28:28,비부과,덕천동 400-14
2024-04-05,22:28:29,부과,화명동 1293-1
2024-04-05,22:34:21,비부과,만덕동 937
2024-04-05,22:38:22,부과,덕천동 343-1
2024-04-05,22:44:30,대기,
2024-04-05,23:20:26,대기,화명동 산 187
2024-04-06,00:30:19,비부과,덕천동 327
2024-04-06,00:48:28,부과,구포동 1269-1
2024-04-06,06:44:11,대기,화명동 752
2024-04-06,07:32:20,부과,덕천동 327
2024-04-06,07:52:26,부과,구포동 1243-9
2024-04-06,07:54:17,부과,구포동 1284
2024-04-06,07:56:18,부과,구포동 1287
2024-04-06,08:00:18,부과,덕천동 462
2024-04-06,08:00:18,부과,덕천동 462
2024-04-06,08:00:29,부과,덕천동 464-14
2024-04-06,08:04:19,부과,만덕동 904
2024-04-06,08:24:27,대기,
2024-04-06,09:12:22,비부과,덕천동 472
2024-04-06,09:18:24,대기,만덕동 794-3
2024-04-06,09:34:21,비부과,덕천동 471
2024-04-06,09:42:24,부과,구포동 1231
2024-04-06,09:46:15,부과,구포동 156-11
2024-04-06,09:54:28,부과,덕천동 327
2024-04-06,10:02:23,부과,구포동 983-1
2024-04-06,10:22:21,부과,만덕동 823-23
2024-04-06,10:24:22,부과,만덕동 823-23
2024-04-06,10:40:17,비부과,덕천동 416-4
2024-04-06,11:02:29,비부과,화명동 189
2024-04-06,11:06:21,비부과,화명동 189
2024-04-06,11:12:33,부과,구포동 1189
2024-04-06,11:18:33,부과,덕천동 327
2024-04-06,11:24:30,비부과,구포동 1060-51
2024-04-06,11:30:33,비부과,덕천동 327
2024-04-06,11:44:19,부과,구포동 923-207
2024-04-06,11:52:23,대기,
2024-04-06,12:00:17,대기,
2024-04-06,12:02:18,비부과,구포동 1300
2024-04-06,12:18:26,비부과,만덕동 290-1
2024-04-06,12:26:31,부과,구포동 1280
2024-04-06,12:42:39,비부과,구포동 1060-22
2024-04-06,12:44:20,부과,구포동 1009-3
2024-04-06,12:54:25,대기,
2024-04-06,13:08:33,대기,
2024-04-06,13:20:20,부과,화명동 745
2024-04-06,13:38:19,부과,구포동 1231
2024-04-06,13:46:32,부과,구포동 1184-4
2024-04-06,13:58:19,비부과,구포동 564
2024-04-06,14:10:28,비부과,만덕동 662-1
2024-04-06,14:14:20,비부과,화명동 1230-3
2024-04-06,14:38:24,부과,구포동 1189
2024-04-06,14:38:24,부과,덕천동 471
2024-04-06,16:10:34,부과,화명동 2257
2024-04-06,16:30:36,부과,만덕동 903
2024-04-06,16:32:27,비부과,화명동 2342
2024-04-06,16:36:30,부과,화명동 2272-4
2024-04-06,16:36:31,부과,화명동 2272-4
2024-04-06,16:54:19,부과,만덕동 870-15
2024-04-06,16:56:20,부과,만덕동 870-16
2024-04-06,17:00:24,부과,만덕동 848-1
2024-04-06,17:54:33,부과,구포동 451-6
2024-04-06,17:54:33,부과,구포동 451-6
2024-04-06,18:10:22,부과,화명동 745
2024-04-06,18:12:30,부과,만덕동 598-6
2024-04-06,18:16:14,부과,구포동 1278
2024-04-06,18:16:30,부과,만덕동 686-8
2024-04-06,18:24:29,비부과,덕천동 350-2
2024-04-06,18:38:28,비부과,구포동 1268
2024-04-06,18:50:24,비부과,덕천동 396-7
2024-04-06,19:12:27,비부과,구포동 1075-47
2024-04-06,19:20:21,비부과,금곡동 1915
2024-04-06,19:26:30,부과,만덕동 904
2024-04-06,19:26:31,부과,만덕동 904
2024-04-06,19:28:24,부과,만덕동 904
2024-04-06,19:32:27,부과,화명동 2257
2024-04-06,19:34:18,부과,만덕동 937
2024-04-06,19:40:21,비부과,만덕동 774-9
2024-04-06,20:10:18,부과,만덕동 904
2024-04-06,20:20:23,비부과,구포동 1282
2024-04-06,20:44:34,부과,덕천동 763-29
2024-04-06,20:46:24,부과,구포동 169-5
2024-04-06,21:18:30,비부과,화명동 256
2024-04-06,21:18:31,부과,화명동 745
2024-04-06,22:20:27,비부과,화명동 2277-7
2024-04-06,22:22:26,부과,금곡동 521-9
2024-04-06,22:44:12,부과,덕천동 462
2024-04-06,23:24:19,부과,구포동 1280
2024-04-07,00:00:24,비부과,구포동 1280
2024-04-07,01:06:18,비부과,화명동 2257
2024-04-07,03:06:19,부과,덕천동 561-2
2024-04-07,08:26:14,비부과,화명동 2257
2024-04-07,08:28:31,부과,화명동 2257
2024-04-07,08:36:17,비부과,화명동 2280
2024-04-07,08:42:19,부과,화명동 2257
2024-04-07,08:44:21,부과,구포동 548-2
2024-04-07,08:50:27,대기,
2024-04-07,09:30:25,부과,만덕동 941-2
2024-04-07,09:36:27,부과,금곡동 123
2024-04-07,10:16:21,부과,구포동 1116-9
2024-04-07,10:18:20,부과,구포동 1189
2024-04-07,10:20:24,부과,구포동 1189
2024-04-07,10:54:35,부과,구포동 1067-15
2024-04-07,10:58:27,부과,구포동 1060-316
2024-04-07,11:02:28,비부과,구포동 1060-316
2024-04-07,11:10:22,부과,구포동 1060-52
2024-04-07,11:10:33,부과,구포동 413-6
2024-04-07,11:14:25,부과,구포동 430-20
2024-04-07,11:22:26,부과,구포동 655-1
2024-04-07,11:24:27,부과,구포동 1166-41
2024-04-07,11:38:23,부과,구포동 461-1
2024-04-07,11:42:14,부과,구포동 1259-1
2024-04-07,11:42:27,부과,구포동 385-1
2024-04-07,11:44:16,비부과,화명동 256
2024-04-07,11:44:17,부과,구포동 1278
2024-04-07,12:00:32,부과,만덕동 216-7
2024-04-07,12:32:18,대기,화명동 2257
2024-04-07,12:32:18,부과,구포동 1160
2024-04-07,12:34:19,비부과,구포동 602-31
2024-04-07,12:36:28,부과,구포동 1160
2024-04-07,13:56:23,부과,구포동 1241-59
2024-04-07,16:54:30,부과,덕천동 458
2024-04-07,16:56:21,부과,덕천동 458
2024-04-07,16:56:22,부과,구포동 1060-22
2024-04-07,16:58:12,부과,덕천동 458
2024-04-07,16:58:23,대기,덕천동 763-29
2024-04-07,17:00:35,대기,덕천동 597
2024-04-07,17:02:15,부과,구포동 1153
2024-04-07,17:06:30,대기,화명동 1718-7
2024-04-07,17:12:24,대기,화명동 2257
2024-04-07,17:14:24,대기,화명동 2257
2024-04-07,17:14:34,대기,화명동 2257
2024-04-07,17:18:15,비부과,구포동 1269-1
2024-04-07,17:20:33,대기,화명동 2257
2024-04-07,17:26:24,대기,화명동 2257
2024-04-07,17:30:31,대기,화명동 1718-13
2024-04-07,17:32:30,대기,화명동 1718-7
2024-04-07,17:46:27,비부과,구포동 729-8
2024-04-07,18:12:28,비부과,학사로 118
2024-04-07,18:18:33,부과,화명동 2257
2024-04-07,18:36:24,대기,덕천동 403-3
2024-04-07,18:42:27,대기,구포동 1300
2024-04-07,18:42:28,부과,만덕동 904
2024-04-07,18:44:24,부과,만덕동 904
2024-04-07,18:44:24,부과,만덕동 904
2024-04-07,18:44:24,부과,만덕동 904
2024-04-07,18:44:25,부과,만덕동 904
2024-04-07,18:44:29,부과,만덕동 904
2024-04-07,18:46:31,부과,만덕동 904
2024-04-07,18:48:21,부과,만덕동 904
2024-04-07,18:48:32,부과,만덕동 904
2024-04-07,18:48:32,부과,만덕동 904
2024-04-07,18:50:23,부과,만덕동 904
2024-04-07,18:50:33,부과,만덕동 904
2024-04-07,18:50:33,부과,만덕동 904
2024-04-07,19:14:18,부과,덕천동 797
2024-04-07,19:56:33,부과,만덕동 846-2
2024-04-07,20:08:24,부과,덕천동 462
2024-04-07,20:56:18,부과,구포동 1282
2024-04-07,21:00:27,부과,화명동 2257
2024-04-07,21:00:27,부과,구포동 1282
2024-04-07,22:00:25,부과,구포동 1153
2024-04-07,22:10:18,부과,구포동 1060-52
2024-04-07,22:38:19,부과,구포동 1060-309
2024-04-08,06:36:19,대기,만덕동 962
2024-04-08,06:58:24,부과,구포동 1189
2024-04-08,07:04:15,대기,구포동 923-125
2024-04-08,07:36:15,대기,만덕동 435-2
2024-04-08,07:58:22,비부과,구포동 923-1
2024-04-08,08:04:23,비부과,구포동 1076-1
2024-04-08,08:20:28,부과,덕천동 462
2024-04-08,08:20:29,부과,덕천동 356-19
2024-04-08,08:22:21,부과,덕천동 356-20
2024-04-08,08:28:27,부과,구포동 896-23
2024-04-08,08:42:16,부과,구포동 1189
2024-04-08,08:42:27,부과,구포동 548-1
2024-04-08,08:50:21,부과,구포동 923-1
2024-04-08,08:58:50,부과,구포동 1184-19
2024-04-08,09:10:27,대기,
2024-04-08,09:10:48,부과,덕천동 315-12
2024-04-08,09:34:32,부과,구포동 1189
2024-04-08,09:44:11,대기,
2024-04-08,09:58:24,부과,덕천동 312-5
2024-04-08,10:48:27,비부과,덕천동 401-10
2024-04-08,10:56:39,부과,화명동 941-1
2024-04-08,11:00:29,부과,만덕동 670-1
2024-04-08,11:00:40,부과,만덕동 670-5
2024-04-08,12:06:30,비부과,금곡동 812-8
2024-04-08,12:16:23,비부과,금곡동 116-1
2024-04-08,12:42:23,비부과,덕천동 462
2024-04-08,12:47:36,대기,
2024-04-08,12:50:38,부과,덕천동 388-1
2024-04-08,12:59:12,대기,금곡동 1425
2024-04-08,13:48:27,부과,덕천동 472
2024-04-08,13:52:29,비부과,만덕동 240-8
2024-04-08,14:03:47,대기,만덕동 955
2024-04-08,14:04:36,부과,구포동 957-23
2024-04-08,14:50:17,대기,
2024-04-08,14:54:30,대기,화명동 1229
2024-04-08,15:01:42,대기,
2024-04-08,15:06:25,대기,덕천동 464-21
2024-04-08,15:16:19,부과,금곡동 683-7
2024-04-08,16:08:24,대기,금곡동 813
2024-04-08,16:12:26,대기,
2024-04-08,16:12:26,부과,구포동 1189
2024-04-08,16:14:27,부과,덕천동 462
2024-04-08,16:14:27,부과,구포동 1189
2024-04-08,16:16:17,비부과,덕천동 462
2024-04-08,16:18:18,대기,
2024-04-08,16:20:30,부과,덕천동 355-4
2024-04-08,16:28:25,부과,화명동 1222-2
2024-04-08,16:32:26,비부과,구포동 459-2
2024-04-08,17:10:27,부과,구포동 969-1
2024-04-08,17:12:16,부과,만덕동 933
2024-04-08,17:20:21,부과,구포동 81-4
2024-04-08,17:26:24,대기,
2024-04-08,17:56:21,비부과,
2024-04-08,17:58:12,대기,
2024-04-08,18:12:26,부과,만덕동 736-24
2024-04-08,18:18:19,부과,구포동 1060-51
2024-04-08,19:02:25,부과,덕천동 561-1
2024-04-08,19:04:15,부과,덕천동 561-1
2024-04-08,19:26:27,비부과,화명동 745
2024-04-08,19:30:31,부과,만덕동 937
2024-04-08,20:34:27,비부과,만덕동 937
2024-04-08,20:42:26,부과,구포동 549-2
2024-04-08,21:06:22,대기,화명동 733
2024-04-08,21:30:19,비부과,덕천동 327
2024-04-08,21:40:22,대기,
2024-04-08,21:56:33,부과,만덕동 613-21
2024-04-08,21:58:17,비부과,화명동 2257
2024-04-08,22:00:19,부과,만덕동 605-5
2024-04-08,22:20:26,비부과,화명동 186
2024-04-08,22:22:19,부과,덕천동 472
2024-04-08,22:54:19,부과,덕천동 290-4
2024-04-08,23:30:18,부과,만덕동 761-1
2024-04-09,00:12:29,대기,
2024-04-09,00:28:22,비부과,만덕동 958
2024-04-09,01:18:28,비부과,화명동 374
2024-04-09,01:20:24,부과,화명동 377-5
2024-04-09,01:24:14,비부과,화명동 404-62
2024-04-09,04:34:16,대기,
2024-04-09,07:42:33,비부과,덕천동 321-43
2024-04-09,09:24:27,대기,화명동 1718-7
2024-04-09,09:27:28,대기,
2024-04-09,09:44:25,부과,만덕동 597-9
2024-04-09,09:46:26,부과,화명동 1430
2024-04-09,09:48:27,부과,덕천동 388-1
2024-04-09,10:00:26,대기,금곡동 832
2024-04-09,10:16:30,비부과,구포동 1277
2024-04-09,11:32:21,부과,구포동 1124-1
2024-04-09,11:36:21,대기,구포동 1154-20
2024-04-09,11:40:21,대기,구포동 373
2024-04-09,13:22:16,비부과,만덕동 846-4
2024-04-09,13:52:36,비부과,구포동 1189
2024-04-09,13:58:32,부과,만덕동 904
2024-04-09,14:00:23,부과,만덕동 904
2024-04-09,14:00:23,부과,만덕동 904
2024-04-09,14:04:32,부과,구포동 1273
2024-04-09,14:13:09,대기,덕천동 327
2024-04-09,14:22:33,부과,덕천동 388-1
2024-04-09,15:10:26,비부과,만덕동 933
2024-04-09,15:12:32,부과,구포동 462-2
2024-04-09,15:22:22,부과,화명동 1430
2024-04-09,15:44:21,대기,
2024-04-09,15:44:21,부과,구포동 779-3
2024-04-09,15:48:23,부과,구포동 779-3
2024-04-09,16:16:27,비부과,만덕동 935
2024-04-09,17:32:21,부과,만덕동 823-8
2024-04-09,17:32:21,부과,구포동 897-36
2024-04-09,18:46:24,비부과,만덕동 957-1
2024-04-09,18:52:27,대기,
2024-04-09,19:00:31,대기,
2024-04-09,20:16:19,부과,구포동 386-3
2024-04-09,20:22:22,부과,구포동 1189
2024-04-09,21:20:33,부과,화명동 263-5
2024-04-09,21:24:26,부과,덕천동 469
2024-04-09,21:30:19,부과,만덕동 904
2024-04-09,23:26:28,부과,구포동 1267
2024-04-09,23:26:29,비부과,구포동 1265
2024-04-09,23:58:19,부과,덕천동 561-2
2024-04-10,01:44:18,부과,화명동 2257
2024-04-10,01:56:24,부과,화명동 2257
2024-04-10,02:46:15,부과,구포동 1205-10
2024-04-10,03:46:12,부과,구포동 1060-402
2024-04-10,04:50:18,비부과,구포동 1060-316
2024-04-10,08:20:27,부과,덕천동 561-1
2024-04-10,08:26:19,부과,덕천동 381-16
2024-04-10,08:32:10,비부과,덕천동 398-2
2024-04-10,08:32:11,비부과,덕천동 398-2
2024-04-10,08:48:24,비부과,구포동 923-119
2024-04-10,08:54:18,부과,구포동 263-8
2024-04-10,09:06:24,부과,구포동 1073-8
2024-04-10,09:28:24,비부과,덕천동 561-1
2024-04-10,09:28:35,부과,구포동 779-3
2024-04-10,09:34:19,비부과,화명동 2342
2024-04-10,09:36:18,부과,구포동 산 47-11
2024-04-10,09:46:20,부과,구포동 산 47-11
2024-04-10,09:54:33,부과,덕천동 472
2024-04-10,10:12:21,부과,만덕동 955-3
2024-04-10,10:44:19,부과,덕천동 462
2024-04-10,11:14:30,대기,
2024-04-10,11:20:12,부과,구포동 387-3
2024-04-10,11:22:24,부과,화명동 2257
2024-04-10,11:22:25,부과,덕천동 241-12
2024-04-10,11:50:24,비부과,덕천동 337-8
2024-04-10,11:58:26,비부과,화명동 1469-11
2024-04-10,13:00:34,부과,만덕동 823-23
2024-04-10,13:14:19,부과,만덕동 849-3
2024-04-10,13:36:26,비부과,금곡동 108
2024-04-10,14:09:53,비부과,화명동 2289
2024-04-10,15:06:38,부과,만덕동 935
2024-04-10,15:08:29,대기,덕천동 597
2024-04-10,15:24:35,비부과,덕천동 322-37
2024-04-10,16:34:43,부과,구포동 1241-44
2024-04-10,16:42:27,부과,구포동 1241-20
2024-04-10,17:00:18,대기,낙동대로 1762번길 100에는 최근 배달오토바이 사무실이 생겼습니다.
2024-04-10,17:08:35,부과,덕천동 472
2024-04-10,17:26:32,부과,만덕동 935
2024-04-10,17:54:27,부과,만덕동 904
2024-04-10,19:38:21,부과,구포동 1067-8
2024-04-10,19:50:25,부과,구포동 916-1
2024-04-10,19:52:16,비부과,구포동 1282
2024-04-10,20:02:29,비부과,구포동 959-1
2024-04-10,20:02:29,비부과,구포동 959-1
2024-04-10,20:02:29,부과,구포동 959-1
2024-04-10,20:30:41,부과,구포동 972
2024-04-10,20:30:42,부과,구포동 972
2024-04-10,20:30:42,부과,구포동 972
2024-04-10,20:30:48,부과,만덕동 904
2024-04-10,20:30:48,부과,만덕동 904
2024-04-10,20:30:50,비부과,구포동 882-23
2024-04-10,20:42:21,부과,덕천동 462
2024-04-10,21:42:20,부과,만덕동 268-1
2024-04-10,22:20:19,부과,화명동 2274-4
2024-04-10,23:12:21,부과,만덕동 934
2024-04-11,03:22:12,부과,덕천동 561-1
2024-04-11,05:40:20,비부과,덕천동 474
2024-04-11,05:56:12,부과,덕천동 462
2024-04-11,07:32:28,비부과,덕천동 431-9
2024-04-11,07:56:23,비부과,구포동 923-220
2024-04-11,08:22:25,대기,덕천동 756
2024-04-11,08:26:28,부과,덕천동 585-11
2024-04-11,08:30:22,부과,화명동 2257
2024-04-11,09:04:24,부과,화명동 1431
2024-04-11,09:34:13,대기,
2024-04-11,11:18:15,부과,구포동 1241-78
2024-04-11,11:45:54,대기,
2024-04-11,13:10:47,부과,구포동 549-2
2024-04-11,13:11:00,부과,만덕동 904
2024-04-11,13:11:24,부과,만덕동 941-2
2024-04-11,13:11:30,비부과,금곡동 1112-2
2024-04-11,15:08:25,비부과,만덕동 268-1
2024-04-11,15:32:26,부과,구포동 1124-13
2024-04-11,16:20:30,대기,
2024-04-11,16:22:21,부과,화명동 2257
2024-04-11,16:22:22,부과,화명동 2257
2024-04-11,16:30:24,비부과,화명동 1170-1
2024-04-11,16:30:34,부과,구포동 1049-8
2024-04-11,17:48:33,대기,금곡동 1874-3
2024-04-11,17:50:43,대기,화명동 1718-13
2024-04-11,19:14:28,비부과,구포동 932-43
2024-04-11,19:14:29,부과,구포동 1060-52
2024-04-11,19:20:21,부과,구포동 1174
2024-04-11,19:22:32,부과,덕천동 462
2024-04-11,19:46:20,부과,덕천동 561-2
2024-04-11,20:02:17,부과,덕천동 329
2024-04-11,20:08:59,비부과,
2024-04-11,20:28:33,부과,덕천동 472
2024-04-11,20:48:27,비부과,화명동 2257
2024-04-11,21:16:29,부과,구포동 1280
2024-04-11,21:28:31,부과,구포동 1153
2024-04-11,21:40:35,부과,만덕동 904
2024-04-11,21:42:24,부과,만덕동 904
2024-04-11,21:42:26,부과,만덕동 904
2024-04-11,21:42:26,부과,만덕동 904
2024-04-11,21:44:16,부과,만덕동 904
2024-04-11,22:10:24,부과,구포동 1082-12
2024-04-11,22:32:22,부과,덕천동 400-8
2024-04-11,23:42:28,대기,만덕동 783-54
2024-04-12,00:54:24,대기,
2024-04-12,01:12:20,대기,
2024-04-12,01:22:24,부과,덕천동 561-1
2024-04-12,01:22:24,부과,덕천동 585-11
2024-04-12,07:56:28,비부과,구포동 923-220
2024-04-12,08:00:29,부과,구포동 383
2024-04-12,08:41:12,비부과,
2024-04-12,08:50:24,비부과,만덕동 905
2024-04-12,09:22:27,부과,구포동 산 47-11
2024-04-12,09:22:27,부과,구포동 산 47-11
2024-04-12,10:08:29,부과,덕천동 313-5
2024-04-12,10:13:53,대기,
2024-04-12,10:28:18,부과,덕천동 315-10
2024-04-12,10:31:10,대기,
2024-04-12,10:34:31,대기,만덕동 430-1
2024-04-12,10:34:31,대기,만덕동 430-1
2024-04-12,10:44:26,비부과,구포동 894
2024-04-12,10:54:20,부과,덕천동 464-14
2024-04-12,12:49:54,대기,
2024-04-12,13:49:11,대기,
2024-04-12,13:58:35,비부과,덕천동 808
2024-04-12,14:10:20,부과,구포동 1269-1
2024-04-12,14:16:33,부과,구포동 1269-1
2024-04-12,14:30:18,비부과,화명동 2272-2
2024-04-12,15:10:35,부과,덕천동 460-1
2024-04-12,15:10:35,부과,덕천동 460-1
2024-04-12,15:22:21,부과,구포동 546-2
2024-04-12,16:20:30,부과,구포동 1124-13
2024-04-12,16:20:30,부과,구포동 1124-1
2024-04-12,17:13:12,대기,시랑로로 빠지는 삼거리에 반대쪽 차선(구명역에서 덕천가는 방향) 직진차량의 꼬리물기 운전 때문에 좌회전이 매우 어렵습니다(특히 5시 이후)
2024-04-12,17:26:31,부과,구포동 1049-8
2024-04-12,17:46:27,부과,구포동 1269-1
2024-04-12,18:10:29,부과,구포동 451-6
2024-04-12,18:38:17,부과,구포동 1189
2024-04-12,18:42:08,대기,
2024-04-12,18:44:20,부과,덕천동 462
2024-04-12,18:52:23,부과,만덕동 904
2024-04-12,18:54:25,부과,만덕동 904
2024-04-12,18:58:16,대기,금곡대로 264-1
2024-04-12,19:00:27,대기,금곡대로 264-1
2024-04-12,19:02:18,대기,금곡대로 264-1
2024-04-12,19:04:30,대기,금곡대로 264-1
2024-04-12,19:36:24,부과,만덕동 729-1
2024-04-12,19:40:22,비부과,만덕동 642-110
2024-04-12,19:48:24,부과,화명동 1417-12
2024-04-12,19:54:26,부과,덕천동 322-31
2024-04-12,20:14:22,부과,구포동 311-2
2024-04-12,21:14:30,부과,덕천동 378-18
2024-04-12,21:28:20,부과,덕천동 469
2024-04-12,21:28:20,비부과,덕천동 462-9
2024-04-12,21:54:51,대기,
2024-04-12,21:56:23,비부과,덕천동 462
2024-04-12,22:14:19,부과,화명동 2257
2024-04-12,22:16:30,대기,
2024-04-12,22:26:30,부과,덕천동 425-19
2024-04-12,22:38:18,부과,화명동 745
2024-04-12,22:38:31,비부과,화명동 745
2024-04-12,22:40:29,비부과,화명동 745
2024-04-12,22:48:22,부과,화명동 745
2024-04-12,23:00:27,대기,
2024-04-12,23:52:21,비부과,만덕동 922-2
2024-04-12,23:56:22,비부과,만덕동 922-2
2024-04-13,00:16:20,부과,구포동 1160
2024-04-13,00:22:22,부과,구포동 1268
2024-04-13,00:24:23,부과,만덕동 310-2
2024-04-13,01:48:28,부과,구포동 1215-2
2024-04-13,07:02:11,비부과,덕천동 473-4
2024-04-13,07:10:23,비부과,화명동 2271-1
2024-04-13,07:12:24,비부과,덕천동 473-4
2024-04-13,07:32:30,부과,금곡동 123
2024-04-13,08:46:12,부과,구포동 1285
2024-04-13,10:04:24,대기,
2024-04-13,10:19:36,비부과,구포동 897-21
2024-04-13,10:40:26,부과,구포동 387-3
2024-04-13,10:42:27,부과,구포동 916-1
2024-04-13,10:48:19,부과,구포동 897-21
2024-04-13,10:50:30,부과,만덕동 904
2024-04-13,10:50:31,부과,만덕동 904
2024-04-13,11:18:32,부과,구포동 263-9
2024-04-13,11:20:23,부과,구포동 385-1
2024-04-13,11:23:30,부과,구포동 461-1
2024-04-13,11:24:25,부과,구포동 459-2
2024-04-13,11:26:18,부과,구포동 387-3
2024-04-13,11:28:34,부과,구포동 391-2
2024-04-13,11:28:34,부과,화명동 2257
2024-04-13,11:46:31,부과,구포동 611-1
2024-04-13,11:48:33,부과,구포동 1166-20
2024-04-13,11:52:14,부과,구포동 621-6
2024-04-13,11:52:25,부과,구포동 620-6
2024-04-13,11:54:15,부과,구포동 156-11
2024-04-13,11:56:16,부과,구포동 654-19
2024-04-13,12:44:16,부과,구포동 1296
2024-04-13,13:26:19,대기,
2024-04-13,14:30:02,부과,구포동 1214-39
2024-04-13,14:58:30,부과,구포동 957-23
2024-04-13,15:12:23,부과,구포동 603-18
2024-04-13,15:46:25,부과,만덕동 848-1
2024-04-13,15:46:25,부과,구포동 957-10
2024-04-13,16:14:36,대기,
2024-04-13,16:26:29,부과,덕천동 381-3
2024-04-13,17:12:21,비부과,구포동 1267
2024-04-13,17:24:34,부과,화명동 699-1
2024-04-13,17:32:28,부과,구포동 1060-260
2024-04-13,17:46:23,부과,덕천동 393-10
2024-04-13,18:04:20,부과,만덕동 598-6
2024-04-13,19:00:31,대기,덕천동 250-3
2024-04-13,19:12:21,부과,구포동 1268
2024-04-13,19:32:24,부과,만덕동 928
2024-04-13,20:06:22,비부과,덕천동 561-1
2024-04-13,20:14:27,부과,만덕동 904
2024-04-13,20:14:27,부과,만덕동 904
2024-04-13,20:16:27,부과,만덕동 904
2024-04-13,20:16:27,부과,만덕동 904
2024-04-13,20:16:27,부과,만덕동 904
2024-04-13,20:16:28,부과,만덕동 904
2024-04-13,20:18:16,부과,만덕동 904
2024-04-13,20:30:24,부과,덕천동 773-15
2024-04-13,20:30:30,부과,덕천동 773-15
2024-04-13,20:32:31,비부과,덕천동 773-15
2024-04-13,20:34:22,비부과,덕천동 773-15
2024-04-13,20:58:20,비부과,화명동 2270-2
2024-04-13,21:32:13,부과,구포동 1063-2
2024-04-13,21:36:14,비부과,만덕동 937
2024-04-13,22:14:17,부과,화명동 186
2024-04-13,22:14:17,부과,화명동 186
2024-04-13,22:14:27,부과,화명동 186
2024-04-13,23:24:12,부과,만덕동 937
2024-04-13,23:32:16,부과,구포동 1280
2024-04-14,01:56:20,부과,구포동 1280
2024-04-14,08:44:22,대기,덕천동 403-2
2024-04-14,08:50:18,부과,만덕동 598-6
2024-04-14,08:58:29,부과,구포동 365-2
2024-04-14,10:32:28,부과,덕천동 462
2024-04-14,10:56:26,대기,화명동 2257
2024-04-14,11:20:35,부과,덕천동 462
2024-04-14,11:26:30,부과,덕천동 462
2024-04-14,11:26:30,부과,덕천동 456
2024-04-14,11:28:18,부과,덕천동 456
2024-04-14,11:32:19,부과,덕천동 462
2024-04-14,11:32:19,부과,구포동 459-2
2024-04-14,11:34:20,부과,덕천동 344-2
2024-04-14,11:50:26,비부과,금곡동 1881
2024-04-14,13:20:24,부과,화명동 1114-2
2024-04-14,13:32:24,부과,구포동 1139
2024-04-14,13:48:20,대기,
2024-04-14,14:32:28,부과,덕천동 427-29
2024-04-14,14:36:19,부과,화명동 2257
2024-04-14,14:40:30,비부과,구포동 609-7
2024-04-14,14:44:23,부과,덕천동 462
2024-04-14,15:42:26,대기,화명동 745
2024-04-14,15:58:12,부과,덕천동 290-4
2024-04-14,15:58:22,비부과,덕천동 398-14
2024-04-14,16:00:22,비부과,덕천동 328
2024-04-14,16:00:23,비부과,덕천동 327
2024-04-14,16:28:30,부과,만덕동 812
2024-04-14,16:29:35,비부과,구포동 1267
2024-04-14,16:50:27,부과,구포동 1060-316
2024-04-14,16:50:27,부과,구포동 1060-316
2024-04-14,16:58:22,부과,만덕동 359-13
2024-04-14,17:38:17,부과,덕천동 462
2024-04-14,18:56:19,대기,
2024-04-14,18:56:29,부과,덕천동 456
2024-04-14,19:18:21,부과,구포동 1153
2024-04-14,19:22:20,부과,구포동 1060-22
2024-04-14,19:46:20,부과,화명동 2266-1
2024-04-14,19:52:21,부과,만덕동 935
2024-04-14,19:54:33,부과,덕천동 462
2024-04-14,19:58:24,부과,만덕동 904
2024-04-14,19:58:34,부과,만덕동 904
2024-04-14,19:58:35,부과,만덕동 904
2024-04-14,20:00:25,부과,만덕동 904
2024-04-14,20:00:25,부과,만덕동 904
2024-04-14,20:00:25,부과,만덕동 904
2024-04-14,20:06:30,부과,구포동 1279
2024-04-14,20:16:20,부과,덕천동 462
2024-04-14,20:36:28,부과,만덕동 904
2024-04-14,21:02:18,대기,금곡동 686-4
2024-04-14,21:14:22,비부과,만덕동 598-6
2024-04-14,21:22:13,부과,만덕동 935
2024-04-14,21:26:25,대기,구포동 656
2024-04-14,21:26:25,대기,구포동 656
2024-04-14,22:12:17,대기,
2024-04-14,22:20:29,부과,구포동 1060-250
2024-04-14,22:30:21,비부과,덕천동 462
2024-04-14,22:37:51,대기,수고가 많으십니다
2024-04-14,22:56:17,부과,만덕동 736-3
2024-04-14,22:58:27,부과,만덕동 729-1
2024-04-14,22:58:27,비부과,만덕동 736-3
2024-04-14,23:57:46,대기,
2024-04-15,00:22:18,비부과,화명동 2341-2
2024-04-15,00:24:17,비부과,화명동 2341-2
2024-04-15,00:26:18,비부과,화명동 2341-2
2024-04-15,00:30:19,비부과,화명동 668
2024-04-15,02:54:21,부과,만덕동 937
2024-04-15,03:04:24,부과,만덕동 950
2024-04-15,03:10:23,부과,구포동 1268
2024-04-15,03:18:15,부과,구포동 1268
2024-04-15,03:46:09,부과,구포동 1269-1
2024-04-15,08:00:20,대기,
2024-04-15,09:00:22,부과,구포동 1268
2024-04-15,09:28:19,대기,화명동 745
2024-04-15,09:52:32,부과,덕천동 315-12
2024-04-15,10:22:38,대기,만덕동 943-1
2024-04-15,10:32:32,부과,만덕동 729-1
2024-04-15,10:39:25,대기,
2024-04-15,10:40:37,부과,화명동 745
2024-04-15,10:45:30,대기,화명동 2257
2024-04-15,11:10:23,부과,화명동 1431
2024-04-15,11:31:40,대기,
2024-04-15,11:37:02,대기,
2024-04-15,13:04:23,부과,만덕동 899
2024-04-15,13:28:24,부과,화명동 1179-14
2024-04-15,13:51:33,대기,
2024-04-15,14:02:18,부과,만덕동 960
2024-04-15,14:06:18,부과,만덕동 607-1
2024-04-15,14:44:43,대기,버스배차로 글 올립니다.
2024-04-15,14:58:35,부과,구포동 1124-1
2024-04-15,15:34:22,부과,덕천동 472
2024-04-15,15:36:24,부과,덕천동 326-9
2024-04-15,15:36:33,부과,덕천동 472
2024-04-15,15:56:21,부과,화명동 2315-7
2024-04-15,17:12:41,부과,구포동 1060-316
2024-04-15,17:46:27,부과,구포동 1189
2024-04-15,17:48:26,대기,구포동 1060-316
2024-04-15,18:08:36,부과,구포동 1277
2024-04-15,18:14:19,비부과,화명동 196
2024-04-15,18:16:32,부과,구포동 461-1
2024-04-15,18:20:32,비부과,화명동 196
2024-04-15,18:26:23,부과,구포동 584-25
2024-04-15,18:26:23,부과,구포동 1280
2024-04-15,18:32:25,비부과,화명동 196
2024-04-15,18:38:29,비부과,구포동 1186-29
2024-04-15,18:38:30,부과,구포동 1124-13
2024-04-15,18:38:30,부과,구포동 1189
2024-04-15,18:38:30,부과,구포동 1189
2024-04-15,18:38:31,부과,구포동 1124-13
2024-04-15,18:56:36,부과,구포동 527-1
2024-04-15,19:12:23,부과,구포동 548-2
2024-04-15,19:14:15,비부과,구포동 1160
2024-04-15,19:36:30,부과,구포동 1189
2024-04-15,19:44:25,비부과,구포동 584-25
2024-04-15,19:50:18,비부과,구포동 1280
2024-04-15,19:58:21,부과,구포동 1271
2024-04-15,20:30:12,부과,만덕동 산 204-2
2024-04-15,21:02:24,비부과,구포동 433-9
2024-04-15,21:50:30,대기,만덕동 774-7
2024-04-15,21:56:12,부과,화명동 745
2024-04-15,22:00:22,부과,덕천동 418-14
2024-04-16,02:00:19,부과,구포동 1268
2024-04-16,02:38:24,부과,덕천동 561-32
2024-04-16,07:04:23,부과,구포동 1284
2024-04-16,08:49:01,대기,
2024-04-16,09:32:29,비부과,구포동 1124-1
2024-04-16,09:34:33,부과,구포동 1124-13
2024-04-16,10:02:26,부과,구포동 451-4
2024-04-16,10:18:35,대기,
2024-04-16,10:32:32,부과,구포동 1124-1
2024-04-16,10:38:43,대기,
2024-04-16,10:50:28,부과,구포동 1060-66
2024-04-16,10:52:20,대기,금곡동 1909
2024-04-16,11:02:14,대기,금곡동 911-1
2024-04-16,11:04:26,부과,구포동 883
2024-04-16,11:24:24,부과,만덕동 933
2024-04-16,11:24:34,부과,만덕동 825-20
2024-04-16,12:30:30,부과,금곡동 812-8
2024-04-16,12:30:40,부과,금곡동 812-8
2024-04-16,12:34:23,비부과,금곡동 813
2024-04-16,12:36:33,대기,
2024-04-16,13:28:14,비부과,구포동 산 47-11
2024-04-16,13:38:21,비부과,구포동 산 47-11
2024-04-16,13:46:15,비부과,구포동 1241-44
2024-04-16,13:46:25,비부과,만덕동 823-8
2024-04-16,13:58:30,부과,구포동 557-3
2024-04-16,14:00:42,부과,구포동 1293
2024-04-16,14:32:27,부과,구포동 1186-25
2024-04-16,15:00:39,부과,구포동 1124-1
2024-04-16,15:14:19,비부과,덕천동 462
2024-04-16,15:24:24,대기,
2024-04-16,15:36:30,부과,구포동 1267
2024-04-16,15:52:19,부과,만덕동 950
2024-04-16,16:16:20,부과,구포동 1189
2024-04-16,16:34:35,부과,화명동 374-2
2024-04-16,17:02:23,부과,화명동 1293-1
2024-04-16,17:04:32,부과,금곡동 64-9
2024-04-16,17:32:15,부과,만덕동 823-8
2024-04-16,17:44:23,부과,금곡동 109
2024-04-16,17:44:24,대기,
2024-04-16,17:50:26,부과,구포동 381-4
2024-04-16,17:54:26,부과,구포동 451-6
2024-04-16,17:56:27,부과,구포동 1060-6
2024-04-16,18:08:26,부과,구포동 896
2024-04-16,18:12:27,부과,덕천동 462
2024-04-16,18:18:26,부과,만덕동 290-1
2024-04-16,18:40:25,부과,만덕동 391-1
2024-04-16,19:06:30,부과,구포동 1242-3
2024-04-16,19:10:21,대기,중산동 1447
2024-04-16,19:14:34,부과,구포동 1269-1
2024-04-16,19:14:44,부과,구포동 1284
2024-04-16,19:16:16,부과,덕천동 561-3
2024-04-16,19:16:26,부과,구포동 1243-9
2024-04-16,19:54:30,대기,화명동 733
2024-04-16,20:08:27,부과,만덕동 953
2024-04-16,20:30:27,부과,구포동 897-21
2024-04-16,20:38:21,대기,화명동 745
2024-04-16,20:44:31,부과,구포동 452
2024-04-16,20:50:30,부과,만덕동 904
2024-04-16,20:50:30,부과,만덕동 904
2024-04-16,20:50:31,부과,만덕동 904
2024-04-16,20:50:31,부과,만덕동 904
2024-04-16,20:50:33,부과,만덕동 846-4
2024-04-16,20:52:27,부과,덕천동 462
2024-04-16,21:00:30,부과,만덕동 901
2024-04-16,21:10:26,부과,구포동 1243-9
2024-04-16,21:20:24,부과,만덕동 846-4
2024-04-16,21:52:21,부과,구포동 1153
2024-04-16,22:14:21,부과,구포동 1296
2024-04-16,22:16:21,부과,구포동 263-9
2024-04-16,22:24:23,비부과,구포동 584-25
2024-04-16,22:36:16,비부과,덕천동 356-4
2024-04-17,00:20:16,부과,덕천동 462
2024-04-17,06:50:16,대기,
2024-04-17,08:02:23,부과,구포동 1296
2024-04-17,08:04:21,비부과,구포동 923-220
2024-04-17,08:26:26,비부과,화명동 2277-1
2024-04-17,08:54:31,부과,구포동 451-1
2024-04-17,09:42:27,대기,
2024-04-17,09:59:06,대기,
2024-04-17,10:06:09,대기,시간(당감동 방면) 백양터널 톨게이트 진출입 부분에 차들이 엉켜있습니다.
2024-04-17,10:08:38,대기,구포동 624-5
2024-04-17,10:18:37,부과,금곡동 108
2024-04-17,10:22:36,비부과,금곡동 108
2024-04-17,10:28:21,부과,화명동 1431
2024-04-17,10:40:46,부과,구포동 1124-13
2024-04-17,11:10:01,비부과,"롯데마트가 있는 4거리, 수정 &gt; 화명 방향에 있는 와석정류소에서 촬영한 것 입니다."
2024-04-17,11:26:38,대기,
2024-04-17,12:18:18,부과,화명동 2257
2024-04-17,12:26:33,부과,만덕동 305-1
2024-04-17,12:28:27,부과,만덕동 305-1
2024-04-17,12:30:24,부과,만덕동 305-1
2024-04-17,13:04:27,대기,
2024-04-17,13:04:27,대기,
2024-04-17,13:15:22,대기,
2024-04-17,13:30:30,부과,구포동 1124-13
2024-04-17,14:00:33,비부과,구포동 557-3
2024-04-17,14:38:30,부과,구포동 148
2024-04-17,14:40:01,대기,
2024-04-17,14:48:25,부과,덕천동 561-1
2024-04-17,16:06:20,부과,구포동 461-1
2024-04-17,16:34:32,부과,구포동 451-6
2024-04-17,16:36:23,부과,구포동 451-6
2024-04-17,16:48:38,비부과,화명동 2274-4
2024-04-17,17:06:34,부과,금곡동 109
2024-04-17,17:40:28,부과,화명동 186
2024-04-17,18:09:37,부과,화명동 186
2024-04-17,18:54:27,부과,구포동 1269-1
2024-04-17,20:56:31,부과,화명동 2257
2024-04-17,22:10:24,부과,화명동 2272-4
2024-04-17,22:34:20,부과,화명동 2277-4
2024-04-17,22:48:24,부과,덕천동 397-1
2024-04-18,00:04:15,부과,덕천동 757-4
2024-04-18,02:18:21,부과,화명동 2344
2024-04-18,02:22:20,비부과,화명동 326
2024-04-18,03:07:21,대기,
2024-04-18,05:56:21,비부과,덕천동 359-1
2024-04-18,07:02:30,부과,구포동 1287
2024-04-18,08:00:22,비부과,구포동 923-220
2024-04-18,08:02:23,부과,덕천동 561-1
2024-04-18,08:04:23,부과,덕천동 561-2
2024-04-18,08:08:24,비부과,덕천동 561-2
2024-04-18,08:24:20,부과,구포동 1296
2024-04-18,08:58:35,부과,구포동 451-4
2024-04-18,09:06:24,부과,덕천동 473-4
2024-04-18,09:13:17,대기,
2024-04-18,09:22:21,부과,덕천동 414-10
2024-04-18,09:45:31,대기,"강서구 렛츠런파크까지 출퇴는 하는 근로자 입니다. 자전거로 구포다리를 지나 강서구청을 지나 김해공항을 지나 가락대로 및 조만교를 지나 자전거로 출퇴근하는대로 도로가 자전거로 달리기엔 너무위험합니다. 따로 자전거도로를 만들어 주시면 이동하는데 어려움이 없을꺼 같습니다. 저만의 민원이라기보다. 탄소중립시대에 맞춰 필요하고 자전거며행하시는 분들에게도 강서구의 아름다움을 전할 수 있다고 봅시다.  자전거도로를 분리해서 관리해주셨으면 좋겠습니다. 그나마 있는 인도에는 잡초와 쓰레기 풀, 등 관리가 되어있지않아 다니기 위험합니다.  거의 차가 없으면 넘어올수없는 이구간을 개산요청합니다."
2024-04-18,10:06:19,비부과,덕천동 462
2024-04-18,10:14:34,부과,구포동 1282
2024-04-18,10:26:31,부과,만덕동 598-6
2024-04-18,11:42:21,비부과,화명동 2257
2024-04-18,11:42:21,부과,구포동 1124-13
2024-04-18,11:52:25,비부과,화명동 2257
2024-04-18,11:52:25,비부과,구포동 941-8
2024-04-18,12:20:24,대기,
2024-04-18,12:38:31,비부과,화명동 1218-2
2024-04-18,12:57:58,대기,
2024-04-18,13:12:16,부과,구포동 1189
2024-04-18,13:40:20,대기,
2024-04-18,14:18:27,부과,구포동 1060-11
2024-04-18,15:44:31,부과,화명동 2257
2024-04-18,16:04:21,부과,구포동 1124-13
2024-04-18,16:04:31,부과,구포동 1189
2024-04-18,16:05:31,대기,
2024-04-18,16:20:18,부과,만덕동 904
2024-04-18,16:20:28,부과,만덕동 904
2024-04-18,16:24:21,비부과,구포동 1060-316
2024-04-18,16:26:21,비부과,구포동 1060-51
2024-04-18,16:30:34,부과,구포동 1060-49
2024-04-18,16:36:36,부과,만덕동 904
2024-04-18,16:38:26,대기,
2024-04-18,16:40:27,부과,만덕동 874-15
2024-04-18,16:46:29,부과,만덕동 903
2024-04-18,16:50:31,부과,만덕동 844-6
2024-04-18,16:54:33,부과,만덕동 903
2024-04-18,17:16:28,부과,구포동 461-5
2024-04-18,17:24:30,부과,금곡동 1885
2024-04-18,17:34:20,부과,만덕동 844-10
2024-04-18,17:36:31,부과,만덕동 870-13
2024-04-18,17:38:21,부과,만덕동 904
2024-04-18,17:38:21,부과,만덕동 904
2024-04-18,17:38:32,부과,구포동 1189
2024-04-18,18:02:24,비부과,화명동 2313
2024-04-18,18:04:31,비부과,구포동 381-6
2024-04-18,20:12:35,부과,만덕동 937
2024-04-18,20:40:27,부과,덕천동 355-4
2024-04-18,21:04:18,부과,구포동 1282
2024-04-18,21:06:39,부과,구포동 1237-51
2024-04-18,21:18:24,부과,만덕동 904
2024-04-18,22:36:22,대기,구포동 1091-5
2024-04-18,22:50:15,부과,만덕동 912-3
2024-04-18,23:30:18,대기,
2024-04-19,09:01:36,대기,
2024-04-19,09:01:36,대기,
2024-04-19,09:09:31,부과,구포동 1189
2024-04-19,09:12:31,부과,구포동 1060-316
2024-04-19,09:12:31,부과,구포동 1060-316
2024-04-19,09:14:49,대기,
2024-04-19,09:15:31,비부과,구포동 923-220
2024-04-19,09:16:13,비부과,구포동 1271
2024-04-19,09:17:17,비부과,구포동 1154-1
2024-04-19,09:17:27,비부과,구포동 1273
2024-04-19,09:17:27,비부과,구포동 1060-49
2024-04-19,09:17:48,대기,
2024-04-19,09:18:09,부과,화명동 2257
2024-04-19,09:19:43,비부과,구포동 1184-4
2024-04-19,09:30:21,부과,덕천동 322-28
2024-04-19,09:36:15,부과,덕천동 472
2024-04-19,09:46:31,부과,구포동 1189
2024-04-19,10:10:22,부과,덕천동 315-12
2024-04-19,12:48:31,비부과,구포동 1060-51
2024-04-19,12:48:32,부과,구포동 1060-49
2024-04-19,12:52:20,부과,구포동 1060-21
2024-04-19,12:52:30,부과,만덕동 680-12
2024-04-19,13:10:29,부과,구포동 1189
2024-04-19,14:06:24,비부과,구포동 1124-1
2024-04-19,14:46:19,대기,화명동 962-2
2024-04-19,14:48:20,대기,
2024-04-19,15:06:30,대기,버스가 비정상적인 속도로 정류장의 위치에 정차하지 않고 정지선을 넘어 횡단보도 바로 앞쪽이서 위험하게 정차하여 혼란을 주었고 승객인 저를 보고 눈을 마주쳤음에도 문을 열지 않고 그냥 출발했습니다. 덕분에 학교에 늦을 뻔 했고 이에 대한 확실한 징계 부탁드립니다.
2024-04-19,15:10:30,부과,화명동 1569-1
2024-04-19,15:14:31,부과,구포동 263-9
2024-04-19,15:26:16,부과,화명동 2257
2024-04-19,15:39:41,대기,금곡동 1241
2024-04-19,15:50:37,비부과,금곡동 683-7
2024-04-19,16:06:30,부과,구포동 1124-13
2024-04-19,16:21:05,대기,
2024-04-19,16:34:30,비부과,화명동 1229
2024-04-19,17:00:37,부과,구포동 1116-12
2024-04-19,17:30:34,비부과,구포동 1189
2024-04-19,17:38:14,부과,만덕동 736-24
2024-04-19,18:08:15,비부과,덕천동 462
2024-04-19,18:12:27,부과,만덕동 904
2024-04-19,18:12:27,부과,만덕동 904
2024-04-19,18:14:16,부과,만덕동 904
2024-04-19,18:14:17,비부과,만덕동 904
2024-04-19,18:21:19,대기,화명동 금곡과선교(교량명)
2024-04-19,18:32:34,부과,덕천동 462
2024-04-19,18:42:30,부과,구포동 729-2
2024-04-19,18:52:22,부과,구포동 1289
2024-04-19,19:48:33,비부과,만덕동 911-3
2024-04-19,19:52:26,비부과,만덕동 935
2024-04-19,20:04:20,비부과,덕천동 370
2024-04-19,20:06:21,부과,만덕동 911-2
2024-04-19,20:08:24,부과,만덕동 935
2024-04-19,20:14:25,비부과,만덕동 935
2024-04-19,20:16:25,비부과,만덕동 761-5
2024-04-19,20:30:20,비부과,구포동 1269-1
2024-04-19,20:32:22,부과,만덕동 955
2024-04-19,20:42:27,부과,만덕동 904
2024-04-19,20:44:26,부과,만덕동 904
2024-04-19,20:52:24,부과,만덕동 391-1
2024-04-19,20:56:20,부과,덕천동 462
2024-04-19,21:30:33,부과,화명동 2257
2024-04-19,21:34:13,비부과,화명동 2257
2024-04-19,21:36:24,부과,화명동 2257
2024-04-19,21:38:14,비부과,화명동 2257
2024-04-19,21:40:26,부과,덕천동 393-3
2024-04-19,22:08:27,부과,덕천동 797
2024-04-19,22:20:23,부과,화명동 1431
2024-04-19,22:22:32,부과,화명동 1431
2024-04-19,22:28:14,부과,화명동 2257
2024-04-19,23:04:27,부과,화명동 188-5
2024-04-19,23:06:27,부과,화명동 186
2024-04-19,23:06:56,부과,화명동 188-5
2024-04-19,23:06:57,부과,화명동 186
2024-04-20,01:38:24,부과,화명동 2280
2024-04-20,02:12:14,부과,덕천동 460-1
2024-04-20,07:54:15,부과,구포동 381-4
2024-04-20,08:20:19,부과,구포동 1189
2024-04-20,08:30:32,부과,구포동 1190
2024-04-20,08:36:23,부과,덕천동 250-3
2024-04-20,09:54:25,부과,덕천동 462
2024-04-20,10:21:18,부과,금곡동 1874-3
2024-04-20,10:24:27,부과,구포동 969-1
2024-04-20,10:42:20,부과,구포동 1060-454
2024-04-20,10:54:14,부과,구포동 1060-470
2024-04-20,12:20:30,부과,화명동 1431
2024-04-20,12:22:13,부과,화명동 1431
2024-04-20,13:04:26,부과,금곡동 1895
2024-04-20,14:10:25,대기,
2024-04-20,14:14:27,비부과,화명동 190-2
2024-04-20,14:14:27,비부과,화명동 192
2024-04-20,14:34:18,부과,덕천동 810
2024-04-20,14:38:19,비부과,덕천동 397-1
2024-04-20,14:46:21,부과,구포동 1075-6
2024-04-20,14:46:21,부과,구포동 1075-6
2024-04-20,15:40:24,대기,
2024-04-20,16:12:18,부과,덕천동 327
2024-04-20,16:20:31,대기,
2024-04-20,16:26:31,부과,덕천동 467-2
2024-04-20,16:36:18,대기,금곡동 1915
2024-04-20,17:34:21,부과,구포동 1060-309
2024-04-20,17:34:21,부과,구포동 1060-309
2024-04-20,17:46:24,부과,덕천동 472
2024-04-20,17:48:18,비부과,덕천동 472
2024-04-20,17:48:25,부과,덕천동 472
2024-04-20,17:50:26,부과,덕천동 313-5
2024-04-20,17:50:26,부과,덕천동 472
2024-04-20,17:52:33,부과,덕천동 472
2024-04-20,18:04:27,부과,화명동 2314-4
2024-04-20,19:40:25,부과,만덕동 산 204-2
2024-04-20,19:52:17,부과,만덕동 904
2024-04-20,19:52:18,부과,만덕동 904
2024-04-20,19:54:24,부과,만덕동 904
2024-04-20,19:54:24,부과,만덕동 904
2024-04-20,19:54:28,부과,만덕동 904
2024-04-20,20:36:19,부과,화명동 2268-2
2024-04-20,20:42:21,비부과,구포동 1060-21
2024-04-20,21:10:19,부과,만덕동 899
2024-04-20,21:14:21,부과,구포동 1137
2024-04-20,21:20:25,부과,구포동 655-1
2024-04-20,21:26:24,부과,구포동 451-4
2024-04-20,21:48:19,부과,덕천동 416-7
2024-04-20,22:26:19,부과,덕천동 313-5
2024-04-21,06:42:18,부과,만덕동 881-1
2024-04-21,07:36:25,부과,구포동 1276
2024-04-21,08:20:24,부과,만덕동 962-4
2024-04-21,08:22:25,부과,만덕동 962
2024-04-21,08:24:15,비부과,만덕동 962-4
2024-04-21,08:36:18,부과,덕천동 355-4
2024-04-21,08:48:30,부과,구포동 1060-316
2024-04-21,08:50:21,부과,구포동 247-5
2024-04-21,09:02:24,부과,구포동 396-1
2024-04-21,09:04:15,부과,구포동 391-7
2024-04-21,09:30:20,부과,덕천동 456
2024-04-21,09:30:20,비부과,구포동 1060-471
2024-04-21,09:32:31,부과,화명동 1474-1
2024-04-21,09:42:25,부과,구포동 148
2024-04-21,10:00:19,부과,만덕동 729-1
2024-04-21,10:36:25,비부과,화명동 197
2024-04-21,10:42:33,대기,덕천동 460-1
2024-04-21,11:38:24,부과,덕천동 431-11
2024-04-21,11:40:34,부과,덕천동 431-9
2024-04-21,12:06:25,비부과,덕천동 561-1
2024-04-21,12:22:30,비부과,화명동 2264
2024-04-21,13:40:20,부과,구포동 464-1
2024-04-21,13:42:21,부과,구포동 459-2
2024-04-21,13:48:24,부과,구포동 655-1
2024-04-21,13:50:35,부과,구포동 620-6
2024-04-21,14:02:10,부과,화명동 1474-1
2024-04-21,14:16:26,부과,구포동 584-3
2024-04-21,15:42:28,부과,구포동 1073-8
2024-04-21,15:46:30,부과,화명동 882-2
2024-04-21,15:48:24,비부과,구포동 602-32
2024-04-21,15:50:39,비부과,구포동 156-11
2024-04-21,16:00:32,대기,염포동 152
2024-04-21,16:02:37,부과,구포동 1222-23
2024-04-21,16:48:18,비부과,구포동 1060-260
2024-04-21,17:24:32,부과,만덕동 729-1
2024-04-21,17:54:33,부과,덕천동 462
2024-04-21,18:58:29,대기,구포동 930-3
2024-04-21,19:06:23,부과,구포동 1282
2024-04-21,19:36:30,부과,만덕동 904
2024-04-21,19:36:31,부과,만덕동 904
2024-04-21,19:38:15,부과,만덕동 937
2024-04-21,19:42:27,부과,화명동 2314-4
2024-04-21,19:46:30,부과,덕천동 462
2024-04-21,20:56:14,부과,덕천동 462
2024-04-21,21:52:23,비부과,화명동 745
2024-04-21,21:52:34,부과,만덕동 293-5
2024-04-21,21:54:24,부과,화명동 745
2024-04-21,22:26:12,부과,구포동 1060-316
2024-04-21,22:28:13,부과,구포동 1060-309
2024-04-21,22:28:13,부과,구포동 1060-309
2024-04-21,22:28:23,부과,금곡동 108
2024-04-21,22:36:26,부과,화명동 1430
2024-04-21,23:16:18,대기,구포동 983-9
2024-04-22,01:10:05,대기,
2024-04-22,02:23:18,대기,
2024-04-22,02:28:28,대기,
2024-04-22,02:35:00,대기,가람로 32
2024-04-22,06:04:12,부과,구포동 1269-1
2024-04-22,06:50:22,부과,화명동 745
2024-04-22,07:32:20,비부과,구포동 1141-112
2024-04-22,07:58:16,부과,구포동 462-1
2024-04-22,08:24:16,대기,
2024-04-22,08:40:24,부과,구포동 1271
2024-04-22,09:34:31,부과,구포동 783-28
2024-04-22,09:48:32,대기,
2024-04-22,09:54:37,부과,덕천동 331-3
2024-04-22,10:04:24,부과,덕천동 323-12
2024-04-22,10:08:30,비부과,덕천동 323-12
2024-04-22,10:18:19,비부과,구포동 1189
2024-04-22,10:20:30,부과,화명동 745
2024-04-22,10:28:24,부과,화명동 2257
2024-04-22,10:32:16,대기,
2024-04-22,10:46:34,부과,구포동 585-9
2024-04-22,10:54:17,부과,덕천동 472
2024-04-22,12:03:55,대기,
2024-04-22,12:10:29,부과,구포동 1124-13
2024-04-22,12:10:39,부과,구포동 1189
2024-04-22,13:20:30,부과,화명동 745
2024-04-22,13:20:40,부과,화명동 745
2024-04-22,13:22:31,비부과,덕천동 466
2024-04-22,13:24:12,부과,화명동 1293-1
2024-04-22,13:40:31,비부과,화명동 1293-3
2024-04-22,13:42:24,대기,
2024-04-22,14:24:11,부과,만덕동 950
2024-04-22,14:32:24,부과,금곡동 813
2024-04-22,14:34:35,부과,만덕동 597-9
2024-04-22,15:00:27,대기,화명동 1375-8
2024-04-22,15:18:30,부과,구포동 461-5
2024-04-22,16:14:32,부과,구포동 1127-43
2024-04-22,16:18:30,부과,화명동 2257
2024-04-22,16:18:35,부과,화명동 2315-5
2024-04-22,16:18:44,대기,
2024-04-22,16:35:31,대기,금곡동 1915
2024-04-22,16:50:30,비부과,화명동 295
2024-04-22,17:00:30,부과,구포동 1189
2024-04-22,17:08:27,대기,
2024-04-22,17:50:24,부과,금곡동 126
2024-04-22,18:04:35,부과,구포동 1160
2024-04-22,18:12:29,부과,덕천동 416-4
2024-04-22,18:36:30,부과,구포동 1280
2024-04-22,18:40:21,부과,구포동 1280
2024-04-22,18:42:23,부과,구포동 1280
2024-04-22,18:48:16,부과,구포동 1280
2024-04-22,19:00:22,부과,구포동 527-1
2024-04-22,19:08:24,부과,금곡동 108
2024-04-22,19:08:24,대기,명촌동 939-1
2024-04-22,19:46:29,부과,만덕동 937
2024-04-22,20:48:23,부과,금곡동 108
2024-04-22,21:48:24,대기,구포동 1300
2024-04-22,22:00:18,부과,구포동 1169
2024-04-22,22:00:28,부과,구포동 700-88
2024-04-22,22:10:24,부과,화명동 745
2024-04-22,22:44:21,부과,구포동 451-6
2024-04-22,23:06:16,대기,
2024-04-22,23:46:18,부과,구포동 1282
2024-04-23,01:02:30,부과,구포동 688-12
2024-04-23,01:04:25,부과,구포동 688-12
2024-04-23,02:36:18,대기,
2024-04-23,06:26:18,부과,구포동 1184-13
2024-04-23,06:26:18,부과,구포동 1184-13
2024-04-23,06:26:18,부과,구포동 1184-7
2024-04-23,06:50:22,대기,화명동 산 218-7
2024-04-23,07:22:24,부과,구포동 894
2024-04-23,07:56:16,부과,구포동 263-9
2024-04-23,09:04:23,부과,구포동 1186-3
2024-04-23,09:08:21,부과,구포동 1189
2024-04-23,09:28:23,부과,금곡동 108
2024-04-23,09:36:17,부과,구포동 548-2
2024-04-23,09:52:34,부과,금곡동 108
2024-04-23,11:44:23,비부과,화명동 2287-3
2024-04-23,12:34:24,대기,
2024-04-23,12:48:24,부과,금곡동 1881
2024-04-23,13:38:02,대기,
2024-04-23,13:38:24,비부과,구포동 585-9
2024-04-23,13:58:23,대기,
2024-04-23,14:08:18,부과,화명동 2257
2024-04-23,14:08:28,부과,화명동 2257
2024-04-23,14:14:24,비부과,구포동 737-2
2024-04-23,15:08:26,부과,구포동 1154-24
2024-04-23,15:10:33,부과,덕천동 472
2024-04-23,15:10:41,부과,덕천동 472
2024-04-23,15:12:19,대기,
2024-04-23,15:14:21,부과,덕천동 327
2024-04-23,15:14:31,부과,만덕동 935
2024-04-23,15:36:27,부과,구포동 620-6
2024-04-23,15:38:24,부과,구포동 655-5
2024-04-23,16:04:27,부과,구포동 387-3
2024-04-23,16:06:29,부과,구포동 1184-8
2024-04-23,16:12:32,비부과,덕천동 327
2024-04-23,16:16:35,대기,
2024-04-23,16:52:20,부과,금곡동 109
2024-04-23,17:00:24,비부과,화명동 1293-1
2024-04-23,17:29:17,비부과,만덕동 792
2024-04-23,17:32:59,비부과,화명동 2257
2024-04-23,17:56:30,대기,
2024-04-23,17:59:51,대기,
2024-04-23,18:06:26,비부과,화명동 2257
2024-04-23,18:16:19,부과,화명동 2277-4
2024-04-23,18:18:19,비부과,화명동 1216-1
2024-04-23,18:32:27,부과,덕천동 313-5
2024-04-23,18:42:19,부과,구포동 1214-3
2024-04-23,19:00:27,비부과,구포동 1267
2024-04-23,19:06:28,부과,덕천동 561-2
2024-04-23,19:10:30,부과,금곡동 1881
2024-04-23,20:00:25,비부과,금곡동 1881
2024-04-23,20:44:28,대기,화명동 1440-2
2024-04-23,21:10:17,비부과,구포동 1268
2024-04-23,21:46:16,부과,덕천동 402-13
2024-04-23,22:08:27,부과,덕천동 329
2024-04-23,22:40:21,부과,덕천동 462
2024-04-23,23:12:19,비부과,만덕동 608-21
2024-04-23,23:34:24,부과,구포동 1160
2024-04-24,00:36:18,부과,구포동 1060-471
2024-04-24,06:16:18,비부과,만덕동 302-1
2024-04-24,07:04:27,부과,구포동 1288
2024-04-24,07:18:18,비부과,화명동 745
2024-04-24,07:50:16,부과,구포동 381-10
2024-04-24,07:54:25,부과,구포동 465-2
2024-04-24,08:10:30,부과,덕천동 472
2024-04-24,08:12:36,부과,덕천동 472
2024-04-24,08:42:19,비부과,덕천동 462
2024-04-24,09:00:28,부과,구포동 1189
2024-04-24,09:00:28,비부과,구포동 1189
2024-04-24,09:02:24,비부과,구포동 1189
2024-04-24,09:04:21,부과,구포동 1189
2024-04-24,09:18:16,부과,덕천동 331-4
2024-04-24,09:22:28,부과,구포동 546-2
2024-04-24,09:32:21,부과,구포동 584-12
2024-04-24,09:34:33,부과,구포동 1075-6
2024-04-24,10:16:21,비부과,화명동 745
2024-04-24,10:54:27,부과,구포동 산 47-11
2024-04-24,10:58:27,부과,구포동 1189
2024-04-24,11:08:31,부과,만덕동 904
2024-04-24,11:10:24,부과,만덕동 904
2024-04-24,11:10:32,부과,만덕동 904
2024-04-24,11:10:32,부과,만덕동 904
2024-04-24,11:10:33,부과,만덕동 904
2024-04-24,11:10:33,부과,만덕동 904
2024-04-24,11:18:26,대기,덕천동 585-9
2024-04-24,11:45:05,대기,
2024-04-24,13:00:27,대기,
2024-04-24,13:28:44,비부과,구포동 737
2024-04-24,13:28:47,대기,덕천동 472
2024-04-24,13:40:15,부과,만덕동 844-6
2024-04-24,13:42:27,부과,만덕동 904
2024-04-24,14:01:09,대기,
2024-04-24,14:38:21,대기,
2024-04-24,14:39:51,대기,
2024-04-24,14:48:30,부과,덕천동 290-4
2024-04-24,14:54:18,부과,덕천동 561-1
2024-04-24,15:10:28,부과,구포동 381-6
2024-04-24,16:36:18,부과,구포동 882-31
2024-04-24,16:36:28,부과,만덕동 783-54
2024-04-24,17:10:17,부과,구포동 464-3
2024-04-24,17:12:28,부과,구포동 381-4
2024-04-24,17:42:14,대기,
2024-04-24,17:46:17,대기,
2024-04-24,18:00:22,부과,금곡동 95-3
2024-04-24,18:08:08,대기,
2024-04-24,18:10:28,비부과,덕천동 585-11
2024-04-24,19:40:29,대기,금곡동 1625-2
2024-04-24,19:45:21,대기,
2024-04-24,19:45:21,대기,
2024-04-24,19:52:34,부과,금곡동 121
2024-04-24,19:54:14,부과,구포동 969-1
2024-04-24,20:30:27,비부과,구포동 983-1
2024-04-24,21:04:19,부과,만덕동 957-1
2024-04-24,21:08:22,부과,만덕동 904
2024-04-24,21:10:22,부과,만덕동 904
2024-04-24,21:10:23,부과,만덕동 904
2024-04-24,21:10:32,부과,만덕동 904
2024-04-24,21:12:22,부과,만덕동 904
2024-04-24,21:16:25,부과,구포동 1269-1
2024-04-24,21:34:27,부과,덕천동 128-8
2024-04-24,21:56:17,부과,만덕동 904
2024-04-24,22:18:26,부과,구포동 1268
2024-04-24,22:18:27,부과,만덕동 783-14
2024-04-24,22:38:24,부과,금곡동 1117
2024-04-24,23:28:17,부과,덕천동 400-8
2024-04-24,23:48:23,부과,덕천동 427-1
2024-04-24,23:56:14,부과,구포동 1084-3
2024-04-25,00:02:18,비부과,덕천동 472
2024-04-25,00:14:21,비부과,화명동 2322
2024-04-25,00:48:26,부과,구포동 446-1
2024-04-25,00:48:31,비부과,구포동 1296
2024-04-25,01:00:15,부과,덕천동 472
2024-04-25,02:10:20,비부과,덕천동 462
2024-04-25,06:18:15,비부과,만덕동 302-1
2024-04-25,06:28:21,부과,구포동 783-28
2024-04-25,07:44:22,부과,화명동 732
2024-04-25,08:10:19,비부과,구포동 923-220
2024-04-25,08:32:17,부과,구포동 247-5
2024-04-25,08:36:44,부과,덕천동 241-12
2024-04-25,10:01:09,대기,
2024-04-25,10:19:06,부과,구포동 783-28
2024-04-25,10:19:06,부과,구포동 783-28
2024-04-25,10:20:47,비부과,화명동 2257
2024-04-25,10:37:03,대기,
2024-04-25,11:15:25,비부과,화명동 1470-20
2024-04-25,11:16:48,부과,만덕동 960
2024-04-25,11:44:31,부과,덕천동 471
2024-04-25,11:48:22,부과,만덕동 950
2024-04-25,12:30:38,부과,만덕동 305-1
2024-04-25,12:36:21,부과,금곡동 812-8
2024-04-25,12:50:27,비부과,화명동 2274-4
2024-04-25,14:12:27,부과,화명동 2257
2024-04-25,14:14:28,부과,화명동 2257
2024-04-25,15:02:51,비부과,덕천동 241-31
2024-04-25,15:10:46,대기,
2024-04-25,15:40:19,대기,
2024-04-25,15:46:52,대기,
2024-04-25,15:47:08,대기,만덕동 955
2024-04-25,15:56:18,대기,만덕동 761-5
2024-04-25,15:58:18,부과,만덕동 846-2
2024-04-25,16:24:15,비부과,덕천동 327
2024-04-25,16:24:15,비부과,구포동 1060-471
2024-04-25,16:36:29,부과,구포동 1060-49
2024-04-25,16:54:32,비부과,만덕동 946
2024-04-25,17:00:30,부과,화명동 745
2024-04-25,17:02:20,부과,구포동 459-2
2024-04-25,17:05:03,부과,화명동 745
2024-04-25,17:06:33,부과,구포동 381-11
2024-04-25,17:20:31,부과,화명동 745
2024-04-25,17:32:37,대기,금곡동 874-3
2024-04-25,17:42:21,부과,만덕동 825-20
2024-04-25,17:44:21,비부과,구포동 1278
2024-04-25,17:44:31,대기,
2024-04-25,17:52:26,부과,화명동 1130-9
2024-04-25,18:12:15,대기,구포동 1280
2024-04-25,23:19:48,부과,구포동 1060-316
2024-04-25,23:19:57,부과,구포동 1060-251
2024-04-25,23:20:09,부과,구포동 1060-316
2024-04-25,23:24:43,부과,구포동 1287
2024-04-25,23:25:28,부과,만덕동 823-8
2024-04-25,23:26:30,부과,덕천동 381-2
2024-04-25,23:30:05,부과,구포동 451-6
2024-04-25,23:30:06,비부과,구포동 451-6
2024-04-25,23:31:22,부과,구포동 584-25
2024-04-25,23:32:36,비부과,구포동 1285
2024-04-25,23:32:46,비부과,구포동 1285
2024-04-25,23:33:42,부과,덕천동 381-3
2024-04-25,23:33:52,비부과,구포동 1240-12
2024-04-25,23:34:13,비부과,화명동 2257
2024-04-25,23:37:05,부과,화명동 189
2024-04-25,23:48:19,부과,만덕동 869-3
2024-04-26,00:08:15,비부과,화명동 2269-1
2024-04-26,00:38:14,비부과,화명동 2257
2024-04-26,00:44:31,비부과,덕천동 462
2024-04-26,01:10:21,비부과,만덕동 935
2024-04-26,08:04:18,부과,만덕동 962-4
2024-04-26,08:26:16,대기,
2024-04-26,08:26:26,부과,만덕동 761-5
2024-04-26,09:14:22,부과,구포동 1271
2024-04-26,09:28:26,부과,덕천동 472
2024-04-26,10:18:27,부과,덕천동 462
2024-04-26,11:34:24,대기,
2024-04-26,11:37:19,대기,
2024-04-26,11:42:19,부과,화명동 2257
2024-04-26,11:46:24,부과,만덕동 904
2024-04-26,11:50:34,부과,구포동 585-4
2024-04-26,12:36:30,비부과,화명동 1229
2024-04-26,13:54:20,대기,만덕동 831-15
2024-04-26,13:56:21,부과,구포동 1189
2024-04-26,14:22:33,대기,
2024-04-26,14:32:27,비부과,구포동 1093
2024-04-26,15:04:19,대기,
2024-04-26,16:08:17,부과,만덕동 904
2024-04-26,16:12:28,부과,만덕동 904
2024-04-26,16:18:22,부과,구포동 1189
2024-04-26,16:20:22,부과,화명동 2257
2024-04-26,16:41:52,비부과,
2024-04-26,17:06:23,부과,덕천동 307-1
2024-04-26,17:24:24,부과,화명동 2272-4
2024-04-26,18:10:36,부과,화명동 1222-2
2024-04-26,18:34:24,부과,구포동 1189
2024-04-26,19:26:17,부과,만덕동 937
2024-04-26,19:28:24,부과,만덕동 937
2024-04-26,19:32:20,비부과,구포동 722-13
2024-04-26,19:36:25,부과,구포동 387-3
2024-04-26,19:40:23,부과,구포동 1189
2024-04-26,19:46:25,부과,구포동 897-21
2024-04-26,19:46:25,부과,화명동 1430
2024-04-26,19:58:19,비부과,구포동 916-1
2024-04-26,20:32:31,부과,만덕동 729-1
2024-04-26,20:34:22,부과,구포동 1282
2024-04-26,20:38:25,부과,구포동 584-25
2024-04-26,21:26:24,부과,화명동 2257
2024-04-26,21:44:21,부과,덕천동 462
2024-04-26,21:46:31,부과,덕천동 416-4
2024-04-26,21:52:13,부과,구포동 148
2024-04-26,21:56:25,대기,만덕동 960
2024-04-26,22:22:25,부과,덕천동 462
2024-04-26,22:24:25,부과,덕천동 416-7
2024-04-26,22:46:22,부과,만덕동 941-2
2024-04-26,22:46:23,비부과,만덕동 941-2
2024-04-26,22:48:24,비부과,만덕동 934
2024-04-26,22:48:25,비부과,구포동 1060-470
2024-04-26,22:48:25,대기,
2024-04-26,23:48:21,대기,화명동 2342
2024-04-27,04:20:26,부과,구포동 1268
2024-04-27,08:40:30,부과,만덕동 935
2024-04-27,08:58:21,부과,구포동 1189
2024-04-27,09:08:24,대기,
2024-04-27,11:40:58,부과,화명동 189
2024-04-27,11:40:58,대기,
2024-04-27,11:48:22,비부과,화명동 2257
2024-04-27,11:52:22,부과,만덕동 904
2024-04-27,12:02:26,비부과,구포동 1189
2024-04-27,12:14:21,대기,
2024-04-27,12:44:30,비부과,만덕동 295-31
2024-04-27,12:49:39,비부과,화명동 2264
2024-04-27,12:52:15,부과,구포동 1213-20
2024-04-27,12:56:18,부과,화명동 2257
2024-04-27,13:26:34,비부과,구포동 1060-470
2024-04-27,13:26:34,부과,화명동 2257
2024-04-27,13:26:34,비부과,구포동 1060-390
2024-04-27,15:46:32,비부과,덕천동 462
2024-04-27,15:56:16,대기,구포동 1280
2024-04-27,16:02:38,부과,구포동 585-9
2024-04-27,17:59:52,비부과,
2024-04-27,18:42:27,부과,구포동 1282
2024-04-27,18:50:29,비부과,구포동 1281
2024-04-27,18:56:27,부과,덕천동 460-1
2024-04-27,19:08:26,부과,만덕동 302-1
2024-04-27,20:24:24,부과,구포동 655-1
2024-04-27,22:06:28,부과,구포동 584-25
2024-04-28,04:36:22,대기,만덕동 937
2024-04-28,06:52:32,부과,구포동 882-31
2024-04-28,06:52:32,부과,구포동 882-31
2024-04-28,07:22:24,대기,덕천동 460-1
2024-04-28,07:52:14,비부과,덕천동 464-14
2024-04-28,07:56:30,부과,화명동 889-2
2024-04-28,08:02:18,부과,만덕동 962
2024-04-28,08:46:16,부과,구포동 527-1
2024-04-28,08:58:19,부과,구포동 584-3
2024-04-28,09:06:21,부과,구포동 584-12
2024-04-28,09:28:18,부과,만덕동 608-18
2024-04-28,09:34:27,부과,구포동 1161-1
2024-04-28,09:34:27,부과,구포동 783-28
2024-04-28,10:00:24,부과,화명동 1130-2
2024-04-28,11:24:18,부과,구포동 729-1
2024-04-28,12:14:27,부과,구포동 1271
2024-04-28,12:24:25,부과,만덕동 904
2024-04-28,12:26:26,부과,만덕동 904
2024-04-28,12:28:30,부과,만덕동 848-1
2024-04-28,12:30:27,부과,구포동 584-3
2024-04-28,12:30:28,부과,만덕동 904
2024-04-28,12:44:22,부과,만덕동 870-15
2024-04-28,12:50:34,부과,만덕동 870-16
2024-04-28,13:02:18,부과,만덕동 870-14
2024-04-28,13:18:14,부과,만덕동 869-10
2024-04-28,13:44:13,대기,
2024-04-28,13:50:26,부과,만덕동 904
2024-04-28,13:50:27,부과,만덕동 904
2024-04-28,13:50:35,부과,만덕동 904
2024-04-28,13:50:35,부과,만덕동 904
2024-04-28,15:04:18,대기,화명동 733
2024-04-28,15:06:28,부과,구포동 1269-1
2024-04-28,15:12:29,부과,구포동 1277
2024-04-28,15:36:18,부과,구포동 882-31
2024-04-28,15:40:19,비부과,화명동 1718-7
2024-04-28,16:06:27,부과,금곡동 108
2024-04-28,17:02:24,부과,구포동 897-21
2024-04-28,17:30:34,부과,덕천동 329
2024-04-28,17:42:28,부과,만덕동 904
2024-04-28,17:42:28,부과,만덕동 904
2024-04-28,18:00:23,부과,만덕동 937
2024-04-28,18:02:14,부과,만덕동 937
2024-04-28,18:16:24,부과,덕천동 810
2024-04-28,18:34:25,부과,덕천동 359-1
2024-04-28,18:56:27,부과,구포동 959-1
2024-04-28,19:02:25,부과,구포동 1271
2024-04-28,19:18:19,부과,덕천동 128-8
2024-04-28,19:30:23,비부과,구포동 1060-67
2024-04-28,19:34:24,부과,덕천동 797
2024-04-28,19:46:17,부과,덕천동 797
2024-04-28,19:48:19,부과,구포동 1269-1
2024-04-28,20:00:32,부과,만덕동 904
2024-04-28,20:02:21,부과,만덕동 904
2024-04-28,20:02:32,부과,만덕동 904
2024-04-28,20:02:32,부과,만덕동 904
2024-04-28,20:02:33,부과,만덕동 904
2024-04-28,20:04:24,부과,만덕동 904
2024-04-28,20:48:25,비부과,구포동 1062-2
2024-04-28,20:58:29,부과,구포동 896-44
2024-04-28,21:04:21,부과,구포동 896-44
2024-04-28,22:39:20,대기,
2024-04-28,23:16:22,부과,덕천동 462
2024-04-28,23:16:32,부과,덕천동 462
2024-04-29,02:46:11,부과,구포동 1268
2024-04-29,06:50:18,부과,구포동 783-28
2024-04-29,08:06:13,부과,덕천동 327
2024-04-29,08:08:14,비부과,구포동 923-218
2024-04-29,08:10:26,부과,덕천동 472
2024-04-29,09:22:21,부과,구포동 1184-8
2024-04-29,09:36:30,대기,화명동 69
2024-04-29,10:08:35,부과,덕천동 312-5
2024-04-29,10:16:11,부과,금곡동 65-4
2024-04-29,10:16:11,부과,구포동 411-3
2024-04-29,10:16:12,부과,덕천동 327
2024-04-29,10:16:12,대기,구포동 1206-12
2024-04-29,10:16:12,비부과,구포동 1060-316
2024-04-29,10:16:12,비부과,화명동 2257
2024-04-29,10:16:12,비부과,화명동 2262
2024-04-29,10:16:12,비부과,화명동 2266-1
2024-04-29,10:16:13,부과,화명동 2159
2024-04-29,10:16:13,비부과,구포동 897-21
2024-04-29,10:16:19,부과,덕천동 308-35
2024-04-29,10:18:20,대기,덕천동 311-9
2024-04-29,10:18:30,부과,덕천동 322-24
2024-04-29,11:32:23,비부과,덕천동 462
2024-04-29,11:38:24,부과,화명동 1216-1
2024-04-29,11:40:16,부과,구포동 584-12
2024-04-29,11:50:28,부과,덕천동 416-4
2024-04-29,13:26:31,비부과,구포동 585-9
2024-04-29,13:32:24,비부과,구포동 733-1
2024-04-29,14:28:11,대기,
2024-04-29,14:44:18,부과,금곡동 835-1
2024-04-29,14:46:28,부과,금곡동 835-1
2024-04-29,14:54:42,비부과,덕천동 464-14
2024-04-29,15:00:24,비부과,구포동 1189
2024-04-29,15:06:27,부과,구포동 391-2
2024-04-29,15:26:37,부과,만덕동 916-6
2024-04-29,15:26:47,대기,
2024-04-29,15:28:28,부과,화명동 2300-2
2024-04-29,16:06:17,부과,만덕동 729-1
2024-04-29,16:18:21,비부과,만덕동 904
2024-04-29,16:21:53,부과,만덕동 904
2024-04-29,16:21:54,대기,
2024-04-29,16:22:23,부과,화명동 2257
2024-04-29,16:22:33,부과,화명동 2257
2024-04-29,16:28:27,대기,화명동 941-1
2024-04-29,16:38:21,부과,만덕동 960
2024-04-29,16:52:27,대기,만덕동 934
2024-04-29,17:20:28,비부과,화명동 2257
2024-04-29,17:22:29,부과,화명동 2277-4
2024-04-29,17:30:35,대기,덕천동 327
2024-04-29,17:34:27,부과,구포동 1060-49
2024-04-29,18:12:24,부과,덕천동 416-4
2024-04-29,18:28:27,부과,만덕동 904
2024-04-29,18:50:24,부과,구포동 1189
2024-04-29,19:50:33,부과,구포동 897-21
2024-04-29,19:54:31,부과,화명동 2315-9
2024-04-30,00:58:12,부과,덕천동 313-5
2024-04-30,07:22:25,부과,구포동 1176-1
2024-04-30,07:22:25,부과,구포동 1176-1
2024-04-30,07:38:21,부과,구포동 1287
2024-04-30,07:38:21,부과,구포동 1287
2024-04-30,08:00:24,비부과,구포동 923-220
2024-04-30,08:02:15,부과,덕천동 327
2024-04-30,08:08:18,부과,덕천동 472
2024-04-30,09:10:30,비부과,덕천동 313-5
2024-04-30,09:14:24,부과,구포동 1271
2024-04-30,09:14:24,부과,덕천동 472
2024-04-30,09:15:17,부과,만덕동 904
2024-04-30,09:18:15,부과,덕천동 472
2024-04-30,09:20:37,부과,덕천동 472
2024-04-30,09:24:18,부과,덕천동 472
2024-04-30,09:28:19,부과,덕천동 462
2024-04-30,09:28:50,비부과,덕천3동 덕천주공2단지 아파트 206동 앞 주차장인데요   아파트입주민이라면 누구나  주차할수있는 주차장에 특정장소에 자기지정석인양 다른입주민들차량은 주차하지못하게 칼라콘으로  주차방해를 지난몇년동안 수시로 방해하는데? 이거 잘못되어도 한참잘못된거아닌가요 이차량주 관리소장인가요? Lh공사 사장인가요? 뭔데 다른입주민들은 이자리에 주차못하게 칼라콘깔때기갔다 놓고 주차방해하죠? 이 차량주아줌마  이자리 돈내고 주차하나요?  이아줌마 관리비 두배로 납부하나요? 이아줌마 뭔데 특혜누릴려고하는데요?? 이부분 지난 몇년가 수회 민원 넣었지만   단속이나 관리 안되는데 잘못된거아닌가요?  이자리 자기 주차지정석 아니라는걸 인지 시켜주시고 다른입주민차량들 주차할수?게 꼴깔로 주차방해 못하게 조치를 lh에서  해결해시길 강력하게 민원질의 합니다
2024-04-30,09:38:21,부과,덕천동 308-35
2024-04-30,09:44:17,부과,덕천동 315-51
2024-04-30,09:53:20,대기,만덕동 백양초등학교 앞 사거리 신호등에 대해 도 한 말씀 드립니다.
2024-04-30,09:55:41,비부과,덕천3동 덕천주공2단지 아파트 206동 앞 주차장인데요   아파트입주민이라면 누구나  주차할수있는 주차장에 특정장소에 자기지정석인양 다른입주민들차량은 주차하지못하게 칼라콘으로  주차방해를 지난몇년동안 수시로 방해하는데? 이거 잘못되어도 한참잘못된거아닌가요 이차량주 관리소장인가요? Lh공사 사장인가요? 뭔데 다른입주민들은 이자리에 주차못하게 칼라콘깔때기갔다 놓고 주차방해하죠? 이 차량주아줌마  이자리 돈내고 주차하나요?  이아줌마 관리비 두배로 납부하나요? 이아줌마 뭔데 특혜누릴려고하는데요?? 이부분 지난 몇년가 수회 민원 넣었지만   단속이나 관리 안되는데 잘못된거아닌가요?  이자리 자기 주차지정석 아니라는걸 인지 시켜주시고 다른입주민차량들 주차할수?게 꼴깔로 주차방해 못하게 조치를 lh에서  해결해시길 강력하게 민원질의 합니다
2024-04-30,10:08:24,부과,덕천동 472
2024-04-30,10:08:26,부과,덕천동 312-4
2024-04-30,10:10:28,부과,덕천동 472
2024-04-30,10:12:34,부과,덕천동 472
2024-04-30,10:14:19,부과,화명동 2257
2024-04-30,10:14:20,부과,구포동 972
2024-04-30,10:14:30,부과,덕천동 472
2024-04-30,10:18:21,부과,구포동 1124-1
2024-04-30,10:18:22,부과,덕천동 327
2024-04-30,10:20:22,부과,화명동 1718-3
2024-04-30,10:36:29,부과,만덕동 955
2024-04-30,10:38:30,부과,만덕동 955
2024-04-30,11:12:24,부과,덕천동 462
2024-04-30,11:28:11,부과,덕천동 424-22
2024-04-30,11:36:14,부과,덕천동 456
2024-04-30,12:42:22,부과,덕천동 456
2024-04-30,13:34:27,부과,구포동 1184-4
2024-04-30,13:40:27,대기,
2024-04-30,13:58:30,부과,만덕동 904
2024-04-30,14:00:15,비부과,만덕동 904
2024-04-30,14:14:23,부과,구포동 585-9
2024-04-30,14:16:34,대기,
2024-04-30,14:24:27,부과,구포동 1184-4
2024-04-30,14:24:27,부과,화명동 1293-1
2024-04-30,14:28:19,비부과,화명동 745
2024-04-30,14:42:25,부과,덕천동 472
2024-04-30,14:44:26,부과,덕천동 472
2024-04-30,14:46:27,부과,덕천동 472
2024-04-30,14:58:21,부과,구포동 612-15
2024-04-30,15:00:33,부과,구포동 625-1
2024-04-30,15:42:41,비부과,덕천동 462
2024-04-30,16:00:38,부과,구포동 1282
2024-04-30,16:13:30,대기,
2024-04-30,16:26:40,대기,
2024-04-30,16:34:23,부과,화명동 699-1
2024-04-30,17:08:18,비부과,금곡동 683-7
2024-04-30,17:10:36,부과,금곡동 683-7
2024-04-30,17:12:19,대기,금곡동 102
2024-04-30,17:12:29,대기,금곡동 102
2024-04-30,17:12:29,비부과,금곡동 683-7
2024-04-30,17:14:27,대기,
2024-04-30,17:32:09,대기,
2024-04-30,17:32:30,부과,구포동 1189
2024-04-30,18:02:21,비부과,구포동 1141-116
2024-04-30,18:15:41,대기,
2024-04-30,18:26:12,부과,구포동 905-8
2024-04-30,18:32:24,부과,덕천동 462
2024-04-30,18:54:11,부과,덕천동 416-4
2024-04-30,18:56:22,비부과,구포동 1172-22
2024-04-30,19:00:23,부과,만덕동 935
2024-04-30,19:04:27,대기,
2024-04-30,19:04:28,비부과,금곡동 54-7
2024-04-30,19:14:19,부과,화명동 2257
2024-04-30,19:16:31,비부과,구포동 916-1
2024-04-30,19:18:31,부과,화명동 1293-1
2024-04-30,19:22:22,부과,만덕동 904
2024-04-30,19:22:23,부과,화명동 2272-4
2024-04-30,19:58:22,부과,화명동 2257
2024-04-30,20:08:15,부과,만덕동 913-8
2024-04-30,21:12:27,부과,만덕동 904
2024-04-30,21:22:30,부과,구포동 916-1
2024-04-30,22:02:25,대기,
2024-04-30,22:22:27,부과,화명동 2306
2024-04-30,22:26:22,부과,덕천동 462
2024-04-30,22:50:18,부과,구포동 1268
2024-04-30,23:32:13,부과,구포동 1137
2024-04-30,23:58:21,부과,덕천동 326-1
2024-05-01,01:24:22,부과,구포동 1060-471
2024-05-01,02:10:24,비부과,화명동 2341-2
2024-05-01,08:59:22,대기,덕천동 763-29
2024-05-01,09:10:28,부과,구포동 413-6
2024-05-01,09:14:20,부과,덕천동 472
2024-05-01,09:16:29,부과,덕천동 472
2024-05-01,09:40:28,비부과,구포동 1127-43
2024-05-01,10:02:18,부과,화명동 882-1
2024-05-01,10:34:30,부과,덕천동 472
2024-05-01,10:36:21,부과,만덕동 598-6
2024-05-01,10:50:26,비부과,덕천동 331-11
2024-05-01,10:52:28,부과,덕천동 355-3
2024-05-01,10:56:18,부과,만덕동 903
2024-05-01,11:58:24,부과,만덕동 825-20
2024-05-01,12:00:25,부과,덕천동 757-4
2024-05-01,13:00:24,비부과,화명동 377-9
2024-05-01,13:00:24,비부과,구포동 706-54
2024-05-01,13:02:26,부과,만덕동 950
2024-05-01,13:14:19,부과,구포동 613-18
2024-05-01,13:40:34,비부과,만덕동 774-7
2024-05-01,13:44:35,대기,
2024-05-01,14:16:30,부과,구포동 1184-9
2024-05-01,16:39:05,비부과,구포동 211-7
2024-05-01,16:40:26,부과,만덕동 823-33
2024-05-01,16:40:26,대기,덕천동 327
2024-05-01,16:43:38,대기,만덕동 759-3
2024-05-01,16:44:21,비부과,덕천동 327
2024-05-01,16:51:21,대기,
2024-05-01,17:20:14,부과,덕천동 473-4
2024-05-01,18:32:23,부과,화명동 1134-4
2024-05-01,19:33:11,대기,
2024-05-01,19:46:31,부과,덕천동 462
2024-05-01,19:52:24,비부과,화명동 2257
2024-05-01,20:42:32,부과,덕천동 462
2024-05-01,20:46:12,부과,덕천동 462
2024-05-01,20:50:30,부과,금곡동 1885
2024-05-01,21:04:18,대기,화명동 2257
2024-05-01,21:16:22,비부과,덕천동 814-4
2024-05-01,21:24:24,비부과,화명동 2257
2024-05-01,21:48:22,부과,화명동 1431
2024-05-01,22:28:24,비부과,구포동 923-207
2024-05-01,22:42:28,대기,화명동 2278-2
2024-05-01,22:48:18,비부과,덕천동 462
2024-05-02,06:20:21,부과,구포동 982-34
2024-05-02,06:22:11,부과,구포동 729-8
2024-05-02,06:24:15,부과,구포동 729-8
2024-05-02,06:36:13,비부과,구포동 1293
2024-05-02,07:32:26,대기,
2024-05-02,08:12:27,부과,덕천동 472
2024-05-02,08:38:16,비부과,금곡동 1881
2024-05-02,09:28:36,대기,
2024-05-02,09:30:19,대기,
2024-05-02,09:34:21,부과,만덕동 904
2024-05-02,09:50:27,대기,
2024-05-02,10:38:26,부과,화명동 2276-6
2024-05-02,10:55:47,대기,
2024-05-02,10:56:26,부과,화명동 1718-3
2024-05-02,11:06:21,부과,구포동 1189
2024-05-02,11:08:20,부과,구포동 1060-27
2024-05-02,11:08:30,부과,구포동 1124-13
2024-05-02,11:10:31,비부과,구포동 920-13
2024-05-02,11:26:21,부과,덕천동 316-40
2024-05-02,11:46:27,부과,구포동 1189
2024-05-02,11:48:28,비부과,구포동 1124-13
2024-05-02,11:58:09,대기,
2024-05-02,14:00:17,부과,구포동 1271
2024-05-02,14:34:24,부과,구포동 1224
2024-05-02,14:38:18,부과,구포동 1060-51
2024-05-02,15:02:34,부과,구포동 1060-22
2024-05-02,15:26:35,부과,만덕동 725-10
2024-05-02,15:34:28,부과,구포동 585-9
2024-05-02,15:54:27,비부과,화명동 745
2024-05-02,15:56:26,부과,화명동 745
2024-05-02,16:02:32,비부과,구포동 1189
2024-05-02,16:06:51,부과,화명동 1293-1
2024-05-02,16:06:51,부과,만덕동 904
2024-05-02,16:10:24,부과,화명동 745
2024-05-02,16:12:15,부과,화명동 745
2024-05-02,16:24:18,비부과,화명동 2257
2024-05-02,16:28:21,부과,구포동 1060-50
2024-05-02,16:50:27,부과,만덕동 955
2024-05-02,17:02:20,부과,화명동 745
2024-05-02,17:02:41,부과,화명동 745
2024-05-02,17:04:32,부과,화명동 2322
2024-05-02,17:12:35,비부과,구포동 1166-13
2024-05-02,17:13:28,부과,화명동 745
2024-05-02,17:22:22,부과,화명동 745
2024-05-02,17:24:24,부과,화명동 1293-1
2024-05-02,17:28:29,대기,
2024-05-02,18:06:30,부과,화명동 1293-4
2024-05-02,18:25:30,대기,
2024-05-02,18:40:27,대기,만덕동 922-1
2024-05-02,18:40:27,부과,금곡동 121
2024-05-02,18:40:27,부과,금곡동 121
2024-05-02,18:52:18,부과,구포동 1277
2024-05-02,19:14:15,부과,만덕동 763-14
2024-05-02,19:34:13,비부과,덕천동 469
2024-05-02,19:44:21,비부과,덕천동 469
2024-05-02,20:04:22,부과,화명동 2322
2024-05-02,20:06:23,부과,만덕동 955-5
2024-05-02,20:28:39,부과,만덕동 955-3
2024-05-02,20:34:27,부과,만덕동 937
2024-05-02,20:34:27,대기,덕천동 241-12
2024-05-02,21:06:13,부과,만덕동 904
2024-05-02,21:18:18,부과,화명동 745
2024-05-02,21:40:25,부과,덕천동 416-7
2024-05-02,21:48:16,부과,덕천동 467-2
2024-05-02,23:00:15,부과,구포동 1205-26
2024-05-02,23:14:29,대기,만덕동 960
2024-05-03,01:14:19,부과,화명동 1431
2024-05-03,03:06:20,비부과,덕천동 381-16
2024-05-03,06:24:15,비부과,덕천동 327
2024-05-03,06:28:18,비부과,구포동 882-31
2024-05-03,06:40:27,대기,구포동 146-3
2024-05-03,07:18:14,대기,덕천동 241-12
2024-05-03,07:32:28,대기,화명동 2257
2024-05-03,07:48:20,부과,구포동 882-31
2024-05-03,08:00:22,비부과,구포동 923-220
2024-05-03,08:02:27,부과,덕천동 472
2024-05-03,08:06:13,부과,덕천동 561-1
2024-05-03,08:08:24,부과,구포동 1265
2024-05-03,08:14:21,부과,덕천동 467-2
2024-05-03,09:12:17,부과,구포동 584-12
2024-05-03,09:16:18,부과,만덕동 937
2024-05-03,09:18:25,부과,구포동 894
2024-05-03,09:26:14,부과,구포동 584-15
2024-05-03,09:30:37,부과,덕천동 330-2
2024-05-03,09:32:32,부과,덕천동 653
2024-05-03,09:46:24,부과,덕천동 316-40
2024-05-03,09:48:24,비부과,덕천동 462
2024-05-03,09:58:24,부과,화명동 2257
2024-05-03,10:02:26,부과,화명동 2257
2024-05-03,10:04:21,부과,화명동 2257
2024-05-03,10:44:55,대기,
2024-05-03,10:56:19,부과,화명동 2257
2024-05-03,11:18:28,부과,구포동 1060-316
2024-05-03,11:20:18,부과,구포동 1060-402
2024-05-03,11:26:22,부과,화명동 1293-1
2024-05-03,11:46:19,부과,구포동 584-12
2024-05-03,11:58:14,대기,
2024-05-03,12:10:19,부과,만덕동 943-1
2024-05-03,12:40:32,부과,덕천동 316-40
2024-05-03,12:42:24,비부과,만덕동 903
2024-05-03,12:54:16,비부과,덕천동 372-1
2024-05-03,13:30:25,부과,만덕동 904
2024-05-03,13:52:24,비부과,구포동 585-9
2024-05-03,13:53:54,대기,금곡동 681-1
2024-05-03,14:14:25,비부과,구포동 1289
2024-05-03,14:24:30,대기,금곡동 903-1
2024-05-03,14:34:24,대기,구포동 1284
2024-05-03,14:52:21,대기,금곡동 874-4
2024-05-03,15:12:18,부과,구포동 461-1
2024-05-03,15:12:18,부과,만덕동 903
2024-05-03,15:20:21,부과,덕천동 462
2024-05-03,15:24:23,부과,화명동 2316-6
2024-05-03,15:30:14,부과,구포동 1060-51
2024-05-03,15:40:21,부과,구포동 1060-51
2024-05-03,15:44:32,부과,구포동 1060-316
2024-05-03,16:10:24,대기,구포동 175-5
2024-05-03,16:14:21,대기,덕천동 462
2024-05-03,16:28:25,부과,구포동 1060-470
2024-05-03,16:28:32,대기,
2024-05-03,16:46:19,부과,만덕동 904
2024-05-03,17:24:15,부과,구포동 459-2
2024-05-03,17:26:26,부과,구포동 387-3
2024-05-03,18:30:20,대기,
2024-05-03,18:39:54,대기,
2024-05-03,18:53:45,부과,화명동 2257
2024-05-03,19:03:39,대기,금곡동 686-4
2024-05-03,20:04:31,부과,만덕동 904
2024-05-03,20:12:30,비부과,구포동 1154-26
2024-05-03,20:16:14,부과,구포동 160-3
2024-05-03,20:16:25,부과,구포동 489-1
2024-05-03,20:24:27,부과,만덕동 904
2024-05-03,20:38:21,대기,
2024-05-03,20:38:21,대기,
2024-05-03,21:00:28,부과,만덕동 904
2024-05-03,21:10:31,부과,만덕동 905
2024-05-03,21:40:21,부과,구포동 897-21
2024-05-03,22:16:26,부과,덕천동 462
2024-05-03,22:20:18,부과,덕천동 416-22
2024-05-03,23:02:25,부과,구포동 1082-12
2024-05-03,23:10:24,부과,금곡동 521-9
2024-05-04,00:36:20,대기,
2024-05-04,02:06:17,부과,구포동 761-17
2024-05-04,06:48:17,부과,구포동 1124-13
2024-05-04,07:02:21,대기,구포동 1060-316
2024-05-04,07:06:10,부과,구포동 1267
2024-05-04,07:32:25,부과,구포동 1184-9
2024-05-04,08:32:10,부과,덕천동 355-4
2024-05-04,08:40:22,부과,구포동 918-5
2024-05-04,09:20:23,부과,구포동 1189
2024-05-04,09:22:23,부과,덕천동 425-2
2024-05-04,09:34:16,부과,덕천동 424-27
2024-05-04,09:42:24,부과,구포동 1154-24
2024-05-04,09:50:21,부과,화명동 1429-2
2024-05-04,09:54:22,부과,덕천동 327
2024-05-04,10:02:15,부과,구포동 1153
2024-05-04,10:17:36,부과,구포동 1159
2024-05-04,10:22:30,부과,구포동 729-1
2024-05-04,10:44:17,부과,만덕동 598-6
2024-05-04,11:42:29,부과,구포동 1060-316
2024-05-04,12:24:30,비부과,금곡동 1881
2024-05-04,12:28:18,부과,구포동 1278
2024-05-04,13:36:22,부과,구포동 1278
2024-05-04,13:36:22,비부과,화명동 1429-2
2024-05-04,13:48:26,부과,화명동 2257
2024-05-04,14:04:21,부과,덕천동 327
2024-05-04,14:38:22,비부과,덕천동 462
2024-05-04,16:10:28,대기,
2024-05-04,16:14:34,대기,만덕동 435-2
2024-05-04,16:20:28,부과,화명동 1150
2024-05-04,16:32:22,부과,구포동 1215-2
2024-05-04,16:38:26,부과,구포동 1189
2024-05-04,16:54:19,비부과,구포동 148
2024-05-04,17:08:23,부과,덕천동 462
2024-05-04,17:23:34,비부과,화명동 2281
2024-05-04,17:25:33,부과,구포동 1184-9
2024-05-04,17:32:24,부과,화명동 745
2024-05-04,17:54:17,부과,덕천동 462
2024-05-04,17:58:22,부과,만덕동 904
2024-05-04,19:37:40,부과,구포동 1160
2024-05-04,19:46:18,비부과,구포동 584-25
2024-05-04,19:48:18,대기,
2024-05-04,19:54:21,부과,만덕동 904
2024-05-04,20:22:22,비부과,구포동 975-4
2024-05-04,20:27:30,비부과,구포동 986-5
2024-05-04,20:27:31,부과,덕천동 462
2024-05-04,20:28:24,부과,덕천동 416-4
2024-05-04,20:28:24,비부과,구포동 986-56
2024-05-04,20:28:25,부과,덕천동 462
2024-05-04,20:31:42,부과,덕천동 462
2024-05-04,20:48:21,부과,구포동 700-149
2024-05-04,20:50:24,부과,구포동 1269-1
2024-05-04,20:54:24,부과,구포동 1207-9
2024-05-04,20:54:24,부과,구포동 1160
2024-05-04,21:10:21,비부과,덕천동 462
2024-05-04,21:10:30,부과,덕천동 381-16
2024-05-04,21:26:25,대기,화명동 194-2
2024-05-04,22:02:17,부과,만덕동 941-2
2024-05-04,22:04:20,부과,만덕동 941-2
2024-05-04,22:20:24,대기,화명동 2257
2024-05-04,22:54:14,부과,구포동 1141-240
2024-05-04,22:56:14,부과,구포동 1141-240
2024-05-04,22:59:42,비부과,화명동 2257
2024-05-04,22:59:43,부과,구포동 1141-240
2024-05-04,23:00:26,비부과,구포동 1141-232
2024-05-04,23:20:22,부과,화명동 2257
2024-05-05,00:22:20,비부과,덕천동 401-22
2024-05-05,02:32:16,대기,덕천동 597
2024-05-05,06:42:10,부과,만덕동 963
2024-05-05,07:14:24,부과,덕천동 322-10
2024-05-05,08:36:18,부과,구포동 381-3
2024-05-05,09:42:22,부과,화명동 2270-4
2024-05-05,09:54:18,부과,화명동 1718-3
2024-05-05,09:56:15,부과,덕천동 327
2024-05-05,10:25:38,부과,구포동 1189
2024-05-05,10:40:26,부과,구포동 584-3
2024-05-05,11:22:20,부과,덕천동 462
2024-05-05,12:04:20,부과,덕천동 415-14
2024-05-05,12:15:41,부과,만덕동 904
2024-05-05,12:28:17,비부과,덕천동 350-8
2024-05-05,12:32:19,비부과,덕천동 350-8
2024-05-05,12:34:14,대기,
2024-05-05,12:34:20,부과,화명동 2322
2024-05-05,13:20:14,비부과,만덕동 381-8
2024-05-05,13:22:25,부과,구포동 548-1
2024-05-05,13:58:25,부과,화명동 2257
2024-05-05,14:08:24,대기,
2024-05-05,14:34:16,부과,만덕동 904
2024-05-05,14:34:16,부과,만덕동 904
2024-05-05,14:42:18,비부과,화명동 2257
2024-05-05,14:42:18,부과,구포동 584-3
2024-05-05,16:26:34,부과,덕천동 462
2024-05-05,17:10:27,부과,구포동 1278
2024-05-05,17:58:18,부과,만덕동 904
2024-05-05,17:58:19,부과,만덕동 904
2024-05-05,18:24:15,비부과,덕천동 462
2024-05-05,19:54:17,부과,덕천동 462
2024-05-05,19:56:07,부과,구포동 1091-5
2024-05-05,19:56:17,대기,화명동 1430
2024-05-05,20:50:27,부과,화명동 2257
2024-05-05,20:50:27,부과,화명동 2257
2024-05-05,20:52:21,부과,화명동 2257
2024-05-05,20:52:22,부과,화명동 2257
2024-05-05,20:54:12,비부과,화명동 2257
2024-05-05,20:54:12,비부과,덕천동 328
2024-05-05,20:54:12,부과,화명동 2257
2024-05-05,21:28:19,부과,덕천동 462
2024-05-05,23:32:18,부과,구포동 413-7
2024-05-05,23:44:11,비부과,구포동 435-3
2024-05-06,06:50:20,부과,구포동 1189
2024-05-06,08:22:27,부과,덕천동 561-1
2024-05-06,08:26:51,부과,화명동 1474-1
2024-05-06,09:12:26,부과,덕천동 472
2024-05-06,09:14:21,부과,덕천동 653
2024-05-06,09:16:27,부과,덕천동 472
2024-05-06,09:20:18,부과,구포동 1189
2024-05-06,09:26:19,비부과,구포동 585-9
2024-05-06,09:52:18,부과,덕천동 322-24
2024-05-06,09:54:26,부과,덕천동 472
2024-05-06,09:56:16,부과,덕천동 315-12
2024-05-06,10:16:22,부과,덕천동 326-10
2024-05-06,10:18:23,부과,덕천동 472
2024-05-06,10:42:29,부과,금곡동 108
2024-05-06,10:48:21,부과,구포동 413-6
2024-05-06,11:10:27,부과,덕천동 327
2024-05-06,11:32:12,비부과,금곡동 1117
2024-05-06,11:44:24,부과,만덕동 268-3
2024-05-06,12:24:20,부과,화명동 2257
2024-05-06,12:40:24,비부과,금곡동 1117
2024-05-06,13:00:36,부과,구포동 1259-35
2024-05-06,13:36:24,비부과,만덕동 950
2024-05-06,13:38:24,비부과,만덕동 950
2024-05-06,13:40:35,비부과,금곡동 108
2024-05-06,13:44:15,대기,
2024-05-06,13:52:21,부과,만덕동 903
2024-05-06,14:32:22,부과,구포동 584-25
2024-05-06,14:36:33,부과,덕천동 472
2024-05-06,15:10:33,부과,구포동 883
2024-05-06,15:10:33,부과,구포동 883
2024-05-06,16:22:28,부과,구포동 147-3
2024-05-06,17:06:18,대기,
2024-05-06,17:54:22,비부과,화명동 2257
2024-05-06,17:58:22,비부과,화명동 2257
2024-05-06,18:44:27,부과,만덕동 935
2024-05-06,19:08:35,비부과,화명동 745
2024-05-06,19:20:29,부과,화명동 1225-1
2024-05-06,19:22:20,비부과,구포동 465-1
2024-05-06,19:28:21,비부과,구포동 1279
2024-05-06,19:31:52,대기,
2024-05-06,19:32:22,비부과,구포동 1279
2024-05-06,19:42:20,대기,
2024-05-06,19:53:23,대기,전자동 주차시설을 여러번 건의했는데
2024-05-06,20:18:19,부과,구포동 916-1
2024-05-06,20:36:30,부과,덕천동 381-16
2024-05-06,21:04:21,부과,화명동 197
2024-05-06,21:20:27,부과,덕천동 462
2024-05-06,21:40:21,부과,구포동 584-25
2024-05-06,22:02:19,부과,화명동 1261-4
2024-05-06,22:34:24,부과,덕천동 462
2024-05-06,23:48:21,부과,구포동 1236-1
2024-05-07,02:52:27,부과,구포동 1268
2024-05-07,07:48:10,부과,구포동 1296
2024-05-07,07:50:20,부과,구포동 295-12
2024-05-07,07:52:20,부과,구포동 365-2
2024-05-07,08:04:14,부과,만덕동 959-2
2024-05-07,08:06:18,부과,덕천동 327
2024-05-07,08:16:28,비부과,금곡동 1881
2024-05-07,09:12:22,부과,구포동 1189
2024-05-07,09:30:27,부과,덕천동 315-10
2024-05-07,09:32:23,부과,덕천동 315-12
2024-05-07,09:38:36,부과,덕천동 312-5
2024-05-07,09:40:39,부과,덕천동 653
2024-05-07,09:40:47,부과,덕천동 472
2024-05-07,09:48:36,부과,구포동 584-3
2024-05-07,10:10:35,부과,만덕동 903
2024-05-07,10:12:05,대기,
2024-05-07,10:20:30,부과,화명동 2257
2024-05-07,10:22:25,부과,화명동 2257
2024-05-07,10:24:33,부과,화명동 2271-4
2024-05-07,10:26:23,부과,화명동 2257
2024-05-07,10:27:13,대기,
2024-05-07,10:32:27,부과,만덕동 824-35
2024-05-07,10:36:28,비부과,화명동 1365
2024-05-07,10:38:09,대기,금곡동 1117
2024-05-07,10:42:32,부과,만덕동 903
2024-05-07,10:45:13,대기,
2024-05-07,10:56:30,대기,
2024-05-07,11:00:32,대기,
2024-05-07,11:00:32,대기,덕천동 403-1
2024-05-07,11:32:28,부과,구포동 1189
2024-05-07,11:36:30,대기,금곡동 1881
2024-05-07,11:42:25,대기,덕천동 597
2024-05-07,11:42:25,대기,덕천동 597
2024-05-07,11:56:28,부과,만덕동 903
2024-05-07,11:58:21,부과,만덕동 598-6
2024-05-07,12:02:21,부과,덕천동 290-4
2024-05-07,12:49:37,비부과,
2024-05-07,13:16:06,부과,덕천동 472
2024-05-07,13:28:26,대기,덕천동 554-1
2024-05-07,13:28:26,대기,덕천동 554-1
2024-05-07,13:34:19,부과,구포동 1124-1
2024-05-07,14:34:21,부과,덕천동 561-1
2024-05-07,15:16:44,대기,
2024-05-07,15:28:21,부과,구포동 1189
2024-05-07,15:44:30,부과,구포동 391-5
2024-05-07,15:56:25,부과,화명동 2272-4
2024-05-07,16:13:24,비부과,
2024-05-07,17:02:37,대기,
2024-05-07,17:06:29,부과,만덕동 824-35
2024-05-07,17:46:28,부과,만덕동 937
2024-05-07,18:28:14,부과,화명동 2257
2024-05-07,18:34:37,부과,화명동 2280
2024-05-07,18:42:21,부과,화명동 2257
2024-05-07,19:30:30,부과,화명동 1430
2024-05-07,19:34:21,비부과,만덕동 937
2024-05-07,20:02:17,부과,구포동 300
2024-05-07,20:02:18,대기,
2024-05-07,20:10:22,비부과,덕천동 472
2024-05-07,20:20:26,비부과,화명동 2257
2024-05-07,20:38:22,부과,화명동 2257
2024-05-07,20:42:33,부과,화명동 2257
2024-05-07,20:58:09,부과,덕천동 462
2024-05-07,20:58:21,부과,구포동 1084-3
2024-05-07,21:20:27,비부과,화명동 2257
2024-05-07,21:32:21,대기,금곡동 1636
2024-05-07,22:48:22,비부과,덕천동 408-35
2024-05-08,01:00:25,비부과,덕천동 462
2024-05-08,05:58:17,부과,덕천동 462
2024-05-08,07:58:30,대기,화명동 1718-7
2024-05-08,07:58:30,대기,화명동 1718-7
2024-05-08,08:10:23,부과,덕천동 327
2024-05-08,08:14:25,부과,덕천동 472
2024-05-08,08:16:15,비부과,만덕동 290-11
2024-05-08,08:18:27,부과,덕천동 561-3
2024-05-08,09:40:19,비부과,덕천동 312-4
2024-05-08,09:40:40,부과,덕천동 312-4
2024-05-08,09:42:31,부과,덕천동 472
2024-05-08,09:50:24,부과,구포동 548-2
2024-05-08,09:56:31,부과,화명동 2257
2024-05-08,10:47:22,대기,와석장터로 인근 이용중입니다.
2024-05-08,11:44:30,부과,만덕동 950
2024-05-08,12:02:18,비부과,만덕동 950
2024-05-08,12:04:19,부과,만덕동 949-2
2024-05-08,12:04:19,부과,만덕동 825-20
2024-05-08,12:04:19,부과,만덕동 950
2024-05-08,12:06:30,비부과,만덕동 950
2024-05-08,12:14:24,부과,구포동 1060-22
2024-05-08,12:34:32,부과,만덕동 904
2024-05-08,12:56:30,비부과,화명동 1410-7
2024-05-08,13:10:47,대기,와석장터로 인근 이용중입니다.
2024-05-08,13:25:34,대기,
2024-05-08,13:34:29,비부과,덕천동 472
2024-05-08,14:28:26,비부과,화명동 745
2024-05-08,14:32:33,부과,화명동 745
2024-05-08,14:42:31,비부과,화명동 2257
2024-05-08,14:42:33,부과,화명동 2257
2024-05-08,14:56:29,부과,덕천동 462
2024-05-08,15:03:32,대기,
2024-05-08,15:20:41,부과,덕천동 416-4
2024-05-08,15:24:28,부과,구포동 611-1
2024-05-08,15:30:26,부과,구포동 655-5
2024-05-08,15:34:28,비부과,만덕동 950
2024-05-08,15:40:31,부과,만덕동 844-6
2024-05-08,16:13:16,비부과,
2024-05-08,16:30:36,부과,화명동 1293-2
2024-05-08,16:30:36,부과,구포동 1124-1
2024-05-08,16:32:16,부과,덕천동 416-4
2024-05-08,16:36:39,비부과,화명동 1293-2
2024-05-08,16:40:30,부과,금곡동 121
2024-05-08,16:42:22,비부과,덕천동 462
2024-05-08,16:42:32,부과,구포동 857-6
2024-05-08,16:52:33,부과,화명동 2257
2024-05-08,16:56:21,비부과,
2024-05-08,16:56:30,부과,만덕동 904
2024-05-08,17:06:38,비부과,
2024-05-08,17:08:27,대기,
2024-05-08,17:10:21,대기,
2024-05-08,17:10:29,부과,구포동 1124-13
2024-05-08,17:44:25,대기,
2024-05-08,17:52:30,비부과,구포동 1268
2024-05-08,17:59:04,대기,
2024-05-08,18:04:15,대기,덕천동 585-3
2024-05-08,18:48:24,부과,만덕동 736-24
2024-05-08,20:08:12,대기,
2024-05-08,20:14:13,부과,구포동 584-25
2024-05-08,21:42:24,부과,덕천동 467-2
2024-05-08,22:42:31,부과,만덕동 646-18
2024-05-08,22:58:29,부과,구포동 1082-12
2024-05-09,00:36:22,비부과,덕천동 328
2024-05-09,05:44:18,대기,
2024-05-09,06:16:18,비부과,만덕동 302-1
2024-05-09,07:06:24,부과,화명동 2274-4
2024-05-09,07:08:14,대기,구포동 959-1
2024-05-09,07:36:20,부과,덕천동 462
2024-05-09,07:44:27,비부과,구포동 1283
2024-05-09,07:52:30,비부과,구포동 923-220
2024-05-09,08:11:06,부과,덕천동 472
2024-05-09,08:11:07,부과,덕천동 472
2024-05-09,08:14:20,부과,덕천동 472
2024-05-09,08:50:24,대기,구포동 894
2024-05-09,08:54:15,대기,
2024-05-09,09:02:19,대기,금곡동 698-44
2024-05-09,09:06:20,대기,화명동 2278-3
2024-05-09,09:08:28,대기,화명동 2269-1
2024-05-09,09:28:20,비부과,덕천동 462
2024-05-09,10:04:26,부과,화명동 745
2024-05-09,10:06:24,부과,화명동 1293-1
2024-05-09,10:12:21,부과,화명동 2277-4
2024-05-09,10:20:33,비부과,화명동 2257
2024-05-09,10:28:25,부과,화명동 2257
2024-05-09,10:32:27,비부과,화명동 2257
2024-05-09,10:42:21,대기,덕천동 597
2024-05-09,10:42:31,부과,화명동 745
2024-05-09,10:44:51,대기,덕천동 464-14
2024-05-09,10:46:22,비부과,화명동 745
2024-05-09,10:58:33,부과,덕천동 462
2024-05-09,12:04:37,부과,구포동 1189
2024-05-09,12:24:12,부과,금곡동 56-1
2024-05-09,12:38:18,부과,만덕동 825-20
2024-05-09,12:44:29,부과,구포동 1189
2024-05-09,12:48:25,부과,금곡동 116
2024-05-09,13:19:55,대기,
2024-05-09,13:22:17,부과,덕천동 472
2024-05-09,13:22:27,부과,만덕동 873-15
2024-05-09,13:38:24,부과,화명동 745
2024-05-09,14:16:21,부과,화명동 745
2024-05-09,14:16:31,부과,덕천동 403-16
2024-05-09,14:16:31,부과,화명동 745
2024-05-09,14:18:40,부과,화명동 745
2024-05-09,14:26:27,대기,만덕동 810-34
2024-05-09,14:36:27,부과,화명동 2270-5
2024-05-09,15:04:22,부과,덕천동 561-1
2024-05-09,15:16:29,대기,
2024-05-09,16:38:33,대기,
2024-05-09,16:46:37,비부과,구포동 857-6
2024-05-09,17:02:24,부과,덕천동 403-15
2024-05-09,17:04:35,부과,덕천동 327
2024-05-09,17:50:34,대기,
2024-05-09,18:06:24,부과,구포동 549-2
2024-05-09,18:08:23,비부과,만덕동 937
2024-05-09,18:08:23,비부과,화명동 2262
2024-05-09,18:16:39,비부과,구포동 451-6
2024-05-09,19:08:14,비부과,화명동 745
2024-05-09,19:48:33,비부과,만덕동 830-49
2024-05-09,20:50:28,비부과,구포동 1289
2024-05-09,20:50:30,대기,만덕동 905
2024-05-09,20:56:21,부과,구포동 584-25
2024-05-09,21:08:27,부과,구포동 1189
2024-05-09,21:14:16,부과,금곡동 108
2024-05-09,22:16:21,대기,구포동 1277
2024-05-09,22:16:21,대기,구포동 1277
2024-05-09,22:46:19,비부과,구포동 1082-12
2024-05-09,22:54:20,부과,구포동 1082-12
2024-05-09,23:04:14,부과,화명동 699-1
2024-05-09,23:04:25,대기,구포동 1277
2024-05-09,23:10:15,비부과,구포동 1277
2024-05-10,00:48:21,비부과,구포동 975-4
2024-05-10,01:48:25,부과,구포동 1237-17
2024-05-10,01:58:19,대기,구포동 1120-4
2024-05-10,06:16:27,비부과,만덕동 302-1
2024-05-10,07:26:15,비부과,덕천동 322-21
2024-05-10,08:16:26,부과,덕천동 462
2024-05-10,08:56:33,대기,
2024-05-10,08:56:33,부과,구포동 1160
2024-05-10,09:05:29,대기,
2024-05-10,10:20:28,부과,만덕동 843
2024-05-10,10:22:27,부과,구포동 384-3
2024-05-10,11:14:28,비부과,화명동 745
2024-05-10,11:16:28,부과,화명동 745
2024-05-10,11:56:30,부과,화명동 745
2024-05-10,11:56:35,부과,화명동 745
2024-05-10,11:58:18,부과,화명동 1293-1
2024-05-10,11:58:27,부과,화명동 745
2024-05-10,12:00:27,부과,만덕동 955-5
2024-05-10,12:02:30,부과,화명동 1470-31
2024-05-10,12:04:19,부과,화명동 745
2024-05-10,12:04:19,부과,만덕동 904
2024-05-10,12:04:30,부과,화명동 745
2024-05-10,12:06:21,부과,만덕동 825-20
2024-05-10,12:16:24,비부과,만덕동 904
2024-05-10,12:22:18,부과,덕천동 335-1
2024-05-10,12:22:18,부과,구포동 464-1
2024-05-10,12:26:30,부과,덕천동 472
2024-05-10,12:28:21,부과,덕천동 312-5
2024-05-10,12:30:24,부과,덕천동 312-5
2024-05-10,12:30:33,부과,덕천동 472
2024-05-10,12:34:24,부과,덕천동 472
2024-05-10,12:44:30,부과,덕천동 315-12
2024-05-10,12:46:20,부과,덕천동 399-10
2024-05-10,13:21:42,대기,
2024-05-10,13:48:22,부과,화명동 1430
2024-05-10,13:52:21,비부과,화명동 1430
2024-05-10,13:54:32,비부과,화명동 1430
2024-05-10,14:08:19,비부과,화명동 1410-10
2024-05-10,14:14:31,부과,덕천동 797
2024-05-10,14:46:26,부과,덕천동 797
2024-05-10,14:46:26,부과,구포동 1189
2024-05-10,14:54:30,비부과,구포동 1189
2024-05-10,16:04:29,부과,만덕동 848-1
2024-05-10,16:58:20,부과,화명동 745
2024-05-10,16:58:30,부과,화명동 745
2024-05-10,17:00:31,부과,화명동 745
2024-05-10,17:44:31,비부과,구포동 1060-316
2024-05-11,12:43:55,대기,
2024-05-11,13:31:27,부과,구포동 1160
2024-05-11,13:33:02,부과,구포동 451-1
2024-05-11,14:02:41,대기,금곡동 1343
2024-05-11,14:02:43,대기,금곡동 874-4
2024-05-11,14:08:55,부과,덕천동 381-16
2024-05-11,14:09:15,비부과,화명동 2257
2024-05-11,14:19:38,부과,구포동 918-5
2024-05-11,14:20:54,대기,
2024-05-11,14:20:55,비부과,만덕동 957-2
2024-05-11,14:21:04,부과,만덕동 935
2024-05-11,14:23:53,비부과,구포동 585-9
2024-05-11,14:23:59,비부과,만덕동 935
2024-05-11,14:29:18,부과,구포동 263-9
2024-05-11,14:30:37,부과,덕천동 315-51
2024-05-11,14:30:37,대기,
2024-05-11,14:30:39,대기,
2024-05-11,14:34:38,부과,덕천동 307-1
2024-05-11,14:36:00,부과,덕천동 462
2024-05-11,14:38:39,부과,구포동 381-4
2024-05-11,14:38:39,부과,덕천동 472
2024-05-11,14:39:57,부과,덕천동 322-24
2024-05-11,14:39:59,부과,덕천동 312-5
2024-05-11,14:42:30,부과,덕천동 472
2024-05-11,14:48:48,부과,덕천동 312-5
2024-05-11,14:48:49,부과,구포동 897-21
2024-05-11,14:49:39,대기,화명동 733
2024-05-11,14:50:28,부과,덕천동 472
2024-05-11,14:54:07,대기,화명동 1846-2
2024-05-11,14:54:57,부과,덕천동 472
2024-05-11,14:55:57,부과,구포동 866-14
2024-05-11,14:57:01,부과,구포동 959-1
2024-05-11,15:00:37,대기,화명동 2251
2024-05-11,15:00:38,대기,
2024-05-11,15:00:39,대기,화명동 2271-6
2024-05-11,15:03:18,부과,만덕동 934
2024-05-11,15:08:00,부과,만덕동 246-3
2024-05-11,15:08:03,부과,만덕동 937
2024-05-11,15:09:04,부과,만덕동 598-6
2024-05-11,15:10:51,부과,덕천동 557-3
2024-05-11,15:10:53,부과,덕천동 590
2024-05-11,15:14:22,부과,금곡동 105
2024-05-11,15:16:51,부과,화명동 2257
2024-05-11,15:16:53,부과,화명동 2257
2024-05-11,15:19:57,비부과,화명동 2070-9
2024-05-11,15:36:21,비부과,화명동 882-7
2024-05-11,15:38:22,부과,구포동 1186-25
2024-05-11,15:44:18,부과,화명동 2257
2024-05-11,16:10:27,비부과,만덕동 935
2024-05-11,16:16:19,부과,덕천동 456
2024-05-11,16:18:31,부과,구포동 1184-4
2024-05-11,17:02:18,비부과,화명동 192
2024-05-11,17:02:28,부과,덕천동 797
2024-05-11,17:28:18,부과,만덕동 662-2
2024-05-11,18:10:30,부과,덕천동 398-2
2024-05-11,18:34:21,대기,구포동 783-14
2024-05-11,18:38:23,부과,덕천동 462
2024-05-11,18:56:30,부과,화명동 2270-3
2024-05-11,18:56:31,부과,화명동 2257
2024-05-11,19:36:25,비부과,덕천동 406
2024-05-11,19:40:28,부과,화명동 699-1
2024-05-11,19:59:09,비부과,
2024-05-11,20:06:27,대기,구포동 783-7
2024-05-11,20:24:26,부과,화명동 2257
2024-05-11,20:42:13,부과,화명동 2257
2024-05-11,20:46:15,비부과,
2024-05-11,20:58:30,비부과,구포동 1124-1
2024-05-11,21:08:24,부과,구포동 896-23
2024-05-11,21:14:27,부과,구포동 1290
2024-05-11,21:24:19,부과,덕천동 462
2024-05-11,21:26:19,부과,덕천동 462
2024-05-11,22:06:22,부과,구포동 655-1
2024-05-11,22:06:22,부과,구포동 655-1
2024-05-11,22:10:23,부과,구포동 655-1
2024-05-11,22:18:15,부과,덕천동 416-22
2024-05-11,22:20:16,부과,덕천동 416-23
2024-05-11,22:30:30,부과,구포동 1219-10
2024-05-11,22:42:25,부과,만덕동 904
2024-05-12,00:26:26,부과,만덕동 607-1
2024-05-12,00:48:22,부과,구포동 1247-10
2024-05-12,04:16:12,대기,
2024-05-12,07:18:26,부과,구포동 1239-18
2024-05-12,08:20:18,부과,만덕동 934
2024-05-12,08:30:21,비부과,만덕동 934
2024-05-12,08:54:26,비부과,구포동 1282
2024-05-12,09:40:27,부과,구포동 603-18
2024-05-12,10:06:25,대기,구포동 729-1
2024-05-12,10:06:26,비부과,구포동 1286
2024-05-12,10:10:37,비부과,구포동 1286
2024-05-12,10:16:19,비부과,구포동 584-3
2024-05-12,10:30:24,부과,덕천동 462
2024-05-12,10:50:30,부과,만덕동 904
2024-05-12,10:52:11,부과,만덕동 904
2024-05-12,10:52:21,부과,구포동 857-6
2024-05-12,10:52:21,부과,만덕동 904
2024-05-12,10:52:21,부과,만덕동 904
2024-05-12,11:00:27,부과,만덕동 904
2024-05-12,11:06:16,부과,구포동 1282
2024-05-12,11:16:31,부과,만덕동 904
2024-05-12,12:22:15,부과,화명동 745
2024-05-12,12:24:15,부과,화명동 745
2024-05-12,12:24:25,부과,화명동 745
2024-05-12,12:26:27,부과,화명동 745
2024-05-12,12:26:28,부과,화명동 745
2024-05-12,12:36:30,부과,만덕동 904
2024-05-12,13:12:26,부과,구포동 1282
2024-05-12,13:12:36,부과,구포동 1282
2024-05-12,13:16:17,비부과,구포동 584-3
2024-05-12,13:18:18,부과,구포동 1283
2024-05-12,13:34:25,부과,화명동 1430
2024-05-12,14:00:18,부과,화명동 2257
2024-05-12,14:18:22,비부과,만덕동 761-5
2024-05-12,14:28:25,부과,만덕동 898
2024-05-12,14:34:29,부과,금곡동 123
2024-05-12,14:50:26,부과,만덕동 904
2024-05-12,15:32:20,부과,금곡동 683-7
2024-05-12,15:34:21,부과,화명동 2257
2024-05-12,15:38:22,대기,
2024-05-12,16:44:17,부과,화명동 1293-1
2024-05-12,16:46:29,부과,만덕동 904
2024-05-12,16:54:33,부과,구포동 1124-13
2024-05-12,16:57:33,비부과,
2024-05-12,17:04:27,부과,덕천동 472
2024-05-12,17:18:32,부과,만덕동 904
2024-05-12,18:04:24,부과,구포동 1279
2024-05-12,18:14:12,부과,덕천동 472
2024-05-12,19:00:21,부과,구포동 397-4
2024-05-12,19:12:26,부과,덕천동 462
2024-05-12,19:14:16,부과,덕천동 462
2024-05-12,19:16:27,부과,덕천동 462
2024-05-12,19:16:27,부과,덕천동 462
2024-05-12,19:16:27,부과,덕천동 327
2024-05-12,19:56:24,부과,구포동 1271
2024-05-12,20:08:30,부과,구포동 156-11
2024-05-12,20:16:24,부과,만덕동 904
2024-05-12,20:20:32,부과,덕천동 462
2024-05-12,20:52:24,부과,덕천동 381-3
2024-05-12,20:54:27,부과,덕천동 462
2024-05-12,21:14:21,부과,화명동 2257
2024-05-12,21:16:22,부과,화명동 2257
2024-05-12,22:10:26,비부과,구포동 1124-1
2024-05-12,23:02:27,부과,덕천동 416-22
2024-05-12,23:14:34,부과,구포동 1282
2024-05-13,00:24:15,부과,구포동 1060-471
2024-05-13,05:44:23,비부과,구포동 1124-1
2024-05-13,05:54:14,비부과,만덕동 944-6
2024-05-13,06:58:14,대기,
2024-05-13,08:30:15,대기,덕천동 472
2024-05-13,08:30:26,부과,만덕동 898
2024-05-13,09:22:30,대기,
2024-05-13,09:42:21,대기,화명동 2274-6
2024-05-13,09:45:52,비부과,구포동 700-9
2024-05-13,09:52:36,부과,덕천동 797
2024-05-13,10:04:31,부과,덕천동 797
2024-05-13,10:08:24,부과,화명동 2257
2024-05-13,10:08:34,부과,화명동 745
2024-05-13,10:10:34,비부과,화명동 745
2024-05-13,10:34:24,부과,구포동 1116-9
2024-05-13,11:14:30,비부과,만덕동 825-20
2024-05-13,11:22:18,부과,구포동 652-6
2024-05-13,11:23:04,대기,
2024-05-13,11:38:21,부과,구포동 1186-25
2024-05-13,11:46:27,부과,구포동 1141-6
2024-05-13,11:50:36,부과,구포동 1154-24
2024-05-13,13:12:25,부과,화명동 2257
2024-05-13,15:04:24,부과,구포동 1189
2024-05-13,15:20:36,부과,금곡동 108
2024-05-13,15:46:22,부과,구포동 1160
2024-05-13,15:46:33,부과,구포동 1189
2024-05-13,15:58:30,대기,
2024-05-13,16:58:36,부과,덕천동 329
2024-05-13,17:24:38,부과,화명동 2257
2024-05-13,17:26:29,부과,화명동 2257
2024-05-13,17:28:40,부과,화명동 2257
2024-05-13,17:36:34,부과,금곡동 109
2024-05-13,17:37:54,대기,
2024-05-13,17:42:37,부과,금곡동 109
2024-05-13,17:56:23,부과,구포동 1286
2024-05-13,18:04:28,부과,화명동 745
2024-05-13,18:10:29,부과,구포동 1269-1
2024-05-13,18:28:16,부과,화명동 2277-4
2024-05-13,18:29:56,대기,
2024-05-13,18:30:33,부과,화명동 745
2024-05-13,18:30:40,부과,화명동 745
2024-05-13,19:32:46,부과,만덕동 736-24
2024-05-13,19:52:27,부과,구포동 452-1
2024-05-13,19:52:34,부과,구포동 451-6
2024-05-13,20:32:38,부과,구포동 1124-13
2024-05-13,21:22:28,부과,덕천동 462
2024-05-13,21:28:31,대기,화명동 2257
2024-05-13,22:38:14,부과,만덕동 955-5
2024-05-13,23:52:20,비부과,구포동 1243-15
2024-05-14,00:24:19,비부과,화명동 2257
2024-05-14,00:56:19,부과,덕천동 467-2
2024-05-14,00:56:19,부과,만덕동 935
2024-05-14,01:06:21,비부과,덕천동 318-6
2024-05-14,01:14:13,비부과,구포동 1189
2024-05-14,01:14:14,부과,화명동 2257
2024-05-14,05:46:25,부과,덕천동 797
2024-05-14,05:48:15,부과,덕천동 797
2024-05-14,05:58:16,부과,덕천동 462
2024-05-14,06:44:21,부과,만덕동 911-3
2024-05-14,07:02:17,부과,덕천동 462
2024-05-14,08:12:24,부과,덕천동 462
2024-05-14,08:24:20,부과,덕천동 561-1
2024-05-14,08:32:28,비부과,화명동 1150
2024-05-14,08:52:20,부과,만덕동 403
2024-05-14,09:16:52,대기,만덕동 706-6
2024-05-14,09:24:27,부과,덕천동 653
2024-05-14,09:28:22,부과,덕천동 653
2024-05-14,09:30:29,부과,덕천동 330-2
2024-05-14,09:46:27,대기,금곡동 72-3
2024-05-14,09:52:29,부과,만덕동 955-5
2024-05-14,09:52:29,부과,덕천동 472
2024-05-14,10:24:15,부과,화명동 745
2024-05-14,10:24:27,부과,화명동 745
2024-05-14,10:26:24,부과,구포동 1116-12
2024-05-14,10:28:26,부과,화명동 2257
2024-05-14,10:34:28,부과,화명동 745
2024-05-14,10:47:24,대기,
2024-05-14,10:50:36,대기,
2024-05-14,10:50:38,부과,만덕동 598-6
2024-05-14,11:02:21,비부과,금곡동 108
2024-05-14,11:04:28,대기,
2024-05-14,11:23:50,대기,
2024-05-14,13:14:37,부과,만덕동 903
2024-05-14,14:14:22,부과,구포동 1060-260
2024-05-14,14:38:21,부과,덕천동 312-5
2024-05-14,14:40:22,부과,덕천동 472
2024-05-14,14:42:34,부과,덕천동 472
2024-05-14,15:28:27,부과,덕천동 797
2024-05-14,16:46:34,부과,구포동 1243-8
2024-05-14,16:48:25,부과,구포동 1243-9
2024-05-14,17:04:23,비부과,만덕동 935
2024-05-14,17:26:31,부과,덕천동 462
2024-05-14,17:28:22,부과,만덕동 823-8
2024-05-14,17:50:31,부과,만덕동 904
2024-05-14,17:52:12,부과,만덕동 846-4
2024-05-14,18:04:18,비부과,구포동 897-40
2024-05-14,18:20:35,비부과,화명동 963-1
2024-05-14,18:24:32,대기,
2024-05-14,18:38:21,부과,구포동 584-2
2024-05-14,19:08:24,부과,구포동 147-3
2024-05-14,20:00:34,대기,
2024-05-14,20:02:30,대기,
2024-05-14,20:44:25,부과,화명동 2277-3
2024-05-14,20:52:22,대기,구포동 147-5
2024-05-14,21:00:36,부과,덕천동 462
2024-05-14,21:10:19,부과,덕천동 318-6
2024-05-14,21:52:26,대기,
2024-05-14,22:40:15,비부과,화명동 188
2024-05-14,23:48:27,비부과,만덕동 933
2024-05-15,00:54:19,부과,구포동 1189
2024-05-15,01:02:27,부과,구포동 1157-1
2024-05-15,04:32:25,비부과,만덕동 955-3
2024-05-15,06:16:18,부과,덕천동 797
2024-05-15,06:30:24,부과,구포동 1176-1
2024-05-15,06:30:24,부과,구포동 1176-1
2024-05-15,07:44:45,대기,
2024-05-15,08:12:17,부과,구포동 383
2024-05-15,08:12:27,부과,구포동 383
2024-05-15,08:16:18,부과,구포동 460-2
2024-05-15,08:32:24,부과,덕천동 403-1
2024-05-15,08:34:22,부과,덕천동 561-1
2024-05-15,08:54:21,부과,구포동 1240-77
2024-05-15,08:56:24,부과,구포동 1284
2024-05-15,09:28:26,부과,금곡동 1241
2024-05-15,09:30:27,부과,화명동 2274-4
2024-05-15,09:34:17,부과,화명동 2257
2024-05-15,10:58:21,부과,덕천동 557
2024-05-15,11:10:24,부과,만덕동 823-23
2024-05-15,11:34:12,부과,금곡동 102
2024-05-15,11:34:23,부과,덕천동 374-5
2024-05-15,11:40:33,비부과,만덕동 801-21
2024-05-15,11:52:19,부과,덕천동 315-12
2024-05-15,11:54:21,부과,덕천동 472
2024-05-15,12:08:14,대기,
2024-05-15,12:20:17,부과,만덕동 324-3
2024-05-15,12:36:30,부과,금곡동 103
2024-05-15,12:40:27,부과,금곡동 102
2024-05-15,12:44:25,부과,금곡동 56-1
2024-05-15,13:24:20,부과,구포동 1281
2024-05-15,14:12:24,대기,구포동 783
2024-05-15,14:58:26,부과,덕천동 398-6
2024-05-15,15:26:25,부과,화명동 2278-3
2024-05-15,15:34:27,부과,화명동 2257
2024-05-15,15:52:12,비부과,덕천동 462
2024-05-15,16:24:13,부과,구포동 1244
2024-05-15,16:28:28,부과,만덕동 761-5
2024-05-15,16:32:25,비부과,화명동 1216-1
2024-05-15,16:56:27,부과,구포동 1269
2024-05-15,17:04:24,부과,덕천동 128-8
2024-05-15,17:52:37,부과,화명동 2290
2024-05-15,18:14:14,부과,덕천동 797
2024-05-15,18:16:25,비부과,덕천동 797
2024-05-15,18:24:28,부과,덕천동 797
2024-05-15,18:28:19,부과,구포동 1124-1
2024-05-15,18:32:20,부과,덕천동 128-8
2024-05-15,18:40:32,부과,만덕동 937
2024-05-15,18:46:30,부과,만덕동 937
2024-05-15,18:56:16,부과,만덕동 937
2024-05-15,19:16:24,부과,덕천동 467-2
2024-05-15,19:28:27,부과,구포동 1268
2024-05-15,19:30:27,부과,덕천동 472
2024-05-15,20:16:37,부과,구포동 918-5
2024-05-15,20:18:27,비부과,구포동 918-5
2024-05-15,20:24:18,비부과,구포동 916
2024-05-15,20:48:14,부과,구포동 451-1
2024-05-15,20:48:14,비부과,구포동 1268
2024-05-16,04:52:25,부과,구포동 1063-2
2024-05-16,04:54:18,비부과,구포동 1060-402
2024-05-16,05:52:23,비부과,구포동 1121-22
2024-05-16,06:30:17,부과,덕천동 472
2024-05-16,07:24:18,부과,덕천동 557-1
2024-05-16,08:00:17,대기,
2024-05-16,08:34:19,부과,덕천동 561-1
2024-05-16,09:17:40,대기,만덕동 960
2024-05-16,09:36:21,대기,
2024-05-16,09:48:27,부과,화명동 2257
2024-05-16,09:54:30,비부과,구포동 604-1
2024-05-16,10:12:18,부과,만덕동 937
2024-05-16,10:12:27,비부과,덕천동 462
2024-05-16,10:19:36,대기,
2024-05-16,10:28:37,부과,구포동 1116-15
2024-05-16,10:32:18,부과,만덕동 898
2024-05-16,10:40:21,대기,
2024-05-16,10:55:47,대기,
2024-05-16,11:30:25,부과,만덕동 115
2024-05-16,12:04:36,비부과,구포동 1075-6
2024-05-16,13:16:25,비부과,만덕동 904
2024-05-16,13:18:15,부과,만덕동 904
2024-05-16,13:18:25,부과,만덕동 904
2024-05-16,13:18:25,부과,만덕동 904
2024-05-16,13:58:43,대기,
2024-05-16,14:08:33,비부과,만덕동 904
2024-05-16,14:20:35,부과,만덕동 390
2024-05-16,14:56:24,부과,만덕동 904
2024-05-16,14:56:24,부과,만덕동 904
2024-05-16,15:12:42,부과,구포동 602-41
2024-05-16,15:14:12,비부과,구포동 603-18
2024-05-16,15:42:42,대기,
2024-05-16,15:46:31,비부과,화명동 2257
2024-05-16,15:54:18,비부과,화명동 2273
2024-05-16,15:56:08,대기,
2024-05-16,16:12:18,대기,
2024-05-16,16:18:31,부과,화명동 2257
2024-05-16,16:18:31,부과,화명동 2257
2024-05-16,16:18:31,부과,화명동 2257
2024-05-16,16:18:31,부과,화명동 2257
2024-05-16,16:28:36,부과,덕천동 467-2
2024-05-16,16:36:28,부과,구포동 1244
2024-05-16,16:36:29,비부과,구포동 857-6
2024-05-16,16:36:39,비부과,구포동 1286
2024-05-16,16:50:16,비부과,구포동 1189
2024-05-16,16:52:38,부과,화명동 745
2024-05-16,16:58:21,부과,구포동 451-6
2024-05-16,17:00:33,부과,구포동 451-6
2024-05-16,17:10:27,부과,화명동 745
2024-05-16,17:34:28,부과,구포동 1269-1
2024-05-16,17:36:39,부과,덕천동 332-21
2024-05-16,17:44:23,부과,만덕동 658
2024-05-16,17:50:35,비부과,금곡동 231
2024-05-16,17:54:18,부과,만덕동 903
2024-05-16,18:02:36,부과,덕천동 561-1
2024-05-16,18:12:33,부과,만덕동 783-54
2024-05-16,18:20:31,부과,구포동 1124-13
2024-05-16,18:22:22,대기,
2024-05-16,18:35:46,대기,만덕동 761-5
2024-05-16,18:56:15,대기,화명동 2257
2024-05-16,19:06:30,대기,덕천동 462
2024-05-16,19:28:27,부과,만덕동 823-8
2024-05-16,19:36:30,부과,만덕동 801-8
2024-05-16,19:38:23,부과,만덕동 955
2024-05-16,19:40:22,부과,만덕동 763-14
2024-05-16,19:44:23,부과,만덕동 941-2
2024-05-16,19:48:24,비부과,화명동 312
2024-05-16,20:08:21,부과,화명동 674
2024-05-16,20:08:22,비부과,만덕동 905
2024-05-16,20:20:15,부과,화명동 2021-2
2024-05-16,20:22:22,부과,덕천동 241-35
2024-05-16,20:42:22,부과,덕천동 128-8
2024-05-16,20:46:31,부과,덕천동 403-10
2024-05-16,20:50:58,대기,
2024-05-16,20:54:17,부과,구포동 1207-9
2024-05-16,21:02:30,부과,덕천동 450-4
2024-05-16,21:22:36,부과,구포동 1284
2024-05-16,21:28:18,비부과,구포동 916-1
2024-05-16,21:34:22,비부과,구포동 1247-10
2024-05-16,22:38:26,부과,구포동 1273
2024-05-16,22:44:28,부과,덕천동 462
2024-05-16,22:48:20,비부과,구포동 1060-454
2024-05-17,05:42:17,비부과,구포동 1124-1
2024-05-17,06:30:14,부과,덕천동 472
2024-05-17,06:36:25,비부과,덕천동 327
2024-05-17,07:34:24,부과,만덕동 941-2
2024-05-17,07:42:19,부과,구포동 1049-23
2024-05-17,07:42:20,부과,구포동 1186-29
2024-05-17,07:46:27,부과,만덕동 898
2024-05-17,07:58:13,부과,덕천동 472
2024-05-17,08:00:24,비부과,구포동 923-220
2024-05-17,08:04:25,비부과,화명동 2257
2024-05-17,08:18:19,부과,구포동 1284
2024-05-17,08:18:19,부과,구포동 1284
2024-05-17,08:52:25,부과,화명동 1431
2024-05-17,08:58:24,비부과,구포동 857-6
2024-05-17,09:00:16,부과,구포동 857-6
2024-05-17,09:06:28,부과,구포동 585-4
2024-05-17,09:12:31,부과,덕천동 653
2024-05-17,09:14:32,부과,덕천동 312-5
2024-05-17,09:22:55,대기,
2024-05-17,09:30:29,대기,구포동 1206-12
2024-05-17,09:44:25,부과,화명동 2257
2024-05-17,09:46:15,비부과,화명동 2257
2024-05-17,10:00:51,부과,구포동 1189
2024-05-17,10:02:31,부과,덕천동 472
2024-05-17,10:16:21,부과,덕천동 316-40
2024-05-17,10:24:22,부과,만덕동 598-6
2024-05-17,10:26:31,부과,덕천동 653
2024-05-17,10:28:25,부과,만덕동 904
2024-05-17,10:28:25,부과,만덕동 904
2024-05-17,10:30:24,부과,만덕동 904
2024-05-17,10:44:29,대기,금곡동 810
2024-05-17,10:52:22,부과,덕천동 472
2024-05-17,10:58:25,부과,만덕동 824-35
2024-05-17,11:09:41,대기,
2024-05-17,11:18:46,대기,
2024-05-17,12:04:26,부과,화명동 2257
2024-05-17,12:28:21,부과,덕천동 472
2024-05-17,12:28:22,부과,구포동 548-1
2024-05-17,13:02:25,부과,만덕동 287-2
2024-05-17,13:18:32,부과,만덕동 598-6
2024-05-17,14:18:21,부과,구포동 584-3
2024-05-17,14:18:22,부과,덕천동 462
2024-05-17,14:20:40,부과,덕천동 414-35
2024-05-17,14:36:25,부과,덕천동 241-35
2024-05-17,14:40:27,부과,덕천동 472
2024-05-17,14:46:27,부과,만덕동 산 87-6
2024-05-17,14:58:26,부과,화명동 2315-5
2024-05-17,15:32:20,부과,덕천동 416-4
2024-05-17,15:40:24,부과,화명동 2257
2024-05-17,15:54:20,부과,덕천동 561-1
2024-05-17,16:18:20,비부과,덕천동 472
2024-05-17,16:50:24,비부과,구포동 1189
2024-05-17,16:54:25,부과,화명동 745
2024-05-17,16:56:34,부과,화명동 745
2024-05-17,16:58:17,부과,화명동 745
2024-05-17,16:58:27,부과,구포동 1060-309
2024-05-17,17:36:24,부과,덕천동 472
2024-05-17,17:38:25,부과,덕천동 462
2024-05-17,18:02:27,부과,덕천동 416-4
2024-05-17,18:36:29,부과,덕천동 462
2024-05-17,18:54:16,부과,덕천동 467-2
2024-05-17,18:56:28,부과,구포동 1160
2024-05-17,18:58:27,부과,구포동 451-6
2024-05-17,19:24:27,비부과,구포동 1060-498
2024-05-17,19:30:31,부과,덕천동 462
2024-05-17,20:12:16,부과,화명동 2257
2024-05-17,20:14:16,비부과,화명동 2257
2024-05-17,20:14:27,부과,덕천동 473-4
2024-05-17,20:20:30,부과,화명동 699-1
2024-05-17,20:30:23,부과,만덕동 960
2024-05-17,20:34:24,부과,덕천동 472
2024-05-17,20:38:27,비부과,만덕동 904
2024-05-17,20:50:42,부과,만덕동 757-14
2024-05-17,21:18:24,부과,화명동 2287-1
2024-05-17,21:44:23,부과,덕천동 462
2024-05-17,21:46:24,부과,만덕동 861-1
2024-05-17,21:46:25,비부과,만덕동 324-3
2024-05-17,21:46:33,비부과,만덕동 901
2024-05-17,22:06:28,부과,구포동 584-25
2024-05-17,22:12:15,부과,화명동 2184-18
2024-05-17,22:32:31,대기,화명동 2312
2024-05-17,22:38:26,비부과,덕천동 329
2024-05-17,23:08:25,부과,만덕동 872-3
2024-05-17,23:15:07,대기,덕천동 452-43
2024-05-18,05:32:25,비부과,화명동 1115
2024-05-18,05:58:29,부과,덕천동 473-4
2024-05-18,06:08:20,부과,만덕동 935
2024-05-18,06:42:17,대기,화명동 1293-1
2024-05-18,07:48:14,부과,구포동 297-9
2024-05-18,07:52:25,부과,구포동 1296
2024-05-18,07:58:16,부과,만덕동 957-1
2024-05-18,08:18:28,부과,덕천동 473-4
2024-05-18,08:26:32,부과,덕천동 462
2024-05-18,08:34:24,부과,덕천동 467-2
2024-05-18,08:44:18,부과,구포동 451-1
2024-05-18,08:44:27,부과,구포동 451-1
2024-05-18,08:56:21,부과,구포동 1243-9
2024-05-18,09:46:15,비부과,덕천동 327
2024-05-18,09:48:26,비부과,덕천동 327
2024-05-18,09:50:17,비부과,덕천동 327
2024-05-18,11:28:20,부과,덕천동 327
2024-05-18,11:36:25,부과,구포동 462-2
2024-05-18,11:46:26,부과,구포동 156-11
2024-05-18,11:48:27,부과,구포동 620-6
2024-05-18,11:50:17,부과,구포동 620-6
2024-05-18,11:52:38,부과,구포동 620-6
2024-05-18,11:54:29,부과,구포동 655-1
2024-05-18,11:58:31,부과,구포동 1060-470
2024-05-18,12:02:33,부과,구포동 611-1
2024-05-18,12:04:25,부과,구포동 611-1
2024-05-18,12:08:35,부과,만덕동 904
2024-05-18,12:10:15,부과,만덕동 904
2024-05-18,12:10:26,부과,구포동 1189
2024-05-18,12:12:19,부과,만덕동 904
2024-05-18,12:30:42,부과,화명동 2257
2024-05-18,12:40:26,비부과,구포동 920-16
2024-05-18,12:44:28,비부과,구포동 920-16
2024-05-18,12:54:21,비부과,구포동 920-13
2024-05-18,13:24:25,비부과,덕천동 464-14
2024-05-18,15:14:25,부과,만덕동 839-1
2024-05-18,16:14:22,비부과,구포동 148
2024-05-18,16:22:15,비부과,구포동 1060-50
2024-05-18,16:22:26,비부과,덕천동 473-4
2024-05-18,16:54:17,부과,만덕동 904
2024-05-18,16:54:17,부과,만덕동 904
2024-05-18,16:56:17,부과,만덕동 904
2024-05-18,16:56:17,부과,만덕동 904
2024-05-18,17:02:20,부과,만덕동 905
2024-05-18,17:12:24,비부과,구포동 147-3
2024-05-18,17:40:25,부과,구포동 1280
2024-05-18,17:52:22,부과,화명동 2184-18
2024-05-18,17:54:37,비부과,구포동 1237-17
2024-05-18,18:07:14,대기,화명동 에서 번호판 식별 불가(흰색페인트로 덧칠) 및
2024-05-18,18:08:25,부과,구포동 528-5
2024-05-18,19:30:29,부과,구포동 1190
2024-05-18,19:32:19,비부과,덕천동 355-4
2024-05-18,19:36:25,비부과,덕천동 462
2024-05-18,19:44:14,부과,구포동 1268
2024-05-18,20:28:19,부과,화명동 740-3
2024-05-18,20:30:31,부과,구포동 1285
2024-05-18,20:46:26,부과,구포동 1285
2024-05-18,20:46:26,부과,구포동 1207-9
2024-05-18,20:46:37,부과,구포동 301-4
2024-05-18,20:50:35,부과,구포동 1153
2024-05-18,20:56:20,부과,구포동 625-1
2024-05-18,21:26:20,부과,덕천동 307-1
2024-05-18,21:58:29,부과,만덕동 857-11
2024-05-18,22:10:33,비부과,화명동 1222-2
2024-05-18,22:36:13,부과,덕천동 451-1
2024-05-18,22:56:17,비부과,구포동 1268
2024-05-19,00:54:20,부과,화명동 2324
2024-05-19,04:14:21,부과,화명동 2257
2024-05-19,06:14:25,부과,금곡동 123
2024-05-19,08:10:25,부과,만덕동 960-5
2024-05-19,08:32:26,부과,구포동 585-1
2024-05-19,08:44:33,부과,덕천동 467-2
2024-05-19,08:52:16,부과,덕천동 462
2024-05-19,09:06:29,비부과,덕천동 317-16
2024-05-19,09:24:15,부과,덕천동 473-4
2024-05-19,10:38:24,부과,구포동 156-11
2024-05-19,10:38:24,비부과,덕천동 304-30
2024-05-19,10:40:24,부과,구포동 611-1
2024-05-19,11:42:26,비부과,구포동 1285
2024-05-19,12:30:31,부과,구포동 915-30
2024-05-19,12:30:32,부과,구포동 915-30
2024-05-19,12:30:32,비부과,구포동 1196-35
2024-05-19,12:30:32,부과,구포동 915-30
2024-05-19,13:28:34,대기,
2024-05-19,13:28:34,대기,
2024-05-19,13:40:29,비부과,구포동 178-4
2024-05-19,14:00:25,부과,구포동 596-13
2024-05-19,14:00:25,비부과,구포동 612-8
2024-05-19,14:00:26,비부과,구포동 156-11
2024-05-19,14:02:26,비부과,만덕동 302-5
2024-05-19,14:04:29,부과,덕천동 450-13
2024-05-19,14:06:19,부과,덕천동 450-13
2024-05-19,14:16:20,부과,구포동 584-25
2024-05-19,14:34:26,부과,금곡동 105
2024-05-19,14:50:26,부과,화명동 2313
2024-05-19,15:00:35,부과,화명동 2313
2024-05-19,15:52:32,부과,만덕동 904
2024-05-19,15:58:27,부과,만덕동 903
2024-05-19,16:12:19,대기,
2024-05-19,16:24:26,부과,만덕동 904
2024-05-19,16:36:17,부과,만덕동 937
2024-05-19,16:38:20,부과,만덕동 268-3
2024-05-19,16:44:21,대기,화명동 1718-7
2024-05-19,16:50:22,부과,만덕동 904
2024-05-19,17:10:29,부과,덕천동 462
2024-05-19,17:18:21,부과,덕천동 462
2024-05-19,17:24:33,부과,덕천동 462
2024-05-19,17:38:27,부과,구포동 1289
2024-05-19,17:48:20,대기,구포동 851
2024-05-19,17:50:21,부과,구포동 1268
2024-05-19,17:58:24,부과,구포동 1269-1
2024-05-19,18:08:27,대기,
2024-05-19,18:12:28,부과,구포동 1207-9
2024-05-19,18:28:23,비부과,구포동 148
2024-05-19,18:56:23,부과,화명동 1414-4
2024-05-19,19:14:26,비부과,만덕동 302-5
2024-05-19,19:24:28,부과,구포동 1095-2
2024-05-19,19:48:22,부과,덕천동 797
2024-05-19,19:56:13,비부과,구포동 1268
2024-05-19,20:10:18,대기,
2024-05-19,20:38:18,부과,덕천동 462
2024-05-19,20:46:20,부과,화명동 2307
2024-05-19,21:08:17,비부과,화명동 2257
2024-05-19,21:44:07,대기,
2024-05-19,22:06:24,부과,구포동 1240-12
2024-05-19,22:16:23,비부과,구포동 1288
2024-05-20,06:34:20,부과,덕천동 472
2024-05-20,07:56:20,비부과,구포동 923-71
2024-05-20,07:58:19,부과,덕천동 467-2
2024-05-20,08:02:31,부과,화명동 2257
2024-05-20,08:02:53,대기,
2024-05-20,08:12:33,부과,덕천동 425-19
2024-05-20,08:30:21,부과,구포동 1280
2024-05-20,08:32:31,부과,구포동 1189
2024-05-20,08:48:28,부과,화명동 2257
2024-05-20,09:16:24,부과,구포동 1189
2024-05-20,09:26:30,부과,구포동 1124-13
2024-05-20,09:36:31,부과,덕천동 462
2024-05-20,09:38:25,비부과,덕천동 399-1
2024-05-20,09:56:27,부과,덕천동 653
2024-05-20,10:28:42,대기,
2024-05-20,10:30:22,대기,
2024-05-20,10:30:43,부과,덕천동 462
2024-05-20,10:32:25,부과,만덕동 846-4
2024-05-20,11:00:30,부과,만덕동 848
2024-05-20,11:10:28,부과,만덕동 598-6
2024-05-20,11:12:45,대기,
2024-05-20,11:23:51,대기,덕천동 250-3
2024-05-20,13:00:19,비부과,구포동 783-28
2024-05-20,13:37:48,대기,덕천동 359-1
2024-05-20,14:03:56,대기,만덕동 859-3
2024-05-20,14:50:44,부과,만덕동 848-1
2024-05-20,15:04:00,대기,
2024-05-20,15:28:43,비부과,만덕동 302-1
2024-05-20,15:38:27,부과,구포동 1166-41
2024-05-20,16:10:52,대기,화명동 에서 번호판 식별 불가(흰색페인트로 덧칠) 및
2024-05-20,16:18:25,비부과,만덕동 933
2024-05-20,16:22:26,부과,구포동 585-9
2024-05-20,16:32:32,비부과,구포동 1286
2024-05-20,16:32:33,비부과,구포동 1243-22
2024-05-20,17:06:26,부과,금곡동 96-1
2024-05-20,17:16:21,부과,구포동 897-21
2024-05-20,17:17:02,대기,
2024-05-20,17:32:29,부과,만덕동 830-49
2024-05-20,17:38:31,부과,만덕동 904
2024-05-20,17:58:32,부과,구포동 451-6
2024-05-20,19:40:32,부과,구포동 1285
2024-05-20,20:06:31,부과,덕천동 451-1
2024-05-20,20:28:20,부과,화명동 2280
2024-05-20,20:42:25,부과,화명동 2279
2024-05-20,20:44:36,비부과,화명동 2257
2024-05-20,21:10:26,부과,화명동 2257
2024-05-20,21:12:36,부과,덕천동 472
2024-05-20,21:16:32,부과,구포동 1207-9
2024-05-20,21:50:20,부과,화명동 2280
2024-05-20,22:00:35,비부과,화명동 2280
2024-05-20,22:54:33,부과,구포동 1288
2024-05-21,01:28:15,대기,화명동 2118
2024-05-21,02:46:20,비부과,화명동 2257
2024-05-21,06:00:26,비부과,덕천동 462
2024-05-21,06:58:21,부과,구포동 1287
2024-05-21,07:20:26,부과,구포동 1283
2024-05-21,07:50:22,비부과,구포동 180-2
2024-05-21,08:02:25,부과,덕천동 467-2
2024-05-21,08:08:30,부과,덕천동 462
2024-05-21,08:12:19,비부과,구포동 산 48-114
2024-05-21,08:16:23,부과,구포동 1141-119
2024-05-21,08:16:23,비부과,구포동 산 48-114
2024-05-21,08:22:11,부과,구포동 1189
2024-05-21,08:24:22,부과,덕천동 561-1
2024-05-21,09:20:24,부과,구포동 1189
2024-05-21,10:04:34,부과,덕천동 472
2024-05-21,10:14:59,대기,화명동 에서 번호판 식별 불가(흰색페인트로 덧칠) 및
2024-05-21,10:26:25,부과,구포동 1124-13
2024-05-21,10:38:30,부과,덕천동 472
2024-05-21,10:47:03,비부과,화명동 944-3
2024-05-21,10:50:14,비부과,금곡동 1881
2024-05-21,11:08:24,비부과,금곡동 1330-8
2024-05-21,11:08:25,대기,화명동 2252
2024-05-21,11:28:24,대기,흥해읍 용한리 872
2024-05-21,11:36:32,부과,구포동 1160
2024-05-21,11:38:29,부과,구포동 464-1
2024-05-21,12:06:28,부과,화명동 745
2024-05-21,12:08:19,부과,화명동 745
2024-05-21,12:08:29,부과,화명동 745
2024-05-21,12:10:30,부과,화명동 745
2024-05-21,12:14:23,대기,덕천동 756
2024-05-21,13:06:31,비부과,구포동 148
2024-05-21,13:11:42,대기,
2024-05-21,13:12:31,부과,구포동 1124-13
2024-05-21,13:14:24,부과,구포동 1124-13
2024-05-21,13:20:26,부과,만덕동 904
2024-05-21,13:22:16,비부과,만덕동 904
2024-05-21,13:24:29,비부과,만덕동 904
2024-05-21,13:24:30,부과,만덕동 844-6
2024-05-21,13:26:18,비부과,만덕동 904
2024-05-21,13:28:19,비부과,만덕동 904
2024-05-21,13:32:21,부과,만덕동 903
2024-05-21,13:39:13,대기,
2024-05-21,13:46:43,대기,구포1동 주민 입니다.
2024-05-21,13:54:21,부과,구포동 1189
2024-05-21,15:46:35,대기,만덕동 960-5
2024-05-21,16:26:21,부과,화명동 2257
2024-05-21,16:38:16,비부과,구포동 1286
2024-05-21,16:50:32,부과,화명동 2272-4
2024-05-21,18:08:25,부과,만덕동 904
2024-05-21,18:32:33,부과,구포동 1060-51
2024-05-21,18:40:30,비부과,구포동 603-18
2024-05-21,18:46:29,부과,화명동 2257
2024-05-21,19:04:26,부과,만덕동 783-14
2024-05-21,19:34:28,부과,구포동 1244
2024-05-21,19:56:26,부과,덕천동 472
2024-05-21,19:58:24,부과,덕천동 472
2024-05-21,20:02:28,부과,만덕동 904
2024-05-21,20:16:24,비부과,만덕동 251-12
2024-05-21,20:40:36,부과,구포동 1285
2024-05-21,20:48:18,부과,덕천동 356-4
2024-05-21,21:00:30,부과,덕천동 801-33
2024-05-21,21:54:12,부과,화명동 1161-8
2024-05-21,21:56:23,부과,구포동 1084-3
2024-05-21,22:00:24,부과,구포동 918-5
2024-05-21,23:44:26,비부과,덕천동 365-54
2024-05-22,00:26:19,부과,화명동 2257
2024-05-22,01:36:26,대기,
2024-05-22,06:04:24,부과,만덕동 902
2024-05-22,07:34:21,부과,금곡동 1117
2024-05-22,07:36:15,부과,금곡동 1117
2024-05-22,07:36:25,부과,금곡동 1117
2024-05-22,08:22:18,부과,덕천동 561-1
2024-05-22,09:42:27,부과,덕천동 312-4
2024-05-22,09:44:33,부과,덕천동 312-5
2024-05-22,10:34:03,대기,만덕동 761-5
2024-05-22,10:40:18,대기,화명동 1130-9
2024-05-22,12:19:49,대기,
2024-05-22,12:52:30,대기,
2024-05-22,13:16:29,부과,만덕동 904
2024-05-22,13:20:21,비부과,만덕동 904
2024-05-22,13:22:21,비부과,만덕동 904
2024-05-22,13:22:21,비부과,만덕동 904
2024-05-22,13:26:25,비부과,만덕동 904
2024-05-22,13:40:30,부과,만덕동 904
2024-05-22,13:42:21,비부과,만덕동 903
2024-05-22,13:44:22,부과,만덕동 904
2024-05-22,13:44:22,부과,화명동 186
2024-05-22,13:57:27,대기,
2024-05-22,13:58:27,대기,
2024-05-22,14:42:21,부과,구포동 1154-24
2024-05-22,15:04:17,비부과,구포동 930-3
2024-05-22,15:30:28,부과,만덕동 598-6
2024-05-22,15:44:23,비부과,덕천동 457-54
2024-05-22,16:06:24,부과,화명동 2257
2024-05-22,16:06:25,부과,화명동 2257
2024-05-22,16:06:33,부과,화명동 2257
2024-05-22,16:08:15,부과,화명동 2257
2024-05-22,16:10:25,대기,
2024-05-22,16:10:35,부과,화명동 2306
2024-05-22,16:14:27,부과,구포동 462-2
2024-05-22,16:22:30,대기,
2024-05-22,16:38:26,대기,
2024-05-22,16:52:12,부과,구포동 1243-8
2024-05-22,17:06:17,부과,덕천동 462
2024-05-22,17:28:18,부과,화명동 745
2024-05-22,17:28:28,부과,화명동 745
2024-05-22,17:34:20,비부과,덕천동 462
2024-05-22,17:44:35,부과,만덕동 955-5
2024-05-22,17:52:19,부과,만덕동 899
2024-05-22,17:56:31,부과,구포동 1160
2024-05-22,17:58:24,부과,구포동 451-6
2024-05-22,18:04:21,대기,
2024-05-22,18:24:13,부과,금곡동 65-4
2024-05-22,18:50:34,부과,만덕동 904
2024-05-22,19:18:25,부과,화명동 1431
2024-05-22,19:32:29,부과,만덕동 904
2024-05-22,19:34:30,비부과,만덕동 926-3
2024-05-22,19:42:24,부과,구포동 180-2
2024-05-22,20:12:46,대기,구포2동 오후 3시16분경
2024-05-22,20:16:19,부과,덕천동 680-18
2024-05-22,20:58:23,비부과,구포동 180-2
2024-05-22,21:16:41,부과,구포동 1160
2024-05-22,21:24:34,비부과,구포동 180-2
2024-05-22,21:26:23,부과,덕천동 462
2024-05-22,21:32:26,부과,덕천동 400-8
2024-05-22,21:46:20,부과,화명동 1222-2
2024-05-22,21:52:22,부과,구포동 1060-471
2024-05-22,21:58:23,부과,구포동 1205-27
2024-05-22,21:58:24,부과,화명동 1261-4
2024-05-22,22:00:24,부과,화명동 1261-4
2024-05-22,23:00:22,부과,덕천동 428-24
2024-05-22,23:00:23,대기,화명동 2334
2024-05-22,23:52:25,부과,구포동 1282
2024-05-23,00:00:22,부과,구포동 1236-1
2024-05-23,00:04:24,비부과,구포동 1280
2024-05-23,00:06:14,부과,구포동 1280
2024-05-23,00:06:24,비부과,구포동 1234-19
2024-05-23,00:08:25,비부과,구포동 1280
2024-05-23,00:10:25,비부과,구포동 1280
2024-05-23,00:38:13,비부과,덕천동 50-22
2024-05-23,00:56:25,부과,구포동 452
2024-05-23,06:10:15,비부과,구포동 180-2
2024-05-23,07:54:30,비부과,구포동 811-57
2024-05-23,08:38:25,부과,구포동 585-9
2024-05-23,09:26:21,부과,구포동 451-6
2024-05-23,09:31:33,대기,
2024-05-23,09:52:25,대기,
2024-05-23,10:00:29,대기,화명동 2324
2024-05-23,10:18:36,비부과,구포동 178-12
2024-05-23,10:32:24,비부과,구포동 169-5
2024-05-23,10:32:32,부과,구포동 1116-5
2024-05-23,10:46:29,부과,구포동 1124-1
2024-05-23,10:58:27,부과,덕천동 653
2024-05-23,10:58:35,부과,덕천동 472
2024-05-23,11:02:27,부과,덕천동 331-1
2024-05-23,11:08:31,부과,구포동 430-15
2024-05-23,11:10:33,비부과,구포동 430-15
2024-05-23,11:16:24,비부과,만덕동 648-4
2024-05-23,11:34:24,부과,만덕동 904
2024-05-23,11:36:22,대기,금곡동 1916
2024-05-23,11:58:30,부과,만덕동 824-18
2024-05-23,12:06:24,부과,금곡동 835-1
2024-05-23,12:10:25,부과,금곡동 683-7
2024-05-23,12:30:23,비부과,화명동 1431
2024-05-23,12:31:13,대기,
2024-05-23,12:34:24,부과,만덕동 904
2024-05-23,13:28:15,부과,만덕동 904
2024-05-23,13:36:29,대기,
2024-05-23,13:36:29,대기,
2024-05-23,14:06:25,부과,구포동 1189
2024-05-23,14:24:24,대기,
2024-05-23,14:24:24,대기,
2024-05-23,15:00:30,비부과,구포동 1132-2
2024-05-23,15:04:30,부과,만덕동 904
2024-05-23,15:04:39,비부과,금곡동 102
2024-05-23,15:48:18,부과,만덕동 904
2024-05-23,16:16:11,부과,화명동 2257
2024-05-23,16:16:27,부과,화명동 2257
2024-05-23,16:16:27,부과,화명동 2257
2024-05-23,16:22:23,부과,화명동 2257
2024-05-23,16:30:28,비부과,만덕동 320-1
2024-05-23,17:06:33,부과,만덕동 899
2024-05-23,17:54:13,대기,구포동 717-4
2024-05-23,18:18:23,부과,만덕동 904
2024-05-23,18:36:24,부과,덕천동 381-3
2024-05-23,18:44:25,부과,덕천동 462
2024-05-23,19:42:28,대기,덕천동 756
2024-05-23,19:46:20,비부과,덕천동 22
2024-05-23,19:58:35,부과,만덕동 904
2024-05-23,20:15:13,부과,덕천동 462
2024-05-23,20:15:19,부과,만덕동 903
2024-05-23,20:22:34,부과,화명동 2266-1
2024-05-23,20:38:21,대기,
2024-05-23,20:46:25,부과,만덕동 823-8
2024-05-23,21:00:30,부과,화명동 2257
2024-05-23,21:40:27,대기,화명동 898-10
2024-05-23,21:44:31,부과,화명동 1261-6
2024-05-23,21:44:31,부과,화명동 1261-4
2024-05-23,22:02:18,부과,화명동 1161-15
2024-05-23,22:34:23,부과,구포동 1060-316
2024-05-23,23:56:18,부과,덕천동 462
2024-05-24,03:36:48,대기,
2024-05-24,05:16:12,부과,구포동 1243-8
2024-05-24,06:10:20,비부과,구포동 180-2
2024-05-24,06:14:20,비부과,구포동 1160-10
2024-05-24,06:46:15,대기,
2024-05-24,07:02:19,부과,덕천동 388-1
2024-05-24,07:56:23,비부과,구포동 923-72
2024-05-24,08:00:24,대기,화명동 1718-7
2024-05-24,08:16:19,부과,화명동 2257
2024-05-24,08:30:22,대기,금곡동 1241
2024-05-24,08:30:22,대기,금곡동 1241
2024-05-24,08:38:15,부과,금곡동 92-3
2024-05-24,08:42:27,대기,만덕동 618-9
2024-05-24,08:48:20,부과,덕천동 373-1
2024-05-24,09:09:31,대기,덕천로 244
2024-05-24,09:31:32,대기,
2024-05-24,09:50:26,대기,
2024-05-24,09:54:32,대기,
2024-05-24,09:58:23,부과,구포동 1124-1
2024-05-24,11:16:25,부과,덕천동 462
2024-05-24,11:22:27,부과,만덕동 904
2024-05-24,11:24:18,부과,덕천동 416-4
2024-05-24,11:28:28,대기,구포동 896-44
2024-05-24,11:36:20,부과,만덕동 904
2024-05-24,11:58:19,부과,만덕동 904
2024-05-24,12:24:20,부과,덕천동 472
2024-05-24,12:32:23,부과,덕천동 327
2024-05-24,12:46:24,대기,
2024-05-24,13:22:26,비부과,화명동 2257
2024-05-24,13:25:56,대기,
2024-05-24,13:34:31,비부과,만덕동 904
2024-05-24,13:36:27,비부과,만덕동 904
2024-05-24,13:38:12,비부과,만덕동 955
2024-05-24,13:48:30,비부과,만덕동 904
2024-05-24,14:02:24,비부과,구포동 610-4
2024-05-24,14:05:04,대기,구포동 717-4
2024-05-24,14:06:27,부과,만덕동 904
2024-05-24,14:20:12,부과,덕천동 416-4
2024-05-24,14:40:32,부과,덕천동 472
2024-05-24,14:44:23,부과,덕천동 472
2024-05-24,14:48:14,부과,덕천동 462
2024-05-24,14:54:17,부과,덕천동 316-40
2024-05-24,15:54:25,부과,덕천동 462
2024-05-24,15:58:26,부과,구포동 1269-1
2024-05-24,16:00:16,대기,구포동 717-4
2024-05-24,16:02:33,부과,만덕동 904
2024-05-24,16:02:37,부과,만덕동 955
2024-05-24,16:18:31,부과,화명동 2257
2024-05-24,16:20:25,부과,화명동 2257
2024-05-24,16:20:25,부과,화명동 2257
2024-05-24,16:22:26,비부과,덕천동 462
2024-05-24,16:26:18,비부과,금곡동 96-1
2024-05-24,16:54:21,부과,만덕동 944-6
2024-05-24,17:06:26,부과,화명동 745
2024-05-24,17:06:27,부과,화명동 745
2024-05-24,17:08:27,부과,화명동 745
2024-05-24,17:28:25,부과,만덕동 898
2024-05-24,18:14:27,비부과,구포동 976-6
2024-05-24,18:48:15,부과,만덕동 904
2024-05-24,18:56:28,대기,
2024-05-24,19:14:24,대기,
2024-05-24,19:14:24,대기,
2024-05-24,19:16:25,부과,화명동 2257
2024-05-24,19:20:27,부과,화명동 2257
2024-05-24,19:47:00,부과,만덕동 729-1
2024-05-24,19:49:36,부과,구포동 897-21
2024-05-24,20:04:51,비부과,구포동 968-7
2024-05-24,20:10:18,부과,만덕동 825-20
2024-05-24,20:14:18,비부과,덕천동 462
2024-05-24,20:24:23,부과,화명동 2266-1
2024-05-24,20:30:34,대기,
2024-05-24,20:42:21,부과,덕천동 462
2024-05-24,20:44:26,부과,만덕동 937
2024-05-24,21:40:28,부과,화명동 2280
2024-05-24,21:54:33,비부과,덕천동 327
2024-05-24,22:22:25,대기,
2024-05-25,05:38:24,대기,덕천동 471
2024-05-25,08:44:33,부과,구포동 1116-9
2024-05-25,09:10:19,부과,덕천동 310-1
2024-05-25,09:12:22,부과,덕천동 312-5
2024-05-25,09:24:23,대기,
2024-05-25,09:26:24,부과,구포동 1060-316
2024-05-25,09:26:24,대기,
2024-05-25,09:34:26,부과,화명동 674
2024-05-25,09:36:21,부과,화명동 674
2024-05-25,09:37:09,부과,화명동 674
2024-05-25,10:08:16,대기,금곡동 95-5
2024-05-25,10:12:18,부과,구포동 1268
2024-05-25,10:16:24,부과,만덕동 598-6
2024-05-25,10:54:21,대기,
2024-05-25,10:54:21,대기,
2024-05-25,11:26:57,부과,만덕동 825-20
2024-05-25,11:42:27,부과,화명동 2286-1
2024-05-25,11:44:17,대기,화명동 2286-1
2024-05-25,11:46:18,비부과,구포동 156-11
2024-05-25,11:56:27,비부과,덕천동 462
2024-05-25,11:56:47,대기,구포1동 주민 입니다.
2024-05-25,11:58:30,부과,만덕동 904
2024-05-25,12:06:15,비부과,만덕동 598
2024-05-25,12:16:30,부과,화명동 699-1
2024-05-25,12:22:29,비부과,화명동 699-1
2024-05-25,12:50:27,비부과,만덕동 904
2024-05-25,12:54:24,부과,만덕동 904
2024-05-25,12:56:14,부과,만덕동 904
2024-05-25,13:04:48,대기,만덕동 904
2024-05-25,13:04:48,비부과,만덕동 904
2024-05-25,13:06:24,비부과,만덕동 904
2024-05-25,13:08:29,부과,만덕동 903
2024-05-25,13:10:25,비부과,만덕동 903
2024-05-25,13:13:48,비부과,만덕동 960
2024-05-25,13:46:25,부과,만덕동 960
2024-05-25,14:32:22,부과,만덕동 904
2024-05-25,15:08:24,부과,덕천동 327
2024-05-25,15:10:25,부과,구포동 486
2024-05-25,15:12:25,부과,구포동 505-1
2024-05-25,15:28:21,부과,구포동 1091-5
2024-05-25,15:30:21,부과,구포동 1091-3
2024-05-25,15:55:09,부과,화명동 882-4
2024-05-25,16:02:30,부과,화명동 882-5
2024-05-25,16:08:24,부과,덕천동 330-2
2024-05-25,16:16:18,부과,덕천동 330-2
2024-05-25,16:19:15,부과,덕천동 403-14
2024-05-25,16:30:34,비부과,구포동 1235-11
2024-05-25,16:50:21,비부과,덕천동 381-3
2024-05-25,16:58:27,부과,구포동 897-21
2024-05-25,16:58:36,부과,만덕동 904
2024-05-25,17:02:26,부과,만덕동 904
2024-05-25,17:30:17,부과,덕천동 462
2024-05-25,17:32:27,비부과,덕천동 462
2024-05-25,17:36:30,부과,화명동 1412-12
2024-05-25,17:38:23,비부과,금곡동 102
2024-05-25,17:40:30,부과,화명동 1430
2024-05-25,17:40:30,부과,만덕동 613-21
2024-05-25,17:52:25,비부과,화명동 2257
2024-05-25,18:12:22,부과,덕천동 462
2024-05-25,18:16:30,부과,만덕동 898
2024-05-25,18:32:29,부과,구포동 1282
2024-05-25,18:34:29,비부과,덕천동 363-12
2024-05-25,18:46:24,부과,만덕동 845-5
2024-05-25,18:46:24,부과,만덕동 898
2024-05-25,19:44:28,부과,만덕동 302-5
2024-05-25,20:00:21,부과,덕천동 462
2024-05-25,20:02:34,부과,덕천동 450-13
2024-05-25,20:12:27,부과,만덕동 904
2024-05-25,20:12:27,부과,덕천동 472
2024-05-25,20:18:19,부과,만덕동 302
2024-05-25,21:08:21,부과,만덕동 898
2024-05-25,21:10:38,부과,만덕동 904
2024-05-25,21:22:21,부과,덕천동 556-2
2024-05-25,21:45:00,대기,
2024-05-25,22:04:29,비부과,금곡동 102
2024-05-25,22:40:22,비부과,구포동 1240-34
2024-05-25,22:58:28,대기,
2024-05-25,23:02:27,비부과,만덕동 933
2024-05-25,23:14:25,비부과,덕천동 460-2
2024-05-26,00:06:24,부과,화명동 2287-1
2024-05-26,00:12:10,부과,화명동 2257
2024-05-26,02:30:14,비부과,덕천동 462
2024-05-26,03:00:24,비부과,덕천동 462
2024-05-26,03:04:24,비부과,덕천동 462
2024-05-26,03:08:21,비부과,덕천동 418-2
2024-05-26,03:12:21,비부과,덕천동 462
2024-05-26,03:38:18,부과,구포동 1268
2024-05-26,05:56:27,부과,덕천동 797
2024-05-26,06:30:16,부과,구포동 1283
2024-05-26,07:20:15,대기,화명동 733
2024-05-26,07:38:18,비부과,만덕동 935
2024-05-26,08:16:18,부과,구포동 782-37
2024-05-26,09:30:24,부과,구포동 465-2
2024-05-26,09:52:11,부과,구포동 148
2024-05-26,10:16:29,부과,구포동 156-11
2024-05-26,10:20:21,부과,구포동 156-11
2024-05-26,11:22:21,부과,만덕동 898
2024-05-26,12:16:36,부과,만덕동 944-6
2024-05-26,12:40:34,비부과,덕천동 561-10
2024-05-26,12:56:20,부과,화명동 2257
2024-05-26,12:56:31,비부과,화명동 2257
2024-05-26,13:14:21,부과,화명동 2257
2024-05-26,13:14:21,대기,구포동 1296
2024-05-26,13:14:21,대기,구포동 1296
2024-05-26,13:14:21,대기,구포동 1296
2024-05-26,13:32:25,부과,만덕동 903
2024-05-26,13:36:17,부과,만덕동 903
2024-05-26,13:46:20,부과,구포동 1290
2024-05-26,13:46:21,부과,만덕동 904
2024-05-26,13:52:18,비부과,구포동 147-3
2024-05-26,14:14:24,부과,구포동 602-31
2024-05-26,14:22:23,대기,구포동 959-1
2024-05-26,14:52:30,부과,만덕동 산 87-6
2024-05-26,15:44:22,대기,화명동 2334
2024-05-26,16:28:19,부과,구포동 1213-36
2024-05-26,16:36:21,부과,구포동 1269-1
2024-05-26,16:38:31,비부과,구포동 1213-1
2024-05-26,16:48:16,부과,구포동 1207-9
2024-05-26,17:10:33,부과,구포동 609-7
2024-05-26,17:42:12,부과,만덕동 904
2024-05-26,17:42:12,비부과,만덕동 904
2024-05-26,17:42:22,부과,만덕동 904
2024-05-26,17:54:16,부과,만덕동 904
2024-05-26,17:54:27,부과,만덕동 904
2024-05-26,18:02:21,부과,만덕동 658
2024-05-26,18:46:30,부과,덕천동 797
2024-05-26,18:46:30,부과,덕천동 797
2024-05-26,18:48:23,부과,덕천동 797
2024-05-26,19:48:21,부과,덕천동 326-1
2024-05-26,19:54:30,부과,만덕동 296
2024-05-26,20:00:24,부과,만덕동 904
2024-05-26,20:00:24,부과,만덕동 904
2024-05-26,20:00:24,부과,만덕동 904
2024-05-26,20:02:14,부과,만덕동 904
2024-05-26,20:02:14,부과,만덕동 904
2024-05-26,20:02:24,부과,만덕동 904
2024-05-26,20:02:24,부과,만덕동 904
2024-05-26,20:04:14,부과,만덕동 904
2024-05-26,20:08:26,부과,화명동 2290
2024-05-26,20:22:21,부과,덕천동 462
2024-05-26,20:48:27,부과,만덕동 935
2024-05-26,21:18:24,부과,덕천동 400-8
2024-05-26,21:24:33,부과,만덕동 686-7
2024-05-26,22:20:17,부과,화명동 2257
2024-05-26,22:22:17,부과,화명동 2257
2024-05-26,22:22:18,부과,화명동 2257
2024-05-26,22:28:19,비부과,화명동 2257
2024-05-26,22:36:21,부과,구포동 1285
2024-05-26,22:38:21,대기,만덕동 613-21
2024-05-26,23:00:26,부과,만덕동 607-1
2024-05-26,23:52:17,부과,만덕동 607-1
2024-05-27,00:04:20,부과,구포동 972
2024-05-27,00:18:13,대기,화명동 2307
2024-05-27,04:34:15,대기,화명동 2324
2024-05-27,05:42:18,부과,덕천동 797
2024-05-27,06:28:30,부과,덕천동 472
2024-05-27,07:58:12,부과,구포동 1237-18
2024-05-27,08:04:23,부과,덕천동 757-4
2024-05-27,08:06:14,부과,화명동 2267-3
2024-05-27,08:10:25,대기,덕천동 401-4
2024-05-27,08:32:24,대기,구포동 1189
2024-05-27,08:32:24,부과,덕천동 561-1
2024-05-27,08:36:16,부과,덕천동 552-1
2024-05-27,08:38:17,부과,덕천동 541-1
2024-05-27,08:46:21,대기,구포동 1285
2024-05-27,09:08:29,대기,구포동 963-2
2024-05-27,09:28:21,대기,
2024-05-27,10:02:30,부과,덕천동 561-1
2024-05-27,10:12:30,비부과,덕천동 327
2024-05-27,10:28:24,부과,덕천동 539-6
2024-05-27,10:32:30,부과,덕천동 312-5
2024-05-27,10:36:32,부과,덕천동 472
2024-05-27,10:38:23,비부과,구포동 1141-121
2024-05-27,11:18:25,부과,만덕동 956-1
2024-05-27,11:20:27,비부과,구포동 148
2024-05-27,11:22:37,부과,만덕동 950
2024-05-27,11:36:27,부과,화명동 1718-3
2024-05-27,11:50:43,부과,덕천동 336-12
2024-05-27,13:12:36,비부과,만덕동 904
2024-05-27,13:16:24,비부과,만덕동 904
2024-05-27,13:18:25,비부과,만덕동 904
2024-05-27,13:18:25,부과,구포동 1233-15
2024-05-27,13:20:27,비부과,만덕동 904
2024-05-27,13:26:31,부과,만덕동 904
2024-05-27,13:30:23,비부과,만덕동 904
2024-05-27,13:34:15,비부과,만덕동 904
2024-05-27,13:40:18,부과,만덕동 848-1
2024-05-27,13:44:29,비부과,만덕동 904
2024-05-27,13:48:20,비부과,만덕동 904
2024-05-27,14:09:00,대기,구포동 717-4
2024-05-27,14:12:30,비부과,덕천동 328
2024-05-27,14:39:36,대기,
2024-05-27,14:42:27,부과,구포동 1268
2024-05-27,15:32:24,부과,금곡동 683-7
2024-05-27,15:44:32,부과,화명동 2306
2024-05-27,15:49:05,대기,
2024-05-27,16:00:21,부과,화명동 2306
2024-05-27,16:16:17,부과,화명동 2322
2024-05-27,16:16:28,부과,화명동 2257
2024-05-27,16:20:30,부과,화명동 2257
2024-05-27,16:56:30,부과,만덕동 955-3
2024-05-27,17:08:33,부과,구포동 451-3
2024-05-27,17:46:18,대기,가람로 32
2024-05-27,18:30:25,부과,덕천동 462
2024-05-27,18:42:17,비부과,만덕동 613-21
2024-05-27,18:54:24,부과,구포동 897-21
2024-05-27,19:38:20,부과,만덕동 736-24
2024-05-27,19:56:17,부과,덕천동 462
2024-05-27,19:56:27,부과,덕천동 327
2024-05-27,20:04:20,부과,만덕동 823-23
2024-05-27,20:06:31,부과,구포동 1285
2024-05-27,20:22:28,부과,구포동 1273
2024-05-27,20:28:20,부과,구포동 451-1
2024-05-27,21:26:21,부과,구포동 1279
2024-05-27,21:41:24,대기,
2024-05-27,22:22:19,부과,화명동 1161-15
2024-05-27,22:22:20,부과,화명동 1161-15
2024-05-27,22:44:26,부과,덕천동 427-32
2024-05-27,23:08:22,비부과,구포동 1279
2024-05-27,23:18:15,부과,만덕동 941-2
2024-05-28,00:53:26,비부과,
2024-05-28,01:02:17,비부과,덕천동 462
2024-05-28,06:02:17,부과,만덕동 706-6
2024-05-28,06:08:18,부과,덕천동 797
2024-05-28,06:18:10,부과,만덕동 962-3
2024-05-28,07:16:21,부과,덕천동 462
2024-05-28,07:28:24,부과,구포동 1296
2024-05-28,07:30:27,부과,구포동 295-10
2024-05-28,08:38:21,부과,덕천동 355-4
2024-05-28,08:46:26,부과,구포동 585-9
2024-05-28,08:50:28,부과,구포동 584-12
2024-05-28,09:20:36,부과,구포동 897-21
2024-05-28,09:30:23,부과,덕천동 472
2024-05-28,09:32:34,부과,덕천동 330-2
2024-05-28,09:36:27,대기,
2024-05-28,09:36:27,부과,덕천동 472
2024-05-28,09:42:29,부과,덕천동 472
2024-05-28,09:44:27,부과,덕천동 313-5
2024-05-28,10:00:56,대기,
2024-05-28,10:00:56,대기,
2024-05-28,10:48:37,대기,
2024-05-28,11:28:11,부과,만덕동 955
2024-05-28,11:50:28,부과,만덕동 950
2024-05-28,11:50:28,부과,만덕동 950
2024-05-28,12:20:39,부과,만덕동 835-2
2024-05-28,12:30:23,비부과,만덕동 904
2024-05-28,12:30:33,부과,구포동 1267
2024-05-28,12:32:24,비부과,만덕동 903
2024-05-28,12:34:25,비부과,만덕동 904
2024-05-28,12:36:25,비부과,만덕동 904
2024-05-28,12:38:26,비부과,만덕동 904
2024-05-28,12:40:37,비부과,만덕동 904
2024-05-28,12:42:18,부과,만덕동 904
2024-05-28,12:44:37,비부과,만덕동 904
2024-05-28,12:54:22,비부과,만덕동 904
2024-05-28,12:56:24,부과,덕천동 462
2024-05-28,12:56:24,비부과,만덕동 904
2024-05-28,13:00:26,비부과,만덕동 904
2024-05-28,13:02:26,비부과,만덕동 903
2024-05-28,13:06:18,부과,만덕동 903
2024-05-28,13:08:29,비부과,만덕동 904
2024-05-28,13:12:21,비부과,만덕동 904
2024-05-28,13:14:21,비부과,만덕동 904
2024-05-28,13:18:22,비부과,만덕동 904
2024-05-28,13:22:27,비부과,만덕동 904
2024-05-28,13:26:18,부과,만덕동 904
2024-05-28,13:28:20,대기,
2024-05-28,13:32:21,비부과,만덕동 904
2024-05-28,13:34:14,부과,만덕동 904
2024-05-28,13:42:30,비부과,만덕동 958
2024-05-28,14:06:27,부과,만덕동 904
2024-05-28,14:24:15,부과,덕천동 462
2024-05-28,14:32:18,부과,만덕동 904
2024-05-28,14:38:20,부과,덕천동 416-4
2024-05-28,15:36:25,부과,구포동 1271
2024-05-28,15:42:27,부과,화명동 2257
2024-05-28,15:42:37,비부과,구포동 1060-51
2024-05-28,15:48:19,부과,구포동 1060-52
2024-05-28,15:52:24,비부과,화명동 2257
2024-05-28,15:58:29,부과,구포동 1060-52
2024-05-28,16:08:17,비부과,구포동 1060-52
2024-05-28,16:24:23,비부과,덕천동 327
2024-05-28,16:24:23,부과,구포동 1286
2024-05-28,17:09:06,대기,금곡동 1881
2024-05-28,17:10:23,부과,덕천동 416-4
2024-05-28,17:16:26,부과,만덕동 823-8
2024-05-28,17:36:36,대기,
2024-05-28,17:56:24,부과,구포동 451-6
2024-05-28,18:12:21,부과,덕천동 462
2024-05-28,18:22:25,부과,덕천동 472
2024-05-28,18:34:30,부과,덕천동 359-1
2024-05-28,19:07:00,부과,덕천동 377-1
2024-05-28,19:12:27,부과,덕천동 561-31
2024-05-28,19:13:45,부과,만덕동 305-1
2024-05-28,19:18:28,부과,구포동 897-21
2024-05-28,20:02:32,부과,만덕동 957-1
2024-05-28,20:12:21,부과,만덕동 904
2024-05-28,20:28:10,대기,
2024-05-28,20:32:24,부과,만덕동 937
2024-05-28,20:33:00,비부과,만덕동 251-2
2024-05-28,20:50:18,부과,구포동 1206-50
2024-05-28,20:54:31,비부과,구포동 923-92
2024-05-28,21:12:19,부과,구포동 918-5
2024-05-28,21:16:21,부과,구포동 1285
2024-05-28,21:44:23,부과,덕천동 462
2024-05-28,22:40:22,부과,덕천동 313-5
2024-05-28,23:34:19,부과,덕천동 398-14
2024-05-28,23:50:18,부과,구포동 1060-471
2024-05-29,05:52:20,대기,
2024-05-29,06:40:27,비부과,구포동 1184-8
2024-05-29,06:42:17,부과,구포동 381-10
2024-05-29,07:50:21,부과,만덕동 955-5
2024-05-29,08:08:19,비부과,구포동 923-1
2024-05-29,08:28:36,부과,구포동 1293
2024-05-29,08:28:37,부과,구포동 896-44
2024-05-29,09:12:13,대기,
2024-05-29,09:12:30,대기,
2024-05-29,10:26:27,부과,만덕동 829-9
2024-05-29,10:32:27,부과,덕천동 330-4
2024-05-29,10:34:39,부과,덕천동 312-5
2024-05-29,10:36:27,비부과,만덕동 950
2024-05-29,10:44:27,부과,덕천동 315-12
2024-05-29,11:02:24,부과,만덕동 955
2024-05-29,11:56:36,부과,금곡동 105
2024-05-29,12:10:31,부과,만덕동 950
2024-05-29,12:16:33,비부과,만덕동 950
2024-05-29,12:48:27,부과,만덕동 835-2
2024-05-29,13:46:35,부과,구포동 1160
2024-05-29,14:03:52,대기,
2024-05-29,14:27:14,대기,덕천동 763-29
2024-05-29,14:29:34,대기,
2024-05-29,14:49:57,대기,덕천동 412-48
2024-05-29,14:50:27,대기,
2024-05-29,14:52:34,부과,화명동 2257
2024-05-29,15:12:23,부과,구포동 655-1
2024-05-29,15:16:24,대기,
2024-05-29,15:20:36,비부과,구포동 1060-316
2024-05-29,16:22:11,비부과,
2024-05-29,16:26:23,부과,만덕동 955
2024-05-29,16:56:18,부과,구포동 957-10
2024-05-29,17:12:27,대기,
2024-05-29,17:28:22,부과,구포동 1269-1
2024-05-29,18:14:24,비부과,화명동 2271-6
2024-05-29,18:32:27,비부과,화명동 2257
2024-05-29,18:58:29,부과,구포동 1160
2024-05-29,19:00:30,부과,구포동 451-6
2024-05-29,19:32:23,비부과,화명동 2257
2024-05-29,20:38:27,대기,만덕동 607-1
2024-05-29,20:52:22,부과,구포동 896
2024-05-29,21:06:27,부과,구포동 897-21
2024-05-29,21:38:18,대기,
2024-05-29,21:38:18,비부과,구포동 1189
2024-05-29,22:20:26,부과,구포동 915-41
2024-05-29,22:38:22,부과,덕천동 462
2024-05-29,23:00:32,부과,덕천동 427-31
2024-05-29,23:40:23,비부과,만덕동 648-2
2024-05-29,23:42:34,대기,
2024-05-30,00:16:23,대기,
2024-05-30,00:22:14,비부과,만덕동 960
2024-05-30,00:30:16,비부과,만덕동 302-1
2024-05-30,07:42:27,대기,
2024-05-30,07:54:25,대기,금곡동 476
2024-05-30,08:00:14,대기,화명동 1718-7
2024-05-30,09:06:12,부과,덕천동 308-35
2024-05-30,09:24:21,대기,만덕동 658
2024-05-30,10:07:58,대기,
2024-05-30,10:40:36,대기,
2024-05-30,11:24:22,부과,구포동 1244
2024-05-30,11:44:22,부과,만덕동 955
2024-05-30,11:46:22,부과,만덕동 835-2
2024-05-30,11:52:13,부과,만덕동 958
2024-05-30,12:08:29,부과,화명동 745
2024-05-30,12:10:33,부과,화명동 745
2024-05-30,12:32:20,부과,만덕동 904
2024-05-30,12:34:18,부과,만덕동 904
2024-05-30,12:34:18,부과,만덕동 904
2024-05-30,12:46:24,부과,만덕동 904
2024-05-30,13:06:20,비부과,구포동 915-23
2024-05-30,13:08:31,비부과,만덕동 847-1
2024-05-30,14:22:21,대기,
2024-05-30,15:34:33,부과,구포동 459-2
2024-05-30,15:36:30,부과,만덕동 835-2
2024-05-30,15:38:20,부과,구포동 1280
2024-05-30,15:52:14,비부과,화명동 2290
2024-05-30,15:54:25,비부과,화명동 2290
2024-05-30,16:04:21,부과,만덕동 950
2024-05-30,16:35:55,대기,
2024-05-30,18:02:21,부과,만덕동 904
2024-05-30,18:02:30,부과,만덕동 945-2
2024-05-30,18:02:30,부과,만덕동 945-2
2024-05-30,18:46:31,부과,구포동 1090-1
2024-05-30,18:50:29,부과,금곡동 64-4
2024-05-30,19:00:33,대기,용봉동 977-92
2024-05-30,19:28:23,부과,만덕동 903
2024-05-30,19:30:13,부과,만덕동 937
2024-05-30,19:44:24,부과,구포동 451-4
2024-05-30,20:12:21,부과,만덕동 246-3
2024-05-30,20:17:28,대기,만덕역으로 가는 만덕대로290번길 골목에 차들이 양방향으로 다니는데요.
2024-05-30,20:28:16,비부과,구포동 1278
2024-05-30,20:32:28,부과,만덕동 904
2024-05-30,20:44:32,부과,구포동 1091-5
2024-05-30,20:50:28,부과,만덕동 904
2024-05-30,20:56:19,부과,덕천동 467-2
2024-05-30,22:12:26,부과,구포동 1095-2
2024-05-30,23:02:23,부과,구포동 1060-402
2024-05-30,23:04:14,부과,구포동 1060-316
2024-05-30,23:04:16,부과,구포동 1060-454
2024-05-30,23:46:18,비부과,만덕동 607-1
2024-05-30,23:52:20,부과,만덕동 302-1
2024-05-31,00:00:21,부과,만덕동 302-1
2024-05-31,00:36:21,부과,만덕동 607-1
2024-05-31,06:46:27,부과,구포동 263-9
2024-05-31,07:52:28,비부과,만덕동 736-24
2024-05-31,08:04:25,비부과,구포동 923-71
2024-05-31,08:10:52,대기,
2024-05-31,08:38:31,부과,덕천동 329
2024-05-31,08:54:26,비부과,금곡동 108
2024-05-31,09:08:31,부과,덕천동 472
2024-05-31,09:40:25,부과,덕천동 472
2024-05-31,09:54:21,부과,덕천동 330-2
2024-05-31,09:56:32,부과,덕천동 472
2024-05-31,10:00:34,부과,덕천동 472
2024-05-31,10:06:27,부과,덕천동 326-1
2024-05-31,10:18:41,대기,
2024-05-31,10:20:22,대기,덕천동 800-3
2024-05-31,10:30:16,대기,
2024-05-31,10:34:24,대기,
2024-05-31,10:48:24,부과,화명동 2272-4
2024-05-31,11:11:45,대기,덕천동 348-20
2024-05-31,11:22:32,대기,
2024-05-31,11:24:22,대기,
2024-05-31,11:32:18,부과,구포동 178-12
2024-05-31,12:38:19,비부과,만덕동 904
2024-05-31,12:42:23,비부과,만덕동 904
2024-05-31,12:44:25,부과,만덕동 904
2024-05-31,12:54:28,비부과,만덕동 904
2024-05-31,12:58:19,비부과,만덕동 904
2024-05-31,13:04:22,부과,화명동 1718-3
2024-05-31,13:06:33,비부과,만덕동 904
2024-05-31,13:08:24,부과,만덕동 904
2024-05-31,14:11:29,대기,덕천동 800-3
2024-05-31,14:12:30,부과,만덕동 824-35
2024-05-31,14:20:23,대기,
2024-05-31,15:44:26,부과,만덕동 849-3
2024-05-31,16:28:34,비부과,구포동 912-3
2024-05-31,16:48:27,대기,만덕동 905-8
2024-05-31,17:10:36,부과,구포동 1063-2
2024-05-31,17:20:22,부과,덕천동 462
2024-05-31,17:32:27,비부과,화명동 2257
2024-05-31,17:32:27,비부과,화명동 2315-1
2024-05-31,18:24:28,대기,금곡동 1898
2024-05-31,18:30:33,부과,만덕동 833-3
2024-05-31,18:32:11,부과,덕천동 561-1
2024-05-31,18:46:17,부과,만덕동 904
2024-05-31,19:10:27,부과,화명동 2314-7
2024-05-31,19:22:31,부과,화명동 1430
2024-05-31,19:22:31,부과,만덕동 904
2024-05-31,19:30:24,부과,만덕동 904
2024-05-31,19:50:23,부과,만덕동 904
2024-05-31,19:52:23,부과,화명동 1425-8
2024-05-31,19:58:26,부과,만덕동 896-7
2024-05-31,20:08:31,비부과,만덕동 761-5
2024-05-31,20:12:12,비부과,만덕동 761-5
2024-05-31,20:18:23,부과,만덕동 935
2024-05-31,20:22:15,부과,만덕동 935
2024-05-31,20:26:16,부과,만덕동 935
2024-05-31,20:28:17,부과,만덕동 935
2024-05-31,20:28:28,부과,만덕동 935
2024-05-31,20:30:20,부과,만덕동 935
2024-05-31,20:32:19,부과,만덕동 935
2024-05-31,20:36:31,비부과,만덕동 915-7
2024-05-31,20:38:21,비부과,만덕동 935
2024-05-31,20:38:22,비부과,만덕동 935
2024-05-31,20:40:22,비부과,만덕동 935
2024-05-31,20:42:23,부과,만덕동 935
2024-05-31,20:50:17,비부과,만덕동 935
2024-05-31,21:00:22,부과,덕천동 557-1
2024-05-31,21:48:16,부과,덕천동 432-28
2024-05-31,22:14:28,부과,구포동 1285
2024-05-31,22:42:18,부과,만덕동 935
2024-05-31,22:44:28,부과,만덕동 935
2024-05-31,22:46:19,부과,만덕동 935
2024-05-31,22:48:19,부과,만덕동 909-19
2024-05-31,22:48:21,부과,만덕동 935
2024-05-31,22:50:30,비부과,만덕동 935
2024-05-31,22:50:30,비부과,만덕동 935
2024-05-31,23:14:18,부과,화명동 2267-1
2024-05-31,23:36:17,부과,화명동 2314-3
2024-06-01,00:00:15,부과,구포동 1268
2024-06-01,00:24:20,부과,만덕동 607-1
2024-06-01,00:28:21,대기,
2024-06-01,01:22:14,부과,만덕동 937
2024-06-01,01:36:48,대기,
2024-06-01,04:56:17,비부과,화명동 2257
2024-06-01,07:10:25,부과,구포동 1296
2024-06-01,07:12:18,부과,구포동 297-20
2024-06-01,07:16:16,부과,구포동 1154-17
2024-06-01,07:20:17,부과,구포동 263-9
2024-06-01,07:20:30,부과,구포동 1154-24
2024-06-01,07:22:25,부과,구포동 1154-24
2024-06-01,07:24:18,부과,만덕동 898
2024-06-01,07:26:19,대기,
2024-06-01,07:26:19,부과,구포동 458-2
2024-06-01,07:28:21,부과,만덕동 898
2024-06-01,08:02:16,부과,만덕동 898
2024-06-01,08:12:18,비부과,만덕동 899
2024-06-01,08:24:20,비부과,만덕동 901
2024-06-01,08:52:26,부과,덕천동 292-23
2024-06-01,09:30:18,비부과,덕천동 327
2024-06-01,09:30:18,비부과,화명동 1429-2
2024-06-01,09:32:18,비부과,덕천동 399-4
2024-06-01,09:40:19,비부과,화명동 1429-2
2024-06-01,09:56:27,부과,덕천동 327
2024-06-01,09:56:27,비부과,금곡동 104
2024-06-01,10:36:28,비부과,금곡동 104
2024-06-01,10:36:28,대기,
2024-06-01,10:36:28,비부과,금곡동 104
2024-06-01,10:38:18,비부과,금곡동 104
2024-06-01,10:38:28,비부과,금곡동 104
2024-06-01,10:50:24,부과,화명동 973-6
2024-06-01,12:44:22,부과,구포동 460-2
2024-06-01,12:56:16,부과,구포동 652-3
2024-06-01,12:56:27,부과,구포동 1166-41
2024-06-01,13:06:32,부과,금곡동 116
2024-06-01,13:10:30,부과,구포동 461-1
2024-06-01,13:24:19,부과,만덕동 904
2024-06-01,13:28:31,부과,만덕동 903
2024-06-01,13:30:32,부과,만덕동 903
2024-06-01,13:30:33,부과,만덕동 903
2024-06-01,13:58:24,대기,
2024-06-01,14:14:30,비부과,구포동 585-9
2024-06-01,14:26:14,부과,만덕동 825-20
2024-06-01,14:26:15,부과,구포동 1091-5
2024-06-01,14:36:17,부과,화명동 1718-3
2024-06-01,15:02:19,비부과,화명동 2257
2024-06-01,16:06:34,부과,화명동 2257
2024-06-01,16:08:24,부과,화명동 2257
2024-06-01,16:08:24,부과,화명동 2257
2024-06-01,16:10:24,부과,화명동 2257
2024-06-01,16:50:20,부과,만덕동 904
2024-06-01,16:52:18,부과,만덕동 904
2024-06-01,17:08:27,부과,화명동 2257
2024-06-01,17:14:19,대기,
2024-06-01,17:14:19,대기,
2024-06-01,17:14:19,부과,구포동 602-41
2024-06-01,18:58:22,비부과,구포동 1285
2024-06-01,19:12:28,부과,덕천동 462
2024-06-01,19:18:21,비부과,화명동 1718-3
2024-06-01,19:48:27,비부과,화명동 2314-3
2024-06-01,19:56:18,부과,만덕동 904
2024-06-01,19:58:21,부과,만덕동 904
2024-06-01,20:38:27,부과,구포동 1067-15
2024-06-01,21:44:18,부과,덕천동 356-4
2024-06-01,21:48:21,비부과,만덕동 935
2024-06-01,21:58:18,부과,덕천동 557-1
2024-06-01,22:00:26,비부과,덕천동 327
2024-06-01,22:42:19,대기,
2024-06-01,23:06:24,부과,구포동 1176-5
2024-06-02,00:44:20,부과,만덕동 산 204-2
2024-06-02,00:52:27,부과,만덕동 257-16
2024-06-02,01:40:19,비부과,만덕동 253-1
2024-06-02,01:46:10,비부과,만덕동 251-2
2024-06-02,02:32:15,비부과,덕천동 431-9
2024-06-02,06:54:15,부과,만덕동 115
2024-06-02,07:08:16,비부과,만덕동 898
2024-06-02,07:10:21,부과,구포동 1271
2024-06-02,07:12:17,부과,구포동 1214-39
2024-06-02,07:12:17,부과,구포동 1214-39
2024-06-02,07:26:19,부과,만덕동 898
2024-06-02,07:28:10,부과,덕천동 381-3
2024-06-02,07:50:25,부과,구포동 1269-1
2024-06-02,07:52:15,부과,구포동 783-28
2024-06-02,08:30:22,부과,만덕동 941-2
2024-06-02,08:46:27,부과,구포동 1116-9
2024-06-02,08:48:27,부과,구포동 1116-11
2024-06-02,09:54:18,비부과,만덕동 899
2024-06-02,10:02:25,부과,만덕동 729-1
2024-06-02,10:02:25,부과,만덕동 729-1
2024-06-02,10:20:20,비부과,덕천동 462
2024-06-02,10:52:20,비부과,만덕동 251-9
2024-06-02,11:46:29,비부과,만덕동 898
2024-06-02,11:58:13,비부과,화명동 2257
2024-06-02,12:22:12,부과,구포동 387-3
2024-06-02,12:22:21,부과,금곡동 102
2024-06-02,12:22:21,부과,화명동 187-1
2024-06-02,12:48:25,부과,만덕동 904
2024-06-02,12:50:27,부과,만덕동 904
2024-06-02,13:00:25,부과,화명동 2257
2024-06-02,13:02:15,부과,화명동 2275-4
2024-06-02,13:24:18,부과,구포동 387-3
2024-06-02,13:56:27,부과,화명동 2257
2024-06-02,13:56:28,부과,화명동 2257
2024-06-02,13:58:18,부과,화명동 2262
2024-06-02,13:58:28,부과,화명동 2257
2024-06-02,14:02:19,부과,화명동 2262
2024-06-02,14:06:21,대기,
2024-06-02,14:08:22,대기,
2024-06-02,14:28:21,부과,만덕동 904
2024-06-02,14:28:29,비부과,만덕동 904
2024-06-02,14:30:20,비부과,만덕동 904
2024-06-02,14:42:26,부과,만덕동 962-4
2024-06-02,14:52:29,부과,만덕동 898
2024-06-02,15:42:26,부과,덕천동 250-3
2024-06-02,16:00:22,부과,구포동 1124-1
2024-06-02,16:06:25,부과,만덕동 658
2024-06-02,16:18:24,부과,구포동 1280
2024-06-02,16:18:24,부과,구포동 1280
2024-06-02,16:18:29,비부과,구포동 1124-1
2024-06-02,16:22:20,부과,구포동 1280
2024-06-02,16:28:32,부과,구포동 1273
2024-06-02,16:36:27,비부과,덕천동 327
2024-06-02,16:42:17,부과,만덕동 904
2024-06-02,16:42:28,부과,만덕동 904
2024-06-02,16:42:28,부과,만덕동 904
2024-06-02,16:44:18,부과,만덕동 904
2024-06-02,16:46:22,비부과,화명동 2257
2024-06-02,17:22:15,비부과,만덕동 904
2024-06-02,17:22:15,비부과,구포동 1124-1
2024-06-02,17:42:33,부과,화명동 2257
2024-06-02,17:50:28,부과,구포동 1060-260
2024-06-02,18:08:24,비부과,화명동 2257
2024-06-02,18:17:22,대기,
2024-06-02,18:36:24,비부과,덕천동 393-7
2024-06-02,18:48:18,부과,만덕동 935
2024-06-02,18:50:28,부과,만덕동 935
2024-06-02,18:56:20,부과,만덕동 935
2024-06-02,19:16:28,대기,덕천동 402-18
2024-06-02,19:26:21,부과,만덕동 955
2024-06-02,19:36:28,부과,화명동 2257
2024-06-02,19:40:18,비부과,화명동 2257
2024-06-02,19:46:22,부과,덕천동 732-5
2024-06-02,19:52:22,비부과,구포동 166
2024-06-02,19:52:23,비부과,구포동 166
2024-06-02,19:58:25,비부과,만덕동 904
2024-06-02,19:58:25,부과,만덕동 904
2024-06-02,20:08:29,부과,만덕동 302-5
2024-06-02,20:10:19,비부과,구포동 1286
2024-06-02,20:10:20,비부과,덕천동 454
2024-06-02,20:24:14,부과,구포동 1289
2024-06-02,20:56:26,비부과,구포동 923-120
2024-06-02,21:14:21,부과,구포동 451-6
2024-06-02,21:16:33,부과,덕천동 432-23
2024-06-02,21:26:18,비부과,구포동 923-120
2024-06-02,21:42:25,부과,만덕동 870-14
2024-06-02,22:12:10,부과,덕천동 462
2024-06-02,23:20:18,대기,
2024-06-02,23:42:24,비부과,덕천동 373-1
2024-06-03,00:10:24,부과,만덕동 607-1
2024-06-03,01:40:21,비부과,만덕동 251-2
2024-06-03,02:22:16,부과,구포동 1060-316
2024-06-03,06:02:21,부과,덕천동 371-1
2024-06-03,06:54:19,부과,만덕동 898
2024-06-03,09:01:32,비부과,구포동 1267
2024-06-03,09:01:32,비부과,만덕동 761-5
2024-06-03,09:20:39,부과,덕천동 307-1
2024-06-03,09:34:27,대기,
2024-06-03,09:38:29,부과,만덕동 436-3
2024-06-03,11:09:33,대기,구포동 1300
2024-06-03,11:12:28,부과,금곡동 120
2024-06-03,11:16:21,부과,만덕동 305-1
2024-06-03,11:20:24,비부과,만덕동 254-6
2024-06-03,11:25:24,비부과,화명동 2257
2024-06-03,11:34:18,부과,만덕동 950
2024-06-03,11:34:18,부과,만덕동 950
2024-06-03,12:16:34,비부과,구포동 156-11
2024-06-03,12:22:26,부과,화명동 745
2024-06-03,12:22:26,부과,화명동 2257
2024-06-03,12:22:27,부과,화명동 2257
2024-06-03,12:24:27,부과,화명동 745
2024-06-03,12:24:28,부과,화명동 2257
2024-06-03,12:24:28,비부과,화명동 745
2024-06-03,13:03:44,대기,만덕1동 959-2 소재 물소리공원 공영주차장을 이용하고 경차할인이 적용되지않아 요금 환급 요청 드립니다.(주차장내 게시된 관리자 연락처로 요청하였으나 응답 없었음)
2024-06-03,13:36:27,대기,
2024-06-03,13:48:31,부과,덕천동 398-2
2024-06-03,13:54:33,대기,
2024-06-03,14:12:21,대기,화명동 2276-1
2024-06-03,14:56:21,비부과,구포동 1076-2
2024-06-03,14:57:01,대기,
2024-06-03,15:06:25,대기,만덕동 900
2024-06-03,15:12:29,부과,구포동 655-1
2024-06-03,15:30:27,부과,구포동 387-3
2024-06-03,15:50:28,비부과,덕천동 462
2024-06-03,15:56:22,비부과,구포동 585-9
2024-06-03,16:06:26,부과,구포동 1060-260
2024-06-03,16:08:12,대기,
2024-06-03,16:20:22,부과,화명동 2272-4
2024-06-03,16:30:24,부과,만덕동 736-24
2024-06-03,16:42:53,비부과,
2024-06-03,17:12:27,부과,구포동 1280
2024-06-03,17:30:55,대기,
2024-06-03,17:36:18,비부과,화명동 2257
2024-06-03,17:38:29,비부과,화명동 2257
2024-06-03,17:40:30,부과,구포동 1268
2024-06-03,17:44:41,대기,
2024-06-03,17:50:14,비부과,화명동 2257
2024-06-03,17:56:28,비부과,덕천동 462
2024-06-03,18:54:15,부과,구포동 548-1
2024-06-03,18:56:24,비부과,구포동 1296
2024-06-03,18:58:25,비부과,화명동 896-3
2024-06-03,19:00:27,부과,구포동 549-2
2024-06-03,19:00:27,비부과,구포동 546-2
2024-06-03,19:18:12,비부과,만덕동 847-4
2024-06-03,19:18:12,부과,구포동 1060-384
2024-06-03,19:18:22,비부과,만덕동 311-3
2024-06-03,19:20:16,비부과,만덕동 794-3
2024-06-03,19:20:23,비부과,구포동 1060-316
2024-06-03,19:38:22,부과,만덕동 311-3
2024-06-03,19:56:27,부과,만덕동 904
2024-06-03,20:24:18,비부과,만덕동 246-3
2024-06-03,20:30:31,비부과,화명동 2257
2024-06-03,20:32:24,대기,구포동 1189
2024-06-03,21:02:23,비부과,만덕동 302-5
2024-06-03,21:24:21,부과,만덕동 861-1
2024-06-03,21:36:24,부과,구포동 1288
2024-06-03,21:58:22,비부과,만덕동 904
2024-06-03,21:58:23,비부과,만덕동 295-5
2024-06-03,22:00:23,비부과,덕천동 462
2024-06-03,22:10:28,부과,화명동 318
2024-06-03,22:20:33,부과,화명동 745
2024-06-03,23:16:19,대기,
2024-06-03,23:48:26,부과,덕천동 462
2024-06-04,02:04:14,부과,화명동 2257
2024-06-04,06:02:22,부과,만덕동 706-6
2024-06-04,07:24:18,비부과,금곡동 1112-2
2024-06-04,07:51:45,대기,
2024-06-04,08:22:24,비부과,만덕동 957
2024-06-04,08:37:31,대기,덕천로 276번길 일원
2024-06-04,09:06:20,비부과,덕천동 460-1
2024-06-04,09:28:10,부과,구포동 1273
2024-06-04,09:58:18,비부과,만덕동 950
2024-06-04,10:06:26,부과,덕천동 307-1
2024-06-04,10:10:25,부과,덕천동 472
2024-06-04,10:12:27,부과,덕천동 472
2024-06-04,10:14:36,부과,덕천동 472
2024-06-04,10:16:57,비부과,덕천동 472
2024-06-04,10:18:27,부과,만덕동 950
2024-06-04,10:18:27,부과,만덕동 950
2024-06-04,10:18:27,부과,만덕동 950
2024-06-04,10:22:30,부과,덕천동 472
2024-06-04,10:42:27,대기,
2024-06-04,10:42:27,비부과,만덕동 950
2024-06-04,10:42:27,비부과,덕천동 416-4
2024-06-04,10:59:46,대기,
2024-06-04,11:12:21,비부과,덕천동 336-3
2024-06-04,13:04:16,대기,
2024-06-04,13:27:47,대기,
2024-06-04,13:52:27,비부과,만덕동 63-47
2024-06-04,13:56:24,대기,금곡동 96-1
2024-06-04,14:26:18,비부과,만덕동 823-8
2024-06-04,14:58:40,부과,덕천동 472
2024-06-04,14:58:41,부과,덕천동 472
2024-06-04,15:00:32,부과,덕천동 472
2024-06-04,15:34:30,대기,화명동 1718-7
2024-06-04,15:48:26,부과,화명동 745
2024-06-04,15:50:37,부과,화명동 2257
2024-06-04,15:52:24,대기,만덕동 761-5
2024-06-04,16:18:28,비부과,만덕동 216-7
2024-06-04,16:26:20,비부과,화명동 2257
2024-06-04,16:26:21,비부과,화명동 2257
2024-06-04,16:46:38,대기,화명동 2257
2024-06-04,16:52:11,대기,
2024-06-04,16:52:31,부과,화명동 745
2024-06-04,17:00:05,대기,
2024-06-04,17:06:18,비부과,구포동 1189
2024-06-04,17:29:40,비부과,화명동 2257
2024-06-04,17:38:24,부과,화명동 1130-9
2024-06-04,17:42:25,부과,화명동 1130-9
2024-06-04,18:06:27,대기,
2024-06-04,18:20:33,부과,만덕동 962
2024-06-04,18:36:19,부과,만덕동 904
2024-06-04,18:46:17,부과,만덕동 898
2024-06-04,19:34:25,대기,
2024-06-04,19:44:17,비부과,화명동 1429-2
2024-06-04,20:08:17,부과,화명동 2257
2024-06-04,20:32:26,비부과,만덕동 927-1
2024-06-04,20:56:26,부과,만덕동 823-23
2024-06-04,21:32:17,부과,금곡동 102
2024-06-04,21:36:08,부과,화명동 745
2024-06-04,21:36:27,부과,화명동 755
2024-06-04,22:06:12,부과,덕천동 416-22
2024-06-04,22:16:28,비부과,구포동 918-5
2024-06-04,22:26:29,비부과,구포동 918-5
2024-06-04,22:28:20,비부과,구포동 1268
2024-06-04,23:00:21,부과,덕천동 462
2024-06-04,23:40:14,대기,
2024-06-05,00:18:18,부과,만덕동 898
2024-06-05,07:04:33,부과,구포동 381-3
2024-06-05,08:20:57,대기,화명동 2270-3
2024-06-05,08:44:49,대기,덕천동 539-6
2024-06-05,09:21:12,대기,
2024-06-05,10:05:37,부과,만덕동 950
2024-06-05,11:52:56,비부과,만덕동 904
2024-06-05,12:09:03,비부과,구포동 584-12
2024-06-05,13:09:17,부과,구포동 1060-68
2024-06-05,13:09:28,부과,구포동 1060-316
2024-06-05,13:33:31,부과,금곡동 1117
2024-06-05,13:46:45,비부과,
2024-06-05,14:09:19,부과,구포동 508
2024-06-05,14:21:11,비부과,덕천동 462
2024-06-05,14:33:16,비부과,덕천동 416-4
2024-06-05,15:13:15,비부과,화명동 1430
2024-06-05,15:17:06,비부과,화명동 1430
2024-06-05,15:17:16,비부과,화명동 1430
2024-06-05,15:17:26,비부과,화명동 1411-8
2024-06-05,15:20:57,비부과,화명동 1410-10
2024-06-05,15:36:53,비부과,덕천동 462
2024-06-05,15:50:01,대기,덕천동 592-9
2024-06-05,16:17:13,비부과,만덕동 706-6
2024-06-05,16:21:14,부과,덕천동 814-4
2024-06-05,16:29:48,비부과,구포동 1243-9
2024-06-05,17:06:14,부과,덕천동 556-2
2024-06-05,17:22:31,비부과,구포동 166-4
2024-06-05,17:49:05,비부과,덕천동 814-1
2024-06-05,17:53:17,부과,구포동 1269-1
2024-06-05,17:53:25,비부과,만덕동 658
2024-06-05,17:53:26,비부과,덕천동 359-1
2024-06-05,17:57:18,비부과,덕천동 814-4
2024-06-05,18:17:28,부과,만덕동 938
2024-06-05,18:22:38,대기,
2024-06-05,18:29:21,비부과,만덕동 904
2024-06-05,18:41:56,비부과,
2024-06-05,18:48:59,부과,금곡동 1112-2
2024-06-05,18:49:10,비부과,만덕동 903
2024-06-05,18:53:21,비부과,구포동 410-5
2024-06-05,19:13:11,대기,금곡동 467-5
2024-06-05,19:20:55,비부과,화명동 893
2024-06-05,19:37:02,부과,만덕동 904
2024-06-05,20:21:02,부과,구포동 247-1
2024-06-05,20:37:06,부과,만덕동 904
2024-06-05,20:45:09,부과,구포동 313
2024-06-05,21:04:49,비부과,덕천동 431-11
2024-06-05,22:33:09,대기,
2024-06-05,22:33:12,비부과,덕천동 814-5
2024-06-05,22:33:14,부과,덕천동 814-4
2024-06-05,22:56:42,부과,덕천동 462
2024-06-05,23:37:08,부과,화명동 186
2024-06-05,23:45:11,부과,구포동 915-41
2024-06-05,23:48:54,비부과,구포동 1172-56
2024-06-05,23:48:55,부과,구포동 937-41
2024-06-05,23:49:01,부과,구포동 1172-46
2024-06-05,23:49:02,비부과,구포동 1172-47
2024-06-06,06:48:39,부과,만덕동 898
2024-06-06,06:56:41,부과,만덕동 898
2024-06-06,07:36:49,부과,구포동 1296
2024-06-06,07:36:49,부과,구포동 263-9
2024-06-06,07:36:49,부과,구포동 1154-24
2024-06-06,07:40:59,부과,구포동 385-1
2024-06-06,07:41:01,부과,구포동 362-6
2024-06-06,07:44:54,부과,구포동 1154-1
2024-06-06,07:48:52,부과,구포동 297-8
2024-06-06,07:49:01,부과,구포동 1060-104
2024-06-06,07:49:02,부과,구포동 263-10
2024-06-06,07:52:52,비부과,구포동 1296-7
2024-06-06,07:52:53,부과,구포동 261-2
2024-06-06,09:00:49,부과,구포동 411-1
2024-06-06,09:04:48,부과,구포동 430-12
2024-06-06,09:04:48,대기,
2024-06-06,09:08:49,부과,만덕동 234-1
2024-06-06,09:29:34,비부과,만덕동 933
2024-06-06,09:33:33,부과,만덕동 898
2024-06-06,10:05:14,부과,구포동 1154-19
2024-06-06,10:09:12,부과,구포동 297-16
2024-06-06,10:12:55,비부과,금곡동 92-3
2024-06-06,10:12:55,부과,구포동 1296
2024-06-06,10:16:48,부과,구포동 1296
2024-06-06,10:20:58,부과,구포동 385-1
2024-06-06,11:00:49,비부과,구포동 169-5
2024-06-06,11:24:36,비부과,만덕동 759-25
2024-06-06,11:24:47,대기,
2024-06-06,11:29:20,비부과,구포동 1286
2024-06-06,11:37:01,부과,덕천동 556-3
2024-06-06,11:40:52,비부과,금곡동 1620-4
2024-06-06,12:40:59,비부과,화명동 941-8
2024-06-06,13:05:07,부과,덕천동 327
2024-06-06,13:13:00,비부과,덕천동 327
2024-06-06,13:32:58,비부과,덕천동 327
2024-06-06,13:56:45,부과,만덕동 899
2024-06-06,14:13:11,비부과,덕천동 462
2024-06-06,14:29:07,대기,덕천동 462
2024-06-06,14:41:01,부과,금곡동 111
2024-06-06,14:57:05,비부과,구포동 603-11
2024-06-06,15:00:57,부과,금곡동 683-7
2024-06-06,15:08:49,대기,
2024-06-06,15:57:06,비부과,구포동 148
2024-06-06,16:17:04,부과,구포동 451-1
2024-06-06,16:56:58,비부과,덕천동 397-1
2024-06-06,17:29:18,비부과,화명동 2257
2024-06-06,17:33:09,대기,만덕동 607-1
2024-06-06,17:33:10,비부과,만덕동 824-35
2024-06-06,17:33:19,부과,만덕동 904
2024-06-06,17:36:59,부과,만덕동 904
2024-06-06,17:37:00,부과,만덕동 904
2024-06-06,17:37:00,부과,만덕동 904
2024-06-06,17:37:12,비부과,만덕동 904
2024-06-06,17:41:04,비부과,만덕동 824-22
2024-06-06,18:09:03,부과,화명동 2257
2024-06-06,18:44:55,비부과,구포동 1267
2024-06-06,19:05:03,부과,덕천동 462
2024-06-06,19:25:21,부과,덕천동 355-4
2024-06-06,19:36:56,비부과,만덕동 642-16
2024-06-06,19:53:02,비부과,금곡동 1881
2024-06-06,20:04:56,부과,구포동 1262-1
2024-06-06,20:24:55,비부과,만덕동 846-4
2024-06-06,20:36:59,부과,만덕동 847-5
2024-06-06,21:40:51,대기,화명동 1150
2024-06-06,21:41:02,부과,덕천동 462
2024-06-06,21:41:22,대기,
2024-06-06,21:53:05,비부과,덕천동 472
2024-06-06,22:04:54,부과,덕천동 355-4
2024-06-06,22:36:39,부과,구포동 1060-402
2024-06-06,22:40:39,부과,구포동 1060-316
2024-06-06,22:40:50,부과,구포동 1060-260
2024-06-06,23:36:33,대기,
2024-06-07,00:12:52,대기,화명동 1375-8
2024-06-07,00:13:03,부과,만덕동 607-1
2024-06-07,03:52:42,부과,구포동 1060-455
2024-06-07,03:52:42,부과,구포동 1060-256
2024-06-07,03:56:33,부과,구포동 1060-260
2024-06-07,03:56:33,비부과,구포동 1063-2
2024-06-07,06:40:34,부과,만덕동 898
2024-06-07,07:57:00,부과,덕천동 467-1
2024-06-07,08:04:53,비부과,덕천동 462-7
2024-06-07,08:44:16,대기,
2024-06-07,09:04:54,부과,화명동 2257
2024-06-07,09:09:16,부과,화명동 2257
2024-06-07,09:16:59,부과,덕천동 316-40
2024-06-07,09:17:10,비부과,화명동 2257
2024-06-07,09:17:10,부과,덕천동 315-10
2024-06-07,09:21:02,부과,덕천동 472
2024-06-07,09:26:17,부과,만덕동 136-1
2024-06-07,09:41:24,비부과,덕천동 412-33
2024-06-07,09:48:28,대기,
2024-06-07,09:49:09,부과,덕천동 462
2024-06-07,09:53:31,비부과,구포동 1237-18
2024-06-07,10:01:45,대기,
2024-06-07,10:05:28,부과,구포동 1154-20
2024-06-07,10:21:06,대기,
2024-06-07,10:29:40,부과,덕천동 556-6
2024-06-07,10:45:07,대기,
2024-06-07,10:45:18,대기,덕천동 327
2024-06-07,10:57:57,부과,구포동 1060-471
2024-06-07,11:05:55,비부과,만덕동 904
2024-06-07,11:05:55,부과,구포동 430-13
2024-06-07,11:06:05,부과,구포동 430-13
2024-06-07,11:25:06,부과,구포동 1154-24
2024-06-07,11:33:51,비부과,덕천동 416-4
2024-06-07,11:49:24,부과,만덕동 904
2024-06-07,12:01:12,대기,금곡동 70-2
2024-06-07,12:37:07,부과,덕천동 462
2024-06-07,12:40:59,비부과,덕천동 409-1
2024-06-07,12:49:02,비부과,금곡동 108
2024-06-07,13:18:36,대기,
2024-06-07,14:12:22,대기,덕천동 453-10
2024-06-07,14:15:24,비부과,덕천동 416-4
2024-06-07,14:19:06,대기,덕천동 462
2024-06-07,14:35:06,비부과,만덕동 251-13
2024-06-07,14:39:15,대기,
2024-06-07,15:19:33,부과,구포동 1269-1
2024-06-07,15:46:14,비부과,만덕동 828-40
2024-06-07,16:08:23,부과,화명동 2257
2024-06-07,17:03:19,부과,금곡동 683-7
2024-06-07,17:03:36,부과,금곡동 683-7
2024-06-07,17:03:37,부과,구포동 1091-5
2024-06-07,17:26:46,부과,만덕동 830-22
2024-06-07,19:13:50,부과,만덕동 833-3
2024-06-07,19:17:49,대기,
2024-06-07,19:21:24,비부과,
2024-06-07,19:49:47,부과,화명동 2257
2024-06-07,19:53:27,부과,구포동 1269-1
2024-06-07,20:05:42,비부과,만덕동 675-2
2024-06-07,20:09:44,부과,화명동 2257
2024-06-07,20:25:33,부과,구포동 1172
2024-06-07,21:05:27,부과,구포동 1207-9
2024-06-07,21:13:30,대기,
2024-06-07,21:33:26,비부과,덕천동 458
2024-06-07,21:37:18,부과,만덕동 960
2024-06-07,21:53:13,부과,만덕동 729-1
2024-06-07,22:01:35,부과,구포동 300
2024-06-07,22:09:28,부과,구포동 1060-533
2024-06-07,22:09:38,부과,구포동 1060-473
2024-06-07,22:09:38,비부과,구포동 1060-473
2024-06-07,22:25:14,부과,덕천동 416-7
2024-06-08,02:25:03,부과,구포동 549-2
2024-06-08,02:25:03,부과,구포동 1160
2024-06-08,05:29:12,부과,구포동 700-149
2024-06-08,05:33:02,대기,구포동 1060-469
2024-06-08,05:56:35,부과,화명동 2257
2024-06-08,06:56:55,부과,만덕동 955
2024-06-08,07:21:08,비부과,만덕동 958
2024-06-08,07:40:52,비부과,구포동 362-9
2024-06-08,08:45:06,부과,만덕동 901
2024-06-08,08:56:58,비부과,구포동 585-9
2024-06-08,09:05:10,비부과,구포동 584-3
2024-06-08,09:17:14,비부과,구포동 584-3
2024-06-08,09:21:03,비부과,만덕동 901
2024-06-08,09:41:18,부과,구포동 656
2024-06-08,10:09:15,부과,구포동 365-2
2024-06-08,10:25:09,비부과,만덕동 824-35
2024-06-08,10:29:40,부과,만덕동 960
2024-06-08,11:29:20,대기,구포동 941-4
2024-06-08,12:44:45,비부과,만덕동 904
2024-06-08,12:44:45,부과,만덕동 904
2024-06-08,12:44:45,비부과,만덕동 904
2024-06-08,12:44:55,부과,만덕동 904
2024-06-08,12:49:06,부과,만덕동 904
2024-06-08,13:21:00,부과,만덕동 927-1
2024-06-08,14:17:10,비부과,만덕동 904
2024-06-08,15:27:16,부과,화명동 699-1
2024-06-08,16:03:18,비부과,덕천동 814-1
2024-06-08,16:19:23,부과,만덕동 763-14
2024-06-08,16:59:08,대기,구포동 166-4
2024-06-08,18:07:10,비부과,덕천동 382-4
2024-06-08,18:07:20,부과,덕천동 797
2024-06-08,18:35:00,부과,금곡동 92-3
2024-06-08,18:47:23,비부과,덕천동 420-14
2024-06-08,18:51:15,부과,만덕동 960
2024-06-08,19:35:29,대기,구포동 916-1
2024-06-08,19:39:00,부과,구포동 700-18
2024-06-08,19:39:10,비부과,구포동 1091-5
2024-06-08,19:43:21,비부과,구포동 1091-5
2024-06-08,20:51:09,부과,덕천동 462
2024-06-08,21:07:14,부과,덕천동 416-22
2024-06-08,21:11:15,부과,덕천동 416-22
2024-06-08,21:55:00,부과,화명동 2257
2024-06-08,21:59:02,대기,
2024-06-09,00:22:41,대기,덕천동 462
2024-06-09,03:42:41,부과,화명동 2257
2024-06-09,08:14:48,부과,덕천동 355-4
2024-06-09,08:42:54,비부과,덕천동 380-15
2024-06-09,08:46:44,비부과,덕천동 380-6
2024-06-09,09:07:00,부과,구포동 1161-1
2024-06-09,09:10:50,부과,구포동 391-2
2024-06-09,10:27:02,부과,덕천동 132-65
2024-06-09,11:43:16,부과,구포동 156-11
2024-06-09,13:19:05,대기,화명동 2257
2024-06-09,13:38:52,대기,금곡동 1895
2024-06-09,13:43:01,부과,화명동 2257
2024-06-09,13:43:02,부과,화명동 2257
2024-06-09,14:07:13,부과,화명동 2257
2024-06-09,14:07:13,부과,화명동 2257
2024-06-09,14:11:14,비부과,화명동 2257
2024-06-09,14:31:21,비부과,만덕동 904
2024-06-09,14:31:22,비부과,만덕동 904
2024-06-09,15:10:44,부과,구포동 896-23
2024-06-09,15:22:55,대기,
2024-06-09,16:06:56,부과,만덕동 950
2024-06-09,16:06:56,부과,만덕동 950
2024-06-09,16:34:58,비부과,금곡동 102-3
2024-06-09,16:54:57,대기,
2024-06-09,17:31:33,비부과,구포동 1083-16
2024-06-09,17:46:49,부과,화명동 1430
2024-06-09,18:31:06,부과,만덕동 904
2024-06-09,18:47:02,부과,만덕동 951
2024-06-09,18:47:02,비부과,구포동 779-3
2024-06-09,18:47:12,비부과,구포동 779-3
2024-06-09,18:47:12,비부과,구포동 779-3
2024-06-09,18:47:12,비부과,구포동 779-3
2024-06-09,18:54:46,부과,만덕동 904
2024-06-09,18:55:06,부과,덕천동 356-19
2024-06-09,18:55:07,비부과,덕천동 462
2024-06-09,18:55:07,비부과,덕천동 462
2024-06-09,18:58:48,비부과,덕천동 460-1
2024-06-09,18:58:58,비부과,덕천동 356-13
2024-06-09,18:59:09,비부과,덕천동 356-13
2024-06-09,18:59:09,비부과,덕천동 356-13
2024-06-09,19:02:56,비부과,덕천동 356-13
2024-06-09,19:03:00,비부과,덕천동 356-13
2024-06-09,19:03:01,비부과,덕천동 462
2024-06-09,19:03:10,비부과,덕천동 356-13
2024-06-09,19:51:08,비부과,덕천동 462
2024-06-09,19:55:00,부과,구포동 452
2024-06-09,19:55:00,비부과,화명동 2257
2024-06-09,20:10:47,비부과,덕천동 356-19
2024-06-09,20:10:48,비부과,덕천동 356-19
2024-06-09,20:10:48,비부과,덕천동 462
2024-06-09,20:10:48,비부과,덕천동 462
2024-06-09,20:10:58,비부과,덕천동 462
2024-06-09,20:10:58,비부과,덕천동 356-4
2024-06-09,20:10:58,비부과,덕천동 356-4
2024-06-09,20:18:51,비부과,덕천동 415-11
2024-06-09,20:18:52,부과,화명동 2257
2024-06-09,20:22:55,부과,화명동 2257
2024-06-09,20:54:51,비부과,화명동 2257
2024-06-09,21:35:02,비부과,구포동 1248-29
2024-06-10,00:46:35,부과,만덕동 258-7
2024-06-10,02:18:46,부과,구포동 263-9
2024-06-10,05:59:02,부과,덕천동 462
2024-06-10,06:10:45,부과,만덕동 706-6
2024-06-10,07:38:50,비부과,덕천동 327
2024-06-10,08:02:55,비부과,구포동 923-220
2024-06-10,08:02:55,대기,
2024-06-10,08:02:55,대기,
2024-06-10,08:47:08,비부과,덕천동 462
2024-06-10,09:07:18,비부과,덕천동 416-4
2024-06-10,09:29:19,대기,만덕동 942-3
2024-06-10,10:11:12,부과,구포동 372-2
2024-06-10,10:22:12,대기,구포동 1189
2024-06-10,10:39:55,비부과,덕천동 416-4
2024-06-10,10:39:55,부과,구포동 1271
2024-06-10,10:47:13,비부과,만덕동 670-1
2024-06-10,10:51:26,부과,덕천동 312-5
2024-06-10,11:03:12,부과,만덕동 136-1
2024-06-10,11:19:10,비부과,구포동 897-21
2024-06-10,11:35:36,부과,덕천동 467-1
2024-06-10,12:27:07,부과,만덕동 950
2024-06-10,13:37:15,대기,
2024-06-10,13:39:36,대기,화명동 1718-13
2024-06-10,14:13:21,부과,덕천동 557
2024-06-10,14:21:05,대기,
2024-06-10,14:29:48,부과,덕천동 312-5
2024-06-10,14:37:15,비부과,덕천동 416-4
2024-06-10,15:21:13,부과,덕천동 312-5
2024-06-10,15:23:34,부과,덕천동 814-4
2024-06-10,15:29:27,부과,만덕동 840-2
2024-06-10,16:09:16,부과,덕천동 312-13
2024-06-10,16:21:23,대기,
2024-06-10,16:57:08,부과,화명동 189
2024-06-10,17:05:14,부과,화명동 745
2024-06-10,17:09:15,부과,화명동 745
2024-06-10,17:15:57,대기,화명동 2286-1
2024-06-10,17:17:19,부과,만덕동 945-1
2024-06-10,17:17:19,부과,만덕동 945-1
2024-06-10,17:31:45,대기,
2024-06-10,17:35:07,비부과,화명동 2257
2024-06-10,17:49:24,부과,구포동 1296
2024-06-10,18:01:38,대기,
2024-06-10,18:02:39,대기,
2024-06-10,18:03:30,대기,
2024-06-10,18:13:13,대기,
2024-06-10,18:17:15,비부과,만덕동 904
2024-06-10,18:21:51,대기,화명신도시로 120 부산은행 앞도로
2024-06-10,19:13:14,부과,덕천동 472
2024-06-10,19:13:15,비부과,덕천동 474
2024-06-10,19:21:00,부과,만덕동 736-24
2024-06-10,19:51:48,비부과,
2024-06-10,19:57:00,대기,만덕동 942-3
2024-06-10,20:01:12,비부과,화명동 2257
2024-06-10,20:21:10,부과,만덕동 904
2024-06-10,21:57:04,대기,만덕동 산 96-3
2024-06-10,21:57:04,대기,만덕동 산 96-3
2024-06-10,22:45:09,비부과,만덕동 835-2
2024-06-10,23:00:53,부과,화명동 1161-1
2024-06-10,23:29:15,비부과,화명동 2257
2024-06-11,01:52:48,부과,만덕동 257-2
2024-06-11,02:53:01,부과,만덕동 246-4
2024-06-11,07:08:57,부과,구포동 1288
2024-06-11,07:56:42,부과,만덕동 955-5
2024-06-11,08:00:43,비부과,구포동 923-220
2024-06-11,08:29:20,부과,구포동 1060-256
2024-06-11,08:29:20,비부과,만덕동 957
2024-06-11,08:29:21,부과,구포동 1060-446
2024-06-11,08:36:53,부과,구포동 1060-267
2024-06-11,09:17:30,대기,만덕동 823-34
2024-06-11,09:21:23,대기,화명동 2324
2024-06-11,09:29:28,부과,만덕동 115
2024-06-11,09:44:54,부과,덕천동 327
2024-06-11,09:53:09,비부과,구포동 1285
2024-06-11,10:01:01,부과,덕천동 416-4
2024-06-11,10:13:27,부과,덕천동 472
2024-06-11,10:17:38,부과,만덕동 945-5
2024-06-11,10:17:38,부과,만덕동 945-5
2024-06-11,10:21:09,부과,덕천동 472
2024-06-11,10:25:21,부과,구포동 263-8
2024-06-11,10:29:14,부과,구포동 1154-20
2024-06-11,10:38:27,대기,
2024-06-11,10:46:09,대기,
2024-06-11,11:13:43,비부과,백양대로 1096
2024-06-11,11:17:24,비부과,구포동 1186-3
2024-06-11,11:24:36,대기,
2024-06-11,11:29:49,부과,구포동 1060-69
2024-06-11,11:48:56,대기,
2024-06-11,11:48:56,비부과,만덕동 904
2024-06-11,11:48:56,부과,만덕동 904
2024-06-11,11:49:06,부과,만덕동 904
2024-06-11,12:08:54,비부과,만덕동 645-1
2024-06-11,13:06:20,대기,
2024-06-11,13:26:12,대기,
2024-06-11,14:10:03,부과,만덕동 904
2024-06-11,14:41:18,비부과,덕천동 327
2024-06-11,14:57:21,대기,
2024-06-11,15:10:47,비부과,화명동 2257
2024-06-11,15:30:35,비부과,
2024-06-11,15:53:15,비부과,덕천동 327
2024-06-11,16:01:18,부과,구포동 1223-6
2024-06-11,16:09:01,부과,만덕동 324-3
2024-06-11,17:07:17,부과,화명동 745
2024-06-11,17:11:18,부과,화명동 745
2024-06-11,17:11:19,부과,화명동 745
2024-06-11,17:11:29,비부과,화명동 2257
2024-06-11,17:16:31,대기,
2024-06-11,17:16:31,대기,
2024-06-11,17:19:02,부과,화명동 1375-8
2024-06-11,17:39:21,부과,만덕동 324-3
2024-06-11,17:51:06,비부과,덕천동 462
2024-06-11,17:51:07,비부과,덕천동 356-4
2024-06-11,19:23:04,부과,구포동 451-6
2024-06-11,19:27:26,비부과,덕천동 472
2024-06-11,20:04:24,비부과,화명동 2257
2024-06-11,20:43:01,비부과,만덕동 251-12
2024-06-11,21:18:46,부과,구포동 1279
2024-06-11,21:26:54,비부과,덕천동 462
2024-06-11,21:26:57,부과,화명동 2257
2024-06-11,21:56:21,부과,구포동 1288
2024-06-11,22:33:17,대기,화명동 소재 강변대로에서 목격된 89너3834 차량의 내용을 담고 있습니다.
2024-06-11,22:40:42,대기,금곡동 소재 금곡대로에서 목격된 부산99사6464 차량의 모습을 담고 있습니다.
2024-06-11,23:28:03,비부과,덕천동 356-12
2024-06-12,00:50:34,부과,만덕동 950
2024-06-12,01:31:25,대기,
2024-06-12,03:18:39,부과,구포동 1060-260
2024-06-12,03:22:39,비부과,구포동 1060-449
2024-06-12,07:03:03,대기,덕천동 462
2024-06-12,07:31:11,비부과,덕천동 401-4
2024-06-12,07:34:52,비부과,금곡동 1117
2024-06-12,07:34:52,부과,덕천동 365-20
2024-06-12,07:38:52,비부과,금곡동 1117
2024-06-12,07:38:53,비부과,금곡동 1117
2024-06-12,07:39:02,비부과,금곡동 1117
2024-06-12,08:07:02,부과,덕천동 561-2
2024-06-12,08:14:55,대기,
2024-06-12,08:34:58,부과,구포동 896
2024-06-12,09:05:01,비부과,구포동 1091-5
2024-06-12,09:07:13,비부과,구포동 916-1
2024-06-12,09:43:14,부과,구포동 362-6
2024-06-12,10:23:12,부과,구포동 779-3
2024-06-12,10:43:19,부과,금곡동 108
2024-06-12,10:47:11,부과,덕천동 416-4
2024-06-12,10:51:23,대기,
2024-06-12,11:03:28,부과,덕천동 315-12
2024-06-12,11:07:19,부과,덕천동 315-10
2024-06-12,11:11:21,부과,덕천동 472
2024-06-12,11:11:41,비부과,덕천동 472
2024-06-12,11:15:53,부과,만덕동 916-10
2024-06-12,11:15:53,부과,덕천동 472
2024-06-12,11:16:15,부과,만덕동 944-6
2024-06-12,11:19:16,부과,만덕동 945-1
2024-06-12,11:19:16,부과,만덕동 945-1
2024-06-12,11:42:54,비부과,덕천동 331-14
2024-06-12,12:55:02,부과,만덕동 904
2024-06-12,13:02:55,부과,만덕동 949-1
2024-06-12,13:03:06,비부과,화명동 2257
2024-06-12,13:03:16,부과,만덕동 903
2024-06-12,13:03:26,부과,만덕동 903
2024-06-12,14:51:09,부과,금곡동 54-1
2024-06-12,14:51:15,부과,금곡동 108
2024-06-12,14:51:26,부과,금곡동 54-1
2024-06-12,14:55:07,비부과,구포동 1219-9
2024-06-12,15:03:29,부과,구포동 365-2
2024-06-12,15:03:30,부과,구포동 372-2
2024-06-12,15:35:46,대기,
2024-06-12,16:27:07,비부과,화명동 2257
2024-06-12,16:27:18,부과,화명동 2257
2024-06-12,17:14:49,비부과,화명동 2257
2024-06-12,17:23:23,비부과,만덕동 962
2024-06-12,17:23:35,부과,만덕동 904
2024-06-12,17:23:36,부과,만덕동 904
2024-06-12,18:07:12,부과,덕천동 472
2024-06-12,18:39:01,비부과,덕천동 385-38
2024-06-12,18:43:12,비부과,덕천동 356-19
2024-06-12,18:43:13,비부과,덕천동 356-13
2024-06-12,19:54:42,비부과,구포동 1153
2024-06-12,19:54:42,부과,만덕동 937
2024-06-12,20:02:55,부과,덕천동 552-1
2024-06-12,20:07:07,부과,덕천동 561-1
2024-06-12,20:10:48,비부과,덕천동 730-5
2024-06-12,20:31:17,부과,덕천동 462
2024-06-12,20:38:38,부과,구포동 1090-10
2024-06-12,20:50:51,부과,구포동 1153
2024-06-12,21:10:48,부과,화명동 2257
2024-06-12,21:10:49,비부과,화명동 2257
2024-06-12,21:43:03,부과,덕천동 381-3
2024-06-12,22:11:05,부과,덕천동 462
2024-06-12,22:58:49,비부과,덕천동 457-54
2024-06-12,23:31:08,비부과,만덕동 955-3
2024-06-13,00:19:03,비부과,화명동 705
2024-06-13,02:14:21,부과,구포동 1271
2024-06-13,06:02:18,부과,덕천동 462
2024-06-13,07:24:33,부과,만덕동 898
2024-06-13,07:38:28,대기,
2024-06-13,09:42:14,대기,화명동 2277-3
2024-06-13,09:54:30,부과,덕천동 315-10
2024-06-13,09:56:31,부과,덕천동 315-10
2024-06-13,10:04:25,비부과,덕천동 472
2024-06-13,10:12:28,부과,덕천동 472
2024-06-13,10:26:26,부과,구포동 372-2
2024-06-13,10:36:21,비부과,만덕동 산 86-2
2024-06-13,10:42:02,대기,
2024-06-13,10:45:42,대기,금곡동 97-11
2024-06-13,11:02:24,부과,만덕동 950
2024-06-13,11:18:01,대기,
2024-06-13,11:28:24,비부과,만덕동 904
2024-06-13,11:28:24,비부과,만덕동 904
2024-06-13,11:30:18,비부과,만덕동 904
2024-06-13,11:32:20,부과,만덕동 904
2024-06-13,11:34:20,부과,덕천동 462
2024-06-13,12:08:25,부과,만덕동 934
2024-06-13,12:16:28,부과,만덕동 945-1
2024-06-13,12:16:28,부과,만덕동 945-1
2024-06-13,12:18:29,부과,만덕동 944-6
2024-06-13,12:20:40,부과,만덕동 944-6
2024-06-13,12:34:25,비부과,덕천동 471
2024-06-13,13:34:29,비부과,화명동 2277-3
2024-06-13,13:35:09,대기,
2024-06-13,14:53:41,대기,
2024-06-13,15:05:45,대기,
2024-06-13,15:05:46,대기,
2024-06-13,15:32:21,부과,덕천동 460-2
2024-06-13,16:04:40,대기,
2024-06-13,16:20:38,비부과,화명동 2257
2024-06-13,16:24:09,부과,화명동 2257
2024-06-13,16:34:25,대기,
2024-06-13,16:36:34,부과,구포동 1060-52
2024-06-13,17:24:26,대기,덕천동 801-34
2024-06-13,18:00:20,비부과,구포동 1060-316
2024-06-13,18:06:32,비부과,화명동 2272-4
2024-06-13,18:08:30,부과,화명동 2272-4
2024-06-13,18:12:14,부과,화명동 189
2024-06-13,18:14:25,부과,화명동 2272-4
2024-06-13,18:24:09,부과,구포동 918-5
2024-06-13,18:40:24,부과,구포동 1271
2024-06-13,19:22:20,비부과,덕천동 732-5
2024-06-13,19:31:39,부과,화명동 2021-2
2024-06-13,19:40:26,부과,만덕동 904
2024-06-13,19:40:26,부과,만덕동 904
2024-06-13,20:14:30,부과,만덕동 955-5
2024-06-13,20:38:27,부과,구포동 1276
2024-06-13,20:56:21,비부과,만덕동 846-2
2024-06-13,21:02:30,비부과,금곡동 96-1
2024-06-13,21:14:19,부과,만덕동 904
2024-06-13,21:18:18,부과,구포동 1087-1
2024-06-13,21:44:18,부과,화명동 745
2024-06-13,22:18:06,대기,
2024-06-13,22:34:14,부과,덕천동 38-3
2024-06-13,23:18:17,부과,화명동 1430
2024-06-13,23:56:22,부과,구포동 1060-316
2024-06-13,23:58:21,부과,구포동 1060-453
2024-06-14,00:00:25,비부과,구포동 1060-260
2024-06-14,00:04:24,부과,만덕동 729-1
2024-06-14,01:12:20,부과,화명동 2266-1
2024-06-14,01:14:21,비부과,화명동 2257
2024-06-14,01:18:12,비부과,덕천동 473-4
2024-06-14,01:58:12,비부과,덕천동 462
2024-06-14,02:06:17,부과,구포동 1205-69
2024-06-14,04:06:12,비부과,구포동 247-5
2024-06-14,05:56:15,부과,덕천동 462
2024-06-14,06:10:21,비부과,구포동 1267
2024-06-14,06:48:23,대기,
2024-06-14,07:14:48,대기,
2024-06-14,07:32:26,대기,
2024-06-14,07:56:18,부과,화명동 745
2024-06-14,08:02:21,부과,덕천동 561-2
2024-06-14,08:30:17,비부과,덕천동 380-4
2024-06-14,08:30:17,비부과,덕천동 462
2024-06-14,08:30:28,비부과,덕천동 462
2024-06-14,08:30:28,부과,덕천동 356-4
2024-06-14,08:30:28,비부과,덕천동 356-4
2024-06-14,09:00:27,대기,
2024-06-14,09:01:30,부과,만덕동 246-4
2024-06-14,09:03:27,부과,만덕동 950
2024-06-14,09:40:34,비부과,화명동 2257
2024-06-14,09:54:20,부과,만덕동 835-2
2024-06-14,09:58:21,부과,만덕동 835-2
2024-06-14,10:24:32,부과,덕천동 316-6
2024-06-14,10:28:14,부과,덕천동 315-10
2024-06-14,10:38:18,부과,덕천동 312-5
2024-06-14,10:42:19,부과,덕천동 330-2
2024-06-14,10:46:20,비부과,덕천동 313-5
2024-06-14,10:48:31,부과,덕천동 312-5
2024-06-14,10:52:23,부과,덕천동 312-5
2024-06-14,11:14:27,부과,구포동 1176-1
2024-06-14,11:14:27,부과,구포동 1176-1
2024-06-14,11:24:03,대기,
2024-06-14,11:34:14,부과,만덕동 904
2024-06-14,12:54:24,부과,만덕동 950
2024-06-14,13:24:30,비부과,구포동 1060-49
2024-06-14,14:28:24,대기,만덕동 759-25
2024-06-14,14:35:50,대기,
2024-06-14,15:21:59,대기,
2024-06-14,15:27:11,대기,
2024-06-14,15:48:21,대기,
2024-06-14,16:08:37,비부과,금곡동 1117
2024-06-14,16:16:24,비부과,구포동 603-14
2024-06-14,16:16:30,대기,구포동 247-1
2024-06-14,16:20:32,부과,만덕동 904
2024-06-14,16:22:24,부과,만덕동 904
2024-06-14,16:22:24,부과,만덕동 904
2024-06-14,17:42:33,부과,구포동 362-6
2024-06-14,18:04:32,부과,구포동 386-1
2024-06-14,18:48:18,부과,구포동 1153
2024-06-14,19:28:20,부과,화명동 745
2024-06-14,19:42:22,대기,
2024-06-14,21:01:24,부과,덕천동 342-1
2024-06-14,21:01:25,부과,만덕동 904
2024-06-14,21:02:43,부과,만덕동 904
2024-06-14,21:20:39,비부과,만덕동 955-3
2024-06-14,21:34:23,부과,구포동 1060-260
2024-06-14,21:38:27,부과,구포동 1060-316
2024-06-14,21:50:28,대기,구포동 1189
2024-06-14,22:50:31,부과,만덕동 598-6
2024-06-14,22:56:24,비부과,구포동 1280
2024-06-14,23:44:27,비부과,만덕동 830-1
2024-06-14,23:44:28,부과,만덕동 246-3
2024-06-15,00:00:34,비부과,구포동 651-3
2024-06-15,00:04:33,대기,만덕동 646-15
2024-06-15,00:10:25,비부과,덕천동 556-3
2024-06-15,00:12:27,부과,덕천동 557
2024-06-15,00:16:17,부과,덕천동 757-4
2024-06-15,01:02:32,비부과,덕천동 386-1
2024-06-15,03:16:27,부과,덕천동 462
2024-06-15,03:16:27,부과,덕천동 462
2024-06-15,03:16:27,부과,덕천동 462
2024-06-15,03:32:22,부과,구포동 1137
2024-06-15,03:34:24,부과,만덕동 736-24
2024-06-15,04:06:34,비부과,덕천동 327
2024-06-15,08:10:28,대기,
2024-06-15,08:10:28,대기,
2024-06-15,08:34:24,부과,덕천동 462
2024-06-15,09:14:24,부과,덕천동 779
2024-06-15,10:40:33,비부과,만덕동 824-35
2024-06-15,10:46:24,비부과,구포동 1091-5
2024-06-15,10:52:33,비부과,덕천동 472
2024-06-15,10:54:18,비부과,화명동 2277-4
2024-06-15,11:06:26,부과,덕천동 315-10
2024-06-15,11:08:25,부과,덕천동 315-10
2024-06-15,12:28:23,부과,화명동 2257
2024-06-15,13:00:30,부과,만덕동 829-8
2024-06-15,13:06:27,비부과,구포동 156-11
2024-06-15,13:38:30,부과,만덕동 904
2024-06-15,14:12:22,비부과,구포동 1271
2024-06-15,14:12:22,비부과,화명동 1130-9
2024-06-15,14:14:23,부과,만덕동 257-6
2024-06-15,14:16:23,부과,만덕동 927-1
2024-06-15,14:18:24,부과,만덕동 259-2
2024-06-15,14:18:24,대기,만덕동 833
2024-06-15,14:20:35,부과,구포동 916-1
2024-06-15,14:24:36,대기,덕천동 597-4
2024-06-15,14:36:20,부과,만덕동 935
2024-06-15,15:10:34,부과,구포동 897-21
2024-06-15,15:12:30,부과,덕천동 561-1
2024-06-15,15:32:23,대기,금곡동 102
2024-06-15,15:52:29,비부과,화명동 2257
2024-06-15,16:10:33,비부과,구포동 609-7
2024-06-15,16:52:21,비부과,만덕동 955
2024-06-15,17:22:21,부과,화명동 2257
2024-06-15,17:24:22,부과,화명동 2270-3
2024-06-15,17:26:33,비부과,화명동 2257
2024-06-15,17:26:33,부과,화명동 2257
2024-06-15,17:28:23,부과,화명동 2257
2024-06-15,17:30:34,부과,화명동 2257
2024-06-15,17:32:15,부과,화명동 2262
2024-06-15,17:36:27,비부과,구포동 920-13
2024-06-15,17:38:27,비부과,구포동 156-11
2024-06-15,17:46:21,비부과,구포동 156-11
2024-06-15,18:12:33,부과,구포동 1269-1
2024-06-15,18:20:34,비부과,덕천동 462
2024-06-15,18:24:35,비부과,덕천동 472
2024-06-15,18:26:16,비부과,덕천동 472
2024-06-15,19:20:30,비부과,만덕동 904
2024-06-15,19:20:30,부과,만덕동 904
2024-06-15,19:22:27,부과,금곡동 116
2024-06-15,19:24:32,부과,금곡동 116
2024-06-15,20:16:18,비부과,만덕동 904
2024-06-15,20:18:24,대기,
2024-06-15,20:48:34,부과,구포동 918-5
2024-06-15,20:54:25,비부과,덕천동 300-7
2024-06-15,21:20:27,부과,덕천동 462
2024-06-15,22:25:36,비부과,구포동 714-8
2024-06-15,22:34:22,부과,화명동 2257
2024-06-16,01:42:13,대기,만덕동 962
2024-06-16,06:18:21,대기,
2024-06-16,06:18:21,대기,
2024-06-16,06:18:21,대기,
2024-06-16,08:14:21,부과,구포동 1154-1
2024-06-16,09:24:18,부과,만덕동 899
2024-06-16,09:50:33,부과,덕천동 462
2024-06-16,09:56:34,부과,화명동 2257
2024-06-16,10:02:21,비부과,구포동 1060-411
2024-06-16,10:26:27,부과,덕천동 365-20
2024-06-16,11:12:21,부과,화명동 2257
2024-06-16,11:38:30,비부과,덕천동 557
2024-06-16,11:40:31,부과,덕천동 557-3
2024-06-16,11:42:22,부과,덕천동 757-4
2024-06-16,11:50:35,부과,덕천동 401-20
2024-06-16,11:52:15,부과,덕천동 328
2024-06-16,11:52:15,비부과,덕천동 414-37
2024-06-16,11:56:26,비부과,덕천동 431-9
2024-06-16,12:02:29,비부과,덕천동 424-29
2024-06-16,12:04:19,부과,만덕동 904
2024-06-16,12:22:33,부과,구포동 365-2
2024-06-16,12:22:34,부과,구포동 365-2
2024-06-16,12:34:21,부과,화명동 188
2024-06-16,12:40:40,비부과,화명동 2280
2024-06-16,12:40:40,부과,화명동 186
2024-06-16,12:40:40,부과,화명동 2257
2024-06-16,12:42:30,부과,화명동 2257
2024-06-16,12:54:28,부과,화명동 2257
2024-06-16,12:54:29,부과,화명동 2278-3
2024-06-16,13:14:33,부과,구포동 1281
2024-06-16,13:38:27,대기,
2024-06-16,13:48:27,부과,구포동 1247-10
2024-06-16,14:10:35,부과,구포동 920-13
2024-06-16,14:24:29,부과,구포동 1186-29
2024-06-16,14:26:20,부과,구포동 1124-1
2024-06-16,14:28:20,부과,구포동 1189
2024-06-16,14:30:31,비부과,구포동 1124-13
2024-06-16,14:32:11,부과,구포동 1124-1
2024-06-16,14:42:15,부과,만덕동 904
2024-06-16,15:06:35,대기,
2024-06-16,15:18:28,부과,구포동 1124-1
2024-06-16,15:22:20,부과,화명동 186
2024-06-16,16:24:21,비부과,덕천동 472
2024-06-16,16:32:24,부과,만덕동 898
2024-06-16,16:42:29,비부과,구포동 148
2024-06-16,17:04:28,비부과,덕천동 327
2024-06-16,17:10:30,부과,만덕동 937
2024-06-16,17:12:28,비부과,화명동 189
2024-06-16,17:14:31,비부과,화명동 191-5
2024-06-16,17:22:23,비부과,화명동 189
2024-06-16,17:34:37,부과,만덕동 729-1
2024-06-16,17:42:19,비부과,만덕동 904
2024-06-16,17:44:20,비부과,만덕동 904
2024-06-16,18:12:29,부과,만덕동 941-2
2024-06-16,18:12:29,부과,구포동 1137
2024-06-16,18:16:33,부과,덕천동 462
2024-06-16,18:44:31,부과,화명동 2276-6
2024-06-16,19:26:38,부과,만덕동 598-6
2024-06-16,19:36:21,비부과,만덕동 598-6
2024-06-16,20:18:30,비부과,화명동 2257
2024-06-16,20:30:24,비부과,만덕동 904
2024-06-16,20:58:24,부과,구포동 1060-84
2024-06-16,21:04:16,부과,덕천동 757-4
2024-06-16,21:50:21,부과,만덕동 965
2024-06-16,21:52:22,비부과,화명동 745
2024-06-16,22:04:25,대기,
2024-06-16,22:06:18,비부과,구포동 1293
2024-06-16,22:18:18,비부과,화명동 2257
2024-06-16,22:18:29,비부과,덕천동 50-22
2024-06-16,22:26:21,비부과,화명동 2257
2024-06-16,22:31:32,대기,
2024-06-16,23:32:17,비부과,구포동 1268
2024-06-17,00:24:19,부과,화명동 2276-4
2024-06-17,01:30:14,비부과,덕천동 462
2024-06-17,06:08:19,부과,덕천동 473-4
2024-06-17,06:36:24,부과,덕천동 472
2024-06-17,09:36:37,비부과,
2024-06-17,09:36:37,비부과,
2024-06-17,09:36:37,비부과,
2024-06-17,09:59:57,대기,덕천동 801-34
2024-06-17,10:04:21,비부과,만덕동 산 86-1
2024-06-17,10:10:44,부과,덕천동 472
2024-06-17,10:10:44,부과,구포동 362-5
2024-06-17,10:12:38,부과,구포동 365-2
2024-06-17,10:26:21,부과,덕천동 315-51
2024-06-17,10:28:24,부과,덕천동 315-12
2024-06-17,10:34:34,부과,덕천동 313-1
2024-06-17,11:26:21,부과,덕천동 416-4
2024-06-17,12:04:27,부과,구포동 1060-52
2024-06-17,12:14:29,부과,구포동 1154-24
2024-06-17,13:02:32,부과,만덕동 898
2024-06-17,13:06:25,부과,만덕동 950
2024-06-17,13:47:24,대기,만덕동 257-16
2024-06-17,14:02:11,대기,
2024-06-17,14:02:24,대기,
2024-06-17,14:06:13,비부과,만덕동 598-6
2024-06-17,14:23:52,대기,덕천로 244
2024-06-17,15:04:32,비부과,만덕동 937
2024-06-17,15:16:21,대기,구포동 247-5
2024-06-17,16:06:21,부과,금곡동 835-1
2024-06-17,16:18:27,대기,만덕동 613-21
2024-06-17,16:26:19,비부과,금곡동 96-1
2024-06-17,16:36:24,대기,덕천동 462
2024-06-17,16:47:58,대기,
2024-06-17,17:08:21,부과,구포동 1269-1
2024-06-17,17:18:34,부과,만덕동 945-5
2024-06-17,17:22:24,부과,만덕동 950
2024-06-17,17:22:35,부과,만덕동 950
2024-06-17,17:24:25,부과,만덕동 944-6
2024-06-17,17:30:39,비부과,만덕동 904
2024-06-17,17:40:32,부과,덕천동 561-1
2024-06-17,17:55:59,대기,
2024-06-17,18:10:25,비부과,만덕동 922-2
2024-06-17,18:18:17,부과,구포동 451-6
2024-06-17,19:40:28,부과,만덕동 937
2024-06-17,20:22:20,부과,구포동 387-3
2024-06-17,20:56:24,부과,구포동 897-21
2024-06-17,20:58:23,대기,화명동 944-3
2024-06-17,21:02:27,부과,덕천동 355-4
2024-06-17,21:04:25,부과,만덕동 945-5
2024-06-17,21:06:26,비부과,덕천동 462
2024-06-17,21:18:21,대기,구포동 1157-1
2024-06-17,21:38:27,부과,구포동 1247-10
2024-06-17,22:28:27,부과,만덕동 937
2024-06-17,22:32:18,비부과,만덕동 937
2024-06-17,22:56:27,대기,
2024-06-17,23:32:24,비부과,덕천동 402-34
2024-06-17,23:36:34,비부과,덕천동 462
2024-06-18,01:54:22,부과,화명동 2257
2024-06-18,02:42:24,부과,만덕동 937
2024-06-18,03:08:29,비부과,화명동 2257
2024-06-18,04:18:14,비부과,구포동 247-1
2024-06-18,05:52:15,부과,덕천동 797
2024-06-18,05:52:15,비부과,덕천동 359-1
2024-06-18,08:31:39,대기,
2024-06-18,09:18:27,대기,
2024-06-18,10:36:28,부과,구포동 372-2
2024-06-18,10:40:30,부과,구포동 365-2
2024-06-18,11:52:29,비부과,화명동 745
2024-06-18,12:18:28,부과,구포동 459-2
2024-06-18,13:01:13,비부과,구포동 920-13
2024-06-18,13:32:27,부과,만덕동 847-4
2024-06-18,14:52:23,부과,덕천동 462
2024-06-18,15:06:36,비부과,금곡동 109-1
2024-06-18,15:24:38,비부과,구포동 1124-13
2024-06-18,15:24:48,부과,만덕동 933
2024-06-18,15:28:20,부과,만덕동 920-3
2024-06-18,15:34:22,부과,화명동 2257
2024-06-18,16:10:25,비부과,덕천동 814-10
2024-06-18,16:28:15,대기,
2024-06-18,17:04:29,부과,만덕동 904
2024-06-18,17:15:04,대기,
2024-06-18,17:15:27,대기,
2024-06-18,18:20:36,비부과,구포동 935-2
2024-06-18,19:18:36,부과,구포동 1278
2024-06-18,19:24:21,부과,구포동 1290
2024-06-18,19:26:26,부과,덕천동 307-1
2024-06-18,19:26:35,비부과,금곡동 1885
2024-06-18,19:42:32,부과,구포동 1268
2024-06-18,19:44:22,대기,
2024-06-18,19:53:05,대기,
2024-06-18,20:32:21,대기,
2024-06-18,20:32:21,부과,만덕동 646-15
2024-06-18,21:00:29,비부과,덕천동 462
2024-06-18,21:02:28,대기,구포동 1269-1
2024-06-18,21:14:31,비부과,만덕동 903
2024-06-18,22:02:22,비부과,구포동 147-5
2024-06-18,22:06:23,부과,덕천동 381-3
2024-06-18,22:12:55,비부과,
2024-06-18,22:16:27,부과,화명동 2257
2024-06-18,22:20:29,부과,화명동 2257
2024-06-18,22:36:24,부과,만덕동 904
2024-06-18,22:36:25,부과,화명동 699-1
2024-06-18,22:42:17,비부과,덕천동 365-11
2024-06-18,22:46:28,비부과,덕천동 38-3
2024-06-18,23:06:24,부과,구포동 169-5
2024-06-18,23:07:08,비부과,화명동 2342
2024-06-18,23:18:27,부과,덕천동 431-1
2024-06-19,00:08:24,부과,구포동 700-18
2024-06-19,00:14:24,비부과,구포동 690-48
2024-06-19,00:20:38,부과,덕천동 427-31
2024-06-19,02:10:24,부과,구포동 1060-449
2024-06-19,02:12:14,비부과,구포동 1060-374
2024-06-19,02:30:32,부과,구포동 313
2024-06-19,04:00:21,대기,구포동 1247-10
2024-06-19,05:56:25,부과,덕천동 462
2024-06-19,06:04:26,대기,
2024-06-19,06:34:22,부과,덕천동 472
2024-06-19,08:18:27,대기,
2024-06-19,09:08:02,대기,
2024-06-19,10:46:31,부과,구포동 779-3
2024-06-19,11:14:33,비부과,덕천동 557
2024-06-19,11:18:35,비부과,덕천동 557
2024-06-19,11:50:37,비부과,덕천동 472
2024-06-19,12:02:39,대기,
2024-06-19,12:30:24,부과,덕천동 325-1
2024-06-19,13:42:33,부과,구포동 366
2024-06-19,13:44:34,부과,구포동 263-8
2024-06-19,15:10:26,대기,덕천동 467-2
2024-06-19,15:30:36,부과,만덕동 904
2024-06-19,15:30:36,부과,만덕동 944-6
2024-06-19,16:14:27,부과,덕천동 327
2024-06-19,16:30:42,대기,금곡동 844-1
2024-06-19,17:00:37,비부과,화명동 2316-7
2024-06-19,19:06:21,부과,덕천동 462
2024-06-19,19:37:39,부과,만덕동 950
2024-06-19,19:40:21,부과,만덕동 950
2024-06-19,19:50:35,대기,
2024-06-19,20:12:32,대기,구포동 1279
2024-06-19,23:36:37,대기,
2024-06-19,23:46:30,부과,만덕동 904
2024-06-20,00:16:34,부과,화명동 699-1
2024-06-20,00:21:36,대기,
2024-06-20,00:41:49,대기,
2024-06-20,01:18:20,부과,덕천동 757-4
2024-06-20,01:26:21,부과,덕천동 557-1
2024-06-20,02:04:21,비부과,구포동 1154-20
2024-06-20,03:20:28,부과,구포동 1278
2024-06-20,07:02:24,부과,구포동 1288
2024-06-20,07:34:27,부과,덕천동 381-3
2024-06-20,09:28:19,대기,
2024-06-20,09:48:47,대기,
2024-06-20,09:48:47,대기,제가 나이가 있다보니 물건이나 다른걸 들고 와주는 아주 고마운 자녀가 있습니다. 그런데 최근 앞 주차장쪽에 봉을 설치해서 제 물건을 내리지 못하게 하더군요. 나이가 나이인지라 물건을 들고오는건 매우 힘든일 입니다.
2024-06-20,10:08:25,부과,화명동 745
2024-06-20,10:36:26,부과,구포동 362-5
2024-06-20,10:38:26,부과,구포동 365-2
2024-06-20,11:22:45,비부과,덕천동 462
2024-06-20,11:32:24,부과,덕천동 757-4
2024-06-20,11:42:15,부과,만덕동 950
2024-06-20,12:06:25,대기,구포동 959-1
2024-06-20,13:11:00,대기,
2024-06-20,13:12:30,부과,만덕동 950
2024-06-20,13:46:36,부과,구포동 1276
2024-06-20,14:10:27,비부과,화명동 2009
2024-06-20,14:22:24,부과,화명동 2021-2
2024-06-20,14:24:35,비부과,화명동 2283
2024-06-20,14:32:30,비부과,화명동 2257
2024-06-20,14:42:24,비부과,화명동 2257
2024-06-20,16:04:59,비부과,구포동 897-21
2024-06-20,17:10:14,비부과,만덕동 941-2
2024-06-20,17:18:30,부과,덕천동 406
2024-06-20,18:04:39,부과,만덕동 870-15
2024-06-20,18:06:27,부과,화명동 2272-4
2024-06-20,18:12:35,비부과,만덕동 597-9
2024-06-20,18:20:28,부과,화명동 2257
2024-06-20,18:34:22,대기,화명동 2257
2024-06-20,18:36:28,비부과,덕천동 557
2024-06-20,18:50:28,비부과,구포동 1290
2024-06-20,19:18:18,비부과,화명동 941-1
2024-06-20,19:52:20,비부과,만덕동 955-5
2024-06-20,20:12:33,부과,만덕동 905
2024-06-20,20:44:26,비부과,구포동 156-11
2024-06-20,21:02:27,부과,만덕동 957-1
2024-06-20,21:06:23,비부과,만덕동 597-9
2024-06-20,21:26:20,대기,화명동 2257
2024-06-20,22:10:24,비부과,화명동 896-3
2024-06-20,22:46:25,비부과,구포동 1290
2024-06-20,22:52:27,비부과,만덕동 904
2024-06-20,22:56:59,대기,
2024-06-21,00:16:21,비부과,덕천동 462
2024-06-21,01:12:25,비부과,구포동 369-1
2024-06-21,01:32:24,비부과,만덕동 903
2024-06-21,02:12:24,부과,덕천동 398-4
2024-06-21,06:46:20,부과,덕천동 797
2024-06-21,07:02:27,부과,구포동 1246-5
2024-06-21,07:04:13,대기,만덕동 302-1
2024-06-21,08:50:30,비부과,덕천동 322-22
2024-06-21,09:26:24,부과,덕천동 388-1
2024-06-21,09:42:29,비부과,구포동 1142-2
2024-06-21,09:44:29,비부과,덕천동 462
2024-06-21,10:00:36,부과,덕천동 472
2024-06-21,10:02:27,비부과,만덕동 936-1
2024-06-21,10:02:27,비부과,구포동 1229-24
2024-06-21,10:08:27,부과,만덕동 835-2
2024-06-21,10:12:21,대기,
2024-06-21,10:22:11,부과,덕천동 316-40
2024-06-21,10:50:19,대기,
2024-06-21,10:52:31,부과,구포동 369
2024-06-21,10:56:22,부과,구포동 365-2
2024-06-21,11:00:24,부과,구포동 1157-1
2024-06-21,11:08:38,대기,
2024-06-21,12:10:39,비부과,구포동 1290
2024-06-21,12:40:30,비부과,구포동 421-9
2024-06-21,12:46:27,부과,만덕동 949-2
2024-06-21,13:04:27,비부과,만덕동 950
2024-06-21,13:42:16,부과,구포동 896-23
2024-06-21,13:56:24,부과,구포동 609-7
2024-06-21,14:04:45,대기,
2024-06-21,15:36:22,비부과,만덕동 323-10
2024-06-21,17:18:30,비부과,구포동 1204-32
2024-06-21,17:34:26,부과,화명동 2257
2024-06-21,17:36:27,부과,화명동 2257
2024-06-21,17:54:32,부과,구포동 1176-1
2024-06-21,17:54:32,부과,구포동 1176-1
2024-06-21,19:00:32,부과,구포동 897-21
2024-06-21,19:08:25,비부과,덕천동 381-3
2024-06-21,19:40:35,부과,화명동 194-2
2024-06-21,19:40:35,부과,만덕동 899
2024-06-21,19:46:36,부과,만덕동 904
2024-06-21,21:43:55,대기,
2024-06-21,22:16:26,대기,
2024-06-21,22:40:26,비부과,만덕동 906-1
2024-06-21,22:48:27,부과,만덕동 935
2024-06-21,22:52:32,부과,만덕동 935
2024-06-21,22:52:32,비부과,만덕동 935
2024-06-21,22:56:19,부과,구포동 1207-9
2024-06-21,22:58:19,부과,만덕동 935
2024-06-21,22:58:30,부과,만덕동 935
2024-06-21,22:58:31,비부과,만덕동 935
2024-06-21,23:00:30,비부과,만덕동 935
2024-06-21,23:02:21,부과,만덕동 914-13
2024-06-21,23:02:21,부과,만덕동 935
2024-06-21,23:02:21,비부과,만덕동 914-13
2024-06-21,23:02:32,비부과,만덕동 935
2024-06-21,23:06:26,부과,만덕동 911-2
2024-06-21,23:12:27,비부과,만덕동 935
2024-06-22,00:04:32,부과,구포동 1282
2024-06-22,00:22:28,비부과,만덕동 944-6
2024-06-22,00:24:21,부과,구포동 166
2024-06-22,00:30:30,부과,구포동 1273
2024-06-22,00:50:24,비부과,만덕동 668-1
2024-06-22,01:20:26,부과,구포동 1060-84
2024-06-22,07:36:24,대기,
2024-06-22,10:40:35,부과,구포동 1268
2024-06-22,10:42:25,비부과,구포동 916-1
2024-06-22,11:00:46,부과,화명동 1718-3
2024-06-22,11:02:18,부과,화명동 1718-3
2024-06-22,11:04:27,부과,만덕동 950
2024-06-22,11:04:27,부과,만덕동 950
2024-06-22,11:30:31,부과,만덕동 949-2
2024-06-22,12:26:26,부과,덕천동 38-3
2024-06-22,12:34:29,부과,구포동 366
2024-06-22,12:34:31,부과,구포동 233-3
2024-06-22,12:36:20,부과,구포동 263-8
2024-06-22,12:38:20,부과,구포동 1296
2024-06-22,13:00:38,부과,덕천동 462
2024-06-22,13:30:29,비부과,구포동 602-42
2024-06-22,13:34:30,비부과,덕천동 327
2024-06-22,14:08:24,부과,만덕동 904
2024-06-22,14:22:28,부과,구포동 1289
2024-06-22,14:22:29,부과,화명동 2257
2024-06-22,14:28:30,비부과,만덕동 903
2024-06-22,14:40:42,비부과,덕천동 310-22
2024-06-22,14:40:42,비부과,덕천동 310-22
2024-06-22,14:42:27,비부과,덕천동 310-22
2024-06-22,14:48:28,비부과,만덕동 670-1
2024-06-22,14:50:40,부과,덕천동 462
2024-06-22,15:04:24,부과,화명동 699-1
2024-06-22,15:50:43,부과,덕천동 462
2024-06-22,16:12:30,비부과,만덕동 904
2024-06-22,16:14:30,비부과,만덕동 904
2024-06-22,17:14:27,부과,구포동 1116-10
2024-06-22,17:14:28,비부과,구포동 772-2
2024-06-22,17:44:26,비부과,만덕동 904
2024-06-22,18:02:24,비부과,만덕동 904
2024-06-22,18:36:24,부과,만덕동 904
2024-06-22,18:36:35,부과,구포동 594-2
2024-06-22,19:38:23,비부과,덕천동 402-18
2024-06-22,20:00:30,부과,덕천동 472
2024-06-22,20:02:27,비부과,덕천동 472
2024-06-22,20:04:32,비부과,만덕동 904
2024-06-22,20:36:32,비부과,덕천동 462
2024-06-22,20:38:26,비부과,덕천동 416-4
2024-06-22,20:40:41,비부과,덕천동 414-40
2024-06-22,20:42:28,부과,덕천동 462
2024-06-22,21:10:30,비부과,덕천동 797
2024-06-22,21:26:25,비부과,만덕동 934
2024-06-22,21:34:30,부과,덕천동 401-20
2024-06-22,21:58:29,비부과,덕천동 381-3
2024-06-22,22:50:34,부과,화명동 1375-1
2024-06-23,01:26:13,부과,구포동 690-42
2024-06-23,02:10:32,비부과,만덕동 305-1
2024-06-23,02:12:19,비부과,만덕동 305-1
2024-06-23,09:04:21,비부과,덕천동 462
2024-06-23,09:20:36,부과,구포동 655-1
2024-06-23,09:22:33,부과,구포동 655-5
2024-06-23,09:40:24,부과,구포동 387-3
2024-06-23,09:58:26,비부과,구포동 923-81
2024-06-23,10:02:28,부과,만덕동 924
2024-06-23,10:06:19,비부과,구포동 1278
2024-06-23,10:48:23,비부과,덕천동 460-4
2024-06-23,11:20:23,부과,화명동 1170-18
2024-06-23,11:22:25,부과,구포동 1284
2024-06-23,11:24:26,부과,구포동 1247-10
2024-06-23,11:26:16,비부과,구포동 625-1
2024-06-23,12:18:34,부과,화명동 197
2024-06-23,12:34:18,부과,화명동 2280
2024-06-23,12:58:28,부과,덕천동 460-1
2024-06-23,13:00:30,비부과,구포동 983-1
2024-06-23,13:00:39,부과,덕천동 458
2024-06-23,13:02:31,부과,덕천동 458
2024-06-23,13:02:31,부과,화명동 2257
2024-06-23,13:04:20,부과,화명동 2257
2024-06-23,13:04:21,부과,화명동 2257
2024-06-23,13:04:22,비부과,화명동 2257
2024-06-23,13:16:15,부과,화명동 2257
2024-06-23,13:32:32,비부과,화명동 2342
2024-06-23,13:36:22,비부과,화명동 2342
2024-06-23,13:36:33,비부과,화명동 2342
2024-06-23,14:22:33,비부과,만덕동 323-10
2024-06-23,15:14:30,비부과,구포동 613-21
2024-06-23,15:28:25,부과,화명동 2277-4
2024-06-23,15:50:31,비부과,덕천동 132-65
2024-06-23,15:58:24,비부과,화명동 745
2024-06-23,16:18:22,비부과,만덕동 925-1
2024-06-23,16:26:27,부과,구포동 1287
2024-06-23,16:26:27,부과,덕천동 462
2024-06-23,16:38:31,부과,구포동 1287
2024-06-23,16:50:34,부과,구포동 620-6
2024-06-23,16:52:24,부과,덕천동 327
2024-06-23,17:42:22,비부과,만덕동 904
2024-06-23,17:44:23,부과,만덕동 904
2024-06-23,17:44:34,부과,만덕동 904
2024-06-23,17:48:24,부과,구포동 1249-20
2024-06-23,17:48:25,부과,구포동 1249-5
2024-06-23,18:10:34,부과,구포동 1269-1
2024-06-23,18:26:31,부과,금곡동 835-1
2024-06-23,18:56:30,비부과,만덕동 904
2024-06-23,19:12:30,대기,
2024-06-23,19:52:27,비부과,구포동 1277
2024-06-23,19:56:39,부과,화명동 2021-2
2024-06-23,20:06:30,비부과,만덕동 904
2024-06-23,20:06:31,비부과,만덕동 904
2024-06-23,20:14:25,부과,만덕동 729-1
2024-06-23,20:54:28,부과,구포동 1207-9
2024-06-23,21:26:38,부과,화명동 2257
2024-06-23,21:28:29,부과,구포동 1271
2024-06-24,00:26:31,부과,만덕동 830-6
2024-06-24,00:36:31,부과,구포동 785-4
2024-06-24,01:46:22,부과,구포동 1060-260
2024-06-24,01:50:23,부과,만덕동 925-2
2024-06-24,05:58:24,부과,덕천동 462
2024-06-24,06:06:21,비부과,구포동 414-5
2024-06-24,06:10:21,부과,만덕동 706-6
2024-06-24,06:14:12,비부과,덕천동 365-28
2024-06-24,07:20:26,비부과,구포동 1060-316
2024-06-24,08:00:14,부과,화명동 1458-9
2024-06-24,09:07:26,비부과,덕천동 402-12
2024-06-24,09:08:28,부과,덕천동 308-35
2024-06-24,10:14:31,부과,구포동 233-3
2024-06-24,10:18:24,대기,
2024-06-24,10:19:03,대기,
2024-06-24,10:22:24,부과,금곡동 108
2024-06-24,11:22:43,부과,만덕동 950
2024-06-24,11:26:34,대기,사상구 삼락동 391-2
2024-06-24,11:36:18,부과,구포동 1154-20
2024-06-24,11:36:30,부과,만덕동 911-3
2024-06-24,11:38:21,부과,화명동 1470-31
2024-06-24,11:40:20,대기,강서구 명지동 3246
2024-06-24,11:46:37,부과,만덕동 950
2024-06-24,12:48:27,비부과,만덕동 935
2024-06-24,13:20:31,비부과,금곡동 476
2024-06-24,13:28:26,비부과,화명동 2257
2024-06-24,13:36:32,부과,구포동 1189
2024-06-24,14:10:35,비부과,덕천동 462
2024-06-24,15:08:36,비부과,화명동 1293-1
2024-06-24,16:42:29,부과,화명동 2257
2024-06-24,16:50:45,부과,만덕동 950
2024-06-24,16:50:45,부과,만덕동 950
2024-06-24,17:10:31,부과,구포동 1269-1
2024-06-24,17:56:33,비부과,화명동 2272-4
2024-06-24,18:26:34,부과,만덕동 950
2024-06-24,19:26:24,부과,덕천동 472
2024-06-24,20:00:16,대기,수영구 광안동 205
2024-06-24,20:36:17,비부과,만덕동 792
2024-06-24,20:42:29,비부과,만덕동 958
2024-06-24,21:04:26,부과,만덕동 950
2024-06-24,21:34:15,비부과,덕천동 400-1
2024-06-24,22:10:15,대기,덕천동 462
2024-06-24,22:40:34,부과,화명동 186
2024-06-24,22:44:27,부과,화명동 186
2024-06-24,23:44:31,부과,덕천동 462
2024-06-24,23:58:14,부과,만덕동 736-24
2024-06-24,23:58:14,대기,만덕동 960
2024-06-25,01:04:20,비부과,덕천동 365-20
2024-06-25,02:32:24,대기,덕천동 462
2024-06-25,03:28:17,부과,화명동 2257
2024-06-25,03:28:18,비부과,화명동 2257
2024-06-25,03:30:28,대기,사상구 주례동 1160-7
2024-06-25,03:30:28,대기,사상구 주례동 1160-7
2024-06-25,03:30:29,대기,사상구 주례동 1160-7
2024-06-25,03:30:29,대기,사상구 주례동 1160-7
2024-06-25,08:32:30,비부과,덕천동 353-10
2024-06-25,08:58:27,부과,덕천동 307-1
2024-06-25,09:37:24,대기,수영구 망미동 640-5
2024-06-25,11:59:30,대기,
2024-06-25,12:06:33,부과,만덕동 903
2024-06-25,12:08:13,부과,만덕동 903
2024-06-25,12:08:23,부과,만덕동 904
2024-06-25,13:24:20,대기,사상구 감전동 174
2024-06-25,13:32:24,비부과,구포동 983-1
2024-06-25,13:36:36,부과,만덕동 898
2024-06-25,13:58:39,부과,덕천동 310-22
2024-06-25,14:24:37,부과,금곡동 111
2024-06-25,14:26:27,비부과,덕천동 343-10
2024-06-25,14:37:10,대기,
2024-06-25,15:12:37,대기,만덕동 935
2024-06-25,15:14:28,대기,만덕동 911-2
2024-06-25,15:34:37,비부과,금곡동 109-1
2024-06-25,16:34:34,대기,
2024-06-25,16:46:30,대기,구포동 894
2024-06-25,17:14:30,부과,구포동 1296
2024-06-25,17:18:31,비부과,구포동 156-11
2024-06-25,17:23:33,대기,
2024-06-25,17:30:30,비부과,만덕동 648-2
2024-06-25,17:42:32,부과,만덕동 950
2024-06-25,17:52:24,대기,화명동 886
2024-06-25,18:02:19,비부과,만덕동 597-8
2024-06-25,18:34:30,비부과,구포동 896-37
2024-06-25,18:34:30,부과,만덕동 950
2024-06-25,18:34:31,비부과,만덕동 950
2024-06-25,20:24:23,비부과,덕천동 462
2024-06-25,21:08:34,부과,만덕동 941-2
2024-06-25,21:16:27,비부과,덕천동 327
2024-06-25,22:14:26,비부과,만덕동 904
2024-06-25,22:18:28,부과,만덕동 935
2024-06-25,22:18:28,부과,만덕동 935
2024-06-25,22:20:30,비부과,만덕동 935
2024-06-25,22:20:30,대기,구포동 943-5
2024-06-25,23:30:34,부과,구포동 1153
2024-06-26,01:06:20,부과,만덕동 115-2
2024-06-26,01:08:31,부과,만덕동 778-8
2024-06-26,02:02:22,부과,덕천동 814-5
2024-06-26,02:18:25,부과,만덕동 911-3
2024-06-26,02:22:16,부과,만덕동 911-3
2024-06-26,02:26:28,비부과,만덕동 904
2024-06-26,02:34:19,비부과,만덕동 903
2024-06-26,02:40:37,부과,화명동 2257
2024-06-26,02:46:25,비부과,화명동 2257
2024-06-26,02:56:14,부과,화명동 2257
2024-06-26,04:46:49,대기,
2024-06-26,07:35:11,대기,
2024-06-26,09:14:15,부과,화명동 2287-1
2024-06-26,09:17:35,부과,화명동 2257
2024-06-26,09:22:26,부과,구포동 1060-454
2024-06-26,09:23:18,부과,덕천동 462
2024-06-26,09:23:59,부과,화명동 745
2024-06-26,09:26:15,대기,동래구 안락동 1241
2024-06-26,09:27:39,비부과,만덕동 845-3
2024-06-26,09:28:30,부과,덕천동 561-1
2024-06-26,09:29:01,비부과,금곡동 566-2
2024-06-26,09:29:12,비부과,덕천동 561-1
2024-06-26,09:47:07,부과,금곡동 110
2024-06-26,10:37:18,비부과,구포동 1273
2024-06-26,10:37:23,비부과,만덕동 949-1
2024-06-26,11:05:15,부과,화명동 2257
2024-06-26,12:54:18,비부과,화명동 2257
2024-06-26,13:36:04,부과,화명동 2257
2024-06-26,13:56:40,부과,만덕동 950
2024-06-26,14:18:11,비부과,구포동 603-20
2024-06-26,14:33:39,비부과,만덕동 823-8
2024-06-26,14:45:06,부과,만덕동 950
2024-06-26,14:58:56,부과,덕천동 241-40
2024-06-26,16:27:56,부과,구포동 1206-17
2024-06-26,17:32:21,부과,구포동 148
2024-06-26,17:35:31,비부과,구포동 148
2024-06-26,17:37:49,비부과,구포동 603-20
2024-06-26,17:53:51,부과,만덕동 873-16
2024-06-26,18:23:38,부과,구포동 553-2
2024-06-26,18:30:35,부과,구포동 1206-17
2024-06-26,18:33:02,부과,구포동 1206-17
2024-06-26,18:58:16,부과,만덕동 950
2024-06-26,19:10:50,부과,구포동 897-21
2024-06-26,19:48:57,부과,구포동 1207-9
2024-06-26,19:51:26,부과,구포동 1209-1
2024-06-26,20:14:32,부과,화명동 745
2024-06-26,20:29:12,비부과,덕천동 462
2024-06-26,21:11:53,부과,화명동 1431
2024-06-26,21:23:45,비부과,만덕동 941-2
2024-06-26,21:40:33,비부과,덕천동 460-2
2024-06-26,21:46:52,비부과,덕천동 365-28
2024-06-26,21:59:45,비부과,만덕동 950
2024-06-26,22:18:23,부과,덕천동 469
2024-06-27,05:04:50,부과,덕천동 462
2024-06-27,06:51:16,부과,만덕동 648-2
2024-06-27,07:46:27,부과,만덕동 955-5
2024-06-27,08:41:46,비부과,만덕동 945-5
2024-06-27,09:26:30,비부과,만덕동 945-5
2024-06-27,09:41:09,부과,만덕동 904
2024-06-27,09:41:36,부과,만덕동 904
2024-06-27,09:57:11,부과,덕천동 472
2024-06-27,09:57:11,부과,덕천동 472
2024-06-27,10:30:11,부과,화명동 745
2024-06-27,11:05:00,비부과,만덕동 904
2024-06-27,13:15:11,부과,만덕동 904
2024-06-27,13:53:59,부과,만덕동 904
2024-06-27,14:13:44,비부과,덕천동 327
2024-06-27,14:24:47,부과,구포동 603-14
2024-06-27,17:15:46,비부과,만덕동 823-8
2024-06-27,18:38:22,부과,덕천동 561-3
2024-06-27,18:43:15,부과,화명동 2257
2024-06-27,18:51:55,비부과,화명동 1229
2024-06-27,18:55:23,부과,만덕동 904
2024-06-27,19:23:15,부과,구포동 1060-471
2024-06-27,19:39:16,부과,덕천동 384-13
2024-06-27,19:56:08,부과,만덕동 953
2024-06-27,20:37:18,비부과,덕천동 801-12
2024-06-27,20:48:41,부과,구포동 1205-26
2024-06-27,21:25:59,부과,덕천동 462
2024-06-27,22:24:10,부과,덕천동 416-22
2024-06-27,22:36:37,부과,구포동 1060-455
2024-06-27,22:47:30,부과,만덕동 935
2024-06-27,22:47:30,부과,만덕동 935
2024-06-27,22:52:54,비부과,덕천동 797
2024-06-27,23:01:23,부과,만덕동 935
2024-06-27,23:17:15,부과,만덕동 935
2024-06-27,23:17:47,부과,덕천동 462
2024-06-28,00:15:17,비부과,덕천동 389-33
2024-06-28,01:10:01,비부과,만덕동 823-8
2024-06-28,05:18:47,부과,화명동 2257
2024-06-28,08:35:17,부과,구포동 1237-18
2024-06-28,08:39:34,비부과,덕천동 327
2024-06-28,08:40:28,비부과,덕천동 327
2024-06-28,08:51:45,부과,구포동 1160
2024-06-28,09:02:28,비부과,화명동 1293-1
2024-06-28,10:53:27,부과,구포동 1166-41
2024-06-28,11:16:16,부과,구포동 461-1
2024-06-28,12:23:01,부과,덕천동 462
2024-06-28,12:41:08,부과,만덕동 301-12
2024-06-28,12:41:29,부과,화명동 2271-3
2024-06-28,13:26:33,부과,구포동 762
2024-06-28,15:59:07,부과,화명동 2159-20
2024-06-28,16:00:59,부과,만덕동 268-1
2024-06-28,16:08:47,부과,화명동 2313-1
2024-06-28,16:08:47,부과,화명동 2313-1
2024-06-28,16:10:04,부과,화명동 2314-4
2024-06-28,16:13:32,부과,화명동 2257
2024-06-28,16:13:47,부과,구포동 1060-22
2024-06-28,16:43:40,부과,만덕동 905
2024-06-28,16:50:39,비부과,화명동 2264
2024-06-28,16:53:25,비부과,화명동 2257
2024-06-28,16:58:26,부과,덕천동 472
2024-06-28,17:24:58,부과,덕천동 464-21
2024-06-28,18:09:36,부과,구포동 1060-402
2024-06-28,19:01:58,부과,덕천동 365-11
2024-06-28,19:10:35,비부과,화명동 1430
2024-06-28,19:22:03,비부과,덕천동 384-1
2024-06-28,19:33:06,비부과,덕천동 462
2024-06-28,19:37:55,부과,만덕동 904
2024-06-28,19:58:58,부과,만덕동 903
2024-06-28,20:01:39,비부과,만덕동 945-5
2024-06-28,20:11:50,부과,구포동 1276
2024-06-28,20:36:14,비부과,덕천동 800-20
2024-06-28,20:42:40,부과,만덕동 904
2024-06-28,20:51:32,부과,구포동 1208-18
2024-06-28,21:51:50,비부과,덕천동 557
2024-06-28,22:08:53,부과,만덕동 898
2024-06-28,22:12:07,부과,만덕동 898
2024-06-28,22:12:41,부과,만덕동 898
2024-06-28,22:51:01,부과,덕천동 327
2024-06-28,22:54:04,부과,덕천동 327
2024-06-28,22:58:25,비부과,덕천동 327
2024-06-28,23:00:33,비부과,덕천동 327
2024-06-28,23:09:40,부과,구포동 1206-17
2024-06-29,01:16:33,부과,구포동 1269-1
2024-06-29,01:59:35,부과,구포동 1060-334
2024-06-29,06:55:20,부과,만덕동 399-4
2024-06-29,07:52:22,부과,구포동 465-2
2024-06-29,07:55:44,부과,구포동 263-9
2024-06-29,08:00:24,부과,구포동 1060-469
2024-06-29,08:08:38,부과,덕천동 462
2024-06-29,08:17:41,비부과,만덕동 904
2024-06-29,08:29:37,부과,만덕동 302-1
2024-06-29,08:34:48,비부과,덕천동 472
2024-06-29,09:12:31,비부과,금곡동 102
2024-06-29,09:28:25,부과,덕천동 329
2024-06-29,09:38:24,부과,구포동 986-56
2024-06-29,09:53:46,부과,덕천동 327
2024-06-29,09:55:21,비부과,구포동 156-11
2024-06-29,10:13:35,비부과,만덕동 944-6
2024-06-29,10:26:59,부과,덕천동 472
2024-06-29,10:56:15,비부과,구포동 482-3
2024-06-29,11:11:18,비부과,덕천동 458
2024-06-29,11:13:12,부과,만덕동 898
2024-06-29,11:25:36,부과,만덕동 642-110
2024-06-29,11:35:57,부과,만덕동 783-21
2024-06-29,11:36:08,부과,만덕동 904
2024-06-29,11:36:56,부과,만덕동 904
2024-06-29,11:37:40,부과,만덕동 903
2024-06-29,11:38:34,비부과,만덕동 904
2024-06-29,11:39:11,부과,만덕동 903
2024-06-29,11:53:56,부과,구포동 1060-334
2024-06-29,12:18:53,비부과,구포동 148
2024-06-29,13:07:11,비부과,화명동 2257
2024-06-29,13:14:20,비부과,화명동 2257
2024-06-29,13:15:44,부과,만덕동 926-2
2024-06-29,13:17:39,부과,만덕동 927-1
2024-06-29,13:28:54,비부과,만덕동 905
2024-06-29,14:18:29,부과,만덕동 904
2024-06-29,16:52:32,부과,화명동 2257
2024-06-29,17:18:21,부과,만덕동 905
2024-06-29,17:46:00,부과,덕천동 462
2024-06-29,18:33:21,비부과,화명동 2275-6
2024-06-29,18:42:14,부과,만덕동 904
2024-06-29,19:00:41,비부과,덕천동 381-16
2024-06-29,19:08:50,부과,화명동 699-1
2024-06-29,19:23:41,부과,구포동 1206-17
2024-06-29,19:27:47,부과,구포동 79-22
2024-06-29,20:06:40,부과,구포동 1060-466
2024-06-29,20:10:55,부과,구포동 1060-58
2024-06-29,20:41:13,부과,덕천동 400-8
2024-06-29,20:54:12,부과,덕천동 327
2024-06-29,21:34:06,부과,덕천동 401-10
2024-06-29,21:43:58,부과,만덕동 935
2024-06-29,22:33:34,부과,만덕동 935
2024-06-29,22:59:03,비부과,덕천동 381-16
2024-06-30,06:17:28,부과,구포동 1283
2024-06-30,06:51:54,부과,만덕동 898
2024-06-30,07:04:56,부과,구포동 1283
2024-06-30,07:25:07,부과,만덕동 888-10
2024-06-30,07:41:29,부과,만덕동 955-5
2024-06-30,08:08:47,부과,만덕동 835-35
2024-06-30,08:09:06,부과,구포동 1186-29
2024-06-30,08:58:39,부과,덕천동 381-16
2024-06-30,09:12:05,부과,덕천동 355-4
2024-06-30,10:01:39,부과,덕천동 462
2024-06-30,10:11:22,비부과,구포동 729-1
2024-06-30,10:18:49,부과,구포동 986-22
2024-06-30,10:19:26,부과,금곡동 1117
2024-06-30,10:22:37,부과,구포동 986-30
2024-06-30,10:30:21,부과,구포동 986-10
2024-06-30,10:33:54,비부과,구포동 986-10
2024-06-30,10:38:34,부과,구포동 986-10
2024-06-30,10:56:39,비부과,금곡동 1116-6
2024-06-30,11:03:24,비부과,금곡동 1117
2024-06-30,11:37:01,비부과,덕천동 462
2024-06-30,11:38:10,비부과,덕천동 462
2024-06-30,11:38:49,부과,덕천동 381-16
2024-06-30,11:39:46,부과,덕천동 381-3
2024-06-30,11:50:36,부과,만덕동 904
2024-06-30,11:51:02,부과,만덕동 904
2024-06-30,12:08:38,부과,만덕동 903
2024-06-30,12:37:35,부과,구포동 1157-1
2024-06-30,12:52:14,부과,만덕동 904
2024-06-30,13:20:51,부과,덕천동 327
2024-06-30,13:37:32,부과,만덕동 935
2024-06-30,13:40:19,부과,만덕동 911-3
2024-06-30,14:08:59,부과,덕천동 462
2024-06-30,14:50:56,부과,만덕동 904
2024-06-30,15:06:20,비부과,구포동 1139
2024-06-30,15:17:23,부과,화명동 2287-1
2024-06-30,16:25:50,비부과,덕천동 328
2024-06-30,17:19:24,부과,만덕동 904
2024-06-30,17:19:43,부과,만덕동 904
2024-06-30,17:34:38,부과,만덕동 935
2024-06-30,18:17:28,부과,덕천동 321-29
2024-06-30,18:19:59,부과,덕천동 381-3
2024-06-30,18:21:42,비부과,구포동 156-11
2024-06-30,18:26:43,부과,만덕동 937
2024-06-30,18:28:49,부과,만덕동 937
2024-06-30,18:30:39,부과,만덕동 937
2024-06-30,19:02:23,부과,금곡동 104
2024-06-30,19:03:26,부과,만덕동 251-2
2024-06-30,19:04:46,부과,덕천동 400-8
2024-06-30,19:10:45,부과,만덕동 904
2024-06-30,19:37:36,비부과,만덕동 905
2024-06-30,20:02:24,부과,만덕동 904
2024-06-30,20:02:45,부과,만덕동 904
2024-06-30,20:28:52,부과,만덕동 904
2024-06-30,20:43:05,부과,만덕동 935
2024-06-30,21:51:37,부과,덕천동 401-22
2024-06-30,22:02:37,부과,덕천동 327
2024-06-30,22:32:49,부과,덕천동 416-22
2024-06-30,23:02:41,부과,구포동 451-1
2024-07-01,01:39:59,부과,덕천동 462
2024-07-01,05:04:35,부과,구포동 1283
2024-07-01,06:45:45,부과,덕천동 561-1
2024-07-01,06:46:34,부과,구포동 1189
2024-07-01,07:22:48,비부과,덕천동 462
2024-07-01,07:32:22,부과,구포동 1124-13
2024-07-01,07:49:30,비부과,덕천동 417-1
2024-07-01,08:08:03,부과,구포동 896-23
2024-07-01,08:25:40,부과,구포동 1124-1
2024-07-01,08:28:53,부과,구포동 1189
2024-07-01,08:38:02,부과,덕천동 472
2024-07-01,08:44:41,비부과,금곡동 1910
2024-07-01,08:48:17,비부과,화명동 2257
2024-07-01,09:19:43,부과,구포동 1189
2024-07-01,09:19:43,비부과,구포동 1189
2024-07-01,09:44:38,비부과,덕천동 327
2024-07-01,10:08:29,부과,덕천동 322-24
2024-07-01,10:12:39,비부과,구포동 1268
2024-07-01,10:25:19,비부과,만덕동 41
2024-07-01,11:08:51,비부과,만덕동 904
2024-07-01,11:20:41,부과,구포동 1189
2024-07-01,11:22:26,부과,구포동 1124-13
2024-07-01,11:32:25,부과,만덕동 944-6
2024-07-01,15:35:57,부과,덕천동 322-24
2024-07-01,15:37:32,부과,덕천동 316-40
2024-07-01,15:47:33,비부과,덕천동 458
2024-07-01,17:42:41,비부과,덕천동 462
2024-07-01,18:10:07,부과,화명동 2257
2024-07-01,18:10:44,부과,화명동 2257
2024-07-01,18:14:52,부과,덕천동 462
2024-07-01,20:38:41,비부과,화명동 205
2024-07-01,20:45:55,부과,만덕동 305-1
2024-07-01,20:48:06,부과,화명동 699-1
2024-07-01,21:36:00,부과,덕천동 400-8
2024-07-01,21:36:42,부과,덕천동 400-8
2024-07-01,22:23:02,부과,만덕동 736-24
2024-07-01,23:02:01,부과,덕천동 462
2024-07-02,05:12:26,부과,구포동 1281
2024-07-02,07:01:55,부과,구포동 1285
2024-07-02,07:32:33,부과,덕천동 355-4
2024-07-02,08:17:24,부과,구포동 1189
2024-07-02,09:02:55,부과,구포동 1189
2024-07-02,10:30:29,부과,구포동 1060-316
2024-07-02,11:19:47,비부과,만덕동 904
2024-07-02,12:19:53,부과,금곡동 108
2024-07-02,13:20:31,비부과,화명동 2257
2024-07-02,13:29:30,비부과,만덕동 904
2024-07-02,14:46:36,비부과,화명동 2340
2024-07-02,16:08:23,부과,덕천동 462
2024-07-02,16:27:14,비부과,만덕동 597-9
2024-07-02,16:47:50,부과,만덕동 922-2
2024-07-02,16:55:23,비부과,덕천동 462
2024-07-02,16:56:26,부과,덕천동 373-1
2024-07-02,17:15:43,비부과,만덕동 597-9
2024-07-02,17:37:20,부과,덕천동 462
2024-07-02,17:48:48,부과,만덕동 845-6
2024-07-02,17:48:48,부과,만덕동 845-6
2024-07-02,18:39:00,부과,만덕동 904
2024-07-02,18:46:18,부과,만덕동 899
2024-07-02,18:48:25,부과,만덕동 899
2024-07-02,19:23:33,부과,만덕동 904
2024-07-02,19:24:00,부과,만덕동 904
2024-07-02,19:41:04,부과,구포동 1285
2024-07-02,19:45:28,부과,화명동 2257
2024-07-02,20:43:48,비부과,구포동 923-120
2024-07-02,20:43:48,부과,구포동 923-120
2024-07-02,21:56:10,부과,만덕동 904
2024-07-02,21:56:46,부과,만덕동 904
2024-07-02,21:56:58,비부과,만덕동 904
2024-07-02,22:11:50,부과,구포동 1154-20
2024-07-02,22:55:01,부과,덕천동 814-4
2024-07-02,23:05:38,부과,만덕동 928
2024-07-02,23:37:53,부과,화명동 2257
2024-07-03,00:42:21,부과,화명동 2342
2024-07-03,00:50:35,부과,만덕동 257-16
2024-07-03,06:51:32,부과,만덕동 898
2024-07-03,07:43:37,부과,만덕동 955
2024-07-03,07:57:52,비부과,구포동 923-72
2024-07-03,08:01:35,부과,구포동 1189
2024-07-03,08:35:27,비부과,덕천동 322-33
2024-07-03,08:51:46,부과,구포동 1189
2024-07-03,09:43:09,비부과,구포동 1196-11
2024-07-03,09:47:55,부과,구포동 1296
2024-07-03,10:49:36,부과,만덕동 824-35
2024-07-03,10:58:00,비부과,구포동 779-3
2024-07-03,11:54:24,부과,만덕동 904
2024-07-03,12:01:44,부과,화명동 2257
2024-07-03,12:08:06,부과,금곡동 109
2024-07-03,12:10:52,부과,금곡동 92-1
2024-07-03,12:36:52,부과,화명동 2257
2024-07-03,12:39:14,부과,화명동 2257
2024-07-03,13:51:41,부과,화명동 2324
2024-07-03,14:11:40,비부과,만덕동 937
2024-07-03,14:15:24,부과,만덕동 926-2
2024-07-03,15:42:09,부과,만덕동 937
2024-07-03,15:49:33,부과,만덕동 933
2024-07-03,17:18:58,부과,만덕동 729-1
2024-07-03,17:49:03,비부과,구포동 1160
2024-07-03,17:52:32,비부과,구포동 178-8
2024-07-03,18:24:36,부과,만덕동 628-19
2024-07-03,18:31:33,부과,만덕동 922-2
2024-07-03,18:32:47,부과,덕천동 561-2
2024-07-03,18:51:29,부과,화명동 699-1
2024-07-03,18:58:13,부과,화명동 1388-2
2024-07-03,19:34:54,비부과,만덕동 950
2024-07-03,19:37:57,비부과,만덕동 945-5
2024-07-03,19:50:22,비부과,만덕동 945-5
2024-07-03,19:50:38,부과,만덕동 629-3
2024-07-03,19:52:23,부과,만덕동 906-1
2024-07-03,20:06:48,부과,화명동 2257
2024-07-03,20:07:23,비부과,화명동 2257
2024-07-03,20:09:45,부과,화명동 2257
2024-07-03,20:26:05,부과,만덕동 904
2024-07-03,20:26:26,부과,만덕동 904
2024-07-03,20:27:24,부과,만덕동 904
2024-07-03,21:00:44,비부과,구포동 1076-1
2024-07-03,21:04:32,비부과,덕천동 462
2024-07-03,21:26:00,부과,만덕동 904
2024-07-03,21:27:52,비부과,만덕동 835-2
2024-07-03,21:36:10,부과,덕천동 416-22
2024-07-03,22:14:34,부과,구포동 1082-1
2024-07-03,22:30:17,부과,만덕동 729-1
2024-07-03,22:34:15,부과,만덕동 676-2
2024-07-03,22:47:15,부과,구포동 1095-9
2024-07-03,23:14:34,부과,덕천동 462
2024-07-04,00:00:35,부과,덕천동 327
2024-07-04,00:25:58,부과,화명동 2257
2024-07-04,06:05:54,비부과,
2024-07-04,06:58:41,부과,구포동 1189
2024-07-04,07:14:06,부과,덕천동 388-1
2024-07-04,07:51:45,부과,구포동 1189
2024-07-04,08:06:47,부과,만덕동 899
2024-07-04,08:45:59,부과,금곡동 108
2024-07-04,08:49:53,부과,구포동 1049-8
2024-07-04,08:50:30,부과,구포동 1189
2024-07-04,08:55:52,부과,구포동 1271
2024-07-04,09:07:47,부과,화명동 1718-14
2024-07-04,10:17:03,비부과,만덕동 905
2024-07-04,10:29:54,비부과,구포동 1280
2024-07-04,10:50:52,부과,구포동 1060-22
2024-07-04,10:55:01,비부과,구포동 779-3
2024-07-04,11:39:12,비부과,구포동 1207-26
2024-07-04,11:55:19,부과,화명동 2257
2024-07-04,11:56:59,부과,화명동 2257
2024-07-04,14:49:17,부과,만덕동 783-54
2024-07-04,15:47:52,부과,화명동 193
2024-07-04,16:01:02,부과,금곡동 835-1
2024-07-04,17:00:50,부과,덕천동 462
2024-07-04,19:00:49,부과,구포동 1296
2024-07-04,19:44:02,부과,덕천동 462
2024-07-04,19:46:24,비부과,화명동 2257
2024-07-04,20:53:19,부과,만덕동 904
2024-07-04,21:12:54,비부과,화명동 1170-1
2024-07-04,21:44:05,부과,덕천동 462
2024-07-04,22:49:25,부과,구포동 381-8
2024-07-04,23:05:30,부과,덕천동 348-16
2024-07-04,23:16:11,비부과,덕천동 460-2
2024-07-04,23:55:05,부과,만덕동 937
2024-07-04,23:57:22,부과,만덕동 937
2024-07-05,07:58:48,비부과,구포동 923-220
2024-07-05,07:59:25,비부과,구포동 923-220
2024-07-05,08:10:15,비부과,만덕동 644-3
2024-07-05,08:22:51,비부과,구포동 896-23
2024-07-05,08:34:34,부과,만덕동 904
2024-07-05,09:12:07,부과,구포동 1273
2024-07-05,09:12:36,비부과,만덕동 898
2024-07-05,10:49:10,비부과,만덕동 950
2024-07-05,10:49:32,비부과,만덕동 945-5
2024-07-05,11:18:56,부과,화명동 1222-2
2024-07-05,11:34:17,부과,덕천동 473-4
2024-07-05,11:52:55,부과,구포동 1060-20
2024-07-05,12:09:50,부과,구포동 1278
2024-07-05,12:29:15,부과,구포동 1277
2024-07-05,13:50:59,부과,만덕동 950
2024-07-05,14:07:27,부과,화명동 2257
2024-07-05,14:14:26,부과,만덕동 846-6
2024-07-05,14:14:48,부과,구포동 169-5
2024-07-05,14:20:43,부과,화명동 2257
2024-07-05,14:55:17,부과,구포동 1124-1
2024-07-05,14:58:39,부과,만덕동 904
2024-07-05,17:04:38,부과,만덕동 922-2
2024-07-05,17:38:54,부과,만덕동 933
2024-07-05,18:05:56,부과,화명동 1431
2024-07-05,18:20:35,부과,만덕동 904
2024-07-05,18:20:55,부과,만덕동 904
2024-07-05,18:21:20,부과,만덕동 904
2024-07-05,18:21:49,부과,만덕동 904
2024-07-05,18:41:04,비부과,만덕동 295-5
2024-07-05,18:43:13,비부과,만덕동 607-1
2024-07-05,18:46:07,부과,구포동 1206-5
2024-07-05,18:54:10,부과,구포동 1052-12
2024-07-05,19:33:04,비부과,화명동 745
2024-07-05,19:35:43,부과,화명동 754
2024-07-05,20:07:10,부과,화명동 2277-4
2024-07-05,20:09:07,부과,만덕동 829
2024-07-05,20:11:21,부과,만덕동 251-2
2024-07-05,20:19:36,비부과,화명동 2257
2024-07-05,21:07:42,부과,만덕동 216-7
2024-07-05,21:09:01,부과,화명동 2274-4
2024-07-05,21:15:26,부과,만덕동 935
2024-07-05,21:28:50,부과,만덕동 736-24
2024-07-05,21:29:23,부과,만덕동 736-24
2024-07-05,22:15:43,부과,만덕동 706-18
2024-07-05,22:35:11,부과,덕천동 416-22
2024-07-05,22:48:58,부과,구포동 1060-471
2024-07-05,23:06:57,부과,만덕동 268-1
2024-07-05,23:13:23,부과,만덕동 927-1
2024-07-05,23:29:32,부과,만덕동 926-2
2024-07-05,23:45:29,부과,화명동 2272-1
2024-07-06,01:56:58,부과,구포동 972
2024-07-06,07:22:43,부과,만덕동 775
2024-07-06,07:37:23,부과,만덕동 432
2024-07-06,07:38:20,부과,만덕동 377-4
2024-07-06,08:10:05,부과,구포동 1060-316
2024-07-06,08:16:36,비부과,구포동 1060-316
2024-07-06,09:10:16,부과,덕천동 315-12
2024-07-06,09:39:12,부과,구포동 1060-51
2024-07-06,09:46:39,부과,덕천동 312-5
2024-07-06,10:35:30,비부과,덕천동 462
2024-07-06,10:46:06,비부과,덕천동 462
2024-07-06,10:52:04,부과,만덕동 904
2024-07-06,11:08:07,비부과,화명동 2257
2024-07-06,11:32:49,비부과,만덕동 670-1
2024-07-06,11:45:59,부과,만덕동 269-4
2024-07-06,11:48:24,부과,화명동 1115
2024-07-06,12:02:34,비부과,화명동 2287-1
2024-07-06,12:16:27,부과,만덕동 937
2024-07-06,12:38:12,비부과,덕천동 462
2024-07-06,13:04:32,부과,화명동 2257
2024-07-06,13:05:06,부과,화명동 2257
2024-07-06,13:05:37,부과,구포동 462-2
2024-07-06,13:05:51,부과,화명동 2257
2024-07-06,13:06:58,부과,화명동 2262
2024-07-06,13:18:20,부과,화명동 2275-4
2024-07-06,13:20:35,부과,화명동 2278-3
2024-07-06,13:23:43,부과,화명동 2257
2024-07-06,13:27:30,부과,만덕동 산 195-10
2024-07-06,13:36:01,부과,구포동 1189
2024-07-06,13:38:23,부과,만덕동 937
2024-07-06,13:46:14,비부과,만덕동 898
2024-07-06,13:46:29,부과,만덕동 905
2024-07-06,13:48:53,부과,만덕동 905
2024-07-06,13:56:38,부과,만덕동 905
2024-07-06,13:58:21,부과,만덕동 783-54
2024-07-06,14:30:11,비부과,덕천동 462
2024-07-06,15:14:12,비부과,구포동 612-8
2024-07-06,15:21:35,부과,구포동 1287
2024-07-06,15:47:31,부과,구포동 1166-31
2024-07-06,15:57:27,부과,덕천동 397-1
2024-07-06,16:00:13,부과,만덕동 937
2024-07-06,16:02:06,부과,만덕동 927-1
2024-07-06,16:09:10,비부과,
2024-07-06,16:11:35,부과,덕천동 398-9
2024-07-06,16:35:34,부과,덕천동 332-24
2024-07-06,17:07:59,부과,덕천동 290-4
2024-07-06,17:58:30,부과,화명동 2257
2024-07-06,18:13:17,부과,화명동 2257
2024-07-06,18:29:07,부과,화명동 1470-11
2024-07-06,19:19:38,비부과,덕천동 381-3
2024-07-06,19:23:09,부과,덕천동 462
2024-07-06,19:25:22,부과,만덕동 904
2024-07-06,19:28:04,부과,만덕동 산 195-2
2024-07-06,19:35:13,부과,구포동 451-6
2024-07-06,19:44:33,비부과,화명동 2257
2024-07-06,19:55:09,부과,만덕동 904
2024-07-06,19:55:33,부과,만덕동 904
2024-07-06,20:47:22,부과,만덕동 759-25
2024-07-06,20:52:41,부과,덕천동 400-8
2024-07-06,21:17:44,부과,구포동 919-26
2024-07-06,21:44:38,부과,덕천동 416-22
2024-07-06,22:11:52,부과,만덕동 246-3
2024-07-06,23:03:08,부과,만덕동 937
2024-07-06,23:07:38,부과,만덕동 927-1
2024-07-06,23:09:23,부과,만덕동 937
2024-07-06,23:11:04,부과,만덕동 937
2024-07-07,00:27:22,부과,화명동 2257
2024-07-07,00:33:32,부과,화명동 2257
2024-07-07,00:39:04,비부과,화명동 2274-6
2024-07-07,00:43:53,비부과,화명동 2257
2024-07-07,00:44:56,비부과,화명동 2274-4
2024-07-07,00:46:35,부과,구포동 918-5
2024-07-07,02:40:01,부과,덕천동 391-7
2024-07-07,04:10:16,부과,화명동 2257
2024-07-07,06:42:13,부과,만덕동 898
2024-07-07,06:51:32,부과,만덕동 898
2024-07-07,07:58:27,부과,구포동 263-10
2024-07-07,08:00:47,부과,구포동 261-1
2024-07-07,08:19:42,부과,만덕동 903
2024-07-07,08:51:59,부과,만덕동 898
2024-07-07,09:11:04,부과,구포동 247-1
2024-07-07,09:33:06,부과,구포동 611-2
2024-07-07,10:19:36,부과,구포동 918-5
2024-07-07,10:23:38,부과,구포동 1060-471
2024-07-07,10:43:28,부과,만덕동 729-1
2024-07-07,10:54:58,부과,구포동 1288
2024-07-07,11:09:46,부과,덕천동 462
2024-07-07,11:34:44,부과,화명동 2257
2024-07-07,11:56:34,부과,덕천동 401-20
2024-07-07,11:57:22,부과,덕천동 402-8
2024-07-07,12:48:57,비부과,구포동 614-79
2024-07-07,13:30:27,부과,만덕동 937
2024-07-07,13:33:58,부과,만덕동 293-5
2024-07-07,13:40:19,부과,만덕동 898
2024-07-07,13:43:02,비부과,덕천동 462
2024-07-07,14:08:56,부과,구포동 1169
2024-07-07,14:29:29,부과,구포동 603-11
2024-07-07,14:43:16,부과,덕천동 403-2
2024-07-07,15:22:23,부과,구포동 1285
2024-07-07,15:58:03,부과,구포동 451-1
2024-07-07,16:40:59,비부과,화명동 1229
2024-07-07,16:48:27,부과,구포동 156-11
2024-07-07,16:49:35,부과,구포동 156-11
2024-07-07,17:00:08,부과,덕천동 302-27
2024-07-07,17:31:50,부과,덕천동 462
2024-07-07,17:42:36,비부과,덕천동 458
2024-07-07,17:53:08,부과,만덕동 903
2024-07-07,17:53:37,부과,만덕동 903
2024-07-07,17:54:26,부과,만덕동 903
2024-07-07,17:54:49,부과,만덕동 904
2024-07-07,17:55:55,부과,만덕동 904
2024-07-07,17:58:11,부과,덕천동 472
2024-07-07,17:59:06,부과,만덕동 904
2024-07-07,18:26:57,비부과,덕천동 417-1
2024-07-07,18:32:22,비부과,만덕동 904
2024-07-07,18:39:11,부과,화명동 2257
2024-07-07,18:45:57,부과,만덕동 904
2024-07-07,18:46:17,부과,만덕동 904
2024-07-07,18:46:40,부과,만덕동 904
2024-07-07,18:47:05,부과,만덕동 904
2024-07-07,18:50:03,비부과,화명동 2266-1
2024-07-07,20:26:28,부과,만덕동 904
2024-07-07,20:29:08,비부과,화명동 745
2024-07-07,20:34:26,부과,만덕동 903
2024-07-07,20:34:44,부과,만덕동 903
2024-07-07,20:35:20,부과,만덕동 903
2024-07-07,20:35:38,부과,만덕동 851
2024-07-07,22:12:58,비부과,덕천동 400-7
2024-07-07,22:21:54,부과,덕천동 328
2024-07-07,22:23:52,부과,덕천동 328
2024-07-07,22:39:56,부과,만덕동 898
2024-07-07,22:40:38,부과,만덕동 898
2024-07-07,22:41:10,부과,만덕동 935
2024-07-07,22:41:59,부과,만덕동 935
2024-07-07,22:51:29,부과,만덕동 904
2024-07-07,23:05:08,비부과,덕천동 389-20
2024-07-08,00:08:48,부과,만덕동 937
2024-07-08,07:30:59,부과,덕천동 462
2024-07-08,07:33:56,부과,덕천동 327
2024-07-08,08:30:47,비부과,구포동 896-23
2024-07-08,10:14:25,부과,덕천동 388-1
2024-07-08,10:33:45,부과,덕천동 316-40
2024-07-08,10:38:30,부과,구포동 1060-51
2024-07-08,12:07:06,부과,구포동 1124-13
2024-07-08,12:09:23,부과,만덕동 136-1
2024-07-08,12:17:16,부과,만덕동 833-5
2024-07-08,12:18:28,비부과,구포동 1280
2024-07-08,12:31:51,부과,구포동 947-4
2024-07-08,12:32:51,비부과,화명동 2257
2024-07-08,12:38:26,부과,만덕동 904
2024-07-08,12:39:32,부과,만덕동 903
2024-07-08,12:40:00,부과,만덕동 844-13
2024-07-08,12:46:40,부과,화명동 1222-2
2024-07-08,14:24:45,부과,만덕동 873-15
2024-07-08,14:29:33,부과,구포동 1124-1
2024-07-08,15:15:52,부과,구포동 1189
2024-07-08,15:25:49,부과,금곡동 1881
2024-07-08,16:13:38,부과,만덕동 835-2
2024-07-08,16:44:05,부과,덕천동 370
2024-07-08,16:48:11,비부과,화명동 2310
2024-07-08,17:41:04,부과,구포동 1268
2024-07-08,18:23:48,부과,화명동 1372-2
2024-07-08,18:25:28,부과,화명동 1373-3
2024-07-08,18:26:00,부과,만덕동 906-1
2024-07-08,18:31:53,부과,덕천동 432-23
2024-07-08,19:03:51,부과,덕천동 383-21
2024-07-08,19:18:34,부과,구포동 1205-26
2024-07-08,19:21:37,부과,구포동 1060-390
2024-07-08,19:28:28,부과,만덕동 729-1
2024-07-08,20:40:49,비부과,만덕동 774-9
2024-07-08,20:47:36,부과,만덕동 923
2024-07-08,21:14:45,부과,구포동 169-5
2024-07-08,21:26:12,부과,만덕동 904
2024-07-08,21:47:52,부과,덕천동 391-11
2024-07-08,22:17:02,부과,화명동 2342
2024-07-08,22:32:02,부과,구포동 1205-1
2024-07-08,23:29:07,부과,구포동 1060-308
2024-07-08,23:30:16,부과,만덕동 736-24
2024-07-08,23:42:10,부과,만덕동 607-1
2024-07-09,00:35:12,부과,만덕동 927-1
2024-07-09,00:52:02,부과,구포동 263-9
2024-07-09,06:03:10,부과,덕천동 332-8
2024-07-09,07:09:13,부과,만덕동 136-1
2024-07-09,07:45:49,부과,덕천동 327
2024-07-09,08:33:06,비부과,덕천동 552-1
2024-07-09,08:35:19,부과,덕천동 539-6
2024-07-09,08:37:26,비부과,덕천동 763-29
2024-07-09,09:17:51,비부과,만덕동 904
2024-07-09,09:25:08,부과,만덕동 246-3
2024-07-09,09:44:12,부과,화명동 2257
2024-07-09,10:38:26,부과,만덕동 899
2024-07-09,10:54:16,부과,만덕동 950
2024-07-09,11:06:47,비부과,덕천동 383-4
2024-07-09,11:34:54,부과,만덕동 899
2024-07-09,11:50:02,부과,금곡동 123
2024-07-09,11:58:41,부과,덕천동 460-1
2024-07-09,12:10:49,부과,만덕동 950
2024-07-09,12:24:07,부과,화명동 2257
2024-07-09,13:08:18,비부과,화명동 2257
2024-07-09,13:14:26,부과,만덕동 935
2024-07-09,13:17:50,부과,만덕동 934
2024-07-09,14:10:50,부과,구포동 1189
2024-07-09,14:15:13,부과,구포동 1189
2024-07-09,14:25:21,부과,화명동 2257
2024-07-09,14:32:56,비부과,덕천동 427-18
2024-07-09,15:02:43,부과,구포동 1293
2024-07-09,15:07:12,비부과,덕천동 327
2024-07-09,17:16:35,부과,구포동 1268
2024-07-09,18:34:41,부과,구포동 548-1
2024-07-09,18:46:27,부과,금곡동 73-1
2024-07-09,18:50:57,부과,만덕동 933
2024-07-09,18:54:47,비부과,만덕동 904
2024-07-09,18:55:31,부과,만덕동 848-1
2024-07-09,18:59:08,부과,만덕동 904
2024-07-09,18:59:27,부과,구포동 1296
2024-07-09,19:00:33,비부과,구포동 1296
2024-07-09,19:04:16,부과,구포동 1296
2024-07-09,19:12:09,부과,금곡동 121
2024-07-09,19:36:36,부과,덕천동 462
2024-07-09,20:20:44,부과,만덕동 904
2024-07-09,20:21:10,부과,만덕동 904
2024-07-09,20:21:31,부과,만덕동 904
2024-07-09,21:48:54,부과,덕천동 462
2024-07-09,21:51:36,부과,구포동 1282
2024-07-09,22:56:29,부과,덕천동 472
2024-07-09,22:58:58,비부과,구포동 896
2024-07-09,23:03:25,비부과,만덕동 904
2024-07-09,23:04:06,부과,만덕동 904
2024-07-09,23:07:12,부과,만덕동 869-1
2024-07-10,01:12:26,부과,덕천동 462
2024-07-10,07:35:40,부과,구포동 1282
2024-07-10,08:26:17,비부과,화명동 2314-4
2024-07-10,09:48:41,부과,덕천동 472
2024-07-10,10:08:35,부과,덕천동 316-40
2024-07-10,10:11:39,부과,덕천동 315-12
2024-07-10,10:34:18,부과,만덕동 607-1
2024-07-10,10:47:14,부과,덕천동 462
2024-07-10,10:48:02,비부과,덕천동 462
2024-07-10,11:55:43,부과,만덕동 950
2024-07-10,12:47:45,부과,구포동 1154-20
2024-07-10,13:58:38,부과,구포동 1189
2024-07-10,14:21:33,부과,덕천동 388-2
2024-07-10,15:01:36,부과,화명동 1293-2
2024-07-10,17:31:48,부과,구포동 779-3
2024-07-10,17:45:08,비부과,구포동 885-2
2024-07-10,17:48:14,부과,덕천동 357-12
2024-07-10,17:50:28,부과,덕천동 327
2024-07-10,18:02:22,부과,금곡동 73-1
2024-07-10,18:24:43,부과,덕천동 462
2024-07-10,18:27:46,비부과,덕천동 381-16
2024-07-10,18:35:45,부과,구포동 1189
2024-07-10,18:41:11,부과,만덕동 935
2024-07-10,19:05:27,부과,만덕동 597-4
2024-07-10,19:41:18,비부과,덕천동 327
2024-07-10,19:45:03,부과,덕천동 327
2024-07-10,19:53:28,부과,덕천동 329
2024-07-10,20:00:02,부과,만덕동 937
2024-07-10,20:28:48,비부과,화명동 2257
2024-07-10,20:52:34,부과,구포동 1290
2024-07-10,21:37:03,부과,구포동 918-5
2024-07-10,21:48:13,부과,화명동 2257
2024-07-10,22:30:15,부과,만덕동 906-1
2024-07-10,22:34:36,부과,만덕동 251-2
2024-07-10,22:47:35,부과,화명동 2257
2024-07-10,22:54:48,부과,만덕동 935
2024-07-11,09:24:39,부과,덕천동 680-10
2024-07-11,10:23:04,부과,덕천동 472
2024-07-11,10:32:23,비부과,만덕동 870-17
2024-07-11,10:51:59,부과,구포동 1060-461
2024-07-11,11:50:22,부과,만덕동 898
2024-07-11,11:57:34,부과,만덕동 898
2024-07-11,12:11:18,비부과,구포동 1060-90
2024-07-11,12:52:49,부과,만덕동 937
2024-07-11,12:59:51,부과,만덕동 295-38
2024-07-11,13:05:23,부과,화명동 2257
2024-07-11,13:22:11,부과,화명동 2257
2024-07-11,13:29:18,부과,화명동 2257
2024-07-11,13:59:01,부과,만덕동 904
2024-07-11,13:59:45,부과,만덕동 904
2024-07-11,14:02:49,비부과,덕천동 814-10
2024-07-11,14:04:17,부과,구포동 779-3
2024-07-11,15:22:13,부과,구포동 969-1
2024-07-11,15:43:57,비부과,구포동 969-1
2024-07-11,17:11:28,비부과,덕천동 381-16
2024-07-11,17:27:36,부과,만덕동 927-2
2024-07-11,17:48:14,부과,만덕동 904
2024-07-11,17:52:57,부과,만덕동 830-49
2024-07-11,17:57:42,부과,만덕동 941-2
2024-07-11,18:16:19,부과,만덕동 899
2024-07-11,19:02:37,부과,만덕동 904
2024-07-11,19:22:14,부과,덕천동 474
2024-07-11,20:01:05,부과,화명동 2257
2024-07-11,20:29:34,부과,만덕동 904
2024-07-11,20:36:13,비부과,덕천동 460-2
2024-07-11,20:40:07,부과,만덕동 246-3
2024-07-11,21:54:20,부과,만덕동 898
2024-07-11,23:31:21,비부과,만덕동 935
2024-07-11,23:33:03,부과,화명동 2257
2024-07-11,23:35:32,부과,화명동 2257
2024-07-11,23:42:33,부과,화명동 2257
2024-07-12,01:17:01,부과,화명동 2257
2024-07-12,06:04:36,부과,덕천동 473-4
2024-07-12,08:19:40,부과,덕천동 539-6
2024-07-12,08:31:19,부과,구포동 1189
2024-07-12,08:34:28,부과,구포동 1273
2024-07-12,09:20:46,부과,구포동 1124-13
2024-07-12,09:43:57,비부과,금곡동 1117
2024-07-12,09:56:17,비부과,만덕동 598-6
2024-07-12,10:07:50,부과,덕천동 316-40
2024-07-12,10:10:44,부과,덕천동 472
2024-07-12,10:43:08,부과,만덕동 899
2024-07-12,10:43:51,부과,만덕동 898
2024-07-12,10:43:59,부과,구포동 1222-23
2024-07-12,10:44:28,부과,만덕동 898
2024-07-12,11:01:10,부과,구포동 1189
2024-07-12,11:10:51,부과,만덕동 899
2024-07-12,11:12:12,부과,화명동 2257
2024-07-12,11:22:19,부과,구포동 1248-10
2024-07-12,11:34:10,비부과,화명동 2257
2024-07-12,12:58:50,부과,구포동 1189
2024-07-12,13:22:38,비부과,구포동 1189
2024-07-12,13:42:57,부과,만덕동 955-5
2024-07-12,13:48:33,부과,구포동 365-2
2024-07-12,14:09:32,부과,화명동 2257
2024-07-12,14:10:28,부과,구포동 148
2024-07-12,14:18:13,비부과,금곡동 96-1
2024-07-12,14:25:45,비부과,금곡동 109-1
2024-07-12,15:04:12,비부과,금곡동 94-1
2024-07-12,16:24:14,부과,구포동 897-21
2024-07-12,16:45:51,부과,만덕동 783-21
2024-07-12,17:42:25,비부과,화명동 2257
2024-07-12,17:53:56,비부과,덕천동 462
2024-07-12,17:56:34,부과,구포동 603-14
2024-07-12,18:02:02,비부과,덕천동 403-9
2024-07-12,18:09:23,부과,구포동 1124-13
2024-07-12,18:37:13,비부과,구포동 166
2024-07-12,19:22:33,부과,만덕동 830-49
2024-07-12,19:31:28,부과,만덕동 830-49
2024-07-12,19:32:45,비부과,구포동 1285
2024-07-12,20:13:52,부과,만덕동 250-1
2024-07-12,20:20:30,부과,구포동 1268
2024-07-12,20:28:23,부과,화명동 1431
2024-07-12,20:35:51,부과,덕천동 355-4
2024-07-12,21:06:09,부과,만덕동 955
2024-07-12,21:11:03,부과,만덕동 927-2
2024-07-12,22:01:54,부과,만덕동 823-28
2024-07-12,22:51:01,부과,화명동 2257
2024-07-12,22:57:25,부과,구포동 1060-471
2024-07-12,23:01:01,부과,구포동 1060-512
2024-07-12,23:56:23,부과,만덕동 246-1
2024-07-12,23:58:27,부과,만덕동 246-3
2024-07-13,00:08:12,부과,만덕동 923
2024-07-13,01:04:36,부과,만덕동 935
2024-07-13,01:50:04,비부과,덕천동 556-1
2024-07-13,05:19:25,부과,구포동 1060-455
2024-07-13,05:58:57,부과,만덕동 962-4
2024-07-13,06:54:46,비부과,화명동 1718-3
2024-07-13,07:49:47,부과,만덕동 783-54
2024-07-13,08:01:23,부과,만덕동 432
2024-07-13,09:07:40,부과,구포동 1124-13
2024-07-13,09:21:05,부과,구포동 1124-13
2024-07-13,09:44:15,부과,구포동 655-5
2024-07-13,09:55:03,부과,덕천동 327
2024-07-13,10:00:32,부과,구포동 461-5
2024-07-13,11:00:55,부과,화명동 295
2024-07-13,11:23:15,부과,구포동 1186-29
2024-07-13,11:29:12,부과,화명동 2257
2024-07-13,11:36:00,비부과,화명동 186
2024-07-13,11:38:38,부과,화명동 186
2024-07-13,11:40:01,부과,화명동 186
2024-07-13,11:42:45,부과,화명동 186
2024-07-13,11:43:38,부과,화명동 186
2024-07-13,11:47:53,비부과,덕천동 462
2024-07-13,11:56:00,비부과,만덕동 598-6
2024-07-13,12:15:20,부과,구포동 1060-199
2024-07-13,12:49:42,부과,구포동 783-28
2024-07-13,12:55:15,부과,만덕동 937
2024-07-13,12:56:57,부과,만덕동 937
2024-07-13,12:59:10,부과,만덕동 937
2024-07-13,13:15:27,부과,만덕동 937
2024-07-13,13:16:58,부과,구포동 148
2024-07-13,13:17:53,부과,만덕동 256-13
2024-07-13,13:31:56,부과,만덕동 922-2
2024-07-13,13:34:00,부과,만덕동 937
2024-07-13,14:01:47,부과,화명동 699-1
2024-07-13,14:12:31,비부과,구포동 148
2024-07-13,15:36:10,부과,화명동 1718-11
2024-07-13,15:47:58,부과,화명동 1383-4
2024-07-13,15:56:02,부과,화명동 745
2024-07-13,15:57:35,부과,화명동 1718-3
2024-07-13,15:59:31,부과,화명동 1718-7
2024-07-13,16:49:13,비부과,구포동 654-8
2024-07-13,17:48:37,부과,만덕동 904
2024-07-13,17:49:09,부과,만덕동 904
2024-07-13,17:49:29,부과,만덕동 904
2024-07-13,17:50:18,부과,만덕동 904
2024-07-13,18:12:39,부과,덕천동 806
2024-07-13,18:20:37,비부과,덕천동 462
2024-07-13,18:41:42,부과,화명동 2257
2024-07-13,18:42:33,부과,화명동 2257
2024-07-13,18:44:35,부과,화명동 745
2024-07-13,19:57:45,부과,만덕동 산 195-2
2024-07-13,20:05:27,부과,만덕동 904
2024-07-13,20:09:10,부과,만덕동 359-13
2024-07-13,20:10:53,부과,만덕동 359-13
2024-07-13,20:13:05,부과,만덕동 305
2024-07-13,20:16:37,부과,만덕동 775
2024-07-13,20:18:17,부과,만덕동 354-2
2024-07-13,20:19:54,부과,만덕동 775
2024-07-13,20:21:30,부과,만덕동 775
2024-07-13,20:35:03,비부과,덕천동 327
2024-07-13,20:36:37,부과,만덕동 937
2024-07-13,21:14:06,비부과,덕천동 329
2024-07-13,21:16:07,부과,만덕동 산 195-10
2024-07-13,21:35:41,비부과,덕천동 328
2024-07-13,21:55:09,부과,만덕동 598-6
2024-07-13,22:01:40,부과,덕천동 331-15
2024-07-13,22:04:25,부과,구포동 451-6
2024-07-13,23:07:38,비부과,화명동 191-5
2024-07-13,23:09:18,비부과,화명동 192
2024-07-13,23:45:17,부과,구포동 1060-188
2024-07-13,23:47:19,비부과,화명동 1458-9
2024-07-13,23:52:31,비부과,화명동 2276-3
2024-07-13,23:56:08,부과,화명동 2257
2024-07-13,23:56:08,부과,화명동 2257
2024-07-13,23:58:51,부과,화명동 2275-6
2024-07-14,03:51:52,부과,구포동 451-6
2024-07-14,06:29:38,부과,구포동 1283
2024-07-14,07:40:07,부과,구포동 1189
2024-07-14,08:37:17,부과,덕천동 462
2024-07-14,08:44:25,비부과,덕천동 462
2024-07-14,08:47:51,비부과,덕천동 381-2
2024-07-14,09:47:58,부과,구포동 263-9
2024-07-14,09:52:24,부과,구포동 190-1
2024-07-14,09:55:12,부과,구포동 1205-68
2024-07-14,10:56:37,비부과,만덕동 598-6
2024-07-14,11:07:56,부과,구포동 1060-259
2024-07-14,11:09:44,비부과,덕천동 462
2024-07-14,11:11:27,비부과,구포동 589-26
2024-07-14,11:12:05,부과,구포동 1060-411
2024-07-14,11:24:03,부과,덕천동 462
2024-07-14,11:25:28,부과,구포동 652-6
2024-07-14,11:57:26,부과,만덕동 904
2024-07-14,12:36:02,부과,화명동 2275-4
2024-07-14,12:36:46,부과,화명동 2275-4
2024-07-14,12:37:27,부과,화명동 2257
2024-07-14,12:39:31,부과,화명동 2257
2024-07-14,12:40:46,부과,화명동 2275-4
2024-07-14,14:34:30,부과,구포동 1247-10
2024-07-14,14:37:32,부과,덕천동 454
2024-07-14,15:22:33,부과,만덕동 904
2024-07-14,15:33:53,부과,만덕동 904
2024-07-14,15:52:01,부과,만덕동 898
2024-07-14,16:15:35,비부과,화명동 2324
2024-07-14,16:18:06,부과,만덕동 870-3
2024-07-14,16:39:02,부과,덕천동 722-2
2024-07-14,17:14:28,부과,만덕동 904
2024-07-14,17:37:09,부과,덕천동 462
2024-07-14,17:39:52,비부과,덕천동 400-8
2024-07-14,17:41:40,비부과,화명동 699-1
2024-07-14,17:42:31,부과,덕천동 400-8
2024-07-14,18:26:25,부과,금곡동 72-2
2024-07-14,18:41:51,비부과,덕천동 558
2024-07-14,18:59:16,부과,구포동 1269-1
2024-07-14,19:37:27,부과,만덕동 산 195-10
2024-07-14,19:44:09,부과,만덕동 250-7
2024-07-14,19:52:57,부과,구포동 1268
2024-07-14,20:11:57,부과,화명동 2273
2024-07-14,20:13:53,부과,화명동 2257
2024-07-14,20:31:54,부과,만덕동 904
2024-07-14,20:37:44,비부과,화명동 2257
2024-07-14,20:43:30,부과,만덕동 935
2024-07-14,20:44:30,부과,만덕동 935
2024-07-14,21:08:57,부과,만덕동 246-1
2024-07-14,21:09:39,부과,구포동 1060-334
2024-07-14,21:19:16,부과,만덕동 903
2024-07-14,21:19:42,부과,만덕동 904
2024-07-14,21:20:12,부과,만덕동 904
2024-07-14,21:21:06,부과,만덕동 904
2024-07-14,21:44:07,부과,구포동 1269-1
2024-07-14,21:59:42,부과,화명동 973-6
2024-07-14,22:19:20,부과,만덕동 305-1
2024-07-14,22:20:58,부과,만덕동 305-1
2024-07-14,22:23:18,부과,만덕동 359-24
2024-07-14,22:24:55,부과,만덕동 775
2024-07-14,22:26:37,부과,만덕동 359-24
2024-07-14,22:28:16,비부과,만덕동 359-13
2024-07-14,22:30:09,부과,만덕동 775
2024-07-14,22:38:22,부과,만덕동 839-1
2024-07-14,22:43:05,부과,만덕동 937
2024-07-15,00:01:18,부과,만덕동 911-3
2024-07-15,03:00:29,부과,구포동 1268
2024-07-15,05:57:01,부과,덕천동 462
2024-07-15,06:00:08,비부과,덕천동 373-1
2024-07-15,06:03:30,부과,덕천동 462
2024-07-15,08:07:14,비부과,만덕동 904
2024-07-15,08:21:11,부과,구포동 1282
2024-07-15,09:01:59,부과,만덕동 950
2024-07-15,09:01:59,부과,만덕동 950
2024-07-15,09:57:30,부과,구포동 1157-1
2024-07-15,11:29:11,부과,구포동 1161-1
2024-07-15,11:53:49,부과,만덕동 736-24
2024-07-15,12:05:45,부과,만덕동 950
2024-07-15,12:42:19,부과,만덕동 945-5
2024-07-15,13:04:02,부과,구포동 1169-18
2024-07-15,14:59:34,부과,만덕동 835-2
2024-07-15,15:36:26,부과,금곡동 1881
2024-07-15,16:14:45,부과,화명동 2257
2024-07-15,16:15:20,부과,화명동 2257
2024-07-15,16:18:06,부과,화명동 2257
2024-07-15,16:27:53,부과,화명동 2272-4
2024-07-15,16:39:37,부과,화명동 2272-4
2024-07-15,17:19:22,부과,만덕동 830-34
2024-07-15,17:21:06,비부과,만덕동 830-49
2024-07-15,17:23:01,비부과,만덕동 605-20
2024-07-15,17:36:37,비부과,만덕동 598-6
2024-07-15,17:46:50,비부과,만덕동 598-6
2024-07-15,17:52:58,부과,만덕동 960-7
2024-07-15,18:01:53,부과,만덕동 954
2024-07-15,18:02:07,부과,화명동 192
2024-07-15,18:04:22,부과,만덕동 954
2024-07-15,18:06:44,부과,만덕동 954
2024-07-15,18:42:34,부과,만덕동 251-2
2024-07-15,18:42:49,부과,구포동 897-21
2024-07-15,19:07:55,부과,만덕동 736-24
2024-07-15,19:09:08,부과,덕천동 462
2024-07-15,19:17:12,부과,만덕동 642-110
2024-07-15,20:10:09,부과,만덕동 898
2024-07-15,20:10:45,부과,만덕동 115
2024-07-15,20:25:56,부과,화명동 2257
2024-07-15,20:38:59,비부과,구포동 147-5
2024-07-15,20:59:42,부과,구포동 1153
2024-07-15,21:33:14,부과,화명동 2257
2024-07-15,22:31:31,부과,구포동 1268
2024-07-15,23:39:07,부과,만덕동 246-3
2024-07-16,01:44:54,부과,만덕동 935
2024-07-16,01:59:42,부과,만덕동 904
2024-07-16,07:49:43,부과,만덕동 955-5
2024-07-16,08:19:05,부과,구포동 1186-25
2024-07-16,09:09:03,부과,덕천동 316-40
2024-07-16,09:43:46,부과,덕천동 472
2024-07-16,09:49:47,비부과,만덕동 598-6
2024-07-16,11:06:07,부과,금곡동 1874-3
2024-07-16,11:39:09,비부과,덕천동 352-2
2024-07-16,11:44:38,비부과,화명동 2257
2024-07-16,12:53:57,비부과,덕천동 471
2024-07-16,13:05:23,비부과,화명동 2257
2024-07-16,13:17:42,부과,덕천동 462
2024-07-16,13:19:13,비부과,덕천동 462
2024-07-16,13:25:12,비부과,만덕동 960-8
2024-07-16,13:25:12,비부과,만덕동 960-8
2024-07-16,13:50:09,비부과,화명동 194-2
2024-07-16,14:14:55,부과,덕천동 469
2024-07-16,14:51:05,부과,덕천동 462
2024-07-16,14:57:50,부과,구포동 729-2
2024-07-16,16:03:18,부과,화명동 2257
2024-07-16,16:39:02,부과,덕천동 393-3
2024-07-16,17:21:30,부과,만덕동 301-12
2024-07-16,17:47:34,비부과,화명동 1229
2024-07-16,18:08:45,비부과,구포동 1206-17
2024-07-16,18:31:48,부과,덕천동 472
2024-07-16,18:35:36,부과,덕천동 472
2024-07-16,18:46:08,부과,금곡동 70-18
2024-07-16,19:04:26,부과,덕천동 467-2
2024-07-16,20:16:14,부과,화명동 2257
2024-07-16,20:19:48,부과,구포동 1268
2024-07-17,07:00:16,부과,구포동 1243-9
2024-07-17,08:01:44,부과,화명동 2324
2024-07-17,08:21:54,부과,화명동 1474-1
2024-07-17,08:30:56,비부과,화명동 745
2024-07-17,08:41:08,비부과,구포동 894
2024-07-17,09:11:10,비부과,덕천동 471
2024-07-17,10:08:05,비부과,구포동 1076-2
2024-07-17,10:20:57,부과,만덕동 904
2024-07-17,10:21:22,부과,만덕동 904
2024-07-17,11:03:35,비부과,화명동 2257
2024-07-17,11:12:27,부과,구포동 656
2024-07-17,11:53:12,부과,만덕동 825-20
2024-07-17,11:54:52,부과,덕천동 304-1
2024-07-17,13:18:47,부과,구포동 1124-1
2024-07-17,13:20:43,비부과,구포동 1124-1
2024-07-17,13:34:45,부과,화명동 2313
2024-07-17,13:36:14,부과,구포동 761-18
2024-07-17,13:49:36,부과,구포동 1269-1
2024-07-17,13:55:36,부과,화명동 2257
2024-07-17,15:38:00,부과,구포동 1189
2024-07-17,15:40:04,비부과,구포동 1076-2
2024-07-17,15:40:57,비부과,구포동 1076-2
2024-07-17,15:48:36,부과,화명동 2274-2
2024-07-17,16:34:06,비부과,덕천동 763-29
2024-07-17,16:49:00,부과,덕천동 471
2024-07-17,16:55:24,부과,구포동 603-14
2024-07-17,16:58:07,부과,덕천동 327
2024-07-17,17:00:41,부과,덕천동 327
2024-07-17,17:14:03,부과,만덕동 308-3
2024-07-17,17:15:15,부과,구포동 452
2024-07-17,17:16:06,부과,만덕동 359-24
2024-07-17,17:20:46,부과,만덕동 323-7
2024-07-17,17:27:26,부과,만덕동 905
2024-07-17,17:30:24,부과,만덕동 905
2024-07-17,17:32:16,부과,만덕동 905
2024-07-17,17:41:28,부과,만덕동 937
2024-07-17,17:55:40,부과,만덕동 921-10
2024-07-17,17:59:09,부과,덕천동 327
2024-07-17,18:12:54,부과,덕천동 797
2024-07-17,18:13:01,부과,만덕동 899
2024-07-17,18:35:15,부과,만덕동 251-3
2024-07-17,19:06:35,부과,덕천동 462
2024-07-17,19:22:33,부과,만덕동 904
2024-07-17,19:23:13,부과,만덕동 904
2024-07-17,19:36:52,부과,구포동 897-21
2024-07-17,19:58:46,부과,구포동 1268
2024-07-17,20:03:40,부과,덕천동 561-1
2024-07-17,21:14:19,비부과,구포동 1293
2024-07-17,21:22:06,부과,만덕동 898
2024-07-17,21:22:30,부과,만덕동 115
2024-07-17,22:43:44,부과,만덕동 959-6
2024-07-17,22:52:10,비부과,만덕동 598
2024-07-17,22:52:10,비부과,만덕동 598
2024-07-17,22:55:09,비부과,만덕동 598-6
2024-07-18,00:32:35,비부과,화명동 191-3
2024-07-18,00:34:40,부과,화명동 194-1
2024-07-18,00:38:11,부과,화명동 190-2
2024-07-18,00:43:09,부과,화명동 192
2024-07-18,05:47:52,부과,덕천동 473-4
2024-07-18,05:54:59,부과,덕천동 462
2024-07-18,07:01:03,부과,구포동 1284
2024-07-18,07:54:36,부과,구포동 1189
2024-07-18,08:06:14,부과,덕천동 585-3
2024-07-18,08:09:07,부과,덕천동 561-1
2024-07-18,08:16:22,부과,화명동 2257
2024-07-18,08:40:41,부과,구포동 1189
2024-07-18,08:49:34,부과,구포동 1189
2024-07-18,08:51:51,부과,덕천동 656-2
2024-07-18,08:53:48,부과,화명동 1718-3
2024-07-18,09:43:29,부과,구포동 451-6
2024-07-18,10:20:47,비부과,덕천동 471
2024-07-18,10:24:22,부과,덕천동 327
2024-07-18,11:33:11,부과,구포동 1124-13
2024-07-18,11:37:53,부과,만덕동 848-1
2024-07-18,11:38:57,부과,만덕동 848-1
2024-07-18,11:44:22,부과,만덕동 903
2024-07-18,12:21:55,부과,구포동 1189
2024-07-18,12:23:50,부과,구포동 1189
2024-07-18,13:47:09,비부과,덕천동 353-12
2024-07-18,14:13:52,부과,화명동 2257
2024-07-18,15:26:54,부과,덕천동 462
2024-07-18,15:36:20,부과,구포동 611-1
2024-07-18,15:39:02,부과,구포동 620-10
2024-07-18,18:50:09,비부과,화명동 2257
2024-07-18,19:00:38,부과,화명동 2257
2024-07-18,19:02:12,부과,화명동 2257
2024-07-18,19:09:24,부과,만덕동 925-4
2024-07-18,19:13:46,부과,구포동 1189
2024-07-18,19:26:00,부과,만덕동 136-1
2024-07-18,19:52:09,부과,덕천동 388-1
2024-07-18,19:54:04,부과,덕천동 462
2024-07-18,19:56:05,부과,덕천동 388-1
2024-07-18,19:58:26,비부과,덕천동 462
2024-07-18,20:25:49,부과,구포동 1137
2024-07-18,20:27:08,부과,구포동 1208-18
2024-07-18,21:03:40,부과,만덕동 963
2024-07-18,21:10:27,부과,만덕동 898
2024-07-18,21:10:41,부과,구포동 918-5
2024-07-18,22:03:18,부과,만덕동 251-2
2024-07-18,22:05:56,부과,만덕동 629-10
2024-07-18,22:07:03,부과,화명동 2257
2024-07-18,22:10:24,부과,화명동 2257
2024-07-18,23:04:54,부과,덕천동 400-8
2024-07-18,23:06:04,부과,덕천동 327
2024-07-18,23:51:31,부과,만덕동 937
2024-07-19,02:37:26,부과,만덕동 251-3
2024-07-19,08:47:18,부과,덕천동 472
2024-07-19,09:37:45,부과,화명동 1293-2
2024-07-19,09:48:57,부과,덕천동 316-22
2024-07-19,09:51:10,부과,덕천동 315-10
2024-07-19,09:54:42,비부과,덕천동 313-2
2024-07-19,10:04:31,부과,덕천동 316-40
2024-07-19,10:19:10,부과,구포동 190-11
2024-07-19,10:19:24,부과,덕천동 327
2024-07-19,10:35:39,부과,구포동 1271
2024-07-19,12:08:49,부과,만덕동 904
2024-07-19,12:24:16,비부과,구포동 464-1
2024-07-19,12:31:29,부과,구포동 655-1
2024-07-19,12:33:45,비부과,화명동 2257
2024-07-19,12:55:28,부과,금곡동 1881
2024-07-19,13:23:14,부과,만덕동 904
2024-07-19,13:48:55,부과,구포동 1190
2024-07-19,14:08:34,부과,구포동 1300
2024-07-19,14:14:01,부과,화명동 2257
2024-07-19,14:17:28,부과,화명동 2257
2024-07-19,14:35:53,부과,만덕동 937
2024-07-19,14:38:08,부과,만덕동 926-3
2024-07-19,15:28:23,부과,구포동 1189
2024-07-19,15:38:17,부과,구포동 1095-2
2024-07-19,16:04:13,부과,덕천동 327
2024-07-19,16:37:34,비부과,구포동 1013-13
2024-07-19,16:44:28,비부과,구포동 1060-316
2024-07-19,17:01:24,비부과,덕천동 462
2024-07-19,17:04:00,비부과,덕천동 467-1
2024-07-19,17:44:38,부과,금곡동 1881
2024-07-19,17:47:56,부과,화명동 2257
2024-07-19,17:49:39,부과,덕천동 349-36
2024-07-19,18:25:40,비부과,구포동 884
2024-07-19,20:19:33,부과,화명동 2274-4
2024-07-19,20:41:01,비부과,만덕동 598-6
2024-07-19,21:00:53,비부과,덕천동 410-4
2024-07-19,21:03:06,비부과,덕천동 462
2024-07-19,21:05:17,비부과,덕천동 388-6
2024-07-19,21:07:42,부과,덕천동 388-1
2024-07-19,21:09:38,부과,덕천동 462
2024-07-19,21:11:50,부과,덕천동 467-1
2024-07-19,21:13:54,비부과,덕천동 462
2024-07-19,21:16:01,비부과,덕천동 462
2024-07-19,21:17:42,비부과,덕천동 462
2024-07-19,21:20:58,비부과,덕천동 462
2024-07-19,21:22:00,부과,만덕동 898
2024-07-19,21:23:21,부과,덕천동 467-1
2024-07-19,21:25:19,비부과,덕천동 467-1
2024-07-19,21:27:09,부과,덕천동 462
2024-07-19,21:28:20,부과,만덕동 906-1
2024-07-19,21:30:16,비부과,만덕동 251-2
2024-07-19,21:54:22,부과,구포동 982-4
2024-07-19,21:57:54,부과,구포동 1060-497
2024-07-19,22:00:40,부과,구포동 982-4
2024-07-19,22:07:48,부과,구포동 983-4
2024-07-19,22:13:09,비부과,구포동 983-4
2024-07-19,22:17:46,부과,구포동 986-56
2024-07-19,22:40:19,부과,만덕동 934
2024-07-19,22:48:45,부과,덕천동 400-8
2024-07-19,23:49:05,부과,만덕동 935
2024-07-20,00:03:10,비부과,덕천동 400-8
2024-07-20,00:11:21,부과,만덕동 305-1
2024-07-20,00:13:02,부과,만덕동 308-3
2024-07-20,00:14:40,부과,만덕동 308-3
2024-07-20,00:15:57,비부과,구포동 1060-471
2024-07-20,00:16:16,부과,만덕동 359-13
2024-07-20,00:24:33,부과,만덕동 308-3
2024-07-20,00:26:47,부과,만덕동 305-1
2024-07-20,00:30:22,부과,만덕동 311
2024-07-20,02:26:33,부과,구포동 900-57
2024-07-20,02:26:45,부과,구포동 937-41
2024-07-20,02:27:03,부과,구포동 937-41
2024-07-20,04:01:47,부과,화명동 2257
2024-07-20,05:53:31,부과,화명동 1383-4
2024-07-20,06:30:13,비부과,화명동 1718-14
2024-07-20,06:39:22,비부과,화명동 1718-3
2024-07-20,06:49:40,비부과,구포동 866-8
2024-07-20,07:07:13,비부과,구포동 866-32
2024-07-20,08:51:26,부과,덕천동 472
2024-07-20,08:58:39,부과,구포동 261-1
2024-07-20,10:13:59,비부과,덕천동 327
2024-07-20,10:20:22,부과,구포동 1060-84
2024-07-20,10:33:13,비부과,화명동 2266-3
2024-07-20,10:44:21,부과,구포동 387-3
2024-07-20,10:45:48,부과,구포동 459-2
2024-07-20,10:54:50,비부과,덕천동 382-1
2024-07-20,11:12:09,부과,구포동 1269-1
2024-07-20,11:18:57,부과,화명동 2257
2024-07-20,11:21:46,부과,화명동 2257
2024-07-20,11:30:43,부과,구포동 779-3
2024-07-20,11:57:10,비부과,화명동 1222-2
2024-07-20,12:14:55,비부과,덕천동 380-20
2024-07-20,12:17:47,부과,만덕동 904
2024-07-20,12:22:40,부과,구포동 1091-5
2024-07-20,12:42:07,비부과,구포동 1290
2024-07-20,12:42:28,비부과,구포동 1278
2024-07-20,12:45:17,비부과,구포동 1235-12
2024-07-20,12:46:17,비부과,구포동 1278
2024-07-20,13:14:04,비부과,구포동 941-27
2024-07-20,13:21:42,비부과,만덕동 960
2024-07-20,13:34:02,부과,구포동 1186-29
2024-07-20,13:49:17,부과,덕천동 460-2
2024-07-20,14:04:29,부과,덕천동 310-22
2024-07-20,14:18:07,비부과,덕천동 327
2024-07-20,14:22:56,부과,구포동 1154-1
2024-07-20,14:25:51,부과,덕천동 327
2024-07-20,14:27:29,부과,만덕동 904
2024-07-20,14:27:55,부과,만덕동 904
2024-07-20,14:28:20,부과,만덕동 904
2024-07-20,14:28:39,부과,만덕동 904
2024-07-20,14:29:42,비부과,덕천동 382-1
2024-07-20,14:31:57,부과,만덕동 산 195-10
2024-07-20,14:32:00,비부과,덕천동 327
2024-07-20,14:40:56,부과,만덕동 926-2
2024-07-20,14:42:42,부과,만덕동 937
2024-07-20,14:45:18,부과,만덕동 937
2024-07-20,15:06:40,비부과,덕천동 382-1
2024-07-20,15:15:31,부과,구포동 1189
2024-07-20,15:24:47,부과,구포동 896-42
2024-07-20,15:27:26,비부과,구포동 1139
2024-07-20,15:41:48,부과,화명동 1718-15
2024-07-20,16:25:49,부과,만덕동 898
2024-07-20,16:29:10,부과,덕천동 312-4
2024-07-20,16:42:56,부과,만덕동 598-6
2024-07-20,16:46:03,부과,만덕동 905
2024-07-20,16:49:54,부과,만덕동 937
2024-07-20,16:51:43,부과,만덕동 937
2024-07-20,16:54:02,부과,만덕동 926-2
2024-07-20,16:56:01,부과,만덕동 926-2
2024-07-20,17:30:41,부과,만덕동 251-2
2024-07-20,18:04:23,부과,덕천동 313-5
2024-07-20,18:08:12,부과,만덕동 904
2024-07-20,18:20:15,부과,만덕동 251-1
2024-07-20,18:28:35,부과,화명동 2257
2024-07-20,18:36:37,부과,만덕동 903
2024-07-20,18:37:40,부과,구포동 1285
2024-07-20,18:37:56,비부과,구포동 1278
2024-07-20,18:37:56,비부과,구포동 1278
2024-07-20,18:44:51,부과,만덕동 115
2024-07-20,19:00:26,부과,구포동 1141-112
2024-07-20,19:00:26,부과,구포동 1141-112
2024-07-20,19:00:26,부과,구포동 1141-112
2024-07-20,19:23:51,부과,만덕동 898
2024-07-20,19:48:04,비부과,만덕동 959-11
2024-07-20,19:50:43,비부과,만덕동 934
2024-07-20,19:53:26,비부과,만덕동 959-2
2024-07-20,20:00:31,부과,만덕동 898
2024-07-20,21:56:46,부과,화명동 2257
2024-07-20,22:12:53,부과,덕천동 400-8
2024-07-20,22:25:43,부과,덕천동 474
2024-07-20,22:37:24,부과,만덕동 904
2024-07-20,22:39:13,부과,만덕동 904
2024-07-20,22:43:08,부과,만덕동 904
2024-07-21,00:31:55,비부과,구포동 381-6
2024-07-21,01:28:03,부과,화명동 741-4
2024-07-21,01:46:31,비부과,구포동 1296
2024-07-21,01:56:25,부과,구포동 1280
2024-07-21,02:06:31,부과,구포동 1271
2024-07-21,03:08:06,부과,만덕동 935
2024-07-21,03:16:10,부과,만덕동 898
2024-07-21,03:26:45,부과,화명동 2257
2024-07-21,03:27:10,부과,화명동 2257
2024-07-21,04:30:42,비부과,화명동 745
2024-07-21,07:46:59,부과,화명동 2257
2024-07-21,08:41:20,부과,구포동 1296
2024-07-21,08:44:06,부과,구포동 462-2
2024-07-21,08:45:47,부과,구포동 459-2
2024-07-21,09:20:01,부과,화명동 1115
2024-07-21,09:53:11,부과,덕천동 472
2024-07-21,10:48:31,부과,만덕동 904
2024-07-21,10:48:58,부과,만덕동 904
2024-07-21,12:01:30,부과,화명동 2257
2024-07-21,12:02:04,부과,화명동 2257
2024-07-21,12:05:03,부과,만덕동 251-2
2024-07-21,12:06:46,부과,만덕동 251-2
2024-07-21,12:08:31,부과,만덕동 628-19
2024-07-21,12:38:21,부과,화명동 2257
2024-07-21,12:42:43,부과,화명동 2257
2024-07-21,12:43:28,부과,화명동 2257
2024-07-21,12:45:06,부과,화명동 2271-4
2024-07-21,12:45:53,부과,화명동 2257
2024-07-21,12:46:17,부과,화명동 2257
2024-07-21,12:46:47,부과,구포동 584-3
2024-07-21,13:00:14,부과,금곡동 1881
2024-07-21,13:36:40,비부과,덕천동 397-1
2024-07-21,14:27:42,비부과,화명동 2257
2024-07-21,14:33:49,비부과,구포동 156-11
2024-07-21,14:36:27,비부과,화명동 2280
2024-07-21,14:40:46,부과,구포동 1186-29
2024-07-21,15:27:56,부과,구포동 1189
2024-07-21,15:28:50,부과,구포동 1189
2024-07-21,15:29:36,부과,구포동 1189
2024-07-21,15:34:03,부과,구포동 1124-13
2024-07-21,15:57:38,비부과,덕천동 462
2024-07-21,16:15:15,부과,화명동 1718-14
2024-07-21,16:17:53,부과,화명동 1718-3
2024-07-21,16:18:31,비부과,화명동 1718-3
2024-07-21,16:43:30,비부과,구포동 1198-15
2024-07-21,16:54:26,부과,만덕동 904
2024-07-21,16:54:47,부과,만덕동 904
2024-07-21,16:55:07,부과,만덕동 904
2024-07-21,16:55:31,부과,만덕동 904
2024-07-21,16:55:53,부과,만덕동 904
2024-07-21,16:56:29,부과,만덕동 904
2024-07-21,17:28:43,부과,만덕동 904
2024-07-21,17:44:22,부과,화명동 2324
2024-07-21,18:18:09,부과,만덕동 937
2024-07-21,18:19:44,부과,만덕동 870-16
2024-07-21,18:19:53,부과,만덕동 937
2024-07-21,18:22:09,부과,만덕동 937
2024-07-21,18:23:53,부과,만덕동 937
2024-07-21,18:24:20,부과,만덕동 870-17
2024-07-21,18:25:45,부과,만덕동 926-2
2024-07-21,18:27:30,부과,만덕동 937
2024-07-21,18:28:34,부과,만덕동 899
2024-07-21,18:29:16,부과,만덕동 937
2024-07-21,18:33:34,비부과,만덕동 916-3
2024-07-21,18:35:40,부과,덕천동 462
2024-07-21,19:37:12,부과,만덕동 267-4
2024-07-21,19:41:08,부과,만덕동 268-1
2024-07-21,19:44:07,비부과,만덕동 268-1
2024-07-21,19:46:36,부과,만덕동 937
2024-07-21,19:50:47,비부과,만덕동 903
2024-07-21,19:51:27,부과,만덕동 904
2024-07-21,19:51:27,부과,만덕동 904
2024-07-21,19:52:12,부과,만덕동 935
2024-07-21,19:52:50,부과,만덕동 903
2024-07-21,20:00:57,부과,만덕동 904
2024-07-21,20:14:24,부과,구포동 916-1
2024-07-21,20:22:06,부과,만덕동 904
2024-07-21,20:37:56,부과,만덕동 302
2024-07-21,20:56:47,부과,구포동 918-5
2024-07-21,21:06:57,부과,화명동 699-1
2024-07-21,21:54:36,부과,덕천동 462
2024-07-21,21:55:42,부과,만덕동 955-3
2024-07-21,22:03:38,부과,화명동 2257
2024-07-21,22:06:29,부과,화명동 2257
2024-07-21,22:07:08,부과,만덕동 935
2024-07-21,22:40:11,부과,구포동 1283
2024-07-21,22:45:29,비부과,덕천동 474
2024-07-21,22:52:41,부과,만덕동 246-3
2024-07-21,22:59:28,비부과,만덕동 251-2
2024-07-21,23:31:14,비부과,구포동 1283
2024-07-21,23:34:38,비부과,구포동 1282
2024-07-21,23:35:37,부과,구포동 1282
2024-07-21,23:38:19,부과,구포동 1280
2024-07-21,23:40:14,부과,화명동 186
2024-07-21,23:42:19,부과,화명동 186
2024-07-21,23:53:25,부과,덕천동 462
2024-07-22,00:02:57,부과,구포동 1124-1
2024-07-22,01:30:41,부과,덕천동 327
2024-07-22,01:39:06,비부과,덕천동 322-25
2024-07-22,02:23:00,부과,화명동 2257
2024-07-22,02:24:40,부과,화명동 2257
2024-07-22,02:26:15,부과,화명동 2257
2024-07-22,02:29:29,부과,화명동 2257
2024-07-22,03:33:11,부과,만덕동 937
2024-07-22,06:04:57,부과,덕천동 473-4
2024-07-22,07:45:39,부과,화명동 2257
2024-07-22,08:28:14,부과,구포동 1273
2024-07-22,09:14:18,부과,덕천동 680-10
2024-07-22,09:34:31,비부과,구포동 604-2
2024-07-22,09:49:53,부과,구포동 367
2024-07-22,09:53:26,부과,덕천동 653
2024-07-22,09:57:51,부과,만덕동 925-1
2024-07-22,09:59:16,부과,구포동 959-1
2024-07-22,10:14:10,부과,덕천동 472
2024-07-22,11:28:44,부과,만덕동 935
2024-07-22,11:43:17,비부과,구포동 1278
2024-07-22,11:58:42,비부과,구포동 1189
2024-07-22,12:01:57,비부과,덕천동 471
2024-07-22,12:46:35,비부과,화명동 1150
2024-07-22,12:47:22,비부과,구포동 1235-12
2024-07-22,14:40:25,비부과,덕천동 432-13
2024-07-22,14:45:03,비부과,덕천동 432-14
2024-07-22,14:46:18,부과,화명동 2257
2024-07-22,15:29:02,비부과,화명동 1130-9
2024-07-22,16:02:19,부과,만덕동 904
2024-07-22,16:05:32,부과,만덕동 870-17
2024-07-22,16:08:43,부과,만덕동 904
2024-07-22,16:14:32,부과,만덕동 899
2024-07-22,16:59:21,부과,만덕동 903
2024-07-22,17:24:53,부과,만덕동 937
2024-07-22,17:26:58,부과,만덕동 937
2024-07-22,18:49:31,비부과,만덕동 823-8
2024-07-22,19:11:19,부과,구포동 986
2024-07-22,19:24:27,부과,만덕동 729-1
2024-07-22,20:22:58,부과,만덕동 904
2024-07-22,20:27:20,부과,만덕동 904
2024-07-22,20:28:21,부과,만덕동 903
2024-07-22,20:28:57,부과,만덕동 904
2024-07-22,20:38:31,부과,구포동 1207-9
2024-07-22,20:40:25,부과,만덕동 899
2024-07-22,20:41:18,비부과,화명동 699-1
2024-07-22,20:42:34,부과,만덕동 903
2024-07-22,20:47:46,부과,만덕동 904
2024-07-22,21:01:49,부과,만덕동 904
2024-07-22,21:38:45,부과,덕천동 462
2024-07-22,21:42:47,비부과,덕천동 462
2024-07-22,21:44:22,부과,만덕동 898
2024-07-22,21:47:01,부과,만덕동 903
2024-07-22,21:58:46,부과,만덕동 898
2024-07-22,22:12:33,부과,만덕동 598-6
2024-07-22,22:17:02,비부과,만덕동 598-6
2024-07-22,22:17:02,비부과,만덕동 598-6
2024-07-22,22:19:58,부과,만덕동 598-6
2024-07-22,23:20:45,비부과,덕천동 462
2024-07-22,23:49:45,부과,만덕동 301-12
2024-07-23,00:24:21,부과,만덕동 256-13
2024-07-23,07:43:00,비부과,구포동 1060-316
2024-07-23,07:55:03,비부과,구포동 923-220
2024-07-23,08:56:04,부과,구포동 451-6
2024-07-23,08:56:39,부과,구포동 548-1
2024-07-23,10:25:14,부과,구포동 464-1
2024-07-23,10:26:58,부과,구포동 387-3
2024-07-23,10:47:43,부과,화명동 1293-3
2024-07-23,10:52:21,부과,덕천동 322-24
2024-07-23,10:54:09,부과,덕천동 472
2024-07-23,10:56:04,부과,덕천동 313-1
2024-07-23,10:57:17,부과,구포동 1139
2024-07-23,11:37:12,부과,만덕동 944-6
2024-07-23,11:49:29,비부과,구포동 1261-60
2024-07-23,12:19:12,부과,만덕동 903
2024-07-23,12:19:43,부과,만덕동 904
2024-07-23,12:20:15,부과,만덕동 903
2024-07-23,12:20:45,부과,만덕동 870-19
2024-07-23,12:21:37,부과,만덕동 870-12
2024-07-23,12:22:21,부과,만덕동 869-5
2024-07-23,12:22:51,부과,만덕동 848-2
2024-07-23,12:23:34,부과,만덕동 904
2024-07-23,12:24:02,부과,만덕동 846-5
2024-07-23,12:46:44,부과,만덕동 246-3
2024-07-23,13:32:03,부과,금곡동 1117
2024-07-23,13:42:56,부과,금곡동 1117
2024-07-23,13:45:37,부과,금곡동 1117
2024-07-23,14:47:40,부과,만덕동 937
2024-07-23,14:59:28,비부과,구포동 166
2024-07-23,15:20:40,비부과,금곡동 109-1
2024-07-23,15:25:20,비부과,부산진구 범천동 948-4
2024-07-23,15:27:08,부과,만덕동 904
2024-07-23,15:50:11,부과,금곡동 1117
2024-07-23,15:58:31,부과,구포동 1189
2024-07-23,16:20:22,비부과,만덕동 960
2024-07-23,16:52:44,부과,화명동 973-3
2024-07-23,17:21:21,부과,만덕동 906-1
2024-07-23,17:29:13,부과,구포동 1189
2024-07-23,17:29:47,부과,구포동 1124-1
2024-07-23,18:49:38,부과,금곡동 1117
2024-07-23,18:56:24,비부과,덕천동 462
2024-07-23,19:22:00,부과,만덕동 251-2
2024-07-23,19:23:53,부과,만덕동 675-2
2024-07-23,19:37:09,비부과,만덕동 904
2024-07-23,20:29:49,비부과,만덕동 598-6
2024-07-23,20:36:37,부과,덕천동 326-1
2024-07-23,20:38:33,부과,덕천동 462
2024-07-23,20:50:32,부과,덕천동 326-1
2024-07-23,21:48:17,부과,구포동 1060-334
2024-07-23,22:23:23,비부과,만덕동 906-1
2024-07-23,22:24:59,부과,만덕동 250-7
2024-07-23,22:27:08,부과,만덕동 906-1
2024-07-23,23:01:36,부과,화명동 2257
2024-07-23,23:01:38,부과,구포동 1287
2024-07-23,23:16:52,비부과,화명동 512
2024-07-23,23:37:09,부과,금곡동 1117
2024-07-24,00:53:26,비부과,덕천동 458
2024-07-24,01:10:36,비부과,덕천동 458
2024-07-24,02:46:51,부과,만덕동 906-1
2024-07-24,07:12:25,부과,금곡동 1117
2024-07-24,08:27:02,부과,구포동 1282
2024-07-24,09:59:17,비부과,구포동 1282
2024-07-24,10:02:46,비부과,구포동 1237-17
2024-07-24,10:17:12,부과,덕천동 472
2024-07-24,11:44:59,부과,만덕동 950
2024-07-24,13:09:56,부과,구포동 1189
2024-07-24,13:13:03,부과,구포동 1189
2024-07-24,13:49:26,부과,화명동 1261-5
2024-07-24,14:53:24,부과,구포동 1124-1
2024-07-24,15:17:47,부과,구포동 620-10
2024-07-24,15:37:19,부과,구포동 462-2
2024-07-24,15:39:11,부과,구포동 1124-13
2024-07-24,15:51:50,부과,만덕동 905
2024-07-24,15:58:28,부과,만덕동 905
2024-07-24,17:36:37,부과,구포동 1189
2024-07-24,17:40:42,부과,구포동 1189
2024-07-24,18:33:14,부과,구포동 1189
2024-07-24,18:33:19,부과,구포동 786
2024-07-24,18:48:48,부과,만덕동 906-1
2024-07-24,18:50:43,비부과,만덕동 251-2
2024-07-24,18:50:51,부과,금곡동 107
2024-07-24,19:23:56,부과,화명동 310
2024-07-24,19:49:41,부과,만덕동 904
2024-07-24,19:53:50,비부과,만덕동 935
2024-07-24,20:12:47,부과,만덕동 927-2
2024-07-24,20:27:05,부과,덕천동 355-4
2024-07-24,20:33:11,비부과,덕천동 381-3
2024-07-24,21:22:18,부과,만덕동 960
2024-07-24,21:34:08,부과,덕천동 587-2
2024-07-24,21:42:33,부과,화명동 2257
2024-07-24,21:56:20,부과,덕천동 327
2024-07-24,22:06:22,부과,구포동 1186-1
2024-07-25,00:20:30,부과,화명동 189
2024-07-25,07:25:16,부과,금곡동 1117
2024-07-25,07:27:41,부과,금곡동 1117
2024-07-25,07:44:30,부과,구포동 247-1
2024-07-25,08:31:38,비부과,화명동 2257
2024-07-25,08:36:12,부과,화명동 2257
2024-07-25,08:46:36,부과,구포동 1278
2024-07-25,08:56:22,비부과,구포동 1271
2024-07-25,09:52:20,부과,구포동 943-5
2024-07-25,09:56:33,부과,구포동 614-3
2024-07-25,10:29:35,부과,만덕동 598-6
2024-07-25,12:50:40,부과,화명동 2257
2024-07-25,13:01:08,비부과,화명동 2257
2024-07-25,13:05:39,부과,구포동 1189
2024-07-25,13:13:21,비부과,화명동 2257
2024-07-25,13:57:37,부과,구포동 1189
2024-07-25,13:58:36,부과,구포동 1189
2024-07-25,13:59:47,부과,만덕동 산 181-2
2024-07-25,14:00:49,부과,구포동 1189
2024-07-25,14:32:17,비부과,구포동 1269-1
2024-07-25,15:01:26,부과,만덕동 251-2
2024-07-25,16:15:20,부과,화명동 2257
2024-07-25,17:28:45,부과,구포동 1189
2024-07-25,17:39:33,부과,구포동 1205-26
2024-07-25,17:49:25,비부과,만덕동 937
2024-07-25,18:01:49,비부과,구포동 451-1
2024-07-25,18:06:47,비부과,덕천동 462
2024-07-25,18:09:08,부과,덕천동 462
2024-07-25,18:12:09,부과,덕천동 462
2024-07-25,18:40:17,부과,화명동 1229
2024-07-25,19:05:00,부과,화명동 2257
2024-07-25,19:47:51,부과,만덕동 251-12
2024-07-25,19:48:18,부과,만덕동 251-12
2024-07-25,20:03:03,부과,구포동 896-29
2024-07-25,20:08:29,부과,만덕동 115
2024-07-25,20:30:23,부과,화명동 2257
2024-07-25,20:39:19,부과,덕천동 456
2024-07-25,20:44:38,비부과,금곡동 1117
2024-07-25,21:31:18,부과,만덕동 302-5
2024-07-25,21:35:02,부과,만덕동 293-5
2024-07-25,21:38:49,부과,만덕동 959-6
2024-07-25,21:49:16,비부과,만덕동 598-6
2024-07-25,22:04:50,부과,만덕동 246-3
2024-07-25,23:35:27,부과,화명동 2257
2024-07-25,23:57:03,비부과,만덕동 959-3
2024-07-26,01:05:16,부과,만덕동 302
2024-07-26,07:26:34,부과,금곡동 1117
2024-07-26,07:26:34,부과,금곡동 1117
2024-07-26,08:29:54,부과,구포동 1189
2024-07-26,08:40:13,비부과,화명동 2257
2024-07-26,09:10:55,부과,만덕동 936-1
2024-07-26,09:33:01,부과,만덕동 904
2024-07-26,09:33:27,부과,만덕동 904
2024-07-26,09:34:00,부과,만덕동 904
2024-07-26,09:34:20,부과,만덕동 904
2024-07-26,09:40:28,비부과,구포동 180-2
2024-07-26,09:51:55,부과,구포동 1154-1
2024-07-26,09:52:03,부과,덕천동 352-8
2024-07-26,10:17:50,부과,만덕동 607-1
2024-07-26,10:32:33,부과,덕천동 322-24
2024-07-26,10:35:15,부과,덕천동 310-1
2024-07-26,10:37:04,부과,덕천동 472
2024-07-26,10:44:50,비부과,구포동 1075-6
2024-07-26,10:48:27,부과,구포동 1060-465
2024-07-26,11:04:39,부과,만덕동 598-6
2024-07-26,11:28:35,비부과,화명동 2159
2024-07-26,12:39:12,비부과,만덕동 904
2024-07-26,12:40:02,부과,만덕동 904
2024-07-26,12:40:42,부과,만덕동 904
2024-07-26,12:41:19,부과,만덕동 903
2024-07-26,12:42:02,부과,만덕동 903
2024-07-26,12:57:33,부과,화명동 1293-1
2024-07-26,13:07:58,부과,화명동 2257
2024-07-26,13:43:06,비부과,화명동 2257
2024-07-26,14:00:47,부과,화명동 2257
2024-07-26,14:24:23,부과,금곡동 108
2024-07-26,14:27:31,비부과,금곡동 108
2024-07-26,14:28:21,비부과,덕천동 416-4
2024-07-26,15:18:21,부과,금곡동 1881
2024-07-26,15:33:12,부과,만덕동 251-2
2024-07-26,15:35:13,부과,만덕동 246-1
2024-07-26,15:36:08,부과,구포동 941-4
2024-07-26,16:09:37,부과,구포동 1280
2024-07-26,16:18:44,비부과,화명동 699-1
2024-07-26,16:28:24,부과,만덕동 927-1
2024-07-26,16:31:42,부과,만덕동 268-1
2024-07-26,17:04:57,부과,덕천동 473-4
2024-07-26,17:38:00,부과,만덕동 830-34
2024-07-26,17:38:00,부과,만덕동 830-34
2024-07-26,17:43:04,비부과,만덕동 830-49
2024-07-26,17:49:59,부과,화명동 1293-3
2024-07-26,17:51:54,부과,화명동 1218-2
2024-07-26,17:52:48,부과,구포동 81-20
2024-07-26,17:55:33,부과,구포동 1267
2024-07-26,17:58:02,부과,구포동 1278
2024-07-26,18:45:31,부과,만덕동 729-1
2024-07-26,18:55:23,부과,만덕동 904
2024-07-26,19:33:18,비부과,구포동 986
2024-07-26,19:35:13,부과,만덕동 246-3
2024-07-26,19:41:22,부과,구포동 986
2024-07-26,19:45:53,부과,화명동 1430
2024-07-26,20:02:40,부과,구포동 1060-516
2024-07-26,20:08:40,부과,구포동 986-56
2024-07-26,20:13:43,부과,만덕동 904
2024-07-26,20:42:48,부과,구포동 1213-11
2024-07-26,20:45:17,부과,구포동 1269-1
2024-07-26,20:47:20,부과,구포동 1269-1
2024-07-26,21:45:56,비부과,화명동 699-1
2024-07-26,22:04:55,부과,화명동 2306
2024-07-26,22:58:23,비부과,만덕동 268-1
2024-07-27,00:41:00,부과,화명동 2280
2024-07-27,01:16:42,부과,만덕동 960-1
2024-07-27,01:23:43,부과,만덕동 295-33
2024-07-27,01:46:36,부과,만덕동 925-2
2024-07-27,05:37:19,비부과,구포동 866-26
2024-07-27,07:06:16,비부과,만덕동 950
2024-07-27,07:38:42,부과,구포동 1296-7
2024-07-27,07:40:22,부과,구포동 295-12
2024-07-27,07:42:15,부과,구포동 297-21
2024-07-27,07:45:59,부과,구포동 263-9
2024-07-27,08:15:44,비부과,구포동 146-3
2024-07-27,08:16:16,부과,구포동 1124-1
2024-07-27,08:35:16,부과,만덕동 898
2024-07-27,09:10:27,부과,구포동 381-3
2024-07-27,09:12:17,부과,구포동 1296
2024-07-27,09:46:10,부과,화명동 2257
2024-07-27,10:26:39,비부과,만덕동 959-2
2024-07-27,10:29:29,부과,만덕동 959-3
2024-07-27,10:31:21,부과,구포동 585-9
2024-07-27,10:32:29,부과,만덕동 960-1
2024-07-27,10:33:12,부과,화명동 699-1
2024-07-27,10:40:34,부과,구포동 1124-1
2024-07-27,10:43:51,비부과,덕천동 469
2024-07-27,11:44:52,비부과,덕천동 403-2
2024-07-27,11:54:22,부과,화명동 2257
2024-07-27,11:55:06,비부과,화명동 2275-1
2024-07-27,11:55:45,부과,화명동 2257
2024-07-27,11:56:18,부과,화명동 2257
2024-07-27,11:57:10,부과,화명동 2257
2024-07-27,11:57:44,부과,화명동 2257
2024-07-27,12:15:56,부과,화명동 1383-4
2024-07-27,12:24:11,부과,금곡동 121
2024-07-27,12:55:23,비부과,만덕동 774
2024-07-27,14:21:17,비부과,구포동 156-11
2024-07-27,16:17:37,부과,구포동 1087-10
2024-07-27,17:05:36,부과,만덕동 927-1
2024-07-27,17:07:28,부과,만덕동 927-1
2024-07-27,17:09:15,부과,만덕동 927-1
2024-07-27,17:17:18,부과,만덕동 905
2024-07-27,17:18:58,부과,만덕동 905
2024-07-27,17:29:36,비부과,구포동 1206-17
2024-07-27,17:35:11,부과,구포동 1218-32
2024-07-27,18:07:16,부과,구포동 1286
2024-07-27,18:12:56,부과,구포동 1285
2024-07-27,18:12:56,부과,구포동 1285
2024-07-27,18:40:48,부과,만덕동 268-1
2024-07-27,19:22:41,부과,만덕동 941-2
2024-07-27,19:31:25,부과,구포동 1141-112
2024-07-27,19:31:25,부과,구포동 1141-112
2024-07-27,19:31:25,부과,구포동 1141-112
2024-07-27,19:49:13,부과,만덕동 906-1
2024-07-27,19:51:25,부과,만덕동 251-1
2024-07-27,19:51:48,부과,만덕동 904
2024-07-27,19:52:13,부과,만덕동 904
2024-07-27,19:52:46,부과,만덕동 904
2024-07-27,19:53:01,부과,만덕동 251-2
2024-07-27,19:53:18,부과,만덕동 904
2024-07-27,19:53:54,부과,만덕동 904
2024-07-27,19:54:17,부과,만덕동 904
2024-07-27,21:04:53,부과,덕천동 462
2024-07-27,21:17:44,부과,덕천동 557-1
2024-07-27,21:49:14,부과,덕천동 416-22
2024-07-27,21:57:05,부과,구포동 1060-469
2024-07-27,22:08:43,부과,덕천동 450-3
2024-07-27,22:11:46,비부과,덕천동 470
2024-07-27,22:14:28,부과,구포동 119-5
2024-07-27,22:37:47,부과,구포동 148
2024-07-27,22:54:59,비부과,화명동 512
2024-07-27,23:23:41,비부과,만덕동 290-1
2024-07-27,23:38:01,부과,화명동 1569-3
2024-07-28,00:54:09,부과,구포동 1271
2024-07-28,02:15:05,비부과,화명동 2257
2024-07-28,03:39:29,부과,구포동 1229-17
2024-07-28,03:56:58,부과,화명동 2257
2024-07-28,06:14:54,비부과,덕천동 357-12
2024-07-28,06:51:38,부과,만덕동 115
2024-07-28,07:27:31,비부과,만덕동 774
2024-07-28,07:35:44,부과,만덕동 901
2024-07-28,07:51:44,부과,구포동 1060-528
2024-07-28,08:38:48,비부과,만덕동 937
2024-07-28,09:29:54,부과,구포동 1060-316
2024-07-28,09:31:46,부과,구포동 1060-433
2024-07-28,10:22:17,부과,만덕동 904
2024-07-28,10:44:14,부과,만덕동 302-1
2024-07-28,10:56:45,부과,만덕동 898
2024-07-28,12:09:18,부과,덕천동 388-1
2024-07-28,12:58:03,부과,구포동 1268
2024-07-28,13:44:24,부과,만덕동 904
2024-07-28,13:51:24,부과,화명동 1130-9
2024-07-28,14:43:54,부과,만덕동 904
2024-07-28,15:45:58,부과,금곡동 1425
2024-07-28,15:49:52,부과,만덕동 904
2024-07-28,16:12:09,부과,만덕동 903
2024-07-28,16:12:48,부과,만덕동 903
2024-07-28,16:13:22,부과,만덕동 904
2024-07-28,16:14:00,부과,만덕동 904
2024-07-28,16:15:15,부과,덕천동 462
2024-07-28,16:15:42,부과,만덕동 903
2024-07-28,16:16:16,부과,만덕동 903
2024-07-28,16:16:42,부과,만덕동 903
2024-07-28,16:17:22,부과,만덕동 903
2024-07-28,16:27:28,부과,만덕동 904
2024-07-28,16:29:43,비부과,구포동 649-2
2024-07-28,16:29:43,비부과,구포동 649-2
2024-07-28,16:35:21,부과,만덕동 870-17
2024-07-28,16:36:20,부과,만덕동 904
2024-07-28,16:37:23,부과,만덕동 903
2024-07-28,16:40:52,부과,만덕동 879-8
2024-07-28,17:23:01,부과,덕천동 462
2024-07-28,17:24:45,부과,덕천동 381-16
2024-07-28,17:33:40,부과,덕천동 388-2
2024-07-28,18:23:18,부과,화명동 1470-10
2024-07-28,18:27:39,부과,만덕동 935
2024-07-28,18:28:29,부과,만덕동 935
2024-07-28,18:29:08,부과,만덕동 911-3
2024-07-28,19:47:02,비부과,구포동 1269
2024-07-28,19:49:07,부과,만덕동 904
2024-07-28,19:59:39,부과,만덕동 904
2024-07-28,20:03:17,부과,구포동 610-4
2024-07-28,20:40:40,부과,만덕동 904
2024-07-28,20:42:43,부과,만덕동 898
2024-07-28,21:10:49,비부과,덕천동 329
2024-07-28,21:33:24,부과,만덕동 898
2024-07-28,22:08:32,부과,덕천동 797
2024-07-28,23:15:40,부과,만덕동 906-1
2024-07-28,23:17:31,비부과,만덕동 246-3
2024-07-28,23:32:44,부과,구포동 451-1
2024-07-29,00:52:31,부과,금곡동 624-3
2024-07-29,00:54:37,부과,금곡동 54-7
2024-07-29,06:14:14,부과,덕천동 472
2024-07-29,06:48:03,부과,구포동 1186-1
2024-07-29,07:30:06,부과,구포동 1189
2024-07-29,08:57:37,부과,구포동 1124-13
2024-07-29,09:18:29,비부과,덕천동 462
2024-07-29,09:19:52,부과,구포동 1185-1
2024-07-29,11:06:02,부과,금곡동 103
2024-07-29,11:11:53,부과,구포동 1060-471
2024-07-29,12:13:56,부과,구포동 1060-316
2024-07-29,13:00:12,부과,화명동 752
2024-07-29,13:19:56,부과,만덕동 904
2024-07-29,15:19:09,부과,덕천동 462
2024-07-29,16:22:04,부과,덕천동 472
2024-07-29,18:23:49,부과,만덕동 904
2024-07-29,18:24:18,부과,만덕동 903
2024-07-29,18:24:52,부과,만덕동 904
2024-07-29,18:37:47,부과,만덕동 903
2024-07-29,18:38:19,부과,만덕동 903
2024-07-29,18:38:50,부과,만덕동 904
2024-07-29,18:39:23,부과,만덕동 870-14
2024-07-29,18:40:19,부과,만덕동 904
2024-07-29,18:41:25,부과,만덕동 904
2024-07-29,18:45:21,부과,만덕동 904
2024-07-29,18:50:56,부과,만덕동 844-13
2024-07-29,18:51:43,부과,만덕동 903
2024-07-29,19:05:23,부과,만덕동 235-1
2024-07-29,19:11:14,부과,만덕동 955
2024-07-29,19:11:15,부과,화명동 1219-2
2024-07-29,19:11:27,비부과,화명동 2257
2024-07-29,19:28:56,비부과,덕천동 462
2024-07-29,19:39:34,부과,덕천동 462
2024-07-29,19:46:31,부과,만덕동 906-1
2024-07-29,19:47:00,비부과,구포동 923-119
2024-07-29,19:49:43,부과,구포동 549-1
2024-07-29,20:06:01,부과,만덕동 246-3
2024-07-29,20:33:52,부과,화명동 256
2024-07-29,20:47:24,비부과,금곡동 1117
2024-07-29,20:59:47,비부과,화명동 2257
2024-07-29,21:09:14,부과,구포동 1207-9
2024-07-29,21:13:21,부과,만덕동 736-24
2024-07-29,21:19:33,비부과,만덕동 905
2024-07-29,21:20:01,부과,구포동 983-7
2024-07-29,21:51:43,부과,만덕동 959-6
2024-07-29,21:57:23,비부과,만덕동 959-6
2024-07-29,22:01:06,비부과,만덕동 959-10
2024-07-29,22:07:44,부과,만덕동 598
2024-07-29,22:31:22,부과,덕천동 460-2
2024-07-29,22:33:36,부과,덕천동 561-1
2024-07-29,22:50:34,부과,만덕동 251-2
2024-07-29,23:37:20,비부과,구포동 983-7
2024-07-30,03:38:18,부과,화명동 2341-2
2024-07-30,05:30:33,부과,덕천동 462
2024-07-30,05:33:22,부과,덕천동 462
2024-07-30,06:07:57,부과,구포동 1283
2024-07-30,06:19:17,부과,만덕동 898
2024-07-30,06:42:42,부과,만덕동 302-1
2024-07-30,06:45:07,부과,만덕동 846-6
2024-07-30,06:46:03,부과,만덕동 904
2024-07-30,07:09:35,부과,금곡동 1117
2024-07-30,07:11:37,비부과,구포동 1189
2024-07-30,07:13:31,부과,금곡동 1117
2024-07-30,07:16:19,부과,금곡동 1117
2024-07-30,07:19:11,부과,금곡동 1117
2024-07-30,07:19:25,부과,구포동 1189
2024-07-30,07:26:01,부과,금곡동 1117
2024-07-30,07:54:11,부과,화명동 1470-31
2024-07-30,08:36:20,부과,구포동 1273
2024-07-30,09:10:10,부과,구포동 1189
2024-07-30,09:38:31,부과,화명동 2257
2024-07-30,09:50:46,부과,구포동 1186-1
2024-07-30,10:13:57,비부과,만덕동 903
2024-07-30,10:31:33,비부과,만덕동 648-4
2024-07-30,10:42:36,부과,구포동 731-28
2024-07-30,11:47:06,부과,만덕동 903
2024-07-30,13:22:53,부과,만덕동 950
2024-07-30,13:41:59,부과,만덕동 904
2024-07-30,14:17:57,부과,만덕동 904
2024-07-30,14:21:59,부과,만덕동 904
2024-07-30,14:30:22,부과,만덕동 904
2024-07-30,14:31:25,비부과,구포동 1095-2
2024-07-30,14:33:04,부과,만덕동 903
2024-07-30,15:34:44,비부과,만덕동 937
2024-07-30,15:37:54,부과,만덕동 628-19
2024-07-30,15:38:14,부과,만덕동 904
2024-07-30,15:38:37,부과,만덕동 904
2024-07-30,15:39:01,비부과,만덕동 904
2024-07-30,15:43:39,부과,만덕동 922-2
2024-07-30,15:45:24,부과,만덕동 922-2
2024-07-30,15:50:29,비부과,구포동 1189
2024-07-30,16:03:45,비부과,구포동 1068-2
2024-07-30,16:16:24,비부과,덕천동 327
2024-07-30,17:03:01,부과,금곡동 109-1
2024-07-30,17:04:45,부과,금곡동 96-1
2024-07-30,17:07:26,부과,금곡동 109-1
2024-07-30,17:09:24,부과,금곡동 108
2024-07-30,17:11:21,부과,금곡동 112
2024-07-30,17:31:22,부과,덕천동 473-4
2024-07-30,17:55:07,비부과,만덕동 658
2024-07-30,17:55:50,비부과,만덕동 648-4
2024-07-30,19:10:46,부과,화명동 1216-1
2024-07-30,19:42:38,부과,만덕동 246-3
2024-07-30,20:34:59,부과,덕천동 381-16
2024-07-30,21:17:01,부과,만덕동 870-16
2024-07-30,21:37:28,부과,덕천동 462
2024-07-30,21:52:42,부과,덕천동 462
2024-07-30,22:01:32,비부과,구포동 1273
2024-07-30,22:16:40,부과,화명동 2184-6
2024-07-30,23:26:53,부과,덕천동 327
2024-07-30,23:29:35,부과,덕천동 327
2024-07-30,23:34:04,부과,덕천동 353-17
2024-07-31,00:16:28,부과,만덕동 246-3
2024-07-31,00:18:06,부과,만덕동 620-3
2024-07-31,00:57:32,비부과,화명동 2257
2024-07-31,02:51:25,부과,화명동 2342
2024-07-31,06:26:57,부과,만덕동 962-4
2024-07-31,07:05:06,부과,구포동 1186-3
2024-07-31,07:41:37,부과,화명동 1333-1
2024-07-31,07:41:37,부과,화명동 1333-1
2024-07-31,08:45:15,부과,화명동 2257
2024-07-31,09:40:20,부과,만덕동 904
2024-07-31,09:48:54,부과,만덕동 903
2024-07-31,10:07:59,부과,구포동 1269-1
2024-07-31,10:37:11,부과,덕천동 316-40
2024-07-31,10:39:48,부과,덕천동 307-1
2024-07-31,11:02:53,부과,만덕동 950
2024-07-31,11:02:53,부과,만덕동 950
2024-07-31,12:02:21,부과,구포동 1237-17
2024-07-31,12:44:46,부과,만덕동 256-13
2024-07-31,12:56:56,부과,만덕동 904
2024-07-31,13:33:18,부과,만덕동 904
2024-07-31,13:44:37,부과,구포동 614-3
2024-07-31,13:50:58,부과,화명동 2257
2024-07-31,14:54:06,부과,화명동 2257
2024-07-31,15:25:04,부과,만덕동 904
2024-07-31,16:38:33,부과,구포동 1268
2024-07-31,16:55:26,부과,만덕동 898
2024-07-31,17:47:03,부과,금곡동 1620-4
2024-07-31,20:02:20,부과,만덕동 899
2024-07-31,20:09:40,부과,만덕동 605-20
2024-07-31,20:23:27,부과,만덕동 904
2024-07-31,20:24:20,부과,만덕동 904
2024-07-31,20:25:16,부과,만덕동 903
2024-07-31,20:26:25,부과,만덕동 904
2024-07-31,20:33:40,부과,만덕동 246-3
2024-07-31,21:36:33,부과,덕천동 456
2024-07-31,21:43:11,부과,덕천동 472-6
2024-07-31,21:46:31,부과,덕천동 457-26
2024-07-31,21:47:08,부과,덕천동 290-4
2024-07-31,22:05:12,부과,구포동 897-21
2024-07-31,22:15:44,부과,화명동 2290
2024-07-31,22:24:54,부과,화명동 2257
2024-07-31,22:28:11,비부과,구포동 1154-1
2024-07-31,23:04:00,부과,만덕동 676-2
2024-08-01,01:30:02,부과,구포동 1189
2024-08-01,01:37:00,부과,구포동 1067-8
2024-08-01,02:23:45,부과,구포동 654-21
2024-08-01,02:42:51,부과,화명동 944-3
2024-08-01,02:50:19,부과,덕천동 472-6
2024-08-01,03:14:26,부과,구포동 1060-260
2024-08-01,03:16:09,부과,구포동 1060-258
2024-08-01,03:45:08,부과,화명동 2257
2024-08-01,04:59:17,부과,구포동 1279
2024-08-01,04:59:48,부과,구포동 1280
2024-08-01,05:27:18,비부과,구포동 866-3
2024-08-01,05:32:05,부과,만덕동 960
2024-08-01,06:05:21,부과,만덕동 962-4
2024-08-01,06:18:36,부과,만덕동 898
2024-08-01,07:25:40,부과,금곡동 1117
2024-08-01,07:27:17,부과,금곡동 1117
2024-08-01,08:43:48,부과,화명동 1430
2024-08-01,08:50:01,부과,구포동 1189
2024-08-01,09:55:38,부과,덕천동 322-24
2024-08-01,10:41:42,부과,화명동 2257
2024-08-01,10:53:59,비부과,화명동 2271-3
2024-08-01,10:55:57,부과,화명동 2257
2024-08-01,11:00:03,부과,화명동 2257
2024-08-01,11:02:00,부과,구포동 430-13
2024-08-01,11:18:57,비부과,구포동 156-11
2024-08-01,11:21:48,부과,구포동 156-11
2024-08-01,11:41:09,부과,화명동 1293-4
2024-08-01,12:06:47,부과,화명동 1293-2
2024-08-01,12:23:46,부과,화명동 2257
2024-08-01,12:28:14,부과,화명동 2257
2024-08-01,12:30:06,부과,화명동 2257
2024-08-01,12:34:05,비부과,구포동 1172-51
2024-08-01,12:36:03,비부과,구포동 957-30
2024-08-01,14:04:52,부과,화명동 896-1
2024-08-01,14:50:12,비부과,만덕동 743-2
2024-08-01,15:06:00,비부과,만덕동 396-13
2024-08-01,15:24:11,비부과,구포동 405-3
2024-08-01,17:29:30,비부과,구포동 1103-2
2024-08-01,17:36:59,부과,만덕동 905
2024-08-01,17:41:47,부과,덕천동 462
2024-08-01,17:42:40,부과,만덕동 937
2024-08-01,17:44:31,부과,만덕동 937
2024-08-01,17:54:11,비부과,화명동 1955-20
2024-08-01,17:54:11,비부과,화명동 1955-20
2024-08-01,18:13:05,부과,구포동 1189
2024-08-01,18:15:10,부과,만덕동 937
2024-08-01,18:38:52,부과,만덕동 904
2024-08-01,18:39:12,부과,만덕동 904
2024-08-01,18:43:33,부과,구포동 1215-1
2024-08-01,19:32:01,부과,덕천동 327
2024-08-01,20:12:53,부과,덕천동 556-3
2024-08-01,20:35:21,비부과,구포동 1172-41
2024-08-01,20:36:29,부과,구포동 1060-334
2024-08-01,20:52:47,비부과,금곡동 1117
2024-08-01,21:05:53,부과,구포동 896-23
2024-08-01,21:37:29,부과,구포동 1278
2024-08-01,21:44:40,비부과,화명동 2257
2024-08-01,22:23:49,비부과,화명동 2266-2
2024-08-01,22:44:54,비부과,화명동 1431
2024-08-01,22:58:35,부과,화명동 2257
2024-08-01,23:40:41,부과,화명동 2257
2024-08-01,23:50:20,부과,화명동 2270-5
2024-08-02,01:23:39,부과,화명동 944-3
2024-08-02,02:39:13,부과,화명동 889-7
2024-08-02,02:53:11,부과,덕천동 327
2024-08-02,03:01:41,부과,덕천동 462
2024-08-02,05:28:00,부과,덕천동 357-12
2024-08-02,07:33:06,부과,화명동 1430
2024-08-02,08:21:57,부과,화명동 745
2024-08-02,09:48:03,비부과,구포동 1060-316
2024-08-02,11:01:11,부과,구포동 1060-84
2024-08-02,11:07:15,부과,만덕동 904
2024-08-02,11:08:34,부과,구포동 430-13
2024-08-02,11:31:09,부과,구포동 459-2
2024-08-02,11:53:10,부과,화명동 2257
2024-08-02,12:28:18,부과,화명동 197
2024-08-02,12:44:02,비부과,만덕동 642-110
2024-08-02,12:47:35,비부과,덕천동 462
2024-08-02,13:19:25,부과,만덕동 605-5
2024-08-02,13:25:29,비부과,덕천동 400-7
2024-08-02,13:48:35,부과,덕천동 557
2024-08-02,13:50:41,부과,덕천동 554-1
2024-08-02,14:09:02,비부과,구포동 1068-2
2024-08-02,14:44:20,부과,만덕동 823-50
2024-08-02,14:45:02,부과,화명동 2257
2024-08-02,16:23:49,비부과,화명동 971-1
2024-08-02,16:56:05,부과,덕천동 327
2024-08-02,16:57:04,비부과,만덕동 899
2024-08-02,18:07:10,비부과,덕천동 472
2024-08-02,18:43:07,부과,구포동 1269-1
2024-08-02,18:49:26,비부과,화명동 2257
2024-08-02,18:51:26,부과,만덕동 268-1
2024-08-02,18:59:01,부과,화명동 2257
2024-08-02,19:13:56,부과,만덕동 904
2024-08-02,19:46:31,부과,덕천동 401-4
2024-08-02,19:53:37,비부과,덕천동 462
2024-08-02,19:58:16,부과,구포동 896-1
2024-08-02,20:12:43,부과,만덕동 935
2024-08-02,20:34:59,부과,만덕동 833-4
2024-08-02,21:20:31,부과,구포동 169-5
2024-08-02,21:30:13,비부과,만덕동 959-2
2024-08-02,21:34:43,부과,만덕동 959-6
2024-08-02,21:48:07,부과,화명동 2257
2024-08-02,22:59:53,비부과,만덕동 268-1
2024-08-02,23:18:50,비부과,구포동 1060-470
2024-08-02,23:26:29,비부과,덕천동 462
2024-08-03,00:18:44,비부과,덕천동 462
2024-08-03,01:12:51,부과,만덕동 937
2024-08-03,04:15:14,부과,화명동 2257
2024-08-03,04:40:59,부과,덕천동 797
2024-08-03,05:35:30,비부과,구포동 1269-1
2024-08-03,07:37:25,부과,만덕동 935
2024-08-03,09:09:33,부과,만덕동 903
2024-08-03,09:19:13,부과,구포동 1116-15
2024-08-03,09:19:53,부과,덕천동 312-4
2024-08-03,09:25:03,비부과,덕천동 312-4
2024-08-03,09:58:05,부과,만덕동 935
2024-08-03,11:10:43,부과,만덕동 950
2024-08-03,12:00:08,비부과,화명동 2257
2024-08-03,12:19:52,부과,덕천동 349-3
2024-08-03,13:10:59,부과,구포동 1283
2024-08-03,13:39:48,비부과,구포동 783-14
2024-08-03,13:42:06,비부과,구포동 1274
2024-08-03,13:44:23,비부과,구포동 1274
2024-08-03,13:46:12,부과,구포동 1274
2024-08-03,13:49:42,부과,구포동 923-208
2024-08-03,13:57:47,부과,만덕동 898
2024-08-03,14:12:46,부과,만덕동 246-3
2024-08-03,14:14:38,부과,만덕동 906-1
2024-08-03,15:40:50,부과,만덕동 246-3
2024-08-03,16:06:56,부과,구포동 920-13
2024-08-03,16:23:39,부과,구포동 731-72
2024-08-03,17:07:05,부과,덕천동 462
2024-08-03,17:08:18,부과,덕천동 381-15
2024-08-03,17:54:10,부과,금곡동 1881
2024-08-03,17:54:56,부과,구포동 1269-1
2024-08-03,18:05:43,부과,덕천동 462
2024-08-03,18:29:48,비부과,화명동 699-1
2024-08-03,19:23:37,부과,구포동 1269-1
2024-08-03,19:39:15,부과,구포동 1207-9
2024-08-03,20:01:32,비부과,만덕동 959-6
2024-08-03,20:07:31,부과,만덕동 904
2024-08-03,20:07:59,부과,만덕동 904
2024-08-03,20:08:23,부과,만덕동 904
2024-08-03,20:08:42,부과,만덕동 904
2024-08-03,20:09:03,부과,만덕동 904
2024-08-03,20:12:40,부과,만덕동 833-3
2024-08-03,20:21:42,부과,화명동 186
2024-08-03,21:01:03,비부과,구포동 848-19
2024-08-03,21:19:32,부과,구포동 486
2024-08-03,21:35:01,부과,화명동 192
2024-08-03,21:35:20,비부과,구포동 729-1
2024-08-03,21:50:42,부과,화명동 2257
2024-08-03,21:51:22,부과,화명동 2257
2024-08-04,00:45:15,부과,구포동 1268
2024-08-04,06:20:30,부과,만덕동 898
2024-08-04,07:10:29,부과,만덕동 251-2
2024-08-04,07:13:21,부과,만덕동 246-3
2024-08-04,07:54:52,부과,만덕동 899
2024-08-04,08:36:56,부과,구포동 1296
2024-08-04,08:41:02,부과,구포동 383
2024-08-04,08:42:38,부과,구포동 263-9
2024-08-04,09:13:46,비부과,만덕동 904
2024-08-04,09:45:55,부과,구포동 1060-351
2024-08-04,09:48:53,부과,구포동 1060-316
2024-08-04,10:03:27,부과,구포동 655-5
2024-08-04,10:18:45,부과,구포동 461-1
2024-08-04,10:23:48,부과,구포동 372-2
2024-08-04,10:28:47,부과,만덕동 898
2024-08-04,10:44:30,부과,만덕동 251-2
2024-08-04,11:03:03,부과,구포동 916-1
2024-08-04,11:53:21,비부과,구포동 816-4
2024-08-04,12:15:46,부과,덕천동 416-4
2024-08-04,13:08:49,부과,화명동 1170-15
2024-08-04,13:31:19,비부과,화명동 2257
2024-08-04,13:47:15,부과,덕천동 390-1
2024-08-04,14:16:05,부과,만덕동 904
2024-08-04,14:35:19,부과,만덕동 372-3
2024-08-04,14:37:10,부과,만덕동 904
2024-08-04,14:37:32,부과,만덕동 904
2024-08-04,14:43:25,부과,만덕동 903
2024-08-04,15:16:50,부과,구포동 1268
2024-08-04,15:41:36,부과,화명동 973-6
2024-08-04,16:09:49,비부과,구포동 1269
2024-08-04,16:33:11,부과,덕천동 462
2024-08-04,16:36:49,부과,만덕동 251-2
2024-08-04,16:59:03,비부과,덕천동 462
2024-08-04,17:04:35,부과,덕천동 467-2
2024-08-04,17:12:50,부과,만덕동 904
2024-08-04,17:20:39,부과,만덕동 935
2024-08-04,17:21:50,비부과,덕천동 462
2024-08-04,18:49:45,부과,덕천동 462
2024-08-04,18:57:45,부과,덕천동 460-1
2024-08-04,19:01:41,비부과,덕천동 462
2024-08-04,19:04:05,부과,만덕동 736-24
2024-08-04,19:06:57,비부과,덕천동 462
2024-08-04,19:41:46,비부과,만덕동 959-6
2024-08-04,19:47:05,부과,구포동 986-56
2024-08-04,19:50:40,부과,구포동 969-1
2024-08-04,20:12:10,부과,덕천동 462
2024-08-04,20:22:31,부과,덕천동 462
2024-08-04,20:32:37,부과,덕천동 462
2024-08-04,21:12:27,비부과,덕천동 462
2024-08-04,21:20:55,비부과,덕천동 462
2024-08-04,21:45:12,부과,덕천동 467-2
2024-08-04,21:46:48,부과,만덕동 320-9
2024-08-04,22:54:56,비부과,덕천동 381-11
2024-08-04,23:14:01,부과,구포동 1060-334
2024-08-04,23:32:12,부과,구포동 1282
2024-08-04,23:32:53,부과,구포동 848-46
2024-08-04,23:40:40,부과,덕천동 462
2024-08-05,00:51:28,비부과,덕천동 462
2024-08-05,00:59:59,부과,만덕동 627-2
2024-08-05,03:17:06,부과,화명동 2257
2024-08-05,03:19:29,비부과,화명동 2257
2024-08-05,06:04:48,부과,만덕동 555
2024-08-05,06:07:13,부과,구포동 1060-528
2024-08-05,06:46:45,부과,덕천동 462
2024-08-05,08:12:40,부과,화명동 1470-31
2024-08-05,08:36:05,부과,화명동 2277-4
2024-08-05,09:22:20,부과,덕천동 472
2024-08-05,10:24:31,부과,만덕동 926-2
2024-08-05,11:32:43,부과,화명동 2257
2024-08-05,11:35:09,부과,화명동 2257
2024-08-05,11:38:01,부과,화명동 2257
2024-08-05,12:22:14,부과,금곡동 54-4
2024-08-05,13:35:19,부과,화명동 2257
2024-08-05,13:37:31,부과,화명동 2257
2024-08-05,16:29:04,부과,구포동 1124-1
2024-08-05,16:43:12,부과,구포동 1124-13
2024-08-05,16:46:08,부과,만덕동 251-12
2024-08-05,16:57:15,부과,화명동 2272-4
2024-08-05,16:57:37,부과,화명동 2272-4
2024-08-05,17:05:47,부과,만덕동 937
2024-08-05,17:07:07,부과,구포동 1189
2024-08-05,17:45:19,비부과,만덕동 848-1
2024-08-05,18:00:39,부과,구포동 1186-29
2024-08-05,18:17:39,부과,금곡동 123
2024-08-05,18:19:33,부과,구포동 1282
2024-08-05,18:40:01,부과,만덕동 736-24
2024-08-05,18:50:08,부과,금곡동 116-1
2024-08-05,18:53:42,부과,구포동 1247-10
2024-08-05,19:13:39,부과,만덕동 844-13
2024-08-05,19:14:19,부과,만덕동 870-16
2024-08-05,19:14:56,부과,만덕동 869-1
2024-08-05,19:15:58,부과,만덕동 903
2024-08-05,19:39:36,부과,구포동 1189
2024-08-05,19:43:47,부과,만덕동 246-3
2024-08-05,20:32:41,부과,구포동 451-1
2024-08-05,20:41:34,부과,만덕동 937
2024-08-05,20:44:32,부과,만덕동 937
2024-08-05,20:46:30,부과,만덕동 926-2
2024-08-05,20:47:11,부과,금곡동 1117
2024-08-05,20:53:51,비부과,화명동 2257
2024-08-05,21:12:33,부과,구포동 896-23
2024-08-05,21:15:06,부과,구포동 896-44
2024-08-05,22:03:38,비부과,만덕동 824-21
2024-08-05,22:04:04,부과,덕천동 456
2024-08-05,22:05:19,비부과,만덕동 598-6
2024-08-05,22:07:49,비부과,만덕동 824-21
2024-08-05,22:11:18,부과,덕천동 473-4
2024-08-05,22:12:31,부과,구포동 451-6
2024-08-05,22:16:15,비부과,만덕동 598-6
2024-08-05,22:21:29,부과,만덕동 898
2024-08-05,23:03:07,비부과,만덕동 598-6
2024-08-05,23:05:08,비부과,만덕동 598-6
2024-08-05,23:37:56,비부과,덕천동 472
2024-08-05,23:43:13,부과,덕천동 327
2024-08-05,23:45:01,부과,만덕동 607-1
2024-08-06,00:09:04,부과,금곡동 1117
2024-08-06,00:11:09,부과,금곡동 1117
2024-08-06,00:13:44,부과,금곡동 1425
2024-08-06,00:22:28,부과,금곡동 1117
2024-08-06,06:20:46,부과,만덕동 898
2024-08-06,09:01:55,부과,덕천동 472
2024-08-06,09:45:16,비부과,만덕동 598-6
2024-08-06,09:45:46,부과,화명동 2257
2024-08-06,09:46:26,비부과,화명동 2257
2024-08-06,09:51:41,부과,화명동 2315-1
2024-08-06,10:01:17,부과,구포동 916-1
2024-08-06,10:10:33,부과,만덕동 287-2
2024-08-06,10:56:12,부과,덕천동 332-34
2024-08-06,11:11:16,부과,만덕동 955
2024-08-06,11:13:16,부과,만덕동 955-3
2024-08-06,11:15:16,비부과,구포동 730-1
2024-08-06,11:36:10,비부과,덕천동 462
2024-08-06,11:38:14,비부과,덕천동 462
2024-08-06,11:42:05,비부과,덕천동 462
2024-08-06,11:52:03,부과,화명동 2257
2024-08-06,12:02:05,비부과,덕천동 462
2024-08-06,12:34:43,부과,화명동 2021-2
2024-08-06,12:59:53,부과,덕천동 462
2024-08-06,13:34:05,비부과,구포동 969-3
2024-08-06,14:01:45,부과,덕천동 390-1
2024-08-06,14:07:07,비부과,화명동 2314-3
2024-08-06,14:08:46,부과,화명동 2257
2024-08-06,14:10:42,부과,화명동 2314-7
2024-08-06,14:20:24,부과,화명동 2257
2024-08-06,14:27:49,부과,금곡동 1885
2024-08-06,14:31:36,비부과,덕천동 376-13
2024-08-06,14:35:07,부과,덕천동 462
2024-08-06,14:48:21,부과,구포동 1269-1
2024-08-06,15:53:26,비부과,덕천동 462
2024-08-06,15:55:24,부과,화명동 2257
2024-08-06,16:39:20,비부과,덕천동 462
2024-08-06,16:39:20,비부과,덕천동 462
2024-08-06,16:57:56,비부과,덕천동 462
2024-08-06,17:02:03,부과,덕천동 390-1
2024-08-06,17:04:00,비부과,덕천동 462
2024-08-06,17:06:39,비부과,덕천동 462
2024-08-06,18:02:13,부과,만덕동 898
2024-08-06,18:10:29,부과,덕천동 462
2024-08-06,18:12:11,비부과,덕천동 462
2024-08-06,18:13:42,부과,덕천동 462
2024-08-06,18:17:21,부과,만덕동 937
2024-08-06,18:20:48,부과,만덕동 268-1
2024-08-06,18:23:26,비부과,만덕동 937
2024-08-06,18:26:05,비부과,덕천동 462
2024-08-06,18:26:09,비부과,만덕동 927-1
2024-08-06,18:28:06,부과,만덕동 290-1
2024-08-06,18:42:55,부과,덕천동 462
2024-08-06,18:54:36,비부과,덕천동 390-1
2024-08-06,18:55:23,비부과,덕천동 363-2
2024-08-06,19:31:07,부과,만덕동 904
2024-08-06,19:32:03,부과,만덕동 904
2024-08-06,19:32:34,부과,만덕동 869-5
2024-08-06,19:33:23,부과,만덕동 904
2024-08-06,19:34:56,부과,만덕동 904
2024-08-06,19:35:46,부과,만덕동 904
2024-08-06,19:58:58,부과,만덕동 937
2024-08-06,20:00:31,비부과,만덕동 937
2024-08-06,20:02:19,부과,만덕동 937
2024-08-06,20:06:22,부과,만덕동 927-1
2024-08-06,20:32:27,부과,덕천동 462
2024-08-06,20:39:02,부과,덕천동 462
2024-08-06,20:45:35,비부과,덕천동 462
2024-08-06,20:59:45,비부과,화명동 2257
2024-08-06,21:26:38,부과,만덕동 898
2024-08-06,21:54:15,부과,구포동 1060-497
2024-08-06,21:57:30,부과,만덕동 898
2024-08-06,21:57:53,부과,만덕동 898
2024-08-06,21:58:17,부과,만덕동 898
2024-08-06,21:58:42,부과,만덕동 899
2024-08-06,22:05:08,부과,만덕동 830-49
2024-08-06,22:07:28,비부과,만덕동 598-6
2024-08-06,22:20:07,비부과,만덕동 955-3
2024-08-06,22:40:51,부과,구포동 1060-316
2024-08-06,23:21:55,부과,덕천동 473-4
2024-08-06,23:26:48,부과,덕천동 456
2024-08-07,00:03:17,부과,만덕동 607-1
2024-08-07,01:01:48,비부과,구포동 731-62
2024-08-07,06:19:48,부과,만덕동 898
2024-08-07,08:06:58,부과,구포동 923-117
2024-08-07,08:14:49,비부과,만덕동 898
2024-08-07,08:34:53,부과,화명동 2257
2024-08-07,09:09:47,부과,덕천동 462
2024-08-07,09:42:12,비부과,구포동 1186-3
2024-08-07,10:00:04,부과,구포동 1271
2024-08-07,10:20:59,부과,화명동 2257
2024-08-07,10:29:52,부과,만덕동 835-2
2024-08-07,10:32:49,부과,화명동 724-2
2024-08-07,10:56:52,부과,만덕동 904
2024-08-07,10:57:24,부과,만덕동 904
2024-08-07,11:45:15,부과,구포동 1154-20
2024-08-07,12:03:31,비부과,화명동 2315-5
2024-08-07,12:05:34,부과,금곡동 109-1
2024-08-07,12:27:17,부과,화명동 1222-1
2024-08-07,13:12:23,부과,만덕동 598-6
2024-08-07,14:06:13,비부과,덕천동 462
2024-08-07,14:22:09,부과,덕천동 383-2
2024-08-07,14:22:37,부과,덕천동 372-1
2024-08-07,14:31:00,부과,구포동 156-11
2024-08-07,14:51:01,부과,구포동 1213-53
2024-08-07,15:24:23,부과,만덕동 835-2
2024-08-07,15:26:27,부과,만덕동 835-2
2024-08-07,16:22:18,부과,만덕동 904
2024-08-07,16:22:40,부과,만덕동 904
2024-08-07,16:22:40,부과,만덕동 904
2024-08-07,17:14:43,부과,구포동 1189
2024-08-07,17:39:33,부과,구포동 1189
2024-08-07,18:11:05,비부과,화명동 1425-1
2024-08-07,18:25:32,부과,만덕동 935
2024-08-07,18:43:58,비부과,화명동 745
2024-08-07,18:51:35,비부과,만덕동 955-5
2024-08-07,18:58:38,비부과,만덕동 933
2024-08-07,19:40:40,부과,만덕동 324-3
2024-08-07,20:02:44,부과,화명동 1425-1
2024-08-07,20:07:21,부과,화명동 2257
2024-08-07,20:19:23,부과,구포동 1186-1
2024-08-07,20:33:24,부과,만덕동 898
2024-08-07,21:51:56,비부과,만덕동 598-6
2024-08-07,21:53:43,비부과,만덕동 598-6
2024-08-07,22:04:09,부과,덕천동 353-3
2024-08-07,22:08:08,부과,만덕동 935
2024-08-07,22:50:35,부과,만덕동 898
2024-08-07,22:54:51,부과,만덕동 682
2024-08-07,23:09:56,부과,화명동 2257
2024-08-07,23:52:04,부과,구포동 1060-316
2024-08-08,00:50:07,부과,만덕동 302-1
2024-08-08,04:02:18,부과,화명동 2273
2024-08-08,04:31:54,비부과,구포동 1141-118
2024-08-08,04:45:01,비부과,구포동 866-26
2024-08-08,06:19:38,부과,만덕동 98-3
2024-08-08,06:36:25,부과,덕천동 327
2024-08-08,07:56:05,부과,구포동 1282
2024-08-08,08:43:22,비부과,화명동 2257
2024-08-08,09:21:50,부과,화명동 1718-3
2024-08-08,09:30:15,부과,화명동 1130-3
2024-08-08,09:57:30,부과,만덕동 904
2024-08-08,10:06:59,부과,구포동 1154-20
2024-08-08,10:19:11,부과,금곡동 110
2024-08-08,11:16:31,부과,구포동 1282
2024-08-08,11:21:42,부과,덕천동 471
2024-08-08,11:57:32,부과,구포동 1269-1
2024-08-08,12:01:53,부과,덕천동 462
2024-08-08,12:21:45,비부과,구포동 421-2
2024-08-08,12:25:56,비부과,덕천동 462
2024-08-08,13:53:34,부과,구포동 1124-13
2024-08-08,14:04:44,부과,구포동 556
2024-08-08,14:16:37,부과,덕천동 462
2024-08-08,14:23:13,비부과,덕천동 462
2024-08-08,14:47:23,비부과,덕천동 462
2024-08-08,15:29:49,부과,구포동 1258-1
2024-08-08,15:42:31,부과,금곡동 1117
2024-08-08,15:58:25,부과,구포동 1189
2024-08-08,15:59:19,부과,구포동 1124-13
2024-08-08,16:02:11,부과,덕천동 462
2024-08-08,16:09:59,부과,화명동 962-5
2024-08-08,17:11:56,부과,덕천동 462
2024-08-08,17:12:44,부과,구포동 1139
2024-08-08,17:32:19,부과,구포동 1189
2024-08-08,17:57:46,부과,화명동 1430
2024-08-08,18:16:28,부과,만덕동 937
2024-08-08,18:18:31,부과,만덕동 628-16
2024-08-08,18:47:24,비부과,덕천동 462
2024-08-08,19:02:58,부과,화명동 2257
2024-08-08,19:06:42,부과,화명동 2257
2024-08-08,19:08:58,부과,화명동 2274-4
2024-08-08,19:10:50,부과,화명동 2257
2024-08-08,19:14:55,부과,덕천동 389-12
2024-08-08,19:15:38,부과,구포동 1189
2024-08-08,19:35:51,부과,덕천동 462
2024-08-08,19:52:24,부과,구포동 923-207
2024-08-08,19:54:10,비부과,구포동 923-207
2024-08-08,20:11:49,부과,구포동 1189
2024-08-08,20:49:04,부과,구포동 1095
2024-08-08,20:57:11,부과,구포동 1189
2024-08-08,21:08:57,부과,만덕동 847-4
2024-08-08,21:09:20,부과,만덕동 904
2024-08-08,21:09:53,부과,만덕동 904
2024-08-08,21:10:46,부과,만덕동 882-7
2024-08-08,21:11:39,부과,만덕동 904
2024-08-08,21:25:26,부과,덕천동 462
2024-08-08,21:32:53,부과,화명동 2257
2024-08-08,21:33:52,비부과,화명동 2257
2024-08-08,21:36:46,비부과,덕천동 462
2024-08-08,21:41:05,부과,화명동 2276-4
2024-08-08,21:41:57,부과,만덕동 609-1
2024-08-08,21:44:15,부과,만덕동 598-6
2024-08-08,21:46:02,비부과,만덕동 598-6
2024-08-08,21:46:02,비부과,만덕동 598-6
2024-08-08,21:46:35,부과,덕천동 473-4
2024-08-08,21:50:36,비부과,구포동 1139-1
2024-08-08,21:51:58,부과,덕천동 456
2024-08-08,21:58:00,부과,덕천동 348-32
2024-08-08,22:05:43,부과,덕천동 557
2024-08-08,22:06:10,부과,구포동 1060-334
2024-08-08,22:07:34,부과,덕천동 557
2024-08-08,22:33:17,부과,화명동 186
2024-08-08,22:33:48,부과,화명동 186
2024-08-08,22:34:17,부과,화명동 186
2024-08-08,22:35:07,부과,화명동 186
2024-08-08,23:14:52,부과,구포동 263-10
2024-08-08,23:38:03,부과,화명동 2276-4
2024-08-09,00:41:53,부과,화명동 2257
2024-08-09,07:18:20,부과,구포동 1087-1
2024-08-09,07:28:01,부과,금곡동 1117
2024-08-09,07:41:04,비부과,만덕동 962
2024-08-09,08:25:37,부과,구포동 1237-18
2024-08-09,09:06:39,비부과,구포동 1189
2024-08-09,09:32:34,부과,화명동 1718-3
2024-08-09,09:47:51,부과,화명동 1293-1
2024-08-09,09:50:21,부과,화명동 1293-1
2024-08-09,10:21:01,비부과,만덕동 937
2024-08-09,10:47:08,비부과,만덕동 926-2
2024-08-09,11:01:01,부과,덕천동 462
2024-08-09,11:02:40,부과,덕천동 389-12
2024-08-09,11:08:05,부과,만덕동 904
2024-08-09,11:25:18,부과,만덕동 937
2024-08-09,12:13:29,부과,만덕동 605-31
2024-08-09,12:33:35,부과,만덕동 736-24
2024-08-09,12:58:01,부과,구포동 584-3
2024-08-09,13:04:12,부과,만덕동 950
2024-08-09,13:38:28,부과,만덕동 646-15
2024-08-09,14:43:10,비부과,덕천동 460-2
2024-08-09,14:49:26,비부과,금곡동 476
2024-08-09,14:55:21,부과,덕천동 554-1
2024-08-09,14:59:41,비부과,구포동 894
2024-08-09,15:52:40,비부과,만덕동 266-2
2024-08-09,15:56:11,부과,만덕동 904
2024-08-09,16:26:26,부과,화명동 962-6
2024-08-09,16:28:46,부과,덕천동 462
2024-08-09,16:50:06,부과,화명동 1219-2
2024-08-09,16:58:39,부과,화명동 2257
2024-08-09,18:09:24,부과,구포동 1189
2024-08-09,18:51:26,부과,화명동 1430
2024-08-09,18:51:34,부과,구포동 1004-51
2024-08-09,18:54:50,부과,덕천동 462
2024-08-09,19:01:23,부과,만덕동 904
2024-08-09,19:01:44,부과,만덕동 904
2024-08-09,19:02:07,부과,만덕동 904
2024-08-09,19:02:41,부과,만덕동 904
2024-08-09,19:03:02,부과,만덕동 904
2024-08-09,19:03:23,부과,만덕동 904
2024-08-09,19:05:25,부과,화명동 2257
2024-08-09,19:36:11,비부과,만덕동 774
2024-08-09,19:46:32,부과,화명동 699-1
2024-08-09,19:46:52,부과,구포동 1189
2024-08-09,20:11:29,부과,구포동 1296
2024-08-09,20:52:34,비부과,덕천동 457-26
2024-08-09,21:43:34,부과,구포동 783-28
2024-08-09,21:59:46,부과,덕천동 462
2024-08-09,22:37:59,부과,구포동 548-1
2024-08-09,22:50:24,부과,만덕동 899
2024-08-09,23:02:40,부과,구포동 1284
2024-08-09,23:18:16,비부과,화명동 2257
2024-08-09,23:20:11,비부과,화명동 2257
2024-08-09,23:23:07,비부과,화명동 2257
2024-08-09,23:46:25,부과,덕천동 797
2024-08-10,00:34:25,부과,만덕동 941-2
2024-08-10,00:36:45,부과,화명동 2257
2024-08-10,02:07:00,비부과,구포동 723-2
2024-08-10,02:59:30,부과,만덕동 935
2024-08-10,05:22:36,부과,구포동 1282
2024-08-10,05:22:36,부과,구포동 1282
2024-08-10,06:06:11,부과,만덕동 962-4
2024-08-10,08:39:15,비부과,구포동 146-3
2024-08-10,08:47:09,부과,덕천동 462
2024-08-10,09:03:16,부과,만덕동 959-6
2024-08-10,09:03:42,부과,구포동 1278
2024-08-10,09:24:33,부과,구포동 1060-316
2024-08-10,09:28:29,부과,구포동 247-1
2024-08-10,09:31:11,부과,구포동 1060-473
2024-08-10,09:33:50,부과,구포동 295-12
2024-08-10,09:37:34,부과,구포동 391-2
2024-08-10,09:44:44,부과,구포동 656
2024-08-10,09:49:07,부과,만덕동 302-1
2024-08-10,10:03:28,부과,구포동 1189
2024-08-10,11:10:11,부과,구포동 166
2024-08-10,11:11:55,부과,만덕동 955-5
2024-08-10,11:12:28,부과,화명동 745
2024-08-10,12:09:41,비부과,화명동 2277-7
2024-08-10,12:14:07,비부과,화명동 1293-3
2024-08-10,13:06:11,비부과,만덕동 904
2024-08-10,13:25:21,부과,구포동 1060-471
2024-08-10,14:08:25,부과,구포동 451-6
2024-08-10,14:39:38,비부과,덕천동 460-2
2024-08-10,14:46:41,부과,만덕동 937
2024-08-10,14:56:03,부과,구포동 1091-5
2024-08-10,15:05:37,비부과,구포동 783-14
2024-08-10,15:16:13,비부과,구포동 783-14
2024-08-10,15:16:28,부과,구포동 1124-1
2024-08-10,16:03:01,부과,덕천동 462
2024-08-10,16:17:50,비부과,만덕동 959-6
2024-08-10,16:49:28,부과,금곡동 102-3
2024-08-10,17:01:25,부과,구포동 1267
2024-08-10,17:03:38,부과,만덕동 904
2024-08-10,17:04:04,부과,만덕동 904
2024-08-10,17:06:09,부과,만덕동 937
2024-08-10,17:39:21,부과,만덕동 926-2
2024-08-10,17:55:22,부과,화명동 2280
2024-08-10,17:55:56,부과,화명동 2257
2024-08-10,17:56:42,부과,화명동 2280
2024-08-10,17:57:11,부과,화명동 2280
2024-08-10,17:59:04,부과,만덕동 246-3
2024-08-10,18:00:02,부과,덕천동 462
2024-08-10,18:06:19,부과,화명동 2275-4
2024-08-10,18:07:14,부과,화명동 2275-4
2024-08-10,18:52:57,부과,덕천동 460-2
2024-08-10,19:18:12,비부과,화명동 196
2024-08-10,19:54:44,비부과,화명동 2257
2024-08-10,20:09:10,부과,덕천동 462
2024-08-10,20:11:30,부과,만덕동 759-25
2024-08-10,20:32:04,부과,덕천동 327
2024-08-10,23:52:35,부과,구포동 1060-251
2024-08-10,23:54:14,부과,구포동 1060-316
2024-08-11,00:08:54,비부과,화명동 2270-3
2024-08-11,05:40:14,부과,화명동 2257
2024-08-11,06:00:39,부과,만덕동 605-10
2024-08-11,06:31:28,부과,구포동 1283
2024-08-11,07:33:11,부과,만덕동 962
2024-08-11,07:40:35,부과,만덕동 955
2024-08-11,08:44:10,부과,덕천동 462
2024-08-11,09:29:02,부과,구포동 451-1
2024-08-11,10:08:15,부과,만덕동 935
2024-08-11,10:09:01,부과,만덕동 935
2024-08-11,10:14:15,비부과,덕천동 356-21
2024-08-11,11:15:55,부과,만덕동 903
2024-08-11,11:16:27,부과,만덕동 904
2024-08-11,11:16:58,부과,만덕동 904
2024-08-11,11:17:24,부과,만덕동 903
2024-08-11,11:17:53,부과,만덕동 903
2024-08-11,11:18:29,부과,만덕동 904
2024-08-11,11:21:09,비부과,덕천동 462
2024-08-11,11:26:00,부과,만덕동 904
2024-08-11,11:27:32,부과,만덕동 904
2024-08-11,11:28:28,비부과,덕천동 462
2024-08-11,11:29:09,부과,만덕동 904
2024-08-11,11:29:41,부과,만덕동 904
2024-08-11,11:30:29,부과,만덕동 903
2024-08-11,11:30:55,부과,만덕동 903
2024-08-11,11:31:28,부과,만덕동 903
2024-08-11,11:31:59,부과,금곡동 1117
2024-08-11,11:32:56,부과,만덕동 904
2024-08-11,11:33:46,부과,만덕동 903
2024-08-11,11:41:55,부과,구포동 1283
2024-08-11,11:53:45,부과,덕천동 416-22
2024-08-11,11:55:30,부과,만덕동 904
2024-08-11,12:17:01,부과,구포동 387-3
2024-08-11,12:30:55,부과,만덕동 956-1
2024-08-11,12:43:30,비부과,구포동 1060-22
2024-08-11,13:51:55,부과,화명동 1430
2024-08-11,14:00:55,비부과,화명동 312
2024-08-11,14:46:27,부과,금곡동 1425
2024-08-11,14:48:20,비부과,금곡동 1921
2024-08-11,15:49:09,부과,만덕동 629-10
2024-08-11,16:40:29,부과,덕천동 585-11
2024-08-11,17:26:52,부과,화명동 745
2024-08-11,17:35:08,비부과,만덕동 904
2024-08-11,17:35:34,부과,만덕동 904
2024-08-11,17:39:42,부과,화명동 2270-3
2024-08-11,17:40:25,부과,화명동 2270-3
2024-08-11,17:47:00,부과,화명동 2257
2024-08-11,17:48:37,부과,화명동 2257
2024-08-11,17:51:39,부과,구포동 1166-31
2024-08-11,17:54:40,부과,화명동 2257
2024-08-11,18:02:33,부과,화명동 2257
2024-08-11,18:03:18,부과,화명동 2257
2024-08-11,18:04:01,부과,화명동 2257
2024-08-11,18:19:41,부과,만덕동 959-6
2024-08-11,18:55:41,부과,화명동 2268-3
2024-08-11,19:24:24,비부과,화명동 2272-3
2024-08-11,19:35:02,부과,덕천동 462
2024-08-11,20:08:37,부과,만덕동 904
2024-08-11,20:14:57,비부과,덕천동 461
2024-08-11,20:17:43,부과,구포동 1296
2024-08-11,20:27:14,부과,만덕동 825-20
2024-08-11,20:43:54,비부과,구포동 1060-471
2024-08-11,20:44:24,부과,구포동 1154-24
2024-08-11,22:02:19,비부과,화명동 2257
2024-08-12,01:16:33,부과,구포동 1090-6
2024-08-12,06:36:12,부과,화명동 2257
2024-08-12,08:37:52,부과,만덕동 729-1
2024-08-12,08:42:45,부과,구포동 1073-5
2024-08-12,09:02:32,부과,덕천동 315-12
2024-08-12,10:05:59,부과,구포동 1124-1
2024-08-12,11:21:13,부과,구포동 1189
2024-08-12,11:46:09,비부과,화명동 186
2024-08-12,11:46:41,비부과,화명동 186
2024-08-12,11:47:09,부과,화명동 186
2024-08-12,11:48:22,부과,만덕동 899
2024-08-12,12:00:40,비부과,덕천동 474
2024-08-12,12:38:29,부과,화명동 1293-1
2024-08-12,12:45:51,부과,화명동 2257
2024-08-12,13:09:37,부과,만덕동 903
2024-08-12,13:10:37,부과,만덕동 903
2024-08-12,13:11:48,부과,만덕동 903
2024-08-12,13:11:48,부과,만덕동 903
2024-08-12,13:12:45,부과,만덕동 904
2024-08-12,13:12:45,부과,만덕동 904
2024-08-12,13:15:32,비부과,만덕동 904
2024-08-12,13:16:46,부과,만덕동 903
2024-08-12,13:21:19,부과,구포동 1060-449
2024-08-12,13:41:46,비부과,덕천동 474
2024-08-12,15:51:59,비부과,구포동 894
2024-08-12,15:58:28,비부과,덕천동 462
2024-08-12,16:34:12,부과,만덕동 268-1
2024-08-12,16:53:03,부과,덕천동 467-2
2024-08-12,17:21:02,부과,만덕동 825-20
2024-08-12,17:21:02,부과,만덕동 825-20
2024-08-12,17:56:55,비부과,만덕동 831-15
2024-08-12,18:03:47,부과,화명동 2257
2024-08-12,18:09:55,부과,만덕동 937
2024-08-12,18:15:54,부과,만덕동 937
2024-08-12,18:25:41,부과,구포동 1280
2024-08-12,18:25:41,부과,구포동 1280
2024-08-12,19:10:03,부과,만덕동 937
2024-08-12,19:13:12,비부과,화명동 2257
2024-08-12,19:20:39,부과,구포동 1282
2024-08-12,19:29:21,부과,구포동 1278
2024-08-12,20:55:39,부과,화명동 2257
2024-08-12,21:02:47,부과,만덕동 729-1
2024-08-12,21:04:53,부과,화명동 699-1
2024-08-12,21:53:23,부과,덕천동 472-6
2024-08-13,01:16:39,부과,구포동 1060-260
2024-08-13,02:12:03,부과,화명동 2257
2024-08-13,02:19:30,부과,화명동 2257
2024-08-13,05:29:44,부과,구포동 983-1
2024-08-13,06:35:17,부과,덕천동 327
2024-08-13,07:06:11,부과,덕천동 471
2024-08-13,07:06:47,부과,덕천동 471
2024-08-13,07:27:59,부과,덕천동 355-4
2024-08-13,07:31:49,부과,금곡동 1117
2024-08-13,08:12:33,부과,덕천동 561-3
2024-08-13,08:41:21,부과,화명동 2257
2024-08-13,09:01:37,부과,덕천동 322-24
2024-08-13,09:03:27,부과,덕천동 316-40
2024-08-13,09:03:27,부과,구포동 1124-1
2024-08-13,09:06:17,부과,구포동 1124-13
2024-08-13,09:08:58,부과,구포동 1189
2024-08-13,09:40:54,부과,구포동 1186-3
2024-08-13,10:38:28,비부과,덕천동 357-10
2024-08-13,10:57:25,부과,화명동 2277-4
2024-08-13,11:05:51,부과,만덕동 899
2024-08-13,11:08:29,부과,만덕동 899
2024-08-13,11:20:15,부과,만덕동 904
2024-08-13,11:20:44,부과,만덕동 904
2024-08-13,12:41:25,부과,덕천동 460-2
2024-08-13,13:03:27,부과,화명동 2286-3
2024-08-13,13:06:49,부과,덕천동 389-2
2024-08-13,13:09:41,부과,구포동 1189
2024-08-13,14:03:29,부과,금곡동 1117
2024-08-13,14:06:47,부과,덕천동 462
2024-08-13,14:29:40,비부과,
2024-08-13,14:29:57,부과,만덕동 904
2024-08-13,14:47:06,부과,구포동 1277
2024-08-13,14:52:48,부과,만덕동 435
2024-08-13,15:09:55,비부과,구포동 1189
2024-08-13,15:52:35,비부과,금곡동 1117
2024-08-13,16:10:31,부과,구포동 1073-5
2024-08-13,16:25:38,부과,만덕동 904
2024-08-13,16:25:58,부과,만덕동 904
2024-08-13,16:36:55,비부과,금곡동 69-1
2024-08-13,18:14:50,부과,화명동 2257
2024-08-13,18:35:30,부과,덕천동 462
2024-08-13,18:47:49,부과,금곡동 121
2024-08-13,19:25:25,부과,만덕동 903
2024-08-13,19:40:41,부과,구포동 586-5
2024-08-13,19:52:21,부과,만덕동 899
2024-08-13,20:12:44,부과,화명동 1421-1
2024-08-13,20:43:09,부과,구포동 1296
2024-08-13,20:49:07,부과,구포동 1296
2024-08-13,20:58:01,부과,만덕동 899
2024-08-13,21:07:28,부과,덕천동 456
2024-08-13,21:20:00,부과,구포동 413-7
2024-08-13,21:41:39,비부과,덕천동 356-13
2024-08-13,22:33:39,부과,화명동 512
2024-08-13,22:46:00,부과,덕천동 329
2024-08-13,22:57:02,부과,덕천동 327
2024-08-13,23:45:29,비부과,화명동 2257
2024-08-14,00:46:32,부과,구포동 1063-2
2024-08-14,02:49:44,부과,덕천동 460-4
2024-08-14,04:25:47,부과,화명동 2272-3
2024-08-14,06:03:51,비부과,구포동 263-8
2024-08-14,07:02:36,부과,만덕동 962-4
2024-08-14,07:03:45,비부과,만덕동 962-4
2024-08-14,07:31:44,부과,금곡동 1117
2024-08-14,07:43:02,부과,구포동 1283
2024-08-14,08:04:47,부과,구포동 263-8
2024-08-14,08:08:26,부과,화명동 745
2024-08-14,08:31:38,부과,덕천동 462
2024-08-14,09:12:18,부과,화명동 1430
2024-08-14,09:39:24,부과,구포동 1189
2024-08-14,09:42:27,부과,구포동 1124-1
2024-08-14,09:44:09,부과,덕천동 462
2024-08-14,09:44:47,부과,구포동 1190
2024-08-14,09:48:32,부과,덕천동 241-17
2024-08-14,10:25:29,비부과,구포동 1189
2024-08-14,10:35:42,비부과,화명동 1293-5
2024-08-14,11:28:40,부과,덕천동 472
2024-08-14,11:31:13,부과,덕천동 462
2024-08-14,11:42:51,부과,덕천동 462
2024-08-14,11:45:08,부과,화명동 194-2
2024-08-14,11:49:02,부과,덕천동 462
2024-08-14,12:22:22,부과,덕천동 462
2024-08-14,12:49:59,부과,화명동 1219-2
2024-08-14,13:11:16,부과,화명동 2257
2024-08-14,14:23:44,부과,덕천동 462
2024-08-14,14:46:11,부과,덕천동 539-6
2024-08-14,15:16:11,부과,구포동 459-2
2024-08-14,16:48:48,비부과,덕천동 462
2024-08-14,17:10:37,부과,덕천동 472
2024-08-14,17:24:26,부과,구포동 1280
2024-08-14,17:44:34,부과,구포동 1269-1
2024-08-14,18:28:19,부과,금곡동 1881
2024-08-14,18:44:50,부과,덕천동 462
2024-08-14,19:09:25,부과,만덕동 937
2024-08-14,19:30:26,부과,덕천동 462
2024-08-14,19:43:56,비부과,만덕동 250-6
2024-08-14,19:48:38,부과,만덕동 921-10
2024-08-14,19:58:13,부과,덕천동 352-5
2024-08-14,20:01:07,부과,만덕동 922-2
2024-08-14,20:03:11,부과,만덕동 955-3
2024-08-14,20:17:28,부과,덕천동 462
2024-08-14,20:38:24,부과,덕천동 406
2024-08-14,20:39:31,부과,화명동 2257
2024-08-14,20:41:02,부과,덕천동 770
2024-08-14,21:07:51,부과,덕천동 390-1
2024-08-14,21:12:38,비부과,덕천동 389-12
2024-08-14,21:24:17,부과,화명동 2313
2024-08-14,21:33:21,비부과,화명동 699-1
2024-08-14,21:35:33,비부과,화명동 732-1
2024-08-14,21:37:40,비부과,화명동 699-1
2024-08-14,21:40:13,비부과,화명동 699-1
2024-08-14,21:41:50,부과,만덕동 598-6
2024-08-14,21:42:30,비부과,화명동 699-1
2024-08-14,21:43:21,비부과,만덕동 598-6
2024-08-14,21:44:25,비부과,화명동 699-1
2024-08-14,21:45:24,부과,만덕동 598-6
2024-08-14,21:46:31,부과,화명동 699-1
2024-08-14,21:48:55,비부과,화명동 699-1
2024-08-14,21:50:55,부과,화명동 699-1
2024-08-14,22:09:27,부과,구포동 897-21
2024-08-14,22:10:45,부과,만덕동 825-20
2024-08-14,23:24:18,부과,구포동 299-1
2024-08-14,23:33:05,비부과,구포동 313
2024-08-15,08:05:26,부과,덕천동 397-1
2024-08-15,08:06:11,비부과,구포동 1296
2024-08-15,08:23:38,부과,덕천동 561-1
2024-08-15,09:17:08,부과,만덕동 945-5
2024-08-15,09:50:35,부과,구포동 1271
2024-08-15,10:30:09,부과,화명동 197
2024-08-15,10:34:19,비부과,화명동 1522-6
2024-08-15,10:39:59,부과,만덕동 628-17
2024-08-15,10:41:41,부과,만덕동 250-2
2024-08-15,10:50:04,부과,화명동 2257
2024-08-15,10:53:23,부과,덕천동 322-24
2024-08-15,10:56:12,부과,덕천동 323-5
2024-08-15,11:02:03,부과,덕천동 462
2024-08-15,11:05:37,부과,화명동 1222-1
2024-08-15,11:05:39,부과,만덕동 937
2024-08-15,11:08:12,부과,덕천동 462
2024-08-15,11:08:34,부과,만덕동 937
2024-08-15,12:11:29,부과,만덕동 960
2024-08-15,12:53:24,부과,만덕동 955-3
2024-08-15,17:18:24,비부과,화명동 2257
2024-08-15,17:26:41,부과,화명동 1470-31
2024-08-15,17:29:08,부과,만덕동 268-1
2024-08-15,17:34:12,부과,만덕동 937
2024-08-15,17:34:34,부과,만덕동 904
2024-08-15,17:35:04,부과,만덕동 903
2024-08-15,17:35:34,부과,만덕동 904
2024-08-15,17:37:14,부과,만덕동 904
2024-08-15,17:41:11,부과,구포동 1215-43
2024-08-15,17:43:27,부과,만덕동 904
2024-08-15,17:44:51,부과,만덕동 870-18
2024-08-15,17:55:11,부과,만덕동 898
2024-08-15,18:09:52,부과,화명동 2280
2024-08-15,18:18:26,부과,화명동 2257
2024-08-15,18:19:07,부과,화명동 2257
2024-08-15,18:44:57,비부과,구포동 1076-2
2024-08-15,18:59:42,부과,만덕동 401-2
2024-08-15,19:02:31,부과,만덕동 898
2024-08-15,20:28:08,부과,덕천동 462
2024-08-15,20:36:45,부과,구포동 1172-52
2024-08-15,20:37:09,부과,구포동 1174-2
2024-08-15,20:37:28,부과,구포동 920-13
2024-08-15,20:40:50,부과,구포동 920-13
2024-08-15,20:45:05,부과,만덕동 904
2024-08-15,21:22:03,부과,덕천동 402-8
2024-08-15,21:23:47,부과,덕천동 462
2024-08-15,21:53:57,비부과,덕천동 329
2024-08-15,22:05:00,부과,덕천동 322-18
2024-08-15,22:07:13,부과,만덕동 598-6
2024-08-15,22:25:36,부과,구포동 1060-260
2024-08-15,23:01:37,부과,만덕동 933
2024-08-16,03:14:37,비부과,화명동 2257
2024-08-16,08:57:15,부과,금곡동 1117
2024-08-16,08:58:34,부과,금곡동 1117
2024-08-16,08:59:58,비부과,금곡동 1117
2024-08-16,10:09:16,부과,구포동 1095-2
2024-08-16,10:33:45,부과,덕천동 316-40
2024-08-16,10:35:21,부과,덕천동 316-40
2024-08-16,10:48:36,부과,구포동 1060-93
2024-08-16,11:11:52,부과,구포동 932-5
2024-08-16,11:35:20,부과,만덕동 903
2024-08-16,11:48:41,부과,만덕동 251-2
2024-08-16,12:18:52,부과,금곡동 681-1
2024-08-16,12:29:58,부과,구포동 1233-14
2024-08-16,12:44:42,부과,만덕동 792
2024-08-16,12:55:07,부과,만덕동 792
2024-08-16,13:01:03,비부과,화명동 1430
2024-08-16,13:01:52,부과,화명동 1430
2024-08-16,13:04:00,부과,화명동 1410-7
2024-08-16,13:04:26,부과,화명동 1430
2024-08-16,13:09:52,부과,만덕동 903
2024-08-16,13:10:24,부과,만덕동 903
2024-08-16,13:10:56,부과,만덕동 904
2024-08-16,13:11:26,부과,만덕동 904
2024-08-16,13:11:54,부과,만덕동 904
2024-08-16,13:12:26,부과,만덕동 904
2024-08-16,13:12:54,부과,만덕동 904
2024-08-16,14:01:49,부과,만덕동 944-6
2024-08-16,14:03:45,부과,만덕동 944-6
2024-08-16,14:28:07,부과,구포동 1283
2024-08-16,14:36:31,부과,만덕동 950
2024-08-16,15:10:34,비부과,금곡동 64-4
2024-08-16,15:13:03,부과,덕천동 462
2024-08-16,15:21:25,부과,화명동 2257
2024-08-16,15:25:00,비부과,화명동 962-2
2024-08-16,16:18:10,부과,구포동 779-3
2024-08-16,16:33:40,부과,만덕동 959
2024-08-16,16:43:35,비부과,화명동 1430
2024-08-16,16:50:57,부과,만덕동 904
2024-08-16,17:10:14,부과,덕천동 462
2024-08-16,17:16:14,부과,만덕동 903
2024-08-16,17:19:10,부과,만덕동 903
2024-08-16,17:20:17,부과,구포동 1087-1
2024-08-16,17:36:55,부과,만덕동 904
2024-08-16,17:57:50,비부과,화명동 2159
2024-08-16,17:59:54,비부과,화명동 2159
2024-08-16,18:01:44,비부과,화명동 892
2024-08-16,18:03:46,비부과,화명동 2159
2024-08-16,18:05:53,부과,구포동 1124-13
2024-08-16,18:21:57,부과,만덕동 783-54
2024-08-16,18:24:37,부과,덕천동 462
2024-08-16,18:28:57,부과,만덕동 905
2024-08-16,18:34:55,부과,만덕동 928
2024-08-16,18:37:44,비부과,만덕동 904
2024-08-16,18:38:17,부과,만덕동 950
2024-08-16,18:38:17,부과,만덕동 950
2024-08-16,18:38:51,부과,만덕동 904
2024-08-16,18:39:16,부과,만덕동 937
2024-08-16,18:54:00,비부과,만덕동 904
2024-08-16,18:59:11,부과,만덕동 911-2
2024-08-16,18:59:24,부과,만덕동 935
2024-08-16,18:59:45,비부과,만덕동 935
2024-08-16,19:06:38,부과,구포동 1186-29
2024-08-16,19:40:38,부과,만덕동 903
2024-08-16,19:47:46,부과,만덕동 935
2024-08-16,19:49:04,부과,구포동 1189
2024-08-16,19:50:11,부과,만덕동 935
2024-08-16,19:53:32,부과,만덕동 935
2024-08-16,19:54:28,비부과,만덕동 935
2024-08-16,19:57:21,비부과,만덕동 935
2024-08-16,20:16:51,부과,만덕동 905
2024-08-16,20:21:33,비부과,덕천동 390-1
2024-08-16,20:23:01,부과,덕천동 462
2024-08-16,20:26:44,부과,구포동 1213-1
2024-08-16,20:52:31,부과,만덕동 935
2024-08-16,20:54:06,부과,만덕동 916-6
2024-08-16,20:56:36,부과,만덕동 935
2024-08-16,20:57:10,부과,만덕동 916-4
2024-08-16,20:58:36,부과,만덕동 916-1
2024-08-16,21:00:59,부과,만덕동 935
2024-08-16,21:01:30,부과,만덕동 935
2024-08-16,21:01:30,부과,만덕동 935
2024-08-16,21:05:34,부과,덕천동 460-2
2024-08-16,21:13:55,부과,만덕동 106-1
2024-08-16,21:16:21,부과,구포동 1060-316
2024-08-16,21:18:33,부과,만덕동 918-12
2024-08-16,21:20:37,부과,만덕동 918-13
2024-08-16,21:40:19,부과,만덕동 904
2024-08-16,21:46:13,비부과,덕천동 462
2024-08-16,21:49:04,비부과,덕천동 462
2024-08-16,22:02:06,부과,만덕동 598-6
2024-08-16,22:13:16,부과,만덕동 935
2024-08-16,22:13:18,비부과,구포동 897-21
2024-08-16,22:22:40,부과,덕천동 462
2024-08-16,22:37:21,부과,만덕동 904
2024-08-16,22:45:05,부과,구포동 1176-5
2024-08-17,00:10:15,부과,만덕동 937
2024-08-17,00:15:09,비부과,만덕동 905
2024-08-17,01:34:40,부과,만덕동 935
2024-08-17,06:32:31,부과,화명동 1718-13
2024-08-17,06:35:33,부과,금곡동 1117
2024-08-17,06:49:56,부과,구포동 1153
2024-08-17,08:02:07,부과,구포동 1087-10
2024-08-17,08:02:17,부과,구포동 1237-18
2024-08-17,08:08:32,비부과,구포동 1282
2024-08-17,08:20:45,부과,구포동 391-2
2024-08-17,08:22:11,부과,구포동 459-2
2024-08-17,08:54:53,비부과,화명동 732-2
2024-08-17,09:05:53,부과,구포동 299-2
2024-08-17,09:25:25,부과,구포동 1060-349
2024-08-17,09:34:33,부과,덕천동 316-40
2024-08-17,09:37:00,부과,구포동 1269-1
2024-08-17,10:08:49,부과,화명동 745
2024-08-17,10:09:36,부과,화명동 745
2024-08-17,11:08:44,부과,화명동 2257
2024-08-17,11:37:01,부과,화명동 2257
2024-08-17,11:37:22,부과,화명동 2257
2024-08-17,11:39:52,부과,만덕동 903
2024-08-17,11:40:19,부과,만덕동 850
2024-08-17,12:01:57,비부과,금곡동 1895
2024-08-17,12:05:37,비부과,금곡동 1881
2024-08-17,12:08:17,비부과,금곡동 1895
2024-08-17,12:14:48,부과,덕천동 462
2024-08-17,12:24:15,부과,금곡동 1117
2024-08-17,12:35:08,비부과,화명동 2257
2024-08-17,12:39:55,비부과,화명동 2257
2024-08-17,13:10:20,부과,화명동 2257
2024-08-17,13:13:06,부과,만덕동 847-4
2024-08-17,13:13:59,부과,만덕동 904
2024-08-17,13:14:36,부과,만덕동 903
2024-08-17,13:15:10,부과,만덕동 903
2024-08-17,13:15:53,부과,만덕동 904
2024-08-17,13:16:37,부과,만덕동 903
2024-08-17,13:18:29,부과,만덕동 903
2024-08-17,13:19:27,부과,만덕동 903
2024-08-17,13:20:35,부과,만덕동 904
2024-08-17,13:21:37,부과,만덕동 904
2024-08-17,13:22:34,비부과,만덕동 904
2024-08-17,13:23:32,부과,만덕동 869-4
2024-08-17,13:24:38,부과,만덕동 904
2024-08-17,13:25:22,부과,만덕동 904
2024-08-17,13:26:20,부과,만덕동 903
2024-08-17,13:26:54,부과,만덕동 903
2024-08-17,13:27:29,부과,만덕동 903
2024-08-17,13:28:15,부과,만덕동 903
2024-08-17,13:29:16,부과,만덕동 904
2024-08-17,13:29:57,부과,만덕동 904
2024-08-17,13:31:18,비부과,만덕동 904
2024-08-17,13:32:37,부과,만덕동 904
2024-08-17,13:33:52,부과,만덕동 869-4
2024-08-17,13:48:00,부과,화명동 944-3
2024-08-17,13:50:47,부과,구포동 1124-13
2024-08-17,13:56:14,부과,화명동 2257
2024-08-17,14:18:14,부과,만덕동 605-11
2024-08-17,14:23:49,부과,만덕동 136
2024-08-17,14:28:56,비부과,구포동 896-42
2024-08-17,14:41:04,부과,화명동 2280
2024-08-17,14:45:37,부과,화명동 2257
2024-08-17,15:02:19,부과,만덕동 598-6
2024-08-17,15:12:55,부과,구포동 1060-471
2024-08-17,15:32:55,부과,구포동 1060-512
2024-08-17,15:48:49,부과,금곡동 123
2024-08-17,16:06:44,부과,화명동 2257
2024-08-17,17:01:51,부과,금곡동 1117
2024-08-17,17:20:27,부과,구포동 1060-260
2024-08-17,17:24:18,부과,만덕동 937
2024-08-17,17:30:20,부과,구포동 897-21
2024-08-17,17:31:39,비부과,화명동 2272-4
2024-08-17,17:31:40,부과,화명동 2272-4
2024-08-17,17:34:28,부과,화명동 2272-4
2024-08-17,17:34:51,부과,화명동 2272-4
2024-08-17,17:35:29,부과,만덕동 산 195-2
2024-08-17,17:35:41,부과,화명동 2272-4
2024-08-17,17:36:43,비부과,덕천동 416-4
2024-08-17,17:37:07,비부과,덕천동 416-4
2024-08-17,17:44:08,부과,만덕동 898
2024-08-17,17:47:17,비부과,구포동 1095-2
2024-08-17,17:57:45,부과,덕천동 462
2024-08-17,18:08:44,부과,구포동 1189
2024-08-17,18:26:03,부과,화명동 2257
2024-08-17,18:32:52,비부과,덕천동 380-29
2024-08-17,18:38:47,부과,만덕동 901
2024-08-17,18:40:45,부과,덕천동 350-2
2024-08-17,18:57:55,부과,화명동 2257
2024-08-17,19:04:32,비부과,덕천동 402-12
2024-08-17,19:05:15,비부과,화명동 2274-1
2024-08-17,19:40:26,부과,덕천동 462
2024-08-17,19:48:32,비부과,덕천동 462
2024-08-17,19:54:42,부과,덕천동 462
2024-08-17,19:56:34,부과,덕천동 462
2024-08-17,20:09:22,비부과,덕천동 471
2024-08-17,20:46:14,부과,구포동 1207-9
2024-08-17,21:23:55,부과,만덕동 607-1
2024-08-17,23:40:53,부과,만덕동 935
2024-08-17,23:42:33,부과,화명동 2257
2024-08-18,04:39:57,부과,구포동 923-76
2024-08-18,04:43:25,부과,구포동 1229-18
2024-08-18,04:46:46,부과,구포동 1280
2024-08-18,08:24:51,부과,구포동 297-21
2024-08-18,08:26:40,부과,구포동 295-12
2024-08-18,08:33:33,부과,구포동 1160
2024-08-18,08:34:06,부과,화명동 745
2024-08-18,08:34:34,부과,화명동 1293-4
2024-08-18,08:35:19,비부과,화명동 745
2024-08-18,08:36:00,비부과,화명동 745
2024-08-18,09:11:53,부과,만덕동 903
2024-08-18,09:12:15,부과,만덕동 869
2024-08-18,09:40:29,부과,구포동 612-15
2024-08-18,09:42:48,부과,구포동 1060-39
2024-08-18,09:44:25,부과,구포동 1060-433
2024-08-18,09:53:19,부과,구포동 401-1
2024-08-18,09:59:01,부과,구포동 1166-41
2024-08-18,10:23:33,부과,구포동 461-1
2024-08-18,10:25:28,부과,구포동 387-3
2024-08-18,10:27:17,부과,구포동 387-3
2024-08-18,10:59:35,부과,만덕동 904
2024-08-18,10:59:54,부과,만덕동 904
2024-08-18,11:00:17,부과,만덕동 904
2024-08-18,11:05:15,비부과,만덕동 607-1
2024-08-18,11:13:17,부과,만덕동 904
2024-08-18,11:29:09,비부과,구포동 482-3
2024-08-18,12:14:49,비부과,화명동 2283
2024-08-18,12:17:03,부과,화명동 2257
2024-08-18,12:19:16,부과,화명동 2257
2024-08-18,12:35:40,부과,금곡동 116-1
2024-08-18,12:38:51,부과,화명동 699-1
2024-08-18,12:58:59,부과,만덕동 898
2024-08-18,12:59:32,부과,만덕동 903
2024-08-18,13:00:09,부과,만덕동 904
2024-08-18,13:00:43,부과,만덕동 904
2024-08-18,13:14:56,부과,만덕동 904
2024-08-18,13:15:26,부과,만덕동 869-3
2024-08-18,13:16:21,비부과,만덕동 904
2024-08-18,13:17:16,부과,만덕동 904
2024-08-18,13:17:57,비부과,만덕동 904
2024-08-18,13:18:25,부과,만덕동 904
2024-08-18,13:18:55,부과,만덕동 904
2024-08-18,13:19:21,부과,만덕동 903
2024-08-18,13:19:49,부과,만덕동 903
2024-08-18,13:22:43,부과,만덕동 903
2024-08-18,13:24:32,부과,만덕동 903
2024-08-18,13:28:31,부과,화명동 2257
2024-08-18,14:04:08,부과,구포동 469
2024-08-18,14:07:13,부과,만덕동 937
2024-08-18,14:09:24,부과,만덕동 937
2024-08-18,14:11:03,부과,만덕동 937
2024-08-18,14:15:02,비부과,구포동 1124-13
2024-08-18,14:15:09,부과,화명동 2290
2024-08-18,14:25:47,부과,만덕동 903
2024-08-18,14:26:25,부과,만덕동 904
2024-08-18,14:27:02,부과,만덕동 904
2024-08-18,14:28:01,부과,만덕동 904
2024-08-18,15:08:00,부과,구포동 1280
2024-08-18,15:11:06,부과,구포동 1279
2024-08-18,15:17:35,비부과,구포동 734-12
2024-08-18,15:25:22,부과,만덕동 898
2024-08-18,15:36:11,부과,금곡동 73-1
2024-08-18,16:07:33,부과,구포동 1278
2024-08-18,16:09:38,부과,덕천동 241-31
2024-08-18,16:10:11,부과,구포동 1278
2024-08-18,16:21:38,비부과,덕천동 462
2024-08-18,17:28:44,부과,화명동 2257
2024-08-18,17:28:54,부과,화명동 2257
2024-08-18,17:29:47,부과,화명동 2257
2024-08-18,17:31:39,부과,화명동 2257
2024-08-18,17:46:01,부과,화명동 2257
2024-08-18,17:46:47,부과,화명동 2257
2024-08-18,17:52:25,부과,만덕동 115
2024-08-18,17:54:46,부과,만덕동 898
2024-08-18,18:24:28,부과,만덕동 899
2024-08-18,18:47:13,부과,구포동 1060-471
2024-08-18,19:08:47,부과,금곡동 108
2024-08-18,19:09:03,부과,만덕동 628-19
2024-08-18,19:12:08,부과,금곡동 108
2024-08-18,19:22:11,비부과,화명동 2274-4
2024-08-18,20:42:56,부과,만덕동 904
2024-08-18,20:43:07,부과,금곡동 73-1
2024-08-18,21:05:25,부과,만덕동 904
2024-08-18,21:37:00,부과,덕천동 472
2024-08-18,22:04:34,부과,구포동 1060-188
2024-08-18,23:17:02,부과,화명동 2257
2024-08-18,23:17:58,부과,화명동 2257
2024-08-18,23:18:42,부과,화명동 2257
2024-08-18,23:24:31,비부과,화명동 512
2024-08-18,23:28:26,부과,금곡동 1117
2024-08-18,23:32:49,부과,금곡동 1117
2024-08-19,09:04:51,부과,화명동 2274-4
2024-08-19,09:09:05,비부과,구포동 395-3
2024-08-19,09:11:12,부과,덕천동 316-40
2024-08-19,09:12:54,부과,덕천동 316-40
2024-08-19,09:53:48,부과,구포동 366
2024-08-19,11:01:23,부과,구포동 372-2
2024-08-19,11:26:26,부과,구포동 459-2
2024-08-19,11:33:47,비부과,덕천동 328
2024-08-19,12:09:07,부과,화명동 699-1
2024-08-19,15:15:21,부과,구포동 1271
2024-08-19,15:18:52,부과,구포동 300
2024-08-19,15:45:34,부과,만덕동 927-1
2024-08-19,16:56:35,비부과,화명동 2272-4
2024-08-19,17:19:40,부과,만덕동 904
2024-08-19,17:20:14,부과,만덕동 903
2024-08-19,17:37:45,부과,만덕동 613-21
2024-08-19,17:48:09,부과,만덕동 268-1
2024-08-19,18:26:00,부과,만덕동 903
2024-08-19,18:40:01,부과,구포동 1236-1
2024-08-19,18:45:14,부과,구포동 313
2024-08-19,19:16:28,부과,화명동 1219-2
2024-08-19,19:25:58,부과,만덕동 903
2024-08-19,19:50:10,부과,구포동 1060-497
2024-08-19,20:10:27,부과,만덕동 904
2024-08-19,20:11:04,부과,만덕동 903
2024-08-19,20:18:52,부과,구포동 1212-1
2024-08-19,20:41:59,부과,구포동 986
2024-08-19,20:45:39,비부과,금곡동 1425
2024-08-19,21:16:49,비부과,덕천동 351-4
2024-08-19,21:53:05,부과,만덕동 251-2
2024-08-19,21:58:45,부과,만덕동 629-10
2024-08-19,22:05:48,부과,구포동 389-2
2024-08-19,22:22:27,부과,덕천동 473-4
2024-08-19,22:28:33,부과,덕천동 456
2024-08-19,22:32:49,부과,덕천동 472-6
2024-08-19,22:44:49,부과,금곡동 1117
2024-08-19,23:44:58,부과,구포동 986-10
2024-08-20,03:48:23,부과,만덕동 898
2024-08-20,03:49:08,부과,만덕동 898
2024-08-20,03:49:59,부과,만덕동 904
2024-08-20,03:50:59,부과,만덕동 903
2024-08-20,03:52:04,부과,만덕동 903
2024-08-20,06:38:17,부과,덕천동 471
2024-08-20,06:38:24,부과,덕천동 329
2024-08-20,07:00:26,부과,구포동 1240-78
2024-08-20,08:53:16,부과,화명동 2257
2024-08-20,09:04:51,비부과,구포동 1282
2024-08-20,09:25:34,부과,만덕동 937
2024-08-20,09:33:27,비부과,화명동 2257
2024-08-20,09:35:12,부과,구포동 1300
2024-08-20,09:51:07,부과,만덕동 937
2024-08-20,09:53:32,부과,만덕동 937
2024-08-20,10:04:19,부과,만덕동 937
2024-08-20,10:13:58,부과,만덕동 937
2024-08-20,10:50:46,부과,만덕동 937
2024-08-20,11:11:58,부과,만덕동 937
2024-08-20,11:18:35,부과,화명동 2257
2024-08-20,11:21:05,비부과,만덕동 937
2024-08-20,11:23:09,부과,만덕동 937
2024-08-20,11:25:41,부과,덕천동 327
2024-08-20,11:51:15,부과,구포동 261-1
2024-08-20,11:51:38,부과,구포동 261-1
2024-08-20,11:59:58,비부과,만덕동 937
2024-08-20,12:03:03,부과,만덕동 937
2024-08-20,12:24:56,부과,구포동 1154-1
2024-08-20,12:50:31,부과,화명동 953
2024-08-20,13:08:38,비부과,만덕동 937
2024-08-20,13:08:39,부과,화명동 2257
2024-08-20,13:10:47,부과,화명동 2313
2024-08-20,13:14:47,부과,덕천동 241-12
2024-08-20,13:25:43,부과,구포동 1189
2024-08-20,13:31:05,부과,만덕동 937
2024-08-20,13:34:39,비부과,구포동 1095-2
2024-08-20,13:46:52,비부과,구포동 1139
2024-08-20,13:48:00,부과,만덕동 937
2024-08-20,13:50:17,부과,구포동 1095-2
2024-08-20,14:01:31,비부과,구포동 1139
2024-08-20,14:05:25,부과,구포동 1095-2
2024-08-20,14:05:39,부과,만덕동 937
2024-08-20,14:18:29,부과,구포동 1189
2024-08-20,14:25:32,부과,만덕동 904
2024-08-20,14:25:40,부과,만덕동 937
2024-08-20,14:30:43,부과,덕천동 462
2024-08-20,14:36:17,부과,덕천동 811
2024-08-20,14:38:44,부과,만덕동 937
2024-08-20,14:59:59,부과,구포동 1137
2024-08-20,15:03:54,부과,구포동 1189
2024-08-20,15:14:30,비부과,구포동 1095-2
2024-08-20,15:30:06,부과,만덕동 937
2024-08-20,15:41:39,부과,만덕동 937
2024-08-20,15:57:29,부과,만덕동 937
2024-08-20,16:12:47,부과,만덕동 937
2024-08-20,16:33:37,비부과,화명동 2272-4
2024-08-20,16:55:41,부과,구포동 451-1
2024-08-20,17:38:00,비부과,구포동 625-1
2024-08-20,17:49:00,부과,화명동 2257
2024-08-20,17:54:58,부과,덕천동 241-22
2024-08-20,18:00:56,부과,화명동 2257
2024-08-20,18:06:56,부과,화명동 699-1
2024-08-20,18:11:55,비부과,화명동 699-1
2024-08-20,19:00:35,비부과,화명동 2300-1
2024-08-20,19:53:33,부과,화명동 192
2024-08-20,20:43:45,부과,구포동 1060-451
2024-08-20,20:45:38,부과,구포동 1060-454
2024-08-20,20:47:07,부과,구포동 1060-316
2024-08-20,22:17:09,부과,구포동 451-6
2024-08-21,08:01:15,부과,덕천동 561-1
2024-08-21,08:03:18,부과,덕천동 561-1
2024-08-21,08:04:23,비부과,덕천동 803
2024-08-21,08:26:32,비부과,덕천동 241-12
2024-08-21,08:45:25,비부과,덕천동 317-16
2024-08-21,09:16:54,부과,만덕동 937
2024-08-21,09:29:09,부과,만덕동 937
2024-08-21,10:49:16,부과,만덕동 937
2024-08-21,11:03:50,부과,만덕동 950
2024-08-21,11:12:11,부과,만덕동 904
2024-08-21,11:58:03,부과,만덕동 903
2024-08-21,12:15:09,비부과,덕천동 400-9
2024-08-21,12:19:50,부과,화명동 2257
2024-08-21,12:43:43,부과,화명동 1219-2
2024-08-21,12:56:22,부과,구포동 1189
2024-08-21,13:36:30,부과,화명동 2306
2024-08-21,13:49:52,부과,구포동 1095-2
2024-08-21,13:52:18,부과,화명동 2280
2024-08-21,14:09:33,부과,구포동 461-1
2024-08-21,14:09:45,부과,구포동 1189
2024-08-21,14:13:32,부과,구포동 362-5
2024-08-21,14:19:24,비부과,만덕동 935
2024-08-21,14:20:40,부과,만덕동 783-54
2024-08-21,14:52:57,부과,구포동 1124-13
2024-08-21,15:02:20,부과,화명동 1222-2
2024-08-21,15:03:17,비부과,구포동 1141-120
2024-08-21,15:08:41,비부과,화명동 192
2024-08-21,15:38:31,부과,만덕동 950
2024-08-21,15:41:27,부과,만덕동 950
2024-08-21,15:44:50,부과,덕천동 462
2024-08-21,16:14:52,부과,만덕동 906-1
2024-08-21,16:17:56,부과,구포동 1124-13
2024-08-21,16:19:50,부과,만덕동 950
2024-08-21,17:20:57,부과,금곡동 102-3
2024-08-21,17:36:43,부과,구포동 1296-6
2024-08-21,17:41:05,부과,구포동 1269-1
2024-08-21,17:43:07,부과,만덕동 937
2024-08-21,17:59:57,비부과,덕천동 355-4
2024-08-21,18:30:04,부과,구포동 1124-13
2024-08-21,18:44:23,부과,덕천동 462
2024-08-21,19:02:56,비부과,만덕동 950
2024-08-21,19:15:36,부과,화명동 189
2024-08-21,19:33:03,부과,화명동 745
2024-08-21,19:35:49,부과,구포동 1271
2024-08-21,19:51:10,비부과,만덕동 848-1
2024-08-21,19:54:25,부과,만덕동 848-1
2024-08-21,20:03:25,부과,화명동 2257
2024-08-21,20:18:44,부과,만덕동 904
2024-08-21,21:38:12,부과,만덕동 941-2
2024-08-21,22:00:50,부과,구포동 1189
2024-08-21,22:17:26,부과,덕천동 456-1
2024-08-21,22:52:18,부과,덕천동 328
2024-08-21,23:14:49,부과,만덕동 904
2024-08-22,00:54:54,부과,덕천동 397-1
2024-08-22,01:25:47,부과,덕천동 814-10
2024-08-22,01:28:12,부과,만덕동 941-2
2024-08-22,01:29:58,부과,만덕동 941-2
2024-08-22,01:31:34,부과,만덕동 941-2
2024-08-22,01:34:38,부과,만덕동 235-1
2024-08-22,03:12:55,부과,만덕동 911-3
2024-08-22,05:53:57,비부과,화명동 2257
2024-08-22,06:37:04,부과,덕천동 327
2024-08-22,08:10:00,부과,덕천동 561-1
2024-08-22,09:18:18,비부과,구포동 1285
2024-08-22,09:20:42,부과,덕천동 327
2024-08-22,09:23:57,부과,금곡동 1891-3
2024-08-22,09:57:30,부과,구포동 1157-1
2024-08-22,11:19:25,부과,화명동 2257
2024-08-22,11:36:05,비부과,구포동 1139
2024-08-22,11:47:01,비부과,구포동 896-42
2024-08-22,12:08:56,부과,만덕동 950
2024-08-22,12:38:36,비부과,구포동 1172-51
2024-08-22,13:05:07,부과,화명동 2257
2024-08-22,13:34:33,부과,구포동 1095-2
2024-08-22,13:43:13,비부과,구포동 1139
2024-08-22,13:46:29,부과,구포동 1139
2024-08-22,13:52:24,부과,사상구 감전동 165-10
2024-08-22,13:52:30,부과,구포동 1189
2024-08-22,13:53:16,비부과,구포동 1139
2024-08-22,13:53:16,비부과,구포동 1139
2024-08-22,14:22:53,비부과,구포동 1296
2024-08-22,14:24:12,부과,화명동 745
2024-08-22,14:53:27,부과,구포동 1189
2024-08-22,15:05:00,부과,덕천동 462
2024-08-22,15:26:54,부과,만덕동 950
2024-08-22,15:26:54,부과,만덕동 950
2024-08-22,16:00:41,부과,구포동 1189
2024-08-22,16:01:25,부과,구포동 1124-13
2024-08-22,16:01:47,부과,만덕동 950
2024-08-22,16:19:27,부과,만덕동 957
2024-08-22,16:45:46,부과,만덕동 950
2024-08-22,16:47:36,부과,덕천동 360-5
2024-08-22,16:56:34,부과,화명동 2257
2024-08-22,16:56:38,부과,구포동 366
2024-08-22,17:07:46,비부과,만덕동 950
2024-08-22,17:30:24,부과,구포동 1189
2024-08-22,17:50:32,비부과,구포동 1284
2024-08-22,17:59:32,비부과,구포동 918-5
2024-08-22,18:23:41,부과,구포동 1091-5
2024-08-22,18:28:30,부과,구포동 461-1
2024-08-22,18:30:19,부과,구포동 461-1
2024-08-22,18:43:18,부과,덕천동 462
2024-08-22,18:46:42,부과,만덕동 898
2024-08-22,18:47:17,부과,구포동 451-4
2024-08-22,18:58:12,부과,덕천동 561-1
2024-08-22,19:22:25,부과,화명동 2021-2
2024-08-22,19:25:13,부과,구포동 986
2024-08-22,20:11:26,부과,구포동 1213-38
2024-08-22,20:34:02,부과,덕천동 462
2024-08-22,20:59:48,부과,만덕동 904
2024-08-22,21:13:40,비부과,금곡동 1117
2024-08-22,21:17:48,부과,덕천동 467-2
2024-08-22,21:39:12,부과,만덕동 898
2024-08-22,21:59:37,부과,만덕동 959-6
2024-08-22,22:59:36,부과,화명동 186
2024-08-22,22:59:58,부과,화명동 186
2024-08-23,00:05:29,부과,만덕동 937
2024-08-23,08:53:06,부과,덕천동 462
2024-08-23,08:59:51,부과,금곡동 1117
2024-08-23,09:01:31,부과,금곡동 1117
2024-08-23,09:15:54,부과,덕천동 387-8
2024-08-23,11:20:09,부과,만덕동 825-20
2024-08-23,11:20:09,부과,만덕동 825-20
2024-08-23,12:42:39,부과,화명동 745
2024-08-23,13:20:51,비부과,구포동 768-1
2024-08-23,14:37:14,부과,만덕동 922-2
2024-08-23,14:41:44,부과,만덕동 922-2
2024-08-23,14:49:45,부과,만덕동 904
2024-08-23,15:00:27,부과,만덕동 904
2024-08-23,15:00:59,부과,만덕동 904
2024-08-23,15:02:13,부과,만덕동 904
2024-08-23,15:03:00,부과,만덕동 904
2024-08-23,15:28:19,부과,화명동 2257
2024-08-23,15:47:08,비부과,만덕동 904
2024-08-23,15:47:37,부과,만덕동 899
2024-08-23,15:54:39,부과,구포동 957-10
2024-08-23,17:02:54,부과,금곡동 681-1
2024-08-23,17:32:47,부과,구포동 1160
2024-08-23,17:33:02,부과,만덕동 904
2024-08-23,17:37:39,부과,만덕동 950
2024-08-23,18:02:07,부과,화명동 745
2024-08-23,18:04:05,부과,화명동 745
2024-08-23,18:26:27,부과,덕천동 472
2024-08-23,19:06:24,비부과,만덕동 950
2024-08-23,19:34:09,비부과,
2024-08-23,19:42:11,부과,만덕동 935
2024-08-23,20:24:01,부과,덕천동 351-10
2024-08-23,20:29:03,부과,만덕동 904
2024-08-23,20:34:20,부과,덕천동 355-4
2024-08-23,20:36:49,비부과,화명동 2257
2024-08-23,20:38:43,부과,화명동 2251
2024-08-23,20:40:08,부과,만덕동 903
2024-08-23,20:44:07,부과,만덕동 903
2024-08-23,20:44:43,부과,만덕동 903
2024-08-23,20:46:45,부과,만덕동 904
2024-08-23,20:48:06,부과,만덕동 904
2024-08-23,20:55:45,부과,만덕동 903
2024-08-23,20:56:25,부과,만덕동 903
2024-08-23,20:59:41,부과,만덕동 903
2024-08-23,21:10:10,부과,만덕동 899
2024-08-23,21:13:31,부과,만덕동 904
2024-08-23,21:14:58,비부과,만덕동 845-6
2024-08-23,21:26:45,비부과,금곡동 1117
2024-08-23,21:28:06,비부과,만덕동 898
2024-08-23,21:28:37,부과,만덕동 904
2024-08-23,21:29:16,부과,만덕동 903
2024-08-23,21:44:31,부과,만덕동 903
2024-08-23,22:00:12,비부과,만덕동 598-6
2024-08-23,22:01:59,부과,만덕동 598-6
2024-08-23,22:01:59,부과,만덕동 598-6
2024-08-23,22:03:34,부과,만덕동 830-9
2024-08-23,22:03:57,비부과,덕천동 349-40
2024-08-23,22:08:06,부과,만덕동 901
2024-08-23,22:08:48,부과,만덕동 847-4
2024-08-23,22:10:44,부과,만덕동 903
2024-08-23,22:24:16,비부과,만덕동 904
2024-08-23,22:24:49,비부과,만덕동 903
2024-08-23,22:48:31,부과,만덕동 725-10
2024-08-23,23:07:16,부과,만덕동 935
2024-08-24,06:12:07,부과,화명동 1718-3
2024-08-24,06:20:15,부과,구포동 897-21
2024-08-24,07:25:16,비부과,만덕동 898
2024-08-24,07:45:59,부과,구포동 1296
2024-08-24,08:28:38,비부과,덕천동 472
2024-08-24,09:13:45,부과,구포동 1189
2024-08-24,09:14:58,부과,구포동 1189
2024-08-24,09:15:43,비부과,구포동 1186-29
2024-08-24,09:20:56,부과,구포동 1189
2024-08-24,09:22:43,부과,구포동 1184-12
2024-08-24,09:23:11,부과,구포동 1124-1
2024-08-24,09:36:22,부과,화명동 1718-3
2024-08-24,09:47:28,비부과,만덕동 251-3
2024-08-24,10:09:42,부과,구포동 1186-29
2024-08-24,10:11:32,부과,구포동 1184-9
2024-08-24,10:11:49,부과,구포동 1189
2024-08-24,10:12:08,부과,구포동 1186-29
2024-08-24,10:12:27,부과,만덕동 825-20
2024-08-24,10:13:19,비부과,만덕동 830-11
2024-08-24,10:18:53,부과,만덕동 830-11
2024-08-24,10:48:34,비부과,만덕동 927-1
2024-08-24,11:17:15,부과,금곡동 681-1
2024-08-24,11:22:05,부과,구포동 1186-25
2024-08-24,11:37:18,부과,화명동 2257
2024-08-24,12:09:42,부과,구포동 1189
2024-08-24,12:19:45,부과,화명동 1383-4
2024-08-24,12:56:21,부과,덕천동 462
2024-08-24,12:59:53,부과,구포동 1124-13
2024-08-24,13:20:41,부과,구포동 1124-1
2024-08-24,13:23:52,부과,금곡동 116
2024-08-24,13:28:04,부과,구포동 1290
2024-08-24,13:42:48,비부과,덕천동 327
2024-08-24,13:49:09,부과,금곡동 97-1
2024-08-24,13:53:07,부과,화명동 2278-3
2024-08-24,13:54:13,부과,화명동 2278-3
2024-08-24,13:54:50,부과,화명동 2278-3
2024-08-24,13:58:10,부과,만덕동 904
2024-08-24,13:58:59,부과,만덕동 903
2024-08-24,14:00:48,부과,만덕동 903
2024-08-24,14:01:34,부과,만덕동 903
2024-08-24,14:02:16,부과,만덕동 903
2024-08-24,14:02:58,부과,만덕동 904
2024-08-24,14:03:41,부과,만덕동 903
2024-08-24,14:04:26,부과,만덕동 904
2024-08-24,14:05:13,부과,만덕동 904
2024-08-24,14:05:56,부과,만덕동 904
2024-08-24,14:11:01,부과,구포동 1141-112
2024-08-24,14:16:11,부과,만덕동 903
2024-08-24,14:16:43,부과,만덕동 903
2024-08-24,14:17:48,부과,만덕동 904
2024-08-24,14:22:42,부과,구포동 1137
2024-08-24,14:25:28,부과,구포동 1124-13
2024-08-24,14:33:14,비부과,구포동 1189
2024-08-24,14:38:13,부과,구포동 1186-1
2024-08-24,14:52:19,부과,화명동 2155
2024-08-24,15:01:42,부과,화명동 2155
2024-08-24,15:04:27,부과,금곡동 1338-9
2024-08-24,15:09:38,비부과,화명동 2155
2024-08-24,16:29:38,부과,구포동 1186-1
2024-08-24,16:38:17,부과,만덕동 290-10
2024-08-24,16:45:53,부과,구포동 313
2024-08-24,16:49:01,비부과,구포동 1153
2024-08-24,16:50:17,부과,화명동 1170-1
2024-08-24,16:56:01,부과,만덕동 934
2024-08-24,17:36:05,부과,화명동 2257
2024-08-24,17:39:07,부과,덕천동 462
2024-08-24,18:13:19,부과,구포동 250-2
2024-08-24,18:17:13,부과,구포동 461-1
2024-08-24,18:39:29,부과,만덕동 904
2024-08-24,19:00:31,비부과,덕천동 401-4
2024-08-24,19:02:46,부과,만덕동 759-25
2024-08-24,19:04:25,부과,만덕동 759-25
2024-08-24,19:06:23,부과,만덕동 759-25
2024-08-24,19:09:04,비부과,만덕동 759-25
2024-08-24,19:12:47,부과,만덕동 759-25
2024-08-24,19:15:11,비부과,만덕동 759-25
2024-08-24,20:15:47,부과,구포동 1269-1
2024-08-24,20:19:48,비부과,구포동 1269-1
2024-08-24,20:58:17,부과,구포동 801-11
2024-08-24,20:59:11,부과,화명동 2257
2024-08-24,20:59:20,부과,구포동 1207-9
2024-08-24,21:01:39,비부과,구포동 1271
2024-08-24,21:08:34,부과,구포동 1060-316
2024-08-24,21:31:41,부과,구포동 452
2024-08-24,21:37:14,부과,화명동 2257
2024-08-24,21:38:27,부과,화명동 2257
2024-08-24,21:38:53,부과,화명동 2257
2024-08-24,22:49:13,부과,구포동 1280
2024-08-24,22:54:37,비부과,구포동 1280
2024-08-24,22:59:09,비부과,구포동 1282
2024-08-24,23:02:03,부과,덕천동 307-1
2024-08-24,23:05:41,부과,구포동 1280
2024-08-24,23:12:06,비부과,구포동 848-43
2024-08-24,23:17:33,비부과,화명동 2257
2024-08-24,23:18:16,부과,구포동 1282
2024-08-24,23:34:26,비부과,구포동 1282
2024-08-24,23:38:23,부과,구포동 1280
2024-08-24,23:41:18,부과,만덕동 251-2
2024-08-24,23:45:37,부과,만덕동 922-2
2024-08-24,23:47:25,부과,만덕동 922-2
2024-08-25,00:06:56,부과,화명동 741-4
2024-08-25,01:00:58,부과,만덕동 251-2
2024-08-25,02:14:11,부과,화명동 2257
2024-08-25,02:21:29,부과,화명동 2257
2024-08-25,06:51:22,부과,만덕동 898
2024-08-25,06:51:56,비부과,만덕동 898
2024-08-25,07:47:21,부과,구포동 1189
2024-08-25,08:11:05,부과,만덕동 962-2
2024-08-25,08:12:13,비부과,만덕동 962-2
2024-08-25,08:46:42,부과,덕천동 381-3
2024-08-25,09:19:24,부과,구포동 1189
2024-08-25,09:19:44,부과,구포동 1189
2024-08-25,09:28:42,부과,구포동 1189
2024-08-25,09:35:28,부과,만덕동 957-1
2024-08-25,09:53:23,부과,만덕동 115
2024-08-25,09:58:28,부과,구포동 465-1
2024-08-25,10:06:44,부과,만덕동 903
2024-08-25,10:26:33,부과,구포동 1247-10
2024-08-25,10:33:45,부과,구포동 1189
2024-08-25,10:52:19,비부과,구포동 1186-25
2024-08-25,10:59:50,비부과,화명동 2257
2024-08-25,11:09:15,부과,화명동 1458-9
2024-08-25,11:25:27,부과,구포동 1189
2024-08-25,11:26:03,부과,구포동 1189
2024-08-25,11:34:02,부과,구포동 1124-13
2024-08-25,11:37:01,부과,만덕동 844-13
2024-08-25,11:38:54,부과,만덕동 950
2024-08-25,11:51:04,부과,만덕동 904
2024-08-25,11:51:28,부과,만덕동 904
2024-08-25,11:51:50,부과,만덕동 904
2024-08-25,11:52:11,부과,만덕동 904
2024-08-25,11:52:36,부과,만덕동 904
2024-08-25,11:53:06,부과,만덕동 904
2024-08-25,12:23:25,부과,구포동 731-6
2024-08-25,12:57:53,부과,만덕동 302-1
2024-08-25,14:27:34,부과,만덕동 845-1
2024-08-25,15:10:42,비부과,화명동 2322
2024-08-25,15:14:03,비부과,만덕동 904
2024-08-25,15:14:31,부과,만덕동 904
2024-08-25,15:15:03,부과,만덕동 847-4
2024-08-25,15:15:29,부과,만덕동 903
2024-08-25,15:16:07,부과,만덕동 904
2024-08-25,15:16:35,부과,만덕동 903
2024-08-25,15:16:58,부과,만덕동 901
2024-08-25,15:17:22,부과,만덕동 850-20
2024-08-25,15:17:45,부과,만덕동 850-20
2024-08-25,15:21:18,부과,만덕동 850-19
2024-08-25,15:21:49,부과,만덕동 903
2024-08-25,15:26:18,부과,만덕동 903
2024-08-25,16:54:48,부과,만덕동 935
2024-08-25,16:55:19,부과,만덕동 935
2024-08-25,16:55:40,부과,만덕동 935
2024-08-25,16:56:09,부과,만덕동 935
2024-08-25,17:12:45,부과,덕천동 472
2024-08-25,17:13:08,비부과,화명동 2257
2024-08-25,17:33:23,부과,구포동 548-1
2024-08-25,17:58:21,부과,덕천동 389-12
2024-08-25,18:00:21,부과,덕천동 389-12
2024-08-25,18:09:47,부과,만덕동 904
2024-08-25,18:22:40,비부과,구포동 1067-19
2024-08-25,18:22:56,비부과,구포동 1067-17
2024-08-25,18:24:40,부과,구포동 1172
2024-08-25,18:29:41,부과,만덕동 268-1
2024-08-25,18:40:05,부과,만덕동 904
2024-08-25,18:40:13,부과,만덕동 959-6
2024-08-25,19:21:51,비부과,구포동 1141-234
2024-08-25,19:23:56,부과,구포동 700-11
2024-08-25,19:26:00,부과,구포동 1141-112
2024-08-25,19:38:46,부과,구포동 1141-112
2024-08-25,19:44:50,부과,만덕동 937
2024-08-25,19:49:07,부과,구포동 1060-188
2024-08-25,20:04:32,부과,만덕동 903
2024-08-25,20:05:11,부과,만덕동 903
2024-08-25,20:06:44,부과,만덕동 904
2024-08-25,21:28:45,부과,만덕동 607-1
2024-08-25,22:22:02,부과,구포동 947-17
2024-08-25,22:34:39,부과,덕천동 381-3
2024-08-25,22:36:15,부과,덕천동 462
2024-08-26,04:22:44,부과,화명동 2257
2024-08-26,07:14:01,부과,만덕동 898
2024-08-26,07:33:59,부과,구포동 1283
2024-08-26,08:14:41,부과,덕천동 561-1
2024-08-26,08:27:32,비부과,구포동 1229-14
2024-08-26,09:02:29,부과,만덕동 950
2024-08-26,09:10:19,부과,덕천동 241-12
2024-08-26,09:11:49,부과,구포동 1189
2024-08-26,09:14:50,부과,덕천동 241-12
2024-08-26,09:21:50,부과,덕천동 327
2024-08-26,10:06:15,비부과,덕천동 456
2024-08-26,11:01:31,부과,구포동 362-6
2024-08-26,11:25:33,부과,구포동 1189
2024-08-26,11:37:57,부과,만덕동 905-8
2024-08-26,12:03:26,비부과,만덕동 824-22
2024-08-26,12:05:49,부과,구포동 1189
2024-08-26,12:06:17,부과,구포동 1189
2024-08-26,12:06:34,부과,구포동 1189
2024-08-26,14:54:06,비부과,덕천동 241-43
2024-08-26,14:54:26,부과,금곡동 1881
2024-08-26,15:14:29,부과,금곡동 56-1
2024-08-26,15:15:14,부과,화명동 1388-8
2024-08-26,15:16:31,부과,금곡동 683-7
2024-08-26,15:17:35,부과,만덕동 377-4
2024-08-26,15:18:44,부과,금곡동 683-7
2024-08-26,15:25:13,부과,덕천동 328
2024-08-26,15:54:39,비부과,덕천동 328
2024-08-26,16:07:43,비부과,만덕동 935
2024-08-26,16:21:46,부과,덕천동 462
2024-08-26,16:29:47,비부과,만덕동 912-8
2024-08-26,17:07:03,부과,만덕동 950
2024-08-26,17:27:16,비부과,화명동 1470-11
2024-08-26,17:43:44,부과,만덕동 598-6
2024-08-26,18:31:05,부과,만덕동 757-11
2024-08-26,19:20:16,부과,만덕동 955
2024-08-26,19:43:55,부과,화명동 2257
2024-08-26,19:45:53,비부과,만덕동 302-5
2024-08-26,20:40:13,부과,덕천동 462
2024-08-26,21:24:28,비부과,화명동 2257
2024-08-26,21:35:01,부과,화명동 2276-1
2024-08-26,22:06:19,부과,구포동 1153
2024-08-26,22:09:51,부과,구포동 1285
2024-08-26,22:31:44,부과,구포동 1060-309
2024-08-27,02:19:17,부과,화명동 2257
2024-08-27,04:33:43,부과,화명동 1430
2024-08-27,05:09:34,부과,만덕동 898
2024-08-27,05:45:25,부과,만덕동 957-2
2024-08-27,06:20:08,부과,만덕동 898
2024-08-27,06:42:14,부과,만덕동 898
2024-08-27,07:08:43,비부과,만덕동 962-4
2024-08-27,07:44:01,비부과,만덕동 955-5
2024-08-27,08:07:25,부과,만덕동 899
2024-08-27,08:12:40,부과,덕천동 462
2024-08-27,08:13:34,부과,구포동 1189
2024-08-27,08:57:35,부과,구포동 1189
2024-08-27,09:03:35,부과,구포동 1189
2024-08-27,09:06:49,비부과,구포동 1189
2024-08-27,09:52:29,부과,구포동 1189
2024-08-27,09:55:24,부과,화명동 2271-4
2024-08-27,10:07:33,비부과,구포동 1189
2024-08-27,10:10:48,부과,만덕동 287-2
2024-08-27,10:12:44,비부과,구포동 1261-59
2024-08-27,10:19:18,비부과,구포동 1189
2024-08-27,10:19:53,부과,구포동 1189
2024-08-27,11:03:38,비부과,덕천동 383-23
2024-08-27,11:04:01,부과,화명동 2155
2024-08-27,11:16:14,비부과,만덕동 911-3
2024-08-27,11:34:08,부과,만덕동 904
2024-08-27,11:44:31,부과,화명동 2155
2024-08-27,11:57:38,부과,구포동 1189
2024-08-27,12:03:16,부과,화명동 1388-8
2024-08-27,12:07:04,부과,구포동 451-4
2024-08-27,12:35:13,비부과,화명동 2257
2024-08-27,12:46:45,부과,만덕동 598-6
2024-08-27,12:48:39,비부과,만덕동 960
2024-08-27,12:51:11,부과,구포동 1124-1
2024-08-27,13:15:02,부과,만덕동 904
2024-08-27,13:39:32,부과,화명동 2257
2024-08-27,13:41:24,비부과,화명동 2257
2024-08-27,14:14:02,비부과,덕천동 381-3
2024-08-27,14:24:49,부과,화명동 1179-14
2024-08-27,14:25:47,부과,화명동 1179-14
2024-08-27,14:25:57,부과,만덕동 287-2
2024-08-27,14:44:17,부과,구포동 1095-2
2024-08-27,15:18:53,부과,구포동 462-2
2024-08-27,15:46:30,비부과,화명동 2257
2024-08-27,16:19:29,부과,만덕동 898
2024-08-27,16:31:27,부과,만덕동 870-13
2024-08-27,16:36:17,부과,만덕동 903
2024-08-27,16:39:41,부과,만덕동 870-17
2024-08-27,16:42:24,부과,만덕동 904
2024-08-27,16:47:44,비부과,구포동 1124-1
2024-08-27,16:49:13,부과,구포동 1049-1
2024-08-27,16:55:43,부과,구포동 1049-8
2024-08-27,16:59:10,부과,화명동 1470-3
2024-08-27,17:02:39,비부과,화명동 1470-10
2024-08-27,17:04:27,비부과,화명동 1469-11
2024-08-27,17:49:45,비부과,화명동 2257
2024-08-27,18:00:21,부과,화명동 1388-8
2024-08-27,18:01:55,부과,만덕동 598-6
2024-08-27,18:17:58,부과,화명동 962-6
2024-08-27,18:20:24,부과,화명동 962-6
2024-08-27,18:24:45,부과,화명동 2159
2024-08-27,18:32:26,비부과,화명동 2257
2024-08-27,18:34:09,부과,화명동 2257
2024-08-27,18:35:40,비부과,화명동 2312
2024-08-27,18:38:08,부과,화명동 2257
2024-08-27,18:53:27,부과,만덕동 937
2024-08-27,19:13:50,비부과,화명동 1219-2
2024-08-27,19:38:51,부과,화명동 2257
2024-08-27,19:39:53,부과,화명동 2257
2024-08-27,20:02:12,비부과,화명동 1431
2024-08-27,20:43:57,부과,금곡동 1117
2024-08-27,21:10:39,부과,만덕동 825-20
2024-08-27,22:01:18,부과,구포동 1060-454
2024-08-27,22:55:37,부과,구포동 1272
2024-08-27,23:14:07,부과,구포동 1060-455
2024-08-28,00:15:50,부과,덕천동 241-31
2024-08-28,05:36:08,부과,구포동 1060-334
2024-08-28,05:43:43,비부과,만덕동 753-6
2024-08-28,06:19:52,부과,만덕동 898
2024-08-28,06:27:28,부과,만덕동 935
2024-08-28,06:28:00,부과,만덕동 898
2024-08-28,06:28:46,부과,만덕동 935
2024-08-28,06:41:50,부과,만덕동 935
2024-08-28,07:10:11,부과,만덕동 962-4
2024-08-28,07:40:23,부과,만덕동 935
2024-08-28,08:24:26,비부과,화명동 1470-10
2024-08-28,08:51:28,부과,구포동 1186-1
2024-08-28,08:55:58,부과,구포동 1189
2024-08-28,09:03:32,부과,덕천동 316-40
2024-08-28,09:41:47,부과,구포동 1189
2024-08-28,09:43:53,부과,구포동 1186-25
2024-08-28,09:56:50,비부과,구포동 1060-21
2024-08-28,10:29:34,부과,만덕동 950
2024-08-28,10:36:12,부과,만덕동 950
2024-08-28,10:37:59,비부과,만덕동 950
2024-08-28,10:38:42,비부과,만덕동 950
2024-08-28,11:12:28,부과,구포동 1184-17
2024-08-28,12:15:18,부과,만덕동 846-4
2024-08-28,12:21:08,부과,만덕동 904
2024-08-28,12:30:30,부과,만덕동 904
2024-08-28,12:30:52,부과,만덕동 904
2024-08-28,12:35:58,부과,화명동 1388-8
2024-08-28,12:55:52,부과,구포동 1172-51
2024-08-28,12:59:37,부과,만덕동 950
2024-08-28,13:05:31,부과,화명동 2257
2024-08-28,13:39:26,비부과,덕천동 462
2024-08-28,13:50:25,부과,구포동 1049-1
2024-08-28,14:05:08,부과,구포동 산 48-422
2024-08-28,14:12:09,부과,화명동 1115
2024-08-28,14:25:34,부과,만덕동 918-13
2024-08-28,14:33:11,부과,구포동 451-6
2024-08-28,14:38:04,부과,화명동 1430
2024-08-28,15:17:26,부과,덕천동 310-1
2024-08-28,15:26:31,부과,구포동 156-11
2024-08-28,15:47:10,부과,덕천동 462
2024-08-28,15:51:59,부과,구포동 1296
2024-08-28,16:08:10,비부과,구포동 1063-1
2024-08-28,16:33:48,부과,화명동 1430
2024-08-28,17:18:49,비부과,화명동 2257
2024-08-28,17:19:20,부과,덕천동 241-22
2024-08-28,17:19:44,비부과,덕천동 241-22
2024-08-28,17:20:29,부과,만덕동 729-1
2024-08-28,17:33:47,부과,화명동 1388-10
2024-08-28,17:35:33,부과,화명동 1388-10
2024-08-28,17:51:33,비부과,화명동 2257
2024-08-28,18:46:07,부과,덕천동 590-8
2024-08-28,19:11:39,부과,덕천동 377-8
2024-08-28,19:12:24,비부과,화명동 2322
2024-08-28,19:55:14,부과,구포동 1121-13
2024-08-28,20:09:10,비부과,덕천동 462
2024-08-28,20:11:12,부과,덕천동 321-42
2024-08-28,20:13:16,비부과,화명동 1426-1
2024-08-28,20:50:44,부과,덕천동 462
2024-08-28,21:03:12,부과,만덕동 903
2024-08-28,21:08:23,부과,만덕동 904
2024-08-28,21:45:16,부과,덕천동 462
2024-08-28,22:12:09,비부과,덕천동 327
2024-08-28,22:37:31,부과,구포동 1268
2024-08-28,22:38:32,부과,화명동 699-1
2024-08-28,22:42:19,비부과,화명동 699-1
2024-08-29,01:24:52,부과,화명동 2277-5
2024-08-29,04:17:46,부과,덕천동 561-1
2024-08-29,04:26:52,부과,구포동 1060-454
2024-08-29,05:38:24,비부과,구포동 1060-251
2024-08-29,07:13:40,부과,만덕동 898
2024-08-29,07:48:37,부과,구포동 1189
2024-08-29,07:49:12,부과,구포동 1239-20
2024-08-29,08:15:00,부과,덕천동 561-1
2024-08-29,08:15:52,비부과,금곡동 1116-2
2024-08-29,09:48:31,부과,덕천동 331-3
2024-08-29,09:52:41,부과,덕천동 472
2024-08-29,09:55:03,부과,화명동 1400
2024-08-29,10:43:21,부과,만덕동 904
2024-08-29,10:50:55,부과,만덕동 598-6
2024-08-29,10:54:38,부과,만덕동 899
2024-08-29,10:58:05,비부과,화명동 1469-5
2024-08-29,10:59:22,부과,화명동 1469-5
2024-08-29,11:02:08,비부과,화명동 1469-5
2024-08-29,11:05:01,부과,화명동 1469-11
2024-08-29,11:27:52,부과,만덕동 287-2
2024-08-29,11:28:21,부과,만덕동 950
2024-08-29,11:34:15,부과,화명동 1293-2
2024-08-29,11:48:34,부과,금곡동 1117
2024-08-29,12:03:48,부과,화명동 1469-5
2024-08-29,12:20:20,비부과,만덕동 824-35
2024-08-29,12:37:43,부과,화명동 2257
2024-08-29,12:38:14,부과,화명동 2257
2024-08-29,13:41:54,부과,만덕동 904
2024-08-29,13:42:42,부과,만덕동 903
2024-08-29,14:36:41,부과,화명동 1469-5
2024-08-29,14:41:21,부과,구포동 462-2
2024-08-29,14:43:26,부과,만덕동 847-4
2024-08-29,14:43:52,부과,만덕동 903
2024-08-29,14:44:07,부과,구포동 1296
2024-08-29,14:44:40,부과,만덕동 904
2024-08-29,14:46:21,부과,구포동 1296
2024-08-29,16:03:29,부과,만덕동 950
2024-08-29,16:04:28,부과,만덕동 950
2024-08-29,16:04:39,부과,만덕동 903
2024-08-29,16:05:44,부과,만덕동 950
2024-08-29,16:07:29,부과,만덕동 950
2024-08-29,16:08:17,부과,만덕동 950
2024-08-29,16:35:21,부과,화명동 2257
2024-08-29,16:51:39,부과,구포동 1186-27
2024-08-29,17:05:20,비부과,만덕동 903
2024-08-29,17:09:08,부과,화명동 1430
2024-08-29,17:27:43,비부과,화명동 2268-1
2024-08-29,17:52:04,부과,구포동 81-4
2024-08-29,18:03:06,부과,만덕동 904
2024-08-29,18:04:13,비부과,덕천동 356-11
2024-08-29,18:05:57,부과,만덕동 904
2024-08-29,18:45:39,부과,덕천동 321-42
2024-08-29,19:34:22,부과,화명동 745
2024-08-29,19:45:19,부과,만덕동 628-16
2024-08-29,19:51:45,비부과,만덕동 906-1
2024-08-29,20:24:44,부과,만덕동 904
2024-08-29,22:05:00,부과,덕천동 456
2024-08-29,22:13:55,부과,덕천동 462
2024-08-30,00:16:04,부과,화명동 2257
2024-08-30,00:16:04,부과,화명동 2257
2024-08-30,03:19:39,비부과,구포동 1060-316
2024-08-30,03:28:19,부과,덕천동 561-2
2024-08-30,06:37:09,부과,만덕동 962-2
2024-08-30,06:59:25,부과,구포동 1284
2024-08-30,07:13:24,부과,만덕동 898
2024-08-30,07:14:41,부과,만덕동 736-24
2024-08-30,07:37:35,부과,화명동 1430
2024-08-30,07:55:16,부과,만덕동 898
2024-08-30,09:14:12,부과,만덕동 904
2024-08-30,09:17:38,부과,구포동 1280
2024-08-30,09:40:42,부과,만덕동 904
2024-08-30,09:42:41,부과,만덕동 903
2024-08-30,09:58:58,부과,금곡동 108
2024-08-30,09:59:19,부과,만덕동 904
2024-08-30,09:59:48,부과,만덕동 904
2024-08-30,10:02:10,비부과,금곡동 55-11
2024-08-30,10:04:20,부과,금곡동 65-2
2024-08-30,10:14:01,부과,만덕동 950
2024-08-30,10:26:35,비부과,만덕동 847-4
2024-08-30,10:27:37,부과,덕천동 312-12
2024-08-30,10:31:23,부과,만덕동 903
2024-08-30,10:33:38,부과,만덕동 842-22
2024-08-30,10:37:43,부과,만덕동 950
2024-08-30,10:37:54,비부과,덕천동 460-2
2024-08-30,10:57:24,부과,만덕동 287-2
2024-08-30,11:00:00,부과,만덕동 287-2
2024-08-30,11:05:47,부과,화명동 1179-14
2024-08-30,11:11:23,비부과,만덕동 904
2024-08-30,11:14:49,부과,만덕동 904
2024-08-30,11:26:25,부과,구포동 1280
2024-08-30,11:44:39,비부과,만덕동 904
2024-08-30,11:51:39,부과,만덕동 903
2024-08-30,11:58:48,부과,만덕동 903
2024-08-30,11:59:23,부과,만덕동 903
2024-08-30,11:59:49,부과,만덕동 904
2024-08-30,12:08:18,부과,구포동 1060-454
2024-08-30,12:13:08,부과,구포동 461-4
2024-08-30,12:35:13,부과,화명동 699-3
2024-08-30,12:38:40,비부과,덕천동 462
2024-08-30,13:08:07,부과,구포동 451-6
2024-08-30,13:26:27,부과,만덕동 903
2024-08-30,13:27:00,부과,만덕동 903
2024-08-30,13:33:57,부과,화명동 1388-8
2024-08-30,13:40:21,부과,덕천동 389-12
2024-08-30,13:42:22,부과,만덕동 903
2024-08-30,13:42:46,부과,만덕동 903
2024-08-30,13:48:47,부과,구포동 1189
2024-08-30,13:49:36,부과,구포동 1189
2024-08-30,14:11:36,부과,만덕동 904
2024-08-30,14:21:29,비부과,효열로 1
2024-08-30,14:26:55,부과,만덕동 901
2024-08-30,14:29:15,부과,만덕동 903
2024-08-30,14:36:05,비부과,화명동 2257
2024-08-30,14:47:11,부과,화명동 2155
2024-08-30,14:50:06,부과,화명동 1388-8
2024-08-30,15:11:18,부과,화명동 1430
2024-08-30,15:37:53,부과,구포동 957-14
2024-08-30,15:39:21,부과,구포동 1189
2024-08-30,16:32:52,비부과,덕천동 401-2
2024-08-30,16:34:26,비부과,덕천동 328
2024-08-30,16:36:20,비부과,덕천동 327
2024-08-30,16:41:10,비부과,화명동 1718-3
2024-08-30,17:36:06,비부과,덕천동 462
2024-08-30,17:36:59,비부과,화명동 2280
2024-08-30,17:44:54,부과,덕천동 462
2024-08-30,18:03:40,부과,덕천동 462
2024-08-30,18:23:12,부과,만덕동 904
2024-08-30,18:46:48,부과,덕천동 462
2024-08-30,18:49:24,부과,만덕동 729-1
2024-08-30,18:51:08,부과,만덕동 904
2024-08-30,19:05:41,부과,구포동 1124-1
2024-08-30,19:37:00,부과,만덕동 904
2024-08-30,20:48:55,부과,화명동 1400
2024-08-30,21:50:07,부과,만덕동 935
2024-08-30,21:55:59,부과,화명동 2257
2024-08-30,22:26:45,부과,화명동 295
2024-08-30,22:38:52,부과,덕천동 462
2024-08-30,22:39:18,부과,만덕동 629-3
2024-08-30,22:45:38,비부과,덕천동 462
2024-08-30,23:18:44,부과,화명동 2274-5
2024-08-30,23:20:43,부과,구포동 1060-469
2024-08-30,23:34:44,부과,구포동 1282
2024-08-30,23:35:42,부과,구포동 1282
2024-08-30,23:36:57,비부과,화명동 2257
2024-08-30,23:40:04,비부과,구포동 1206-12
2024-08-30,23:46:48,부과,구포동 263-10
2024-08-30,23:59:42,부과,만덕동 산 195-26
2024-08-31,01:59:55,부과,만덕동 729-1
2024-08-31,06:02:38,부과,구포동 1060-334
2024-08-31,06:55:35,부과,구포동 1189
2024-08-31,07:02:21,비부과,덕천동 466
2024-08-31,07:06:52,비부과,화명동 745
2024-08-31,07:40:35,부과,덕천동 381-3
2024-08-31,07:57:49,부과,덕천동 471
2024-08-31,09:03:06,비부과,화명동 2257
2024-08-31,09:07:39,부과,덕천동 315-51
2024-08-31,09:08:50,비부과,화명동 2257
2024-08-31,09:49:17,비부과,구포동 1287
2024-08-31,09:51:11,비부과,구포동 1287
2024-08-31,10:16:09,부과,화명동 189
2024-08-31,10:17:57,비부과,화명동 318-1
2024-08-31,10:19:21,부과,만덕동 825-20
2024-08-31,10:32:28,부과,화명동 2257
2024-08-31,10:37:53,부과,덕천동 575
2024-08-31,10:39:40,부과,덕천동 568-10
2024-08-31,10:43:52,비부과,화명동 745
2024-08-31,10:45:25,비부과,화명동 745
2024-08-31,10:56:06,부과,덕천동 474
2024-08-31,12:41:57,비부과,구포동 1172-59
2024-08-31,12:43:14,부과,구포동 1301-3
2024-08-31,12:53:46,부과,구포동 1160
2024-08-31,13:23:12,부과,화명동 2257
2024-08-31,13:38:20,부과,구포동 1124-13
2024-08-31,14:13:06,부과,만덕동 904
2024-08-31,14:50:56,부과,금곡동 1117
2024-08-31,15:06:51,부과,덕천동 401-20
2024-08-31,15:44:21,부과,구포동 1282
2024-08-31,15:53:50,부과,화명동 2155
2024-08-31,17:13:13,부과,금곡동 1881
2024-08-31,17:28:18,부과,구포동 1060-454
2024-08-31,17:29:48,부과,구포동 1060-454
2024-08-31,17:31:21,비부과,구포동 1060-455
2024-08-31,17:54:02,부과,구포동 783-28
2024-08-31,19:11:52,부과,덕천동 471
2024-08-31,19:41:16,부과,만덕동 904
2024-08-31,20:09:56,부과,구포동 918-5
2024-08-31,20:46:25,비부과,덕천동 329
2024-08-31,21:16:34,부과,화명동 2257
2024-08-31,22:00:10,부과,만덕동 642-110
2024-08-31,22:07:15,부과,만덕동 911-3
2024-08-31,22:23:25,부과,만덕동 904
2024-08-31,22:23:57,부과,만덕동 903
2024-08-31,22:24:39,부과,만덕동 904
2024-08-31,22:26:12,부과,만덕동 899
2024-08-31,22:26:56,부과,만덕동 874-9
2024-08-31,22:29:28,부과,만덕동 899
2024-08-31,22:33:21,부과,만덕동 898
2024-08-31,22:47:23,비부과,구포동 1060-260
2024-08-31,22:50:41,비부과,화명동 1528-5
2024-08-31,23:17:56,부과,구포동 1283
2024-08-31,23:18:35,부과,구포동 1283
2024-09-01,01:15:05,부과,구포동 381-7
2024-09-01,04:43:01,부과,만덕동 759-25
2024-09-01,07:22:32,부과,만덕동 115
2024-09-01,07:47:07,부과,만덕동 962-4
2024-09-01,09:13:59,부과,화명동 1161-1
2024-09-01,09:16:22,비부과,화명동 1161-1
2024-09-01,09:31:07,부과,구포동 411-3
2024-09-01,09:36:41,부과,금곡동 102-3
2024-09-01,09:44:26,비부과,구포동 596-13
2024-09-01,09:47:47,부과,구포동 1288
2024-09-01,11:10:04,부과,만덕동 904
2024-09-01,11:22:29,부과,화명동 194-2
2024-09-01,11:23:55,비부과,화명동 194-2
2024-09-01,11:35:23,부과,덕천동 416-22
2024-09-01,11:39:55,비부과,화명동 740-3
2024-09-01,11:50:31,부과,덕천동 401-20
2024-09-01,12:02:53,비부과,화명동 193-2
2024-09-01,12:04:05,비부과,화명동 193-2
2024-09-01,13:04:04,부과,만덕동 935
2024-09-01,13:19:15,부과,만덕동 935
2024-09-01,13:20:46,부과,만덕동 904
2024-09-01,13:21:24,부과,만덕동 904
2024-09-01,13:25:09,부과,만덕동 904
2024-09-01,13:26:35,비부과,만덕동 904
2024-09-01,13:27:06,부과,만덕동 904
2024-09-01,13:27:34,부과,만덕동 903
2024-09-01,13:28:09,부과,만덕동 903
2024-09-01,13:29:01,부과,만덕동 903
2024-09-01,13:29:36,부과,만덕동 903
2024-09-01,13:30:12,부과,만덕동 903
2024-09-01,13:30:39,부과,만덕동 903
2024-09-01,13:31:49,부과,만덕동 903
2024-09-01,13:32:48,부과,만덕동 903
2024-09-01,13:32:48,부과,만덕동 903
2024-09-01,13:33:41,부과,만덕동 904
2024-09-01,13:34:28,부과,만덕동 904
2024-09-01,13:34:28,부과,만덕동 904
2024-09-01,13:35:19,부과,만덕동 870-12
2024-09-01,13:35:51,부과,만덕동 903
2024-09-01,13:36:30,부과,만덕동 903
2024-09-01,13:37:07,부과,만덕동 903
2024-09-01,13:37:42,부과,만덕동 904
2024-09-01,13:38:14,부과,만덕동 904
2024-09-01,13:39:50,부과,만덕동 950
2024-09-01,14:24:16,부과,구포동 959-1
2024-09-01,14:53:22,비부과,구포동 1285
2024-09-01,14:59:12,부과,덕천동 389-12
2024-09-01,15:10:29,부과,구포동 625-1
2024-09-01,15:22:35,부과,화명동 1718-3
2024-09-01,15:33:51,부과,금곡동 1874-4
2024-09-01,16:00:35,부과,구포동 584-3
2024-09-01,16:19:49,부과,만덕동 962-3
2024-09-01,16:37:38,부과,덕천동 755
2024-09-01,16:39:48,비부과,덕천동 755
2024-09-01,17:23:40,부과,구포동 1060-334
2024-09-01,17:24:08,부과,구포동 1060-260
2024-09-01,18:05:22,비부과,덕천동 350-2
2024-09-01,18:40:59,부과,화명동 745
2024-09-01,18:44:56,부과,금곡동 123
2024-09-01,19:08:59,부과,덕천동 460-1
2024-09-01,19:09:53,부과,만덕동 935
2024-09-01,19:11:08,부과,만덕동 935
2024-09-01,19:17:41,비부과,만덕동 943-1
2024-09-01,19:17:57,부과,만덕동 903
2024-09-01,19:18:30,부과,만덕동 904
2024-09-01,19:18:55,부과,만덕동 904
2024-09-01,20:03:58,부과,구포동 1060-492
2024-09-01,20:05:33,부과,구포동 1060-453
2024-09-01,20:05:54,부과,만덕동 251-1
2024-09-01,20:16:24,부과,화명동 2273
2024-09-01,20:16:24,부과,화명동 2273
2024-09-01,20:20:48,부과,화명동 2273
2024-09-01,20:20:48,부과,화명동 2273
2024-09-01,20:45:23,부과,구포동 1060-528
2024-09-01,21:07:36,비부과,덕천동 400-8
2024-09-01,21:09:17,부과,만덕동 302-1
2024-09-01,21:19:42,부과,구포동 1060-446
2024-09-01,21:24:05,부과,화명동 2257
2024-09-01,21:47:19,부과,화명동 1430
2024-09-01,21:48:47,부과,화명동 1430
2024-09-01,22:21:43,부과,구포동 263-10
2024-09-01,22:23:58,부과,구포동 263-10
2024-09-01,23:14:42,비부과,화명동 192
2024-09-01,23:52:05,부과,덕천동 474
2024-09-02,03:44:34,비부과,화명동 2341-2
2024-09-02,05:56:00,부과,덕천동 462
2024-09-02,08:16:11,비부과,구포동 1186-27
2024-09-02,08:59:48,부과,구포동 1186-3
2024-09-02,09:03:56,부과,구포동 1186-29
2024-09-02,09:10:06,부과,구포동 1190
2024-09-02,09:10:44,부과,구포동 1190
2024-09-02,09:13:46,부과,구포동 1282
2024-09-02,09:38:14,비부과,만덕동 904
2024-09-02,10:01:33,부과,만덕동 950
2024-09-02,10:01:33,부과,만덕동 950
2024-09-02,10:16:00,부과,덕천동 386-1
2024-09-02,10:19:21,부과,구포동 1189
2024-09-02,10:40:33,비부과,만덕동 904
2024-09-02,10:41:24,부과,만덕동 904
2024-09-02,11:22:06,비부과,구포동 1189
2024-09-02,11:32:21,비부과,만덕동 904
2024-09-02,11:50:19,비부과,구포동 1075-6
2024-09-02,12:05:16,부과,만덕동 949-1
2024-09-02,12:32:56,부과,만덕동 899
2024-09-02,12:35:23,부과,만덕동 950
2024-09-02,12:36:48,부과,화명동 2157-13
2024-09-02,12:39:57,비부과,만덕동 950
2024-09-02,12:43:42,부과,구포동 1124-13
2024-09-02,12:45:02,부과,구포동 1124-1
2024-09-02,12:45:16,부과,만덕동 950
2024-09-02,13:10:09,비부과,화명동 2257
2024-09-02,15:04:06,부과,덕천동 374-3
2024-09-02,15:06:00,비부과,금곡동 108
2024-09-02,15:38:43,비부과,구포동 416-2
2024-09-02,15:53:23,부과,만덕동 783-54
2024-09-02,15:56:02,부과,화명동 1293-2
2024-09-02,18:17:42,부과,금곡동 1117
2024-09-02,18:27:01,비부과,화명동 2257
2024-09-02,18:32:06,부과,구포동 1226-2
2024-09-02,18:43:54,부과,화명동 2257
2024-09-02,18:53:57,부과,화명동 2257
2024-09-02,19:11:01,부과,구포동 1273
2024-09-02,19:12:28,부과,덕천동 462
2024-09-02,19:26:58,부과,덕천동 462
2024-09-02,19:35:28,비부과,만덕동 598-6
2024-09-02,19:51:31,비부과,덕천동 462
2024-09-02,19:57:04,부과,구포동 295-1
2024-09-02,20:06:47,부과,구포동 457-3
2024-09-02,20:15:19,부과,구포동 1271
2024-09-02,20:21:32,부과,덕천동 462
2024-09-02,20:38:41,부과,덕천동 462
2024-09-02,22:43:29,비부과,구포동 1202-27
2024-09-02,23:25:25,비부과,덕천동 464-21
2024-09-03,00:11:46,비부과,화명동 2257
2024-09-03,05:09:17,부과,화명동 2257
2024-09-03,06:37:02,부과,만덕동 935
2024-09-03,06:39:13,비부과,만덕동 935
2024-09-03,06:58:59,부과,구포동 1247-10
2024-09-03,08:19:15,부과,구포동 1060-455
2024-09-03,09:03:09,부과,구포동 1189
2024-09-03,09:32:38,부과,화명동 941-1
2024-09-03,10:00:21,부과,만덕동 268-1
2024-09-03,10:25:01,비부과,만덕동 824-35
2024-09-03,11:13:15,비부과,만덕동 849-4
2024-09-03,11:28:03,부과,구포동 620-6
2024-09-03,11:40:33,부과,만덕동 598-6
2024-09-03,11:47:37,부과,만덕동 950
2024-09-03,11:47:37,부과,만덕동 950
2024-09-03,12:20:50,부과,구포동 462-2
2024-09-03,12:22:38,부과,구포동 387-3
2024-09-03,13:48:54,부과,덕천동 399-14
2024-09-03,14:04:59,부과,구포동 1279
2024-09-03,17:04:52,비부과,금곡동 116
2024-09-03,18:13:49,부과,만덕동 937
2024-09-03,18:26:04,부과,화명동 741-4
2024-09-03,19:45:38,부과,덕천동 462
2024-09-03,19:52:54,부과,구포동 1268
2024-09-03,19:56:02,부과,덕천동 561-1
2024-09-03,20:03:22,부과,만덕동 904
2024-09-03,20:26:25,부과,만덕동 898
2024-09-03,20:45:48,부과,구포동 1060-260
2024-09-03,20:47:34,부과,구포동 1060-455
2024-09-03,21:40:57,부과,구포동 300
2024-09-03,21:54:00,비부과,만덕동 598-6
2024-09-03,22:05:10,부과,구포동 1060-260
2024-09-03,22:06:59,비부과,구포동 1060-384
2024-09-04,03:15:52,부과,화명동 2324
2024-09-04,06:19:57,부과,만덕동 898
2024-09-04,06:22:39,비부과,구포동 1060-188
2024-09-04,07:39:41,비부과,화명동 732
2024-09-04,07:44:47,부과,구포동 247-1
2024-09-04,08:14:50,부과,만덕동 743-2
2024-09-04,09:03:13,부과,구포동 1189
2024-09-04,09:48:16,부과,화명동 1400
2024-09-04,10:03:00,비부과,화명동 1458-9
2024-09-04,10:05:47,부과,만덕동 324-3
2024-09-04,10:12:33,비부과,화명동 1458-9
2024-09-04,11:20:19,부과,만덕동 949-2
2024-09-04,11:20:19,부과,만덕동 949-2
2024-09-04,11:29:27,비부과,구포동 1227-22
2024-09-04,11:31:36,부과,구포동 1154-20
2024-09-04,11:32:01,부과,화명동 2257
2024-09-04,11:44:29,부과,구포동 148
2024-09-04,11:52:28,부과,만덕동 903
2024-09-04,12:15:22,비부과,덕천동 462
2024-09-04,12:17:27,부과,덕천동 462
2024-09-04,12:38:15,부과,화명동 1293-3
2024-09-04,12:52:05,부과,만덕동 844-6
2024-09-04,13:08:43,부과,구포동 1271
2024-09-04,13:12:22,부과,구포동 1271
2024-09-04,13:13:46,부과,화명동 2257
2024-09-04,13:19:28,부과,구포동 1124-13
2024-09-04,13:19:57,부과,구포동 1190
2024-09-04,13:20:12,부과,구포동 1184-6
2024-09-04,14:01:54,부과,구포동 1124-1
2024-09-04,14:26:43,비부과,구포동 1277
2024-09-04,14:34:21,비부과,만덕동 324-3
2024-09-04,14:56:02,부과,구포동 1189
2024-09-04,15:19:38,부과,구포동 897-21
2024-09-04,15:26:04,부과,덕천동 462
2024-09-04,15:35:28,부과,만덕동 898
2024-09-04,16:10:09,부과,화명동 2257
2024-09-04,16:42:00,비부과,화명동 2257
2024-09-04,16:52:59,부과,만덕동 937
2024-09-04,17:09:25,부과,화명동 2257
2024-09-04,17:35:27,부과,화명동 1458-9
2024-09-04,18:26:46,비부과,구포동 1235-5
2024-09-04,19:31:08,부과,덕천동 462
2024-09-04,19:47:30,부과,화명동 2257
2024-09-04,20:10:26,부과,만덕동 904
2024-09-04,20:10:50,부과,만덕동 904
2024-09-04,20:11:10,부과,만덕동 904
2024-09-04,20:49:40,부과,화명동 2341-1
2024-09-04,21:06:25,부과,만덕동 955-5
2024-09-04,22:32:10,비부과,구포동 1278
2024-09-04,22:43:20,부과,구포동 1063-11
2024-09-04,22:45:10,비부과,구포동 1060-260
2024-09-05,00:43:00,부과,덕천동 328
2024-09-05,01:44:35,부과,만덕동 937
2024-09-05,03:17:46,비부과,덕천동 561-1
2024-09-05,05:06:41,부과,만덕동 898
2024-09-05,05:07:14,부과,만덕동 898
2024-09-05,06:15:48,비부과,구포동 1060-334
2024-09-05,06:36:32,비부과,만덕동 898
2024-09-05,06:58:43,부과,구포동 1243-9
2024-09-05,08:23:46,비부과,화명동 1430
2024-09-05,08:24:28,부과,덕천동 462
2024-09-05,08:46:11,부과,덕천동 462
2024-09-05,09:56:37,부과,구포동 1189
2024-09-05,10:34:45,부과,만덕동 950
2024-09-05,10:35:24,부과,만덕동 950
2024-09-05,10:36:51,부과,만덕동 950
2024-09-05,11:22:14,부과,구포동 459-2
2024-09-05,11:24:04,부과,구포동 462-2
2024-09-05,11:29:04,부과,만덕동 950
2024-09-05,11:29:04,부과,만덕동 950
2024-09-05,12:00:37,비부과,만덕동 824-22
2024-09-05,12:22:10,부과,구포동 1189
2024-09-05,12:52:53,부과,금곡동 681-1
2024-09-05,13:05:19,비부과,덕천동 406
2024-09-05,13:05:58,부과,구포동 1124-13
2024-09-05,13:22:14,부과,화명동 1179-14
2024-09-05,13:22:38,부과,덕천동 462
2024-09-05,13:31:09,부과,화명동 1179-14
2024-09-05,13:57:38,부과,구포동 557-3
2024-09-05,15:42:38,부과,화명동 752
2024-09-05,15:59:10,부과,구포동 1124-13
2024-09-05,15:59:27,부과,구포동 1124-13
2024-09-05,16:23:23,부과,만덕동 955-5
2024-09-05,16:52:32,부과,화명동 2257
2024-09-05,17:02:35,부과,화명동 1996
2024-09-05,17:04:35,부과,구포동 1049-21
2024-09-05,17:05:53,부과,화명동 2257
2024-09-05,18:46:35,부과,만덕동 937
2024-09-05,18:48:12,비부과,만덕동 268-1
2024-09-05,18:49:45,비부과,만덕동 268-1
2024-09-05,19:03:10,부과,금곡동 123
2024-09-05,19:13:45,부과,구포동 1060-455
2024-09-05,19:15:29,비부과,구포동 1060-260
2024-09-05,19:43:06,비부과,덕천동 406
2024-09-05,19:47:04,비부과,덕천동 305-17
2024-09-05,20:58:33,비부과,덕천동 473-4
2024-09-05,21:08:34,부과,덕천동 462
2024-09-05,21:46:08,부과,화명동 2257
2024-09-06,06:15:48,비부과,덕천동 462
2024-09-06,08:30:20,부과,덕천동 462
2024-09-06,09:00:41,부과,만덕동 950
2024-09-06,09:06:42,부과,구포동 1067-8
2024-09-06,09:09:57,부과,만덕동 904
2024-09-06,09:10:34,부과,만덕동 898
2024-09-06,09:18:04,부과,덕천동 460-2
2024-09-06,09:21:26,부과,구포동 1124-1
2024-09-06,09:23:57,부과,덕천동 327
2024-09-06,09:48:01,부과,화명동 1469-1
2024-09-06,09:50:16,부과,만덕동 729-1
2024-09-06,09:50:50,부과,덕천동 396-13
2024-09-06,09:55:16,부과,덕천동 310-1
2024-09-06,10:08:09,비부과,구포동 1189
2024-09-06,10:14:33,부과,구포동 1189
2024-09-06,10:16:25,부과,화명동 1388-8
2024-09-06,10:23:20,부과,화명동 1388-10
2024-09-06,10:27:44,부과,만덕동 904
2024-09-06,10:44:30,부과,만덕동 904
2024-09-06,10:45:05,부과,만덕동 904
2024-09-06,10:47:28,부과,만덕동 904
2024-09-06,11:10:41,부과,만덕동 848-1
2024-09-06,11:29:21,부과,만덕동 950
2024-09-06,11:38:36,부과,구포동 1189
2024-09-06,11:39:13,부과,화명동 2257
2024-09-06,11:39:15,부과,화명동 2257
2024-09-06,11:57:29,부과,화명동 1388-8
2024-09-06,12:07:29,비부과,만덕동 903
2024-09-06,12:12:11,부과,덕천동 462
2024-09-06,12:17:40,부과,구포동 1237-18
2024-09-06,12:19:48,비부과,화명동 2257
2024-09-06,12:21:26,부과,화명동 2314-3
2024-09-06,12:51:34,비부과,화명동 2155
2024-09-06,12:53:29,부과,화명동 1469-5
2024-09-06,12:55:23,부과,구포동 1124-13
2024-09-06,13:12:04,부과,만덕동 903
2024-09-06,13:12:25,부과,만덕동 903
2024-09-06,13:12:49,부과,만덕동 846-6
2024-09-06,13:12:56,부과,만덕동 904
2024-09-06,13:13:12,부과,덕천동 472
2024-09-06,13:25:46,부과,만덕동 903
2024-09-06,13:26:11,부과,만덕동 903
2024-09-06,14:16:37,부과,화명동 2257
2024-09-06,14:23:10,부과,덕천동 472
2024-09-06,15:25:12,부과,덕천동 462
2024-09-06,15:29:24,부과,덕천동 359-1
2024-09-06,15:31:32,부과,구포동 1049-8
2024-09-06,15:38:00,부과,구포동 1049-8
2024-09-06,16:01:18,부과,구포동 1124-13
2024-09-06,16:20:31,부과,만덕동 903
2024-09-06,16:32:50,비부과,화명동 699-1
2024-09-06,16:39:45,부과,덕천동 327
2024-09-06,17:03:16,비부과,만덕동 598-6
2024-09-06,17:10:27,비부과,만덕동 927-1
2024-09-06,17:37:04,비부과,덕천동 462
2024-09-06,18:04:00,비부과,금곡동 812-6
2024-09-06,18:13:27,비부과,구포동 783-14
2024-09-06,18:23:36,부과,덕천동 472
2024-09-06,19:07:30,부과,만덕동 736-25
2024-09-06,19:15:23,비부과,만덕동 849-5
2024-09-06,19:53:56,부과,만덕동 904
2024-09-06,19:54:22,부과,만덕동 904
2024-09-06,20:16:48,부과,덕천동 466
2024-09-06,20:28:18,부과,만덕동 963
2024-09-06,20:33:21,비부과,덕천동 336-1
2024-09-06,21:14:47,비부과,화명동 1528-2
2024-09-06,21:16:02,부과,구포동 1060-260
2024-09-06,21:22:34,비부과,화명동 1528-5
2024-09-06,21:23:39,부과,화명동 1528-2
2024-09-06,21:24:33,부과,화명동 1528-5
2024-09-06,21:55:12,비부과,만덕동 829-9
2024-09-07,05:19:05,부과,구포동 1060-390
2024-09-07,06:20:47,부과,구포동 1281
2024-09-07,06:21:04,부과,구포동 1281
2024-09-07,07:45:47,부과,만덕동 955
2024-09-07,07:53:45,부과,화명동 2257
2024-09-07,07:55:13,부과,화명동 2274-4
2024-09-07,07:55:49,비부과,화명동 2257
2024-09-07,08:17:10,부과,금곡동 1881
2024-09-07,08:57:47,부과,덕천동 322-24
2024-09-07,08:59:50,부과,덕천동 315-12
2024-09-07,09:52:16,비부과,만덕동 878
2024-09-07,09:53:45,부과,덕천동 472
2024-09-07,09:56:04,부과,덕천동 472
2024-09-07,10:13:27,부과,구포동 609-9
2024-09-07,10:15:09,부과,구포동 1166-20
2024-09-07,10:43:30,부과,구포동 1060-67
2024-09-07,10:45:37,부과,구포동 387-3
2024-09-07,10:53:27,부과,만덕동 904
2024-09-07,11:28:43,부과,만덕동 898
2024-09-07,11:29:03,부과,만덕동 63-4
2024-09-07,11:29:32,부과,만덕동 898
2024-09-07,11:32:16,부과,만덕동 903
2024-09-07,12:00:25,부과,화명동 699-1
2024-09-07,12:33:31,비부과,구포동 1213-20
2024-09-07,12:46:59,부과,화명동 2257
2024-09-07,13:13:39,비부과,화명동 745
2024-09-07,13:35:45,부과,화명동 198
2024-09-07,13:36:53,비부과,구포동 307
2024-09-07,13:38:55,비부과,구포동 1154-24
2024-09-07,13:40:10,부과,화명동 1430
2024-09-07,13:41:29,부과,구포동 395-3
2024-09-07,13:44:08,부과,구포동 406-5
2024-09-07,13:44:29,부과,구포동 1139
2024-09-07,15:36:40,비부과,덕천동 402-23
2024-09-07,15:37:01,비부과,덕천동 462
2024-09-07,15:45:19,비부과,덕천동 462
2024-09-07,15:48:16,비부과,덕천동 462
2024-09-07,15:53:24,비부과,덕천동 462
2024-09-07,15:55:25,비부과,화명동 1409-5
2024-09-07,15:58:17,부과,만덕동 904
2024-09-07,16:23:53,부과,만덕동 845-3
2024-09-07,16:28:33,부과,구포동 1290
2024-09-07,16:46:29,부과,구포동 1230-3
2024-09-07,16:58:30,부과,덕천동 401-20
2024-09-07,17:09:02,부과,구포동 1095-2
2024-09-07,17:22:23,부과,구포동 1060-455
2024-09-07,18:00:50,부과,만덕동 904
2024-09-07,18:04:17,부과,만덕동 844-13
2024-09-07,18:05:23,부과,만덕동 903
2024-09-07,18:06:10,부과,만덕동 903
2024-09-07,18:08:18,부과,만덕동 903
2024-09-07,18:09:35,부과,만덕동 904
2024-09-07,18:13:45,부과,화명동 699-3
2024-09-07,18:14:24,부과,만덕동 904
2024-09-07,18:16:14,부과,만덕동 904
2024-09-07,18:19:36,부과,만덕동 899
2024-09-07,18:20:13,부과,만덕동 904
2024-09-07,18:20:52,부과,만덕동 904
2024-09-07,18:22:01,부과,만덕동 903
2024-09-07,18:22:31,부과,만덕동 904
2024-09-07,18:23:29,부과,만덕동 904
2024-09-07,18:24:44,부과,만덕동 903
2024-09-07,18:24:44,부과,만덕동 903
2024-09-07,19:02:11,부과,화명동 2257
2024-09-07,19:16:03,부과,덕천동 557-1
2024-09-07,19:17:45,부과,덕천동 757-4
2024-09-07,19:20:03,부과,덕천동 557
2024-09-07,19:40:05,부과,화명동 1388-8
2024-09-07,19:43:29,비부과,금곡동 1895
2024-09-07,20:01:52,비부과,만덕동 783-14
2024-09-07,20:23:19,부과,만덕동 904
2024-09-07,21:00:05,부과,만덕동 963
2024-09-07,21:44:55,부과,화명동 2257
2024-09-07,21:47:58,비부과,화명동 2276-5
2024-09-07,23:26:05,비부과,구포동 735
2024-09-07,23:28:44,비부과,구포동 690-42
2024-09-07,23:28:44,비부과,구포동 690-42
2024-09-08,00:03:09,부과,구포동 1172
2024-09-08,04:09:16,부과,덕천동 462
2024-09-08,04:12:00,부과,덕천동 462
2024-09-08,04:12:16,비부과,덕천동 414-1
2024-09-08,05:42:05,부과,화명동 2257
2024-09-08,07:43:59,부과,구포동 297-11
2024-09-08,07:46:30,부과,구포동 1296
2024-09-08,08:31:44,부과,화명동 186
2024-09-08,09:20:35,부과,구포동 655-1
2024-09-08,09:22:05,부과,구포동 655-1
2024-09-08,09:45:50,부과,구포동 387-3
2024-09-08,09:48:49,부과,구포동 602-41
2024-09-08,10:02:04,비부과,구포동 156-11
2024-09-08,10:02:07,비부과,구포동 596-13
2024-09-08,10:48:02,부과,화명동 741-4
2024-09-08,10:51:11,비부과,화명동 2257
2024-09-08,10:52:46,부과,화명동 1229
2024-09-08,10:56:44,비부과,화명동 1130-9
2024-09-08,11:14:58,부과,만덕동 904
2024-09-08,11:14:58,부과,만덕동 904
2024-09-08,11:15:25,부과,만덕동 904
2024-09-08,11:15:50,부과,만덕동 903
2024-09-08,11:17:04,부과,만덕동 903
2024-09-08,11:17:56,부과,만덕동 904
2024-09-08,11:18:42,부과,만덕동 903
2024-09-08,11:20:34,부과,만덕동 903
2024-09-08,11:21:35,부과,만덕동 846-1
2024-09-08,11:22:22,부과,만덕동 904
2024-09-08,11:24:50,비부과,덕천동 462
2024-09-08,11:27:59,부과,덕천동 416-22
2024-09-08,11:54:41,부과,구포동 1091-5
2024-09-08,12:07:02,부과,구포동 1278
2024-09-08,12:23:09,부과,구포동 1060-471
2024-09-08,13:01:44,부과,구포동 584-11
2024-09-08,13:02:47,부과,만덕동 904
2024-09-08,13:03:59,부과,만덕동 903
2024-09-08,13:04:27,부과,만덕동 903
2024-09-08,13:05:10,부과,만덕동 903
2024-09-08,13:05:34,부과,만덕동 903
2024-09-08,13:50:49,부과,만덕동 904
2024-09-08,13:51:12,부과,만덕동 903
2024-09-08,14:27:47,부과,덕천동 462
2024-09-08,14:43:41,부과,구포동 1141-234
2024-09-08,15:08:29,부과,만덕동 937
2024-09-08,15:17:39,부과,만덕동 904
2024-09-08,15:18:00,부과,만덕동 904
2024-09-08,15:18:20,비부과,화명동 2257
2024-09-08,15:24:07,부과,덕천동 329
2024-09-08,15:39:44,부과,구포동 625-1
2024-09-08,15:45:00,부과,덕천동 462
2024-09-08,16:26:23,부과,만덕동 937
2024-09-08,17:18:29,부과,구포동 1237-18
2024-09-08,17:20:53,부과,만덕동 904
2024-09-08,17:24:39,부과,구포동 1060-316
2024-09-08,17:35:01,부과,만덕동 962-4
2024-09-08,17:37:38,부과,구포동 1280
2024-09-08,17:50:49,부과,덕천동 462
2024-09-08,18:04:19,부과,만덕동 904
2024-09-08,18:29:35,부과,만덕동 904
2024-09-08,18:41:47,부과,구포동 1280
2024-09-08,18:57:35,부과,화명동 699-1
2024-09-08,19:03:08,부과,화명동 2257
2024-09-08,19:11:29,부과,구포동 1207-9
2024-09-08,19:25:45,부과,화명동 1430
2024-09-08,19:37:27,부과,만덕동 904
2024-09-08,19:52:58,비부과,만덕동 841-7
2024-09-08,19:56:21,부과,덕천동 456
2024-09-08,20:00:41,부과,덕천동 473-4
2024-09-08,20:04:44,부과,덕천동 473-4
2024-09-08,20:19:25,비부과,화명동 2262
2024-09-08,20:29:15,부과,만덕동 898
2024-09-08,20:41:16,부과,구포동 1189
2024-09-08,20:56:38,부과,금곡동 72-4
2024-09-08,20:57:47,부과,화명동 2257
2024-09-08,21:21:31,비부과,화명동 2257
2024-09-08,21:35:59,부과,덕천동 456
2024-09-08,21:51:39,부과,만덕동 901
2024-09-09,01:24:22,부과,구포동 1060-454
2024-09-09,06:57:15,부과,덕천동 327
2024-09-09,07:18:18,부과,만덕동 901
2024-09-09,07:32:20,부과,구포동 1239-18
2024-09-09,07:32:39,부과,구포동 1283
2024-09-09,08:40:14,비부과,덕천동 471
2024-09-09,08:42:49,비부과,덕천동 327
2024-09-09,09:08:55,부과,덕천동 316-40
2024-09-09,09:21:13,부과,덕천동 318-1
2024-09-09,11:16:42,부과,구포동 461-1
2024-09-09,11:25:30,부과,화명동 1293-4
2024-09-09,11:26:28,부과,화명동 1293-4
2024-09-09,11:27:36,부과,화명동 1293-4
2024-09-09,13:02:21,부과,만덕동 904
2024-09-09,13:10:00,비부과,만덕동 848-1
2024-09-09,13:32:13,비부과,구포동 1049-8
2024-09-09,13:34:40,부과,구포동 1124-13
2024-09-09,15:20:24,부과,만덕동 873-16
2024-09-09,15:42:21,부과,구포동 1124-1
2024-09-09,15:42:45,비부과,구포동 969-4
2024-09-09,16:00:38,부과,덕천동 359-1
2024-09-09,16:42:24,비부과,덕천동 469
2024-09-09,16:43:55,부과,화명동 2257
2024-09-09,17:13:51,부과,화명동 2270-3
2024-09-09,17:15:34,부과,덕천동 377-17
2024-09-09,17:16:18,비부과,만덕동 904
2024-09-09,17:23:43,비부과,구포동 148
2024-09-09,17:59:53,부과,화명동 2257
2024-09-09,18:00:54,부과,화명동 2257
2024-09-09,18:54:06,부과,구포동 1268
2024-09-09,19:26:28,부과,금곡동 1870
2024-09-09,19:44:06,부과,만덕동 899
2024-09-09,20:08:48,부과,만덕동 905
2024-09-09,20:19:56,부과,덕천동 327
2024-09-09,20:24:15,부과,구포동 산 48-106
2024-09-09,20:39:28,부과,만덕동 896-1
2024-09-09,20:44:31,부과,덕천동 797
2024-09-09,20:46:02,부과,화명동 1115
2024-09-09,20:56:48,비부과,화명동 2326
2024-09-09,21:01:49,부과,구포동 1246-4
2024-09-09,21:30:26,비부과,화명동 2313
2024-09-09,21:32:11,부과,덕천동 467-2
2024-09-09,21:32:25,부과,구포동 655-1
2024-09-09,21:41:04,비부과,만덕동 942-3
2024-09-09,22:06:10,부과,화명동 186
2024-09-09,22:06:17,부과,덕천동 561-1
2024-09-09,22:15:30,비부과,화명동 2257
2024-09-09,22:23:44,비부과,만덕동 607-1
2024-09-09,22:28:53,부과,구포동 1248-25
2024-09-09,23:12:12,부과,화명동 2257
2024-09-09,23:18:11,비부과,화명동 2257
2024-09-09,23:24:32,부과,구포동 982-32
2024-09-10,03:15:40,부과,덕천동 561-2
2024-09-10,08:07:58,부과,구포동 1283
2024-09-10,08:26:13,부과,화명동 1470-10
2024-09-10,08:33:03,부과,화명동 2257
2024-09-10,09:09:33,부과,구포동 1189
2024-09-10,09:11:13,부과,구포동 1190
2024-09-10,09:39:32,부과,구포동 1275
2024-09-10,09:50:06,비부과,만덕동 904
2024-09-10,09:53:43,비부과,만덕동 904
2024-09-10,09:57:38,비부과,만덕동 904
2024-09-10,09:59:38,부과,구포동 365-2
2024-09-10,10:02:42,부과,구포동 1157-1
2024-09-10,10:06:13,부과,만덕동 295-33
2024-09-10,10:35:28,비부과,만덕동 904
2024-09-10,10:36:18,비부과,만덕동 904
2024-09-10,10:37:25,비부과,만덕동 904
2024-09-10,11:02:40,부과,구포동 430-12
2024-09-10,11:17:09,부과,만덕동 904
2024-09-10,11:57:02,부과,구포동 1184-9
2024-09-10,12:14:22,부과,금곡동 683-7
2024-09-10,12:29:33,부과,구포동 1268
2024-09-10,13:25:04,부과,금곡동 65-4
2024-09-10,13:32:54,부과,덕천동 327
2024-09-10,13:43:11,부과,구포동 381-6
2024-09-10,14:25:26,부과,만덕동 904
2024-09-10,15:03:03,비부과,구포동 1186-25
2024-09-10,15:50:41,부과,만덕동 950
2024-09-10,16:07:41,부과,구포동 916-1
2024-09-10,16:10:15,비부과,만덕동 962
2024-09-10,16:45:05,부과,만덕동 904
2024-09-10,17:23:03,부과,화명동 2257
2024-09-10,18:29:19,부과,만덕동 904
2024-09-10,18:43:48,부과,화명동 699-1
2024-09-10,18:58:25,부과,구포동 1091-3
2024-09-10,19:00:24,부과,구포동 1087-1
2024-09-10,19:10:14,비부과,화명동 2314-4
2024-09-10,19:42:30,부과,금곡동 1117
2024-09-10,21:56:16,부과,구포동 897-21
2024-09-10,23:25:27,부과,구포동 974
2024-09-10,23:26:38,부과,화명동 2257
2024-09-10,23:36:16,비부과,구포동 974
2024-09-11,01:08:24,비부과,만덕동 759-25
2024-09-11,05:59:01,부과,구포동 1281
2024-09-11,09:00:18,부과,구포동 1190
2024-09-11,10:13:36,부과,화명동 1718-3
2024-09-11,10:14:06,부과,화명동 1718-3
2024-09-11,10:16:30,부과,화명동 1718-3
2024-09-11,11:33:01,비부과,덕천동 327
2024-09-11,11:41:06,부과,구포동 1280
2024-09-11,11:42:07,부과,만덕동 950
2024-09-11,12:26:03,부과,구포동 1124-1
2024-09-11,12:27:05,부과,구포동 1189
2024-09-11,12:27:44,부과,구포동 1189
2024-09-11,12:28:38,비부과,만덕동 903
2024-09-11,12:55:52,비부과,구포동 1206-17
2024-09-11,12:58:35,부과,덕천동 472
2024-09-11,13:01:11,비부과,화명동 1222-1
2024-09-11,13:25:11,부과,화명동 745
2024-09-11,14:55:44,부과,화명동 1718-3
2024-09-11,14:56:15,부과,화명동 1718-3
2024-09-11,14:57:37,부과,화명동 1718-14
2024-09-11,15:02:23,부과,화명동 1718-14
2024-09-11,15:02:56,비부과,화명동 1718-14
2024-09-11,15:31:19,부과,화명동 1440-2
2024-09-11,15:42:44,부과,덕천동 462
2024-09-11,15:51:43,부과,화명동 2257
2024-09-11,16:13:33,부과,덕천동 462
2024-09-11,16:20:46,부과,화명동 1718-3
2024-09-11,17:23:28,부과,구포동 1226-2
2024-09-11,17:26:15,부과,만덕동 613-21
2024-09-11,17:31:05,부과,덕천동 384-18
2024-09-11,18:06:35,부과,구포동 1268
2024-09-11,18:08:40,비부과,구포동 1268
2024-09-11,18:16:34,비부과,구포동 459-2
2024-09-11,18:28:38,부과,만덕동 937
2024-09-11,19:10:02,부과,덕천동 561-1
2024-09-11,19:54:43,부과,만덕동 904
2024-09-11,19:59:18,부과,덕천동 348-1
2024-09-11,20:11:30,부과,만덕동 268-6
2024-09-11,20:21:24,비부과,만덕동 265-8
2024-09-11,20:22:46,부과,덕천동 557-1
2024-09-11,20:36:00,부과,만덕동 903
2024-09-11,21:11:50,부과,화명동 1431
2024-09-11,21:47:37,부과,만덕동 607-1
2024-09-12,04:13:50,부과,덕천동 590-12
2024-09-12,06:58:57,부과,구포동 1287
2024-09-12,08:03:31,부과,덕천동 561-1
2024-09-12,08:04:39,비부과,화명동 산 204-12
2024-09-12,08:37:47,비부과,구포동 1268
2024-09-12,08:44:33,부과,구포동 1189
2024-09-12,09:25:36,부과,화명동 186
2024-09-12,09:55:04,부과,구포동 190-1
2024-09-12,10:49:12,부과,구포동 1186-29
2024-09-12,11:12:04,부과,화명동 1218-2
2024-09-12,11:35:47,부과,구포동 1189
2024-09-12,12:25:12,부과,구포동 1189
2024-09-12,12:25:34,부과,구포동 1189
2024-09-12,13:03:05,부과,만덕동 904
2024-09-12,13:03:45,부과,만덕동 904
2024-09-12,13:04:16,부과,만덕동 904
2024-09-12,13:04:51,부과,만덕동 904
2024-09-12,13:05:19,부과,만덕동 903
2024-09-12,13:05:48,부과,만덕동 903
2024-09-12,13:08:15,비부과,구포동 1206-12
2024-09-12,13:11:04,부과,만덕동 903
2024-09-12,13:12:31,부과,만덕동 903
2024-09-12,13:13:33,부과,만덕동 903
2024-09-12,13:14:19,부과,만덕동 903
2024-09-12,13:15:00,부과,만덕동 904
2024-09-12,13:16:13,부과,만덕동 904
2024-09-12,13:17:02,부과,만덕동 903
2024-09-12,13:17:38,부과,만덕동 904
2024-09-12,13:18:56,부과,만덕동 904
2024-09-12,13:19:47,부과,만덕동 904
2024-09-12,13:20:39,부과,만덕동 904
2024-09-12,13:21:51,부과,만덕동 903
2024-09-12,14:14:39,비부과,화명동 2280
2024-09-12,15:11:39,부과,덕천동 462
2024-09-12,16:02:09,부과,덕천동 132-67
2024-09-12,16:09:49,비부과,만덕동 903
2024-09-12,17:24:13,부과,구포동 1226-2
2024-09-12,18:11:40,부과,덕천동 462
2024-09-12,18:42:41,부과,만덕동 598-6
2024-09-12,19:26:37,부과,화명동 699-1
2024-09-12,19:31:43,부과,만덕동 904
2024-09-12,19:37:53,부과,만덕동 950
2024-09-12,19:40:15,부과,만덕동 950
2024-09-12,19:40:47,부과,금곡동 123
2024-09-12,19:49:37,비부과,만덕동 950
2024-09-12,19:50:44,부과,만덕동 904
2024-09-12,20:10:30,부과,만덕동 904
2024-09-12,20:39:22,부과,구포동 1267
2024-09-12,21:00:30,부과,덕천동 462
2024-09-12,21:29:30,부과,덕천동 462
2024-09-12,21:35:36,비부과,만덕동 851-34
2024-09-12,21:38:55,부과,덕천동 388-1
2024-09-12,21:44:30,부과,덕천동 462
2024-09-12,21:44:33,부과,화명동 1431
2024-09-12,22:00:41,부과,구포동 119-5
2024-09-12,22:21:53,부과,구포동 655-1
2024-09-12,23:31:55,부과,만덕동 904
2024-09-13,04:08:26,부과,화명동 2272-2
2024-09-13,08:15:23,부과,덕천동 561-1
2024-09-13,08:16:04,부과,덕천동 561-1
2024-09-13,09:43:46,부과,화명동 2257
2024-09-13,10:01:33,비부과,만덕동 905
2024-09-13,10:04:55,부과,화명동 1388-8
2024-09-13,10:08:21,부과,구포동 1157-1
2024-09-13,10:20:40,부과,화명동 1388-8
2024-09-13,10:34:57,부과,덕천동 316-40
2024-09-13,10:35:59,비부과,만덕동 658
2024-09-13,10:37:07,부과,덕천동 315-12
2024-09-13,10:58:52,부과,구포동 1189
2024-09-13,11:27:33,비부과,구포동 783-28
2024-09-13,11:30:31,비부과,구포동 1295
2024-09-13,11:32:39,비부과,구포동 783-28
2024-09-13,12:15:15,부과,구포동 1124-1
2024-09-13,12:29:41,부과,만덕동 903
2024-09-13,13:18:10,부과,만덕동 825-20
2024-09-13,13:47:45,부과,만덕동 904
2024-09-13,13:48:23,비부과,덕천동 406
2024-09-13,13:55:26,부과,구포동 1189
2024-09-13,13:59:30,부과,구포동 1189
2024-09-13,14:03:26,부과,구포동 1189
2024-09-13,14:07:51,부과,구포동 620-6
2024-09-13,14:10:42,부과,만덕동 937
2024-09-13,14:14:02,부과,구포동 156-11
2024-09-13,14:18:23,부과,구포동 614-2
2024-09-13,14:18:40,부과,화명동 2257
2024-09-13,14:50:54,부과,만덕동 598-6
2024-09-13,14:53:14,비부과,화명동 745
2024-09-13,14:53:21,부과,화명동 1293-4
2024-09-13,14:53:54,부과,만덕동 904
2024-09-13,14:55:04,부과,화명동 1293-4
2024-09-13,14:55:47,비부과,화명동 745
2024-09-13,14:57:45,부과,화명동 1411-9
2024-09-13,15:00:39,부과,화명동 1431
2024-09-13,15:19:16,부과,구포동 1124-13
2024-09-13,15:28:44,부과,만덕동 904
2024-09-13,15:29:03,부과,만덕동 903
2024-09-13,15:41:59,부과,구포동 1141-178
2024-09-13,16:22:32,부과,화명동 1222-1
2024-09-13,16:41:25,부과,만덕동 844-13
2024-09-13,16:56:49,부과,덕천동 472
2024-09-13,18:33:26,부과,덕천동 389-12
2024-09-13,18:39:25,부과,덕천동 332-27
2024-09-13,18:40:21,부과,덕천동 462
2024-09-13,18:43:37,부과,화명동 2257
2024-09-13,18:45:00,비부과,덕천동 389-12
2024-09-13,18:57:30,부과,덕천동 462
2024-09-13,18:58:52,부과,구포동 1285
2024-09-13,19:54:51,부과,만덕동 904
2024-09-13,20:13:28,부과,만덕동 901
2024-09-13,20:19:15,부과,덕천동 462
2024-09-13,20:30:42,부과,구포동 1276
2024-09-13,20:40:18,비부과,만덕동 903
2024-09-13,20:43:16,부과,화명동 1430
2024-09-13,20:44:09,부과,만덕동 903
2024-09-13,20:44:11,부과,덕천동 557
2024-09-13,20:46:29,부과,덕천동 757-4
2024-09-13,20:48:12,부과,덕천동 557-1
2024-09-13,21:07:43,부과,만덕동 898
2024-09-13,21:11:24,부과,만덕동 904
2024-09-13,21:11:44,부과,만덕동 904
2024-09-13,21:12:37,부과,만덕동 899
2024-09-13,21:30:35,부과,화명동 745
2024-09-13,21:49:19,부과,구포동 1060-252
2024-09-13,21:57:56,부과,만덕동 941-2
2024-09-13,22:18:27,부과,화명동 733
2024-09-14,00:33:01,부과,구포동 1060-49
2024-09-14,00:51:53,부과,덕천동 290-4
2024-09-14,03:27:14,비부과,화명동 2257
2024-09-14,06:48:39,부과,구포동 1060-390
2024-09-14,07:45:04,부과,화명동 2270-3
2024-09-14,09:11:37,부과,구포동 1189
2024-09-14,09:21:56,부과,구포동 1157-1
2024-09-14,09:26:26,부과,구포동 1154-1
2024-09-14,09:31:09,부과,구포동 459-2
2024-09-14,09:32:51,부과,구포동 461-1
2024-09-14,09:36:51,비부과,구포동 156-11
2024-09-14,10:08:32,부과,화명동 2280
2024-09-14,10:09:27,비부과,화명동 2257
2024-09-14,10:39:41,부과,덕천동 315-12
2024-09-14,10:45:34,부과,만덕동 903
2024-09-14,10:46:31,부과,화명동 2257
2024-09-14,10:48:37,부과,덕천동 472
2024-09-14,10:54:53,부과,화명동 1430
2024-09-14,10:56:32,부과,화명동 1430
2024-09-14,12:05:12,부과,금곡동 102-3
2024-09-14,12:28:47,부과,화명동 1222-2
2024-09-14,12:49:00,비부과,화명동 1222-1
2024-09-14,12:57:10,부과,만덕동 302-1
2024-09-14,13:00:18,비부과,구포동 602-42
2024-09-14,13:03:08,부과,덕천동 472
2024-09-14,13:04:34,부과,구포동 609-7
2024-09-14,13:31:28,비부과,구포동 1268
2024-09-14,13:31:30,비부과,덕천동 471
2024-09-14,13:56:49,부과,만덕동 845-1
2024-09-14,14:01:59,비부과,구포동 779-3
2024-09-14,14:11:27,부과,구포동 916-1
2024-09-14,14:24:07,부과,구포동 1271
2024-09-14,14:45:44,부과,구포동 1124-13
2024-09-14,14:48:25,부과,구포동 1124-13
2024-09-14,15:26:56,비부과,화명동 882-5
2024-09-14,15:40:18,비부과,화명동 882-7
2024-09-14,15:50:46,부과,구포동 585-2
2024-09-14,16:32:32,부과,화명동 2277-4
2024-09-14,16:34:03,부과,화명동 1293-4
2024-09-14,16:34:15,부과,덕천동 462
2024-09-14,16:34:24,부과,화명동 2257
2024-09-14,16:35:55,비부과,화명동 1293-4
2024-09-14,16:37:41,부과,화명동 745
2024-09-14,16:39:41,부과,화명동 745
2024-09-14,16:41:30,부과,화명동 1470-19
2024-09-14,16:43:03,부과,만덕동 935
2024-09-14,16:43:28,비부과,화명동 1293-5
2024-09-14,16:46:20,부과,덕천동 462
2024-09-14,16:46:46,비부과,만덕동 302-5
2024-09-14,17:01:33,부과,덕천동 381-16
2024-09-14,17:04:38,비부과,금곡동 1885
2024-09-14,17:46:31,부과,화명동 2257
2024-09-14,17:51:37,부과,구포동 451-6
2024-09-14,18:20:06,비부과,덕천동 462
2024-09-14,19:02:28,부과,만덕동 904
2024-09-14,19:02:52,부과,만덕동 904
2024-09-14,19:30:44,부과,구포동 937-41
2024-09-14,19:31:04,부과,구포동 936-11
2024-09-14,19:37:00,부과,구포동 1124-13
2024-09-14,19:38:20,부과,덕천동 381-3
2024-09-14,19:47:43,비부과,화명동 2270-3
2024-09-14,20:05:07,부과,만덕동 598-6
2024-09-14,20:08:29,부과,만덕동 613-21
2024-09-14,20:18:30,비부과,구포동 1060-52
2024-09-14,20:21:57,부과,구포동 191-1
2024-09-14,20:22:52,부과,덕천동 390-1
2024-09-14,20:26:08,비부과,구포동 1172
2024-09-14,21:16:14,부과,구포동 1269-1
2024-09-14,21:30:05,부과,구포동 1060-471
2024-09-14,21:50:20,부과,만덕동 898
2024-09-14,21:57:15,부과,덕천동 462
2024-09-14,22:20:27,부과,구포동 1222-26
2024-09-14,22:43:35,부과,만덕동 935
2024-09-14,23:09:41,부과,만덕동 935
2024-09-14,23:11:09,부과,만덕동 899
2024-09-14,23:37:59,비부과,덕천동 397-1
2024-09-14,23:58:01,부과,구포동 1281
2024-09-14,23:59:02,부과,구포동 1282
2024-09-14,23:59:23,부과,구포동 1279
2024-09-15,00:01:49,부과,구포동 1282
2024-09-15,00:22:25,비부과,화명동 2269-2
2024-09-15,00:25:55,비부과,화명동 2257
2024-09-15,00:51:11,부과,화명동 2257
2024-09-15,01:10:02,부과,만덕동 898
2024-09-15,02:06:45,부과,구포동 1060-454
2024-09-15,02:30:48,부과,구포동 1189
2024-09-15,03:23:09,부과,덕천동 290-4
2024-09-15,04:14:56,부과,덕천동 472
2024-09-15,06:01:58,부과,덕천동 462
2024-09-15,06:48:32,부과,만덕동 901
2024-09-15,07:17:39,부과,화명동 749
2024-09-15,08:46:45,부과,구포동 1103-14
2024-09-15,08:46:45,부과,구포동 1103-14
2024-09-15,08:47:14,비부과,구포동 148
2024-09-15,09:15:56,부과,구포동 1272
2024-09-15,09:29:10,부과,덕천동 316-40
2024-09-15,09:31:20,부과,덕천동 315-12
2024-09-15,09:33:46,부과,덕천동 472
2024-09-15,09:35:45,부과,덕천동 472
2024-09-15,09:49:22,부과,구포동 148
2024-09-15,09:56:57,부과,구포동 1124-1
2024-09-15,10:27:30,부과,구포동 1060-471
2024-09-15,10:39:01,비부과,수영구 광안동 산 33
2024-09-15,10:59:16,부과,화명동 745
2024-09-15,10:59:20,부과,화명동 1293-3
2024-09-15,11:01:17,부과,만덕동 904
2024-09-15,11:01:59,부과,화명동 1293-4
2024-09-15,11:15:53,부과,화명동 1229
2024-09-15,11:18:02,부과,금곡동 1881
2024-09-15,11:28:16,부과,만덕동 295-59
2024-09-15,11:45:03,부과,덕천동 310-22
2024-09-15,12:10:48,부과,구포동 1247-10
2024-09-15,12:22:10,부과,덕천동 462
2024-09-15,12:24:24,부과,덕천동 462
2024-09-15,12:36:43,부과,화명동 2257
2024-09-15,12:42:48,부과,화명동 2257
2024-09-15,12:48:21,부과,구포동 1239-21
2024-09-15,13:01:49,부과,구포동 1280
2024-09-15,13:21:29,부과,화명동 1430
2024-09-15,14:14:55,부과,화명동 1293-5
2024-09-15,14:31:02,부과,구포동 1189
2024-09-15,14:38:35,부과,화명동 1293-1
2024-09-15,14:38:43,비부과,화명동 1293-3
2024-09-15,14:58:56,비부과,구포동 612-20
2024-09-15,15:49:39,부과,구포동 625-1
2024-09-15,17:12:55,부과,화명동 2257
2024-09-15,17:14:27,부과,구포동 1283
2024-09-15,17:24:54,부과,구포동 1283
2024-09-15,17:30:57,부과,구포동 1189
2024-09-15,17:53:33,부과,덕천동 561-1
2024-09-15,18:56:02,부과,만덕동 898
2024-09-15,19:04:02,부과,구포동 916-1
2024-09-15,19:07:48,부과,만덕동 898
2024-09-15,19:14:57,부과,구포동 1124-1
2024-09-15,19:15:22,부과,구포동 1124-1
2024-09-15,19:18:15,부과,구포동 1268
2024-09-15,19:47:07,부과,구포동 249-1
2024-09-15,20:52:47,비부과,덕천동 327
2024-09-15,21:21:08,부과,구포동 1060-471
2024-09-15,21:26:56,부과,구포동 1060-471
2024-09-15,21:32:52,부과,만덕동 935
2024-09-15,21:33:34,부과,만덕동 935
2024-09-15,21:33:56,부과,만덕동 935
2024-09-15,21:34:25,부과,만덕동 935
2024-09-15,21:40:57,부과,만덕동 935
2024-09-15,21:41:55,부과,만덕동 935
2024-09-15,21:44:19,부과,만덕동 904
2024-09-15,21:46:33,부과,화명동 745
2024-09-15,21:55:13,부과,덕천동 381-3
2024-09-15,21:58:00,부과,만덕동 903
2024-09-15,21:59:04,부과,만덕동 904
2024-09-15,21:59:39,부과,만덕동 869-3
2024-09-15,22:00:34,부과,만덕동 904
2024-09-15,22:01:55,부과,만덕동 870-18
2024-09-15,22:02:39,부과,만덕동 870-18
2024-09-15,22:03:10,부과,만덕동 870-17
2024-09-15,22:03:45,부과,만덕동 903
2024-09-15,22:04:51,부과,만덕동 904
2024-09-15,22:07:01,부과,만덕동 903
2024-09-15,22:07:55,부과,만덕동 903
2024-09-15,22:08:32,부과,만덕동 935
2024-09-15,22:09:01,부과,만덕동 935
2024-09-15,22:10:00,부과,만덕동 903
2024-09-15,22:11:14,부과,만덕동 904
2024-09-15,22:11:55,부과,만덕동 904
2024-09-15,22:12:33,부과,만덕동 903
2024-09-15,22:13:24,부과,만덕동 903
2024-09-15,22:14:21,부과,만덕동 903
2024-09-15,22:15:20,부과,만덕동 904
2024-09-15,22:33:01,부과,금곡동 102-3
2024-09-15,23:31:29,부과,구포동 1239-18
2024-09-15,23:36:30,부과,구포동 1282
2024-09-15,23:38:56,부과,구포동 1283
2024-09-15,23:39:37,비부과,구포동 1279
2024-09-15,23:40:36,부과,구포동 1282
2024-09-15,23:41:00,부과,구포동 848-54
2024-09-15,23:41:29,부과,구포동 1272
2024-09-16,00:33:49,부과,만덕동 904
2024-09-16,05:41:37,비부과,구포동 1060-316
2024-09-16,05:43:35,비부과,구포동 1060-454
2024-09-16,07:58:11,부과,덕천동 462
2024-09-16,09:03:59,부과,덕천동 335-1
2024-09-16,09:04:45,부과,구포동 247-1
2024-09-16,09:06:26,부과,덕천동 315-12
2024-09-16,09:10:13,부과,덕천동 354-1
2024-09-16,09:11:17,부과,구포동 295-12
2024-09-16,09:16:27,부과,구포동 387-3
2024-09-16,09:23:36,부과,구포동 460-2
2024-09-16,09:53:29,부과,덕천동 310-1
2024-09-16,09:53:34,부과,구포동 148
2024-09-16,10:23:34,부과,화명동 941-1
2024-09-16,10:24:20,부과,만덕동 904
2024-09-16,10:39:21,부과,구포동 430-24
2024-09-16,10:41:28,부과,구포동 426-22
2024-09-16,11:33:17,부과,화명동 2324
2024-09-16,11:45:23,부과,화명동 1293-1
2024-09-16,12:34:01,부과,만덕동 911-3
2024-09-16,12:35:59,부과,만덕동 935
2024-09-16,12:36:32,부과,만덕동 911-3
2024-09-16,12:37:18,비부과,만덕동 935
2024-09-16,12:37:59,부과,만덕동 935
2024-09-16,13:00:25,부과,만덕동 628-19
2024-09-16,13:01:03,부과,만덕동 903
2024-09-16,13:01:26,부과,만덕동 903
2024-09-16,13:01:47,부과,만덕동 904
2024-09-16,13:02:09,부과,만덕동 903
2024-09-16,13:16:08,비부과,구포동 156-11
2024-09-16,13:16:29,비부과,구포동 515
2024-09-16,13:56:29,부과,만덕동 898
2024-09-16,13:57:01,부과,만덕동 898
2024-09-16,13:57:57,부과,만덕동 904
2024-09-16,13:58:49,부과,만덕동 935
2024-09-16,14:01:17,부과,만덕동 935
2024-09-16,14:01:17,부과,만덕동 935
2024-09-16,14:41:04,비부과,구포동 1269-1
2024-09-16,14:54:37,부과,만덕동 산 195-10
2024-09-16,14:58:28,부과,화명동 326
2024-09-16,15:00:19,부과,만덕동 927-1
2024-09-16,15:02:37,비부과,화명동 750-1
2024-09-16,15:03:30,비부과,구포동 156-11
2024-09-16,15:04:07,비부과,구포동 1267
2024-09-16,15:43:23,부과,만덕동 904
2024-09-16,16:19:42,부과,만덕동 904
2024-09-16,16:25:03,부과,만덕동 783-21
2024-09-16,16:25:40,부과,덕천동 462
2024-09-16,16:32:14,부과,만덕동 960
2024-09-16,16:39:00,비부과,화명동 1430
2024-09-16,16:51:37,비부과,구포동 897-2
2024-09-16,17:20:38,비부과,덕천동 461
2024-09-16,17:21:36,비부과,덕천동 461
2024-09-16,17:40:22,부과,구포동 612-8
2024-09-16,17:46:45,부과,만덕동 937
2024-09-16,17:55:55,부과,만덕동 401-2
2024-09-16,18:43:31,부과,금곡동 1881
2024-09-16,19:25:12,비부과,덕천동 460-1
2024-09-16,19:51:49,부과,덕천동 456
2024-09-16,19:54:06,부과,구포동 1268
2024-09-16,19:57:06,부과,구포동 1268
2024-09-16,19:57:54,부과,덕천동 473-4
2024-09-16,19:58:32,비부과,화명동 2322
2024-09-16,21:27:48,부과,만덕동 904
2024-09-16,21:39:35,부과,덕천동 456
2024-09-16,21:46:06,부과,만덕동 903
2024-09-16,21:52:54,부과,덕천동 416-22
2024-09-16,21:56:20,부과,덕천동 456
2024-09-16,22:09:39,부과,화명동 2257
2024-09-16,22:21:20,부과,금곡동 1885
2024-09-16,23:02:01,부과,만덕동 935
2024-09-17,00:06:25,부과,구포동 1282
2024-09-17,00:17:41,비부과,덕천동 462
2024-09-17,07:51:00,비부과,덕천동 458
2024-09-17,08:02:43,비부과,덕천동 342-2
2024-09-17,08:05:18,부과,덕천동 342-2
2024-09-17,08:12:32,부과,구포동 1247-10
2024-09-17,08:14:45,부과,구포동 1288
2024-09-17,08:16:16,비부과,만덕동 935
2024-09-17,09:28:55,부과,금곡동 1117
2024-09-17,09:30:29,부과,금곡동 1923
2024-09-17,09:33:27,부과,구포동 1154-20
2024-09-17,10:34:18,부과,덕천동 462
2024-09-17,10:40:44,부과,구포동 247-1
2024-09-17,10:45:01,부과,구포동 297-21
2024-09-17,10:46:42,부과,구포동 295-12
2024-09-17,10:56:01,부과,구포동 263-9
2024-09-17,11:24:15,부과,만덕동 628-19
2024-09-17,11:26:15,부과,만덕동 246-4
2024-09-17,11:58:15,부과,화명동 2287-1
2024-09-17,12:18:58,비부과,만덕동 435-2
2024-09-17,12:36:24,부과,구포동 1282
2024-09-17,12:38:11,부과,구포동 1281
2024-09-17,12:41:52,부과,구포동 1282
2024-09-17,12:47:15,부과,구포동 1282
2024-09-17,12:51:26,부과,만덕동 898
2024-09-17,12:53:41,부과,만덕동 898
2024-09-17,12:54:14,부과,만덕동 901
2024-09-17,12:54:47,부과,만덕동 903
2024-09-17,13:34:04,부과,구포동 731-6
2024-09-17,14:56:08,비부과,구포동 1249-20
2024-09-17,15:05:55,부과,구포동 549-2
2024-09-17,15:54:29,비부과,만덕동 302-1
2024-09-17,16:22:33,부과,덕천동 462
2024-09-17,17:04:48,비부과,덕천동 472
2024-09-17,17:55:39,비부과,화명동 2257
2024-09-17,18:58:55,부과,구포동 1296
2024-09-17,19:52:03,부과,구포동 1124-1
2024-09-17,20:10:52,비부과,만덕동 943-1
2024-09-17,20:17:50,부과,구포동 313
2024-09-17,21:06:34,부과,만덕동 605-10
2024-09-17,21:56:02,부과,덕천동 431-13
2024-09-17,22:47:22,부과,만덕동 937
2024-09-17,23:06:54,부과,구포동 1060-402
2024-09-17,23:09:15,부과,화명동 2257
2024-09-17,23:34:31,부과,만덕동 136
2024-09-17,23:53:48,부과,구포동 451-1
2024-09-17,23:57:06,부과,구포동 969-1
2024-09-18,00:06:00,부과,구포동 1282
2024-09-18,00:06:20,부과,구포동 1282
2024-09-18,00:06:20,부과,구포동 1282
2024-09-18,00:14:55,비부과,덕천동 461
2024-09-18,01:51:09,부과,화명동 1426-1
2024-09-18,03:20:10,부과,덕천동 462
2024-09-18,03:31:44,부과,만덕동 904
2024-09-18,03:34:50,부과,만덕동 899
2024-09-18,03:36:34,부과,만덕동 899
2024-09-18,03:38:20,부과,만덕동 899
2024-09-18,03:39:48,부과,만덕동 899
2024-09-18,03:46:34,부과,만덕동 941-2
2024-09-18,03:47:11,부과,만덕동 941-2
2024-09-18,03:48:16,부과,연제구 거제동 802
2024-09-18,08:24:20,부과,구포동 297-21
2024-09-18,08:25:56,부과,구포동 297-7
2024-09-18,08:28:41,부과,구포동 1060-79
2024-09-18,09:15:36,부과,화명동 1718-9
2024-09-18,09:58:34,부과,구포동 936-11
2024-09-18,09:58:53,부과,구포동 936-11
2024-09-18,09:59:15,부과,구포동 937-27
2024-09-18,09:59:36,부과,구포동 937-41
2024-09-18,09:59:51,부과,구포동 1172-46
2024-09-18,10:05:28,부과,만덕동 901
2024-09-18,10:33:40,부과,화명동 1408
2024-09-18,10:35:01,부과,화명동 1430
2024-09-18,10:37:15,부과,화명동 1430
2024-09-18,10:39:42,부과,화명동 1430
2024-09-18,12:53:20,부과,구포동 1283
2024-09-18,12:53:36,부과,구포동 1283
2024-09-18,13:05:31,부과,금곡동 116-1
2024-09-18,13:14:13,부과,구포동 1137
2024-09-18,13:24:08,부과,구포동 1283
2024-09-18,15:43:16,부과,구포동 1124-1
2024-09-18,17:17:48,부과,구포동 1268
2024-09-18,17:39:13,부과,덕천동 462
2024-09-18,18:26:20,부과,화명동 2257
2024-09-18,18:27:55,부과,구포동 1269-1
2024-09-18,18:58:59,비부과,화명동 2257
2024-09-18,19:23:37,부과,구포동 959-1
2024-09-18,20:29:14,부과,구포동 1060-528
2024-09-18,21:20:00,부과,만덕동 898
2024-09-18,22:29:39,부과,구포동 1060-260
2024-09-18,22:31:12,부과,구포동 1060-260
2024-09-18,23:00:15,부과,화명동 2257
2024-09-18,23:04:54,부과,화명동 2257
2024-09-18,23:06:11,비부과,덕천동 462
2024-09-18,23:12:36,부과,화명동 2257
2024-09-18,23:43:16,부과,구포동 986-56
2024-09-18,23:47:20,부과,구포동 986-56
2024-09-18,23:57:47,비부과,구포동 730-2
2024-09-19,00:41:48,부과,덕천동 462
2024-09-19,05:03:22,비부과,구포동 1141-118
2024-09-19,05:05:54,부과,구포동 1060-316
2024-09-19,07:28:41,부과,덕천동 355-4
2024-09-19,08:06:24,부과,만덕동 899
2024-09-19,08:23:31,비부과,화명동 2334
2024-09-19,08:59:35,비부과,덕천동 327
2024-09-19,10:09:18,부과,구포동 1277
2024-09-19,10:10:40,부과,구포동 166
2024-09-19,10:23:16,부과,만덕동 115
2024-09-19,10:23:39,부과,만덕동 898
2024-09-19,10:24:42,부과,만덕동 903
2024-09-19,10:25:11,부과,만덕동 848-1
2024-09-19,10:25:36,부과,만덕동 900
2024-09-19,10:26:11,부과,만덕동 903
2024-09-19,10:26:52,부과,만덕동 901
2024-09-19,10:56:51,부과,구포동 430-10
2024-09-19,10:59:09,부과,구포동 430-26
2024-09-19,11:03:39,부과,구포동 654-11
2024-09-19,11:09:08,비부과,구포동 1189
2024-09-19,11:24:25,부과,구포동 1137
2024-09-19,12:01:32,부과,구포동 1060-316
2024-09-19,12:33:08,비부과,금곡동 64-4
2024-09-19,13:55:29,부과,화명동 2257
2024-09-19,14:22:08,비부과,금곡동 108
2024-09-19,15:24:51,부과,구포동 1269-1
2024-09-19,16:09:32,비부과,덕천동 785-6
2024-09-19,16:38:21,부과,금곡동 109-1
2024-09-19,17:10:49,비부과,구포동 923-1
2024-09-19,18:32:00,부과,구포동 1285
2024-09-19,20:12:21,부과,만덕동 898
2024-09-19,20:24:19,비부과,화명동 1216-1
2024-09-19,20:38:27,부과,화명동 2279
2024-09-19,21:56:44,비부과,덕천동 466
2024-09-19,23:55:11,부과,화명동 2257
2024-09-20,01:01:35,부과,구포동 1060-334
2024-09-20,03:38:04,부과,구포동 1060-309
2024-09-20,03:39:49,부과,구포동 1060-454
2024-09-20,04:34:04,부과,화명동 2257
2024-09-20,07:26:02,부과,금곡동 1117
2024-09-20,07:26:54,비부과,금곡동 1117
2024-09-20,07:48:12,비부과,구포동 1060-51
2024-09-20,07:55:42,부과,구포동 1060-51
2024-09-20,07:56:37,부과,금곡동 123
2024-09-20,08:18:49,비부과,구포동 1139
2024-09-20,08:23:09,부과,구포동 1268
2024-09-20,11:16:48,부과,만덕동 950
2024-09-20,11:27:40,부과,금곡동 1224-2
2024-09-20,12:28:58,비부과,화명동 1222-1
2024-09-20,13:46:10,부과,만덕동 927-1
2024-09-20,14:10:43,비부과,화명동 1222-2
2024-09-20,14:11:00,부과,구포동 624-10
2024-09-20,14:27:31,부과,만덕동 869-16
2024-09-20,14:49:44,비부과,덕천동 462
2024-09-20,15:04:46,부과,화명동 752
2024-09-20,16:01:49,부과,화명동 189
2024-09-20,16:07:25,부과,구포동 1277
2024-09-20,16:31:35,부과,금곡동 110
2024-09-20,17:36:23,부과,금곡동 108
2024-09-20,18:09:26,부과,구포동 1189
2024-09-20,18:56:05,부과,화명동 2257
2024-09-20,19:30:45,비부과,금곡동 94-1
2024-09-20,19:34:16,비부과,구포동 1285
2024-09-20,19:38:22,부과,구포동 1269-1
2024-09-20,21:10:42,비부과,만덕동 933
2024-09-20,21:12:10,부과,만덕동 933
2024-09-20,21:12:10,부과,만덕동 933
2024-09-20,21:45:23,비부과,덕천동 462
2024-09-20,23:24:04,부과,구포동 1060-260
2024-09-20,23:25:49,부과,구포동 1060-316
2024-09-20,23:27:36,부과,구포동 1060-260
2024-09-21,00:28:43,부과,덕천동 462
2024-09-21,00:32:24,부과,덕천동 462
2024-09-21,01:24:20,부과,구포동 1160
2024-09-21,08:28:14,부과,구포동 1189
2024-09-21,08:29:04,부과,구포동 1190
2024-09-21,08:29:04,부과,구포동 1190
2024-09-21,09:30:02,부과,화명동 1430
2024-09-21,10:12:45,부과,구포동 1172-42
2024-09-21,10:44:31,부과,화명동 1430
2024-09-21,10:47:20,부과,화명동 1430
2024-09-21,11:50:52,부과,구포동 1189
2024-09-21,11:55:42,비부과,만덕동 962
2024-09-21,12:48:00,부과,만덕동 902
2024-09-21,12:56:57,비부과,구포동 983-7
2024-09-21,13:12:04,부과,구포동 1239-20
2024-09-21,14:07:14,부과,구포동 930-21
2024-09-21,14:07:57,부과,만덕동 937
2024-09-21,14:07:57,부과,만덕동 937
2024-09-21,14:07:57,부과,만덕동 937
2024-09-21,14:08:01,비부과,구포동 930-21
2024-09-21,14:41:25,비부과,덕천동 777-1
2024-09-21,18:00:05,부과,구포동 1285
2024-09-21,19:26:38,부과,화명동 2257
2024-09-21,20:17:32,부과,만덕동 605-11
2024-09-21,21:37:36,부과,화명동 2257
2024-09-21,21:56:30,부과,화명동 2257
2024-09-21,21:57:51,비부과,구포동 983-7
2024-09-21,22:02:42,부과,구포동 982-32
2024-09-21,22:57:15,비부과,화명동 2257
2024-09-21,23:37:13,비부과,금곡동 53-1
2024-09-21,23:51:13,부과,만덕동 605-13
2024-09-22,06:49:28,부과,만덕동 904
2024-09-22,07:41:12,비부과,덕천동 290-4
2024-09-22,07:58:08,부과,구포동 1296
2024-09-22,08:03:50,비부과,만덕동 955-5
2024-09-22,08:26:32,부과,화명동 1430
2024-09-22,08:28:25,부과,구포동 1278
2024-09-22,08:32:26,부과,화명동 668
2024-09-22,08:34:38,부과,만덕동 847-4
2024-09-22,08:35:41,부과,화명동 1431
2024-09-22,08:38:30,부과,화명동 1431
2024-09-22,08:41:15,부과,화명동 1431
2024-09-22,08:42:52,비부과,화명동 1431
2024-09-22,08:43:32,부과,화명동 186
2024-09-22,08:45:32,비부과,화명동 1431
2024-09-22,08:48:24,부과,화명동 1431
2024-09-22,08:50:15,부과,화명동 1431
2024-09-22,08:52:39,부과,화명동 1431
2024-09-22,08:57:01,부과,화명동 1430
2024-09-22,08:59:25,부과,화명동 1431
2024-09-22,09:01:40,부과,화명동 1430
2024-09-22,09:13:52,부과,구포동 1189
2024-09-22,09:17:06,부과,화명동 1430
2024-09-22,09:18:44,부과,구포동 1189
2024-09-22,09:23:51,비부과,화명동 1430
2024-09-22,09:32:22,부과,화명동 1430
2024-09-22,09:35:31,부과,화명동 1430
2024-09-22,09:38:40,부과,구포동 1060-455
2024-09-22,09:41:56,부과,화명동 1430
2024-09-22,09:44:12,부과,만덕동 251-2
2024-09-22,09:44:27,부과,화명동 1430
2024-09-22,09:47:54,부과,화명동 1426-1
2024-09-22,09:49:38,부과,화명동 1430
2024-09-22,09:51:24,부과,화명동 1430
2024-09-22,09:52:46,비부과,화명동 1430
2024-09-22,09:54:52,부과,화명동 1430
2024-09-22,09:56:45,부과,화명동 1430
2024-09-22,10:11:55,부과,금곡동 104
2024-09-22,10:33:47,부과,구포동 1060-38
2024-09-22,10:41:25,부과,만덕동 904
2024-09-22,11:24:54,부과,구포동 426-22
2024-09-22,11:28:59,부과,구포동 655-5
2024-09-22,11:36:18,부과,덕천동 416-22
2024-09-22,11:43:47,부과,구포동 156-11
2024-09-22,12:01:37,부과,구포동 459-2
2024-09-22,12:28:59,부과,구포동 584-3
2024-09-22,12:35:18,비부과,금곡동 97-11
2024-09-22,12:43:26,비부과,화명동 2257
2024-09-22,12:54:38,비부과,구포동 1124-1
2024-09-22,13:01:03,부과,구포동 1189
2024-09-22,13:03:51,부과,화명동 2257
2024-09-22,13:06:05,부과,화명동 2280
2024-09-22,13:06:36,비부과,화명동 2257
2024-09-22,13:12:05,비부과,화명동 2257
2024-09-22,13:13:45,비부과,구포동 1060-256
2024-09-22,13:15:59,부과,구포동 1061-3
2024-09-22,13:18:14,부과,구포동 1060-260
2024-09-22,13:22:58,부과,구포동 1283
2024-09-22,13:29:15,부과,구포동 1279
2024-09-22,13:30:00,부과,구포동 1283
2024-09-22,13:59:33,비부과,덕천동 328
2024-09-22,14:45:52,부과,구포동 786-13
2024-09-22,15:26:11,부과,덕천동 462
2024-09-22,15:33:33,비부과,구포동 148
2024-09-22,16:20:22,부과,만덕동 729-1
2024-09-22,16:26:06,부과,구포동 612-8
2024-09-22,16:30:17,부과,구포동 119-4
2024-09-22,16:38:18,부과,덕천동 452-48
2024-09-22,16:55:19,비부과,화명동 882-7
2024-09-22,17:15:25,부과,구포동 1060-316
2024-09-22,17:16:54,부과,구포동 1060-316
2024-09-22,17:18:27,부과,구포동 1060-260
2024-09-22,17:28:11,부과,구포동 1060-22
2024-09-22,18:00:10,부과,만덕동 산 195-10
2024-09-22,18:10:40,부과,만덕동 927-1
2024-09-22,18:12:33,부과,만덕동 937
2024-09-22,18:15:45,부과,만덕동 937
2024-09-22,18:30:52,부과,화명동 2257
2024-09-22,18:31:16,부과,화명동 2257
2024-09-22,18:47:08,부과,구포동 857-14
2024-09-22,20:07:05,부과,구포동 1197-36
2024-09-22,20:18:59,비부과,만덕동 302-5
2024-09-22,20:28:12,부과,구포동 730-3
2024-09-22,20:35:31,부과,덕천동 462
2024-09-22,20:37:36,비부과,구포동 773
2024-09-22,20:43:31,부과,덕천동 462
2024-09-22,21:15:11,부과,덕천동 462
2024-09-22,21:28:17,부과,금곡동 121
2024-09-22,22:00:23,부과,구포동 451-1
2024-09-22,22:21:44,비부과,덕천동 462
2024-09-22,22:37:34,부과,덕천동 462
2024-09-23,02:20:54,부과,구포동 1060-260
2024-09-23,02:22:34,부과,구포동 1060-455
2024-09-23,06:17:33,부과,구포동 1282
2024-09-23,07:36:01,부과,만덕동 136
2024-09-23,08:05:27,부과,구포동 1282
2024-09-23,09:16:37,부과,구포동 1189
2024-09-23,09:17:39,부과,구포동 1124-13
2024-09-23,09:22:06,부과,덕천동 327
2024-09-23,09:57:23,비부과,덕천동 462
2024-09-23,10:05:49,부과,만덕동 904
2024-09-23,10:06:28,부과,만덕동 904
2024-09-23,10:18:52,부과,덕천동 398-4
2024-09-23,10:37:27,부과,덕천동 462
2024-09-23,10:43:57,부과,덕천동 317-4
2024-09-23,11:17:28,부과,구포동 1166-41
2024-09-23,11:58:01,부과,만덕동 950
2024-09-23,12:03:45,비부과,구포동 959-1
2024-09-23,12:42:33,부과,만덕동 903
2024-09-23,12:44:57,부과,화명동 1293-3
2024-09-23,12:55:16,부과,만덕동 904
2024-09-23,13:47:20,부과,금곡동 108
2024-09-23,15:22:19,부과,구포동 1282
2024-09-23,16:50:06,부과,구포동 1279
2024-09-23,17:06:04,비부과,금곡동 116
2024-09-23,17:50:12,부과,구포동 1060-455
2024-09-23,17:54:50,부과,덕천동 552-1
2024-09-23,18:05:22,비부과,금곡동 1875
2024-09-23,19:02:00,비부과,만덕동 830-49
2024-09-23,19:13:48,비부과,만덕동 282-5
2024-09-23,19:20:55,부과,만덕동 305-1
2024-09-23,20:28:07,부과,구포동 1060-260
2024-09-23,20:29:40,부과,구포동 1060-260
2024-09-23,21:28:26,부과,구포동 1120-6
2024-09-23,21:33:19,비부과,화명동 1955-20
2024-09-23,22:14:40,부과,화명동 1161-15
2024-09-23,22:32:58,비부과,구포동 1154-20
2024-09-23,22:51:19,부과,화명동 2257
2024-09-23,22:53:37,부과,화명동 2257
2024-09-24,00:05:34,부과,만덕동 941-2
2024-09-24,00:07:06,부과,만덕동 941-2
2024-09-24,08:30:09,부과,덕천동 552-1
2024-09-24,08:36:43,부과,덕천동 539-6
2024-09-24,09:17:16,부과,화명동 745
2024-09-24,10:15:00,비부과,덕천동 305-42
2024-09-24,11:17:21,부과,만덕동 898
2024-09-24,11:27:39,부과,만덕동 904
2024-09-24,11:31:28,부과,구포동 1161-1
2024-09-24,11:33:01,부과,구포동 461-1
2024-09-24,11:43:08,부과,만덕동 825-20
2024-09-24,12:12:05,부과,만덕동 950
2024-09-24,12:12:33,부과,만덕동 950
2024-09-24,12:12:57,부과,만덕동 950
2024-09-24,12:15:11,비부과,덕천동 462
2024-09-24,12:46:57,부과,구포동 451-1
2024-09-24,14:09:18,부과,금곡동 105
2024-09-24,14:29:00,부과,덕천동 452-43
2024-09-24,14:30:47,부과,덕천동 462
2024-09-24,14:57:52,부과,덕천동 462
2024-09-24,15:50:53,비부과,금곡동 109-1
2024-09-24,16:44:05,부과,만덕동 646-15
2024-09-24,17:18:10,부과,구포동 1269-1
2024-09-24,17:21:02,부과,구포동 1277
2024-09-24,17:30:30,부과,만덕동 904
2024-09-24,18:12:18,부과,덕천동 381-16
2024-09-24,18:43:51,비부과,구포동 297-9
2024-09-24,18:45:55,부과,덕천동 561-1
2024-09-24,18:46:25,부과,덕천동 561-2
2024-09-24,18:48:41,부과,덕천동 592-9
2024-09-24,18:59:51,비부과,화명동 2257
2024-09-24,19:27:33,부과,구포동 1285
2024-09-24,19:44:11,부과,만덕동 904
2024-09-24,20:00:23,부과,화명동 752
2024-09-24,20:21:23,부과,구포동 1060-260
2024-09-24,21:38:45,부과,구포동 1060-316
2024-09-24,21:40:17,비부과,구포동 1060-316
2024-09-24,21:41:53,부과,구포동 1060-316
2024-09-24,21:41:53,부과,구포동 1060-316
2024-09-24,22:22:50,부과,화명동 2257
2024-09-25,06:18:22,부과,만덕동 605-11
2024-09-25,06:54:21,부과,금곡동 1425
2024-09-25,06:59:04,비부과,금곡동 1117
2024-09-25,08:24:10,부과,구포동 1268
2024-09-25,08:52:44,부과,덕천동 327
2024-09-25,09:20:55,비부과,덕천동 472
2024-09-25,09:24:06,부과,덕천동 327
2024-09-25,09:39:26,부과,덕천동 315-51
2024-09-25,09:43:58,부과,구포동 1189
2024-09-25,09:49:22,부과,만덕동 904
2024-09-25,09:49:58,부과,구포동 1157-1
2024-09-25,09:56:15,부과,구포동 972
2024-09-25,09:56:34,부과,구포동 972
2024-09-25,09:56:58,부과,구포동 779-3
2024-09-25,10:52:22,부과,구포동 1296-1
2024-09-25,11:52:04,비부과,만덕동 598-6
2024-09-25,12:39:23,부과,구포동 1189
2024-09-25,13:05:52,비부과,화명동 2021-2
2024-09-25,13:17:07,비부과,만덕동 829-5
2024-09-25,13:32:53,부과,덕천동 327
2024-09-25,13:49:27,부과,구포동 1268
2024-09-25,13:53:49,부과,만덕동 903
2024-09-25,13:53:50,비부과,화명동 740-5
2024-09-25,13:54:37,부과,만덕동 904
2024-09-25,15:46:47,부과,화명동 640-23
2024-09-25,16:23:24,부과,구포동 1189
2024-09-25,18:58:58,비부과,금곡동 109-1
2024-09-25,19:08:04,비부과,금곡동 109-1
2024-09-25,19:16:23,비부과,금곡동 109-1
2024-09-25,19:29:52,부과,만덕동 904
2024-09-25,19:48:41,비부과,화명동 2257
2024-09-25,20:04:23,비부과,덕천동 50-3
2024-09-25,20:09:35,부과,구포동 896-23
2024-09-25,20:23:09,부과,화명동 1430
2024-09-25,20:25:33,비부과,화명동 2341
2024-09-25,20:32:36,부과,덕천동 327
2024-09-25,21:12:37,부과,화명동 1470-10
2024-09-25,21:17:25,비부과,구포동 263-10
2024-09-25,21:28:53,비부과,화명동 2257
2024-09-25,21:30:54,비부과,화명동 2257
2024-09-25,21:31:38,비부과,화명동 2257
2024-09-25,21:34:05,비부과,화명동 2257
2024-09-25,21:36:03,부과,구포동 1087-1
2024-09-25,21:36:17,비부과,화명동 2257
2024-09-25,21:36:30,부과,구포동 1189
2024-09-25,21:36:43,비부과,화명동 2257
2024-09-25,21:45:56,부과,구포동 1206-37
2024-09-25,22:46:18,부과,구포동 1060-260
2024-09-25,22:47:56,부과,구포동 1060-454
2024-09-25,23:27:36,비부과,만덕동 955
2024-09-26,00:24:18,부과,화명동 1222-2
2024-09-26,00:25:57,부과,화명동 2257
2024-09-26,00:30:04,부과,화명동 2257
2024-09-26,00:32:20,부과,화명동 2274-4
2024-09-26,00:34:19,부과,화명동 2257
2024-09-26,00:39:01,부과,화명동 2274-4
2024-09-26,00:42:45,부과,화명동 2257
2024-09-26,08:25:24,부과,구포동 897-21
2024-09-26,08:42:43,부과,구포동 1189
2024-09-26,10:07:57,비부과,만덕동 95-1
2024-09-26,10:10:38,비부과,만덕동 830-34
2024-09-26,10:16:04,비부과,만덕동 830-34
2024-09-26,10:53:37,부과,구포동 430-46
2024-09-26,11:05:04,비부과,구포동 1189
2024-09-26,11:35:21,부과,만덕동 950
2024-09-26,11:41:38,부과,구포동 1290
2024-09-26,11:51:02,부과,만덕동 950
2024-09-26,11:51:31,부과,만덕동 950
2024-09-26,11:51:59,부과,만덕동 950
2024-09-26,12:06:45,비부과,화명동 2011
2024-09-26,12:39:03,부과,화명동 1219-2
2024-09-26,13:08:55,비부과,구포동 1060-316
2024-09-26,13:46:57,비부과,구포동 1049-8
2024-09-26,14:14:23,비부과,화명동 732
2024-09-26,14:57:13,부과,금곡동 1881
2024-09-26,15:02:03,부과,만덕동 904
2024-09-26,16:19:39,비부과,덕천동 462
2024-09-26,16:40:13,부과,구포동 1271
2024-09-26,16:52:35,비부과,덕천동 376-13
2024-09-26,17:02:55,비부과,덕천동 462-1
2024-09-26,17:11:05,비부과,만덕동 903
2024-09-26,17:24:13,부과,덕천동 474
2024-09-26,17:57:40,부과,만덕동 933
2024-09-26,18:08:13,부과,구포동 1268
2024-09-26,18:39:53,부과,화명동 2324
2024-09-26,18:40:34,부과,사상구 모라동 1368
2024-09-26,18:45:35,부과,화명동 2334
2024-09-26,19:06:13,부과,구포동 1220-11
2024-09-26,19:07:52,부과,만덕동 904
2024-09-26,19:38:12,부과,화명동 2257
2024-09-26,19:39:13,부과,화명동 2257
2024-09-26,20:12:17,비부과,구포동 1100-6
2024-09-26,20:14:40,부과,화명동 2257
2024-09-26,20:35:12,부과,화명동 2257
2024-09-26,20:38:04,부과,화명동 2274-4
2024-09-26,20:40:35,부과,화명동 2257
2024-09-26,20:42:54,부과,화명동 2257
2024-09-26,20:57:15,부과,화명동 2257
2024-09-26,21:02:47,부과,화명동 2274-4
2024-09-26,21:14:24,부과,화명동 2273
2024-09-26,23:22:53,부과,구포동 1060-260
2024-09-27,01:02:07,부과,구포동 1060-260
2024-09-27,06:19:46,부과,덕천동 814-4
2024-09-27,07:01:24,부과,구포동 1282
2024-09-27,07:04:26,부과,만덕동 898
2024-09-27,08:06:17,부과,만덕동 899
2024-09-27,09:24:14,부과,화명동 2257
2024-09-27,09:48:43,부과,만덕동 847-4
2024-09-27,09:50:01,부과,만덕동 950
2024-09-27,10:04:01,부과,만덕동 904
2024-09-27,10:35:58,부과,만덕동 950
2024-09-27,10:57:32,부과,구포동 430-24
2024-09-27,11:30:56,부과,덕천동 322-24
2024-09-27,11:32:52,부과,덕천동 316-40
2024-09-27,11:37:46,비부과,화명동 2281
2024-09-27,11:43:51,비부과,화명동 2257
2024-09-27,11:46:18,비부과,화명동 2280
2024-09-27,12:17:45,부과,만덕동 950
2024-09-27,12:19:22,부과,만덕동 950
2024-09-27,14:13:40,비부과,덕천동 376-22
2024-09-27,14:33:13,부과,구포동 1189
2024-09-27,14:33:28,부과,구포동 1189
2024-09-27,14:41:41,부과,구포동 1184-9
2024-09-27,14:51:48,부과,만덕동 922-2
2024-09-27,15:19:31,부과,만덕동 904
2024-09-27,16:12:30,부과,구포동 1124-1
2024-09-27,16:13:32,부과,금곡동 108
2024-09-27,16:14:32,비부과,덕천동 327
2024-09-27,16:22:39,비부과,덕천동 327
2024-09-27,16:56:02,비부과,화명동 959-6
2024-09-27,18:13:09,부과,구포동 1189
2024-09-27,18:15:27,비부과,금곡동 94-1
2024-09-27,18:30:11,부과,덕천동 462
2024-09-27,18:58:07,비부과,만덕동 903
2024-09-27,19:05:47,부과,만덕동 903
2024-09-27,19:16:14,비부과,덕천동 462
2024-09-27,19:18:21,부과,금곡동 97-10
2024-09-27,21:00:03,부과,구포동 1139
2024-09-27,21:56:08,부과,화명동 2257
2024-09-27,21:58:37,부과,화명동 2274-4
2024-09-27,22:12:29,부과,화명동 2257
2024-09-27,22:40:13,부과,구포동 1272
2024-09-27,23:44:26,부과,만덕동 산 195-10
2024-09-28,00:13:31,부과,만덕동 670-1
2024-09-28,00:20:27,부과,화명동 2257
2024-09-28,00:33:22,부과,화명동 192
2024-09-28,01:27:21,부과,금곡동 521-9
2024-09-28,01:53:24,부과,화명동 2257
2024-09-28,07:03:02,비부과,구포동 918-5
2024-09-28,07:20:54,부과,화명동 2257
2024-09-28,07:21:15,비부과,화명동 2257
2024-09-28,07:42:43,부과,화명동 1430
2024-09-28,08:01:27,비부과,구포동 1296
2024-09-28,08:06:01,부과,구포동 1060-260
2024-09-28,08:07:24,비부과,금곡동 1117
2024-09-28,08:40:19,부과,덕천동 327
2024-09-28,09:00:00,부과,구포동 247-1
2024-09-28,09:02:35,부과,구포동 930-21
2024-09-28,09:04:16,부과,구포동 1060-79
2024-09-28,09:05:55,부과,구포동 1060-533
2024-09-28,09:12:11,부과,덕천동 462
2024-09-28,09:14:05,부과,구포동 430-24
2024-09-28,09:58:09,부과,화명동 1430
2024-09-28,10:35:00,비부과,화명동 2257
2024-09-28,10:37:41,비부과,화명동 2257
2024-09-28,11:08:31,비부과,화명동 2257
2024-09-28,11:10:51,부과,화명동 1293-3
2024-09-28,11:28:32,부과,덕천동 814-4
2024-09-28,12:16:11,부과,화명동 1431
2024-09-28,12:19:42,부과,만덕동 825-20
2024-09-28,12:22:05,부과,화명동 1430
2024-09-28,12:31:31,비부과,화명동 1229
2024-09-28,12:52:36,부과,구포동 451-1
2024-09-28,13:13:05,부과,금곡동 123
2024-09-28,13:13:05,부과,금곡동 123
2024-09-28,13:14:57,부과,구포동 451-1
2024-09-28,13:40:22,부과,구포동 1124-1
2024-09-28,13:42:09,비부과,화명동 2314-1
2024-09-28,14:39:00,비부과,화명동 2257
2024-09-28,14:39:44,부과,화명동 1293-3
2024-09-28,14:41:37,부과,화명동 2257
2024-09-28,14:45:48,비부과,화명동 2280
2024-09-28,16:10:21,비부과,화명동 2257
2024-09-28,17:15:23,부과,구포동 1060-455
2024-09-28,17:16:53,부과,구포동 1060-260
2024-09-28,17:30:36,비부과,구포동 1280
2024-09-28,18:12:31,부과,화명동 2257
2024-09-28,18:16:27,부과,덕천동 561-1
2024-09-28,18:17:21,부과,덕천동 561-1
2024-09-28,18:31:39,부과,화명동 2285
2024-09-28,18:44:58,부과,만덕동 904
2024-09-28,18:54:47,부과,화명동 2274-4
2024-09-28,19:16:36,부과,구포동 710-3
2024-09-28,19:39:10,부과,만덕동 835-2
2024-09-28,19:42:03,부과,만덕동 955
2024-09-28,19:56:02,비부과,덕천동 462
2024-09-28,20:04:54,부과,구포동 1213-11
2024-09-28,20:05:12,부과,만덕동 955-3
2024-09-28,20:10:46,부과,구포동 1207-9
2024-09-28,20:11:08,부과,화명동 1430
2024-09-28,20:41:53,비부과,구포동 1083-5
2024-09-28,21:12:04,부과,덕천동 467-2
2024-09-28,21:40:49,부과,화명동 2257
2024-09-28,23:19:55,비부과,구포동 918-5
2024-09-29,01:10:49,비부과,덕천동 462
2024-09-29,06:48:44,부과,만덕동 950
2024-09-29,07:53:57,부과,구포동 295-1
2024-09-29,07:56:57,부과,구포동 1060-6
2024-09-29,08:02:36,부과,구포동 372-2
2024-09-29,08:25:25,부과,금곡동 1193-56
2024-09-29,08:29:49,부과,구포동 1282
2024-09-29,09:31:45,부과,덕천동 797
2024-09-29,10:04:50,부과,덕천동 561-1
2024-09-29,10:05:22,부과,덕천동 561-1
2024-09-29,10:10:53,부과,구포동 451-1
2024-09-29,10:14:49,부과,만덕동 847-4
2024-09-29,10:47:41,부과,화명동 2257
2024-09-29,10:48:18,부과,화명동 2257
2024-09-29,10:48:47,부과,화명동 2275-5
2024-09-29,10:49:11,부과,화명동 2257
2024-09-29,11:10:42,비부과,화명동 2257
2024-09-29,11:11:34,부과,화명동 2257
2024-09-29,11:11:41,부과,만덕동 904
2024-09-29,11:12:04,부과,화명동 2257
2024-09-29,11:12:13,부과,만덕동 904
2024-09-29,11:16:38,부과,만덕동 904
2024-09-29,11:17:58,부과,구포동 779-3
2024-09-29,11:18:10,부과,화명동 2271-1
2024-09-29,11:18:26,부과,구포동 779-3
2024-09-29,11:18:47,부과,구포동 779-3
2024-09-29,11:20:00,비부과,구포동 779-3
2024-09-29,11:20:31,비부과,구포동 779-3
2024-09-29,11:20:48,비부과,구포동 779-3
2024-09-29,11:21:05,비부과,구포동 779-3
2024-09-29,11:21:23,비부과,구포동 779-3
2024-09-29,12:27:59,비부과,구포동 156-11
2024-09-29,12:34:18,부과,만덕동 904
2024-09-29,13:02:21,비부과,구포동 918-5
2024-09-29,13:17:27,부과,만덕동 904
2024-09-29,13:52:09,부과,만덕동 904
2024-09-29,13:52:30,부과,만덕동 904
2024-09-29,13:53:44,부과,구포동 1282
2024-09-29,13:55:10,부과,만덕동 904
2024-09-29,14:02:31,부과,만덕동 904
2024-09-29,15:07:03,비부과,구포동 148
2024-09-29,15:08:41,부과,만덕동 904
2024-09-29,15:19:20,비부과,금곡동 56-1
2024-09-29,16:23:09,부과,화명동 1470-31
2024-09-29,16:23:45,비부과,화명동 745
2024-09-29,17:32:58,부과,구포동 1060-402
2024-09-29,18:32:03,비부과,화명동 2257
2024-09-29,18:53:02,비부과,화명동 2257
2024-09-29,19:04:18,부과,구포동 1269-1
2024-09-29,19:32:38,부과,화명동 2295-3
2024-09-29,19:34:16,부과,구포동 1189
2024-09-29,19:39:36,부과,만덕동 904
2024-09-29,19:56:43,부과,만덕동 937
2024-09-29,20:01:15,부과,만덕동 904
2024-09-29,20:13:01,부과,만덕동 642-110
2024-09-29,20:20:07,부과,만덕동 642-110
2024-09-29,20:29:42,부과,구포동 897-21
2024-09-29,20:34:25,부과,구포동 918-5
2024-09-29,20:47:59,부과,화명동 2257
2024-09-29,21:07:59,비부과,덕천동 462
2024-09-29,21:45:39,부과,덕천동 388-2
2024-09-29,22:11:48,부과,화명동 2257
2024-09-29,22:15:25,부과,화명동 2257
2024-09-29,22:17:37,비부과,화명동 2267-3
2024-09-29,23:26:22,부과,구포동 1060-449
2024-09-29,23:27:42,부과,화명동 2276-4
2024-09-30,01:59:01,부과,덕천동 462
2024-09-30,09:00:43,부과,덕천동 322-24
2024-09-30,09:14:43,부과,덕천동 473-4
2024-09-30,09:29:55,부과,덕천동 313-1
2024-09-30,09:33:43,부과,덕천동 313-1
2024-09-30,10:10:53,부과,만덕동 898
2024-09-30,10:39:12,부과,구포동 1267
2024-09-30,11:28:53,부과,만덕동 835-2
2024-09-30,13:36:37,부과,구포동 1189
2024-09-30,13:53:40,부과,덕천동 327
2024-09-30,14:21:04,비부과,덕천동 429-55
2024-09-30,14:21:35,부과,구포동 1189
2024-09-30,16:07:14,부과,만덕동 849-7
2024-09-30,16:41:03,부과,화명동 2257
2024-09-30,17:17:14,비부과,화명동 2257
2024-09-30,17:19:46,비부과,덕천동 467-2
2024-09-30,17:36:26,부과,구포동 1269-1
2024-09-30,17:50:28,부과,화명동 2257
2024-09-30,17:50:28,비부과,금곡동 1875
2024-09-30,18:14:23,비부과,구포동 700-109
2024-09-30,19:07:57,비부과,화명동 699-1
2024-09-30,19:09:56,부과,화명동 699-1
2024-09-30,19:21:10,부과,만덕동 729-1
2024-09-30,19:48:20,부과,구포동 1271
2024-09-30,19:48:42,부과,화명동 2257
2024-09-30,19:51:51,부과,구포동 1271
2024-09-30,19:59:09,부과,구포동 1271
2024-09-30,20:10:16,부과,화명동 1414-1
2024-09-30,20:10:50,비부과,구포동 1271
2024-09-30,20:18:18,부과,화명동 1430
2024-09-30,20:20:48,부과,화명동 2257
2024-09-30,20:23:52,비부과,화명동 1430
2024-09-30,20:29:54,부과,화명동 1430
2024-09-30,20:32:18,부과,화명동 1430
2024-09-30,20:32:39,비부과,만덕동 642-52
2024-09-30,20:33:16,부과,화명동 1426-2
2024-09-30,20:34:26,부과,화명동 2257
2024-09-30,20:36:22,부과,화명동 2257
2024-09-30,20:40:19,부과,화명동 2257
2024-09-30,20:56:59,부과,화명동 1161-15
2024-09-30,20:58:39,부과,화명동 1522-4
2024-09-30,21:06:39,부과,화명동 1229
2024-09-30,21:20:36,부과,구포동 1271
2024-09-30,21:21:19,부과,화명동 2257
2024-09-30,21:28:13,부과,덕천동 462
2024-09-30,21:40:53,부과,구포동 1124-13
2024-09-30,21:41:39,부과,구포동 1190
2024-09-30,21:51:29,부과,만덕동 646-15
2024-09-30,22:02:41,부과,화명동 1569-1
2024-09-30,22:04:01,부과,화명동 1569-1
2024-09-30,22:32:26,부과,덕천동 557-1
2024-09-30,23:24:30,부과,화명동 2257
2024-09-30,23:50:24,부과,화명동 2257
2024-09-30,23:52:17,부과,화명동 2257
2024-10-01,02:19:06,부과,만덕동 937
2024-10-01,07:34:40,부과,만덕동 607-1
2024-10-01,07:38:35,부과,구포동 1153
2024-10-01,08:31:52,부과,구포동 915-41
2024-10-01,09:20:41,부과,덕천동 313-1
2024-10-01,09:38:14,부과,구포동 1189
2024-10-01,09:47:39,부과,구포동 263-9
2024-10-01,10:03:25,부과,화명동 1718-3
2024-10-01,10:09:46,부과,화명동 1718-7
2024-10-01,10:20:58,부과,만덕동 945-5
2024-10-01,10:29:03,부과,덕천동 312-12
2024-10-01,10:37:29,부과,만덕동 900
2024-10-01,11:37:08,비부과,구포동 148
2024-10-01,11:58:40,부과,구포동 1169
2024-10-01,12:27:46,부과,만덕동 904
2024-10-01,14:43:24,부과,만덕동 904
2024-10-01,15:02:41,부과,구포동 548-1
2024-10-01,15:14:09,부과,화명동 1293-3
2024-10-01,15:18:04,비부과,화명동 1293-4
2024-10-01,15:43:51,부과,만덕동 904
2024-10-01,16:22:51,부과,만덕동 904
2024-10-01,17:12:26,비부과,덕천동 462
2024-10-01,17:25:04,비부과,구포동 79-22
2024-10-01,17:35:02,부과,만덕동 904
2024-10-01,17:47:06,비부과,덕천동 462
2024-10-01,17:56:59,비부과,구포동 923-1
2024-10-01,18:03:08,비부과,구포동 1084-3
2024-10-01,18:04:11,부과,구포동 1189
2024-10-01,18:09:42,부과,구포동 1124-13
2024-10-01,18:14:35,부과,덕천동 590
2024-10-01,18:18:45,부과,구포동 1124-13
2024-10-01,18:20:51,부과,만덕동 904
2024-10-01,18:55:51,부과,화명동 1528-2
2024-10-01,19:29:29,부과,덕천동 597-4
2024-10-01,20:05:51,비부과,구포동 1124-1
2024-10-01,20:33:21,부과,화명동 2257
2024-10-01,20:34:27,비부과,덕천동 400-8
2024-10-01,20:35:17,부과,화명동 2257
2024-10-01,20:37:24,부과,화명동 2257
2024-10-01,20:39:11,부과,화명동 2257
2024-10-01,21:39:24,부과,구포동 1189
2024-10-01,22:22:04,부과,구포동 1124-13
2024-10-01,23:05:22,부과,화명동 356-2
2024-10-01,23:14:11,부과,구포동 1084-3
2024-10-01,23:29:49,부과,화명동 2257
2024-10-01,23:31:18,부과,화명동 2257
2024-10-01,23:34:13,부과,화명동 2257
2024-10-01,23:34:43,비부과,화명동 2257
2024-10-01,23:46:52,부과,구포동 1060-471
2024-10-01,23:52:49,부과,구포동 1060-454
2024-10-01,23:54:31,부과,구포동 1060-260
2024-10-02,07:51:54,부과,덕천동 467-2
2024-10-02,07:53:42,부과,구포동 1154-8
2024-10-02,07:54:01,비부과,구포동 1060-411
2024-10-02,08:27:41,부과,화명동 2268-3
2024-10-02,09:01:21,부과,만덕동 950
2024-10-02,09:01:55,부과,만덕동 950
2024-10-02,09:01:55,부과,만덕동 950
2024-10-02,09:28:56,부과,화명동 1430
2024-10-02,10:07:42,부과,만덕동 955
2024-10-02,10:26:23,부과,구포동 1124-13
2024-10-02,10:31:53,부과,만덕동 256-4
2024-10-02,11:02:23,부과,만덕동 950
2024-10-02,11:14:18,부과,만덕동 904
2024-10-02,11:17:49,비부과,만덕동 950
2024-10-02,11:30:46,부과,만덕동 903
2024-10-02,11:34:48,부과,구포동 459-2
2024-10-02,12:16:18,부과,만덕동 904
2024-10-02,12:17:45,부과,화명동 2302
2024-10-02,12:28:41,부과,구포동 1124-13
2024-10-02,12:29:24,부과,만덕동 904
2024-10-02,13:13:03,부과,만덕동 904
2024-10-02,13:15:58,부과,구포동 1186-25
2024-10-02,13:28:14,부과,구포동 1124-1
2024-10-02,13:30:16,부과,만덕동 904
2024-10-02,13:33:33,부과,만덕동 904
2024-10-02,13:44:55,부과,구포동 1235-12
2024-10-02,13:49:29,부과,만덕동 904
2024-10-02,14:04:04,부과,구포동 1189
2024-10-02,14:16:46,부과,화명동 1293-3
2024-10-02,14:26:18,부과,구포동 688-4
2024-10-02,14:28:13,부과,만덕동 646-15
2024-10-02,14:30:51,부과,만덕동 904
2024-10-02,15:22:03,비부과,만덕동 905
2024-10-02,15:36:54,부과,구포동 1124-1
2024-10-02,15:40:48,부과,덕천동 327
2024-10-02,15:41:11,부과,덕천동 398-15
2024-10-02,15:41:28,부과,구포동 612-8
2024-10-02,15:57:44,부과,금곡동 1885
2024-10-02,16:58:58,비부과,만덕동 955-5
2024-10-02,17:36:19,비부과,만덕동 546-3
2024-10-02,17:36:27,부과,구포동 1190
2024-10-02,17:43:22,부과,만덕동 736-24
2024-10-02,17:50:31,부과,만덕동 598-6
2024-10-02,17:57:24,부과,만덕동 736-24
2024-10-02,18:39:38,부과,구포동 1060-471
2024-10-02,18:41:52,부과,덕천동 462
2024-10-02,19:14:09,부과,화명동 2257
2024-10-02,19:50:10,부과,만덕동 927-1
2024-10-02,19:50:52,비부과,덕천동 383-22
2024-10-02,20:02:45,부과,덕천동 383-22
2024-10-02,20:20:08,부과,만덕동 916-3
2024-10-02,20:22:50,부과,만덕동 934
2024-10-02,20:26:18,부과,만덕동 916-9
2024-10-02,21:03:32,부과,화명동 2273
2024-10-02,21:03:32,부과,화명동 2273
2024-10-02,21:03:32,부과,화명동 2273
2024-10-02,21:28:17,비부과,화명동 2341
2024-10-02,21:28:45,부과,만덕동 898
2024-10-02,21:57:44,부과,화명동 2257
2024-10-02,21:59:57,부과,구포동 1060-334
2024-10-02,22:03:16,부과,화명동 2257
2024-10-02,22:04:48,부과,구포동 1273
2024-10-02,22:05:20,부과,화명동 2273
2024-10-02,22:15:46,부과,구포동 972-51
2024-10-02,22:30:01,부과,덕천동 389-18
2024-10-02,22:44:25,부과,구포동 1060-316
2024-10-03,02:54:54,부과,화명동 2257
2024-10-03,07:35:54,부과,구포동 295-12
2024-10-03,07:38:10,부과,구포동 1060-79
2024-10-03,07:39:44,부과,구포동 1060-473
2024-10-03,07:44:13,비부과,화명동 193-2
2024-10-03,07:45:47,부과,화명동 1430
2024-10-03,07:46:57,부과,화명동 1430
2024-10-03,07:48:06,부과,화명동 1430
2024-10-03,07:49:28,부과,화명동 1431
2024-10-03,07:50:12,비부과,화명동 1426-3
2024-10-03,07:53:46,부과,화명동 1426-1
2024-10-03,08:08:58,부과,화명동 2341-2
2024-10-03,08:09:55,부과,화명동 1431
2024-10-03,08:10:38,부과,화명동 2126
2024-10-03,08:12:05,부과,화명동 2341-2
2024-10-03,08:26:20,부과,화명동 1431
2024-10-03,08:28:45,부과,화명동 1431
2024-10-03,08:47:35,부과,덕천동 472
2024-10-03,09:03:39,부과,덕천동 322-24
2024-10-03,09:05:33,부과,덕천동 316-40
2024-10-03,09:08:34,부과,덕천동 315-10
2024-10-03,09:08:39,비부과,덕천동 315-10
2024-10-03,09:25:48,비부과,구포동 779-3
2024-10-03,09:26:43,비부과,만덕동 903
2024-10-03,09:33:57,부과,구포동 1189
2024-10-03,09:46:08,부과,구포동 391-8
2024-10-03,10:02:06,부과,구포동 655-5
2024-10-03,10:22:48,부과,덕천동 313-1
2024-10-03,10:27:24,부과,덕천동 814-10
2024-10-03,10:31:52,부과,구포동 464-1
2024-10-03,10:34:40,부과,구포동 1249-1
2024-10-03,10:39:04,부과,구포동 655-5
2024-10-03,11:49:03,부과,구포동 451-1
2024-10-03,12:05:37,비부과,구포동 896-23
2024-10-03,12:10:39,부과,구포동 1279
2024-10-03,12:28:40,부과,만덕동 904
2024-10-03,12:43:15,비부과,구포동 156-11
2024-10-03,12:58:36,비부과,구포동 156-11
2024-10-03,13:19:12,부과,구포동 1060-316
2024-10-03,14:22:43,부과,만덕동 845-1
2024-10-03,15:00:56,부과,화명동 295
2024-10-03,15:08:35,부과,구포동 169-5
2024-10-03,15:15:31,부과,만덕동 904
2024-10-03,15:24:42,부과,덕천동 300-7
2024-10-03,15:28:10,부과,만덕동 848-1
2024-10-03,15:28:45,부과,만덕동 904
2024-10-03,15:29:24,부과,만덕동 903
2024-10-03,15:47:16,비부과,구포동 1060-52
2024-10-03,15:47:34,부과,구포동 1060-51
2024-10-03,16:15:18,부과,구포동 1283
2024-10-03,16:53:31,비부과,만덕동 903
2024-10-03,18:04:00,부과,화명동 1218-2
2024-10-03,18:53:21,부과,덕천동 406
2024-10-03,19:12:10,부과,만덕동 305-1
2024-10-03,19:17:48,부과,구포동 1269-1
2024-10-03,19:20:11,부과,구포동 1269-1
2024-10-03,19:25:12,부과,구포동 920-13
2024-10-03,20:06:20,비부과,화명동 2286-3
2024-10-03,20:09:18,부과,구포동 1189
2024-10-03,20:14:16,부과,덕천동 462
2024-10-03,21:27:49,부과,구포동 916-1
2024-10-03,21:33:14,부과,화명동 1430
2024-10-03,21:54:31,부과,화명동 2341
2024-10-03,21:57:52,부과,화명동 1430
2024-10-03,21:58:55,부과,화명동 1430
2024-10-03,22:00:45,부과,화명동 1430
2024-10-03,22:41:34,부과,구포동 1060-470
2024-10-04,02:31:18,부과,화명동 2257
2024-10-04,03:27:54,부과,구포동 1060-316
2024-10-04,03:30:05,부과,구포동 1060-316
2024-10-04,05:59:35,부과,덕천동 462
2024-10-04,08:00:41,부과,화명동 1430
2024-10-04,08:03:25,부과,화명동 2341
2024-10-04,08:35:04,부과,구포동 1186-1
2024-10-04,08:38:51,부과,구포동 1189
2024-10-04,10:57:37,부과,구포동 213-3
2024-10-04,11:01:31,부과,덕천동 322-24
2024-10-04,11:03:16,부과,덕천동 316-40
2024-10-04,12:24:13,부과,덕천동 327
2024-10-04,12:28:10,부과,만덕동 903
2024-10-04,13:15:17,비부과,화명동 1293-5
2024-10-04,13:19:29,부과,화명동 745
2024-10-04,13:23:54,비부과,화명동 2257
2024-10-04,13:27:11,비부과,화명동 2257
2024-10-04,13:33:27,비부과,화명동 2257
2024-10-04,13:36:21,비부과,화명동 2257
2024-10-04,13:47:34,부과,만덕동 903
2024-10-04,15:27:37,부과,구포동 1154-1
2024-10-04,16:12:38,부과,화명동 1293-4
2024-10-04,16:13:19,부과,화명동 745
2024-10-04,16:14:31,비부과,화명동 745
2024-10-04,16:15:43,부과,화명동 745
2024-10-04,16:16:32,비부과,화명동 745
2024-10-04,16:17:22,비부과,화명동 745
2024-10-04,16:19:15,비부과,화명동 745
2024-10-04,16:20:02,부과,화명동 745
2024-10-04,16:32:06,부과,만덕동 904
2024-10-04,16:52:15,비부과,화명동 2257
2024-10-04,16:53:49,부과,덕천동 557-1
2024-10-04,17:08:38,부과,구포동 1049-8
2024-10-04,17:20:36,비부과,구포동 79-22
2024-10-04,17:38:36,부과,만덕동 937
2024-10-04,17:38:55,부과,구포동 1226-2
2024-10-04,18:00:29,부과,만덕동 904
2024-10-04,19:01:24,부과,화명동 2257
2024-10-04,19:14:03,부과,만덕동 904
2024-10-04,20:02:29,부과,화명동 2070-9
2024-10-04,20:04:07,부과,덕천동 556-3
2024-10-04,20:36:35,부과,구포동 1278
2024-10-04,20:49:21,부과,만덕동 899
2024-10-04,20:50:22,부과,만덕동 903
2024-10-04,20:50:59,부과,만덕동 904
2024-10-04,20:51:27,부과,만덕동 903
2024-10-04,20:58:43,부과,덕천동 456
2024-10-04,21:07:09,부과,구포동 1280
2024-10-04,21:11:26,부과,화명동 189
2024-10-04,21:25:23,비부과,화명동 2306
2024-10-04,21:33:16,비부과,화명동 2306
2024-10-04,21:50:51,비부과,화명동 2306
2024-10-04,22:00:28,비부과,화명동 745
2024-10-04,22:02:47,부과,화명동 2257
2024-10-04,22:05:03,부과,화명동 1430
2024-10-04,22:07:54,부과,화명동 1426-1
2024-10-04,22:11:07,부과,만덕동 642-110
2024-10-04,22:35:26,비부과,
2024-10-04,22:35:57,비부과,
2024-10-04,23:35:52,부과,화명동 2257
2024-10-04,23:51:40,부과,구포동 1060-316
2024-10-04,23:53:25,부과,구포동 1060-254
2024-10-05,06:03:23,부과,덕천동 462
2024-10-05,07:32:03,부과,구포동 1186-1
2024-10-05,07:33:47,부과,화명동 741-4
2024-10-05,07:48:11,부과,화명동 2257
2024-10-05,07:48:58,부과,화명동 2257
2024-10-05,07:50:26,부과,화명동 2257
2024-10-05,08:19:10,부과,구포동 1189
2024-10-05,08:21:52,부과,화명동 2257
2024-10-05,09:32:18,부과,구포동 1060-449
2024-10-05,09:43:44,부과,화명동 2275-4
2024-10-05,09:58:57,부과,화명동 1718-7
2024-10-05,10:07:51,부과,화명동 2257
2024-10-05,10:08:25,부과,화명동 2280
2024-10-05,10:24:43,부과,구포동 148
2024-10-05,10:37:24,부과,구포동 179-1
2024-10-05,11:17:45,부과,구포동 1279
2024-10-05,11:48:39,부과,화명동 2257
2024-10-05,11:52:56,비부과,덕천동 460-2
2024-10-05,11:53:55,비부과,덕천동 327
2024-10-05,11:56:46,부과,화명동 2257
2024-10-05,12:23:16,부과,금곡동 54-10
2024-10-05,12:23:28,부과,화명동 2257
2024-10-05,12:26:09,부과,화명동 2257
2024-10-05,12:27:20,부과,금곡동 116
2024-10-05,13:23:47,비부과,덕천동 472
2024-10-05,13:26:56,부과,덕천동 472
2024-10-05,13:28:19,부과,구포동 548-1
2024-10-05,13:29:05,부과,덕천동 332-3
2024-10-05,13:45:20,부과,구포동 1278
2024-10-05,14:03:11,부과,만덕동 904
2024-10-05,14:19:18,부과,덕천동 357-12
2024-10-05,15:18:02,부과,금곡동 108
2024-10-05,15:19:01,부과,화명동 2274-4
2024-10-05,15:23:57,비부과,금곡동 54-3
2024-10-05,16:03:16,부과,만덕동 904
2024-10-05,16:16:20,부과,화명동 2257
2024-10-05,16:37:20,비부과,구포동 723-2
2024-10-05,16:45:07,비부과,덕천동 308-52
2024-10-05,16:52:31,비부과,화명동 741-3
2024-10-05,17:17:05,부과,구포동 920-16
2024-10-05,17:18:15,부과,덕천동 462
2024-10-05,17:22:30,부과,구포동 1060-316
2024-10-05,17:23:59,부과,구포동 1060-309
2024-10-05,17:25:39,부과,구포동 1060-260
2024-10-05,17:47:18,부과,만덕동 302-1
2024-10-05,17:54:26,비부과,화명동 1170-1
2024-10-05,17:56:04,부과,만덕동 903
2024-10-05,18:25:19,부과,구포동 713-3
2024-10-05,18:48:12,부과,구포동 700-149
2024-10-05,18:50:30,부과,구포동 1269-1
2024-10-05,19:41:32,부과,화명동 699-1
2024-10-05,19:42:57,비부과,만덕동 955-5
2024-10-05,19:46:05,비부과,화명동 699-1
2024-10-05,19:47:20,비부과,화명동 699-1
2024-10-05,20:00:28,부과,화명동 2257
2024-10-05,20:29:01,부과,화명동 2257
2024-10-05,20:29:47,부과,덕천동 355-4
2024-10-05,20:29:50,부과,화명동 2270-1
2024-10-05,21:04:31,부과,화명동 745
2024-10-05,23:09:31,부과,화명동 2274-4
2024-10-06,01:04:46,부과,덕천동 792
2024-10-06,03:57:22,부과,화명동 2257
2024-10-06,08:02:24,부과,구포동 1186-3
2024-10-06,09:16:37,부과,구포동 1154-1
2024-10-06,09:18:55,부과,구포동 1296
2024-10-06,09:20:55,부과,구포동 383
2024-10-06,09:23:05,부과,구포동 458-2
2024-10-06,09:33:56,부과,구포동 1063-11
2024-10-06,09:35:26,부과,구포동 1061-3
2024-10-06,09:45:00,부과,구포동 451-1
2024-10-06,10:14:44,비부과,구포동 983-7
2024-10-06,10:58:42,부과,구포동 786-3
2024-10-06,11:14:52,비부과,화명동 2306
2024-10-06,11:18:24,부과,화명동 2306
2024-10-06,11:29:04,비부과,덕천동 310-22
2024-10-06,11:37:03,비부과,덕천동 472
2024-10-06,11:37:54,비부과,덕천동 327
2024-10-06,12:01:47,부과,구포동 656
2024-10-06,12:05:22,부과,화명동 2020-4
2024-10-06,12:42:50,비부과,구포동 1060-320
2024-10-06,12:44:39,부과,구포동 462-2
2024-10-06,12:46:33,부과,구포동 386-3
2024-10-06,12:49:32,부과,구포동 381-15
2024-10-06,12:53:12,부과,화명동 2257
2024-10-06,13:15:59,부과,구포동 1281
2024-10-06,13:43:39,비부과,구포동 783-28
2024-10-06,14:24:52,부과,만덕동 904
2024-10-06,14:29:47,부과,화명동 2324
2024-10-06,14:30:54,비부과,화명동 2306
2024-10-06,14:37:38,비부과,화명동 2306
2024-10-06,14:44:12,비부과,화명동 2306
2024-10-06,14:47:34,비부과,구포동 882-31
2024-10-06,15:12:41,부과,구포동 1278
2024-10-06,15:12:55,부과,만덕동 935
2024-10-06,15:52:15,비부과,덕천동 763
2024-10-06,16:45:19,부과,만덕동 904
2024-10-06,17:00:19,비부과,화명동 2314-1
2024-10-06,17:07:52,부과,만덕동 935
2024-10-06,17:08:37,비부과,화명동 2314-1
2024-10-06,17:23:37,부과,화명동 2341-2
2024-10-06,17:25:12,부과,화명동 2341-2
2024-10-06,17:26:14,부과,구포동 1060-475
2024-10-06,17:26:52,부과,화명동 1431
2024-10-06,17:28:02,부과,구포동 1060-454
2024-10-06,17:31:37,부과,화명동 1430
2024-10-06,17:32:55,부과,화명동 1430
2024-10-06,17:35:33,부과,화명동 1430
2024-10-06,17:37:09,부과,화명동 1430
2024-10-06,17:38:40,부과,화명동 1430
2024-10-06,17:39:30,부과,만덕동 935
2024-10-06,17:59:02,부과,화명동 1431
2024-10-06,18:03:09,비부과,덕천동 462
2024-10-06,18:05:43,부과,화명동 1431
2024-10-06,18:07:43,부과,화명동 1431
2024-10-06,18:08:54,부과,화명동 1431
2024-10-06,18:10:57,부과,화명동 198
2024-10-06,18:12:52,부과,화명동 198
2024-10-06,18:46:38,부과,구포동 1060-465
2024-10-06,18:53:20,부과,만덕동 844
2024-10-06,18:59:35,부과,화명동 198
2024-10-06,19:00:51,비부과,화명동 2126
2024-10-06,19:14:25,부과,만덕동 935
2024-10-06,19:29:06,비부과,만덕동 960
2024-10-06,21:18:49,부과,화명동 2257
2024-10-06,21:25:00,비부과,화명동 2306
2024-10-06,21:33:28,비부과,화명동 2306
2024-10-06,21:48:42,부과,금곡동 119
2024-10-06,21:58:08,비부과,화명동 2306
2024-10-06,23:27:24,부과,화명동 2257
2024-10-07,01:02:46,부과,만덕동 935
2024-10-07,01:03:13,비부과,만덕동 935
2024-10-07,08:29:33,비부과,만덕동 959-10
2024-10-07,08:33:38,비부과,만덕동 959-7
2024-10-07,09:08:48,부과,구포동 1189
2024-10-07,09:24:33,부과,덕천동 316-40
2024-10-07,10:51:15,부과,구포동 430-21
2024-10-07,11:23:18,부과,구포동 1189
2024-10-07,12:08:07,부과,구포동 1189
2024-10-07,12:45:55,비부과,덕천동 472
2024-10-07,12:51:17,부과,구포동 1189
2024-10-07,13:07:31,비부과,덕천동 471
2024-10-07,13:59:02,부과,구포동 1271
2024-10-07,14:01:28,부과,화명동 2257
2024-10-07,16:23:48,부과,구포동 549-2
2024-10-07,16:32:55,부과,덕천동 462
2024-10-07,16:34:36,부과,만덕동 903
2024-10-07,18:40:30,부과,덕천동 467-2
2024-10-07,19:49:09,부과,구포동 1271
2024-10-07,20:35:12,부과,구포동 1278
2024-10-07,20:49:30,부과,구포동 1207-9
2024-10-07,20:52:09,부과,구포동 1207-9
2024-10-07,21:30:25,부과,구포동 1189
2024-10-08,03:42:58,부과,구포동 1060-454
2024-10-08,05:09:18,부과,구포동 1060-260
2024-10-08,06:36:59,부과,덕천동 353-3
2024-10-08,08:13:21,부과,구포동 209
2024-10-08,09:30:50,비부과,화명동 188
2024-10-08,09:38:13,부과,덕천동 313-2
2024-10-08,09:54:22,부과,구포동 1189
2024-10-08,10:04:09,부과,덕천동 322-24
2024-10-08,10:08:43,부과,덕천동 458
2024-10-08,10:10:23,부과,덕천동 458
2024-10-08,11:36:47,부과,구포동 156-11
2024-10-08,11:55:34,부과,구포동 585-1
2024-10-08,11:56:11,부과,만덕동 904
2024-10-08,12:22:06,부과,구포동 1206-12
2024-10-08,12:48:33,부과,만덕동 904
2024-10-08,13:01:55,부과,구포동779-3
2024-10-08,14:24:33,부과,만덕동 904
2024-10-08,14:30:17,비부과,구포동 968-4
2024-10-08,14:36:08,부과,화명동 1718-3
2024-10-08,14:59:00,비부과,구포동 1282
2024-10-08,16:39:34,부과,화명동 1430
2024-10-08,17:34:21,부과,구포동 1197-36
2024-10-08,17:38:17,부과,화명동 2257
2024-10-08,17:40:47,부과,화명동 2257
2024-10-08,17:45:29,비부과,덕천동 763-29
2024-10-08,18:22:03,부과,만덕동 904
2024-10-08,18:44:06,비부과,화명동 1170-1
2024-10-08,19:02:58,비부과,화명동 2257
2024-10-08,19:06:38,부과,화명동 2257
2024-10-08,19:15:53,부과,금곡동 123
2024-10-08,20:38:45,부과,화명동 1470-10
2024-10-08,20:47:46,비부과,화명동 1470-10
2024-10-08,21:06:48,부과,덕천동 462
2024-10-08,21:07:09,부과,덕천동 384-17
2024-10-08,21:09:53,부과,덕천동 425-19
2024-10-08,21:17:06,비부과,구포동 147-5
2024-10-08,21:44:44,부과,화명동 2287-1
2024-10-08,21:59:33,부과,구포동 1269-1
2024-10-08,22:17:56,비부과,구포동 1120-7
2024-10-08,22:17:58,부과,화명동 2257
2024-10-08,22:49:10,부과,구포동 1153
2024-10-09,00:18:25,비부과,화명동 1293-8
2024-10-09,01:04:56,부과,만덕동 736-24
2024-10-09,06:14:17,부과,덕천동 473-4
2024-10-09,07:39:32,부과,화명동 1430
2024-10-09,07:40:16,부과,화명동 1430
2024-10-09,07:41:31,부과,화명동 2341-2
2024-10-09,07:42:04,부과,화명동 2341-2
2024-10-09,07:49:54,부과,구포동 1296
2024-10-09,08:01:05,부과,화명동 2341-2
2024-10-09,08:06:11,부과,화명동 1430
2024-10-09,08:25:19,부과,화명동 1426-2
2024-10-09,08:33:12,부과,화명동 1430
2024-10-09,08:35:35,부과,화명동 1430
2024-10-09,08:36:57,부과,화명동 1425-1
2024-10-09,08:41:51,비부과,화명동 1430
2024-10-09,08:45:52,부과,화명동 1430
2024-10-09,09:45:35,부과,구포동 1103-2
2024-10-09,09:53:09,비부과,화명동 2306
2024-10-09,10:21:22,부과,화명동 1430
2024-10-09,10:23:21,부과,구포동 1189
2024-10-09,10:58:08,부과,덕천동 472
2024-10-09,11:06:17,비부과,만덕동 658
2024-10-09,11:07:06,비부과,구포동 602-33
2024-10-09,11:07:40,부과,금곡동 1224-2
2024-10-09,11:34:03,비부과,구포동 621-6
2024-10-09,11:50:42,부과,만덕동 927-1
2024-10-09,11:56:40,부과,화명동 1430
2024-10-09,11:58:03,부과,화명동 1431
2024-10-09,11:59:21,부과,화명동 1426-3
2024-10-09,12:04:06,부과,화명동 1431
2024-10-09,12:12:21,부과,화명동 1431
2024-10-09,12:13:12,부과,화명동 1431
2024-10-09,12:15:09,부과,화명동 1430
2024-10-09,12:23:40,부과,화명동 1430
2024-10-09,12:33:07,부과,구포동 1189
2024-10-09,13:22:00,부과,덕천동 561-1
2024-10-09,13:22:54,부과,덕천동 561-1
2024-10-09,13:23:00,부과,화명동 2257
2024-10-09,13:23:20,부과,덕천동 561-1
2024-10-09,13:23:45,부과,덕천동 561-1
2024-10-09,13:45:09,부과,만덕동 904
2024-10-09,13:46:02,부과,구포동 1060-188
2024-10-09,13:49:05,비부과,구포동 1060-188
2024-10-09,13:52:48,비부과,구포동 1060-334
2024-10-09,13:53:47,비부과,구포동 1060-390
2024-10-09,14:17:05,부과,만덕동 904
2024-10-09,14:34:02,부과,덕천동 355-4
2024-10-09,15:22:38,부과,구포동 1060-188
2024-10-09,15:27:29,부과,화명동 1718-3
2024-10-09,15:29:51,부과,화명동 1718-3
2024-10-09,16:44:46,부과,화명동 1718-13
2024-10-09,17:23:51,부과,덕천동 473-4
2024-10-09,17:37:05,비부과,화명동 2257
2024-10-09,17:38:17,부과,만덕동 904
2024-10-09,17:44:17,비부과,화명동 2306
2024-10-09,18:08:40,비부과,화명동 2306
2024-10-09,18:38:32,부과,화명동 2295-3
2024-10-09,18:42:38,비부과,덕천동 357-12
2024-10-09,18:50:55,부과,만덕동 917
2024-10-09,19:07:56,부과,만덕동 825-20
2024-10-09,19:35:43,부과,화명동 2295-3
2024-10-09,19:42:50,비부과,화명동 2306
2024-10-09,20:32:28,비부과,화명동 2257
2024-10-09,20:43:27,비부과,만덕동 598-6
2024-10-09,20:54:48,부과,구포동 301-1
2024-10-09,22:32:47,부과,구포동 1060-454
2024-10-09,22:58:37,비부과,덕천동 462
2024-10-09,23:31:17,부과,화명동 2272-3
2024-10-10,00:23:02,부과,구포동 1060-512
2024-10-10,07:01:00,부과,구포동 1124-13
2024-10-10,07:01:42,부과,구포동 1282
2024-10-10,07:06:06,부과,구포동 1124-1
2024-10-10,07:42:08,비부과,구포동 923-120
2024-10-10,07:49:13,부과,구포동 620-6
2024-10-10,07:50:13,부과,구포동 1189
2024-10-10,07:53:48,부과,구포동 1186-29
2024-10-10,08:00:25,부과,구포동 1190
2024-10-10,08:35:22,부과,구포동 81-20
2024-10-10,08:39:26,비부과,만덕동 960
2024-10-10,10:34:26,비부과,화명동 189
2024-10-10,10:49:30,부과,구포동 1189
2024-10-10,11:01:22,부과,덕천동 322-24
2024-10-10,11:27:30,부과,구포동 1189
2024-10-10,11:29:19,부과,구포동 1124-13
2024-10-10,11:30:25,부과,구포동 1189
2024-10-10,11:40:30,부과,구포동 1189
2024-10-10,11:42:34,부과,구포동 930-21
2024-10-10,11:59:19,부과,구포동 1091-5
2024-10-10,12:01:11,비부과,만덕동 955-3
2024-10-10,12:04:10,부과,사상구 모라동 1369
2024-10-10,12:21:31,부과,구포동 1189
2024-10-10,12:27:28,비부과,구포동 1090-6
2024-10-10,13:21:56,부과,만덕동 904
2024-10-10,13:54:34,부과,화명동 2286-1
2024-10-10,14:57:58,부과,구포동 1186-25
2024-10-10,15:06:10,부과,구포동 1189
2024-10-10,16:23:56,비부과,화명동 745
2024-10-10,16:25:29,부과,구포동 1189
2024-10-10,16:26:00,비부과,만덕동 872-1
2024-10-10,17:24:06,부과,덕천동 337-14
2024-10-10,18:02:38,부과,만덕동 904
2024-10-10,18:15:28,부과,만덕동 904
2024-10-10,18:16:52,부과,화명동 745
2024-10-10,18:23:05,부과,덕천동 327
2024-10-10,18:31:04,부과,화명동 745
2024-10-10,18:33:15,부과,화명동 745
2024-10-10,18:34:16,부과,화명동 745
2024-10-10,18:44:44,부과,만덕동 904
2024-10-10,19:00:48,부과,구포동 1153
2024-10-10,19:15:17,부과,구포동 1271
2024-10-10,19:26:16,비부과,덕천동 472
2024-10-10,19:44:52,비부과,화명동 2257
2024-10-10,20:15:40,부과,화명동 2257
2024-10-10,20:31:13,비부과,덕천동 327
2024-10-10,21:23:08,부과,구포동 1083-5
2024-10-10,21:24:07,비부과,구포동 169-5
2024-10-10,21:31:38,부과,화명동 2257
2024-10-10,22:56:20,비부과,만덕동 955-5
2024-10-11,00:20:19,부과,덕천동 462
2024-10-11,06:27:32,부과,금곡동 1881
2024-10-11,08:14:21,부과,덕천동 557
2024-10-11,08:19:30,부과,구포동 1060-30
2024-10-11,09:58:25,부과,구포동 968-4
2024-10-11,11:23:42,부과,화명동 294
2024-10-11,11:52:17,부과,화명동 1293-3
2024-10-11,11:59:39,부과,만덕동 904
2024-10-11,13:11:18,비부과,만덕동 955-3
2024-10-11,13:26:40,부과,만덕동 904
2024-10-11,13:27:02,부과,만덕동 904
2024-10-11,13:27:26,부과,만덕동 904
2024-10-11,13:27:50,부과,만덕동 904
2024-10-11,13:50:02,부과,구포동 1189
2024-10-11,15:22:50,부과,만덕동 960-3
2024-10-11,15:24:54,부과,만덕동 904
2024-10-11,15:38:37,부과,구포동 462-2
2024-10-11,16:16:49,부과,화명동 2159
2024-10-11,16:24:21,부과,덕천동 462
2024-10-11,17:02:37,부과,만덕동 904
2024-10-11,17:15:37,부과,구포동 1060-455
2024-10-11,17:57:19,부과,구포동 1282
2024-10-11,18:30:09,비부과,만덕동 896-8
2024-10-11,19:37:34,부과,덕천동 561-1
2024-10-11,19:41:29,비부과,구포동 1285
2024-10-11,19:56:08,부과,만덕동 904
2024-10-11,20:36:16,부과,덕천동 381-3
2024-10-11,20:57:51,부과,덕천동 462
2024-10-11,21:05:45,부과,만덕동 935
2024-10-11,21:08:44,부과,만덕동 935
2024-10-11,21:08:59,부과,만덕동 935
2024-10-11,21:11:27,부과,만덕동 935
2024-10-11,21:12:27,부과,만덕동 935
2024-10-11,21:33:13,부과,덕천동 472
2024-10-11,21:37:45,부과,만덕동 904
2024-10-11,21:38:10,부과,만덕동 898
2024-10-11,21:41:15,부과,만덕동 898
2024-10-11,21:41:58,부과,만덕동 901
2024-10-11,21:42:36,부과,만덕동 903
2024-10-11,21:59:18,비부과,화명동 2324
2024-10-11,22:05:32,부과,화명동 2257
2024-10-11,22:22:28,부과,만덕동 907-9
2024-10-11,23:34:13,부과,화명동 2269-2
2024-10-11,23:37:42,부과,화명동 2272-6
2024-10-12,01:02:54,부과,화명동 2257
2024-10-12,01:05:34,부과,화명동 2257
2024-10-12,02:57:19,부과,화명동 2276-4
2024-10-12,06:49:30,부과,화명동 2257
2024-10-12,07:29:27,부과,구포동 295-1
2024-10-12,07:34:01,부과,구포동 1296
2024-10-12,08:47:00,비부과,화명동 2271-5
2024-10-12,08:59:36,부과,구포동 1246-5
2024-10-12,09:52:14,부과,만덕동 921-14
2024-10-12,09:58:35,부과,구포동 459-2
2024-10-12,10:19:29,부과,구포동 783-28
2024-10-12,10:26:09,부과,구포동 462-2
2024-10-12,10:38:22,비부과,화명동 295
2024-10-12,10:50:32,비부과,화명동 2257
2024-10-12,10:58:24,부과,덕천동 316-40
2024-10-12,11:01:15,부과,덕천동 315-12
2024-10-12,11:05:33,부과,구포동 729-1
2024-10-12,11:35:02,부과,화명동 2270-5
2024-10-12,11:38:25,부과,화명동 2257
2024-10-12,11:40:29,부과,화명동 2257
2024-10-12,11:41:37,부과,화명동 2257
2024-10-12,12:05:54,부과,화명동 2280
2024-10-12,12:22:35,부과,만덕동 899
2024-10-12,12:23:21,부과,만덕동 901
2024-10-12,12:33:59,비부과,만덕동 275
2024-10-12,12:37:07,부과,만덕동 904
2024-10-12,12:50:14,부과,화명동 1293-4
2024-10-12,13:03:58,부과,만덕동 783-14
2024-10-12,13:22:57,부과,화명동 699-1
2024-10-12,13:23:54,비부과,화명동 2257
2024-10-12,13:40:41,부과,화명동 1430
2024-10-12,13:42:34,부과,화명동 1430
2024-10-12,13:46:45,부과,화명동 1430
2024-10-12,14:15:36,부과,만덕동 955-3
2024-10-12,14:31:24,부과,화명동 1430
2024-10-12,15:02:26,부과,만덕동 629-9
2024-10-12,15:28:25,부과,화명동 2257
2024-10-12,15:57:20,비부과,덕천동 472
2024-10-12,17:01:16,부과,화명동 2257
2024-10-12,17:01:49,부과,화명동 2257
2024-10-12,17:14:54,부과,구포동 1124-1
2024-10-12,17:14:59,부과,덕천동 466
2024-10-12,17:18:17,부과,구포동 1060-492
2024-10-12,17:19:10,부과,구포동 1189
2024-10-12,18:33:50,부과,화명동 390-3
2024-10-12,18:56:16,비부과,화명동 1293-1
2024-10-12,19:39:06,부과,화명동 2257
2024-10-12,19:39:21,비부과,화명동 2257
2024-10-12,19:47:00,부과,만덕동 904
2024-10-12,19:49:26,부과,화명동 2280
2024-10-12,19:49:26,부과,화명동 2257
2024-10-12,19:49:34,부과,화명동 2257
2024-10-12,19:49:48,부과,화명동 2257
2024-10-12,19:50:58,부과,화명동 2257
2024-10-12,19:51:00,부과,화명동 2257
2024-10-12,19:51:26,부과,화명동 2257
2024-10-12,19:52:37,부과,화명동 2257
2024-10-12,19:53:11,부과,화명동 2257
2024-10-12,19:54:26,부과,화명동 2257
2024-10-12,19:55:27,부과,화명동 2257
2024-10-12,19:56:11,부과,화명동 2257
2024-10-12,19:57:39,부과,화명동 2280
2024-10-12,19:58:00,부과,화명동 2257
2024-10-12,20:00:03,부과,구포동 1212-1
2024-10-12,20:02:54,비부과,화명동 2257
2024-10-12,20:04:26,부과,화명동 2257
2024-10-12,20:04:50,부과,화명동 2257
2024-10-12,20:13:24,부과,구포동 1269
2024-10-12,20:14:32,비부과,덕천동 396-1
2024-10-12,20:17:33,부과,구포동 1207-9
2024-10-12,20:22:20,부과,구포동 1210-2
2024-10-12,20:44:16,비부과,화명동 972-1
2024-10-12,21:09:44,부과,화명동 2271-2
2024-10-12,21:12:10,부과,화명동 2274-6
2024-10-12,21:12:11,부과,화명동 2257
2024-10-12,21:12:38,부과,화명동 189
2024-10-12,21:13:48,부과,화명동 2257
2024-10-12,21:13:51,부과,화명동 2257
2024-10-12,21:18:04,부과,화명동 189
2024-10-12,21:18:54,비부과,구포동 1172
2024-10-12,22:10:51,부과,구포동 612-1
2024-10-12,22:16:54,부과,화명동 2257
2024-10-12,23:25:35,비부과,덕천동 415-8
2024-10-13,07:32:40,부과,화명동 1430
2024-10-13,07:35:02,부과,화명동 1408
2024-10-13,07:39:53,비부과,화명동 1408
2024-10-13,07:42:16,부과,화명동 1430
2024-10-13,07:43:34,부과,화명동 1430
2024-10-13,07:44:08,부과,덕천동 462
2024-10-13,07:45:36,부과,화명동 1430
2024-10-13,07:46:57,부과,화명동 1431
2024-10-13,07:48:08,부과,화명동 1430
2024-10-13,07:52:38,부과,구포동 1296
2024-10-13,07:54:30,부과,구포동 297-5
2024-10-13,07:56:58,부과,구포동 1060-471
2024-10-13,07:58:34,부과,구포동 1060-45
2024-10-13,07:59:47,부과,화명동 2257
2024-10-13,08:00:22,부과,구포동 1060-472
2024-10-13,08:07:15,부과,구포동 1157-1
2024-10-13,08:14:52,부과,화명동 1430
2024-10-13,08:16:18,부과,화명동 1431
2024-10-13,08:17:52,부과,화명동 1431
2024-10-13,08:18:26,부과,화명동 1431
2024-10-13,08:19:21,부과,화명동 1431
2024-10-13,08:20:41,부과,화명동 1431
2024-10-13,08:21:24,부과,화명동 1431
2024-10-13,08:22:12,비부과,화명동 1431
2024-10-13,08:35:34,부과,화명동 186
2024-10-13,08:56:06,부과,화명동 404-62
2024-10-13,08:56:57,부과,화명동 404-62
2024-10-13,08:58:06,부과,화명동 2341-2
2024-10-13,08:59:28,부과,화명동 2341-2
2024-10-13,08:59:58,부과,화명동 2341-2
2024-10-13,09:19:12,부과,만덕동 743-2
2024-10-13,09:39:51,부과,구포동 482-6
2024-10-13,09:51:28,부과,구포동 482-3
2024-10-13,10:07:50,부과,구포동 381-10
2024-10-13,10:30:28,비부과,덕천동 365-28
2024-10-13,10:49:50,부과,만덕동 904
2024-10-13,11:01:57,부과,구포동 451-1
2024-10-13,11:03:17,비부과,화명동 2276-1
2024-10-13,11:05:00,부과,만덕동 904
2024-10-13,11:07:08,부과,구포동 451-1
2024-10-13,11:09:17,부과,화명동 2257
2024-10-13,11:09:45,부과,화명동 2257
2024-10-13,11:18:58,부과,덕천동 561-1
2024-10-13,11:53:41,부과,덕천동 365-5
2024-10-13,13:05:47,부과,만덕동 904
2024-10-13,14:13:16,비부과,덕천동 403-14
2024-10-13,14:25:46,비부과,구포동 141-4
2024-10-13,14:53:39,부과,구포동 1060-400
2024-10-13,15:11:28,부과,구포동 786-3
2024-10-13,15:12:12,부과,만덕동 904
2024-10-13,15:23:17,비부과,화명동 2257
2024-10-13,15:26:45,부과,화명동 2280
2024-10-13,15:33:02,부과,화명동 2257
2024-10-13,15:38:54,비부과,화명동 2257
2024-10-13,15:42:37,비부과,화명동 2257
2024-10-13,15:45:33,비부과,화명동 2280
2024-10-13,15:47:29,부과,화명동 2257
2024-10-13,15:52:10,비부과,화명동 2257
2024-10-13,15:53:51,비부과,구포동 1067-8
2024-10-13,15:55:05,비부과,화명동 2257
2024-10-13,16:06:25,비부과,덕천동 462
2024-10-13,16:07:24,부과,덕천동 462
2024-10-13,16:11:00,부과,구포동 301-1
2024-10-13,16:12:14,부과,만덕동 905
2024-10-13,16:32:58,부과,구포동 1281
2024-10-13,16:52:59,부과,화명동 2257
2024-10-13,17:14:42,부과,덕천동 388-1
2024-10-13,17:15:46,부과,덕천동 462
2024-10-13,17:16:35,부과,덕천동 462
2024-10-13,17:19:07,부과,덕천동 462
2024-10-13,17:21:02,부과,구포동 1060-316
2024-10-13,17:21:28,부과,덕천동 466
2024-10-13,17:23:35,부과,덕천동 462
2024-10-13,17:47:55,비부과,덕천동 415-17
2024-10-13,17:49:36,비부과,덕천동 462
2024-10-13,18:11:25,부과,화명동 2341
2024-10-13,18:18:25,부과,화명동 1430
2024-10-13,18:30:19,부과,화명동 2257
2024-10-13,18:30:21,비부과,화명동 2257
2024-10-13,18:46:31,비부과,화명동 1718-3
2024-10-13,19:01:52,부과,화명동 1430
2024-10-13,19:02:31,부과,화명동 1430
2024-10-13,19:04:16,비부과,화명동 1408
2024-10-13,19:04:50,부과,덕천동 365-20
2024-10-13,19:06:51,부과,화명동 1411-1
2024-10-13,19:09:11,부과,화명동 1430
2024-10-13,19:10:38,부과,화명동 1430
2024-10-13,19:12:24,부과,화명동 1430
2024-10-13,19:14:12,비부과,구포동 690-42
2024-10-13,19:19:32,부과,구포동 1271
2024-10-13,19:39:47,부과,화명동 2257
2024-10-13,19:44:29,부과,화명동 2257
2024-10-13,19:45:00,부과,화명동 2257
2024-10-13,19:47:50,부과,화명동 2274-6
2024-10-13,19:47:55,부과,화명동 2257
2024-10-13,19:47:55,부과,화명동 2274-6
2024-10-13,19:55:10,부과,만덕동 904
2024-10-13,20:07:34,부과,화명동 2257
2024-10-13,20:10:53,부과,구포동 918-5
2024-10-13,20:22:20,비부과,금곡동 1885
2024-10-13,20:27:49,비부과,금곡동 1881
2024-10-13,20:37:47,부과,화명동 2257
2024-10-13,20:43:18,비부과,금곡동 1885
2024-10-13,20:45:53,비부과,덕천동 355-3
2024-10-13,20:47:06,부과,구포동 1212-1
2024-10-13,21:06:27,부과,구포동 1296
2024-10-13,21:26:44,비부과,화명동 2257
2024-10-13,21:28:00,비부과,화명동 2280
2024-10-13,21:28:17,부과,화명동 2257
2024-10-13,21:47:37,부과,덕천동 403-10
2024-10-13,21:52:04,비부과,화명동 2257
2024-10-13,21:52:05,부과,화명동 2257
2024-10-13,21:57:41,비부과,화명동 2257
2024-10-13,22:43:45,부과,만덕동 937
2024-10-13,22:52:06,부과,구포동 1060-390
2024-10-14,08:00:42,부과,덕천동 424-9
2024-10-14,08:12:14,부과,덕천동 561-1
2024-10-14,09:08:31,부과,덕천동 797
2024-10-14,10:45:55,부과,덕천동 472
2024-10-14,11:03:28,부과,덕천동 316-40
2024-10-14,11:18:37,부과,화명동 2286-3
2024-10-14,13:38:04,부과,구포동 1189
2024-10-14,13:40:03,부과,구포동 1189
2024-10-14,14:30:05,부과,구포동 1124-13
2024-10-14,14:34:29,부과,만덕동 904
2024-10-14,15:03:55,비부과,구포동 156-11
2024-10-14,15:04:05,부과,구포동 1087-1
2024-10-14,15:06:55,부과,구포동 1095-2
2024-10-14,15:06:55,부과,구포동 1095-2
2024-10-14,15:14:28,비부과,구포동 621-6
2024-10-14,15:15:33,부과,화명동 2257
2024-10-14,15:17:48,부과,화명동 2257
2024-10-14,16:12:53,부과,화명동 960-2
2024-10-14,17:53:41,부과,구포동 954-12
2024-10-14,17:54:15,부과,구포동 1290
2024-10-14,18:03:29,부과,구포동 1189
2024-10-14,18:58:50,부과,구포동 1186-29
2024-10-14,19:10:16,부과,구포동 896-23
2024-10-14,19:34:35,부과,구포동 1060-455
2024-10-14,19:35:04,비부과,덕천동 462
2024-10-14,19:36:20,부과,구포동 1060-260
2024-10-14,19:45:13,부과,구포동 1124-1
2024-10-14,20:02:15,부과,덕천동 466
2024-10-14,20:43:04,부과,화명동 1430
2024-10-14,20:45:35,부과,만덕동 904
2024-10-14,23:06:45,부과,화명동 2257
2024-10-15,02:20:13,부과,덕천동 561-1
2024-10-15,02:45:43,부과,덕천동 561-1
2024-10-15,07:00:48,부과,구포동 1243-9
2024-10-15,09:48:24,부과,만덕동 904
2024-10-15,11:02:45,비부과,화명동 295
2024-10-15,12:58:45,부과,구포동 1226-2
2024-10-15,12:59:47,부과,화명동 2257
2024-10-15,13:02:58,부과,화명동 2277-2
2024-10-15,13:29:28,부과,구포동 1189
2024-10-15,14:40:34,비부과,만덕동 597-1
2024-10-15,15:41:29,비부과,만덕동 898
2024-10-15,15:43:51,비부과,만덕동 927-1
2024-10-15,16:20:26,비부과,덕천동 419-20
2024-10-15,17:38:34,부과,덕천동 361
2024-10-15,17:50:23,부과,구포동 1271
2024-10-15,17:58:45,비부과,만덕동 904
2024-10-15,18:37:54,부과,구포동 1207-9
2024-10-15,18:58:24,비부과,화명동 2257
2024-10-15,18:59:14,부과,덕천동 561-1
2024-10-15,18:59:52,부과,덕천동 561-1
2024-10-15,19:04:50,부과,덕천동 561-1
2024-10-15,19:12:03,비부과,덕천동 561-1
2024-10-15,20:20:52,부과,화명동 1430
2024-10-15,20:22:08,부과,화명동 1430
2024-10-15,20:22:09,부과,구포동 1060-402
2024-10-15,20:22:46,부과,덕천동 355-4
2024-10-15,20:39:25,부과,화명동 1430
2024-10-15,20:40:10,부과,화명동 1431
2024-10-15,20:45:18,부과,화명동 2341
2024-10-15,20:45:26,부과,구포동 603-14
2024-10-15,20:46:23,부과,화명동 2341
2024-10-15,20:48:32,부과,화명동 1430
2024-10-15,20:49:13,부과,화명동 1430
2024-10-15,20:55:15,부과,덕천동 410-1
2024-10-15,20:56:50,부과,화명동 1430
2024-10-15,20:59:26,부과,화명동 1430
2024-10-15,21:00:58,부과,화명동 1408
2024-10-15,21:02:05,부과,화명동 1430
2024-10-15,21:04:32,부과,화명동 318
2024-10-15,21:04:46,부과,화명동 1430
2024-10-15,21:11:43,부과,화명동 318-1
2024-10-15,21:25:54,부과,구포동 1124-1
2024-10-15,21:44:26,부과,구포동 1060-260
2024-10-15,23:44:04,비부과,화명동 1375-8
2024-10-16,02:19:11,비부과,덕천동 392-1
2024-10-16,02:19:41,비부과,덕천동 392-1
2024-10-16,05:54:35,부과,구포동 1269-1
2024-10-16,07:06:12,부과,화명동 1440-2
2024-10-16,08:16:28,부과,덕천동 454
2024-10-16,09:26:02,비부과,만덕동 840-33
2024-10-16,09:28:36,부과,덕천동 458
2024-10-16,09:47:17,부과,만덕동 743-2
2024-10-16,09:56:46,부과,덕천동 303-23
2024-10-16,11:08:54,부과,구포동 1186-27
2024-10-16,11:11:01,비부과,구포동 1189
2024-10-16,11:15:03,부과,만덕동 950
2024-10-16,12:16:18,부과,구포동 779-3
2024-10-16,12:28:30,부과,금곡동 70-18
2024-10-16,12:40:16,부과,만덕동 311-3
2024-10-16,12:46:00,비부과,만덕동 903
2024-10-16,14:00:40,부과,구포동 1189
2024-10-16,14:24:41,부과,금곡동 1874-3
2024-10-16,15:15:06,부과,화명동 2257
2024-10-16,15:15:31,부과,구포동 1060-260
2024-10-16,15:43:20,부과,만덕동 904
2024-10-16,16:16:31,부과,덕천동 388-1
2024-10-16,16:25:35,부과,화명동 1718-3
2024-10-16,16:33:13,비부과,화명동 1718-3
2024-10-16,17:33:58,부과,만덕동 904
2024-10-16,17:37:00,부과,구포동 1189
2024-10-16,18:33:46,부과,화명동 1366-1
2024-10-16,18:52:35,비부과,구포동 1282
2024-10-16,19:22:42,부과,구포동 1290
2024-10-16,19:24:38,부과,화명동 699-1
2024-10-16,19:27:53,부과,화명동 699-1
2024-10-16,19:30:46,비부과,화명동 1229
2024-10-16,20:28:04,부과,만덕동 963
2024-10-16,20:32:23,비부과,구포동 968-4
2024-10-16,20:48:08,비부과,화명동 2342
2024-10-16,20:54:43,부과,화명동 377-5
2024-10-16,20:55:38,부과,화명동 377-21
2024-10-16,20:56:25,부과,덕천동 462
2024-10-16,20:57:15,부과,화명동 2342
2024-10-16,21:13:50,부과,구포동 897-21
2024-10-16,21:28:55,부과,구포동 301-1
2024-10-16,21:29:37,비부과,만덕동 941-2
2024-10-16,21:58:59,비부과,금곡동 1881
2024-10-16,22:11:27,부과,구포동 1189
2024-10-16,22:44:39,부과,구포동 1060-309
2024-10-17,06:13:57,부과,화명동 2257
2024-10-17,07:03:19,부과,구포동 1060-188
2024-10-17,07:56:53,비부과,구포동 548-1
2024-10-17,09:03:34,비부과,만덕동 317-4
2024-10-17,10:28:06,부과,구포동 1189
2024-10-17,11:29:04,비부과,만덕동 903
2024-10-17,13:08:51,부과,구포동 1184-4
2024-10-17,13:09:15,부과,구포동 1184-4
2024-10-17,13:36:01,부과,화명동 2257
2024-10-17,13:36:59,부과,화명동 2021-2
2024-10-17,13:54:10,부과,구포동 1124-1
2024-10-17,13:56:35,부과,만덕동 275
2024-10-17,13:58:55,비부과,덕천동 464-18
2024-10-17,14:41:36,부과,구포동 1124-1
2024-10-17,15:29:35,부과,만덕동 324-3
2024-10-17,15:29:35,부과,만덕동 324-3
2024-10-17,15:58:33,부과,구포동 1189
2024-10-17,16:10:03,부과,화명동 2257
2024-10-17,18:20:33,부과,덕천동 472
2024-10-17,19:52:43,부과,화명동 1426-1
2024-10-17,20:49:53,부과,화명동 1426-1
2024-10-17,21:08:04,비부과,구포동 1124-13
2024-10-17,21:53:53,부과,구포동 1060-453
2024-10-17,21:55:43,부과,구포동 1060-260
2024-10-17,23:11:52,비부과,만덕동 899
2024-10-17,23:14:24,부과,화명동 2257
2024-10-17,23:15:25,비부과,화명동 2257
2024-10-17,23:31:21,부과,덕천동 462
2024-10-17,23:53:27,비부과,구포동 773
2024-10-18,05:39:09,부과,구포동 655-1
2024-10-18,07:47:41,부과,구포동 451-1
2024-10-18,09:16:46,부과,구포동 1189
2024-10-18,09:17:11,부과,구포동 1190
2024-10-18,09:55:00,부과,구포동 1157-1
2024-10-18,11:03:14,부과,구포동 655-5
2024-10-18,11:21:02,부과,구포동 386-1
2024-10-18,12:02:09,부과,화명동 1293-2
2024-10-18,12:04:49,부과,금곡동 683-7
2024-10-18,12:59:01,부과,구포동 1189
2024-10-18,13:01:59,부과,구포동 1184-4
2024-10-18,13:14:23,부과,만덕동 904
2024-10-18,13:17:06,부과,화명동 1440-2
2024-10-18,14:23:28,비부과,구포동 1060-21
2024-10-18,14:50:08,비부과,구포동 1060-259
2024-10-18,14:52:38,부과,덕천동 373-1
2024-10-18,14:59:42,부과,덕천동 756
2024-10-18,15:43:31,비부과,만덕동 904
2024-10-18,15:43:54,부과,만덕동 904
2024-10-18,17:18:30,부과,덕천동 462
2024-10-18,17:32:43,비부과,만덕동 903
2024-10-18,17:33:11,부과,만덕동 903
2024-10-18,17:58:20,부과,만덕동 901
2024-10-18,18:05:31,부과,만덕동 904
2024-10-18,18:05:52,부과,만덕동 904
2024-10-18,18:06:39,부과,덕천동 381-1
2024-10-18,18:09:27,부과,만덕동 904
2024-10-18,18:19:47,부과,덕천동 561-1
2024-10-18,18:24:45,비부과,구포동 896-23
2024-10-18,18:26:39,부과,구포동 1060-316
2024-10-18,18:28:14,부과,구포동 1060-260
2024-10-18,18:45:19,부과,구포동 723-3
2024-10-18,19:15:44,비부과,만덕동 904
2024-10-18,19:54:16,부과,구포동 1226-2
2024-10-18,19:55:57,부과,만덕동 898
2024-10-18,19:58:17,비부과,덕천동 383-23
2024-10-18,20:03:40,부과,구포동 1269-1
2024-10-18,20:09:09,부과,구포동 1269-1
2024-10-18,20:23:48,부과,만덕동 898
2024-10-18,20:44:48,비부과,덕천동 462
2024-10-18,21:09:08,부과,만덕동 903
2024-10-18,21:09:31,부과,만덕동 904
2024-10-18,21:10:07,부과,만덕동 844-13
2024-10-18,21:13:26,부과,구포동 1248-29
2024-10-18,21:55:58,부과,구포동 1282
2024-10-18,22:06:58,부과,화명동 2273
2024-10-18,22:07:27,부과,화명동 2272-6
2024-10-18,22:08:01,부과,화명동 2273
2024-10-18,22:38:45,부과,만덕동 846-6
2024-10-18,22:39:07,부과,만덕동 904
2024-10-18,22:57:20,부과,덕천동 802
2024-10-19,07:35:13,부과,구포동 261-1
2024-10-19,07:36:48,부과,구포동 1296
2024-10-19,08:22:53,부과,화명동 404-62
2024-10-19,08:27:48,부과,구포동 1190
2024-10-19,08:30:01,부과,화명동 1430
2024-10-19,09:11:19,부과,덕천동 331-4
2024-10-19,09:16:54,비부과,덕천동 472
2024-10-19,09:24:56,부과,화명동 745
2024-10-19,09:36:49,부과,구포동 1060-260
2024-10-19,09:49:33,부과,만덕동 904
2024-10-19,09:49:55,부과,덕천동 323-12
2024-10-19,10:09:46,부과,구포동 1280
2024-10-19,10:36:23,부과,구포동 1287
2024-10-19,10:40:34,비부과,만덕동 662-2
2024-10-19,10:43:39,비부과,만덕동 783-21
2024-10-19,10:51:31,비부과,화명동 1411-2
2024-10-19,10:58:54,비부과,덕천동 768-10
2024-10-19,11:00:32,부과,화명동 2257
2024-10-19,11:07:06,비부과,만덕동 783-21
2024-10-19,11:09:56,비부과,만덕동 659-2
2024-10-19,11:18:19,부과,만덕동 904
2024-10-19,11:18:25,부과,구포동 1186-29
2024-10-19,12:11:57,부과,덕천동 328
2024-10-19,13:10:40,부과,화명동 2257
2024-10-19,13:12:53,부과,화명동 2280
2024-10-19,13:16:34,부과,구포동 1285
2024-10-19,13:18:50,부과,구포동 1238-10
2024-10-19,13:19:07,부과,구포동 1238-10
2024-10-19,14:03:40,부과,화명동 1430
2024-10-19,14:08:04,부과,화명동 374-2
2024-10-19,14:13:11,부과,화명동 1430
2024-10-19,14:15:06,부과,화명동 1430
2024-10-19,14:49:05,부과,만덕동 904
2024-10-19,15:13:37,부과,구포동 897-21
2024-10-19,15:18:38,부과,구포동 897-21
2024-10-19,16:09:36,비부과,화명동 1388-8
2024-10-19,17:12:46,부과,구포동 1280
2024-10-19,17:18:35,부과,구포동 1060-316
2024-10-19,17:20:17,부과,구포동 1060-260
2024-10-19,17:22:04,부과,구포동 1060-250
2024-10-19,17:32:44,부과,구포동 1290
2024-10-19,19:23:27,부과,구포동 1208-18
2024-10-19,19:26:24,부과,구포동 1208-18
2024-10-19,19:28:52,부과,금곡동 108
2024-10-19,19:40:10,부과,구포동 1280
2024-10-19,20:19:46,부과,만덕동 904
2024-10-19,21:32:59,비부과,덕천동 416-4
2024-10-19,23:09:21,부과,화명동 2270-3
2024-10-20,02:10:15,부과,화명동 2272-6
2024-10-20,02:30:57,부과,구포동 1286
2024-10-20,06:53:39,부과,구포동 1160
2024-10-20,08:15:22,부과,화명동 1430
2024-10-20,08:17:23,부과,화명동 1528-2
2024-10-20,08:19:15,부과,화명동 2341
2024-10-20,08:21:06,부과,화명동 2341
2024-10-20,08:30:44,부과,구포동 257
2024-10-20,08:32:42,부과,구포동 297-20
2024-10-20,08:34:24,부과,구포동 297-12
2024-10-20,08:36:37,부과,구포동 1060-6
2024-10-20,08:38:43,부과,구포동 1060-471
2024-10-20,08:42:08,부과,구포동 1296-7
2024-10-20,08:45:47,부과,구포동 1154-24
2024-10-20,08:45:58,비부과,구포동 1228-1
2024-10-20,08:56:33,부과,구포동 1300
2024-10-20,08:58:36,부과,화명동 2277-1
2024-10-20,09:01:09,부과,구포동 1283
2024-10-20,09:13:18,부과,덕천동 344-2
2024-10-20,09:14:58,부과,덕천동 460-1
2024-10-20,09:17:08,비부과,덕천동 460-1
2024-10-20,09:20:37,비부과,구포동 253-11
2024-10-20,09:24:13,부과,구포동 1060-116
2024-10-20,09:25:08,비부과,구포동 1060-45
2024-10-20,09:32:53,부과,구포동 1060-260
2024-10-20,09:42:45,부과,구포동 1060-316
2024-10-20,09:51:11,부과,구포동 430-1
2024-10-20,10:08:26,부과,만덕동 955-5
2024-10-20,10:24:20,비부과,화명동 2257
2024-10-20,10:26:00,부과,구포동 1060-22
2024-10-20,10:29:16,부과,만덕동 955
2024-10-20,10:29:55,부과,만덕동 955-3
2024-10-20,10:53:47,부과,덕천동 315-51
2024-10-20,10:55:55,부과,덕천동 315-12
2024-10-20,11:14:00,부과,만덕동 904
2024-10-20,11:23:37,부과,구포동 1186-25
2024-10-20,11:24:23,부과,화명동 2257
2024-10-20,11:24:54,부과,화명동 2257
2024-10-20,11:37:27,부과,만덕동 904
2024-10-20,11:55:49,부과,화명동 2257
2024-10-20,12:00:25,부과,만덕동 919-16
2024-10-20,12:02:00,부과,화명동 2251
2024-10-20,12:02:00,부과,화명동 2251
2024-10-20,12:08:31,부과,만덕동 783-17
2024-10-20,13:24:15,부과,구포동 1283
2024-10-20,13:32:29,비부과,화명동 2257
2024-10-20,13:56:41,부과,구포동 156-11
2024-10-20,14:49:18,부과,만덕동 904
2024-10-20,15:26:26,부과,덕천동 327
2024-10-20,15:54:50,비부과,금곡동 1885
2024-10-20,15:59:21,비부과,금곡동 1885
2024-10-20,16:04:10,비부과,금곡동 1881
2024-10-20,16:23:58,부과,화명동 699-1
2024-10-20,16:46:06,부과,덕천동 462
2024-10-20,16:47:52,부과,만덕동 783-14
2024-10-20,16:52:48,부과,덕천동 462
2024-10-20,17:00:57,부과,구포동 1153
2024-10-20,17:11:16,부과,만덕동 736-1
2024-10-20,17:25:45,비부과,만덕동 646-18
2024-10-20,18:03:38,부과,만덕동 305-1
2024-10-20,18:37:48,비부과,구포동 918-5
2024-10-20,19:05:46,부과,만덕동 904
2024-10-20,19:06:13,부과,만덕동 904
2024-10-20,19:06:38,부과,만덕동 904
2024-10-20,19:19:12,부과,만덕동 904
2024-10-20,19:47:38,부과,덕천동 416-22
2024-10-20,19:48:16,부과,덕천동 415-14
2024-10-20,20:08:57,부과,만덕동 904
2024-10-20,20:36:52,비부과,만덕동 941-2
2024-10-20,20:38:30,부과,구포동 1060-449
2024-10-20,20:42:56,부과,덕천동 355-4
2024-10-20,20:50:56,부과,덕천동 462
2024-10-20,20:51:57,부과,만덕동 904
2024-10-20,20:53:06,비부과,구포동 1060-469
2024-10-20,22:36:28,부과,덕천동 400-17
2024-10-20,22:40:12,비부과,만덕동 613-21
2024-10-20,22:47:12,부과,덕천동 462
2024-10-20,23:43:47,부과,만덕동 903
2024-10-21,06:51:03,부과,화명동 312
2024-10-21,07:00:15,부과,구포동 1286
2024-10-21,07:34:25,부과,구포동 373
2024-10-21,07:50:26,부과,구포동 549-1
2024-10-21,08:19:33,부과,구포동 1189
2024-10-21,08:27:29,부과,구포동 1189
2024-10-21,08:33:01,부과,구포동 1189
2024-10-21,09:02:13,부과,금곡동 108
2024-10-21,09:13:01,부과,구포동 1124-1
2024-10-21,11:01:21,부과,덕천동 315-10
2024-10-21,11:06:07,부과,덕천동 472
2024-10-21,11:20:49,부과,구포동 1186-29
2024-10-21,11:36:08,부과,덕천동 462
2024-10-21,12:20:24,부과,화명동 2257
2024-10-21,12:53:08,비부과,구포동 1172-42
2024-10-21,12:53:13,부과,구포동 1189
2024-10-21,13:45:17,부과,금곡동 121
2024-10-21,14:05:09,부과,구포동 508-1
2024-10-21,14:05:33,부과,구포동 508-1
2024-10-21,15:24:18,부과,구포동 1174
2024-10-21,17:03:44,부과,덕천동 472
2024-10-21,17:06:28,부과,화명동 1293-3
2024-10-21,17:27:34,부과,구포동 1060-260
2024-10-21,18:18:57,부과,구포동 1172
2024-10-21,18:21:56,부과,덕천동 327
2024-10-21,18:49:57,부과,덕천동 359-1
2024-10-21,18:58:34,부과,화명동 1293-1
2024-10-21,19:04:44,비부과,덕천동 412-13
2024-10-21,19:08:37,비부과,덕천동 412-13
2024-10-21,19:18:51,부과,덕천동 561-31
2024-10-21,19:34:04,부과,구포동 1060-260
2024-10-21,19:35:41,부과,구포동 1060-260
2024-10-21,21:07:06,부과,화명동 2257
2024-10-21,22:13:20,비부과,화명동 2257
2024-10-21,22:15:52,부과,화명동 2257
2024-10-21,22:18:55,부과,화명동 2257
2024-10-22,04:17:44,부과,덕천동 561-1
2024-10-22,05:53:30,부과,구포동 1269-1
2024-10-22,07:13:30,부과,구포동 1049-8
2024-10-22,08:35:14,부과,만덕동 959-6
2024-10-22,09:07:32,부과,화명동 2257
2024-10-22,09:09:16,부과,구포동 1189
2024-10-22,09:09:29,부과,덕천동 472
2024-10-22,09:11:09,비부과,화명동 2314-7
2024-10-22,10:24:41,비부과,덕천동 456
2024-10-22,11:54:00,부과,만덕동 904
2024-10-22,11:54:50,부과,만덕동 904
2024-10-22,14:02:43,비부과,화명동 1430
2024-10-22,14:06:13,부과,화명동 1426-1
2024-10-22,14:31:38,부과,만덕동 904
2024-10-22,15:59:32,부과,구포동 535
2024-10-22,16:29:08,부과,구포동 482-3
2024-10-22,17:21:15,부과,화명동 1470-31
2024-10-22,17:23:04,부과,구포동 1060-260
2024-10-22,17:27:33,비부과,화명동 962-2
2024-10-22,18:01:07,부과,만덕동 904
2024-10-22,18:30:17,부과,만덕동 904
2024-10-22,18:48:17,비부과,구포동 1300
2024-10-22,18:53:17,부과,구포동 1060-260
2024-10-22,19:16:09,부과,화명동 2257
2024-10-22,20:09:17,부과,구포동 896-23
2024-10-22,20:19:48,비부과,화명동 2257
2024-10-22,20:36:44,부과,구포동 1278
2024-10-22,20:59:40,부과,만덕동 903
2024-10-22,21:01:01,부과,만덕동 903
2024-10-22,21:24:31,부과,덕천동 409-6
2024-10-23,06:12:21,부과,만덕동 904
2024-10-23,06:25:49,부과,화명동 745
2024-10-23,07:00:47,부과,구포동 1243-9
2024-10-23,07:41:49,부과,화명동 745
2024-10-23,07:54:58,부과,구포동 451-1
2024-10-23,08:02:35,부과,구포동 1189
2024-10-23,08:02:35,부과,구포동 1189
2024-10-23,08:36:34,부과,덕천동 241-27
2024-10-23,08:55:09,부과,구포동 1189
2024-10-23,08:59:51,부과,구포동 1189
2024-10-23,09:40:42,부과,구포동 1189
2024-10-23,09:43:20,부과,구포동 1189
2024-10-23,09:44:45,부과,덕천동 466
2024-10-23,10:23:06,부과,구포동 1189
2024-10-23,11:29:07,부과,구포동 1060-471
2024-10-23,11:34:14,비부과,금곡동 108
2024-10-23,11:38:06,비부과,구포동 896-23
2024-10-23,12:13:17,부과,구포동 730-3
2024-10-23,12:22:05,부과,구포동 190-11
2024-10-23,12:28:17,부과,금곡동 116
2024-10-23,12:39:31,부과,만덕동 899
2024-10-23,12:39:54,부과,구포동 461-1
2024-10-23,12:41:26,부과,구포동 462-2
2024-10-23,13:23:27,비부과,만덕동 830-48
2024-10-23,13:34:24,부과,금곡동 108
2024-10-23,13:44:40,부과,만덕동 955
2024-10-23,13:49:31,비부과,덕천동 400-7
2024-10-23,13:51:18,부과,구포동 451-1
2024-10-23,14:17:17,부과,덕천동 462
2024-10-23,15:14:28,부과,만덕동 736-24
2024-10-23,15:31:20,부과,만덕동 736-25
2024-10-23,15:50:32,부과,구포동 1063-2
2024-10-23,15:52:04,부과,구포동 1060-492
2024-10-23,15:53:34,부과,구포동 1060-454
2024-10-23,16:52:08,부과,만덕동 894-18
2024-10-23,17:20:10,비부과,덕천동 452-3
2024-10-23,18:17:12,부과,구포동 1278
2024-10-23,18:26:30,부과,만덕동 783-14
2024-10-23,18:29:09,부과,만덕동 783-14
2024-10-23,18:35:24,부과,만덕동 935
2024-10-23,19:05:11,부과,구포동 1207-9
2024-10-23,19:07:50,부과,덕천동 375-1
2024-10-23,19:24:34,부과,화명동 2257
2024-10-23,19:31:47,부과,화명동 377-5
2024-10-23,19:35:26,부과,화명동 404-62
2024-10-23,19:36:13,부과,화명동 373-1
2024-10-23,19:37:08,부과,만덕동 963
2024-10-23,19:40:37,부과,화명동 2341-2
2024-10-23,19:47:16,부과,구포동 1189
2024-10-23,19:52:44,부과,화명동 1430
2024-10-23,20:32:51,부과,덕천동 462
2024-10-23,20:40:07,부과,만덕동 905
2024-10-23,20:43:02,비부과,구포동 79-9
2024-10-23,20:50:08,부과,만덕동 783-54
2024-10-23,20:50:39,부과,만덕동 783-54
2024-10-23,20:53:54,비부과,만덕동 783-54
2024-10-23,20:59:32,부과,화명동 2257
2024-10-23,21:05:28,부과,화명동 2274-3
2024-10-23,21:05:30,부과,만덕동 957-1
2024-10-23,21:05:49,부과,만덕동 957-1
2024-10-23,21:10:39,부과,화명동 2257
2024-10-23,22:07:31,부과,화명동 1222-2
2024-10-23,22:15:28,부과,구포동 1060-402
2024-10-23,22:17:23,부과,구포동 1060-316
2024-10-23,22:19:35,부과,구포동 1060-309
2024-10-23,22:54:10,부과,만덕동 963
2024-10-23,23:56:12,부과,구포동 1153
2024-10-24,01:34:27,부과,덕천동 462
2024-10-24,05:44:19,비부과,만덕동 706-6
2024-10-24,08:35:34,부과,구포동 1060-316
2024-10-24,08:50:51,부과,구포동 1190
2024-10-24,08:51:58,비부과,화명동 2257
2024-10-24,09:06:18,부과,구포동 1060-466
2024-10-24,09:15:48,부과,구포동 1190
2024-10-24,09:29:08,부과,덕천동 399-6
2024-10-24,09:57:24,부과,구포동 1157-1
2024-10-24,10:16:13,부과,만덕동 944-6
2024-10-24,10:41:18,부과,만덕동 605-20
2024-10-24,10:47:46,부과,구포동 1189
2024-10-24,11:19:42,부과,만덕동 830-32
2024-10-24,11:24:01,부과,덕천동 814-1
2024-10-24,11:52:03,비부과,만덕동 328-9
2024-10-24,11:56:47,부과,구포동 731-28
2024-10-24,11:59:32,부과,만덕동 598-6
2024-10-24,13:12:21,부과,구포동 1189
2024-10-24,13:29:57,부과,구포동 1189
2024-10-24,15:58:19,부과,화명동 1179-14
2024-10-24,16:18:25,비부과,만덕동 955
2024-10-24,17:03:11,부과,화명동 698-4
2024-10-24,17:03:48,비부과,금곡동 116
2024-10-24,17:04:27,부과,화명동 1408
2024-10-24,17:06:16,부과,화명동 1430
2024-10-24,17:07:45,부과,화명동 1430
2024-10-24,17:09:08,부과,화명동 1430
2024-10-24,17:25:47,비부과,덕천동 472
2024-10-24,17:33:41,부과,화명동 1388-8
2024-10-24,17:35:05,부과,구포동 1249-1
2024-10-24,17:51:36,부과,만덕동 598-6
2024-10-24,18:18:39,부과,만덕동 904
2024-10-24,18:19:01,부과,만덕동 904
2024-10-24,18:19:49,부과,만덕동 904
2024-10-24,18:20:17,부과,만덕동 904
2024-10-24,19:41:26,비부과,덕천동 381-7
2024-10-24,19:47:23,비부과,덕천동 462
2024-10-24,20:16:16,비부과,구포동 918-5
2024-10-24,20:20:19,부과,구포동 1249-1
2024-10-24,20:30:41,부과,구포동 1060-455
2024-10-24,20:32:30,부과,구포동 585-8
2024-10-24,20:57:54,부과,만덕동 935
2024-10-24,22:00:54,비부과,구포동 1268
2024-10-24,22:05:31,부과,구포동 1060-316
2024-10-24,22:10:29,부과,덕천동 327
2024-10-24,22:28:42,비부과,금곡동 1885
2024-10-24,22:35:44,부과,구포동 1087-10
2024-10-24,22:44:19,부과,화명동 2257
2024-10-24,22:46:53,부과,화명동 2257
2024-10-24,23:33:54,부과,구포동 1282
2024-10-25,00:12:42,비부과,화명동 2257
2024-10-25,00:36:15,비부과,만덕동 903
2024-10-25,01:00:48,부과,구포동 897-36
2024-10-25,01:26:45,부과,구포동 1271
2024-10-25,05:54:08,부과,덕천동 462
2024-10-25,07:00:13,부과,구포동 1289
2024-10-25,07:13:59,비부과,구포동 579-1
2024-10-25,07:25:58,부과,구포동 381-11
2024-10-25,07:27:46,부과,구포동 263-9
2024-10-25,08:12:36,부과,덕천동 561-1
2024-10-25,08:41:46,비부과,구포동 1189
2024-10-25,08:46:24,부과,만덕동 898
2024-10-25,09:12:07,부과,덕천동 316-40
2024-10-25,09:16:47,부과,덕천동 313-7
2024-10-25,09:40:24,부과,만덕동 904
2024-10-25,09:40:43,부과,만덕동 903
2024-10-25,10:21:48,부과,화명동 2257
2024-10-25,10:23:28,부과,화명동 2257
2024-10-25,11:58:00,부과,만덕동 904
2024-10-25,11:58:26,부과,만덕동 904
2024-10-25,11:59:01,부과,만덕동 903
2024-10-25,12:10:16,부과,만덕동 598-6
2024-10-25,13:25:36,부과,금곡동 108
2024-10-25,13:30:28,부과,덕천동 327
2024-10-25,13:34:10,부과,덕천동 328
2024-10-25,13:36:57,부과,덕천동 328
2024-10-25,13:44:53,부과,구포동 1124-13
2024-10-25,13:45:24,부과,구포동 1189
2024-10-25,13:51:19,부과,덕천동 328
2024-10-25,14:12:31,비부과,구포동 1189
2024-10-25,15:39:02,비부과,금곡동 54-5
2024-10-25,15:41:34,부과,금곡동 119
2024-10-25,16:06:29,부과,구포동 550-1
2024-10-25,16:11:43,부과,구포동 1124-13
2024-10-25,16:30:53,부과,화명동 2272-4
2024-10-25,17:22:12,비부과,금곡동 1881
2024-10-25,17:26:26,부과,구포동 1060-454
2024-10-25,17:27:56,부과,구포동 1060-260
2024-10-25,17:49:31,부과,만덕동 848-1
2024-10-25,17:56:05,부과,만덕동 904
2024-10-25,18:07:15,부과,구포동 1189
2024-10-25,18:16:17,부과,구포동 712-1
2024-10-25,18:21:38,부과,덕천동 561-1
2024-10-25,18:22:15,부과,덕천동 561-1
2024-10-25,18:23:36,부과,덕천동 472
2024-10-25,18:49:27,비부과,덕천동 466
2024-10-25,19:46:08,비부과,구포동 1060-260
2024-10-25,19:47:41,부과,구포동 1060-260
2024-10-25,20:03:22,부과,구포동 1212-1
2024-10-25,20:10:48,부과,구포동 1207-9
2024-10-25,20:21:04,부과,만덕동 903
2024-10-25,20:21:58,부과,만덕동 903
2024-10-25,20:22:44,부과,만덕동 903
2024-10-25,21:04:55,부과,구포동 148
2024-10-25,21:09:08,부과,덕천동 327
2024-10-25,21:23:47,부과,덕천동 462
2024-10-25,21:30:04,부과,덕천동 462
2024-10-25,21:34:49,부과,덕천동 383-24
2024-10-25,21:37:36,부과,덕천동 462
2024-10-25,22:12:39,부과,덕천동 383-12
2024-10-25,22:17:10,부과,덕천동 417-1
2024-10-25,22:18:01,부과,덕천동 413-25
2024-10-25,22:18:55,부과,덕천동 462
2024-10-25,22:19:53,부과,덕천동 462
2024-10-25,22:22:36,비부과,덕천동 462
2024-10-25,22:22:48,비부과,덕천동 413-15
2024-10-25,22:25:16,부과,덕천동 462
2024-10-25,22:27:14,부과,덕천동 462
2024-10-25,22:31:38,부과,화명동 1430
2024-10-25,22:35:07,부과,화명동 1430
2024-10-25,22:35:44,부과,덕천동 462
2024-10-25,22:37:09,부과,화명동 1421-3
2024-10-25,22:38:06,부과,덕천동 241-38
2024-10-25,22:38:22,부과,덕천동 467-1
2024-10-25,22:39:56,부과,덕천동 462
2024-10-25,22:40:46,부과,덕천동 426-17
2024-10-25,22:45:02,부과,화명동 1421-1
2024-10-25,22:45:42,부과,화명동 1430
2024-10-25,22:53:05,부과,덕천동 797
2024-10-25,22:55:26,부과,화명동 1430
2024-10-25,22:57:26,부과,화명동 1430
2024-10-25,22:58:30,부과,화명동 1430
2024-10-25,22:59:39,부과,화명동 1430
2024-10-25,23:06:46,부과,덕천동 399-7
2024-10-25,23:07:16,부과,덕천동 327
2024-10-26,05:59:45,부과,만덕동 706-6
2024-10-26,06:42:55,부과,만덕동 935
2024-10-26,07:41:44,부과,구포동 381-3
2024-10-26,07:54:36,비부과,덕천동 464-21
2024-10-26,08:15:59,부과,화명동 941-1
2024-10-26,08:26:50,부과,덕천동 539-6
2024-10-26,08:54:13,비부과,구포동 1060-45
2024-10-26,08:56:28,비부과,화명동 1293-2
2024-10-26,09:50:02,비부과,덕천동 472
2024-10-26,09:56:55,부과,만덕동 904
2024-10-26,10:40:44,부과,화명동 1431
2024-10-26,11:46:02,부과,화명동 2257
2024-10-26,11:48:13,비부과,화명동 2269-3
2024-10-26,11:49:07,부과,화명동 2269-3
2024-10-26,12:16:23,부과,화명동 2257
2024-10-26,12:17:33,비부과,화명동 2257
2024-10-26,12:18:20,부과,화명동 2269-1
2024-10-26,12:20:02,부과,화명동 1430
2024-10-26,12:21:36,비부과,금곡동 56-2
2024-10-26,12:41:42,부과,화명동 2280
2024-10-26,12:42:09,비부과,화명동 2280
2024-10-26,12:57:40,부과,화명동 2257
2024-10-26,12:58:04,비부과,화명동 2257
2024-10-26,15:02:38,부과,화명동 1718-3
2024-10-26,15:05:27,부과,화명동 2257
2024-10-26,15:30:26,부과,구포동 1060-466
2024-10-26,15:31:34,부과,화명동 1718-3
2024-10-26,16:08:25,부과,구포동 1281
2024-10-26,16:14:12,부과,구포동 897-21
2024-10-26,17:03:17,부과,만덕동 904
2024-10-26,17:03:52,부과,만덕동 904
2024-10-26,17:04:17,부과,만덕동 904
2024-10-26,17:04:42,부과,만덕동 904
2024-10-26,17:13:11,부과,덕천동 315-54
2024-10-26,17:15:20,부과,만덕동 904
2024-10-26,17:18:37,비부과,덕천동 315-49
2024-10-26,17:21:23,부과,구포동 1060-260
2024-10-26,17:22:49,부과,구포동 1060-260
2024-10-26,17:24:23,부과,구포동 1060-316
2024-10-26,17:26:38,부과,구포동 1269-1
2024-10-26,17:34:06,비부과,구포동 1269-1
2024-10-26,17:53:18,부과,화명동 745
2024-10-26,18:32:39,비부과,금곡동 108
2024-10-26,18:34:56,비부과,금곡동 108
2024-10-26,18:54:55,부과,구포동 1189
2024-10-26,18:58:53,비부과,구포동 609-7
2024-10-26,19:44:17,부과,금곡동 103
2024-10-26,20:17:51,부과,덕천동 462
2024-10-26,20:28:45,부과,화명동 2257
2024-10-26,21:06:53,부과,만덕동 898
2024-10-26,22:08:41,비부과,구포동 1172
2024-10-26,23:19:41,부과,구포동 848-54
2024-10-27,04:08:59,부과,화명동 2257
2024-10-27,05:45:48,부과,만덕동 산 204-2
2024-10-27,05:55:01,부과,구포동 1268
2024-10-27,05:57:17,부과,구포동 1268
2024-10-27,07:52:20,비부과,만덕동 903
2024-10-27,08:03:21,비부과,구포동 464-1
2024-10-27,08:22:50,부과,화명동 1430
2024-10-27,08:25:53,비부과,화명동 417-2
2024-10-27,08:48:52,부과,화명동 1430
2024-10-27,08:54:10,부과,화명동 1430
2024-10-27,08:56:15,부과,화명동 1430
2024-10-27,08:59:10,부과,화명동 2341-2
2024-10-27,09:01:04,부과,화명동 2341-2
2024-10-27,09:02:17,부과,화명동 1431
2024-10-27,09:03:02,부과,화명동 1431
2024-10-27,09:08:07,부과,구포동 410-7
2024-10-27,09:36:14,부과,만덕동 904
2024-10-27,10:17:02,부과,화명동 2267-3
2024-10-27,10:31:35,부과,화명동 752
2024-10-27,10:43:45,부과,구포동 1273
2024-10-27,10:46:13,비부과,구포동 779-3
2024-10-27,10:48:02,부과,구포동 779-3
2024-10-27,11:04:11,부과,덕천동 327
2024-10-27,11:15:36,부과,화명동 740-3
2024-10-27,12:17:14,부과,구포동 848-54
2024-10-27,12:19:37,부과,구포동 1281
2024-10-27,12:20:13,부과,구포동 1281
2024-10-27,12:50:31,부과,화명동 2257
2024-10-27,12:55:02,부과,구포동 1281
2024-10-27,12:55:17,부과,구포동 1282
2024-10-27,12:56:49,부과,화명동 2257
2024-10-27,12:57:11,부과,화명동 2280
2024-10-27,13:21:41,부과,화명동 2257
2024-10-27,13:23:21,부과,화명동 2257
2024-10-27,13:42:40,부과,화명동 2257
2024-10-27,13:55:53,부과,화명동 2262
2024-10-27,13:56:17,부과,화명동 2257
2024-10-27,14:40:43,비부과,화명동 2277-7
2024-10-27,15:20:41,비부과,만덕동 904
2024-10-27,15:21:03,부과,만덕동 904
2024-10-27,15:21:25,부과,만덕동 904
2024-10-27,16:43:42,부과,구포동 500
2024-10-27,16:45:33,부과,구포동 1153
2024-10-27,18:03:04,부과,덕천동 462
2024-10-27,18:06:49,비부과,화명동 699-1
2024-10-27,18:15:30,부과,덕천동 350-8
2024-10-27,18:53:24,부과,만덕동 904
2024-10-27,19:15:44,부과,구포동 1280
2024-10-27,19:15:53,비부과,덕천동 462
2024-10-27,19:19:53,부과,구포동 1280
2024-10-27,19:43:57,비부과,덕천동 415-8
2024-10-27,20:15:25,부과,덕천동 462
2024-10-27,20:58:20,부과,구포동 1189
2024-10-27,21:01:54,부과,화명동 733
2024-10-27,21:47:09,비부과,덕천동 462
2024-10-27,21:57:38,부과,만덕동 686-7
2024-10-27,21:59:44,부과,화명동 2257
2024-10-28,00:45:19,부과,구포동 1060-454
2024-10-28,01:15:00,비부과,구포동 1279
2024-10-28,01:19:19,부과,구포동 1279
2024-10-28,06:55:39,부과,구포동 1124-1
2024-10-28,07:01:34,부과,구포동 1287
2024-10-28,08:08:09,부과,구포동 1282
2024-10-28,08:11:19,비부과,구포동 1060-45
2024-10-28,08:25:43,부과,구포동 1237-17
2024-10-28,08:27:31,부과,덕천동 561-1
2024-10-28,09:29:46,부과,덕천동 317-4
2024-10-28,09:31:28,부과,구포동 1283
2024-10-28,09:31:35,부과,구포동 1124-1
2024-10-28,09:49:40,부과,덕천동 313-1
2024-10-28,09:59:07,부과,화명동 1411-1
2024-10-28,10:12:22,부과,구포동 1189
2024-10-28,10:23:16,부과,덕천동 327
2024-10-28,10:23:16,부과,덕천동 327
2024-10-28,10:23:16,부과,덕천동 327
2024-10-28,10:47:32,부과,만덕동 950
2024-10-28,11:42:47,비부과,구포동 1154-24
2024-10-28,13:00:20,부과,구포동 1219-9
2024-10-28,13:00:20,부과,구포동 1219-9
2024-10-28,13:18:38,부과,구포동 1189
2024-10-28,14:25:24,비부과,덕천동 460-1
2024-10-28,15:57:05,부과,구포동 897-21
2024-10-28,15:57:05,부과,구포동 897-21
2024-10-28,16:40:48,부과,금곡동 109-1
2024-10-28,17:26:25,부과,구포동 917-7
2024-10-28,18:55:06,부과,구포동 1060-316
2024-10-28,18:56:47,부과,구포동 1060-260
2024-10-28,20:20:13,비부과,구포동 1060-260
2024-10-28,21:13:22,부과,구포동 848-15
2024-10-28,21:29:22,부과,구포동 1271
2024-10-28,22:16:58,비부과,화명동 2257
2024-10-28,23:03:52,부과,만덕동 941-2
2024-10-28,23:33:53,비부과,덕천동 357-12
2024-10-28,23:47:05,부과,덕천동 384-12
2024-10-28,23:47:45,비부과,
2024-10-29,00:36:43,비부과,구포동 1083-4
2024-10-29,04:52:06,부과,화명동 2324
2024-10-29,05:48:25,부과,덕천동 462
2024-10-29,08:11:04,부과,구포동 1139
2024-10-29,08:28:00,부과,덕천동 561-1
2024-10-29,08:38:43,부과,덕천동 241-22
2024-10-29,09:07:12,부과,구포동 1060-316
2024-10-29,09:57:00,비부과,화명동 2299-6
2024-10-29,09:59:13,비부과,화명동 2300-11
2024-10-29,10:02:19,부과,구포동 1189
2024-10-29,11:15:28,부과,화명동 1216-1
2024-10-29,12:20:32,부과,화명동 2257
2024-10-29,12:40:53,비부과,만덕동 848-1
2024-10-29,13:59:43,부과,덕천동 462
2024-10-29,14:00:25,비부과,구포동 1185-8
2024-10-29,14:14:13,부과,만덕동 904
2024-10-29,14:35:18,부과,덕천동 241-12
2024-10-29,14:37:10,부과,덕천동 241-12
2024-10-29,15:12:39,부과,금곡동 683-7
2024-10-29,15:25:54,비부과,화명동 972-1
2024-10-29,16:01:07,부과,구포동 1124-13
2024-10-29,16:02:45,부과,덕천동 814-10
2024-10-29,16:22:55,비부과,화명동 2257
2024-10-29,16:45:12,비부과,덕천동 373-1
2024-10-29,16:45:52,부과,구포동 1124-13
2024-10-29,16:49:02,부과,구포동 1124-13
2024-10-29,16:56:29,비부과,구포동 1060-316
2024-10-29,18:38:50,부과,화명동 1179-14
2024-10-29,19:01:39,부과,구포동 1060-260
2024-10-29,19:25:16,부과,덕천동 462
2024-10-29,19:28:28,부과,구포동 1207-9
2024-10-29,19:33:21,비부과,덕천동 460-1
2024-10-29,19:33:25,부과,화명동 2257
2024-10-29,19:35:47,비부과,만덕동 598-6
2024-10-29,19:41:19,비부과,덕천동 460-1
2024-10-29,20:00:09,비부과,금곡동 1112-2
2024-10-29,20:27:46,부과,덕천동 381-2
2024-10-29,20:36:21,부과,구포동 1249-1
2024-10-29,21:05:16,부과,구포동 1060-454
2024-10-29,21:17:41,비부과,구포동 1228-14
2024-10-29,21:50:46,부과,구포동 1060-384
2024-10-29,21:52:41,부과,구포동 1060-260
2024-10-29,23:31:46,부과,덕천동 462
2024-10-30,00:17:13,부과,덕천동 462
2024-10-30,00:17:14,부과,덕천동 329
2024-10-30,00:19:34,부과,덕천동 462
2024-10-30,00:20:02,부과,덕천동 329
2024-10-30,06:22:32,부과,화명동 745
2024-10-30,09:11:18,부과,덕천동 315-12
2024-10-30,09:22:58,비부과,구포동 1176-1
2024-10-30,09:35:34,부과,구포동 959-1
2024-10-30,09:39:16,부과,덕천동 457-57
2024-10-30,10:03:26,부과,구포동 384-3
2024-10-30,10:05:44,부과,덕천동 472
2024-10-30,10:30:43,부과,금곡동 813
2024-10-30,10:44:55,부과,화명동 1366
2024-10-30,10:49:58,부과,화명동 745
2024-10-30,11:34:11,부과,구포동 602-38
2024-10-30,12:41:09,부과,구포동 1172
2024-10-30,13:09:04,부과,구포동 779-3
2024-10-30,14:02:06,부과,구포동 1184-4
2024-10-30,14:09:37,부과,구포동 1189
2024-10-30,14:50:48,비부과,구포동 1124-13
2024-10-30,14:54:43,비부과,구포동 897-36
2024-10-30,15:01:59,부과,구포동 1249-1
2024-10-30,16:05:56,부과,덕천동 462
2024-10-30,16:46:57,부과,만덕동 904
2024-10-30,17:28:41,부과,화명동 2257
2024-10-30,18:20:32,부과,만덕동 904
2024-10-30,18:48:48,부과,금곡동 55-11
2024-10-30,19:03:32,부과,금곡동 108
2024-10-30,19:09:56,부과,금곡동 108
2024-10-30,19:13:37,부과,화명동 2318
2024-10-30,19:14:55,부과,금곡동 54-5
2024-10-30,19:24:57,부과,금곡동 108
2024-10-30,19:29:12,부과,금곡동 108
2024-10-30,19:29:37,부과,만덕동 904
2024-10-30,19:49:54,부과,만덕동 904
2024-10-30,20:48:29,비부과,금곡동 1881
2024-10-30,20:59:50,비부과,화명동 1134-8
2024-10-30,20:59:59,비부과,화명동 1134-8
2024-10-30,21:01:20,비부과,화명동 1134-8
2024-10-30,21:19:07,부과,구포동 918-5
2024-10-30,22:00:18,부과,만덕동 648-2
2024-10-30,22:09:00,비부과,
2024-10-30,22:16:10,비부과,
2024-10-30,22:23:40,비부과,화명동 2257
2024-10-30,22:41:03,부과,화명동 2257
2024-10-30,22:55:25,부과,구포동 1060-316
2024-10-30,22:57:44,부과,구포동 1060-492
2024-10-30,23:55:54,비부과,구포동 1279
2024-10-31,06:26:07,부과,구포동 218-1
2024-10-31,06:39:04,부과,구포동 1269-1
2024-10-31,07:54:23,부과,덕천동 561-2
2024-10-31,08:08:43,부과,만덕동 899
2024-10-31,08:39:48,부과,덕천동 241-27
2024-10-31,08:39:49,부과,구포동 602-41
2024-10-31,09:39:11,부과,덕천동 472
2024-10-31,09:43:54,부과,덕천동 313-1
2024-10-31,09:46:24,부과,덕천동 472
2024-10-31,10:05:27,부과,만덕동 907-1
2024-10-31,10:05:41,부과,덕천동 462
2024-10-31,10:48:02,부과,만덕동 904
2024-10-31,10:52:44,비부과,덕천동 400-8
2024-10-31,11:05:21,부과,덕천동 462
2024-10-31,11:05:44,부과,덕천동 327
2024-10-31,11:35:28,부과,화명동 699-1
2024-10-31,11:48:28,비부과,화명동 1431
2024-10-31,12:29:45,비부과,화명동 2257
2024-10-31,12:31:44,부과,구포동 1124-1
2024-10-31,12:32:52,부과,화명동 1431
2024-10-31,12:35:12,부과,화명동 1426-1
2024-10-31,13:07:48,부과,구포동 1124-1
2024-10-31,13:21:35,부과,만덕동 835-2
2024-10-31,13:31:50,비부과,구포동 1141-112
2024-10-31,13:44:02,부과,구포동 700-9
2024-10-31,13:52:49,부과,구포동 700-9
2024-10-31,14:44:38,비부과,구포동 180-2
2024-10-31,15:11:04,부과,화명동 189
2024-10-31,15:44:41,부과,만덕동 833-3
2024-10-31,17:28:54,부과,금곡동 108
2024-10-31,17:29:58,비부과,구포동 1124-1
2024-10-31,17:47:53,비부과,화명동 2257
2024-10-31,18:20:46,부과,만덕동 901
2024-10-31,18:25:26,부과,만덕동 903
2024-10-31,18:43:57,부과,구포동 1049-8
2024-10-31,20:00:00,부과,구포동 548-2
2024-10-31,20:19:50,부과,화명동 187-1
2024-10-31,20:21:44,부과,화명동 187-1
2024-10-31,20:24:00,부과,화명동 187-1
2024-10-31,20:44:26,비부과,구포동 1172
2024-10-31,20:56:34,부과,구포동 1124-1
2024-10-31,21:24:12,부과,덕천동 462
2024-10-31,23:46:54,부과,구포동 915-41
2024-10-31,23:47:09,부과,구포동 915-41
2024-10-31,23:50:10,부과,구포동 900-3
2024-10-31,23:50:29,부과,구포동 937-41
2024-10-31,23:56:17,부과,구포동 972
2024-11-01,07:58:48,비부과,구포동 1281
2024-11-01,08:08:51,비부과,구포동 1139
2024-11-01,08:10:39,비부과,화명동 2250-1
2024-11-01,08:34:42,부과,구포동 1189
2024-11-01,08:36:06,비부과,화명동 1426-1
2024-11-01,08:38:27,비부과,구포동 1189
2024-11-01,09:05:56,부과,만덕동 324-3
2024-11-01,09:32:05,부과,화명동 745
2024-11-01,11:00:28,부과,구포동 1124-13
2024-11-01,11:26:22,부과,덕천동 462
2024-11-01,11:41:37,부과,만덕동 607-1
2024-11-01,12:41:05,부과,구포동 462-2
2024-11-01,12:47:58,부과,구포동 655-5
2024-11-01,12:56:54,부과,구포동 1124-13
2024-11-01,12:57:14,부과,구포동 1189
2024-11-01,12:57:30,부과,구포동 1189
2024-11-01,13:15:44,부과,만덕동 904
2024-11-01,13:25:44,비부과,구포동 937-41
2024-11-01,14:46:41,비부과,덕천동 462
2024-11-01,14:56:07,비부과,만덕동 679-34
2024-11-01,16:19:32,부과,구포동 1060-309
2024-11-01,16:39:29,부과,구포동 451-1
2024-11-01,17:15:01,부과,구포동 1271
2024-11-01,17:15:48,비부과,구포동 1269-1
2024-11-01,17:18:42,비부과,구포동 1269-1
2024-11-01,17:21:02,부과,덕천동 355-4
2024-11-01,17:25:54,부과,만덕동 904
2024-11-01,18:07:45,부과,만덕동 904
2024-11-01,18:24:14,부과,구포동 1087-10
2024-11-01,18:36:56,부과,구포동 897-21
2024-11-01,18:44:10,부과,화명동 1567-10
2024-11-01,19:24:39,부과,구포동 1060-492
2024-11-01,19:28:13,부과,구포동 1060-309
2024-11-01,19:31:31,비부과,만덕동 829-4
2024-11-01,19:33:00,부과,화명동 373-9
2024-11-01,19:35:40,부과,만덕동 904
2024-11-01,19:37:52,부과,화명동 1130-9
2024-11-01,19:47:11,부과,구포동 1269-1
2024-11-01,19:51:58,부과,만덕동 904
2024-11-01,19:58:30,부과,구포동 1207-9
2024-11-01,20:01:06,부과,구포동 1207-9
2024-11-01,21:38:54,부과,구포동 1290
2024-11-01,21:56:42,부과,화명동 192
2024-11-01,23:00:19,부과,만덕동 829-9
2024-11-02,00:52:02,비부과,덕천동 462
2024-11-02,00:56:23,비부과,덕천동 381-1
2024-11-02,02:44:52,비부과,구포동 1269-1
2024-11-02,08:31:44,비부과,화명동 2257
2024-11-02,08:35:58,비부과,화명동 2257
2024-11-02,08:53:49,비부과,만덕동 783-54
2024-11-02,09:40:42,부과,구포동 1290
2024-11-02,10:10:09,부과,만덕동 904
2024-11-02,10:10:31,부과,만덕동 904
2024-11-02,11:25:16,부과,구포동 1049-8
2024-11-02,11:30:07,부과,화명동 2257
2024-11-02,11:33:42,부과,화명동 1218-2
2024-11-02,11:43:41,부과,만덕동 959-6
2024-11-02,11:46:12,부과,만덕동 959-5
2024-11-02,11:47:06,부과,화명동 973-3
2024-11-02,12:06:40,부과,금곡동 835-1
2024-11-02,12:24:13,부과,화명동 2257
2024-11-02,12:24:49,부과,화명동 2257
2024-11-02,12:26:18,부과,구포동 1280
2024-11-02,12:27:55,부과,구포동 1268
2024-11-02,12:30:03,부과,구포동 1268
2024-11-02,12:41:13,부과,구포동 462-2
2024-11-02,12:42:44,부과,구포동 462-2
2024-11-02,12:44:20,부과,구포동 461-1
2024-11-02,12:49:00,부과,화명동 1579-1
2024-11-02,12:55:59,부과,구포동 620-6
2024-11-02,12:58:45,부과,구포동 652-3
2024-11-02,13:00:36,부과,구포동 156-11
2024-11-02,13:17:39,부과,구포동 459-2
2024-11-02,13:21:45,부과,구포동 957-42
2024-11-02,13:23:23,부과,덕천동 379-9
2024-11-02,13:27:28,부과,구포동 602-41
2024-11-02,14:25:22,부과,화명동 752
2024-11-02,14:39:59,비부과,화명동 1293-1
2024-11-02,16:36:05,부과,덕천동 472
2024-11-02,16:53:41,부과,구포동 897-21
2024-11-02,16:55:35,부과,구포동 897-21
2024-11-02,17:06:21,부과,구포동 1278
2024-11-02,17:20:08,부과,구포동 1060-260
2024-11-02,17:21:40,부과,구포동 1060-260
2024-11-02,17:32:05,부과,만덕동 743-2
2024-11-02,18:35:27,부과,화명동 1222-2
2024-11-02,18:45:38,부과,구포동 1189
2024-11-02,18:47:42,부과,화명동 2257
2024-11-02,18:48:39,비부과,구포동 1124-13
2024-11-02,18:52:36,부과,화명동 2257
2024-11-02,18:55:44,부과,구포동 1189
2024-11-02,19:17:43,부과,구포동 918-5
2024-11-02,19:32:02,부과,만덕동 904
2024-11-02,19:48:52,부과,화명동 2257
2024-11-02,20:02:57,부과,구포동 1293
2024-11-02,20:32:33,부과,구포동 1269-1
2024-11-02,20:41:02,부과,덕천동 462
2024-11-02,20:46:05,부과,덕천동 472
2024-11-02,20:52:13,부과,구포동 147-5
2024-11-02,21:05:55,부과,화명동 2271-4
2024-11-02,21:21:19,부과,구포동 1060-471
2024-11-02,21:33:12,부과,구포동 1060-316
2024-11-02,23:05:15,비부과,만덕동 941-2
2024-11-02,23:07:17,부과,만덕동 941-2
2024-11-02,23:08:55,부과,만덕동 941-2
2024-11-02,23:39:18,부과,화명동 745
2024-11-03,00:25:04,부과,화명동 745
2024-11-03,06:15:08,부과,화명동 2257
2024-11-03,06:22:35,부과,화명동 2267-1
2024-11-03,07:20:10,부과,금곡동 123
2024-11-03,07:37:34,부과,구포동 1153
2024-11-03,07:39:13,부과,구포동 1153
2024-11-03,07:42:59,부과,구포동 250-2
2024-11-03,07:44:58,부과,구포동 1060-316
2024-11-03,07:46:25,부과,화명동 1431
2024-11-03,07:46:39,부과,구포동 1060-316
2024-11-03,07:48:16,부과,화명동 1431
2024-11-03,07:49:47,부과,화명동 1431
2024-11-03,07:50:37,부과,구포동 1060-316
2024-11-03,07:53:51,부과,구포동 1067-8
2024-11-03,07:55:31,부과,구포동 1067-8
2024-11-03,07:59:25,부과,화명동 1431
2024-11-03,08:04:52,부과,구포동 1282
2024-11-03,08:33:49,부과,구포동 1248-10
2024-11-03,09:32:51,부과,화명동 1431
2024-11-03,09:33:34,부과,화명동 1431
2024-11-03,09:35:22,부과,화명동 1431
2024-11-03,09:36:53,부과,화명동 1431
2024-11-03,09:37:22,부과,화명동 1431
2024-11-03,09:57:40,부과,구포동 656
2024-11-03,10:00:22,부과,구포동 620-6
2024-11-03,10:22:25,부과,구포동 459-2
2024-11-03,10:24:27,부과,화명동 2257
2024-11-03,10:25:15,부과,구포동 1154-20
2024-11-03,10:49:40,비부과,구포동 1160
2024-11-03,10:51:01,비부과,구포동 1228-8
2024-11-03,11:05:01,비부과,덕천동 462
2024-11-03,11:08:51,부과,화명동 2257
2024-11-03,11:13:36,부과,화명동 2257
2024-11-03,11:31:00,부과,화명동 2257
2024-11-03,11:44:30,비부과,덕천동 462
2024-11-03,11:54:18,부과,화명동 2319
2024-11-03,12:22:06,부과,화명동 310
2024-11-03,12:50:56,부과,화명동 1430
2024-11-03,12:57:33,부과,구포동 1282
2024-11-03,13:10:59,부과,만덕동 904
2024-11-03,13:11:24,부과,만덕동 904
2024-11-03,13:26:05,부과,덕천동 462
2024-11-03,13:48:15,부과,구포동 156-11
2024-11-03,13:56:47,부과,덕천동 462
2024-11-03,14:24:51,부과,덕천동 471
2024-11-03,14:30:05,부과,구포동 178-4
2024-11-03,14:36:52,비부과,구포동 426-22
2024-11-03,14:38:07,비부과,구포동 426-6
2024-11-03,14:49:45,비부과,구포동 625-1
2024-11-03,15:17:32,부과,만덕동 898
2024-11-03,16:24:48,부과,만덕동 904
2024-11-03,16:56:35,비부과,구포동 156-11
2024-11-03,16:57:55,부과,덕천동 327
2024-11-03,17:04:30,비부과,구포동 156-11
2024-11-03,17:06:44,비부과,구포동 156-11
2024-11-03,17:08:27,부과,금곡동 1117
2024-11-03,17:08:42,부과,화명동 2257
2024-11-03,17:09:00,부과,구포동 602-30
2024-11-03,17:18:30,부과,구포동 1060-260
2024-11-03,18:23:07,부과,화명동 1430
2024-11-03,18:24:52,비부과,만덕동 904
2024-11-03,18:30:03,비부과,만덕동 904
2024-11-03,18:34:28,부과,만덕동 845-1
2024-11-03,19:16:43,부과,구포동 1060-512
2024-11-03,19:19:46,부과,덕천동 467-2
2024-11-03,20:09:35,부과,만덕동 901
2024-11-03,20:16:33,비부과,화명동 2257
2024-11-03,20:17:23,부과,구포동 1153
2024-11-03,20:26:39,부과,만덕동 941-2
2024-11-03,20:28:09,부과,만덕동 941-2
2024-11-03,20:29:34,부과,만덕동 941-2
2024-11-03,23:01:42,비부과,구포동 625-1
2024-11-03,23:30:02,부과,화명동 2257
2024-11-04,02:33:29,부과,덕천동 472
2024-11-04,02:38:44,부과,덕천동 472
2024-11-04,06:21:57,부과,화명동 745
2024-11-04,06:40:09,부과,덕천동 327
2024-11-04,07:33:45,부과,구포동 1124-1
2024-11-04,08:11:52,비부과,구포동 1139
2024-11-04,08:14:39,비부과,구포동 1139
2024-11-04,08:27:00,부과,구포동 1189
2024-11-04,09:14:56,부과,구포동 1189
2024-11-04,11:45:19,비부과,덕천동 132-65
2024-11-04,12:05:13,부과,화명동 1408
2024-11-04,12:06:14,부과,화명동 2341-2
2024-11-04,12:07:05,부과,화명동 2341-2
2024-11-04,12:49:14,부과,구포동 1189
2024-11-04,12:49:34,부과,구포동 1189
2024-11-04,13:48:19,비부과,구포동 923-24
2024-11-04,14:11:23,부과,구포동 1215-3
2024-11-04,16:20:01,부과,구포동 897-21
2024-11-04,17:05:43,부과,만덕동 955-3
2024-11-04,17:51:54,비부과,만덕동 301-12
2024-11-04,18:46:56,부과,덕천동 462
2024-11-04,19:01:22,부과,덕천동 462
2024-11-04,19:25:48,부과,구포동 1290
2024-11-04,19:42:19,부과,덕천동 462
2024-11-04,19:44:35,부과,덕천동 462
2024-11-04,20:16:35,비부과,구포동 1095-2
2024-11-04,20:34:21,부과,구포동 1280
2024-11-04,20:42:03,부과,만덕동 955
2024-11-04,23:00:39,부과,만덕동 686-1
2024-11-04,23:42:32,부과,화명동 2269-1
2024-11-05,00:42:59,부과,화명동 2257
2024-11-05,01:17:42,부과,덕천동 462
2024-11-05,05:59:05,부과,덕천동 561-2
2024-11-05,08:21:55,부과,구포동 1190
2024-11-05,08:26:09,부과,구포동 1154-20
2024-11-05,09:04:27,부과,구포동 1189
2024-11-05,10:33:41,부과,구포동 263-8
2024-11-05,10:49:08,비부과,화명동 941-1
2024-11-05,11:17:25,비부과,덕천동 401-8
2024-11-05,12:37:56,비부과,구포동 1060-316
2024-11-05,12:39:32,부과,구포동 1060-260
2024-11-05,12:40:39,부과,구포동 1184-9
2024-11-05,15:04:23,부과,구포동 602-41
2024-11-05,15:57:17,부과,만덕동 898
2024-11-05,16:17:49,부과,화명동 2159-19
2024-11-05,16:48:04,부과,화명동 2277-4
2024-11-05,16:48:04,부과,구포동 452
2024-11-05,18:11:42,비부과,금곡동 126
2024-11-05,18:18:07,부과,구포동 897-21
2024-11-05,18:28:20,부과,덕천동 644-4
2024-11-05,18:37:58,부과,덕천동 561-1
2024-11-05,18:58:17,부과,만덕동 904
2024-11-05,19:24:23,비부과,덕천동 326-1
2024-11-05,19:33:08,부과,화명동 2257
2024-11-05,19:33:21,부과,만덕동 686-7
2024-11-05,19:40:13,부과,구포동 1290
2024-11-05,20:42:59,부과,덕천동 462
2024-11-05,20:48:01,부과,덕천동 462
2024-11-05,21:16:25,부과,만덕동 959-6
2024-11-05,21:44:24,부과,구포동 1280
2024-11-05,22:45:53,부과,만덕동 898
2024-11-05,22:51:15,부과,덕천동 327
2024-11-06,06:03:33,부과,덕천동 371-1
2024-11-06,06:23:23,부과,화명동 745
2024-11-06,06:45:52,부과,덕천동 464-21
2024-11-06,07:09:09,부과,구포동 1186-1
2024-11-06,07:20:12,부과,구포동 1189
2024-11-06,08:00:53,부과,구포동 1184-4
2024-11-06,08:29:02,부과,화명동 1430
2024-11-06,09:16:00,비부과,구포동 1120-1
2024-11-06,09:43:45,부과,구포동 1189
2024-11-06,10:15:57,부과,덕천동 326-1
2024-11-06,10:16:59,비부과,구포동 1197-36
2024-11-06,11:00:00,비부과,구포동 247-1
2024-11-06,11:33:47,부과,구포동 1197-36
2024-11-06,11:34:12,비부과,구포동 156-11
2024-11-06,12:08:36,비부과,구포동 1267
2024-11-06,12:12:04,비부과,구포동 1267
2024-11-06,12:16:57,부과,금곡동 1881
2024-11-06,12:28:16,부과,구포동 1124-1
2024-11-06,12:36:32,부과,구포동 1169-6
2024-11-06,12:36:32,부과,구포동 1169-6
2024-11-06,13:15:19,부과,만덕동 302-1
2024-11-06,13:18:58,비부과,구포동 1267
2024-11-06,13:55:59,부과,만덕동 937
2024-11-06,15:01:40,비부과,만덕동 904
2024-11-06,15:03:20,부과,만덕동 904
2024-11-06,15:09:26,부과,만덕동 904
2024-11-06,15:18:42,비부과,구포동 78-1
2024-11-06,15:38:49,부과,화명동 2335
2024-11-06,15:39:43,부과,덕천동 814-10
2024-11-06,15:54:25,부과,금곡동 681-1
2024-11-06,16:02:38,부과,구포동 1235-12
2024-11-06,16:28:01,부과,구포동 263-9
2024-11-06,16:55:28,부과,덕천동 458
2024-11-06,16:58:03,부과,구포동 1049-8
2024-11-06,17:04:59,비부과,구포동 1052-12
2024-11-06,18:13:28,부과,만덕동 904
2024-11-06,19:21:07,부과,구포동 1280
2024-11-06,19:23:49,비부과,덕천동 333-1
2024-11-06,19:28:12,부과,만덕동 904
2024-11-06,19:48:14,부과,화명동 2257
2024-11-06,19:57:12,비부과,구포동 263-9
2024-11-06,20:05:18,부과,만덕동 935
2024-11-06,20:06:39,부과,화명동 2257
2024-11-06,20:35:18,비부과,금곡동 1881
2024-11-06,20:39:39,부과,화명동 1440-2
2024-11-06,21:23:21,비부과,금곡동 1881
2024-11-06,22:08:05,부과,덕천동 467-2
2024-11-06,22:10:45,부과,덕천동 462
2024-11-06,22:26:48,부과,만덕동 308-3
2024-11-06,22:42:16,부과,화명동 2257
2024-11-06,22:45:22,부과,구포동 1060-316
2024-11-06,23:36:51,비부과,구포동 1060-466
2024-11-06,23:39:05,부과,화명동 2286-1
2024-11-06,23:44:57,부과,구포동 1060-471
2024-11-07,00:18:30,부과,화명동 2274-4
2024-11-07,05:01:37,부과,구포동 1279
2024-11-07,05:04:58,부과,구포동 1280
2024-11-07,05:20:18,부과,구포동 1278
2024-11-07,05:33:05,비부과,구포동 1249-36
2024-11-07,06:55:29,부과,구포동 1124-13
2024-11-07,07:54:24,부과,구포동 1189
2024-11-07,08:00:53,부과,구포동 1184-12
2024-11-07,08:07:51,부과,덕천동 241-17
2024-11-07,08:27:49,부과,구포동 1184-12
2024-11-07,08:36:06,비부과,덕천동 241-17
2024-11-07,08:55:56,부과,구포동 1189
2024-11-07,08:56:25,부과,구포동 1189
2024-11-07,09:16:42,부과,화명동 2257
2024-11-07,10:59:02,부과,만덕동 962-2
2024-11-07,10:59:02,부과,만덕동 962-2
2024-11-07,11:33:40,부과,구포동 1184-4
2024-11-07,11:35:48,비부과,만덕동 903
2024-11-07,11:49:51,부과,화명동 2277-4
2024-11-07,12:06:38,부과,덕천동 462
2024-11-07,12:22:38,부과,구포동 1189
2024-11-07,13:10:04,부과,구포동 1186-25
2024-11-07,13:46:10,부과,덕천동 241-12
2024-11-07,13:54:28,부과,구포동 1189
2024-11-07,13:55:55,부과,화명동 2278-1
2024-11-07,13:55:56,비부과,화명동 745
2024-11-07,13:56:13,부과,화명동 745
2024-11-07,14:00:00,부과,화명동 2257
2024-11-07,14:01:21,부과,화명동 2295-3
2024-11-07,14:04:03,부과,구포동 1189
2024-11-07,14:06:49,부과,덕천동 802
2024-11-07,14:15:13,부과,화명동 1400
2024-11-07,14:17:38,부과,만덕동 302-1
2024-11-07,14:18:21,부과,덕천동 316-40
2024-11-07,14:33:37,부과,금곡동 108
2024-11-07,14:50:44,부과,화명동 745
2024-11-07,14:52:20,부과,화명동 1293-3
2024-11-07,14:57:01,부과,덕천동 590
2024-11-07,16:03:32,비부과,구포동 1049-8
2024-11-07,16:46:30,부과,구포동 148
2024-11-07,17:03:23,비부과,금곡동 108
2024-11-07,17:07:02,비부과,만덕동 432
2024-11-07,17:26:06,부과,화명동 2315-7
2024-11-07,18:04:51,부과,화명동 2257
2024-11-07,19:25:42,부과,구포동 1060-22
2024-11-07,19:35:46,부과,화명동 2257
2024-11-07,20:05:11,부과,금곡동 1895
2024-11-07,20:07:24,부과,화명동 745
2024-11-07,20:08:40,부과,구포동 1141-112
2024-11-07,20:57:17,부과,구포동 1060-260
2024-11-07,22:39:23,부과,덕천동 814-10
2024-11-07,23:16:31,부과,화명동 2257
2024-11-07,23:19:56,부과,화명동 2297-6
2024-11-07,23:20:44,부과,화명동 2257
2024-11-07,23:22:21,부과,화명동 2257
2024-11-07,23:22:56,부과,화명동 2257
2024-11-07,23:25:36,부과,화명동 2278-3
2024-11-07,23:28:23,부과,화명동 2257
2024-11-07,23:31:05,부과,화명동 2257
2024-11-07,23:32:45,부과,화명동 2257
2024-11-07,23:33:22,부과,화명동 2274-4
2024-11-07,23:34:11,부과,화명동 2257
2024-11-08,06:22:27,부과,화명동 745
2024-11-08,07:57:44,부과,구포동 451-6
2024-11-08,09:02:08,부과,화명동 2257
2024-11-08,09:25:09,부과,구포동 1282
2024-11-08,09:33:22,부과,덕천동 316-40
2024-11-08,09:35:32,부과,덕천동 472
2024-11-08,10:08:52,비부과,금곡동 102-3
2024-11-08,11:03:15,비부과,만덕동 844-6
2024-11-08,11:30:40,부과,덕천동 351-5
2024-11-08,12:06:21,비부과,금곡동 1874-3
2024-11-08,12:23:06,부과,만덕동 922-2
2024-11-08,13:00:02,부과,구포동 1189
2024-11-08,13:02:05,부과,구포동 1189
2024-11-08,13:08:58,부과,구포동 1124-13
2024-11-08,13:19:56,부과,구포동 1239-20
2024-11-08,13:46:17,부과,금곡동 123
2024-11-08,14:24:46,부과,구포동 1154-24
2024-11-08,14:28:57,부과,구포동 1189
2024-11-08,14:39:19,부과,구포동 1124-1
2024-11-08,14:43:32,부과,구포동 1184-4
2024-11-08,14:47:06,부과,만덕동 823-33
2024-11-08,15:38:32,부과,만덕동 904
2024-11-08,16:18:50,비부과,덕천동 376-20
2024-11-08,16:31:19,부과,덕천동 460-1
2024-11-08,16:41:55,부과,구포동 1268
2024-11-08,17:07:37,비부과,만덕동 907-9
2024-11-08,18:20:17,부과,만덕동 904
2024-11-08,18:29:00,부과,만덕동 904
2024-11-08,19:18:58,비부과,화명동 1130-9
2024-11-08,19:28:15,부과,만덕동 759-25
2024-11-08,19:29:29,부과,만덕동 759-25
2024-11-08,19:32:21,부과,만덕동 783-14
2024-11-08,19:38:42,부과,만덕동 935
2024-11-08,19:40:42,부과,만덕동 917
2024-11-08,19:53:52,부과,화명동 2257
2024-11-08,19:56:37,부과,구포동 1060-252
2024-11-08,20:28:31,부과,구포동 1290
2024-11-08,20:41:05,부과,구포동 1278
2024-11-08,20:48:35,부과,화명동 745
2024-11-08,21:01:08,비부과,구포동 923-207
2024-11-08,21:10:57,부과,만덕동 759-25
2024-11-08,21:33:38,부과,만덕동 937
2024-11-08,21:33:49,부과,만덕동 937
2024-11-08,21:43:12,부과,화명동 2257
2024-11-08,21:43:18,부과,화명동 2274-4
2024-11-08,22:02:37,부과,만덕동 935
2024-11-08,22:17:32,부과,구포동 729-1
2024-11-08,22:24:29,부과,덕천동 474
2024-11-08,23:27:15,부과,화명동 2274-4
2024-11-08,23:29:04,부과,화명동 2257
2024-11-08,23:56:39,부과,만덕동 955
2024-11-09,00:36:19,부과,구포동 1060-471
2024-11-09,00:45:20,부과,만덕동 707-15
2024-11-09,06:21:10,부과,구포동 1153
2024-11-09,08:16:55,부과,구포동 1189
2024-11-09,10:32:05,부과,화명동 745
2024-11-09,10:34:40,부과,화명동 752
2024-11-09,11:13:09,부과,덕천동 327
2024-11-09,11:16:03,부과,덕천동 382-11
2024-11-09,11:37:02,부과,화명동 1430
2024-11-09,11:37:59,부과,화명동 1430
2024-11-09,11:41:14,부과,화명동 1430
2024-11-09,11:43:07,비부과,화명동 2269-2
2024-11-09,11:43:50,부과,만덕동 955-3
2024-11-09,11:46:24,부과,만덕동 955-3
2024-11-09,11:47:08,부과,화명동 2257
2024-11-09,11:47:55,부과,화명동 1430
2024-11-09,11:54:35,비부과,화명동 1430
2024-11-09,12:00:47,부과,만덕동 905
2024-11-09,12:02:17,부과,화명동 2275-4
2024-11-09,12:02:41,부과,화명동 2257
2024-11-09,12:40:26,부과,화명동 192
2024-11-09,12:42:25,부과,화명동 197
2024-11-09,12:44:42,부과,화명동 2257
2024-11-09,12:45:29,부과,화명동 2257
2024-11-09,12:46:06,부과,화명동 2257
2024-11-09,12:48:42,부과,화명동 2257
2024-11-09,12:49:48,부과,화명동 2257
2024-11-09,12:50:14,부과,화명동 2257
2024-11-09,12:51:03,부과,구포동 1285
2024-11-09,13:00:52,부과,화명동 378-2
2024-11-09,13:36:00,부과,덕천동 561-2
2024-11-09,13:43:19,부과,덕천동 561-2
2024-11-09,13:55:28,부과,구포동 508
2024-11-09,14:14:07,비부과,덕천동 472
2024-11-09,14:16:45,비부과,덕천동 472
2024-11-09,14:30:29,부과,화명동 1388-3
2024-11-09,14:55:21,부과,덕천동 397-1
2024-11-09,15:57:16,부과,만덕동 904
2024-11-09,15:59:23,부과,만덕동 904
2024-11-09,16:33:27,부과,구포동 1189
2024-11-09,17:05:42,부과,만덕동 935
2024-11-09,17:07:55,부과,구포동 1267
2024-11-09,17:14:52,부과,구포동 1060-454
2024-11-09,17:16:30,부과,구포동 1060-455
2024-11-09,17:18:11,부과,구포동 1060-251
2024-11-09,17:30:04,부과,화명동 2257
2024-11-09,17:30:29,부과,화명동 2279
2024-11-09,17:35:24,부과,화명동 2257
2024-11-09,17:36:11,부과,만덕동 904
2024-11-09,17:36:32,부과,만덕동 904
2024-11-09,17:36:56,부과,만덕동 904
2024-11-09,17:37:49,부과,화명동 2257
2024-11-09,17:38:26,부과,화명동 2257
2024-11-09,17:45:55,부과,화명동 2277-4
2024-11-09,17:57:10,부과,화명동 1430
2024-11-09,17:58:40,부과,화명동 1430
2024-11-09,17:58:43,부과,만덕동 904
2024-11-09,18:16:02,부과,만덕동 904
2024-11-09,18:25:59,부과,화명동 2257
2024-11-09,18:26:19,부과,화명동 1430
2024-11-09,18:28:33,부과,구포동 1218-34
2024-11-09,18:28:33,부과,화명동 1430
2024-11-09,18:32:27,부과,구포동 1235-9
2024-11-09,18:33:13,부과,구포동 1269-1
2024-11-09,18:35:39,부과,구포동 1211-13
2024-11-09,18:36:26,부과,화명동 1426-1
2024-11-09,18:40:28,부과,화명동 1408
2024-11-09,18:43:10,비부과,덕천동 462
2024-11-09,18:59:12,부과,화명동 1430
2024-11-09,18:59:55,부과,화명동 1430
2024-11-09,19:00:23,부과,만덕동 898
2024-11-09,19:00:32,부과,화명동 1430
2024-11-09,19:03:27,비부과,화명동 1410-3
2024-11-09,19:03:52,부과,덕천동 561-1
2024-11-09,19:04:53,부과,화명동 1430
2024-11-09,19:06:40,부과,화명동 1431
2024-11-09,19:08:36,부과,화명동 1425-10
2024-11-09,19:09:35,부과,화명동 1431
2024-11-09,19:40:40,부과,구포동 1269-1
2024-11-09,19:43:29,부과,구포동 1269-1
2024-11-09,20:03:10,부과,구포동 1060-316
2024-11-09,20:04:59,비부과,구포동 1060-260
2024-11-09,20:11:10,부과,화명동 2257
2024-11-09,20:18:17,부과,화명동 2257
2024-11-09,20:25:54,부과,덕천동 462
2024-11-09,20:42:24,부과,덕천동 462
2024-11-09,20:57:40,부과,화명동 2316-8
2024-11-09,21:03:24,부과,덕천동 757-4
2024-11-09,21:05:06,부과,덕천동 557
2024-11-09,21:21:45,비부과,덕천동 462
2024-11-09,21:24:42,부과,덕천동 462
2024-11-09,21:24:42,부과,덕천동 462
2024-11-09,21:32:48,부과,구포동 1189
2024-11-09,21:39:24,비부과,금곡동 1885
2024-11-09,21:41:50,비부과,금곡동 1881
2024-11-09,22:22:05,부과,화명동 2257
2024-11-09,22:35:35,부과,화명동 745
2024-11-10,01:22:18,부과,화명동 2274-4
2024-11-10,02:50:13,부과,화명동 2257
2024-11-10,04:46:42,부과,화명동 197
2024-11-10,05:32:40,부과,화명동 2273
2024-11-10,07:23:48,부과,만덕동 308-3
2024-11-10,08:00:14,부과,구포동 263-9
2024-11-10,08:36:19,부과,구포동 1246-4
2024-11-10,08:38:16,부과,구포동 1247-10
2024-11-10,10:27:49,비부과,화명동 186
2024-11-10,10:29:37,부과,구포동 1278
2024-11-10,10:35:29,부과,화명동 740-3
2024-11-10,10:38:36,부과,금곡동 1880-11
2024-11-10,10:46:23,부과,화명동 752
2024-11-10,10:48:43,부과,화명동 2021-2
2024-11-10,10:53:20,부과,화명동 2257
2024-11-10,10:59:28,부과,화명동 2257
2024-11-10,11:12:31,부과,화명동 2257
2024-11-10,11:16:34,부과,화명동 2257
2024-11-10,11:17:02,부과,화명동 2257
2024-11-10,11:42:07,비부과,화명동 2257
2024-11-10,11:45:19,비부과,화명동 1469-5
2024-11-10,11:53:08,부과,화명동 2280
2024-11-10,11:57:16,부과,만덕동 899
2024-11-10,11:59:52,부과,화명동 2257
2024-11-10,13:05:15,부과,화명동 2257
2024-11-10,14:08:18,부과,구포동 1174
2024-11-10,14:28:37,부과,만덕동 937
2024-11-10,14:35:44,부과,만덕동 904
2024-11-10,14:36:06,비부과,만덕동 904
2024-11-10,15:39:02,비부과,덕천동 332-3
2024-11-10,15:42:05,비부과,덕천동 332-3
2024-11-10,15:44:52,비부과,덕천동 472
2024-11-10,15:47:02,비부과,덕천동 472
2024-11-10,15:48:45,비부과,덕천동 472
2024-11-10,15:51:36,비부과,덕천동 472
2024-11-10,15:53:24,비부과,덕천동 472
2024-11-10,16:26:31,부과,만덕동 904
2024-11-10,16:39:55,부과,화명동 2262
2024-11-10,17:13:52,부과,구포동 1097-8
2024-11-10,17:15:24,비부과,구포동 1060-449
2024-11-10,17:17:27,비부과,구포동 1060-453
2024-11-10,17:17:54,부과,구포동 937-41
2024-11-10,17:23:14,부과,구포동 968-4
2024-11-10,17:35:33,부과,구포동 779-3
2024-11-10,17:39:41,부과,만덕동 904
2024-11-10,17:42:04,부과,화명동 2257
2024-11-10,18:32:56,부과,덕천동 472
2024-11-10,18:45:03,부과,화명동 2257
2024-11-10,18:59:09,비부과,만덕동 761-1
2024-11-10,19:11:56,비부과,만덕동 759-25
2024-11-10,19:15:48,부과,덕천동 462
2024-11-10,19:16:05,비부과,덕천동 462
2024-11-10,19:17:36,부과,화명동 2257
2024-11-10,19:18:25,부과,덕천동 327
2024-11-10,19:18:55,부과,만덕동 935
2024-11-10,19:20:13,부과,만덕동 935
2024-11-10,19:20:29,비부과,덕천동 462
2024-11-10,19:20:36,비부과,만덕동 935
2024-11-10,19:29:04,부과,구포동 1060-454
2024-11-10,19:46:05,부과,화명동 2257
2024-11-10,19:55:51,부과,화명동 2257
2024-11-10,20:14:56,부과,덕천동 472
2024-11-10,20:20:18,비부과,덕천동 462
2024-11-10,20:38:40,부과,화명동 2257
2024-11-10,20:58:16,비부과,구포동 1060-528
2024-11-10,21:00:13,비부과,구포동 1060-316
2024-11-10,21:01:52,부과,구포동 1060-402
2024-11-10,21:03:02,부과,만덕동 324-3
2024-11-10,21:03:02,부과,만덕동 324-3
2024-11-10,21:09:17,부과,구포동 1271
2024-11-10,21:32:31,비부과,화명동 1531-13
2024-11-10,21:34:31,부과,화명동 192
2024-11-10,21:36:28,부과,화명동 1522-2
2024-11-10,21:38:58,부과,화명동 2257
2024-11-10,22:30:22,비부과,덕천동 417-21
2024-11-10,23:11:43,부과,화명동 2286-3
2024-11-10,23:16:09,부과,화명동 2257
2024-11-10,23:19:39,부과,화명동 2257
2024-11-10,23:22:53,부과,화명동 2257
2024-11-10,23:25:52,부과,화명동 2257
2024-11-10,23:31:12,부과,화명동 2274-4
2024-11-10,23:34:53,부과,화명동 2269-2
2024-11-10,23:39:24,비부과,덕천동 797
2024-11-11,00:26:32,부과,금곡동 108
2024-11-11,06:00:32,부과,덕천동 371-1
2024-11-11,07:00:29,부과,구포동 1285
2024-11-11,07:59:02,비부과,덕천동 132-65
2024-11-11,08:21:04,부과,화명동 941-1
2024-11-11,08:35:38,비부과,구포동 730-3
2024-11-11,08:51:55,부과,구포동 1290
2024-11-11,09:01:10,부과,덕천동 472
2024-11-11,09:35:16,비부과,덕천동 462
2024-11-11,11:07:45,부과,화명동 2314-4
2024-11-11,11:28:03,비부과,덕천동 327
2024-11-11,11:32:31,부과,화명동 2274-4
2024-11-11,11:43:16,부과,구포동 1169-6
2024-11-11,12:20:55,비부과,덕천동 327
2024-11-11,13:01:19,비부과,덕천동 472
2024-11-11,13:05:27,비부과,덕천동 472
2024-11-11,13:13:40,부과,덕천동 241-17
2024-11-11,13:24:42,부과,화명동 2257
2024-11-11,13:29:33,비부과,덕천동 332-3
2024-11-11,13:30:24,비부과,덕천동 472
2024-11-11,13:32:42,비부과,덕천동 472
2024-11-11,13:33:32,부과,구포동 1189
2024-11-11,13:37:05,비부과,금곡동 102-3
2024-11-11,15:23:47,부과,화명동 2257
2024-11-11,16:28:14,부과,구포동 1189
2024-11-11,17:04:08,부과,화명동 2257
2024-11-11,17:44:00,부과,덕천동 462
2024-11-11,18:58:43,비부과,구포동 729-8
2024-11-11,19:13:45,비부과,덕천동 399-1
2024-11-11,19:14:49,비부과,덕천동 399-1
2024-11-11,19:15:50,비부과,덕천동 399-1
2024-11-11,19:22:42,비부과,덕천동 399-1
2024-11-11,19:28:25,부과,구포동 1060-471
2024-11-11,20:01:21,부과,구포동 313
2024-11-11,20:37:50,부과,만덕동 845-4
2024-11-11,21:16:00,비부과,구포동 729-8
2024-11-11,21:58:40,부과,구포동 1060-454
2024-11-11,22:58:38,비부과,덕천동 814-4
2024-11-12,00:33:49,부과,화명동 2257
2024-11-12,03:26:20,비부과,구포동 1060-390
2024-11-12,08:29:11,부과,덕천동 552-1
2024-11-12,09:02:38,비부과,화명동 1430
2024-11-12,09:04:59,부과,덕천동 472
2024-11-12,09:24:46,비부과,금곡동 102-3
2024-11-12,09:38:33,부과,화명동 1179-14
2024-11-12,10:12:05,비부과,덕천동 332-4
2024-11-12,10:19:57,부과,덕천동 472
2024-11-12,10:21:50,비부과,덕천동 472
2024-11-12,10:23:48,비부과,덕천동 472
2024-11-12,11:12:43,부과,화명동 2274-4
2024-11-12,13:01:07,부과,덕천동 474
2024-11-12,13:22:55,부과,구포동 1186-29
2024-11-12,13:27:50,비부과,구포동 1189
2024-11-12,14:16:22,부과,구포동 1189
2024-11-12,15:25:01,부과,만덕동 904
2024-11-12,15:28:18,부과,만덕동 899
2024-11-12,15:43:26,부과,구포동 1186-28
2024-11-12,15:44:57,비부과,구포동 1186-1
2024-11-12,15:55:56,부과,화명동 2257
2024-11-12,16:07:44,부과,만덕동 870-13
2024-11-12,16:10:29,부과,만덕동 903
2024-11-12,16:11:06,부과,만덕동 904
2024-11-12,16:54:29,비부과,구포동 1159
2024-11-12,17:01:17,부과,구포동 1060-316
2024-11-12,18:15:36,부과,구포동 786
2024-11-12,18:25:04,부과,만덕동 903
2024-11-12,19:27:42,부과,만덕동 903
2024-11-12,19:28:16,부과,만덕동 903
2024-11-12,19:28:44,부과,만덕동 901
2024-11-12,19:29:07,부과,만덕동 904
2024-11-12,19:58:56,부과,구포동 1060-316
2024-11-12,20:00:41,부과,구포동 1060-455
2024-11-12,20:08:33,부과,화명동 196
2024-11-12,20:23:19,부과,만덕동 913-8
2024-11-12,20:52:33,부과,만덕동 903
2024-11-12,20:52:55,부과,만덕동 904
2024-11-12,21:32:49,비부과,덕천동 403-9
2024-11-12,21:34:58,비부과,덕천동 403-9
2024-11-12,22:24:24,부과,화명동 2257
2024-11-12,22:51:51,부과,만덕동 904
2024-11-13,00:11:13,부과,만덕동 898
2024-11-13,07:02:58,비부과,화명동 194-2
2024-11-13,07:58:05,부과,화명동 186
2024-11-13,08:08:03,비부과,화명동 699-1
2024-11-13,08:39:47,부과,덕천동 241-31
2024-11-13,08:43:41,부과,덕천동 472
2024-11-13,10:28:51,부과,덕천동 316-40
2024-11-13,10:46:18,부과,만덕동 950
2024-11-13,11:46:17,부과,만덕동 259-2
2024-11-13,12:00:57,부과,만덕동 904
2024-11-13,12:14:29,부과,구포동 712-1
2024-11-13,12:18:35,부과,화명동 2264
2024-11-13,12:23:02,부과,화명동 2257
2024-11-13,12:54:27,부과,화명동 1216-1
2024-11-13,13:13:39,부과,만덕동 873-15
2024-11-13,13:36:06,부과,화명동 2021-2
2024-11-13,13:40:54,부과,금곡동 108
2024-11-13,13:40:54,부과,금곡동 108
2024-11-13,14:04:22,부과,화명동 2257
2024-11-13,14:26:31,부과,만덕동 433-1
2024-11-13,15:10:10,부과,구포동 950-8
2024-11-13,15:27:54,부과,구포동 451-1
2024-11-13,16:13:32,부과,구포동 1278
2024-11-13,16:28:31,비부과,구포동 1060-454
2024-11-13,16:30:16,부과,구포동 1060-260
2024-11-13,16:41:00,비부과,금곡동 57-11
2024-11-13,17:49:54,부과,덕천동 327
2024-11-13,18:30:27,부과,구포동 1189
2024-11-13,18:33:06,부과,구포동 1280
2024-11-13,18:53:31,부과,덕천동 561-1
2024-11-13,18:55:08,부과,덕천동 561-1
2024-11-13,18:55:36,부과,덕천동 561-1
2024-11-13,19:02:56,부과,화명동 2257
2024-11-13,19:32:11,부과,덕천동 467-2
2024-11-13,20:15:36,부과,만덕동 904
2024-11-13,20:32:34,부과,화명동 2257
2024-11-13,20:34:09,부과,화명동 2257
2024-11-13,20:36:09,부과,화명동 2274-4
2024-11-13,20:52:13,부과,화명동 2257
2024-11-13,21:54:05,부과,만덕동 311-3
2024-11-13,22:08:42,부과,구포동 1060-316
2024-11-13,22:50:02,비부과,화명동 2257
2024-11-14,08:45:09,부과,만덕동 904
2024-11-14,08:46:57,부과,만덕동 935
2024-11-14,09:30:46,비부과,금곡동 104
2024-11-14,09:34:26,부과,화명동 1179-14
2024-11-14,09:46:06,비부과,금곡동 1651-4
2024-11-14,10:23:21,비부과,화명동 1522-2
2024-11-14,10:25:05,비부과,구포동 786
2024-11-14,10:46:33,부과,덕천동 316-40
2024-11-14,10:48:07,부과,덕천동 316-40
2024-11-14,10:50:58,부과,덕천동 472
2024-11-14,11:09:53,부과,구포동 786
2024-11-14,11:29:56,부과,금곡동 835-1
2024-11-14,12:25:06,부과,만덕동 305-1
2024-11-14,12:57:31,비부과,화명동 2264
2024-11-14,13:12:56,부과,화명동 2257
2024-11-14,13:21:09,부과,구포동 1197-36
2024-11-14,13:28:05,부과,금곡동 102
2024-11-14,13:32:12,부과,구포동 1172-51
2024-11-14,13:32:47,부과,만덕동 904
2024-11-14,13:33:10,부과,만덕동 904
2024-11-14,13:33:34,부과,만덕동 904
2024-11-14,13:33:57,부과,만덕동 904
2024-11-14,13:38:49,부과,화명동 2257
2024-11-14,13:48:32,비부과,덕천동 472
2024-11-14,14:27:04,부과,구포동 786
2024-11-14,14:31:30,부과,화명동 1293-3
2024-11-14,14:31:37,부과,만덕동 904
2024-11-14,14:49:07,부과,화명동 1219-2
2024-11-14,15:50:25,부과,구포동 897-21
2024-11-14,16:02:50,비부과,금곡동 104
2024-11-14,16:09:58,부과,만덕동 899
2024-11-14,16:59:48,부과,만덕동 904
2024-11-14,17:19:42,부과,만덕동 783-14
2024-11-14,17:52:11,비부과,구포동 1278
2024-11-14,18:18:41,비부과,만덕동 955
2024-11-14,18:42:37,비부과,구포동 897-21
2024-11-14,18:51:06,부과,구포동 1087-1
2024-11-14,19:14:24,비부과,구포동 1236-1
2024-11-14,19:16:28,부과,화명동 2257
2024-11-14,19:22:52,부과,만덕동 904
2024-11-14,19:45:06,부과,만덕동 904
2024-11-14,19:53:40,비부과,구포동 1063-11
2024-11-14,20:08:44,부과,만덕동 904
2024-11-14,20:23:57,부과,만덕동 922-2
2024-11-14,20:26:03,부과,만덕동 937
2024-11-14,20:34:44,부과,화명동 2257
2024-11-14,20:50:17,부과,화명동 1528-5
2024-11-14,21:24:16,부과,만덕동 904
2024-11-14,22:15:15,부과,덕천동 789-16
2024-11-14,22:16:33,비부과,구포동 1060-22
2024-11-14,23:17:02,비부과,덕천동 797
2024-11-15,02:04:44,부과,화명동 1528-5
2024-11-15,05:49:38,비부과,화명동 2257
2024-11-15,08:13:01,부과,화명동 941-1
2024-11-15,08:14:29,부과,화명동 941-1
2024-11-15,08:14:53,부과,화명동 941-1
2024-11-15,08:35:22,부과,화명동 2254
2024-11-15,09:18:12,부과,덕천동 241-17
2024-11-15,09:22:46,부과,덕천동 313-1
2024-11-15,09:24:27,비부과,금곡동 104
2024-11-15,09:31:42,비부과,덕천동 466
2024-11-15,10:16:40,부과,덕천동 539-1
2024-11-15,10:43:03,부과,화명동 2257
2024-11-15,11:31:18,부과,만덕동 905
2024-11-15,12:02:40,비부과,화명동 1430
2024-11-15,13:00:35,부과,구포동 1189
2024-11-15,13:02:25,비부과,구포동 86-15
2024-11-15,13:53:18,부과,화명동 189
2024-11-15,13:53:21,부과,금곡동 102-3
2024-11-15,14:30:22,비부과,화명동 1293-4
2024-11-15,14:32:15,부과,만덕동 937
2024-11-15,14:46:39,부과,화명동 2274-4
2024-11-15,15:40:31,부과,만덕동 904
2024-11-15,15:48:48,부과,만덕동 950
2024-11-15,15:52:08,부과,구포동 1290
2024-11-15,16:01:48,부과,덕천동 472
2024-11-15,16:02:49,비부과,금곡동 104
2024-11-15,16:07:17,비부과,만덕동 904
2024-11-15,16:18:43,비부과,화명동 699-1
2024-11-15,16:21:25,부과,화명동 1219-2
2024-11-15,16:21:26,부과,화명동 1293-5
2024-11-15,16:24:16,부과,덕천동 462
2024-11-15,17:05:49,부과,화명동 2257
2024-11-15,17:07:08,부과,화명동 2274-4
2024-11-15,17:40:27,부과,만덕동 904
2024-11-15,17:41:01,부과,만덕동 950
2024-11-15,17:51:01,비부과,구포동 1208-13
2024-11-15,18:08:34,부과,덕천동 462
2024-11-15,18:09:59,부과,화명동 2257
2024-11-15,18:32:39,부과,만덕동 904
2024-11-15,18:37:24,부과,덕천동 561-1
2024-11-15,18:38:49,부과,덕천동 561-1
2024-11-15,18:39:23,부과,덕천동 561-1
2024-11-15,18:40:23,부과,덕천동 561-1
2024-11-15,18:40:53,부과,덕천동 561-1
2024-11-15,19:03:35,비부과,구포동 896-23
2024-11-15,19:07:14,부과,만덕동 904
2024-11-15,19:09:14,비부과,만덕동 904
2024-11-15,19:23:53,부과,구포동 968-7
2024-11-15,19:24:19,부과,구포동 968-4
2024-11-15,19:27:11,비부과,구포동 968-4
2024-11-15,19:40:17,부과,만덕동 904
2024-11-15,20:47:39,부과,구포동 1207-9
2024-11-15,21:16:56,부과,구포동 1060-471
2024-11-15,21:33:09,부과,만덕동 287-2
2024-11-15,21:45:01,부과,구포동 1280
2024-11-15,22:13:39,부과,만덕동 904
2024-11-15,22:36:56,부과,덕천동 337-14
2024-11-15,22:58:39,부과,화명동 2257
2024-11-16,00:43:42,부과,금곡동 1895
2024-11-16,01:15:10,비부과,화명동 1130-9
2024-11-16,04:08:31,부과,화명동 2262
2024-11-16,05:39:03,비부과,만덕동 706-6
2024-11-16,06:27:47,부과,덕천동 396-1
2024-11-16,07:37:51,비부과,구포동 1085
2024-11-16,08:04:09,부과,화명동 941-1
2024-11-16,08:06:14,비부과,화명동 941-1
2024-11-16,08:06:41,부과,덕천동 561-1
2024-11-16,08:17:22,비부과,화명동 2257
2024-11-16,08:20:16,부과,화명동 2277-7
2024-11-16,08:26:47,비부과,화명동 2257
2024-11-16,08:28:53,비부과,화명동 2257
2024-11-16,08:44:21,부과,덕천동 313-1
2024-11-16,09:12:56,부과,덕천동 326-1
2024-11-16,09:17:41,비부과,만덕동 899
2024-11-16,09:25:50,부과,화명동 1293-3
2024-11-16,09:54:27,부과,구포동 1284
2024-11-16,10:16:34,부과,화명동 2274-4
2024-11-16,11:20:09,부과,만덕동 904
2024-11-16,11:30:42,부과,만덕동 904
2024-11-16,11:57:55,비부과,화명동 2159
2024-11-16,12:44:11,부과,화명동 745
2024-11-16,13:03:26,부과,화명동 2257
2024-11-16,13:06:20,부과,화명동 2257
2024-11-16,13:08:00,부과,화명동 2257
2024-11-16,13:10:05,부과,화명동 2257
2024-11-16,13:10:16,부과,화명동 2257
2024-11-16,13:36:00,부과,구포동 604-2
2024-11-16,13:59:23,비부과,구포동 609-7
2024-11-16,15:19:10,부과,덕천동 313-1
2024-11-16,15:21:01,부과,덕천동 472
2024-11-16,16:37:27,비부과,덕천동 797-5
2024-11-16,16:57:31,부과,구포동 481
2024-11-16,17:02:37,부과,만덕동 937
2024-11-16,17:04:33,비부과,화명동 1388-3
2024-11-16,17:17:25,부과,구포동 1060-454
2024-11-16,17:18:58,부과,구포동 1060-454
2024-11-16,17:23:37,부과,덕천동 462
2024-11-16,17:48:11,부과,구포동 451-1
2024-11-16,18:24:00,부과,구포동 1060-45
2024-11-16,18:26:27,부과,구포동 1060-45
2024-11-16,18:36:40,부과,덕천동 561-1
2024-11-16,18:37:30,부과,덕천동 573
2024-11-16,18:39:29,부과,덕천동 561-1
2024-11-16,18:40:06,부과,덕천동 561-2
2024-11-16,18:43:25,부과,덕천동 561-1
2024-11-16,18:45:33,부과,덕천동 561-1
2024-11-16,19:01:28,부과,덕천동 401-16
2024-11-16,19:05:56,부과,만덕동 904
2024-11-16,19:08:07,부과,화명동 745
2024-11-16,19:19:02,부과,구포동 1060-258
2024-11-16,19:20:41,부과,구포동 1060-260
2024-11-16,19:31:57,부과,만덕동 957
2024-11-16,19:32:49,부과,만덕동 904
2024-11-16,19:33:16,비부과,만덕동 904
2024-11-16,19:41:34,부과,덕천동 462
2024-11-16,20:23:48,부과,구포동 1269-1
2024-11-16,20:27:37,부과,구포동 1269-1
2024-11-16,20:31:12,부과,구포동 1060-260
2024-11-16,20:32:46,부과,만덕동 904
2024-11-16,20:33:12,부과,구포동 1063-11
2024-11-16,20:45:31,비부과,화명동 2257
2024-11-16,20:47:48,비부과,화명동 2257
2024-11-16,20:52:08,부과,덕천동 462
2024-11-16,22:02:35,부과,구포동 1060-512
2024-11-16,22:10:41,부과,화명동 1431
2024-11-16,22:12:44,부과,화명동 1430
2024-11-16,22:16:19,부과,화명동 1430
2024-11-16,22:18:16,부과,화명동 1431
2024-11-16,22:20:06,부과,화명동 1431
2024-11-16,22:27:51,부과,구포동 191-1
2024-11-17,00:11:13,부과,화명동 2271-1
2024-11-17,00:42:25,부과,화명동 2257
2024-11-17,02:09:01,부과,덕천동 472
2024-11-17,05:01:11,부과,구포동 612-26
2024-11-17,05:03:19,부과,구포동 611-1
2024-11-17,05:05:10,부과,구포동 612-11
2024-11-17,06:46:56,부과,구포동 548-1
2024-11-17,06:48:39,부과,구포동 1124-1
2024-11-17,07:06:56,부과,만덕동 960-4
2024-11-17,07:28:17,부과,구포동 1296
2024-11-17,07:30:15,부과,구포동 263-10
2024-11-17,07:33:35,부과,구포동 1060-471
2024-11-17,07:34:53,부과,만덕동 905
2024-11-17,07:36:26,부과,구포동 1060-68
2024-11-17,07:41:45,부과,구포동 1063-2
2024-11-17,07:44:08,부과,구포동 1067-8
2024-11-17,08:50:57,부과,화명동 2324
2024-11-17,09:25:59,비부과,화명동 896-3
2024-11-17,09:37:55,부과,구포동 1060-45
2024-11-17,09:40:06,부과,구포동 1060-79
2024-11-17,09:42:18,부과,구포동 1296
2024-11-17,09:43:43,부과,화명동 959-6
2024-11-17,09:43:56,부과,구포동 263-10
2024-11-17,09:48:07,부과,구포동 391-5
2024-11-17,09:49:43,부과,화명동 959-7
2024-11-17,10:12:48,부과,구포동 462-2
2024-11-17,10:28:08,부과,구포동 1227-8
2024-11-17,10:49:44,부과,화명동 1469-5
2024-11-17,10:55:28,부과,덕천동 349-18
2024-11-17,11:30:00,부과,덕천동 322-24
2024-11-17,11:31:02,부과,화명동 1430
2024-11-17,11:31:49,부과,화명동 1431
2024-11-17,11:32:12,부과,덕천동 472
2024-11-17,11:35:27,부과,덕천동 472
2024-11-17,11:35:36,부과,화명동 1430
2024-11-17,11:42:24,부과,화명동 1430
2024-11-17,11:43:13,부과,화명동 1430
2024-11-17,11:44:21,부과,화명동 1429-2
2024-11-17,11:45:08,부과,화명동 1431
2024-11-17,11:50:07,비부과,화명동 2341-2
2024-11-17,11:50:36,부과,화명동 698-6
2024-11-17,11:50:59,부과,화명동 2341-2
2024-11-17,12:00:01,부과,화명동 1431
2024-11-17,12:00:38,부과,화명동 1431
2024-11-17,12:20:40,부과,화명동 2257
2024-11-17,12:21:05,부과,화명동 2275-4
2024-11-17,12:44:39,부과,화명동 2274-6
2024-11-17,12:52:32,부과,화명동 2257
2024-11-17,12:53:09,부과,화명동 2257
2024-11-17,12:53:37,부과,화명동 2257
2024-11-17,13:18:54,부과,금곡동 199-4
2024-11-17,13:18:54,부과,금곡동 199-4
2024-11-17,13:19:27,부과,만덕동 904
2024-11-17,13:29:13,부과,만덕동 903
2024-11-17,13:31:01,부과,만덕동 904
2024-11-17,13:32:04,부과,만덕동 850-19
2024-11-17,13:32:45,부과,만덕동 903
2024-11-17,13:33:25,부과,만덕동 904
2024-11-17,13:33:51,부과,만덕동 904
2024-11-17,13:34:44,부과,만덕동 904
2024-11-17,13:35:07,부과,만덕동 903
2024-11-17,13:35:30,부과,만덕동 903
2024-11-17,13:36:32,부과,만덕동 903
2024-11-17,13:36:59,부과,만덕동 903
2024-11-17,13:37:35,부과,만덕동 903
2024-11-17,13:38:33,부과,만덕동 901
2024-11-17,13:38:57,부과,만덕동 903
2024-11-17,14:20:12,부과,화명동 2274-4
2024-11-17,14:24:16,부과,구포동 1215-43
2024-11-17,14:53:46,부과,덕천동 472
2024-11-17,15:30:13,부과,만덕동 937
2024-11-17,15:52:32,부과,덕천동 474
2024-11-17,16:13:19,부과,만덕동 904
2024-11-17,16:17:56,부과,구포동 548-1
2024-11-17,16:18:53,부과,화명동 745
2024-11-17,16:21:58,부과,화명동 752
2024-11-17,16:24:07,부과,구포동 1278
2024-11-17,16:35:24,부과,덕천동 250-3
2024-11-17,16:35:59,부과,덕천동 561-1
2024-11-17,16:37:48,부과,만덕동 959-4
2024-11-17,16:38:04,부과,덕천동 561-1
2024-11-17,16:40:42,부과,만덕동 629-3
2024-11-17,17:15:25,부과,덕천동 313-5
2024-11-17,17:24:20,비부과,구포동 1267
2024-11-17,17:36:08,부과,구포동 1060-454
2024-11-17,18:24:30,부과,화명동 1470-10
2024-11-17,18:41:54,부과,만덕동 935
2024-11-17,18:43:53,부과,만덕동 924
2024-11-17,19:11:42,비부과,구포동 485
2024-11-17,19:17:59,부과,만덕동 959-2
2024-11-17,19:21:54,부과,만덕동 759-11
2024-11-17,19:26:02,부과,만덕동 759-25
2024-11-17,19:34:33,부과,화명동 378-7
2024-11-17,20:08:21,부과,덕천동 561-2
2024-11-17,21:09:14,부과,만덕동 904
2024-11-17,21:10:05,부과,만덕동 903
2024-11-17,21:14:43,부과,화명동 2257
2024-11-18,02:15:28,부과,화명동 2257
2024-11-18,02:17:16,부과,화명동 2257
2024-11-18,02:23:15,부과,화명동 2257
2024-11-18,05:34:31,부과,덕천동 356-1
2024-11-18,06:22:27,부과,화명동 745
2024-11-18,06:24:34,부과,만덕동 324-3
2024-11-18,08:31:30,부과,구포동 1197-36
2024-11-18,08:55:42,비부과,금곡동 1910
2024-11-18,08:57:00,부과,구포동 1060-316
2024-11-18,08:58:22,부과,덕천동 313-1
2024-11-18,09:07:11,부과,덕천동 472
2024-11-18,09:09:43,부과,덕천동 472
2024-11-18,09:11:28,부과,덕천동 312-12
2024-11-18,09:20:20,부과,덕천동 318-1
2024-11-18,09:34:53,부과,덕천동 313-1
2024-11-18,09:34:57,부과,구포동 451-1
2024-11-18,09:36:57,부과,구포동 959-1
2024-11-18,09:53:43,비부과,덕천동 378-9
2024-11-18,09:57:08,부과,구포동 549-2
2024-11-18,10:01:39,부과,덕천동 335-1
2024-11-18,10:03:50,부과,덕천동 322-24
2024-11-18,10:40:16,비부과,만덕동 935
2024-11-18,11:48:57,비부과,구포동 1139
2024-11-18,12:11:25,부과,덕천동 462
2024-11-18,12:54:07,부과,금곡동 70-18
2024-11-18,13:00:15,부과,화명동 2257
2024-11-18,13:16:57,부과,구포동 1186-25
2024-11-18,14:03:51,부과,구포동 1186-1
2024-11-18,14:35:54,비부과,구포동 1267
2024-11-18,14:44:11,비부과,덕천동 472
2024-11-18,14:50:19,부과,구포동 1124-13
2024-11-18,15:36:03,비부과,구포동 896-2
2024-11-18,15:55:36,부과,구포동 451-1
2024-11-18,16:01:48,부과,만덕동 433-1
2024-11-18,17:04:50,부과,구포동 604-2
2024-11-18,17:42:33,부과,덕천동 381-3
2024-11-18,18:04:42,부과,만덕동 729-1
2024-11-18,18:11:29,비부과,구포동 1086
2024-11-18,18:16:54,비부과,구포동 1060-188
2024-11-18,18:58:59,부과,구포동 983-4
2024-11-18,19:46:34,비부과,구포동 983-4
2024-11-18,19:49:17,부과,구포동 729-8
2024-11-18,20:05:21,부과,만덕동 938
2024-11-18,21:30:15,부과,덕천동 797-5
2024-11-18,22:03:55,비부과,화명동 2257
2024-11-18,22:21:02,부과,만덕동 902
2024-11-18,22:35:31,비부과,금곡동 1881
2024-11-18,22:38:46,비부과,금곡동 1881
2024-11-18,23:04:24,부과,덕천동 462
2024-11-18,23:39:56,부과,화명동 2257
2024-11-19,03:07:58,비부과,화명동 428-13
2024-11-19,07:39:56,비부과,구포동 1060-390
2024-11-19,08:07:21,부과,구포동 1154-1
2024-11-19,08:55:57,부과,덕천동 472
2024-11-19,09:03:29,부과,구포동 1189
2024-11-19,09:37:24,부과,구포동 968-4
2024-11-19,10:49:54,부과,구포동 654-1
2024-11-19,11:34:03,부과,화명동 2257
2024-11-19,11:36:29,부과,구포동 1290
2024-11-19,11:42:16,비부과,금곡동 108
2024-11-19,11:57:46,부과,구포동 1154-1
2024-11-19,12:20:58,부과,덕천동 327
2024-11-19,13:11:53,부과,구포동 1197-36
2024-11-19,13:23:14,비부과,덕천동 472
2024-11-19,14:03:20,부과,만덕동 901
2024-11-19,14:15:27,부과,금곡동 683-7
2024-11-19,14:24:33,비부과,금곡동 1117
2024-11-19,14:30:27,부과,구포동 482-3
2024-11-19,15:25:39,부과,덕천동 462
2024-11-19,15:26:43,부과,덕천동 462
2024-11-19,15:30:26,부과,덕천동 462
2024-11-19,15:33:40,부과,덕천동 462
2024-11-19,15:50:54,부과,화명동 2313
2024-11-19,17:31:21,부과,덕천동 557-1
2024-11-19,17:38:13,부과,만덕동 904
2024-11-19,17:52:36,부과,만덕동 875-16
2024-11-19,18:24:53,부과,덕천동 561-1
2024-11-19,18:27:41,부과,덕천동 561-1
2024-11-19,18:40:24,부과,화명동 1388-8
2024-11-19,19:49:29,부과,만덕동 937
2024-11-19,19:53:18,부과,덕천동 462
2024-11-19,20:18:40,부과,화명동 1430
2024-11-19,20:21:11,비부과,화명동 1458-9
2024-11-19,20:21:51,비부과,화명동 1469-6
2024-11-19,20:22:21,비부과,화명동 1400
2024-11-19,20:22:49,비부과,화명동 1469-1
2024-11-19,20:23:15,비부과,화명동 1469-1
2024-11-19,20:23:39,부과,화명동 2155
2024-11-19,20:24:06,부과,화명동 1469-11
2024-11-19,21:02:18,비부과,구포동 1124-1
2024-11-19,22:09:47,부과,구포동 169-5
2024-11-19,22:39:07,부과,덕천동 462
2024-11-20,00:27:19,부과,화명동 2257
2024-11-20,01:04:58,부과,덕천동 561-1
2024-11-20,03:00:23,부과,덕천동 561-1
2024-11-20,09:23:03,부과,화명동 1219-2
2024-11-20,09:23:51,부과,덕천동 241-12
2024-11-20,09:35:09,부과,덕천동 462
2024-11-20,09:41:12,부과,구포동 1189
2024-11-20,09:54:27,비부과,구포동 214-5
2024-11-20,11:07:47,부과,구포동 1184-9
2024-11-20,11:25:02,부과,금곡동 683-7
2024-11-20,12:13:42,부과,만덕동 899
2024-11-20,12:24:13,부과,화명동 2274-4
2024-11-20,12:43:09,비부과,금곡동 681-1
2024-11-20,13:04:28,부과,만덕동 899
2024-11-20,14:00:02,부과,만덕동 904
2024-11-20,14:28:01,비부과,금곡동 105
2024-11-20,15:23:36,부과,덕천동 462
2024-11-20,15:43:49,부과,덕천동 462
2024-11-20,15:48:44,비부과,화명동 2257
2024-11-20,15:51:50,부과,구포동 548-1
2024-11-20,16:43:29,비부과,화명동 2070-7
2024-11-20,17:29:50,부과,화명동 2257
2024-11-20,18:24:30,부과,화명동 2257
2024-11-20,18:28:35,부과,화명동 2021-2
2024-11-20,19:30:40,부과,만덕동 774-7
2024-11-20,19:31:54,부과,구포동 968-4
2024-11-20,19:39:40,부과,구포동 131-30
2024-11-20,19:57:47,부과,덕천동 327
2024-11-20,20:09:20,비부과,화명동 1293-8
2024-11-20,20:19:00,부과,만덕동 934
2024-11-20,20:19:41,부과,화명동 2257
2024-11-20,20:23:10,비부과,화명동 699-1
2024-11-20,20:26:35,부과,만덕동 904
2024-11-20,20:30:00,부과,구포동 394
2024-11-20,20:30:22,부과,구포동 983-9
2024-11-20,20:55:47,부과,구포동 932-18
2024-11-20,21:16:24,부과,화명동 374-2
2024-11-20,21:17:13,부과,화명동 2280
2024-11-20,21:23:36,비부과,화명동 374-2
2024-11-20,21:26:59,부과,화명동 2257
2024-11-20,21:28:35,부과,화명동 2257
2024-11-20,21:30:13,부과,화명동 2257
2024-11-20,21:32:01,부과,화명동 2257
2024-11-20,21:35:09,부과,화명동 2257
2024-11-20,21:37:02,부과,화명동 2275-4
2024-11-20,21:38:50,부과,화명동 2257
2024-11-20,21:46:34,부과,화명동 2271-1
2024-11-20,21:48:29,부과,화명동 2257
2024-11-20,21:57:33,부과,화명동 2278-2
2024-11-20,22:06:52,부과,화명동 2257
2024-11-20,22:08:57,부과,화명동 2257
2024-11-20,22:53:35,부과,화명동 2257
2024-11-21,07:00:00,부과,만덕동 904
2024-11-21,09:48:28,부과,덕천동 316-40
2024-11-21,10:16:07,비부과,금곡동 102-3
2024-11-21,10:30:00,부과,구포동 596-18
2024-11-21,10:40:38,부과,만덕동 904
2024-11-21,10:51:12,부과,만덕동 899
2024-11-21,11:07:36,부과,금곡동 70-19
2024-11-21,11:32:34,부과,만덕동 904
2024-11-21,12:25:36,부과,구포동 1290
2024-11-21,12:45:38,부과,만덕동 904
2024-11-21,13:26:15,부과,만덕동 324-3
2024-11-21,13:34:58,부과,화명동 2257
2024-11-21,14:01:22,비부과,화명동 2257
2024-11-21,14:36:25,부과,만덕동 903
2024-11-21,14:46:54,부과,화명동 2257
2024-11-21,15:28:25,부과,구포동 545
2024-11-21,15:32:18,비부과,화명동 2257
2024-11-21,18:46:03,부과,구포동 1060-316
2024-11-21,18:47:37,부과,구포동 1063-11
2024-11-21,18:52:16,부과,구포동 897-21
2024-11-21,19:02:56,부과,덕천동 561-32
2024-11-21,19:04:43,부과,덕천동 561-1
2024-11-21,19:41:26,부과,만덕동 904
2024-11-21,19:44:40,부과,만덕동 904
2024-11-21,19:50:41,부과,화명동 2274-4
2024-11-21,20:22:50,부과,구포동 937-25
2024-11-21,20:27:50,부과,화명동 2257
2024-11-21,22:18:01,비부과,구포동 625-1
2024-11-21,22:28:35,비부과,구포동 625-1
2024-11-22,01:04:22,비부과,덕천동 416-4
2024-11-22,07:38:45,부과,만덕동 955
2024-11-22,07:49:07,부과,구포동 220
2024-11-22,09:25:34,부과,만덕동 904
2024-11-22,09:30:42,부과,만덕동 904
2024-11-22,09:31:22,부과,덕천동 327
2024-11-22,09:32:03,부과,구포동 1154-1
2024-11-22,09:33:11,부과,구포동 372-2
2024-11-22,09:36:20,부과,덕천동 316-40
2024-11-22,10:04:56,부과,덕천동 472
2024-11-22,10:11:20,부과,덕천동 320-1
2024-11-22,10:13:39,부과,덕천동 457-57
2024-11-22,10:48:04,부과,만덕동 941-2
2024-11-22,10:49:32,비부과,화명동 2324
2024-11-22,11:23:10,부과,구포동 620-6
2024-11-22,11:25:44,부과,만덕동 904
2024-11-22,11:27:55,비부과,구포동 1076-2
2024-11-22,11:45:21,부과,구포동 1154-24
2024-11-22,12:03:41,부과,금곡동 1881
2024-11-22,12:19:18,부과,구포동 1282
2024-11-22,12:23:08,부과,화명동 2251
2024-11-22,12:24:44,부과,화명동 2257
2024-11-22,12:57:12,부과,화명동 2276-6
2024-11-22,13:38:34,부과,화명동 2257
2024-11-22,13:40:56,부과,화명동 2257
2024-11-22,14:08:48,부과,만덕동 904
2024-11-22,14:23:40,부과,만덕동 899
2024-11-22,14:24:36,비부과,화명동 2257
2024-11-22,14:33:29,부과,구포동 1124-1
2024-11-22,14:37:16,비부과,구포동 1189
2024-11-22,14:40:49,부과,구포동 1124-1
2024-11-22,14:42:37,부과,구포동 1189
2024-11-22,15:23:51,부과,구포동 1124-13
2024-11-22,15:24:02,부과,화명동 941-1
2024-11-22,15:24:08,부과,구포동 1124-13
2024-11-22,15:24:31,부과,구포동 1124-13
2024-11-22,15:24:48,부과,구포동 1189
2024-11-22,15:36:50,부과,화명동 2324
2024-11-22,15:55:16,비부과,화명동 2324
2024-11-22,16:10:29,비부과,덕천동 403-14
2024-11-22,16:11:17,부과,덕천동 462
2024-11-22,16:17:50,부과,구포동 544
2024-11-22,16:25:47,비부과,만덕동 905
2024-11-22,16:40:54,부과,구포동 1060-316
2024-11-22,16:48:39,부과,금곡동 108
2024-11-22,16:59:15,부과,화명동 2021-2
2024-11-22,17:01:00,부과,화명동 2021-2
2024-11-22,17:01:42,부과,덕천동 250-3
2024-11-22,17:26:45,부과,구포동 1271
2024-11-22,18:14:55,비부과,덕천동 462
2024-11-22,19:13:40,부과,구포동 1137
2024-11-22,19:20:23,부과,구포동 897-21
2024-11-22,19:45:12,부과,금곡동 1916
2024-11-22,19:54:03,부과,덕천동 416-4
2024-11-22,20:47:15,비부과,만덕동 706-1
2024-11-22,20:58:04,부과,금곡동 116
2024-11-22,21:06:16,부과,만덕동 904
2024-11-22,21:35:53,부과,화명동 2334
2024-11-22,22:25:33,비부과,덕천동 327
2024-11-22,22:25:43,부과,구포동 916-1
2024-11-22,22:54:16,부과,구포동 1060-316
2024-11-22,22:55:38,부과,만덕동 927-3
2024-11-22,22:55:53,부과,구포동 1060-260
2024-11-22,23:14:56,부과,만덕동 937
2024-11-22,23:26:56,부과,만덕동 955
2024-11-22,23:34:53,부과,화명동 2257
2024-11-22,23:39:20,부과,만덕동 835-2
2024-11-22,23:39:39,부과,화명동 2257
2024-11-22,23:41:23,부과,화명동 2257
2024-11-23,01:52:48,부과,덕천동 354-9
2024-11-23,02:11:54,부과,화명동 2257
2024-11-23,02:16:36,부과,화명동 2273
2024-11-23,03:45:34,비부과,만덕동 922-2
2024-11-23,04:24:23,부과,화명동 2257
2024-11-23,06:02:47,비부과,만덕동 922-2
2024-11-23,07:46:42,부과,구포동 1296
2024-11-23,07:48:28,부과,구포동 1296
2024-11-23,07:58:07,비부과,화명동 404-62
2024-11-23,08:42:35,부과,금곡동 1117
2024-11-23,08:43:51,비부과,금곡동 1117
2024-11-23,08:46:44,부과,덕천동 657-4
2024-11-23,08:48:00,부과,금곡동 1117
2024-11-23,08:51:22,부과,금곡동 1117
2024-11-23,09:03:13,부과,덕천동 814-4
2024-11-23,09:09:49,부과,구포동 1280
2024-11-23,09:37:20,부과,덕천동 313-1
2024-11-23,09:49:49,부과,덕천동 322-22
2024-11-23,09:51:47,부과,덕천동 323-12
2024-11-23,10:08:55,부과,구포동 1172-42
2024-11-23,10:25:45,비부과,화명동 2268-2
2024-11-23,10:34:49,부과,화명동 1293-3
2024-11-23,11:01:47,비부과,구포동 1082-12
2024-11-23,11:06:04,부과,구포동 387-3
2024-11-23,11:07:53,부과,구포동 465-2
2024-11-23,11:14:18,부과,화명동 1718-9
2024-11-23,11:17:48,부과,구포동 656
2024-11-23,11:44:31,부과,구포동 461-1
2024-11-23,11:45:04,비부과,화명동 1718-10
2024-11-23,12:21:36,부과,만덕동 904
2024-11-23,13:30:48,부과,덕천동 466
2024-11-23,13:34:46,부과,만덕동 308-3
2024-11-23,13:43:02,비부과,화명동 2341-3
2024-11-23,14:56:39,부과,화명동 745
2024-11-23,15:25:15,비부과,구포동 156-11
2024-11-23,16:24:34,부과,금곡동 92-1
2024-11-23,17:01:10,부과,구포동 1215-56
2024-11-23,17:15:37,부과,구포동 1060-316
2024-11-23,17:17:09,부과,구포동 1060-316
2024-11-23,17:22:49,부과,덕천동 416-22
2024-11-23,17:23:30,부과,덕천동 415-14
2024-11-23,17:24:06,부과,덕천동 415-14
2024-11-23,18:16:37,비부과,덕천동 467-2
2024-11-23,18:55:14,부과,덕천동 327
2024-11-23,19:33:47,비부과,구포동 1280
2024-11-23,19:35:53,비부과,구포동 1280
2024-11-23,20:20:55,부과,만덕동 904
2024-11-23,20:33:21,부과,구포동 1274
2024-11-23,20:35:45,부과,만덕동 305
2024-11-23,21:08:04,비부과,화명동 2257
2024-11-23,21:34:36,비부과,구포동 916
2024-11-23,21:54:52,부과,만덕동 898
2024-11-23,22:28:37,부과,화명동 2257
2024-11-23,22:30:17,부과,화명동 2257
2024-11-23,22:32:05,부과,화명동 2257
2024-11-23,22:34:18,부과,화명동 2280
2024-11-23,22:35:59,부과,화명동 2257
2024-11-23,22:37:50,부과,화명동 2257
2024-11-23,22:39:42,부과,화명동 2278-3
2024-11-23,22:42:04,부과,화명동 2257
2024-11-23,22:43:46,부과,화명동 2257
2024-11-23,23:23:25,부과,화명동 2257
2024-11-24,00:11:42,부과,금곡동 1881
2024-11-24,00:14:55,비부과,금곡동 1881
2024-11-24,00:20:22,비부과,금곡동 1881
2024-11-24,04:58:56,부과,구포동 612-18
2024-11-24,05:01:13,부과,구포동 156-11
2024-11-24,07:44:19,부과,화명동 1429-2
2024-11-24,07:45:15,부과,화명동 1430
2024-11-24,07:49:17,부과,화명동 1411-8
2024-11-24,07:53:16,부과,화명동 2341-2
2024-11-24,07:54:41,부과,화명동 2341-2
2024-11-24,07:58:47,부과,화명동 1431
2024-11-24,07:59:36,부과,화명동 2341-2
2024-11-24,08:04:11,부과,만덕동 955-5
2024-11-24,08:05:50,부과,화명동 2341
2024-11-24,08:23:29,부과,화명동 699-1
2024-11-24,08:26:29,부과,구포동 1236-1
2024-11-24,09:03:34,부과,화명동 2257
2024-11-24,09:05:42,부과,화명동 1469-1
2024-11-24,09:06:40,비부과,화명동 1469-5
2024-11-24,09:09:05,부과,화명동 1430
2024-11-24,09:09:58,부과,화명동 2341-2
2024-11-24,09:14:00,부과,덕천동 139-15
2024-11-24,09:18:59,부과,덕천동 797
2024-11-24,09:25:13,부과,만덕동 901
2024-11-24,09:38:26,부과,구포동 1060-454
2024-11-24,09:39:59,부과,구포동 1060-316
2024-11-24,09:40:46,부과,구포동 883
2024-11-24,10:11:03,부과,화명동 745
2024-11-24,10:53:11,비부과,만덕동 783-54
2024-11-24,11:11:13,부과,만덕동 904
2024-11-24,11:11:41,부과,만덕동 904
2024-11-24,11:12:12,부과,만덕동 903
2024-11-24,11:12:42,부과,만덕동 903
2024-11-24,11:13:27,부과,만덕동 904
2024-11-24,11:33:39,부과,구포동 156-11
2024-11-24,11:36:48,부과,만덕동 963
2024-11-24,11:41:01,부과,화명동 1115
2024-11-24,11:43:50,부과,덕천동 401-13
2024-11-24,11:57:41,부과,덕천동 462
2024-11-24,12:24:18,부과,화명동 2257
2024-11-24,12:26:04,부과,화명동 2257
2024-11-24,12:26:25,부과,화명동 2257
2024-11-24,12:56:09,부과,화명동 2257
2024-11-24,13:20:52,부과,구포동 1186-1
2024-11-24,13:28:41,부과,구포동 1278
2024-11-24,13:41:16,부과,만덕동 904
2024-11-24,14:10:00,비부과,덕천동 458
2024-11-24,14:12:32,비부과,덕천동 460-1
2024-11-24,14:51:39,부과,덕천동 462
2024-11-24,15:07:18,비부과,금곡동 1881
2024-11-24,15:09:28,비부과,금곡동 1885
2024-11-24,15:50:52,부과,구포동 1189
2024-11-24,15:58:05,부과,금곡동 641-7
2024-11-24,16:46:37,부과,구포동 1153
2024-11-24,17:00:14,부과,만덕동 729-1
2024-11-24,17:44:02,부과,화명동 2021-2
2024-11-24,18:08:49,부과,화명동 2257
2024-11-24,18:28:28,부과,만덕동 904
2024-11-24,19:10:06,비부과,만덕동 927-1
2024-11-24,20:30:09,부과,만덕동 904
2024-11-24,20:54:51,부과,만덕동 898
2024-11-24,21:04:35,비부과,금곡동 1117
2024-11-24,21:59:03,부과,덕천동 462
2024-11-24,22:45:23,비부과,금곡동 1881
2024-11-25,03:59:27,부과,구포동 156-11
2024-11-25,04:01:38,부과,구포동 609-7
2024-11-25,04:03:41,부과,구포동 602-32
2024-11-25,08:23:45,비부과,만덕동 706-6
2024-11-25,09:30:26,부과,덕천동 462
2024-11-25,09:35:36,부과,덕천동 814-4
2024-11-25,09:52:05,부과,덕천동 462
2024-11-25,09:52:37,비부과,덕천동 373-1
2024-11-25,11:04:24,부과,구포동 430-20
2024-11-25,11:12:06,부과,구포동 620-6
2024-11-25,11:15:01,부과,구포동 609-7
2024-11-25,11:17:02,부과,구포동 611-1
2024-11-25,12:29:33,부과,화명동 2257
2024-11-25,12:31:08,부과,화명동 2257
2024-11-25,12:32:45,부과,화명동 2257
2024-11-25,12:57:19,부과,구포동 1189
2024-11-25,13:03:42,비부과,화명동 699-1
2024-11-25,13:11:15,부과,만덕동 904
2024-11-25,13:29:04,부과,화명동 1293-3
2024-11-25,13:30:54,부과,화명동 1474-1
2024-11-25,13:31:11,비부과,덕천동 399-10
2024-11-25,13:34:00,부과,구포동 1189
2024-11-25,13:34:17,부과,구포동 1186-25
2024-11-25,14:17:59,부과,구포동 1124-1
2024-11-25,14:21:06,비부과,구포동 1124-1
2024-11-25,14:29:29,비부과,구포동 1124-1
2024-11-25,14:32:44,부과,화명동 2257
2024-11-25,14:44:21,부과,화명동 2257
2024-11-25,14:44:21,부과,화명동 2257
2024-11-25,14:55:03,부과,만덕동 922-2
2024-11-25,14:59:57,부과,구포동 1290
2024-11-25,15:11:11,부과,구포동 1124-1
2024-11-25,15:38:49,부과,구포동 548-1
2024-11-25,15:43:47,비부과,구포동 655-1
2024-11-25,16:52:06,비부과,구포동 1060-400
2024-11-25,17:14:55,부과,덕천동 556-2
2024-11-25,17:19:50,부과,만덕동 904
2024-11-25,17:22:54,비부과,금곡동 109-1
2024-11-25,17:30:55,부과,만덕동 904
2024-11-25,17:31:23,부과,만덕동 904
2024-11-25,18:36:21,부과,화명동 2257
2024-11-25,18:36:38,부과,화명동 2257
2024-11-25,18:36:58,부과,화명동 2257
2024-11-25,18:44:01,부과,화명동 2257
2024-11-25,19:00:43,부과,덕천동 327
2024-11-25,19:50:53,부과,만덕동 246-3
2024-11-25,20:04:17,부과,만덕동 935
2024-11-25,21:12:16,부과,구포동 1252-32
2024-11-25,21:30:11,부과,구포동 1137
2024-11-25,21:52:14,비부과,만덕동 960-5
2024-11-26,01:21:04,부과,화명동 2274-4
2024-11-26,01:33:18,부과,만덕동 783-14
2024-11-26,05:09:51,비부과,구포동 1060-260
2024-11-26,08:11:47,비부과,구포동 1268
2024-11-26,09:15:34,부과,구포동 1124-13
2024-11-26,09:34:08,부과,덕천동 462
2024-11-26,09:57:23,부과,덕천동 322-24
2024-11-26,10:04:40,부과,덕천동 457-57
2024-11-26,11:02:44,부과,금곡동 1117
2024-11-26,11:45:59,부과,구포동 461-1
2024-11-26,11:58:10,부과,만덕동 904
2024-11-26,12:48:11,부과,만덕동 899
2024-11-26,12:50:12,비부과,만덕동 706-1
2024-11-26,14:04:32,부과,덕천동 472
2024-11-26,14:10:58,부과,구포동 1124-1
2024-11-26,14:19:57,부과,덕천동 326-1
2024-11-26,14:34:36,부과,덕천동 312-12
2024-11-26,15:42:37,부과,만덕동 923
2024-11-26,15:54:27,부과,구포동 1189
2024-11-26,16:06:45,부과,덕천동 722-2
2024-11-26,17:10:33,부과,덕천동 462
2024-11-26,17:55:01,부과,구포동 1197-36
2024-11-26,18:37:49,부과,화명동 1470-10
2024-11-26,18:39:00,부과,화명동 1458-9
2024-11-26,18:40:10,부과,화명동 1470-11
2024-11-26,18:43:15,부과,화명동 1430
2024-11-26,18:44:10,부과,화명동 1430
2024-11-26,18:56:45,부과,만덕동 904
2024-11-26,19:15:03,부과,화명동 2274-1
2024-11-26,19:20:18,부과,화명동 2278-1
2024-11-26,19:24:40,부과,만덕동 904
2024-11-26,19:38:03,부과,구포동 1189
2024-11-26,19:51:28,부과,만덕동 904
2024-11-26,19:55:01,부과,화명동 2318
2024-11-26,19:56:46,부과,만덕동 251-2
2024-11-26,19:59:10,부과,만덕동 904
2024-11-26,20:16:26,부과,구포동 1137
2024-11-26,20:33:35,부과,구포동 1124-13
2024-11-26,21:00:08,부과,덕천동 552-1
2024-11-26,21:05:13,부과,화명동 1261-4
2024-11-26,21:22:11,부과,화명동 2341
2024-11-26,21:57:38,부과,화명동 1430
2024-11-26,22:12:50,비부과,화명동 2270-5
2024-11-26,22:45:20,부과,화명동 2257
2024-11-26,22:51:54,부과,화명동 1216-1
2024-11-26,22:52:03,비부과,화명동 186
2024-11-26,22:52:44,부과,화명동 186
2024-11-26,22:56:20,부과,화명동 2257
2024-11-26,23:04:10,부과,화명동 2257
2024-11-26,23:53:47,비부과,구포동 1060-188
2024-11-27,00:26:27,부과,구포동 1060-22
2024-11-27,02:32:28,비부과,화명동 2270-1
2024-11-27,02:52:55,부과,만덕동 775
2024-11-27,07:56:35,부과,구포동 548-1
2024-11-27,08:01:13,부과,구포동 1189
2024-11-27,09:03:41,부과,덕천동 327
2024-11-27,11:04:04,부과,구포동 430-66
2024-11-27,11:14:47,부과,구포동 156-11
2024-11-27,11:45:23,부과,구포동 1268
2024-11-27,12:44:56,부과,화명동 1161-1
2024-11-27,12:57:56,부과,구포동 897-21
2024-11-27,13:13:55,부과,구포동 1189
2024-11-27,14:11:18,부과,구포동 1189
2024-11-27,14:13:07,부과,구포동 1189
2024-11-27,14:52:16,부과,만덕동 955
2024-11-27,14:54:11,부과,구포동 1124-1
2024-11-27,15:45:15,비부과,덕천동 460-1
2024-11-27,15:48:23,비부과,만덕동 686-7
2024-11-27,16:19:36,부과,구포동 1268
2024-11-27,16:44:02,부과,구포동 452
2024-11-27,16:58:51,부과,금곡동 113
2024-11-27,17:02:22,부과,금곡동 108
2024-11-27,17:11:49,부과,덕천동 472
2024-11-27,17:11:49,부과,덕천동 552-1
2024-11-27,17:13:16,부과,화명동 1474-1
2024-11-27,17:14:55,부과,덕천동 472
2024-11-27,17:22:24,비부과,화명동 745
2024-11-27,18:01:02,부과,구포동 1189
2024-11-27,18:01:39,비부과,화명동 2324
2024-11-27,18:32:31,비부과,만덕동 903
2024-11-27,18:32:48,비부과,만덕동 903
2024-11-27,19:35:20,부과,구포동 1280
2024-11-27,19:56:04,부과,만덕동 904
2024-11-27,20:08:40,부과,구포동 1276
2024-11-27,20:15:41,비부과,화명동 2257
2024-11-27,20:57:44,부과,덕천동 467-2
2024-11-27,21:06:15,부과,구포동 1189
2024-11-27,21:20:25,부과,화명동 2257
2024-11-27,22:04:27,부과,화명동 1170-15
2024-11-27,22:10:37,부과,구포동 1124-13
2024-11-27,22:40:01,부과,구포동 1060-454
2024-11-27,22:41:36,부과,구포동 1063-11
2024-11-28,04:01:43,부과,구포동 609-7
2024-11-28,10:07:25,부과,화명동 2257
2024-11-28,10:48:52,부과,구포동 1060-316
2024-11-28,10:50:55,부과,구포동 247-1
2024-11-28,10:54:47,부과,구포동 1060-22
2024-11-28,11:17:13,부과,구포동 1166-41
2024-11-28,11:17:25,부과,만덕동 598-6
2024-11-28,11:21:55,비부과,구포동 620-6
2024-11-28,11:29:14,부과,구포동 467
2024-11-28,11:49:56,부과,구포동 1060-68
2024-11-28,11:57:08,부과,금곡동 681-1
2024-11-28,12:37:08,부과,만덕동 873-15
2024-11-28,13:11:02,부과,만덕동 904
2024-11-28,13:23:12,비부과,덕천동 327
2024-11-28,13:32:23,비부과,화명동 1218-2
2024-11-28,13:40:39,부과,화명동 2257
2024-11-28,13:58:01,부과,만덕동 759-25
2024-11-28,14:34:46,부과,화명동 2184-18
2024-11-28,14:38:48,부과,구포동 609-10
2024-11-28,15:04:17,부과,구포동 1060-454
2024-11-28,15:05:50,부과,구포동 1060-454
2024-11-28,15:21:51,부과,만덕동 272-6
2024-11-28,15:50:09,비부과,구포동 426-22
2024-11-28,16:48:23,부과,화명동 1422-1
2024-11-28,17:04:41,부과,구포동 1060-260
2024-11-28,18:21:57,부과,구포동 1186-25
2024-11-28,18:33:21,부과,구포동 1060-316
2024-11-28,18:42:58,비부과,구포동 1271
2024-11-28,18:54:54,부과,금곡동 108
2024-11-28,19:12:30,부과,구포동 1290
2024-11-28,19:30:54,부과,만덕동 960-3
2024-11-28,19:52:48,부과,만덕동 935
2024-11-28,19:57:59,부과,구포동 1186-29
2024-11-28,20:01:28,부과,구포동 729-8
2024-11-28,20:07:30,부과,구포동 1095-2
2024-11-28,20:29:37,부과,구포동 1249-1
2024-11-28,21:00:03,비부과,화명동 2257
2024-11-28,21:22:37,부과,덕천동 462
2024-11-28,21:33:21,부과,화명동 1222-2
2024-11-28,22:07:20,부과,만덕동 302-5
2024-11-28,22:07:20,부과,만덕동 302-5
2024-11-28,22:14:46,부과,덕천동 462
2024-11-28,22:22:20,비부과,화명동 326
2024-11-28,22:37:13,부과,화명동 1426-2
2024-11-28,23:20:44,부과,구포동 896-2
2024-11-29,02:08:10,부과,화명동 2257
2024-11-29,05:04:28,부과,덕천동 773-14
2024-11-29,05:10:18,부과,구포동 602-42
2024-11-29,08:04:41,부과,덕천동 327
2024-11-29,08:31:07,부과,덕천동 561-1
2024-11-29,08:32:29,부과,덕천동 561-1
2024-11-29,09:20:29,부과,구포동 1186-1
2024-11-29,09:27:27,비부과,구포동 1189
2024-11-29,10:58:52,부과,구포동 1189
2024-11-29,10:59:40,부과,구포동 1189
2024-11-29,11:07:01,부과,구포동 430-24
2024-11-29,11:07:16,부과,금곡동 681-1
2024-11-29,11:15:55,부과,구포동 1103-2
2024-11-29,11:21:54,부과,구포동 620-6
2024-11-29,11:37:47,부과,만덕동 904
2024-11-29,11:40:15,부과,구포동 1189
2024-11-29,12:13:23,부과,화명동 699-1
2024-11-29,12:14:25,부과,화명동 699-1
2024-11-29,12:15:25,부과,화명동 699-1
2024-11-29,12:22:14,비부과,덕천동 22
2024-11-29,12:22:28,부과,화명동 2021-2
2024-11-29,12:23:17,부과,화명동 2284
2024-11-29,12:38:40,비부과,만덕동 706-6
2024-11-29,12:39:20,부과,덕천동 814-4
2024-11-29,12:46:46,부과,구포동 712-1
2024-11-29,13:09:26,부과,화명동 699-1
2024-11-29,13:17:26,부과,화명동 2257
2024-11-29,13:26:24,부과,구포동 1060-454
2024-11-29,13:28:22,부과,화명동 1470-10
2024-11-29,13:40:51,부과,만덕동 950
2024-11-29,14:45:17,부과,만덕동 898
2024-11-29,14:53:47,비부과,화명동 189
2024-11-29,15:11:54,부과,구포동 1278
2024-11-29,15:12:42,부과,금곡동 683-7
2024-11-29,15:58:18,부과,화명동 2257
2024-11-29,16:18:20,부과,구포동 550-2
2024-11-29,16:20:15,부과,화명동 2257
2024-11-29,16:28:01,부과,구포동 1235-12
2024-11-29,16:51:43,부과,덕천동 462
2024-11-29,17:35:52,부과,구포동 1060-68
2024-11-29,18:10:25,부과,만덕동 906-1
2024-11-29,18:18:17,비부과,구포동 1076-2
2024-11-29,19:53:38,비부과,구포동 609-7
2024-11-29,19:57:04,부과,만덕동 904
2024-11-29,19:58:57,부과,만덕동 904
2024-11-29,20:08:59,비부과,만덕동 840-3
2024-11-29,20:11:07,비부과,만덕동 904
2024-11-29,20:13:28,부과,만덕동 904
2024-11-29,20:53:46,부과,만덕동 955
2024-11-29,20:54:32,부과,만덕동 955-3
2024-11-29,20:55:22,비부과,만덕동 955-3
2024-11-29,20:56:08,부과,만덕동 955-3
2024-11-29,20:56:36,비부과,만덕동 835-31
2024-11-29,20:57:00,비부과,만덕동 835-31
2024-11-29,20:57:33,비부과,만덕동 955-3
2024-11-29,20:58:11,비부과,만덕동 955-3
2024-11-29,20:58:39,비부과,만덕동 955-3
2024-11-29,21:13:14,부과,화명동 2257
2024-11-29,21:36:38,부과,화명동 1431
2024-11-29,22:05:44,부과,만덕동 759-25
2024-11-29,22:06:53,부과,화명동 1430
2024-11-29,22:07:33,부과,화명동 1430
2024-11-29,22:08:15,부과,화명동 1430
2024-11-29,22:09:00,부과,화명동 1430
2024-11-29,22:39:11,부과,만덕동 902
2024-11-29,22:58:24,비부과,덕천동 403-13
2024-11-29,23:00:23,부과,덕천동 462
2024-11-29,23:03:33,비부과,덕천동 402-17
2024-11-30,05:14:36,부과,덕천동 773-12
2024-11-30,05:53:52,부과,화명동 1383-4
2024-11-30,05:56:22,부과,덕천동 462
2024-11-30,06:08:04,부과,구포동 1060-67
2024-11-30,06:40:22,부과,구포동 1186-25
2024-11-30,07:25:04,부과,구포동 1189
2024-11-30,08:13:29,비부과,덕천동 462
2024-11-30,08:32:06,부과,구포동 247-1
2024-11-30,08:33:08,부과,구포동 381-8
2024-11-30,08:39:54,부과,금곡동 1883
2024-11-30,08:53:02,부과,구포동 779-3
2024-11-30,09:05:24,부과,만덕동 904
2024-11-30,09:46:01,부과,구포동 1060-260
2024-11-30,09:49:03,부과,구포동 655-5
2024-11-30,09:56:17,부과,덕천동 472
2024-11-30,09:56:55,부과,구포동 1124-13
2024-11-30,10:08:07,부과,구포동 263-9
2024-11-30,10:52:52,부과,만덕동 904
2024-11-30,10:53:20,부과,만덕동 904
2024-11-30,10:55:03,부과,금곡동 98-3
2024-11-30,12:14:08,비부과,만덕동 904
2024-11-30,12:15:09,부과,만덕동 904
2024-11-30,12:20:41,부과,화명동 2257
2024-11-30,12:28:50,부과,구포동 1095-2
2024-11-30,12:42:14,부과,만덕동 904
2024-11-30,12:45:20,부과,화명동 2257
2024-11-30,12:46:27,부과,화명동 2257
2024-11-30,12:47:03,부과,화명동 2257
2024-11-30,12:51:14,부과,화명동 2257
2024-11-30,12:56:39,부과,화명동 2257
2024-11-30,15:00:00,부과,구포동 1252-17
2024-11-30,15:08:33,비부과,덕천동 397-1
2024-11-30,15:16:46,부과,구포동 1235-12
2024-11-30,15:19:31,부과,화명동 1293-3
2024-11-30,15:38:56,비부과,구포동 1280
2024-11-30,15:49:43,부과,화명동 2257
2024-11-30,15:59:32,부과,덕천동 755
2024-11-30,16:09:00,부과,화명동 2257
2024-11-30,16:51:19,부과,구포동 1197-36
2024-11-30,17:04:35,부과,만덕동 935
2024-11-30,17:45:23,비부과,만덕동 916-6
2024-11-30,17:56:20,부과,화명동 2257
2024-11-30,18:10:25,비부과,구포동 897-36
2024-11-30,18:49:51,비부과,덕천동 401-15
2024-11-30,18:50:23,비부과,덕천동 401-15
2024-11-30,18:51:07,부과,덕천동 328
2024-11-30,18:57:56,부과,구포동 897-21
2024-11-30,19:04:42,부과,덕천동 402-8
2024-11-30,19:06:01,부과,덕천동 415-14
2024-11-30,19:09:26,부과,만덕동 904
2024-11-30,19:32:13,부과,덕천동 416-22
2024-11-30,20:42:57,부과,만덕동 902
2024-11-30,20:53:48,부과,만덕동 935
2024-11-30,21:32:04,부과,구포동 1189
2024-11-30,21:33:49,비부과,만덕동 308-3
2024-11-30,21:36:39,부과,화명동 2257
2024-11-30,22:08:28,부과,화명동 1430
2024-11-30,22:09:59,부과,화명동 1430
2024-11-30,22:11:07,부과,화명동 1430
2024-11-30,22:12:40,부과,화명동 1458-9
2024-11-30,23:36:39,비부과,화명동 447
2024-12-01,07:37:30,부과,덕천동 462
2024-12-01,09:00:55,부과,만덕동 736-24
2024-12-01,10:18:26,부과,덕천동 561-1
2024-12-01,10:35:29,부과,화명동 2257
2024-12-01,10:37:58,부과,화명동 2257
2024-12-01,10:38:26,부과,화명동 2257
2024-12-01,11:16:46,부과,만덕동 295-33
2024-12-01,11:31:32,부과,덕천동 431-9
2024-12-01,11:37:49,부과,만덕동 904
2024-12-01,12:08:32,부과,만덕동 904
2024-12-01,12:21:01,부과,구포동 1154-24
2024-12-01,12:28:36,부과,구포동 655-1
2024-12-01,12:37:02,부과,구포동 620-6
2024-12-01,12:46:37,부과,구포동 456-1
2024-12-01,12:49:13,부과,구포동 263-9
2024-12-01,12:49:40,부과,화명동 193-2
2024-12-01,13:42:46,부과,만덕동 904
2024-12-01,13:46:11,부과,구포동 602-42
2024-12-01,14:01:32,부과,구포동 1280
2024-12-01,14:03:24,부과,구포동 1280
2024-12-01,14:08:15,비부과,만덕동 904
2024-12-01,14:08:46,부과,만덕동 904
2024-12-01,14:10:08,부과,만덕동 904
2024-12-01,14:51:33,부과,만덕동 904
2024-12-01,14:56:16,부과,만덕동 904
2024-12-01,15:04:14,부과,구포동 301-1
2024-12-01,15:07:50,부과,구포동 533
2024-12-01,16:01:09,비부과,금곡동 1881
2024-12-01,16:19:00,부과,만덕동 251-2
2024-12-01,16:28:57,부과,만덕동 937
2024-12-01,16:40:32,부과,화명동 2257
2024-12-01,17:10:31,부과,만덕동 904
2024-12-01,17:11:37,부과,덕천동 241-12
2024-12-01,17:25:11,부과,만덕동 904
2024-12-01,17:40:59,부과,덕천동 462
2024-12-01,18:38:35,부과,구포동 1060-316
2024-12-01,18:54:13,부과,구포동 1060-266
2024-12-01,19:17:54,부과,화명동 2257
2024-12-01,19:29:53,비부과,금곡동 1425
2024-12-01,19:36:57,부과,구포동 301-1
2024-12-01,20:06:50,부과,화명동 2341-2
2024-12-01,20:09:01,부과,화명동 194-2
2024-12-01,20:10:13,부과,화명동 1426-2
2024-12-01,20:10:55,부과,화명동 1430
2024-12-01,20:11:42,부과,화명동 1431
2024-12-01,20:12:35,부과,화명동 1431
2024-12-01,20:13:33,부과,화명동 1431
2024-12-01,20:14:44,부과,화명동 2021-2
2024-12-01,20:17:08,부과,화명동 2257
2024-12-01,20:41:57,부과,화명동 2257
2024-12-02,07:27:53,부과,구포동 1189
2024-12-02,08:18:22,비부과,만덕동 706-6
2024-12-02,08:42:24,부과,덕천동 472
2024-12-02,09:34:07,부과,덕천동 326-1
2024-12-02,09:37:18,부과,덕천동 313-1
2024-12-02,09:56:30,부과,덕천동 457-57
2024-12-02,10:34:48,부과,구포동 1197-36
2024-12-02,11:15:30,부과,화명동 1293-3
2024-12-02,11:21:17,부과,만덕동 830-22
2024-12-02,11:21:48,부과,화명동 2257
2024-12-02,11:22:00,부과,구포동 1189
2024-12-02,12:02:28,비부과,구포동 1300
2024-12-02,12:05:16,부과,구포동 1189
2024-12-02,12:32:54,부과,만덕동 903
2024-12-02,12:33:29,부과,만덕동 904
2024-12-02,12:34:13,부과,만덕동 904
2024-12-02,12:35:24,부과,만덕동 903
2024-12-02,12:36:13,부과,만덕동 903
2024-12-02,12:36:51,부과,만덕동 903
2024-12-02,12:53:29,부과,구포동 1189
2024-12-02,12:54:02,부과,덕천동 462
2024-12-02,12:54:45,부과,덕천동 462
2024-12-02,12:56:31,부과,덕천동 462
2024-12-02,15:01:16,비부과,구포동 1141-112
2024-12-02,15:02:49,부과,화명동 2257
2024-12-02,15:11:28,부과,구포동 1060-373
2024-12-02,16:21:36,부과,덕천동 462
2024-12-02,16:25:37,부과,구포동 156-11
2024-12-02,17:24:37,비부과,구포동 1060-316
2024-12-02,17:32:10,비부과,구포동 527-2
2024-12-02,18:28:15,비부과,덕천동 472
2024-12-02,18:55:30,부과,화명동 745
2024-12-02,19:06:21,부과,만덕동 613-21
2024-12-02,19:08:18,부과,만덕동 613-21
2024-12-02,19:14:07,부과,구포동 1268
2024-12-02,19:21:22,부과,화명동 2257
2024-12-02,20:10:26,비부과,구포동 1285
2024-12-02,21:42:44,부과,덕천동 462
2024-12-02,21:53:18,부과,만덕동 729-1
2024-12-02,22:00:50,부과,만덕동 646-15
2024-12-02,22:17:33,부과,구포동 1060-52
2024-12-02,23:01:20,비부과,덕천동 462
2024-12-02,23:02:27,부과,구포동 1137
2024-12-03,00:10:58,부과,화명동 2257
2024-12-03,01:58:08,부과,화명동 2257
2024-12-03,07:17:35,부과,구포동 1189
2024-12-03,07:19:24,부과,구포동 1186-1
2024-12-03,07:19:38,부과,구포동 1189
2024-12-03,08:01:46,부과,구포동 546-2
2024-12-03,08:50:09,부과,덕천동 472
2024-12-03,08:53:26,부과,덕천동 472
2024-12-03,09:05:29,부과,구포동 1184-9
2024-12-03,10:41:58,부과,만덕동 597-4
2024-12-03,11:03:47,부과,구포동 655-5
2024-12-03,11:17:19,부과,구포동 462-2
2024-12-03,12:26:27,부과,구포동 1197-36
2024-12-03,12:38:16,부과,만덕동 873-15
2024-12-03,12:39:45,비부과,만덕동 706-6
2024-12-03,12:52:59,부과,구포동 609-7
2024-12-03,13:14:53,부과,금곡동 54-3
2024-12-03,13:50:08,부과,금곡동 121
2024-12-03,13:54:44,부과,구포동 1060-449
2024-12-03,14:57:01,비부과,구포동 596-4
2024-12-03,15:03:09,부과,덕천동 462
2024-12-03,15:22:29,부과,화명동 189
2024-12-03,15:53:44,부과,구포동 550-1
2024-12-03,16:51:03,부과,구포동 584-25
2024-12-03,17:07:06,부과,덕천동 462
2024-12-03,17:43:35,비부과,구포동 1160
2024-12-03,19:03:54,부과,덕천동 561-1
2024-12-03,19:04:31,부과,덕천동 561-1
2024-12-03,19:08:58,부과,덕천동 561-2
2024-12-03,19:09:32,부과,덕천동 561-1
2024-12-03,19:10:04,부과,덕천동 561-1
2024-12-03,19:10:38,부과,덕천동 561-1
2024-12-03,19:52:57,부과,만덕동 904
2024-12-03,20:03:38,부과,만덕동 246-3
2024-12-03,20:10:38,부과,만덕동 767-7
2024-12-03,20:11:22,부과,구포동 923-207
2024-12-03,20:30:23,부과,덕천동 462
2024-12-04,00:29:08,부과,덕천동 814-4
2024-12-04,00:31:16,부과,덕천동 814-4
2024-12-04,08:02:48,부과,구포동 1189
2024-12-04,08:37:24,부과,화명동 2257
2024-12-04,08:49:15,부과,구포동 1189
2024-12-04,09:02:12,부과,구포동 1189
2024-12-04,09:04:53,부과,덕천동 472
2024-12-04,09:07:21,부과,덕천동 312-12
2024-12-04,09:15:56,부과,구포동 1189
2024-12-04,09:30:04,비부과,구포동 896-42
2024-12-04,10:10:32,부과,화명동 189
2024-12-04,10:46:00,부과,구포동 249-1
2024-12-04,10:47:31,부과,구포동 247-5
2024-12-04,11:08:41,부과,구포동 1189
2024-12-04,12:02:09,부과,금곡동 54-5
2024-12-04,12:10:25,부과,덕천동 462
2024-12-04,13:34:24,부과,화명동 2021-2
2024-12-04,14:12:35,부과,구포동 1268
2024-12-04,15:04:40,부과,만덕동 904
2024-12-04,15:05:45,부과,구포동 545
2024-12-04,16:09:38,부과,구포동 1060-455
2024-12-04,16:11:16,부과,구포동 1060-260
2024-12-04,16:12:46,부과,구포동 1060-455
2024-12-04,16:30:45,부과,화명동 1179-14
2024-12-04,16:31:40,비부과,덕천동 398-13
2024-12-04,16:36:55,부과,구포동 1049-8
2024-12-04,17:25:32,부과,구포동 1269-1
2024-12-04,17:41:45,부과,화명동 1114-7
2024-12-04,18:30:26,부과,덕천동 474
2024-12-04,18:33:09,부과,만덕동 759
2024-12-04,18:37:16,부과,덕천동 474
2024-12-04,18:45:23,부과,만덕동 935
2024-12-04,18:46:06,부과,만덕동 935
2024-12-04,19:08:48,부과,화명동 2257
2024-12-04,19:12:38,부과,화명동 2269-3
2024-12-04,19:17:57,부과,화명동 699-1
2024-12-04,19:48:06,부과,만덕동 904
2024-12-04,19:49:37,부과,덕천동 462
2024-12-04,19:53:34,비부과,구포동 527-1
2024-12-04,20:09:55,비부과,만덕동 598-6
2024-12-04,20:12:15,비부과,만덕동 598-6
2024-12-04,20:33:40,부과,덕천동 328
2024-12-04,20:48:00,부과,화명동 2257
2024-12-04,21:10:35,부과,만덕동 935
2024-12-04,21:11:24,부과,만덕동 935
2024-12-04,21:30:32,부과,화명동 2257
2024-12-04,21:42:14,비부과,덕천동 329
2024-12-04,22:17:06,비부과,구포동 1060-260
2024-12-04,22:18:43,부과,구포동 1060-453
2024-12-05,00:01:11,부과,화명동 2257
2024-12-05,02:06:54,부과,화명동 2257
2024-12-05,05:04:51,부과,화명동 1430
2024-12-05,05:06:02,부과,화명동 1430
2024-12-05,07:00:11,부과,구포동 1240-78
2024-12-05,08:38:24,부과,구포동 1189
2024-12-05,10:11:23,부과,만덕동 823-29
2024-12-05,11:50:44,부과,구포동 383
2024-12-05,12:37:19,부과,구포동 459-2
2024-12-05,13:35:18,부과,구포동 1060-492
2024-12-05,14:03:50,부과,구포동 604-2
2024-12-05,14:22:22,부과,화명동 2257
2024-12-05,14:24:38,부과,화명동 2257
2024-12-05,14:56:33,부과,만덕동 873-16
2024-12-05,15:05:10,부과,만덕동 904
2024-12-05,15:05:33,부과,만덕동 904
2024-12-05,16:33:36,비부과,구포동 527-1
2024-12-05,16:41:59,부과,만덕동 936-1
2024-12-05,16:46:41,부과,덕천동 462
2024-12-05,17:38:25,부과,구포동 1268
2024-12-05,17:41:17,비부과,구포동 527-1
2024-12-05,18:06:49,부과,덕천동 462
2024-12-05,19:03:46,부과,구포동 1174
2024-12-05,19:23:14,부과,구포동 1197-36
2024-12-05,19:59:13,비부과,화명동 2257
2024-12-05,20:15:42,부과,덕천동 462
2024-12-05,20:37:53,부과,구포동 1280
2024-12-05,20:50:09,부과,화명동 2257
2024-12-05,21:24:12,부과,구포동 1087-10
2024-12-05,21:44:54,비부과,화명동 2324
2024-12-05,22:35:33,부과,화명동 2306
2024-12-06,09:22:52,부과,구포동 166
2024-12-06,09:56:59,부과,화명동 2159
2024-12-06,10:21:22,부과,덕천동 458
2024-12-06,10:47:59,부과,구포동 779-3
2024-12-06,10:56:04,부과,덕천동 322-24
2024-12-06,12:33:38,부과,화명동 1426-1
2024-12-06,14:01:37,부과,구포동 579-1
2024-12-06,15:18:49,부과,구포동 582
2024-12-06,15:40:19,부과,구포동 1268
2024-12-06,16:18:58,비부과,구포동 1060-455
2024-12-06,16:46:07,부과,구포동 584-25
2024-12-06,17:00:26,비부과,구포동 983-7
2024-12-06,17:33:53,부과,덕천동 462
2024-12-06,17:47:40,부과,구포동 1153
2024-12-06,17:50:46,비부과,구포동 584-25
2024-12-06,17:51:36,부과,덕천동 474
2024-12-06,17:54:21,부과,화명동 2155
2024-12-06,18:37:46,부과,만덕동 904
2024-12-06,18:38:07,부과,만덕동 904
2024-12-06,18:45:51,부과,만덕동 904
2024-12-06,19:05:07,부과,만덕동 760-3
2024-12-06,19:07:22,부과,만덕동 759-25
2024-12-06,19:40:52,부과,구포동 584-25
2024-12-06,19:44:31,부과,만덕동 246-4
2024-12-06,20:02:11,부과,만덕동 251-2
2024-12-06,20:04:19,비부과,구포동 584-25
2024-12-06,20:31:46,부과,구포동 1280
2024-12-06,21:39:56,부과,덕천동 814-4
2024-12-06,22:24:58,부과,구포동 1060-312
2024-12-06,22:27:47,비부과,만덕동 933
2024-12-06,22:36:42,비부과,금곡동 1881
2024-12-06,22:38:47,비부과,금곡동 1881
2024-12-06,22:41:45,비부과,금곡동 1881
2024-12-06,23:28:30,비부과,구포동 1157-1
2024-12-07,01:30:03,비부과,구포동 1278
2024-12-07,01:32:27,부과,구포동 1278
2024-12-07,01:36:00,부과,구포동 1278
2024-12-07,05:08:53,부과,구포동 1060-471
2024-12-07,08:45:03,부과,덕천동 472
2024-12-07,09:13:22,부과,덕천동 316-40
2024-12-07,09:15:16,부과,덕천동 322-24
2024-12-07,09:18:18,부과,덕천동 315-10
2024-12-07,09:20:18,부과,덕천동 315-10
2024-12-07,09:30:50,비부과,화명동 2257
2024-12-07,09:53:50,부과,덕천동 472
2024-12-07,10:46:36,부과,덕천동 389-4
2024-12-07,10:47:22,부과,구포동 729-8
2024-12-07,12:16:52,비부과,구포동 166
2024-12-07,12:20:25,부과,만덕동 904
2024-12-07,12:34:41,부과,만덕동 904
2024-12-07,13:13:07,부과,구포동 1189
2024-12-07,13:14:10,부과,구포동 1189
2024-12-07,13:18:57,비부과,구포동 931-3
2024-12-07,13:20:00,부과,화명동 1417-12
2024-12-07,14:11:34,비부과,화명동 1293-5
2024-12-07,14:24:26,부과,화명동 2280
2024-12-07,14:37:02,부과,덕천동 357-10
2024-12-07,15:22:13,부과,덕천동 327
2024-12-07,15:30:55,부과,만덕동 642
2024-12-07,15:31:55,부과,화명동 1293-3
2024-12-07,15:33:27,부과,화명동 1293-4
2024-12-07,15:34:59,부과,화명동 1293-4
2024-12-07,15:36:35,비부과,화명동 745
2024-12-07,15:39:07,부과,화명동 1293-4
2024-12-07,15:41:41,비부과,화명동 1293-4
2024-12-07,15:43:47,비부과,화명동 745
2024-12-07,16:03:51,부과,만덕동 904
2024-12-07,16:10:19,부과,만덕동 935
2024-12-07,16:10:31,부과,화명동 745
2024-12-07,16:12:56,부과,만덕동 935
2024-12-07,16:20:37,부과,구포동 896-23
2024-12-07,16:43:54,부과,덕천동 365-20
2024-12-07,16:48:45,비부과,구포동 1268
2024-12-07,17:05:47,부과,구포동 1153
2024-12-07,17:14:46,부과,구포동 1060-449
2024-12-07,17:16:16,비부과,구포동 1060-471
2024-12-07,17:38:36,부과,금곡동 681-1
2024-12-07,17:48:20,비부과,만덕동 916-6
2024-12-07,18:18:58,부과,만덕동 912-10
2024-12-07,18:18:58,부과,덕천동 462
2024-12-07,18:27:06,부과,만덕동 904
2024-12-07,18:38:53,비부과,만덕동 912-8
2024-12-07,19:40:22,부과,덕천동 814-4
2024-12-07,20:07:43,비부과,화명동 2257
2024-12-07,20:10:45,부과,화명동 2142-3
2024-12-07,20:12:55,부과,덕천동 557-1
2024-12-07,20:14:12,부과,만덕동 904
2024-12-07,20:14:36,부과,덕천동 557-1
2024-12-07,20:16:16,부과,덕천동 557
2024-12-07,20:42:14,부과,화명동 2136
2024-12-07,21:22:56,부과,화명동 2257
2024-12-07,21:26:29,부과,화명동 192
2024-12-07,21:28:03,부과,화명동 196
2024-12-07,21:28:42,부과,화명동 1430
2024-12-07,22:07:20,부과,구포동 983-1
2024-12-07,22:11:20,비부과,덕천동 397-1
2024-12-07,22:15:22,비부과,덕천동 397-1
2024-12-07,22:17:17,비부과,덕천동 460-2
2024-12-07,22:18:07,비부과,덕천동 460-2
2024-12-07,22:19:01,비부과,덕천동 328
2024-12-07,22:21:37,부과,덕천동 328
2024-12-07,22:31:02,부과,구포동 394
2024-12-07,23:03:32,비부과,화명동 2257
2024-12-08,00:24:06,비부과,금정구 부곡동 78-1
2024-12-08,04:28:42,부과,구포동 1268
2024-12-08,08:36:00,부과,덕천동 474
2024-12-08,09:04:29,부과,구포동 1255-2
2024-12-08,09:21:42,부과,구포동 1247-10
2024-12-08,09:44:29,부과,구포동 1060-316
2024-12-08,09:46:00,부과,구포동 1060-260
2024-12-08,09:55:00,부과,구포동 156-11
2024-12-08,09:57:07,부과,구포동 156-11
2024-12-08,09:59:57,부과,구포동 156-11
2024-12-08,10:32:27,부과,구포동 461-1
2024-12-08,10:40:28,부과,구포동 655-1
2024-12-08,10:42:15,부과,구포동 655-5
2024-12-08,10:54:43,부과,구포동 620-6
2024-12-08,11:06:03,부과,구포동 1153
2024-12-08,11:06:51,비부과,화명동 산 329-10
2024-12-08,11:14:54,부과,금곡동 681-1
2024-12-08,11:40:59,부과,덕천동 471
2024-12-08,11:48:00,비부과,덕천동 350-1
2024-12-08,11:50:36,부과,덕천동 327
2024-12-08,11:52:53,부과,덕천동 327
2024-12-08,12:09:17,부과,화명동 2280
2024-12-08,12:09:35,부과,화명동 2257
2024-12-08,12:51:23,부과,화명동 2257
2024-12-08,12:51:54,부과,화명동 2257
2024-12-08,12:53:06,비부과,화명동 2280
2024-12-08,12:53:48,부과,구포동 1160
2024-12-08,12:58:22,부과,화명동 2257
2024-12-08,13:15:14,부과,구포동 527-1
2024-12-08,13:53:21,비부과,만덕동 955-3
2024-12-08,14:37:36,비부과,금곡동 1113-1
2024-12-08,15:18:16,비부과,구포동 1219-9
2024-12-08,15:26:13,부과,화명동 189
2024-12-08,15:29:51,부과,구포동 1060-512
2024-12-08,15:55:14,부과,만덕동 963
2024-12-08,15:55:30,부과,구포동 555-1
2024-12-08,16:21:10,부과,화명동 2021-2
2024-12-08,17:16:14,부과,구포동 1060-373
2024-12-08,17:17:41,부과,구포동 1060-373
2024-12-08,17:19:13,부과,구포동 1060-373
2024-12-08,17:24:31,비부과,금곡동 126
2024-12-08,17:26:45,비부과,금곡동 94-1
2024-12-08,17:27:05,부과,덕천동 810
2024-12-08,18:21:46,부과,만덕동 916-6
2024-12-08,18:49:32,부과,만덕동 904
2024-12-08,19:41:29,부과,화명동 2257
2024-12-08,19:54:09,부과,화명동 2257
2024-12-08,20:53:32,부과,구포동 1287
2024-12-08,22:35:41,부과,만덕동 251-2
2024-12-09,00:01:21,부과,금곡동 1885
2024-12-09,01:56:19,부과,화명동 2257
2024-12-09,07:03:58,부과,구포동 1285
2024-12-09,07:48:08,부과,덕천동 561-3
2024-12-09,07:53:15,부과,구포동 452
2024-12-09,08:41:54,부과,구포동 1231
2024-12-09,09:00:25,부과,덕천동 322-24
2024-12-09,09:03:20,부과,덕천동 310-1
2024-12-09,10:58:47,부과,구포동 1280
2024-12-09,11:08:01,비부과,구포동 1280
2024-12-09,11:16:29,비부과,구포동 1097-8
2024-12-09,11:41:13,비부과,구포동 613-7
2024-12-09,13:21:17,부과,금곡동 121
2024-12-09,13:22:28,부과,금곡동 108
2024-12-09,13:29:39,비부과,만덕동 783-54
2024-12-09,13:30:27,부과,덕천동 814-4
2024-12-09,13:30:47,부과,만덕동 323-10
2024-12-09,13:30:54,부과,만덕동 903
2024-12-09,13:31:27,부과,만덕동 903
2024-12-09,13:31:52,부과,만덕동 904
2024-12-09,13:32:26,부과,만덕동 937
2024-12-09,13:32:56,부과,만덕동 903
2024-12-09,13:33:21,부과,만덕동 904
2024-12-09,13:43:19,부과,구포동 1060-260
2024-12-09,13:48:22,부과,금곡동 116
2024-12-09,13:51:36,부과,금곡동 108
2024-12-09,14:44:49,비부과,화명동 1388-8
2024-12-09,14:46:35,부과,화명동 1470-1
2024-12-09,14:59:44,부과,화명동 2257
2024-12-09,15:06:37,부과,화명동 2273
2024-12-09,15:38:57,부과,구포동 779-3
2024-12-09,15:43:59,부과,구포동 1197-36
2024-12-09,16:13:01,부과,구포동 1060-316
2024-12-09,16:14:35,부과,구포동 1060-451
2024-12-09,16:56:00,부과,만덕동 835-8
2024-12-09,17:01:22,비부과,금곡동 108
2024-12-09,17:19:50,부과,구포동 1282
2024-12-09,17:39:54,부과,덕천동 474
2024-12-09,17:54:41,부과,화명동 2257
2024-12-09,18:27:15,부과,덕천동 472
2024-12-09,19:53:03,부과,만덕동 251-2
2024-12-09,20:48:17,부과,구포동 1205-25
2024-12-09,20:48:21,부과,구포동 1268
2024-12-09,21:31:14,부과,구포동 918-5
2024-12-09,21:50:22,부과,만덕동 759-25
2024-12-09,21:52:38,부과,만덕동 759-25
2024-12-09,21:54:29,비부과,금곡동 1881
2024-12-09,22:57:10,부과,덕천동 814-4
2024-12-10,09:43:55,비부과,덕천동 814-4
2024-12-10,10:58:10,부과,구포동 148
2024-12-10,13:34:29,부과,만덕동 904
2024-12-10,13:53:47,부과,구포동 1189
2024-12-10,13:55:55,부과,구포동 1189
2024-12-10,14:22:42,부과,화명동 745
2024-12-10,14:39:02,부과,만덕동 904
2024-12-10,15:07:06,부과,만덕동 844-13
2024-12-10,15:16:38,부과,만덕동 904
2024-12-10,15:17:13,부과,만덕동 903
2024-12-10,15:22:04,부과,만덕동 904
2024-12-10,15:22:34,부과,만덕동 903
2024-12-10,15:24:13,부과,만덕동 957
2024-12-10,15:27:39,부과,만덕동 904
2024-12-10,15:30:39,부과,만덕동 845-4
2024-12-10,15:32:14,부과,만덕동 904
2024-12-10,16:15:04,부과,화명동 2257
2024-12-10,16:45:08,부과,금곡동 54-5
2024-12-10,17:09:08,부과,구포동 897-21
2024-12-10,17:10:45,비부과,구포동 897-21
2024-12-10,17:56:02,부과,구포동 1267
2024-12-10,17:59:37,부과,만덕동 935
2024-12-10,18:03:58,부과,구포동 1118-7
2024-12-10,18:40:56,비부과,덕천동 327
2024-12-10,18:53:48,부과,금곡동 109-1
2024-12-10,19:08:31,부과,만덕동 823-33
2024-12-10,19:23:54,비부과,덕천동 814-4
2024-12-10,19:25:35,부과,구포동 1189
2024-12-10,19:27:43,비부과,구포동 1189
2024-12-10,19:57:57,부과,만덕동 246-3
2024-12-10,20:06:12,부과,구포동 1189
2024-12-10,20:12:14,부과,만덕동 산 195-10
2024-12-10,20:14:41,부과,덕천동 472
2024-12-10,21:24:19,부과,만덕동 258-3
2024-12-10,22:26:13,비부과,덕천동 814-4
2024-12-10,22:37:10,부과,만덕동 759-25
2024-12-10,22:37:30,비부과,화명동 2306
2024-12-10,23:39:08,비부과,구포동 1060-451
2024-12-11,08:12:07,부과,덕천동 406
2024-12-11,08:25:43,부과,덕천동 241-12
2024-12-11,09:03:33,부과,덕천동 457-54
2024-12-11,09:48:25,부과,덕천동 814-4
2024-12-11,11:00:57,부과,화명동 189
2024-12-11,11:52:47,부과,만덕동 904
2024-12-11,12:48:05,부과,덕천동 462
2024-12-11,12:52:32,비부과,구포동 1124-1
2024-12-11,13:17:28,부과,화명동 2337
2024-12-11,13:35:57,부과,구포동 1272
2024-12-11,13:41:19,부과,화명동 2257
2024-12-11,14:24:57,부과,화명동 752
2024-12-11,14:30:38,부과,구포동 247-1
2024-12-11,14:53:05,부과,구포동 1189
2024-12-11,14:56:14,부과,구포동 1189
2024-12-11,15:04:10,부과,구포동 1197-36
2024-12-11,15:11:59,비부과,덕천동 380-9
2024-12-11,15:19:26,부과,금곡동 683-7
2024-12-11,15:37:45,부과,화명동 2021-2
2024-12-11,15:38:25,부과,구포동 533
2024-12-11,16:23:55,부과,구포동 1049-8
2024-12-11,16:38:31,부과,구포동 1060-316
2024-12-11,16:39:59,부과,구포동 1060-455
2024-12-11,17:15:25,부과,화명동 2021-2
2024-12-11,17:36:20,비부과,구포동 1089
2024-12-11,17:41:58,부과,구포동 1189
2024-12-11,17:59:57,부과,구포동 1189
2024-12-11,18:27:17,부과,구포동 1280
2024-12-11,18:31:10,부과,화명동 745
2024-12-11,18:35:43,부과,덕천동 758-1
2024-12-11,18:45:35,부과,덕천동 561-1
2024-12-11,18:46:29,부과,덕천동 561-1
2024-12-11,18:47:02,부과,덕천동 561-1
2024-12-11,19:23:56,부과,구포동 1197-36
2024-12-11,19:39:23,부과,만덕동 904
2024-12-11,19:39:46,부과,만덕동 904
2024-12-11,20:00:17,부과,구포동 1280
2024-12-11,20:07:06,부과,만덕동 904
2024-12-11,20:15:26,비부과,만덕동 302-5
2024-12-11,20:18:19,부과,구포동 1290
2024-12-11,20:53:56,부과,덕천동 814-4
2024-12-11,20:54:29,부과,덕천동 814-4
2024-12-11,21:50:27,비부과,구포동 730-3
2024-12-11,22:25:27,부과,구포동 1060-316
2024-12-11,22:33:06,부과,만덕동 933
2024-12-11,22:57:23,비부과,덕천동 814-4
2024-12-11,22:57:44,부과,덕천동 814-4
2024-12-12,01:50:02,부과,화명동 2257
2024-12-12,06:27:43,부과,화명동 1430
2024-12-12,06:29:40,부과,화명동 1430
2024-12-12,08:21:44,비부과,화명동 1718-21
2024-12-12,12:08:23,부과,화명동 2257
2024-12-12,12:13:05,부과,화명동 2257
2024-12-12,12:15:37,부과,화명동 2257
2024-12-12,12:33:32,비부과,화명동 745
2024-12-12,12:36:02,부과,구포동 1197-36
2024-12-12,12:37:55,부과,구포동 1189
2024-12-12,13:08:31,부과,구포동 1186-1
2024-12-12,13:45:50,부과,화명동 2257
2024-12-12,13:59:07,부과,구포동 1197-36
2024-12-12,14:59:43,비부과,덕천동 783
2024-12-12,15:14:57,부과,만덕동 941-2
2024-12-12,15:21:25,부과,구포동 1160
2024-12-12,15:26:23,부과,구포동 1197-36
2024-12-12,15:35:43,부과,화명동 2257
2024-12-12,15:36:35,비부과,구포동 729-1
2024-12-12,16:01:22,부과,구포동 1190
2024-12-12,16:04:21,부과,만덕동 904
2024-12-12,16:19:31,비부과,구포동 614-3
2024-12-12,16:21:42,부과,만덕동 904
2024-12-12,17:23:42,비부과,구포동 1121-4
2024-12-12,17:44:05,부과,화명동 2257
2024-12-12,18:29:10,부과,구포동 1172
2024-12-12,18:45:08,부과,구포동 897-21
2024-12-12,18:47:01,부과,구포동 897-21
2024-12-12,18:53:41,부과,구포동 1197-36
2024-12-12,19:21:09,부과,만덕동 904
2024-12-12,19:52:38,부과,만덕동 904
2024-12-12,19:55:51,부과,만덕동 251-2
2024-12-12,20:08:09,부과,구포동 1189
2024-12-12,20:08:35,부과,만덕동 957-2
2024-12-12,20:51:42,부과,구포동 1269-1
2024-12-12,21:58:32,부과,만덕동 959-6
2024-12-12,22:16:27,부과,화명동 1409-5
2024-12-12,22:17:50,부과,만덕동 941-2
2024-12-12,22:19:28,부과,덕천동 814-4
2024-12-12,22:40:06,비부과,금곡동 54-7
2024-12-12,22:42:17,부과,만덕동 759-25
2024-12-12,22:44:29,비부과,금곡동 54-7
2024-12-12,23:07:54,부과,만덕동 906-1
2024-12-12,23:14:03,부과,구포동 1060-316
2024-12-12,23:15:45,비부과,구포동 1060-455
2024-12-12,23:17:21,부과,구포동 1060-316
2024-12-13,01:51:13,부과,화명동 2273
2024-12-13,01:54:47,부과,화명동 2257
2024-12-13,08:58:46,부과,덕천동 808
2024-12-13,09:23:02,부과,덕천동 313-1
2024-12-13,09:27:30,부과,구포동 1186-29
2024-12-13,09:32:39,부과,덕천동 458
2024-12-13,10:07:59,부과,구포동 1189
2024-12-13,10:08:20,부과,구포동 1186-29
2024-12-13,10:46:54,부과,구포동 247-1
2024-12-13,11:02:40,부과,구포동 1280
2024-12-13,11:28:30,부과,화명동 2257
2024-12-13,11:53:46,비부과,화명동 2270-3
2024-12-13,12:42:45,부과,화명동 745
2024-12-13,13:04:33,비부과,화명동 2257
2024-12-13,13:34:07,부과,화명동 197
2024-12-13,13:59:41,부과,구포동 957-40
2024-12-13,15:22:55,부과,금곡동 54-5
2024-12-13,15:39:25,부과,덕천동 814-4
2024-12-13,15:46:24,부과,만덕동 941-2
2024-12-13,15:50:21,부과,화명동 745
2024-12-13,15:54:00,부과,덕천동 814-12
2024-12-13,16:16:26,비부과,만덕동 783-21
2024-12-13,16:49:15,부과,구포동 451-1
2024-12-13,17:42:32,부과,구포동 602-25
2024-12-13,17:45:03,비부과,만덕동 962-4
2024-12-13,17:58:53,부과,구포동 1268
2024-12-13,18:31:00,부과,화명동 2159-19
2024-12-13,18:33:44,부과,만덕동 904
2024-12-13,18:43:55,부과,만덕동 759-25
2024-12-13,19:04:41,부과,만덕동 935
2024-12-13,19:58:41,부과,구포동 897-36
2024-12-13,20:35:35,부과,덕천동 462
2024-12-13,20:56:51,부과,만덕동 916-1
2024-12-13,21:29:25,부과,구포동 1267
2024-12-13,21:46:51,부과,덕천동 814-4
2024-12-13,22:15:00,부과,구포동 1279
2024-12-14,07:04:27,부과,구포동 1189
2024-12-14,07:04:40,부과,구포동 1189
2024-12-14,07:07:36,부과,구포동 1124-13
2024-12-14,08:19:10,비부과,만덕동 598-6
2024-12-14,09:02:36,비부과,화명동 2257
2024-12-14,09:04:45,부과,화명동 2341
2024-12-14,09:48:30,부과,덕천동 316-40
2024-12-14,09:57:19,비부과,만덕동 801-21
2024-12-14,11:18:16,부과,덕천동 332-25
2024-12-14,12:14:41,부과,화명동 2257
2024-12-14,12:49:48,부과,만덕동 941-2
2024-12-14,12:55:46,부과,만덕동 259-2
2024-12-14,13:27:55,부과,만덕동 597-1
2024-12-14,13:35:45,비부과,화명동 1150
2024-12-14,14:10:04,부과,덕천동 389-17
2024-12-14,14:19:01,비부과,구포동 1172
2024-12-14,14:47:42,부과,만덕동 904
2024-12-14,14:54:50,부과,화명동 2274-4
2024-12-14,15:07:33,부과,화명동 2257
2024-12-14,15:28:40,부과,만덕동 941-2
2024-12-14,16:19:45,부과,구포동 581
2024-12-14,17:16:03,부과,구포동 1060-316
2024-12-14,17:17:31,부과,구포동 1060-260
2024-12-14,17:37:12,부과,구포동 1280
2024-12-14,17:38:08,부과,만덕동 941-2
2024-12-14,17:56:12,부과,만덕동 251-2
2024-12-14,18:29:11,부과,만덕동 246-3
2024-12-14,18:47:43,부과,구포동 1280
2024-12-14,18:50:37,비부과,구포동 156-11
2024-12-14,18:50:55,부과,화명동 1222-2
2024-12-14,18:51:29,비부과,덕천동 405-28
2024-12-14,18:59:24,부과,화명동 2257
2024-12-14,19:23:57,부과,덕천동 460-2
2024-12-14,20:00:10,부과,만덕동 959-10
2024-12-14,21:19:25,부과,화명동 2257
2024-12-14,21:31:50,부과,만덕동 898
2024-12-14,23:21:50,부과,덕천동 377-17
2024-12-15,01:38:25,부과,화명동 2257
2024-12-15,01:38:54,부과,화명동 2257
2024-12-15,01:39:58,부과,화명동 2257
2024-12-15,01:41:24,부과,화명동 1430
2024-12-15,01:43:02,부과,화명동 1430
2024-12-15,01:44:09,부과,화명동 1430
2024-12-15,01:45:30,부과,화명동 2341
2024-12-15,01:45:52,부과,화명동 2341-2
2024-12-15,01:47:12,부과,화명동 1431
2024-12-15,01:48:06,부과,화명동 1431
2024-12-15,01:48:45,부과,화명동 1431
2024-12-15,01:49:26,부과,구포동 1271
2024-12-15,01:54:54,부과,화명동 1431
2024-12-15,07:34:25,부과,덕천동 462
2024-12-15,08:30:42,부과,구포동 918-5
2024-12-15,08:43:42,비부과,구포동 923-92
2024-12-15,09:13:45,부과,구포동 1154-24
2024-12-15,10:00:55,부과,구포동 459-2
2024-12-15,10:07:50,부과,구포동 1189
2024-12-15,10:08:21,부과,화명동 1219-2
2024-12-15,10:17:42,부과,구포동 156-11
2024-12-15,10:19:14,부과,구포동 602-33
2024-12-15,10:20:56,부과,구포동 611-1
2024-12-15,10:22:35,부과,구포동 611-1
2024-12-15,11:09:16,부과,구포동 982-21
2024-12-15,11:25:35,부과,덕천동 462
2024-12-15,11:55:18,부과,덕천동 462
2024-12-15,11:57:49,부과,덕천동 462
2024-12-15,12:00:50,부과,만덕동 845-1
2024-12-15,12:01:17,비부과,화명동 2257
2024-12-15,12:15:06,부과,화명동 2280
2024-12-15,12:15:26,부과,화명동 2280
2024-12-15,12:21:52,부과,화명동 2279
2024-12-15,12:29:01,부과,화명동 2257
2024-12-15,12:36:35,부과,구포동 602-33
2024-12-15,12:41:10,부과,구포동 156-11
2024-12-15,12:43:48,부과,만덕동 904
2024-12-15,13:04:36,부과,구포동 1160
2024-12-15,13:06:04,부과,만덕동 607-1
2024-12-15,13:19:50,부과,화명동 2257
2024-12-15,13:56:19,부과,구포동 508
2024-12-15,14:04:40,비부과,덕천동 469
2024-12-15,14:36:24,비부과,만덕동 955
2024-12-15,15:17:48,부과,금곡동 108
2024-12-15,16:49:27,부과,만덕동 935
2024-12-15,17:02:55,부과,만덕동 959-9
2024-12-15,17:11:09,부과,화명동 699-1
2024-12-15,17:14:47,부과,화명동 699-1
2024-12-15,17:16:33,부과,구포동 1060-316
2024-12-15,17:16:36,부과,화명동 699-1
2024-12-15,17:18:03,부과,구포동 1060-310
2024-12-15,18:07:20,부과,덕천동 757-4
2024-12-15,18:08:43,부과,만덕동 736-24
2024-12-15,18:12:32,부과,만덕동 802-14
2024-12-15,18:17:09,부과,만덕동 646-15
2024-12-15,18:37:18,부과,화명동 1430
2024-12-15,18:54:38,비부과,구포동 156-11
2024-12-15,18:57:40,비부과,화명동 699-1
2024-12-15,19:02:55,부과,만덕동 904
2024-12-15,19:28:46,부과,구포동 1268
2024-12-15,19:47:51,부과,만덕동 904
2024-12-15,20:06:51,부과,덕천동 359-1
2024-12-15,20:27:59,비부과,덕천동 462-9
2024-12-15,20:28:48,비부과,덕천동 357-12
2024-12-15,22:09:28,부과,덕천동 377-17
2024-12-15,23:30:23,부과,화명동 374-1
2024-12-15,23:31:51,부과,화명동 374-2
2024-12-16,00:29:54,비부과,덕천동 462
2024-12-16,07:58:23,부과,구포동 548-1
2024-12-16,08:35:28,부과,구포동 1278
2024-12-16,09:06:48,부과,구포동 1197-36
2024-12-16,09:20:20,부과,구포동 1186-1
2024-12-16,09:24:10,부과,구포동 1189
2024-12-16,09:31:47,비부과,구포동 729-1
2024-12-16,09:49:14,부과,덕천동 317-23
2024-12-16,11:07:08,부과,금곡동 681-1
2024-12-16,11:56:56,부과,구포동 1060-316
2024-12-16,11:58:28,부과,구포동 1060-316
2024-12-16,12:04:07,부과,구포동 1189
2024-12-16,12:05:46,부과,구포동 1184-6
2024-12-16,12:46:32,부과,화명동 186
2024-12-16,12:47:55,부과,화명동 186
2024-12-16,12:49:11,부과,화명동 186
2024-12-16,12:50:25,부과,화명동 186
2024-12-16,12:51:42,부과,화명동 192
2024-12-16,12:52:31,부과,화명동 186
2024-12-16,12:53:11,부과,화명동 186
2024-12-16,13:56:31,비부과,만덕동 934
2024-12-16,14:16:57,부과,구포동 1197-36
2024-12-16,14:52:12,부과,구포동 1060-454
2024-12-16,14:53:42,부과,구포동 1060-260
2024-12-16,15:46:31,부과,구포동 156-11
2024-12-16,16:04:49,부과,구포동 1049-8
2024-12-16,16:37:42,부과,구포동 156-11
2024-12-16,16:45:08,부과,구포동 156-11
2024-12-16,16:52:22,부과,구포동 156-11
2024-12-16,17:48:10,부과,구포동 1090-1
2024-12-16,17:55:58,부과,구포동 896-23
2024-12-16,17:58:57,비부과,덕천동 389-17
2024-12-16,18:29:52,부과,구포동 1197-36
2024-12-16,18:50:01,부과,만덕동 904
2024-12-16,19:19:19,비부과,화명동 2257
2024-12-16,19:31:01,부과,구포동 972
2024-12-16,19:31:27,부과,구포동 916-2
2024-12-16,19:31:57,비부과,구포동 1268
2024-12-16,19:32:06,비부과,구포동 1268
2024-12-16,19:37:46,부과,덕천동 551-5
2024-12-16,19:38:45,부과,덕천동 561-1
2024-12-16,21:24:27,부과,구포동 655-1
2024-12-16,21:25:48,부과,화명동 2257
2024-12-16,21:34:50,부과,화명동 2257
2024-12-16,21:38:39,부과,화명동 2257
2024-12-16,21:40:45,부과,화명동 2257
2024-12-16,22:15:20,부과,덕천동 462
2024-12-16,22:17:32,비부과,덕천동 467-2
2024-12-16,22:19:56,부과,덕천동 462
2024-12-17,06:36:55,부과,구포동 1124-13
2024-12-17,07:58:22,부과,구포동 1060-51
2024-12-17,08:00:42,부과,화명동 2278-1
2024-12-17,08:38:56,부과,덕천동 312-12
2024-12-17,09:00:18,부과,덕천동 241-33
2024-12-17,09:26:23,부과,덕천동 472
2024-12-17,09:28:22,부과,덕천동 241-12
2024-12-17,09:30:39,부과,덕천동 472
2024-12-17,09:41:15,부과,덕천동 814-4
2024-12-17,11:17:51,부과,구포동 1060-254
2024-12-17,11:18:18,부과,구포동 1268
2024-12-17,11:19:19,부과,구포동 1060-454
2024-12-17,11:43:08,부과,화명동 741-4
2024-12-17,11:44:33,부과,구포동 1236-1
2024-12-17,11:47:33,비부과,구포동 1280
2024-12-17,12:32:06,비부과,금곡동 1117
2024-12-17,12:35:22,부과,구포동 1124-1
2024-12-17,12:39:13,부과,구포동 1124-1
2024-12-17,13:40:09,부과,화명동 2257
2024-12-17,14:07:30,비부과,구포동 1278
2024-12-17,14:11:08,부과,구포동 1060-316
2024-12-17,14:12:38,부과,구포동 1060-316
2024-12-17,14:51:03,부과,덕천동 302-1
2024-12-17,15:27:54,부과,금곡동 681-1
2024-12-17,16:16:58,부과,화명동 699-1
2024-12-17,17:15:07,부과,만덕동 898
2024-12-17,17:22:27,비부과,만덕동 962-4
2024-12-17,17:56:16,부과,만덕동 904
2024-12-17,17:56:40,부과,만덕동 904
2024-12-17,17:57:11,부과,만덕동 904
2024-12-17,18:16:15,부과,덕천동 797
2024-12-17,18:31:33,부과,만덕동 305-1
2024-12-17,18:31:44,부과,만덕동 305-1
2024-12-17,18:40:35,부과,구포동 1189
2024-12-17,18:55:05,비부과,구포동 1083-3
2024-12-17,19:26:53,부과,덕천동 462
2024-12-17,19:30:21,비부과,만덕동 823-8
2024-12-17,19:39:43,부과,화명동 2257
2024-12-17,20:10:35,부과,화명동 699-1
2024-12-17,20:13:06,비부과,화명동 1430
2024-12-17,21:40:45,부과,만덕동 783-14
2024-12-17,21:53:17,부과,화명동 1431
2024-12-17,22:01:29,부과,구포동 451-1
2024-12-17,22:13:48,부과,덕천동 462
2024-12-17,22:16:01,부과,덕천동 462
2024-12-17,22:18:57,부과,덕천동 390-16
2024-12-17,23:06:57,비부과,만덕동 302-5
2024-12-17,23:09:24,비부과,만덕동 산 17-2
2024-12-18,01:20:13,부과,만덕동 251-2
2024-12-18,08:04:55,부과,덕천동 814-4
2024-12-18,08:05:17,부과,덕천동 462
2024-12-18,08:26:16,부과,덕천동 241-17
2024-12-18,08:38:09,부과,덕천동 241-27
2024-12-18,08:56:05,부과,금곡동 108
2024-12-18,08:56:22,부과,덕천동 241-17
2024-12-18,09:53:26,부과,덕천동 472
2024-12-18,09:58:19,부과,금곡동 683-7
2024-12-18,10:23:46,부과,구포동 1189
2024-12-18,10:27:12,비부과,구포동 1124-13
2024-12-18,10:45:28,비부과,덕천동 383-24
2024-12-18,11:03:05,부과,덕천동 472
2024-12-18,11:05:13,부과,덕천동 472
2024-12-18,11:09:07,부과,덕천동 322-24
2024-12-18,11:34:42,부과,구포동 1060-455
2024-12-18,11:36:12,부과,구포동 1060-316
2024-12-18,11:36:47,비부과,금곡동 108
2024-12-18,11:40:01,부과,금곡동 108
2024-12-18,12:16:59,부과,덕천동 471
2024-12-18,12:49:54,부과,금곡동 121
2024-12-18,13:10:06,부과,덕천동 241-12
2024-12-18,13:22:12,부과,구포동 156-11
2024-12-18,14:46:27,부과,구포동 602-8
2024-12-18,15:45:10,부과,구포동 1160
2024-12-18,16:56:45,부과,만덕동 432
2024-12-18,17:48:48,부과,화명동 2257
2024-12-18,18:09:21,부과,화명동 2257
2024-12-18,18:15:52,부과,화명동 2278-1
2024-12-18,19:18:03,부과,구포동 1279
2024-12-18,19:35:07,부과,덕천동 462
2024-12-18,20:55:43,부과,덕천동 467-2
2024-12-18,22:16:30,부과,구포동 1060-316
2024-12-19,05:26:27,부과,구포동 1176-1
2024-12-19,05:28:18,부과,구포동 1176-1
2024-12-19,07:50:28,부과,덕천동 814-4
2024-12-19,08:23:16,부과,덕천동 241-17
2024-12-19,08:43:26,부과,구포동 1186-29
2024-12-19,10:08:16,비부과,덕천동 373-1
2024-12-19,10:33:09,부과,덕천동 462
2024-12-19,10:48:43,부과,구포동 1189
2024-12-19,11:36:02,부과,구포동 1189
2024-12-19,12:22:04,부과,구포동 1189
2024-12-19,13:32:14,비부과,구포동 1279
2024-12-19,16:19:25,부과,구포동 1169-5
2024-12-19,16:38:03,부과,구포동 602-26
2024-12-19,16:54:21,부과,만덕동 848-2
2024-12-19,16:56:57,부과,구포동 156-11
2024-12-19,17:30:40,부과,만덕동 433-1
2024-12-19,18:20:03,부과,구포동 896-23
2024-12-19,18:20:11,부과,구포동 1197-36
2024-12-19,18:32:36,부과,만덕동 904
2024-12-19,18:52:43,부과,만덕동 904
2024-12-19,19:16:01,부과,화명동 745
2024-12-19,19:35:49,부과,만덕동 904
2024-12-19,20:27:41,부과,구포동 1091-5
2024-12-19,21:32:56,부과,화명동 699-1
2024-12-19,21:44:27,부과,만덕동 251-3
2024-12-19,21:54:08,부과,화명동 2312
2024-12-19,22:36:31,비부과,금곡동 1881
2024-12-20,00:01:18,비부과,구포동 1268
2024-12-20,00:01:30,부과,구포동 1268
2024-12-20,01:23:59,부과,만덕동 955
2024-12-20,02:25:36,부과,화명동 2257
2024-12-20,04:07:01,부과,화명동 2272-3
2024-12-20,07:03:43,부과,덕천동 810
2024-12-20,07:07:05,부과,구포동 1049-23
2024-12-20,07:44:59,부과,덕천동 814-4
2024-12-20,08:25:42,부과,덕천동 241-17
2024-12-20,09:03:31,비부과,덕천동 241-17
2024-12-20,09:04:02,부과,구포동 156-11
2024-12-20,09:18:55,부과,덕천동 373-1
2024-12-20,09:19:51,부과,덕천동 814-4
2024-12-20,10:08:35,비부과,화명동 882-4
2024-12-20,10:41:17,부과,구포동 1215-43
2024-12-20,10:56:24,부과,구포동 584-3
2024-12-20,11:04:51,부과,화명동 752
2024-12-20,11:12:05,부과,구포동 1060-253
2024-12-20,11:13:33,비부과,구포동 1060-309
2024-12-20,11:21:26,부과,구포동 959-1
2024-12-20,12:54:35,비부과,화명동 882-3
2024-12-20,12:57:55,부과,만덕동 899
2024-12-20,13:18:06,부과,덕천동 359-1
2024-12-20,13:49:22,부과,구포동 1060-316
2024-12-20,13:50:52,비부과,구포동 1060-260
2024-12-20,14:44:17,부과,구포동 1124-13
2024-12-20,16:10:18,부과,화명동 2257
2024-12-20,16:12:36,부과,구포동 1189
2024-12-20,16:30:22,부과,화명동 2257
2024-12-20,16:54:49,부과,구포동 1067-8
2024-12-20,18:32:07,부과,금곡동 1117
2024-12-20,18:49:37,부과,화명동 1426-1
2024-12-20,19:07:13,부과,구포동 1197-36
2024-12-20,19:18:25,부과,구포동 1197-36
2024-12-20,20:13:09,부과,만덕동 935
2024-12-20,20:51:29,부과,덕천동 556-3
2024-12-20,20:53:13,부과,덕천동 557-1
2024-12-20,20:54:53,부과,덕천동 557
2024-12-20,21:31:31,비부과,만덕동 935
2024-12-20,22:01:36,비부과,화명동 2257
2024-12-20,22:23:34,부과,만덕동 390
2024-12-20,22:35:59,부과,덕천동 462
2024-12-20,22:38:35,부과,덕천동 462
2024-12-20,22:45:43,비부과,구포동 1189
2024-12-20,22:51:54,부과,구포동 1060-334
2024-12-20,23:03:48,부과,화명동 2257
2024-12-20,23:45:23,비부과,화명동 2257
2024-12-21,00:34:22,부과,만덕동 922-2
2024-12-21,00:37:22,부과,만덕동 937
2024-12-21,02:08:02,부과,화명동 2257
2024-12-21,04:19:55,비부과,덕천동 561-2
2024-12-21,04:20:42,비부과,덕천동 561-2
2024-12-21,06:03:34,부과,화명동 1430
2024-12-21,06:05:37,부과,화명동 1430
2024-12-21,06:06:52,부과,화명동 1430
2024-12-21,06:08:10,부과,화명동 1430
2024-12-21,06:10:39,부과,화명동 1430
2024-12-21,06:56:40,부과,만덕동 290-5
2024-12-21,07:28:15,부과,덕천동 814-4
2024-12-21,07:28:40,부과,덕천동 814-4
2024-12-21,07:44:35,부과,덕천동 462
2024-12-21,08:42:48,비부과,만덕동 955
2024-12-21,08:47:13,비부과,화명동 2272-1
2024-12-21,09:04:44,부과,구포동 381-11
2024-12-21,09:41:38,부과,구포동 1067-4
2024-12-21,09:44:13,부과,덕천동 373-1
2024-12-21,09:49:48,비부과,구포동 166-4
2024-12-21,10:07:10,부과,화명동 2257
2024-12-21,10:15:38,비부과,만덕동 662-1
2024-12-21,10:23:38,부과,구포동 156-11
2024-12-21,10:26:38,부과,구포동 612-23
2024-12-21,10:28:42,부과,구포동 156-11
2024-12-21,10:56:03,비부과,화명동 2257
2024-12-21,11:07:18,부과,덕천동 462
2024-12-21,11:10:27,비부과,덕천동 462
2024-12-21,11:28:24,비부과,화명동 2257
2024-12-21,11:34:09,비부과,덕천동 327
2024-12-21,11:56:58,부과,화명동 2257
2024-12-21,12:15:29,부과,화명동 2257
2024-12-21,12:26:16,부과,만덕동 725-10
2024-12-21,12:26:45,부과,덕천동 814-4
2024-12-21,12:31:58,부과,구포동 1049-8
2024-12-21,12:58:02,비부과,화명동 2257
2024-12-21,12:58:43,비부과,화명동 2257
2024-12-21,12:59:20,비부과,화명동 2257
2024-12-21,13:00:19,비부과,화명동 2257
2024-12-21,13:00:47,부과,구포동 1268
2024-12-21,13:00:48,비부과,화명동 2257
2024-12-21,13:07:45,부과,화명동 189
2024-12-21,13:20:44,부과,화명동 2257
2024-12-21,13:34:34,부과,화명동 1410-9
2024-12-21,13:49:34,부과,화명동 186
2024-12-21,13:49:53,부과,화명동 186
2024-12-21,14:03:01,부과,화명동 2257
2024-12-21,15:19:39,부과,화명동 2312
2024-12-21,16:04:25,부과,화명동 197
2024-12-21,16:05:55,부과,구포동 156-11
2024-12-21,16:20:38,부과,화명동 2257
2024-12-21,16:55:28,부과,덕천동 385-17
2024-12-21,17:17:09,부과,구포동 1060-316
2024-12-21,17:18:36,부과,구포동 1060-454
2024-12-21,18:04:24,부과,화명동 2257
2024-12-21,18:06:44,비부과,구포동 700-9
2024-12-21,18:26:31,부과,구포동 1282
2024-12-21,18:53:00,비부과,덕천동 408-16
2024-12-21,18:59:48,부과,구포동 1280
2024-12-21,18:59:53,비부과,구포동 1193-1
2024-12-21,19:12:38,부과,구포동 1235-12
2024-12-21,19:13:52,부과,구포동 1282
2024-12-21,19:19:25,부과,금곡동 1623-21
2024-12-21,19:39:26,부과,구포동 700-52
2024-12-21,19:55:08,부과,화명동 2257
2024-12-21,19:59:43,부과,화명동 2257
2024-12-21,20:06:00,비부과,화명동 2257
2024-12-21,20:32:55,부과,화명동 2257
2024-12-21,20:38:06,부과,화명동 2257
2024-12-21,20:38:06,부과,화명동 2257
2024-12-21,20:41:10,부과,화명동 2257
2024-12-21,20:43:37,부과,화명동 2257
2024-12-21,20:49:11,부과,화명동 2257
2024-12-21,20:52:22,부과,화명동 2257
2024-12-21,20:54:26,비부과,만덕동 935
2024-12-21,21:04:13,부과,구포동 169-5
2024-12-21,21:22:28,부과,화명동 1229
2024-12-21,21:38:44,부과,화명동 2257
2024-12-21,22:56:43,부과,덕천동 472
2024-12-21,23:49:33,부과,구포동 1269-1
2024-12-22,06:25:54,비부과,덕천동 814-4
2024-12-22,06:47:46,부과,구포동 1060-455
2024-12-22,06:49:46,부과,구포동 1060-316
2024-12-22,08:40:32,부과,화명동 186
2024-12-22,09:08:27,부과,구포동 1063-1
2024-12-22,09:10:02,부과,구포동 1060-316
2024-12-22,09:12:00,부과,구포동 1060-316
2024-12-22,09:41:36,부과,구포동 1060-454
2024-12-22,09:43:08,부과,구포동 1060-384
2024-12-22,09:44:38,부과,구포동 1060-316
2024-12-22,10:07:46,부과,구포동 263-9
2024-12-22,10:08:37,부과,구포동 596-11
2024-12-22,10:09:49,부과,구포동 1154-24
2024-12-22,10:52:28,부과,만덕동 904
2024-12-22,10:52:49,부과,만덕동 904
2024-12-22,11:19:24,부과,금곡동 54-5
2024-12-22,11:41:42,부과,덕천동 354-1
2024-12-22,11:47:07,부과,덕천동 451-1
2024-12-22,11:53:00,부과,구포동 1197-36
2024-12-22,11:54:58,부과,화명동 192
2024-12-22,11:55:53,부과,화명동 192
2024-12-22,11:56:58,부과,화명동 194
2024-12-22,11:57:42,부과,화명동 1426-2
2024-12-22,11:58:31,부과,화명동 1431
2024-12-22,11:59:31,부과,화명동 1431
2024-12-22,11:59:57,부과,화명동 1431
2024-12-22,12:03:47,비부과,덕천동 462
2024-12-22,12:17:44,비부과,덕천동 462
2024-12-22,12:23:31,비부과,덕천동 382-1
2024-12-22,12:53:42,부과,화명동 1458-9
2024-12-22,12:57:58,부과,화명동 2257
2024-12-22,13:09:32,부과,화명동 2257
2024-12-22,13:20:48,부과,화명동 2257
2024-12-22,13:29:35,부과,화명동 2257
2024-12-22,13:30:00,부과,화명동 2257
2024-12-22,13:36:32,부과,화명동 2257
2024-12-22,13:39:30,비부과,구포동 1197-36
2024-12-22,13:41:46,비부과,구포동 1197-36
2024-12-22,13:43:41,부과,만덕동 904
2024-12-22,13:58:21,부과,화명동 2341
2024-12-22,14:00:44,부과,화명동 197
2024-12-22,14:02:33,부과,화명동 376-10
2024-12-22,14:04:12,부과,화명동 392-1
2024-12-22,15:01:28,부과,구포동 577
2024-12-22,15:29:35,부과,화명동 310
2024-12-22,15:59:01,비부과,덕천동 467-2
2024-12-22,16:18:54,비부과,덕천동 390-11
2024-12-22,17:00:57,부과,덕천동 472
2024-12-22,17:03:53,부과,덕천동 472
2024-12-22,17:14:20,부과,구포동 1060-316
2024-12-22,17:15:48,부과,구포동 1060-260
2024-12-22,17:27:50,부과,덕천동 474
2024-12-22,17:57:45,부과,만덕동 904
2024-12-22,18:07:19,부과,구포동 1268
2024-12-22,18:30:08,부과,만덕동 935
2024-12-22,19:28:38,부과,덕천동 355-4
2024-12-22,20:35:50,부과,구포동 1226-5
2024-12-22,20:59:54,부과,구포동 1060-316
2024-12-22,22:03:27,부과,구포동 1160
2024-12-22,23:06:05,부과,구포동 1060-316
2024-12-22,23:39:00,부과,화명동 2273
2024-12-23,01:03:57,부과,구포동 1060-422
2024-12-23,05:15:57,부과,구포동 1060-316
2024-12-23,06:57:29,비부과,덕천동 814-4
2024-12-23,06:57:58,비부과,덕천동 814-4
2024-12-23,06:58:26,비부과,덕천동 814-4
2024-12-23,07:18:14,비부과,덕천동 814-4
2024-12-23,09:57:53,부과,구포동 596-10
2024-12-23,10:49:47,비부과,구포동 156-11
2024-12-23,10:57:43,부과,화명동 2324
2024-12-23,11:09:01,부과,구포동 1060-316
2024-12-23,11:10:34,비부과,구포동 1060-316
2024-12-23,11:11:37,비부과,만덕동 962
2024-12-23,11:12:42,비부과,만덕동 921-19
2024-12-23,11:29:22,부과,만덕동 918-13
2024-12-23,11:33:29,부과,화명동 2257
2024-12-23,11:55:06,부과,화명동 2257
2024-12-23,12:47:15,부과,구포동 1060-316
2024-12-23,13:15:06,부과,구포동 1060-316
2024-12-23,13:18:38,비부과,덕천동 241-17
2024-12-23,13:56:47,부과,덕천동 241-17
2024-12-23,15:11:09,부과,구포동 1189
2024-12-23,15:25:11,부과,구포동 1060-316
2024-12-23,15:26:40,부과,구포동 1060-316
2024-12-23,15:47:11,부과,구포동 960
2024-12-23,16:07:49,비부과,덕천동 462
2024-12-23,16:27:53,부과,구포동 1124-13
2024-12-23,17:14:18,부과,만덕동 954
2024-12-23,17:19:50,부과,화명동 1293-3
2024-12-23,17:40:34,부과,구포동 1060-316
2024-12-23,17:42:09,부과,덕천동 462
2024-12-23,17:42:36,비부과,구포동 1060-316
2024-12-23,17:58:30,부과,구포동 1197-36
2024-12-23,17:59:40,부과,만덕동 646-15
2024-12-23,18:51:13,부과,덕천동 462
2024-12-23,19:00:31,부과,덕천동 462
2024-12-23,19:39:11,비부과,구포동 1280
2024-12-23,19:43:07,부과,구포동 1060-316
2024-12-23,20:31:16,부과,덕천동 389-15
2024-12-23,20:34:12,비부과,덕천동 390-29
2024-12-23,20:35:05,비부과,구포동 1189
2024-12-23,20:45:38,비부과,덕천동 425-19
2024-12-23,21:11:32,부과,구포동 896-44
2024-12-23,22:50:05,부과,덕천동 814-10
2024-12-23,22:50:38,비부과,덕천동 814-4
2024-12-24,04:19:50,부과,구포동 1060-316
2024-12-24,04:21:26,부과,구포동 1060-316
2024-12-24,05:59:58,부과,덕천동 462
2024-12-24,08:56:12,부과,덕천동 241-17
2024-12-24,08:58:00,비부과,덕천동 241-27
2024-12-24,09:11:41,부과,구포동 1060-316
2024-12-24,09:13:16,부과,구포동 1060-316
2024-12-24,09:16:56,부과,구포동 1197-36
2024-12-24,09:17:12,비부과,덕천동 814-4
2024-12-24,09:20:08,부과,덕천동 814-10
2024-12-24,09:25:02,비부과,덕천동 814-4
2024-12-24,09:30:02,부과,화명동 2274-4
2024-12-24,09:30:28,부과,화명동 2274-4
2024-12-24,09:33:49,부과,화명동 1218-2
2024-12-24,09:49:28,부과,덕천동 373-1
2024-12-24,10:16:52,비부과,구포동 1095
2024-12-24,10:32:22,부과,덕천동 316-40
2024-12-24,10:34:32,부과,구포동 1273
2024-12-24,11:19:36,부과,구포동 1267
2024-12-24,11:32:29,부과,만덕동 955
2024-12-24,11:36:45,부과,만덕동 955-3
2024-12-24,11:39:57,부과,화명동 2257
2024-12-24,11:59:58,부과,구포동 1060-316
2024-12-24,12:01:33,비부과,구포동 1060-316
2024-12-24,12:16:56,비부과,구포동 1268
2024-12-24,12:19:51,부과,화명동 2257
2024-12-24,12:26:39,부과,화명동 2257
2024-12-24,12:34:49,부과,구포동 1267
2024-12-24,12:49:27,부과,구포동 1197-36
2024-12-24,13:18:46,비부과,덕천동 462
2024-12-24,13:18:58,부과,구포동 1189
2024-12-24,13:21:16,부과,구포동 1124-13
2024-12-24,13:28:08,비부과,구포동 1205-35
2024-12-24,13:34:39,부과,화명동 2021-2
2024-12-24,13:35:07,부과,화명동 2021-2
2024-12-24,13:44:10,부과,구포동 1197-36
2024-12-24,14:03:46,부과,구포동 1060-316
2024-12-24,14:05:21,부과,구포동 1060-316
2024-12-24,14:13:20,부과,구포동 1189
2024-12-24,14:20:57,부과,구포동 627-8
2024-12-24,14:22:52,부과,화명동 745
2024-12-24,14:41:50,비부과,화명동 318-2
2024-12-24,15:04:59,부과,덕천동 472
2024-12-24,15:33:09,비부과,구포동 1076-2
2024-12-24,16:27:10,부과,화명동 2257
2024-12-24,16:35:24,부과,구포동 620-6
2024-12-24,16:55:17,부과,구포동 1060-316
2024-12-24,17:41:02,부과,구포동 1268
2024-12-24,17:49:59,부과,구포동 1060-316
2024-12-24,17:51:41,부과,구포동 1060-316
2024-12-24,17:52:29,부과,구포동 1197-36
2024-12-24,17:59:57,비부과,화명동 1431
2024-12-24,18:08:56,비부과,구포동 1197-36
2024-12-24,19:42:35,부과,구포동 1225-10
2024-12-24,19:46:19,부과,화명동 699-1
2024-12-24,19:52:54,비부과,화명동 699-1
2024-12-24,20:31:19,부과,구포동 1189
2024-12-24,20:33:54,비부과,구포동 1186-25
2024-12-24,20:49:57,부과,덕천동 474
2024-12-24,21:01:44,부과,금곡동 835-1
2024-12-24,21:04:58,부과,덕천동 474
2024-12-24,21:36:53,비부과,덕천동 814-4
2024-12-24,21:46:22,비부과,덕천동 467-2
2024-12-24,22:10:13,부과,구포동 1189
2024-12-24,22:28:26,부과,덕천동 400-8
2024-12-25,02:00:17,부과,화명동 2257
2024-12-25,02:03:10,부과,화명동 2257
2024-12-25,05:28:59,부과,만덕동 753-4
2024-12-25,07:47:17,부과,덕천동 395-10
2024-12-25,07:55:52,비부과,구포동 79-9
2024-12-25,08:16:32,부과,덕천동 814-4
2024-12-25,08:45:03,비부과,덕천동 462
2024-12-25,08:57:44,부과,구포동 1060-316
2024-12-25,08:59:15,부과,구포동 1060-316
2024-12-25,09:02:25,부과,구포동 1097-10
2024-12-25,09:07:06,비부과,구포동 930-3
2024-12-25,09:11:21,부과,구포동 366
2024-12-25,09:15:19,부과,구포동 479-3
2024-12-25,09:21:09,부과,구포동 460-2
2024-12-25,09:36:22,부과,덕천동 373-1
2024-12-25,10:05:22,부과,구포동 937-41
2024-12-25,10:28:48,부과,구포동 1293
2024-12-25,11:01:27,부과,구포동 1060-316
2024-12-25,11:02:55,부과,구포동 1060-316
2024-12-25,11:14:58,부과,화명동 186
2024-12-25,12:12:37,부과,덕천동 462
2024-12-25,13:03:40,부과,구포동 1060-316
2024-12-25,13:05:11,부과,구포동 1060-316
2024-12-25,13:20:09,부과,만덕동 941-2
2024-12-25,13:23:35,부과,만덕동 904
2024-12-25,13:50:41,부과,화명동 2257
2024-12-25,13:53:08,비부과,화명동 2257
2024-12-25,13:57:20,부과,화명동 2257
2024-12-25,14:06:37,부과,화명동 745
2024-12-25,14:17:39,부과,화명동 2266-3
2024-12-25,14:26:46,비부과,화명동 2257
2024-12-25,14:28:47,부과,덕천동 391-16
2024-12-25,15:09:40,부과,덕천동 462
2024-12-25,15:32:13,부과,구포동 156-11
2024-12-25,15:38:45,부과,구포동 1235-12
2024-12-25,15:38:48,부과,구포동 602-25
2024-12-25,15:45:21,비부과,화명동 2257
2024-12-25,16:08:50,비부과,구포동 156-11
2024-12-25,16:29:46,부과,구포동 1060-316
2024-12-25,16:30:51,부과,만덕동 904
2024-12-25,16:31:20,부과,구포동 1060-316
2024-12-25,16:40:06,부과,만덕동 960
2024-12-25,16:46:29,부과,화명동 2275-4
2024-12-25,16:56:33,부과,구포동 1280
2024-12-25,17:31:31,부과,구포동 1268
2024-12-25,17:44:09,부과,구포동 602-33
2024-12-25,17:50:24,비부과,구포동 147-17
2024-12-25,17:50:24,비부과,화명동 2257
2024-12-25,18:16:47,부과,만덕동 904
2024-12-25,18:17:14,부과,만덕동 904
2024-12-25,18:21:53,부과,덕천동 462
2024-12-25,19:00:20,비부과,화명동 2257
2024-12-25,19:05:00,부과,화명동 1637-16
2024-12-25,19:25:19,부과,만덕동 759-25
2024-12-25,19:27:33,부과,만덕동 759-25
2024-12-25,19:39:33,부과,만덕동 904
2024-12-25,19:44:49,부과,화명동 2257
2024-12-25,19:53:11,비부과,구포동 1280
2024-12-25,19:54:25,비부과,만덕동 955-3
2024-12-25,19:54:44,부과,화명동 2257
2024-12-25,19:57:31,비부과,구포동 1280
2024-12-25,19:58:49,비부과,만덕동 955
2024-12-25,20:04:41,비부과,구포동 1290
2024-12-25,20:10:43,비부과,구포동 1280
2024-12-25,20:32:03,부과,구포동 1280
2024-12-25,20:35:01,부과,구포동 1186-29
2024-12-25,21:55:09,부과,구포동 1197-36
2024-12-25,22:46:44,부과,구포동 1060-316
2024-12-26,07:05:14,부과,덕천동 814-4
2024-12-26,07:15:49,부과,덕천동 814-10
2024-12-26,08:25:48,부과,덕천동 241-12
2024-12-26,08:27:39,부과,덕천동 241-27
2024-12-26,09:37:49,부과,덕천동 373-1
2024-12-26,09:46:43,비부과,만덕동 904
2024-12-26,09:48:36,부과,만덕동 848
2024-12-26,10:02:50,부과,구포동 1197-36
2024-12-26,10:36:42,부과,구포동 1060-316
2024-12-26,10:38:13,부과,구포동 1060-316
2024-12-26,10:48:12,부과,구포동 1154-1
2024-12-26,10:51:30,부과,금곡동 835-1
2024-12-26,10:53:04,비부과,구포동 1052-12
2024-12-26,10:53:44,부과,구포동 1186-1
2024-12-26,11:01:01,부과,화명동 1293-3
2024-12-26,11:26:11,부과,구포동 1197-36
2024-12-26,11:39:56,비부과,구포동 1197-36
2024-12-26,11:42:55,부과,구포동 1197-36
2024-12-26,12:19:58,부과,구포동 1197-36
2024-12-26,12:42:29,부과,만덕동 899
2024-12-26,13:01:42,부과,구포동 1060-316
2024-12-26,13:03:14,부과,구포동 1060-316
2024-12-26,13:03:25,부과,구포동 1196-25
2024-12-26,13:09:00,부과,구포동 1189
2024-12-26,14:06:06,비부과,덕천동 462
2024-12-26,14:58:50,부과,화명동 1293-4
2024-12-26,15:01:03,부과,화명동 745
2024-12-26,15:56:17,부과,구포동 1184-4
2024-12-26,16:13:35,부과,만덕동 935
2024-12-26,16:19:07,부과,구포동 548-1
2024-12-26,16:34:08,부과,덕천동 313-1
2024-12-26,16:40:30,부과,구포동 156-11
2024-12-26,16:45:27,부과,덕천동 462
2024-12-26,17:05:34,부과,만덕동 904
2024-12-26,17:05:54,부과,만덕동 904
2024-12-26,17:20:48,부과,만덕동 935
2024-12-26,17:31:15,부과,구포동 1189
2024-12-26,17:41:03,비부과,덕천동 802
2024-12-26,17:45:20,부과,화명동 2257
2024-12-26,17:55:09,부과,구포동 1268
2024-12-26,18:01:59,비부과,화명동 2257
2024-12-26,18:06:48,비부과,화명동 2257
2024-12-26,18:13:27,부과,구포동 1189
2024-12-26,18:16:10,부과,구포동 896-23
2024-12-26,18:23:24,비부과,화명동 2257
2024-12-26,19:14:49,부과,만덕동 935
2024-12-26,20:08:24,부과,구포동 896-23
2024-12-26,20:09:35,부과,구포동 1189
2024-12-26,20:10:58,부과,화명동 2257
2024-12-26,20:14:32,부과,구포동 1124-1
2024-12-26,20:20:50,부과,구포동 1282
2024-12-26,20:55:28,부과,구포동 1268
2024-12-26,21:02:17,부과,구포동 1189
2024-12-26,21:51:42,부과,만덕동 759-25
2024-12-26,21:52:57,부과,화명동 1408
2024-12-26,21:54:11,부과,화명동 1430
2024-12-26,21:55:39,비부과,화명동 1430
2024-12-26,21:57:08,부과,화명동 1469-6
2024-12-26,21:58:01,부과,화명동 2155
2024-12-26,21:58:34,부과,화명동 699-1
2024-12-27,00:04:06,부과,덕천동 357-12
2024-12-27,05:50:23,부과,만덕동 753-6
2024-12-27,06:59:27,부과,구포동 1243-9
2024-12-27,07:01:33,부과,구포동 1243-9
2024-12-27,07:18:37,부과,덕천동 814-4
2024-12-27,07:32:29,부과,구포동 365-2
2024-12-27,08:29:28,비부과,덕천동 241-22
2024-12-27,08:33:15,부과,구포동 1189
2024-12-27,08:35:16,부과,구포동 1189
2024-12-27,08:38:02,부과,구포동 1300-3
2024-12-27,08:42:20,비부과,구포동 1300
2024-12-27,09:00:16,부과,금곡동 108
2024-12-27,09:16:38,부과,덕천동 462
2024-12-27,09:19:49,비부과,구포동 156-11
2024-12-27,09:24:43,부과,구포동 1197-36
2024-12-27,09:25:43,부과,화명동 1216-1
2024-12-27,10:36:50,비부과,구포동 1060-316
2024-12-27,10:44:34,부과,구포동 930-8
2024-12-27,11:30:37,부과,덕천동 316-40
2024-12-27,12:05:08,부과,구포동 1197-36
2024-12-27,12:22:43,부과,덕천동 409-1
2024-12-27,12:52:48,부과,구포동 930-3
2024-12-27,12:54:38,부과,구포동 1124-13
2024-12-27,13:00:12,비부과,구포동 1060-316
2024-12-27,13:04:06,비부과,구포동 897-9
2024-12-27,13:38:01,부과,만덕동 904
2024-12-27,13:38:30,부과,만덕동 904
2024-12-27,13:56:44,부과,덕천동 802
2024-12-27,14:01:49,부과,구포동 1268
2024-12-27,14:46:05,부과,화명동 2327
2024-12-27,14:49:55,부과,구포동 156-11
2024-12-27,15:08:33,부과,구포동 1197-36
2024-12-27,15:28:45,부과,구포동 1060-316
2024-12-27,15:30:14,비부과,구포동 1060-316
2024-12-27,15:52:26,부과,구포동 1172
2024-12-27,16:10:27,부과,구포동 896-23
2024-12-27,16:15:00,비부과,금곡동 109-1
2024-12-27,16:32:41,부과,만덕동 950
2024-12-27,16:32:41,부과,만덕동 950
2024-12-27,16:38:16,비부과,구포동 156-11
2024-12-27,17:25:13,부과,만덕동 598-6
2024-12-27,17:28:49,부과,만덕동 598-6
2024-12-27,17:31:14,비부과,만덕동 598-6
2024-12-27,17:46:56,비부과,구포동 1060-316
2024-12-27,17:55:25,부과,만덕동 848-1
2024-12-27,17:57:33,부과,만덕동 904
2024-12-27,19:26:57,부과,구포동 897-21
2024-12-27,19:27:17,부과,구포동 897-21
2024-12-27,19:28:08,부과,구포동 897-21
2024-12-27,19:33:25,부과,구포동 897-21
2024-12-27,19:33:44,비부과,구포동 897-21
2024-12-27,21:07:15,부과,구포동 1241-18
2024-12-27,21:11:15,부과,덕천동 388-1
2024-12-27,21:13:46,부과,덕천동 388-1
2024-12-27,21:53:07,부과,만덕동 759-25
2024-12-27,21:55:17,부과,만덕동 759-25
2024-12-27,22:07:16,비부과,구포동 1060-316
2024-12-27,22:13:30,비부과,금곡동 1881
2024-12-27,22:26:44,부과,구포동 1060-400
2024-12-27,23:32:19,부과,화명동 2274-4
2024-12-28,00:01:31,부과,만덕동 598-6
2024-12-28,07:26:45,부과,덕천동 814-4
2024-12-28,07:27:12,비부과,덕천동 814-4
2024-12-28,07:27:34,비부과,덕천동 814-4
2024-12-28,08:30:09,부과,구포동 451-1
2024-12-28,09:27:28,부과,덕천동 373-1
2024-12-28,09:37:32,비부과,만덕동 598-6
2024-12-28,09:38:22,부과,구포동 1060-316
2024-12-28,09:39:58,부과,구포동 1060-316
2024-12-28,09:41:36,비부과,구포동 1060-316
2024-12-28,09:43:56,비부과,덕천동 402-34
2024-12-28,10:06:08,부과,구포동 1161-1
2024-12-28,10:13:58,부과,구포동 655-5
2024-12-28,10:15:36,부과,구포동 654-23
2024-12-28,10:35:45,부과,구포동 462-2
2024-12-28,10:37:32,부과,구포동 458-2
2024-12-28,10:51:30,부과,덕천동 373-1
2024-12-28,11:03:47,부과,화명동 2257
2024-12-28,12:11:15,비부과,덕천동 352-6
2024-12-28,12:22:50,비부과,구포동 430-2
2024-12-28,12:42:15,부과,만덕동 904
2024-12-28,14:24:08,부과,만덕동 904
2024-12-28,14:50:29,부과,덕천동 250-3
2024-12-28,15:40:08,부과,화명동 745
2024-12-28,16:02:48,부과,만덕동 757-77
2024-12-28,16:04:53,비부과,화명동 745
2024-12-28,16:09:48,부과,구포동 1197-36
2024-12-28,17:00:49,부과,만덕동 775
2024-12-28,17:03:12,부과,화명동 1375-9
2024-12-28,17:17:07,비부과,구포동 1060-316
2024-12-28,17:55:26,부과,덕천동 472
2024-12-28,18:14:10,부과,화명동 745
2024-12-28,18:53:03,부과,만덕동 960
2024-12-28,20:01:42,비부과,만덕동 323-7
2024-12-28,20:02:27,부과,구포동 1280
2024-12-28,21:11:41,부과,덕천동 400-8
2024-12-28,21:17:47,비부과,화명동 2316-8
2024-12-28,21:44:11,부과,구포동 1241-18
2024-12-28,22:13:17,비부과,화명동 2257
2024-12-29,02:03:25,비부과,구포동 85-13
2024-12-29,03:52:17,부과,화명동 2270-3
2024-12-29,04:13:52,부과,화명동 2257
2024-12-29,04:19:36,부과,구포동 156-11
2024-12-29,04:54:33,부과,만덕동 759-25
2024-12-29,05:40:20,부과,구포동 1060-316
2024-12-29,05:41:58,비부과,구포동 1060-316
2024-12-29,08:06:35,비부과,화명동 1430
2024-12-29,08:54:38,부과,구포동 1067-19
2024-12-29,08:56:24,부과,구포동 1067-15
2024-12-29,09:00:06,부과,구포동 1060-401
2024-12-29,09:02:11,부과,구포동 1060-316
2024-12-29,09:07:59,비부과,구포동 1060-11
2024-12-29,09:09:51,부과,구포동 247-1
2024-12-29,09:12:03,부과,구포동 1060-473
2024-12-29,09:39:01,비부과,구포동 1060-316
2024-12-29,12:33:57,부과,화명동 2257
2024-12-29,12:56:29,비부과,구포동 1205-35
2024-12-29,13:17:35,부과,덕천동 561-1
2024-12-29,13:43:19,부과,구포동 700-18
2024-12-29,14:22:53,부과,화명동 2274-4
2024-12-29,14:29:02,부과,화명동 2257
2024-12-29,14:34:02,부과,만덕동 802-1
2024-12-29,14:53:46,부과,화명동 2280
2024-12-29,14:57:47,부과,화명동 2280
2024-12-29,15:04:48,부과,화명동 2257
2024-12-29,15:05:27,부과,화명동 2257
2024-12-29,15:07:35,부과,화명동 2257
2024-12-29,15:10:46,부과,화명동 2257
2024-12-29,15:26:13,부과,구포동 1197-36
2024-12-29,15:43:20,비부과,구포동 1197-36
2024-12-29,15:49:18,부과,만덕동 903
2024-12-29,16:16:03,부과,덕천동 811
2024-12-29,16:37:29,부과,만덕동 287-2
2024-12-29,17:16:14,부과,구포동 1060-316
2024-12-29,17:17:43,비부과,구포동 1060-316
2024-12-29,17:33:18,부과,구포동 1282
2024-12-29,17:39:36,비부과,금곡동 102-3
2024-12-29,18:12:13,부과,금곡동 1241
2024-12-29,19:01:12,비부과,덕천동 397-1
2024-12-29,19:30:02,비부과,만덕동 251-2
2024-12-29,20:09:54,부과,만덕동 904
2024-12-29,20:10:16,부과,만덕동 904
2024-12-29,20:10:40,부과,만덕동 904
2024-12-29,20:35:51,부과,화명동 2257
2024-12-29,20:39:48,부과,화명동 2257
2024-12-29,20:41:51,부과,화명동 2257
2024-12-29,20:44:07,부과,화명동 2257
2024-12-29,20:46:14,부과,화명동 2257
2024-12-29,20:48:39,부과,화명동 2257
2024-12-29,20:51:14,부과,화명동 2257
2024-12-29,21:07:35,부과,화명동 1430
2024-12-29,21:09:28,부과,화명동 1430
2024-12-29,21:14:49,부과,화명동 산 218-7
2024-12-29,21:50:44,비부과,구포동 729-8
2024-12-29,22:09:34,비부과,만덕동 962-4
2024-12-30,05:46:08,비부과,구포동 1060-316
2024-12-30,05:47:58,부과,구포동 1060-316
2024-12-30,07:02:49,부과,구포동 1287
2024-12-30,08:24:58,부과,덕천동 241-22
2024-12-30,08:26:37,부과,덕천동 241-27
2024-12-30,08:56:27,부과,덕천동 328
2024-12-30,09:15:19,부과,구포동 1124-13
2024-12-30,09:27:16,부과,구포동 1078-8
2024-12-30,09:57:41,부과,덕천동 241-17
2024-12-30,10:57:28,비부과,덕천동 327
2024-12-30,11:01:42,비부과,구포동 1060-316
2024-12-30,11:14:01,부과,덕천동 316-40
2024-12-30,11:26:37,부과,화명동 2274-4
2024-12-30,11:51:27,부과,만덕동 899
2024-12-30,12:36:49,부과,구포동 313
2024-12-30,12:53:29,부과,구포동 1189
2024-12-30,13:02:53,부과,구포동 1189
2024-12-30,13:23:23,비부과,구포동 1060-316
2024-12-30,14:10:47,부과,구포동 1197-36
2024-12-30,15:23:21,비부과,구포동 475-1
2024-12-30,16:15:34,부과,구포동 612-18
2024-12-30,16:33:23,부과,금곡동 108
2024-12-30,17:22:41,부과,덕천동 757-4
2024-12-30,17:33:21,비부과,만덕동 927-1
2024-12-30,17:42:14,비부과,화명동 2257
2024-12-30,18:18:58,부과,덕천동 561-1
2024-12-30,18:20:52,부과,덕천동 561-1
2024-12-30,18:37:37,부과,구포동 1235-12
2024-12-30,18:50:31,부과,덕천동 539-6
2024-12-30,18:58:21,비부과,만덕동 937
2024-12-30,19:04:10,부과,덕천동 561-1
2024-12-30,19:05:09,부과,덕천동 561-1
2024-12-30,19:05:47,비부과,만덕동 927-1
2024-12-30,19:06:48,비부과,만덕동 937
2024-12-30,19:07:28,비부과,화명동 745
2024-12-30,19:08:51,부과,덕천동 462
2024-12-30,19:08:57,부과,만덕동 927-1
2024-12-30,19:11:03,부과,구포동 722-14
2024-12-30,19:18:58,부과,화명동 2257
2024-12-30,19:21:31,부과,화명동 2257
2024-12-30,19:25:14,부과,화명동 2257
2024-12-30,20:40:00,비부과,덕천동 462
2024-12-30,20:59:58,부과,만덕동 937
2024-12-30,21:01:32,부과,화명동 2257
2024-12-30,21:21:45,부과,화명동 1431
2024-12-30,21:32:52,비부과,화명동 2277-4
2024-12-30,21:33:02,부과,화명동 2280
2024-12-30,21:36:53,부과,화명동 2257
2024-12-30,21:41:18,부과,만덕동 759-25
2024-12-30,22:01:56,부과,구포동 918-3
2024-12-30,22:17:37,부과,만덕동 308-3
2024-12-30,22:19:38,부과,만덕동 308-3
2024-12-30,22:21:49,부과,만덕동 359-24
2024-12-31,00:19:49,부과,덕천동 462
2024-12-31,04:24:07,부과,구포동 1137
2024-12-31,04:47:20,비부과,구포동 1060-316
2024-12-31,07:25:15,부과,구포동 1060-260
2024-12-31,08:07:10,부과,구포동 897-21
2024-12-31,08:21:04,부과,화명동 1470-31
2024-12-31,08:53:57,비부과,덕천동 814-4
2024-12-31,08:54:31,비부과,덕천동 814-4
2024-12-31,09:00:15,부과,구포동 1282
2024-12-31,09:07:31,부과,구포동 1197-36
2024-12-31,09:19:58,비부과,구포동 1219-2
2024-12-31,09:24:54,부과,덕천동 317-4
2024-12-31,10:28:52,부과,구포동 1060-298
2024-12-31,10:31:50,부과,구포동 1060-422
2024-12-31,10:35:05,부과,구포동 1189
2024-12-31,10:35:18,부과,구포동 1189
2024-12-31,10:35:41,비부과,구포동 1189
2024-12-31,10:36:01,부과,구포동 1189
2024-12-31,10:39:30,비부과,구포동 1124-13
2024-12-31,12:27:08,부과,구포동 897-21
2024-12-31,12:31:26,부과,금곡동 119
2024-12-31,12:41:49,부과,구포동 1189
2024-12-31,13:10:33,비부과,만덕동 904
2024-12-31,13:11:55,부과,구포동 1197-36
2024-12-31,13:38:13,부과,만덕동 899
2024-12-31,14:16:43,부과,덕천동 561-1
2024-12-31,14:43:40,비부과,구포동 1197-36
2024-12-31,15:05:38,부과,덕천동 590-8
2024-12-31,15:34:07,비부과,덕천동 462
2024-12-31,15:35:11,부과,구포동 1197-36
2024-12-31,16:15:18,부과,덕천동 387-6
2024-12-31,16:15:34,부과,구포동 1197-34
2024-12-31,16:41:48,부과,덕천동 810
2024-12-31,16:59:15,비부과,만덕동 302-1
2024-12-31,18:36:18,부과,구포동 1137
2024-12-31,18:54:09,부과,만덕동 305-1
2024-12-31,19:10:09,부과,구포동 1197-35
2024-12-31,19:47:29,부과,만덕동 598-6
2024-12-31,20:20:50,비부과,덕천동 561-1
2024-12-31,20:30:50,부과,덕천동 561-1
2024-12-31,20:33:15,부과,덕천동 561-1
2024-12-31,21:15:51,비부과,구포동 1060-334
2024-12-31,21:24:23,부과,만덕동 759-25
2024-12-31,21:26:41,부과,만덕동 760-3
2024-12-31,22:50:52,부과,화명동 2257
